"ID","Description","GeneRatio","BgRatio","RichFactor","FoldEnrichment","zScore","pvalue","p.adjust","qvalue","geneID","Count"
"GO:0016071","mRNA metabolic process","100/1978","474/18773",0.210970464135021,2.00229955672738,7.58492765538591,6.77488753005826e-12,1.94913514239776e-08,1.72438716291378e-08,"cpsf6/ik/cdc40/isy1/bcas2/pelo/trnau1apb/dhx38/patl1/exosc8/u2af2a/exosc6/fxr1/rbm5/prpf8/sb:cb81/hnrnpa0a/cnot2/sde2/khdrbs1b/txnl4a/cdk12/zgc:158803/upf3b/tnrc6c1/pum1/cnot6a/yju2/snrpg/pqbp1/hnrnpul1/cstf3/prkrip1/ddx46/rbm4.2/cnot9/hnrnpk/cnot6b/thoc1/rprd2a/gemin8/srsf10b/dcps/samd4a/cnot3a/crnkl1/tssc4/fmr1/srsf2b/ssu72/sltm/cfap410/rbm4.3/exosc5/sf3b5/prpf18/rest/si:ch211-107m4.1/cwc25/dhx16/igf2bp2b/nsrp1/bud13/sf3b6/ptbp2b/cnot3b/srsf5b/sf3a1/slbp/pum2/srrm2/dicer1/ddx23/paxbp1/rbm6/virma/lsm3/srsf1b/cstf2/pnrc2/srek1ip1/celf1/tra2b/nudt21/ago3b/usp39/zgc:77262/hnrnpul1l/scaf11/prpf4bb/larp7/casc3/dhx37/cstf1/arglu1a/lsm4/zfp36l1b/zcrb1/qkia/dhx9",100
"GO:0006397","mRNA processing","76/1978","334/18773",0.227544910179641,2.15960596501638,7.33826522439738,5.81095579142967e-11,8.35905990597158e-08,7.3952058440405e-08,"cpsf6/ik/cdc40/isy1/bcas2/trnau1apb/dhx38/u2af2a/rbm5/prpf8/sde2/khdrbs1b/txnl4a/cdk12/zgc:158803/yju2/snrpg/pqbp1/hnrnpul1/cstf3/prkrip1/ddx46/rbm4.2/hnrnpk/thoc1/rprd2a/gemin8/srsf10b/dcps/crnkl1/tssc4/fmr1/srsf2b/ssu72/sltm/cfap410/rbm4.3/sf3b5/prpf18/rest/si:ch211-107m4.1/cwc25/dhx16/nsrp1/bud13/sf3b6/ptbp2b/srsf5b/sf3a1/slbp/srrm2/ddx23/paxbp1/rbm6/virma/lsm3/srsf1b/cstf2/srek1ip1/celf1/tra2b/nudt21/usp39/zgc:77262/hnrnpul1l/scaf11/prpf4bb/larp7/casc3/dhx37/cstf1/arglu1a/lsm4/zcrb1/qkia/dhx9",76
"GO:0048193","Golgi vesicle transport","50/1978","186/18773",0.268817204301075,2.55131717712037,7.29677300880059,2.78544342546992e-10,2.67124024502565e-07,2.3632288430829e-07,"snx12/cog4/ap1ar/exoc6/tfg/rab41/exoc1/tmed7/gosr2/copb1/sec23a/dop1b/snx1a/trappc3/kdelr2a/uso1/tex261/tmed2/trappc2l/sec22a/ap1g1/rabggtb/pef1/arcn1b/ccdc93/mia2/tmed3/cnstb/vps51/arfgap2/ankfy1/trappc4/snx3/stx5al/lman1/stx18/mia3/copa/rabif/exoc4/ap3s2/cog2/kdelr3/trappc2/rab14/trip11/ergic3/zgc:63863/golga7/blzf1",50
"GO:0008380","RNA splicing","71/1978","320/18773",0.221875,2.10579341506572,6.84689881813477,8.04991683381613e-10,5.78990268272225e-07,5.12228918530721e-07,"mbnl2/ik/cdc40/isy1/rtraf/bcas2/trnau1apb/dhx38/rtcb/u2af2a/rbm5/prpf8/tsen2/sde2/khdrbs1b/txnl4a/cdk12/zgc:158803/yju2/snrpg/pqbp1/hnrnpul1/prkrip1/ddx46/rbm4.2/hnrnpk/thoc1/gemin8/srsf10b/tsen34/crnkl1/tssc4/fmr1/srsf2b/cfap410/rbm4.3/sf3b5/prpf18/rest/si:ch211-107m4.1/cwc25/dhx16/nsrp1/bud13/sf3b6/ptbp2b/srsf5b/sf3a1/ddx23/paxbp1/rbm6/virma/lsm3/srsf1b/hnrnph1l/srek1ip1/celf1/zbtb8os/tra2b/usp39/zgc:77262/hnrnpul1l/scaf11/prpf4bb/larp7/casc3/dhx37/arglu1a/lsm4/zcrb1/qkia",71
"GO:0000375","RNA splicing, via transesterification reactions","55/1978","238/18773",0.23109243697479,2.19327518671776,6.35786358690592,1.44568802092943e-08,5.94177776601997e-06,5.25665208211635e-06,"ik/cdc40/isy1/bcas2/trnau1apb/dhx38/u2af2a/prpf8/sde2/khdrbs1b/txnl4a/zgc:158803/yju2/snrpg/pqbp1/hnrnpul1/ddx46/rbm4.2/hnrnpk/gemin8/srsf10b/crnkl1/tssc4/srsf2b/cfap410/rbm4.3/sf3b5/prpf18/rest/si:ch211-107m4.1/cwc25/nsrp1/bud13/sf3b6/srsf5b/sf3a1/ddx23/paxbp1/rbm6/lsm3/srsf1b/celf1/tra2b/usp39/zgc:77262/hnrnpul1l/scaf11/prpf4bb/larp7/casc3/dhx37/arglu1a/lsm4/zcrb1/qkia",55
"GO:0000377","RNA splicing, via transesterification reactions with bulged adenosine as nucleophile","55/1978","238/18773",0.23109243697479,2.19327518671776,6.35786358690592,1.44568802092943e-08,5.94177776601997e-06,5.25665208211635e-06,"ik/cdc40/isy1/bcas2/trnau1apb/dhx38/u2af2a/prpf8/sde2/khdrbs1b/txnl4a/zgc:158803/yju2/snrpg/pqbp1/hnrnpul1/ddx46/rbm4.2/hnrnpk/gemin8/srsf10b/crnkl1/tssc4/srsf2b/cfap410/rbm4.3/sf3b5/prpf18/rest/si:ch211-107m4.1/cwc25/nsrp1/bud13/sf3b6/srsf5b/sf3a1/ddx23/paxbp1/rbm6/lsm3/srsf1b/celf1/tra2b/usp39/zgc:77262/hnrnpul1l/scaf11/prpf4bb/larp7/casc3/dhx37/arglu1a/lsm4/zcrb1/qkia",55
"GO:0000398","mRNA splicing, via spliceosome","55/1978","238/18773",0.23109243697479,2.19327518671776,6.35786358690592,1.44568802092943e-08,5.94177776601997e-06,5.25665208211635e-06,"ik/cdc40/isy1/bcas2/trnau1apb/dhx38/u2af2a/prpf8/sde2/khdrbs1b/txnl4a/zgc:158803/yju2/snrpg/pqbp1/hnrnpul1/ddx46/rbm4.2/hnrnpk/gemin8/srsf10b/crnkl1/tssc4/srsf2b/cfap410/rbm4.3/sf3b5/prpf18/rest/si:ch211-107m4.1/cwc25/nsrp1/bud13/sf3b6/srsf5b/sf3a1/ddx23/paxbp1/rbm6/lsm3/srsf1b/celf1/tra2b/usp39/zgc:77262/hnrnpul1l/scaf11/prpf4bb/larp7/casc3/dhx37/arglu1a/lsm4/zcrb1/qkia",55
"GO:0032446","protein modification by small protein conjugation","85/1978","472/18773",0.180084745762712,1.70916629535055,5.35500755348914,5.17120844728219e-07,0.000166228853404782,0.000147061583715772,"mdm4/anapc11/ndfip1l/asb7/rnf25/chfr/ufc1/mkrn1/sae1/rnf170/rnf213a/dtx2/msl2b/trim3a/cdc34a/dcun1d1/mgrn1b/fbxo22/ube2a/ube2h/cul2/cdc26/spoplb/ube2l3a/dcun1d5/rnf126/rnf220a/uba5/rfwd3/vhl/pef1/hecw2a/socs3b/sumo1/msl2a/spop/rnf20/hectd1/trip12/socs3a/rnf144ab/ddb2/trim71/fbxo45/mgrn1a/cul1a/cul3b/traf6/rnf168/fbxw7/cul5a/traf2b/ubb/zbtb16a/ube2v1/tnfaip1/pias4a/ube2d2l/ube2e2/uba2/crbn/ufm1/ndfip1/arih1l/cnot4b/sumo2b/traf7/klhl20/rnf6/fbxo25/fzr1a/rnf44/rbx1/rnf181/asb4/ube2r2/ndfip2/ube3a/nedd8/asb12a/mycbp2/fbxl15/mylipa/wdr32/rnf144b",85
"GO:0007034","vacuolar transport","29/1978","103/18773",0.281553398058252,2.67219511716257,5.83998614317754,5.20006840682322e-07,0.000166228853404782,0.000147061583715772,"snapin/ndfip1l/rab7a/mgrn1b/tmem50a/vps36/ap1g1/chmp6b/igf2r/mgrn1a/vps51/vps13a/ankfy1/chmp2bb/chmp5b/ap3s2/sybl1/vps8/arl8ba/ndfip1/vps25/stam/becn1/vipas39/ndfip2/vta1/vps28/zgc:100918/mvb12a",29
"GO:0006886","intracellular protein transport","73/1978","388/18773",0.188144329896907,1.78565900159486,5.36656691332475,6.04096124583302e-07,0.000167035771708575,0.0001477754590825,"hikeshi/arf1/stxbp2/snapin/stx12/ap1b1/exoc6/os9/rab41/oaz1a/tmed7/copb1/sec23a/si:ch211-266g18.9/snx11/fam53b/uso1/pttg1ipb/clta/ap4s1/ipo8/tmed2/vps36/kpnb3/ap1g1/arl11/arf5/rab18b/selenos/erbin/wls/sh3tc2/tmed3/vps26b/vps26a/vps29/vps13a/erlec1/stx2a/timm10/fam91a1/ap4b1/ap2a1/stx5al/stx18/arl4ab/tnpo1/rab5aa/copa/stx3a/ap3b1a/nup35/rab5ab/ap1s3b/rab18a/ap3s2/vps8/vps35/rilpl2/rab14/vps25/pex5/stam/stx16/arfip2a/vipas39/rab21/vps28/ap2m1a/pex3/cse1l/vps26c/tpra",73
"GO:0019941","modification-dependent protein catabolic process","78/1978","424/18773",0.183962264150943,1.74596743422935,5.33181422144315,6.38649109765147e-07,0.000167035771708575,0.0001477754590825,"sirt2/anapc11/ndfip1l/rnf25/chfr/rnf13/psmd11b/elocb/rnf213a/psmd4a/trim3a/cdc34a/trpc4apa/fbxo22/psmc6/ufd1l/psmc5/ube2a/ube2h/psmd6/cul2/cdc26/spoplb/ube2l3a/styx/vps36/hecw2a/klhl4/spop/hectd1/trip12/rnf144ab/trim71/rnf4/psmd11a/fbxo45/cul1a/cul3b/psma8/rnf168/usp25/cul5a/gsk3ab/psmc3/psmc2/ubb/rffl/tnfaip1/rnf167/amn1/ube2d2l/crbn/pdcd7/ndfip1/arih1l/psma1/psmd4b/vps25/klhl41b/itchb/klhl20/rnf6/fzr1a/stam/rbx1/psma6b/ube2r2/ndfip2/ube3a/vps28/nedd8/psmc1a/psmb3/fbxl3a/fbxl15/mylipa/psmc1b/rnf144b",78
"GO:0043632","modification-dependent macromolecule catabolic process","78/1978","426/18773",0.183098591549296,1.7377704040217,5.28593612352568,7.73911401208267e-07,0.000185545258439682,0.000164150681414175,"sirt2/anapc11/ndfip1l/rnf25/chfr/rnf13/psmd11b/elocb/rnf213a/psmd4a/trim3a/cdc34a/trpc4apa/fbxo22/psmc6/ufd1l/psmc5/ube2a/ube2h/psmd6/cul2/cdc26/spoplb/ube2l3a/styx/vps36/hecw2a/klhl4/spop/hectd1/trip12/rnf144ab/trim71/rnf4/psmd11a/fbxo45/cul1a/cul3b/psma8/rnf168/usp25/cul5a/gsk3ab/psmc3/psmc2/ubb/rffl/tnfaip1/rnf167/amn1/ube2d2l/crbn/pdcd7/ndfip1/arih1l/psma1/psmd4b/vps25/klhl41b/itchb/klhl20/rnf6/fzr1a/stam/rbx1/psma6b/ube2r2/ndfip2/ube3a/vps28/nedd8/psmc1a/psmb3/fbxl3a/fbxl15/mylipa/psmc1b/rnf144b",78
"GO:0006511","ubiquitin-dependent protein catabolic process","76/1978","414/18773",0.183574879227053,1.74229080269437,5.24116885291506,9.63912192557044e-07,0.000213321182922047,0.000188723860858537,"sirt2/anapc11/ndfip1l/rnf25/chfr/rnf13/psmd11b/elocb/rnf213a/psmd4a/trim3a/cdc34a/trpc4apa/fbxo22/psmc6/ufd1l/psmc5/ube2a/ube2h/psmd6/cul2/cdc26/spoplb/ube2l3a/styx/vps36/hecw2a/klhl4/spop/hectd1/trip12/rnf144ab/trim71/rnf4/psmd11a/fbxo45/cul1a/cul3b/psma8/rnf168/usp25/cul5a/gsk3ab/psmc3/psmc2/rffl/tnfaip1/rnf167/amn1/ube2d2l/crbn/pdcd7/ndfip1/arih1l/psma1/psmd4b/vps25/klhl41b/itchb/klhl20/rnf6/fzr1a/stam/rbx1/psma6b/ube2r2/ndfip2/ube3a/vps28/psmc1a/psmb3/fbxl3a/fbxl15/mylipa/psmc1b/rnf144b",76
"GO:0016236","macroautophagy","32/1978","129/18773",0.248062015503876,2.35433175786363,5.29698548334568,2.9405047240539e-06,0.000604273720793077,0.000534597024267845,"gabarapa/stx12/ufc1/rnf213a/snx7/zgc:92606/tex264a/vmp1/tp53inp1/si:ch211-260e23.9/atg4c/atp2a2b/sesn3/sqstm1/wipi1/map1lc3a/rab3gap2/atg3/hdac10/spns1/tbc1d14/atg13/scoca/arl8ba/nipsnap3a/atg16l1/ufm1/sesn1/becn1/mfsd8/atg101/zgc:101559",32
"GO:0040029","epigenetic regulation of gene expression","30/1978","120/18773",0.25,2.37272497472194,5.17700071935327,5.00730727397943e-06,0.000960401535149255,0.000849660981647878,"sirt2/apex1/baz1a/hat1/pphln1/trip12/atad2b/smarcad1b/nsd1b/unga/mettl23/hdac10/tet1/nrde2/lmnb1/dnmt1/kdm1a/dnmt3bb.1/h2ax/bmi1b/dicer1/sirt1/sirt4/lmna/atf7ip/h2ax1/phf2/vps72a/hdac3/tasor2",30
"GO:0009968","negative regulation of signal transduction","81/1978","470/18773",0.172340425531915,1.63566572725513,4.78955316009977,5.54686826758159e-06,0.000997396250364514,0.000882389965198176,"tnfaip8l1/hyou1/rnf213a/neurl1aa/apc/lzts2a/eya3/sh3bp4a/dlc/mgrn1b/castor2/rasip1/bambib/kif7/tcima/phf14/zmynd11/yju2/tnip1/gatad2b/otud5a/dusp7/pik3ip1/bambia/vhl/cnot9/tle3a/spry2/inppl1a/socs3b/kank2/lztfl1/aida/sox11a/dusp6/vasnb/socs3a/sesn3/mgrn1a/amer1/ppm1bb/lgals3b/si:ch211-121a2.2/fbxw7/tmem88b/nck1a/gsk3ab/arhgap17b/zgpat/tegt/bcl2l1/dab2/nradd/rffl/tnfaip1/pias4a/arnt/nfkbil1/rest/otud4/eya1/plekha1a/foxo3b/nomo/nrros/nfkbiaa/skib/rerea/sesn1/tsc2/spred1/grk5l/dlg5b.1/snx13/phactr4b/eya4/wdr91/slmapa/ldb2a/ajuba/araf",81
"GO:0006888","endoplasmic reticulum to Golgi vesicle-mediated transport","24/1978","89/18773",0.269662921348315,2.5593437929585,5.06034774277324,1.09509602509729e-05,0.00185328897894406,0.00163959268649241,"tfg/tmed7/copb1/sec23a/trappc3/uso1/tex261/tmed2/trappc2l/sec22a/rabggtb/pef1/arcn1b/mia2/tmed3/trappc4/stx5al/lman1/mia3/copa/trappc2/trip11/ergic3/zgc:63863",24
"GO:0016567","protein ubiquitination","74/1978","429/18773",0.172494172494172,1.63712492428367,4.58125675691371,1.34724971258875e-05,0.00215335412395435,0.00190505836552023,"mdm4/anapc11/ndfip1l/asb7/rnf25/chfr/mkrn1/rnf170/rnf213a/dtx2/msl2b/trim3a/cdc34a/mgrn1b/fbxo22/ube2a/ube2h/cul2/cdc26/spoplb/ube2l3a/rnf126/rnf220a/rfwd3/vhl/pef1/hecw2a/socs3b/msl2a/spop/rnf20/hectd1/trip12/socs3a/rnf144ab/ddb2/trim71/fbxo45/mgrn1a/cul1a/cul3b/traf6/rnf168/fbxw7/cul5a/traf2b/ubb/zbtb16a/ube2v1/tnfaip1/ube2d2l/ube2e2/crbn/ndfip1/arih1l/cnot4b/traf7/klhl20/rnf6/fbxo25/fzr1a/rnf44/rbx1/rnf181/asb4/ube2r2/ndfip2/ube3a/asb12a/mycbp2/fbxl15/mylipa/wdr32/rnf144b",74
"GO:0016197","endosomal transport","38/1978","178/18773",0.213483146067416,2.02614716942548,4.72063012591261,1.68490005128846e-05,0.00221674547650417,0.00196114028216054,"snx12/rab41/si:ch211-11k18.4/snx7/snx1a/rab7a/washc2c/tbc1d5/rab11fip3/tmem50a/vps36/snx5/chmp6b/nf2b/eps15/erbin/vps26b/vps26a/vps29/vps51/ankfy1/snx3/chmp2bb/wash1/chmp5b/rgp1/rab35b/vps35/tbc1d17/rab14/vps25/stam/becn1/nsg2/vta1/wdr91/vps28/mvb12a",38
"GO:0010648","negative regulation of cell communication","81/1978","484/18773",0.167355371900826,1.58835308225188,4.50032777495265,1.68796883112442e-05,0.00221674547650417,0.00196114028216054,"tnfaip8l1/hyou1/rnf213a/neurl1aa/apc/lzts2a/eya3/sh3bp4a/dlc/mgrn1b/castor2/rasip1/bambib/kif7/tcima/phf14/zmynd11/yju2/tnip1/gatad2b/otud5a/dusp7/pik3ip1/bambia/vhl/cnot9/tle3a/spry2/inppl1a/socs3b/kank2/lztfl1/aida/sox11a/dusp6/vasnb/socs3a/sesn3/mgrn1a/amer1/ppm1bb/lgals3b/si:ch211-121a2.2/fbxw7/tmem88b/nck1a/gsk3ab/arhgap17b/zgpat/tegt/bcl2l1/dab2/nradd/rffl/tnfaip1/pias4a/arnt/nfkbil1/rest/otud4/eya1/plekha1a/foxo3b/nomo/nrros/nfkbiaa/skib/rerea/sesn1/tsc2/spred1/grk5l/dlg5b.1/snx13/phactr4b/eya4/wdr91/slmapa/ldb2a/ajuba/araf",81
"GO:0023057","negative regulation of signaling","81/1978","484/18773",0.167355371900826,1.58835308225188,4.50032777495265,1.68796883112442e-05,0.00221674547650417,0.00196114028216054,"tnfaip8l1/hyou1/rnf213a/neurl1aa/apc/lzts2a/eya3/sh3bp4a/dlc/mgrn1b/castor2/rasip1/bambib/kif7/tcima/phf14/zmynd11/yju2/tnip1/gatad2b/otud5a/dusp7/pik3ip1/bambia/vhl/cnot9/tle3a/spry2/inppl1a/socs3b/kank2/lztfl1/aida/sox11a/dusp6/vasnb/socs3a/sesn3/mgrn1a/amer1/ppm1bb/lgals3b/si:ch211-121a2.2/fbxw7/tmem88b/nck1a/gsk3ab/arhgap17b/zgpat/tegt/bcl2l1/dab2/nradd/rffl/tnfaip1/pias4a/arnt/nfkbil1/rest/otud4/eya1/plekha1a/foxo3b/nomo/nrros/nfkbiaa/skib/rerea/sesn1/tsc2/spred1/grk5l/dlg5b.1/snx13/phactr4b/eya4/wdr91/slmapa/ldb2a/ajuba/araf",81
"GO:0006338","chromatin remodeling","52/1978","273/18773",0.19047619047619,1.807790456931,4.61394687589683,1.69511298168549e-05,0.00221674547650417,0.00196114028216054,"sirt2/h1-0/apex1/znhit1/cecr2/baz1a/nasp/actl6a/hat1/pphln1/ino80b/brdt/trip12/nap1l4a/atad2b/hcfc1b/kdm4ab/kdm2aa/smarcad1b/rnf168/prmt1/nsd1b/unga/mettl23/hdac10/srcap/tet1/nrde2/lmnb1/dnmt1/kdm1a/dnmt3bb.1/arid1ab/h2ax/bmi1b/dicer1/npm1b/sirt1/chaf1b/hcfc1a/supt6h/sirt4/lmna/chd1l/atf7ip/h2ax1/phf2/vps72a/psip1a/hdac3/atrxl/tasor2",52
"GO:0051246","regulation of protein metabolic process","76/1978","448/18773",0.169642857142857,1.61006337570417,4.48508193376062,1.88648324989957e-05,0.00232527116195046,0.00205715224908849,"sirt2/eif4ebp1/oaz2a/ndfip1l/rtraf/oaz1a/appb/pkig/rmnd1/trim3a/ptcd3/fxr1/fbxo22/hip1/ssb/prrc1/upf3b/tnrc6c1/spoplb/styx/diablob/prkar2aa/brat1/aurkaip1/eif4ea/gcn1/cnot9/pef1/aida/spop/dap/psen1/prkar1ab/samd4a/diabloa/rnft2/pycard/nck1a/eif1axb/fmr1/mettl5/gsk3ab/traf2b/zgpat/prkar1aa/bcl2l1/hdac10/caprin1b/eif4enif1/dhx29/baxb/cnot11/eif4e3/rb1/bbc3/ndfip1/lamtor5/serpinf1/serpinb14/traf7/serpine1/atraid/fzr1a/si:ch211-178n15.1/wfikkn1/becn1/ago3b/smo/ndfip2/guf1/ube3a/eif4ebp3/casc3/nedd8/paip2b/qkia",76
"GO:0051247","positive regulation of protein metabolic process","33/1978","147/18773",0.224489795918367,2.13061018138297,4.7226979736668,2.01575497065848e-05,0.00232527116195046,0.00205715224908849,"sirt2/oaz2a/ndfip1l/oaz1a/rmnd1/fxr1/fbxo22/hip1/ssb/prrc1/upf3b/diablob/brat1/aurkaip1/pef1/diabloa/rnft2/pycard/nck1a/fmr1/mettl5/gsk3ab/traf2b/dhx29/baxb/rb1/bbc3/ndfip1/fzr1a/si:ch211-178n15.1/becn1/ndfip2/guf1",33
"GO:0006325","chromatin organization","66/1978","375/18773",0.176,1.67039838220425,4.50030239089358,2.02056931000214e-05,0.00232527116195046,0.00205715224908849,"sirt2/h1-0/apex1/kmt2ca/znhit1/cecr2/baz1a/nasp/ubn2b/actl6a/hat1/pphln1/ino80b/rnf20/brdt/trip12/nap1l4a/atad2b/hcfc1b/kdm4ab/kdm2aa/smarcad1b/rnf168/prmt1/dnajc2/nsd1b/unga/rbl1/ssrp1a/mettl23/hdac10/srcap/tet1/hdac5/nrde2/smarcad1a/asf1bb/lmnb1/dnmt1/kdm1a/dnmt3bb.1/arid1ab/h2ax/bag6/bmi1b/dicer1/npm1b/sirt1/chaf1b/hcfc1a/ash1l/ddx11/supt6h/meaf6/sirt4/lmna/chd1l/atf7ip/babam2/h2ax1/phf2/vps72a/psip1a/hdac3/atrxl/tasor2",66
"GO:0006914","autophagy","46/1978","235/18773",0.195744680851064,1.85779317169718,4.54112534278508,2.50274744553288e-05,0.00266681644474003,0.00235931513578889,"sirt2/gabarapa/stx12/ufc1/rnf213a/snx7/si:ch211-266g18.9/sh3bp4a/zgc:92606/tex264a/vmp1/tp53inp1/si:ch211-260e23.9/lars1b/atg4c/atp2a2b/sesn3/sqstm1/wipi1/dap/vps13a/psen2/bcas3/map1lc3a/ctns/gsk3ab/rab3gap2/dram2b/atg3/hdac10/spns1/tbc1d14/trim32/pink1/atg13/scoca/arl8ba/nipsnap3a/atg16l1/ufm1/sesn1/ulk1a/becn1/mfsd8/atg101/zgc:101559",46
"GO:0061919","process utilizing autophagic mechanism","46/1978","235/18773",0.195744680851064,1.85779317169718,4.54112534278508,2.50274744553288e-05,0.00266681644474003,0.00235931513578889,"sirt2/gabarapa/stx12/ufc1/rnf213a/snx7/si:ch211-266g18.9/sh3bp4a/zgc:92606/tex264a/vmp1/tp53inp1/si:ch211-260e23.9/lars1b/atg4c/atp2a2b/sesn3/sqstm1/wipi1/dap/vps13a/psen2/bcas3/map1lc3a/ctns/gsk3ab/rab3gap2/dram2b/atg3/hdac10/spns1/tbc1d14/trim32/pink1/atg13/scoca/arl8ba/nipsnap3a/atg16l1/ufm1/sesn1/ulk1a/becn1/mfsd8/atg101/zgc:101559",46
"GO:0016482","cytosolic transport","19/1978","66/18773",0.287878787878788,2.73222875877072,4.83786284177602,3.28389547229937e-05,0.00334200022029367,0.00295664582356259,"snx12/ap1ar/rab41/dop1b/snx1a/washc2c/tbc1d5/snx5/vps26b/vps26a/vps29/vps51/ankfy1/snx3/wash1/rgp1/vps35/tbc1d17/rab14",19
"GO:0141188","nucleic acid catabolic process","39/1978","190/18773",0.205263157894737,1.94813208450854,4.5078156040717,3.36871763602769e-05,0.00334200022029367,0.00295664582356259,"pelo/patl1/exosc8/exosc6/fxr1/sb:cb81/hnrnpa0a/cnot2/upf3b/tnrc6c1/pum1/cnot6a/endog/cnot9/cnot6b/dcps/samd4a/cnot3a/fmr1/rnaseh2b/rnaset2/exosc5/nrde2/igf2bp2b/cnot3b/pum2/dicer1/wdr82/dffa/pnrc2/rnaseh2c/celf1/ago3b/mtrex/casc3/lsm4/zfp36l1b/qkia/dnase1l1",39
"GO:0010498","proteasomal protein catabolic process","59/1978","333/18773",0.177177177177177,1.68157085295609,4.30656573341018,4.46639924499652e-05,0.00428327687595167,0.00378938714891284,"sirt2/calr/anapc11/os9/sel1l/psme4b/calr3a/man1a1/psmd4a/trim3a/fbxo22/psmc6/calr3b/ufd1l/psmc5/ube2a/tmub2/psmd6/cul2/cdc26/spoplb/hsp90b1/styx/selenos/klhl4/spop/hectd1/trim71/rnf4/fbxo45/cul1a/hspa5/erlec1/psma8/rnft2/usp25/cul5a/gsk3ab/psmc3/psmc2/rffl/tnfaip1/amn1/bag6/crbn/psma1/psmd4b/traf7/klhl41b/itchb/klhl20/fzr1a/uggt2/psma6b/psmc1a/psmb3/fbxl3a/fbxl15/psmc1b",59
"GO:0006399","tRNA metabolic process","35/1978","167/18773",0.209580838323353,1.98911075725193,4.40610725520596,5.32971035076238e-05,0.00494631505778818,0.004375972709047,"gars1/rtraf/dus2/sars1/tyw1/rtcb/vars1/exosc8/thumpd2/tsen2/aars1/dus3l/hars/ssb/rars1/lars1b/eprs1/thg1l/tsen34/mettl2a/thumpd3/nars1/cars1/trmt13/farsb/thada/nat10/prorp/polr2l/cdkal1/zbtb8os/polr3d/nsun2/zgc:171971/trmt12",35
"GO:0034976","response to endoplasmic reticulum stress","30/1978","135/18773",0.222222222222222,2.1090888664195,4.4382523174469,5.75169563636969e-05,0.00517113385807363,0.00457486843708616,"calr/ufc1/os9/sel1l/calr3a/man1a1/psmc6/calr3b/ufd1l/cdipt/tmub2/hsp90b1/selenos/mia2/hspa5/erlec1/rnft2/nck1a/tmbim4/mia3/pdia4/tmtc4/pdia7/bag6/bbc3/ufm1/sigmar1/uggt2/tp63/parp16",30
"GO:0042147","retrograde transport, endosome to Golgi","16/1978","53/18773",0.30188679245283,2.86517732796612,4.6664170763646,7.20774320287678e-05,0.0062838415741444,0.00555927370480257,"snx12/rab41/snx1a/washc2c/tbc1d5/snx5/vps26b/vps26a/vps29/vps51/ankfy1/snx3/wash1/rgp1/vps35/tbc1d17",16
"GO:0006401","RNA catabolic process","36/1978","177/18773",0.203389830508475,1.93035252180768,4.26778778331391,8.08956416148635e-05,0.0068451988507636,0.0060559028304873,"pelo/patl1/exosc8/exosc6/fxr1/sb:cb81/hnrnpa0a/cnot2/upf3b/tnrc6c1/pum1/cnot6a/cnot9/cnot6b/dcps/samd4a/cnot3a/fmr1/rnaseh2b/rnaset2/exosc5/nrde2/igf2bp2b/cnot3b/pum2/dicer1/wdr82/pnrc2/rnaseh2c/celf1/ago3b/mtrex/casc3/lsm4/zfp36l1b/qkia",36
"GO:0006281","DNA repair","59/1978","341/18773",0.173020527859238,1.64212051036475,4.10663319304619,8.89894596121327e-05,0.00714013039312236,0.00631682684469197,"smc5/apex1/ppp4ca/psme4b/ino80db/pold3/eya3/tex264a/ube2a/mre11a/rfwd3/vhl/mbd4/trip12/nipblb/ddb2/rfc2/smek1/smarcad1b/rnf168/pold1/parp1/unga/actr2a/kat5b/ssrp1a/rad9a/actr2b/msh6/pcna/ube2v1/mcm2/lig3/pias4a/mgme1/smarcad1a/prkdc/eya1/zgc:112496/h2ax/mlh3/sprtn/fto/ints3/fancd2/rad51/pnkp/ddx11/ercc5/timeless/chd1l/eya4/nucks1a/babam2/mcm3/parp3/top3a/mcm5/alkbh3",59
"GO:0045454","cell redox homeostasis","9/1978","20/18773",0.45,4.27090495449949,5.02256953404609,8.93446973070577e-05,0.00714013039312236,0.00631682684469197,"txnrd3/prdx3/prdx6/txn2/abcc2/prdx1/selenot2/krit1/gclc",9
"GO:0007033","vacuole organization","26/1978","114/18773",0.228070175438596,2.16459120500949,4.28016155328197,0.000111219930198523,0.00864810105895005,0.00765091866913314,"gabarapa/snapin/stx12/zgc:92606/rab7a/vmp1/tp53inp1/si:ch211-260e23.9/atg4c/cln6a/atp2a2b/wipi1/atp6v1e1b/map1lc3a/atg3/tbc1d14/atg13/atg16l1/rab14/atp6v0ca/krit1/becn1/mfsd8/atg101/zgc:100918/zgc:101559",26
"GO:0010629","negative regulation of gene expression","71/1978","436/18773",0.162844036697248,1.54553645142438,3.95531693597229,0.000130663963821735,0.00978132938871732,0.0086534783901061,"sirt2/eif4ebp1/pelo/sars1/apc/baz1a/trim3a/patl1/exosc8/exosc6/fxr1/sb:cb81/hnrnpa0a/cnot2/upf3b/tnrc6c1/pum1/cnot6a/hat1/pphln1/cnot9/prdm1a/cnot6b/trip12/dap/dcps/ascl1a/lgals9l3/samd4a/smarcad1b/cnot3a/eif1axb/nsd1b/unga/fmr1/mov10a/caprin1b/exosc5/pias4a/ddx3xb/rest/nrde2/eif4enif1/igf2bp2b/lmnb1/dnmt1/cnot11/dnmt3bb.1/h2ax/cnot3b/bmi1b/pum2/dicer1/sirt1/pnrc2/serpine1/celf1/eri1/ago3b/lmna/ddx3xa/eif4ebp3/casc3/atf7ip/h2ax1/phf2/lsm4/zfp36l1b/paip2b/qkia/tasor2",71
"GO:1902532","negative regulation of intracellular signal transduction","37/1978","188/18773",0.196808510638298,1.86788987371727,4.1043149109244,0.000132593620493561,0.00978132938871732,0.0086534783901061,"tnfaip8l1/hyou1/sh3bp4a/mgrn1b/castor2/rasip1/yju2/tnip1/dusp7/pik3ip1/vhl/cnot9/spry2/kank2/aida/dusp6/sesn3/mgrn1a/si:ch211-121a2.2/nck1a/gsk3ab/arhgap17b/bcl2l1/tnfaip1/arnt/nfkbil1/plekha1a/nfkbiaa/sesn1/tsc2/spred1/grk5l/dlg5b.1/wdr91/slmapa/ajuba/araf",37
"GO:0006595","polyamine metabolic process","8/1978","17/18773",0.470588235294118,4.46630583477071,4.90681449083342,0.00015170078976657,0.0109110793039606,0.00965296078040965,"smox/oaz1a/sms/dhps/sat1a.2/sat1b/hdac10/odc1",8
"GO:0045814","negative regulation of gene expression, epigenetic","21/1978","87/18773",0.241379310344828,2.29090687214532,4.14166319971311,0.000214209248306683,0.0150312196921543,0.0132980221413494,"sirt2/baz1a/hat1/pphln1/trip12/smarcad1b/nsd1b/unga/nrde2/lmnb1/dnmt1/dnmt3bb.1/h2ax/bmi1b/dicer1/sirt1/lmna/atf7ip/h2ax1/phf2/tasor2",21
"GO:0043085","positive regulation of catalytic activity","21/1978","88/18773",0.238636363636364,2.26487383950731,4.08150570384515,0.000253816385278527,0.0164321288439219,0.0145373973417497,"srgap2/hip1/ralgapa2/chn1/prrc1/aph1b/diablob/diabloa/pycard/arhgap17b/traf2b/baxb/ralgapa1/rb1/bbc3/tsc2/fzr1a/becn1/phactr4b/asap2a/zgc:63863",21
"GO:0032784","regulation of DNA-templated transcription elongation","10/1978","27/18773",0.37037037037037,3.51514811069917,4.48817262708424,0.000257019742084285,0.0164321288439219,0.0145373973417497,"ell2/ccnt1/cdk12/zmynd11/nelfcd/nelfe/rnf168/wdr82/supt6h/nelfb",10
"GO:0043281","regulation of cysteine-type endopeptidase activity involved in apoptotic process","10/1978","27/18773",0.37037037037037,3.51514811069917,4.48817262708424,0.000257019742084285,0.0164321288439219,0.0145373973417497,"hip1/diablob/diabloa/pycard/bcl2l1/baxb/rb1/bbc3/lamtor5/becn1",10
"GO:0045324","late endosome to vacuole transport","10/1978","27/18773",0.37037037037037,3.51514811069917,4.48817262708424,0.000257019742084285,0.0164321288439219,0.0145373973417497,"tmem50a/vps36/chmp6b/chmp2bb/chmp5b/vps25/stam/becn1/vta1/vps28",10
"GO:0090287","regulation of cellular response to growth factor stimulus","33/1978","167/18773",0.197604790419162,1.87544728540896,3.8997802900331,0.000275524330436866,0.0172322499710188,0.0152452592905342,"lzts2a/tll1/ext2/nrp2a/fstl1b/bambib/zmynd11/tgif1/bambia/vhl/spry2/inppl1a/dusp6/vasnb/cnpy1/cd63/ppm1bb/cemip2/dab2/pink1/nrros/skib/rerea/fstl1a/spred1/smad9/flcn/acvr1l/nrp2b/ldb2a/smad5/fbxl15/tsc22d3",33
"GO:0006367","transcription initiation at RNA polymerase II promoter","13/1978","43/18773",0.302325581395349,2.8693418298963,4.21145801648397,0.00033220673034945,0.0203352928343695,0.0179905010970878,"apex1/psmc6/taf7/atad2b/taf6/taf11/med24/med18/ccnh/sub1b/phf2/vps72a/gtf2b",13
"GO:0032509","endosome transport via multivesicular body sorting pathway","10/1978","28/18773",0.357142857142857,3.38960710674563,4.34251379545648,0.000362296799406367,0.0211021523346776,0.0186689367013338,"tmem50a/vps36/chmp6b/chmp2bb/chmp5b/vps25/stam/vta1/vps28/mvb12a",10
"GO:0006974","DNA damage response","72/1978","459/18773",0.156862745098039,1.48876861159024,3.63828284074949,0.000368628041410647,0.0211021523346776,0.0186689367013338,"smc5/apex1/ppp4ca/psme4b/ino80db/cep290/pold3/eya3/tex264a/ube2a/mre11a/yju2/ccnd1/brat1/rfwd3/vhl/mbd4/trip12/nipblb/ddb2/rfc2/smek1/smarcad1b/rnf168/pold1/parp1/unga/actr2a/kat5b/ssrp1a/bcl2l1/rad9a/actr2b/msh6/susd6/bcl2l10/pcna/ube2v1/mcm2/lig3/pias4a/mgme1/smarcad1a/prkdc/eya1/baxb/zgc:112496/h2ax/mlh3/sprtn/terfa/fto/ints3/fancd2/bbc3/rad51/pnkp/zdhhc16a/ddx11/ercc5/hipk2/timeless/chd1l/gadd45ab/eya4/nucks1a/babam2/mcm3/parp3/top3a/mcm5/alkbh3",72
"GO:0051253","negative regulation of RNA metabolic process","62/1978","382/18773",0.162303664921466,1.54040783699226,3.66209039403995,0.000370300329600491,0.0211021523346776,0.0186689367013338,"sirt2/sin3b/scml2/gli3/sars1/brms1/hnrnpa0a/rxrbb/mier2/phf14/ncor2/tgif1/pphln1/gatad2b/ccnd1/sin3aa/zeb1b/rarga/prdm1a/kank2/sox11a/nr2f6a/hic1l/nelfcd/nelfe/dnmt3ab/pdcd4b/rnf168/osr2/men1/parp1/zbtb33/cipcb/smarce1/cbx7a/rsf1b.1/zgpat/tegt/zbtb16a/vdra/rest/hdac5/nrde2/igf2bp2b/foxo3b/dnmt3bb.1/bmi1b/wdr82/cbx6a/skib/sirt1/smad9/tp63/flcn/nr2f1a/aurkb/nelfb/ldb2a/qkia/gclc/hdac3/cbx2",62
"GO:0032511","late endosome to vacuole transport via multivesicular body sorting pathway","8/1978","19/18773",0.421052631578947,3.99616837847906,4.48409157353746,0.000388743160840428,0.0211021523346776,0.0186689367013338,"tmem50a/vps36/chmp6b/chmp5b/vps25/stam/vta1/vps28",8
"GO:0043280","positive regulation of cysteine-type endopeptidase activity involved in apoptotic process","8/1978","19/18773",0.421052631578947,3.99616837847906,4.48409157353746,0.000388743160840428,0.0211021523346776,0.0186689367013338,"hip1/diablob/diabloa/pycard/baxb/rb1/bbc3/becn1",8
"GO:2001056","positive regulation of cysteine-type endopeptidase activity","8/1978","19/18773",0.421052631578947,3.99616837847906,4.48409157353746,0.000388743160840428,0.0211021523346776,0.0186689367013338,"hip1/diablob/diabloa/pycard/baxb/rb1/bbc3/becn1",8
"GO:0045892","negative regulation of DNA-templated transcription","57/1978","346/18773",0.164739884393064,1.56352975212891,3.63083065725882,0.000428293800065344,0.0224036593234181,0.0198203714556555,"sirt2/sin3b/scml2/gli3/sars1/brms1/rxrbb/mier2/phf14/ncor2/tgif1/pphln1/gatad2b/ccnd1/sin3aa/zeb1b/rarga/prdm1a/kank2/sox11a/nr2f6a/hic1l/nelfcd/nelfe/dnmt3ab/pdcd4b/rnf168/osr2/men1/parp1/zbtb33/cipcb/smarce1/cbx7a/rsf1b.1/zgpat/zbtb16a/vdra/rest/hdac5/foxo3b/dnmt3bb.1/bmi1b/wdr82/cbx6a/skib/sirt1/smad9/tp63/flcn/nr2f1a/aurkb/nelfb/ldb2a/gclc/hdac3/cbx2",57
"GO:1902679","negative regulation of RNA biosynthetic process","57/1978","346/18773",0.164739884393064,1.56352975212891,3.63083065725882,0.000428293800065344,0.0224036593234181,0.0198203714556555,"sirt2/sin3b/scml2/gli3/sars1/brms1/rxrbb/mier2/phf14/ncor2/tgif1/pphln1/gatad2b/ccnd1/sin3aa/zeb1b/rarga/prdm1a/kank2/sox11a/nr2f6a/hic1l/nelfcd/nelfe/dnmt3ab/pdcd4b/rnf168/osr2/men1/parp1/zbtb33/cipcb/smarce1/cbx7a/rsf1b.1/zgpat/zbtb16a/vdra/rest/hdac5/foxo3b/dnmt3bb.1/bmi1b/wdr82/cbx6a/skib/sirt1/smad9/tp63/flcn/nr2f1a/aurkb/nelfb/ldb2a/gclc/hdac3/cbx2",57
"GO:0001666","response to hypoxia","19/1978","79/18773",0.240506329113924,2.28262149466921,3.92048099134567,0.000441525336447739,0.0226833641600026,0.0200678245024555,"sirt2/hyou1/hmox1a/egln2/hsp90b1/sdcbp2/hif1al/vhl/hspa5/psen1/irs1/tet1/arnt/rest/arnt2/foxo3b/egln1b/ajuba/irs2a",19
"GO:0071456","cellular response to hypoxia","9/1978","24/18773",0.375,3.55908746208291,4.30506891205849,0.000470409328573757,0.0232551417784421,0.0205736724366657,"sirt2/hyou1/egln2/hif1al/vhl/irs1/arnt/arnt2/egln1b",9
"GO:0051604","protein maturation","58/1978","355/18773",0.163380281690141,1.55062589897321,3.59441310771151,0.000474951135083002,0.0232551417784421,0.0205736724366657,"f13a1b/calr/ero1b/calr3a/tbcb/dnajb11/lipt1/tll1/naa20/fkbp16/lgmn/naa35/calr3b/furina/erp44/aph1b/hsp90b1/pigp/atg4c/lias/unc45a/dhps/pgap4/pigf/spcs3/lmf2b/metap1/pigm/hspa5/psen1/psen2/ahsa1b/hspa4a/dnajc2/dnaja2b/hm13/ptges3a/ppid/dnajc5ab/dpm1/sec11a/pdia4/pdia7/nudcd3/tor2a/sprtn/ptges3b/serpine1/qsox1/pcsk7/tor1/naa10/bola3/tbce/fnta/pmm2/clpxa/sppl3",58
"GO:0034655","nucleobase-containing compound catabolic process","50/1978","295/18773",0.169491525423729,1.6086271015064,3.61587347996547,0.000484017590993028,0.0232551417784421,0.0205736724366657,"pelo/tpi1a/hint1/patl1/exosc8/exosc6/fxr1/sb:cb81/hnrnpa0a/cnot2/dut/upf3b/tnrc6c1/pum1/cnot6a/endog/cnot9/cnot6b/dctd/dcps/samd4a/entpd1/cnot3a/bpgm/fmr1/rnaseh2b/dera/rnaset2/exosc5/nrde2/igf2bp2b/cnot3b/pum2/dicer1/wdr82/dffa/pnrc2/entpd5b/dhtkd1/rnaseh2c/celf1/ago3b/mtrex/nudt12/casc3/lsm4/zfp36l1b/qkia/adpgk2/dnase1l1",50
"GO:0048514","blood vessel morphogenesis","70/1978","448/18773",0.15625,1.48295310920121,3.5505889243583,0.000493801510425685,0.0232551417784421,0.0205736724366657,"sirt2/vash2/fermt2/arhgef9b/ppp4ca/spns2/sars1/rnf213a/robo4/jcada/dlc/nrp2a/pik3c2a/naa35/rasip1/plekhg5b/hars/map3k7/snx5/vhl/shc1/spry2/unc45a/calcrlb/ephb4a/kdm4ab/dhx15/ptprb/cemip2/wnk1a/fbxw7/hlx1/nrarpa/perp/sat1b/dab2/ptena/nrxn3a/arfgef2/myo6a/sh3kbp1/iqsec1b/ptenb/kdr/sirt1/abca1a/arhgef7b/plekhg5a/pald1a/stk25b/sema3ab/serpinf1/ephb4b/serpine1/pdgfab/ackr3a/krit1/uqcrb/spred1/smo/ets1/nrp2b/ldb2a/smad5/cdh5/ralbb/hdac3/angptl4/rapgef1a/nfkb2",70
"GO:0071985","multivesicular body sorting pathway","10/1978","29/18773",0.344827586206897,3.27272410306475,4.20332519792966,0.000501153559354678,0.0232551417784421,0.0205736724366657,"tmem50a/vps36/chmp6b/chmp2bb/chmp5b/vps25/stam/vta1/vps28/mvb12a",10
"GO:2000116","regulation of cysteine-type endopeptidase activity","10/1978","29/18773",0.344827586206897,3.27272410306475,4.20332519792966,0.000501153559354678,0.0232551417784421,0.0205736724366657,"hip1/diablob/diabloa/pycard/bcl2l1/baxb/rb1/bbc3/lamtor5/becn1",10
"GO:0036293","response to decreased oxygen levels","19/1978","80/18773",0.2375,2.25408872598584,3.85755535198601,0.000522723003012616,0.0238710171375761,0.0211185333547954,"sirt2/hyou1/hmox1a/egln2/hsp90b1/sdcbp2/hif1al/vhl/hspa5/psen1/irs1/tet1/arnt/rest/arnt2/foxo3b/egln1b/ajuba/irs2a",19
"GO:0051345","positive regulation of hydrolase activity","16/1978","62/18773",0.258064516129032,2.44926449003555,3.92259444439679,0.000531360935017877,0.0238863345319755,0.021132084553836,"srgap2/hip1/ralgapa2/chn1/diablob/diabloa/pycard/arhgap17b/baxb/ralgapa1/rb1/bbc3/tsc2/becn1/asap2a/zgc:63863",16
"GO:0071229","cellular response to acid chemical","8/1978","20/18773",0.4,3.79635995955511,4.29389191507002,0.000588342136529341,0.0256463685878017,0.0226891752173516,"lamtor4/sh3bp4a/castor2/lamtor2/sesn3/sesn1/lamtor5/lamtor3",8
"GO:0071230","cellular response to amino acid stimulus","8/1978","20/18773",0.4,3.79635995955511,4.29389191507002,0.000588342136529341,0.0256463685878017,0.0226891752173516,"lamtor4/sh3bp4a/castor2/lamtor2/sesn3/sesn1/lamtor5/lamtor3",8
"GO:0009451","RNA modification","25/1978","120/18773",0.208333333333333,1.97727081226828,3.68561204267496,0.000646033660612973,0.0276442109148327,0.0244566533092093,"dus2/tyw1/thumpd2/tfb2m/dus3l/lyn/thg1l/mettl2a/thumpd3/fmr1/mettl5/tsr3/trmt13/thada/nat10/emg1/virma/gar1/nop2/nsun4/cdkal1/rpusd2/nsun2/larp7/trmt12",25
"GO:0000154","rRNA modification","9/1978","25/18773",0.36,3.4167239635996,4.14952124704978,0.000666774250366277,0.0276442109148327,0.0244566533092093,"tfb2m/mettl5/tsr3/nat10/emg1/gar1/nop2/nsun4/rpusd2",9
"GO:0036294","cellular response to decreased oxygen levels","9/1978","25/18773",0.36,3.4167239635996,4.14952124704978,0.000666774250366277,0.0276442109148327,0.0244566533092093,"sirt2/hyou1/egln2/hif1al/vhl/irs1/arnt/arnt2/egln1b",9
"GO:0050790","regulation of catalytic activity","39/1978","218/18773",0.178899082568807,1.69791328466341,3.55694905438626,0.000672608538073788,0.0276442109148327,0.0244566533092093,"rtraf/appb/srgap2/pkig/sh3bp4a/hip1/ralgapa2/chn1/prrc1/aph1b/diablob/aida/vps51/psen1/dnmt3ab/diabloa/pycard/arhgap17b/traf2b/zgpat/tegt/bcl2l1/mcm2/baxb/ralgapa1/ctsba/rb1/bbc3/lamtor5/serpinf1/serpinb14/serpine1/tsc2/fzr1a/wfikkn1/becn1/phactr4b/asap2a/zgc:63863",39
"GO:0006352","DNA-templated transcription initiation","16/1978","64/18773",0.25,2.37272497472194,3.77508423719174,0.000775398295827028,0.0314200126351318,0.0277970804938437,"apex1/psmc6/tfb2m/taf7/atad2b/taf6/zgc:162472/taf11/med24/med18/ccnh/brf1b/sub1b/phf2/vps72a/gtf2b",16
"GO:0070482","response to oxygen levels","19/1978","83/18773",0.228915662650602,2.17261563950443,3.67424819929521,0.000848280225521783,0.0338958640114746,0.029987450077656,"sirt2/hyou1/hmox1a/egln2/hsp90b1/sdcbp2/hif1al/vhl/hspa5/psen1/irs1/tet1/arnt/rest/arnt2/foxo3b/egln1b/ajuba/irs2a",19
"GO:0034243","regulation of transcription elongation by RNA polymerase II","8/1978","21/18773",0.380952380952381,3.61558091386201,4.11559302125463,0.000863159261911293,0.0340179341988875,0.0300954447772387,"ell2/cdk12/zmynd11/nelfcd/nelfe/rnf168/supt6h/nelfb",8
"GO:0001510","RNA methylation","14/1978","53/18773",0.264150943396226,2.50703016197035,3.77038213845516,0.000905878252114435,0.0346641083244832,0.0306671108166769,"thumpd2/tfb2m/lyn/mettl2a/thumpd3/mettl5/trmt13/thada/emg1/nop2/nsun4/nsun2/larp7/trmt12",14
"GO:0006892","post-Golgi vesicle-mediated transport","14/1978","53/18773",0.264150943396226,2.50703016197035,3.77038213845516,0.000905878252114435,0.0346641083244832,0.0306671108166769,"ap1ar/exoc6/exoc1/dop1b/ap1g1/ccdc93/cnstb/ankfy1/rabif/exoc4/ap3s2/rab14/golga7/blzf1",14
"GO:0071453","cellular response to oxygen levels","9/1978","26/18773",0.346153846153846,3.28531150346115,4.00170069159426,0.000925218054784372,0.0346641083244832,0.0306671108166769,"sirt2/hyou1/egln2/hif1al/vhl/irs1/arnt/arnt2/egln1b",9
"GO:0031929","TOR signaling","20/1978","90/18773",0.222222222222222,2.1090888664195,3.61945103535761,0.000934677559487283,0.0346641083244832,0.0306671108166769,"tnfaip8l1/lamtor4/sh3bp4a/castor2/naa35/lamtor2/otud5a/sesn3/fbxw7/mlst8/gsk3ab/rictorb/sesn1/lamtor5/tiprl/lamtor3/tsc2/grk5l/mios/flcn",20
"GO:0045934","negative regulation of nucleobase-containing compound metabolic process","66/1978","427/18773",0.154566744730679,1.46697750193581,3.34979023984442,0.00093979855728526,0.0346641083244832,0.0306671108166769,"sirt2/h1-0/sin3b/scml2/gli3/sars1/brms1/hnrnpa0a/rxrbb/mier2/phf14/ncor2/tgif1/pphln1/gatad2b/ccnd1/sin3aa/zeb1b/rarga/prdm1a/kank2/sox11a/nr2f6a/hic1l/nelfcd/nelfe/dnmt3ab/pdcd4b/rnf168/osr2/men1/parp1/zbtb33/cipcb/smarce1/cbx7a/rsf1b.1/zgpat/tegt/zbtb16a/vdra/rest/hdac5/nrde2/igf2bp2b/foxo3b/dnmt3bb.1/bmi1b/terfa/wdr82/cbx6a/skib/sirt1/timeless/smad9/tp63/flcn/nr2f1a/aurkb/ten1/nelfb/ldb2a/qkia/gclc/hdac3/cbx2",66
"GO:0032787","monocarboxylic acid metabolic process","52/1978","319/18773",0.163009404388715,1.54710593963061,3.38220498575828,0.000954117864611107,0.0347467986896982,0.0307402664440994,"hsd17b10/slco2b1/aclya/tecrb/acadl/tpi1a/apc/pgd/ehhadh/hadhb/fgfr4/pdk4/zgc:123305/slc27a1a/gatd1/lias/acsl4b/tle3a/phyh/me2/lpin2/acads/crot/hadh/acsl3b/bpgm/ech1/ptges3a/gamt/acsbg2/cryl1/mpc1/eci1/cpt1ab/hacd3/hsd17b8/elovl8b/kdm1a/hacd1/cbr4/pcxa/wdtc1/ptges3b/dhtkd1/mecr/auh/acadm/cyp7b1/acsm3/etfa/me3/adpgk2",52
"GO:0006635","fatty acid beta-oxidation","12/1978","42/18773",0.285714285714286,2.7116856853965,3.81106709138789,0.000979921215176675,0.0351977846672073,0.031139250800471,"acadl/ehhadh/hadhb/acads/crot/hadh/ech1/eci1/cpt1ab/auh/acadm/etfa",12
"GO:0016072","rRNA metabolic process","33/1978","179/18773",0.184357541899441,1.7497189757726,3.45873284180612,0.000990969954134096,0.0351977846672073,0.031139250800471,"pelo/exosc8/pin4/exosc6/sde2/tfb2m/rrp1/ddx10/mettl5/tsr3/rnaset2/exosc5/nat10/las1l/ddx54/emg1/gar1/nop2/nsun4/rbm34/zgc:152968/ddx11/rpusd2/eif6/nob1/bms1/eri1/mtrex/nol9/dhx37/tsr2/rpf1/trmt112",33
"GO:0006402","mRNA catabolic process","30/1978","158/18773",0.189873417721519,1.80206960105464,3.47446140751604,0.00100991870125059,0.0354333671158286,0.0313476690580735,"pelo/patl1/exosc8/exosc6/fxr1/sb:cb81/hnrnpa0a/cnot2/upf3b/tnrc6c1/pum1/cnot6a/cnot9/cnot6b/dcps/samd4a/cnot3a/fmr1/exosc5/igf2bp2b/cnot3b/pum2/dicer1/pnrc2/celf1/ago3b/casc3/lsm4/zfp36l1b/qkia",30
"GO:0019395","fatty acid oxidation","13/1978","48/18773",0.270833333333333,2.57045205594877,3.73863270029772,0.00106199107786777,0.0365440865848098,0.0323303153365421,"acadl/ehhadh/hadhb/phyh/acads/crot/hadh/ech1/eci1/cpt1ab/auh/acadm/etfa",13
"GO:0070897","transcription preinitiation complex assembly","7/1978","17/18773",0.411764705882353,3.90801760542437,4.11651585464873,0.00106698063021342,0.0365440865848098,0.0323303153365421,"psmc6/taf7/taf6/zgc:162472/taf11/brf1b/gtf2b",7
"GO:0032006","regulation of TOR signaling","17/1978","72/18773",0.236111111111111,2.24090692057072,3.62035745051616,0.00108056372999102,0.0365739041315783,0.032356694725923,"tnfaip8l1/lamtor4/sh3bp4a/castor2/naa35/lamtor2/otud5a/sesn3/fbxw7/gsk3ab/sesn1/lamtor5/lamtor3/tsc2/grk5l/mios/flcn",17
"GO:0006403","RNA localization","19/1978","85/18773",0.223529411764706,2.12149527151609,3.55634519788773,0.00115106018870152,0.0385069786383055,0.0340668731490854,"cpsf6/stau1/alyref/chtopa/nxt2/fxr1/pum1/eif4ea/thoc1/fmr1/xpot/stau2/nup35/phax/slbp/casc3/si:dkey-17o15.2/qkia/tpra",19
"GO:0044283","small molecule biosynthetic process","50/1978","307/18773",0.162866449511401,1.54574916919996,3.30867620157416,0.00120455787583265,0.038529234012534,0.0340865623336836,"lta4h/adka/aclya/tecrb/arpp19a/tpi1a/apc/fgfr4/hmgcs1/fbp1a/aprt/lias/coq8aa/tle3a/akr1a1b/glula/coq7/gnmt/ptges3a/gamt/acsbg2/g6pc3/qdpra/shmt1/hacd3/glulb/elovl8b/kdm1a/hacd1/cbr4/agxta/pcxa/sephs1/wdtc1/coq3/tpk1/bcat2/ptges3b/mecr/hsd17b7/asl/sptlc1/mri1/pptc7a/adkb/cyp7b1/acsm3/srd5a3/mtrr/dhdds",50
"GO:1902969","mitotic DNA replication","6/1978","13/18773",0.461538461538462,4.3804153379482,4.18411617961443,0.00120966840839637,0.038529234012534,0.0340865623336836,"rtf2/gins1/mcm2/pola1/rad51/mcm3",6
"GO:0001101","response to acid chemical","8/1978","22/18773",0.363636363636364,3.45123632686828,3.94786887909736,0.00123207839039038,0.038529234012534,0.0340865623336836,"lamtor4/sh3bp4a/castor2/lamtor2/sesn3/sesn1/lamtor5/lamtor3",8
"GO:0010950","positive regulation of endopeptidase activity","8/1978","22/18773",0.363636363636364,3.45123632686828,3.94786887909736,0.00123207839039038,0.038529234012534,0.0340865623336836,"hip1/diablob/diabloa/pycard/baxb/rb1/bbc3/becn1",8
"GO:0010952","positive regulation of peptidase activity","8/1978","22/18773",0.363636363636364,3.45123632686828,3.94786887909736,0.00123207839039038,0.038529234012534,0.0340865623336836,"hip1/diablob/diabloa/pycard/baxb/rb1/bbc3/becn1",8
"GO:0043200","response to amino acid","8/1978","22/18773",0.363636363636364,3.45123632686828,3.94786887909736,0.00123207839039038,0.038529234012534,0.0340865623336836,"lamtor4/sh3bp4a/castor2/lamtor2/sesn3/sesn1/lamtor5/lamtor3",8
"GO:0000045","autophagosome assembly","17/1978","73/18773",0.232876712328767,2.21020956549441,3.55532756802197,0.00127266967625271,0.0393706522427853,0.0348309595606004,"gabarapa/stx12/zgc:92606/vmp1/tp53inp1/si:ch211-260e23.9/atg4c/atp2a2b/wipi1/map1lc3a/atg3/tbc1d14/atg13/atg16l1/becn1/atg101/zgc:101559",17
"GO:0000956","nuclear-transcribed mRNA catabolic process","19/1978","86/18773",0.22093023255814,2.0968267218473,3.4986126952181,0.0013341854045812,0.0406458810309735,0.0359591461620818,"pelo/patl1/exosc8/exosc6/sb:cb81/cnot2/upf3b/tnrc6c1/cnot6a/cnot6b/dcps/samd4a/cnot3a/exosc5/cnot3b/pnrc2/casc3/lsm4/zfp36l1b",19
"GO:0009062","fatty acid catabolic process","15/1978","61/18773",0.245901639344262,2.33382784398879,3.58082423861659,0.00134214761833246,0.0406458810309735,0.0359591461620818,"acadl/ehhadh/hadhb/zgc:123305/phyh/lpin2/acads/crot/hadh/ech1/eci1/cpt1ab/auh/acadm/etfa",15
"GO:1905037","autophagosome organization","17/1978","74/18773",0.22972972972973,2.18034186866341,3.49134602757575,0.00149289979607317,0.0447403407635678,0.0395814880143084,"gabarapa/stx12/zgc:92606/vmp1/tp53inp1/si:ch211-260e23.9/atg4c/atp2a2b/wipi1/map1lc3a/atg3/tbc1d14/atg13/atg16l1/becn1/atg101/zgc:101559",17
"GO:0072330","monocarboxylic acid biosynthetic process","19/1978","87/18773",0.218390804597701,2.07272526527434,3.44166326049976,0.00154150584484185,0.0457207455217525,0.0404488457170655,"aclya/tecrb/apc/fgfr4/lias/tle3a/ptges3a/gamt/acsbg2/hacd3/elovl8b/kdm1a/hacd1/cbr4/wdtc1/ptges3b/mecr/cyp7b1/acsm3",19
"GO:0009894","regulation of catabolic process","49/1978","303/18773",0.161716171617162,1.53483199684984,3.22094760555406,0.00156174921729385,0.0458484948791267,0.0405618647413162,"sirt2/oaz2a/oaz1a/sh3bp4a/patl1/fxr1/sb:cb81/hnrnpa0a/cnot2/fbxo22/tnrc6c1/pum1/cnot6a/styx/lars1b/cnot6b/sesn3/sqstm1/dap/dcps/psen2/samd4a/cnot3a/rnft2/fmr1/ctns/gsk3ab/dram2b/trim32/ppp1r3b/cpt1ab/nrde2/igf2bp2b/cnot3b/atg13/pum2/dicer1/scoca/sesn1/traf7/ulk1a/atraid/celf1/fzr1a/becn1/etfa/ube3a/zfp36l1b/qkia",49
"GO:0021903","rostrocaudal neural tube patterning","13/1978","50/18773",0.26,2.46763397371082,3.5660994656529,0.00159975599523202,0.0464898787705306,0.0411292928917707,"apc/en2b/foxl2b/cnpy1/sfpq/wls/myh10/ptk2ab/fmr1/tcf7l1b/calm1a/foxl2a/slc7a6os",13
"GO:0033365","protein localization to organelle","54/1978","342/18773",0.157894736842105,1.49856314192965,3.19328134857474,0.00161824702845161,0.0465569670085527,0.0411886454189051,"hikeshi/lamtor4/glmp/rab41/emc4/sh3bp4a/fam53b/get1/kdelr2a/washc2c/myo7aa/cttnbp2nlb/pttg1ipb/rab11fip3/ipo8/srp19/pphln1/vps36/kpnb3/nf2b/dnajc19/cep192/lztfl1/spcs3/erbin/nipblb/vps13a/gas8/get4/timm10/rab3gap2/tnpo1/nup35/bicd2/lmnb1/tomm34/entr1/vps8/terfa/kdelr3/vps25/pex5/tor1/stam/lmna/oxa1l/aurkb/larp7/vps28/zfand6/pex3/zgc:162200/cse1l/tpra",54
"GO:0022613","ribonucleoprotein complex biogenesis","51/1978","319/18773",0.15987460815047,1.51735390233002,3.19827810504765,0.00163548712315252,0.0465870935971266,0.0412152982155579,"isy1/trnau1apb/exosc8/pin4/u2af2a/exosc6/prpf8/sde2/tfb2m/zgc:158803/yju2/snrpg/eif3ja/rrp1/ddx46/gemin8/ddx10/crnkl1/tssc4/mettl5/ptges3a/tsr3/nat10/prpf18/las1l/ddx54/denr/emg1/znf622/gar1/npm1b/nop2/nsun4/rbm34/ptges3b/zgc:152968/rpusd2/eif6/celf1/nob1/bms1/eri1/mtrex/usp39/scaf11/nol9/dhx37/tsr2/rpf1/trmt112/lsm4",51
"GO:0009896","positive regulation of catabolic process","27/1978","142/18773",0.190140845070423,1.80460772725331,3.30284886061912,0.00171910395445615,0.0484888438918662,0.0428977643124352,"sirt2/oaz2a/oaz1a/sh3bp4a/patl1/fxr1/sb:cb81/cnot2/fbxo22/tnrc6c1/cnot6a/cnot6b/sesn3/dcps/samd4a/cnot3a/rnft2/gsk3ab/trim32/cnot3b/dicer1/scoca/sesn1/celf1/fzr1a/becn1/zfp36l1b",27
"GO:0031507","heterochromatin formation","17/1978","75/18773",0.226666666666667,2.15127064374789,3.4283795587268,0.00174441579929948,0.0487250898503358,0.0431067695728782,"sirt2/baz1a/hat1/trip12/smarcad1b/nsd1b/unga/nrde2/lmnb1/dnmt1/h2ax/dicer1/sirt1/lmna/atf7ip/h2ax1/phf2",17
"GO:0002011","morphogenesis of an epithelial sheet","22/1978","108/18773",0.203703703703704,1.93333146088454,3.33819881215776,0.00179671291602047,0.0496498506045551,0.0439248993878178,"lta4h/dsc2l/cyth3a/fzd7a/tfec/gab1/sdcbp2/nid2a/sox11a/alkbh4/diaph2/rhoac/flot2a/bcl2l10/rab5ab/ctsba/rerea/arhgef7b/arf6b/phactr4b/fdx1/g6pd",22
"GO:0072329","monocarboxylic acid catabolic process","16/1978","69/18773",0.231884057971014,2.20078838235079,3.42927401154692,0.0018314400475117,0.0496498506045551,0.0439248993878178,"acadl/pgd/ehhadh/hadhb/zgc:123305/phyh/lpin2/acads/crot/hadh/ech1/eci1/cpt1ab/auh/acadm/etfa",16
"GO:0006913","nucleocytoplasmic transport","23/1978","115/18773",0.2,1.89817997977755,3.31556967355293,0.0018465533592935,0.0496498506045551,0.0439248993878178,"cpsf6/hikeshi/alyref/chtopa/nxt2/lzts2a/fam53b/pttg1ipb/ipo8/kpnb3/eif4ea/thoc1/anp32a/rangap1a/xpot/tnpo1/nup35/phax/npm1b/eif6/cse1l/si:dkey-17o15.2/tpra",23
"GO:0051169","nuclear transport","23/1978","115/18773",0.2,1.89817997977755,3.31556967355293,0.0018465533592935,0.0496498506045551,0.0439248993878178,"cpsf6/hikeshi/alyref/chtopa/nxt2/lzts2a/fam53b/pttg1ipb/ipo8/kpnb3/eif4ea/thoc1/anp32a/rangap1a/xpot/tnpo1/nup35/phax/npm1b/eif6/cse1l/si:dkey-17o15.2/tpra",23
"GO:0044087","regulation of cellular component biogenesis","48/1978","298/18773",0.161073825503356,1.52873555418326,3.15742349135128,0.00188328325920647,0.0500002022391719,0.0442348531966111,"rock2a/tmsb4x/podxl/tmod2/arhgef9b/appb/cep290/sptan1/cdc42ep1a/psmc6/camsap1b/fam49a/rab11fip3/pla2g6/lin7c/nf2b/arpc5lb/kank2/aida/selenow2a/cemip2/ormdl1/fam49bb/ormdl2/add1/tbc1d14/vaspb/arpc3/rock1/mcm2/macf1a/entr1/arpc5la/usp8/hax1/svila/traf3ip1/capza1a/plekhg2/tapt1a/grk5l/twf1a/spice1/zgc:66447/atf7ip/mycbp2/zgc:154093/tpra",48
"GO:0006631","fatty acid metabolic process","36/1978","208/18773",0.173076923076923,1.64265575173057,3.19846057462552,0.0019290898199726,0.0500002022391719,0.0442348531966111,"hsd17b10/slco2b1/aclya/tecrb/acadl/ehhadh/hadhb/pdk4/zgc:123305/slc27a1a/lias/acsl4b/phyh/lpin2/acads/crot/hadh/acsl3b/ech1/ptges3a/acsbg2/cryl1/eci1/cpt1ab/hacd3/hsd17b8/elovl8b/hacd1/cbr4/wdtc1/ptges3b/mecr/auh/acadm/acsm3/etfa",36
"GO:0006271","DNA strand elongation involved in DNA replication","6/1978","14/18773",0.428571428571429,4.06752852809476,3.9402719662212,0.00192910060776784,0.0500002022391719,0.0442348531966111,"pold3/gins1/pcna/lig3/pola1/mcm3",6
"GO:0035330","regulation of hippo signaling","6/1978","14/18773",0.428571428571429,4.06752852809476,3.9402719662212,0.00192910060776784,0.0500002022391719,0.0442348531966111,"frmd6/nf2b/wwc3/dlg5b.1/slmapa/ajuba",6
"GO:0016054","organic acid catabolic process","30/1978","165/18773",0.181818181818182,1.72561816343414,3.21276293678382,0.00204798587815757,0.0516655750952153,0.0457081977133457,"gnpda1/gcsha/acadl/gnpda2/pgd/ehhadh/hadhb/zgc:123305/phyh/lpin2/acads/blmh/gstz1/crot/renbp/gpt2/hadh/ech1/aldh1l1/qdpra/eci1/hibch/afmid/aldh6a1/cpt1ab/aldh4a1/auh/acadm/etfa/got2b",30
"GO:0046395","carboxylic acid catabolic process","30/1978","165/18773",0.181818181818182,1.72561816343414,3.21276293678382,0.00204798587815757,0.0516655750952153,0.0457081977133457,"gnpda1/gcsha/acadl/gnpda2/pgd/ehhadh/hadhb/zgc:123305/phyh/lpin2/acads/blmh/gstz1/crot/renbp/gpt2/hadh/ech1/aldh1l1/qdpra/eci1/hibch/afmid/aldh6a1/cpt1ab/aldh4a1/auh/acadm/etfa/got2b",30
"GO:0000394","RNA splicing, via endonucleolytic cleavage and ligation","5/1978","10/18773",0.5,4.74544994944388,4.06566200356012,0.00206518635243301,0.0516655750952153,0.0457081977133457,"rtraf/rtcb/tsen2/tsen34/zbtb8os",5
"GO:0033143","regulation of intracellular steroid hormone receptor signaling pathway","5/1978","10/18773",0.5,4.74544994944388,4.06566200356012,0.00206518635243301,0.0516655750952153,0.0457081977133457,"vhl/cnot9/kank2/pagr1/arnt",5
"GO:0007369","gastrulation","45/1978","277/18773",0.162454873646209,1.54184294386263,3.1178327214233,0.00216082396386305,0.0535921598623621,0.0474126347061785,"rock2a/lta4h/cxcl12a/dsc2l/lpp/cyth3a/fzd7a/cep290/lzts2a/tab2/tll1/eaf2/sdcbp2/pigp/zeb1b/dusp6/alkbh4/diaph2/flot2a/prmt1/ptk2ab/aldh1l1/rac1a/lats2/map2k4b/trim32/bcl2l10/tenm4/rab5ab/dhx16/ptenb/bbs7/slc39a6/arhgef7b/plekhg5a/arf6b/snai1a/kdm6a/stat3/csrp1a/tp63/acvr1l/fdx1/smad5/mylipa",45
"GO:0010833","telomere maintenance via telomere lengthening","7/1978","19/18773",0.368421052631579,3.49664733116918,3.73650404303162,0.00228792083210876,0.056083881368568,0.0496170444904954,"zgc:113263/ptges3a/ctc1/terfa/gar1/ptges3b/ten1",7
"GO:0030593","neutrophil chemotaxis","12/1978","46/18773",0.260869565217391,2.47588693014463,3.43934949612653,0.00231835437801389,0.056083881368568,0.0496170444904954,"lta4h/cxcl12a/pik3cg/cxcl20/tnfrsf1a/lyn/inppl1a/cul1a/lgals3b/rac1a/ddx3xb/ddx3xa",12
"GO:0006261","DNA-templated DNA replication","19/1978","90/18773",0.211111111111111,2.00363442309853,3.27530621016125,0.00233431146115203,0.056083881368568,0.0496170444904954,"rtf2/pold3/gins1/rfc2/noc3l/pold1/parp1/prim2/pcna/mcm2/lig3/orc3/mgme1/pola1/rad51/timeless/mcm3/atrxl/mcm5",19
"GO:0045739","positive regulation of DNA repair","8/1978","24/18773",0.333333333333333,3.16363329962925,3.63980934350209,0.00233926512486207,0.056083881368568,0.0496170444904954,"eya3/rnf168/actr2a/actr2b/pias4a/eya1/eya4/babam2",8
"GO:0033333","fin development","23/1978","118/18773",0.194915254237288,1.84992116673236,3.17834059178601,0.00261690831970835,0.060781784981476,0.0537732492125236,"hmcn1/vav2/apc/sec23a/tll1/ext2/furina/ahr2/ep300b/hnrnpul1/ap1g1/prdm1a/nipblb/atp6v1e1b/osr2/frem2a/bbs7/aldh7a1/uba2/crbn/smo/acvr1l/hnrnpul1l",23
"GO:0048736","appendage development","24/1978","125/18773",0.192,1.82225278058645,3.16535656994317,0.00263483189856776,0.060781784981476,0.0537732492125236,"hmcn1/vav2/apc/sec23a/tll1/ext2/furina/ahr2/ep300b/hnrnpul1/ap1g1/prdm1a/nipblb/atp6v1e1b/intu/osr2/frem2a/bbs7/aldh7a1/uba2/crbn/smo/acvr1l/hnrnpul1l",24
"GO:0033043","regulation of organelle organization","71/1978","485/18773",0.14639175257732,1.38938946973409,2.98160685201921,0.0026524667051217,0.060781784981476,0.0537732492125236,"rock2a/tmsb4x/tmod2/anapc11/ap1ar/arhgef9b/appb/cep290/sptan1/apc/cdc42ep1a/naa20/rhogb/camsap1b/fam49a/rab11fip3/mre11a/nf2b/arpc5lb/kank2/alkbh4/zgc:113263/rhoac/zgc:109889/fam49bb/mad1l1/arpin/mlst8/gsk3ab/arhgap17b/add1/rac1a/map1sb/tbc1d14/vaspb/dync1li2/arpc3/rock1/mcm2/rac1b/bicd2/ndc80/entr1/arpc5la/pink1/usp8/hax1/svila/terfa/dnm2b/bbc3/traf3ip1/ufm1/capza1a/plekhg2/klhl41b/cplane2/ewsr1a/tapt1a/grk5l/twf1a/arfip2a/spice1/aurkb/zgc:66447/ten1/atf7ip/zgc:162200/zgc:154093/tpra/armh3",71
"GO:0007266","Rho protein signal transduction","19/1978","91/18773",0.208791208791209,1.98161646240514,3.22128579746113,0.00266493144698092,0.060781784981476,0.0537732492125236,"rock2a/arhgap35a/cdc42ep1a/rasip1/kank2/rhoac/arhgdig/net1/dock6/arhgdia/nradd/tnfaip1/rock1/dock7/akap13/tax1bp3/plekhg5a/phactr4b/zgc:154093",19
"GO:0051640","organelle localization","45/1978","280/18773",0.160714285714286,1.52532319803553,3.0393472563878,0.00267386167391961,0.060781784981476,0.0537732492125236,"stxbp2/snapin/stx12/ap1ar/exoc6/tfg/cep290/uso1/prickle2b/lin7c/pef1/arcn1b/diaph2/psen2/stx2a/fam91a1/pam/arfgap2/dctn2/mad1l1/rhot1a/stx5al/trim32/ndel1b/stx3a/dync1li2/exoc4/ndc80/lmnb1/bbs7/trak2/mfn1b/npm1b/arl8ba/pdzd8/pafah1b1b/eif6/ift27/sptlc1/stx16/ccdc186/lmna/spice1/aurkb/pafah1b1a",45
"GO:0000288","nuclear-transcribed mRNA catabolic process, deadenylation-dependent decay","11/1978","41/18773",0.268292682926829,2.54633899726257,3.40159789940255,0.00274219008224019,0.060781784981476,0.0537732492125236,"patl1/sb:cb81/cnot2/tnrc6c1/cnot6a/cnot6b/dcps/samd4a/cnot3a/cnot3b/zfp36l1b",11
"GO:0006418","tRNA aminoacylation for protein translation","11/1978","41/18773",0.268292682926829,2.54633899726257,3.40159789940255,0.00274219008224019,0.060781784981476,0.0537732492125236,"gars1/sars1/vars1/aars1/hars/rars1/lars1b/eprs1/nars1/cars1/farsb",11
"GO:0019646","aerobic electron transport chain","14/1978","59/18773",0.23728813559322,2.25207794210896,3.30561651957192,0.00274648315870416,0.060781784981476,0.0537732492125236,"sdha/ndufa10/ndufs8a/sdhdb/uqcrh/ndufv1/ndufv2/sdhc/cox7a2a/ndufs6/sdhaf2/uqcrb/ndufa8/ndufc2",14
"GO:0021532","neural tube patterning","14/1978","59/18773",0.23728813559322,2.25207794210896,3.30561651957192,0.00274648315870416,0.060781784981476,0.0537732492125236,"apc/en2b/foxl2b/cnpy1/sfpq/wls/myh10/ptk2ab/fmr1/tcf7l1b/calm1a/foxl2a/rest/slc7a6os",14
"GO:0045862","positive regulation of proteolysis","14/1978","59/18773",0.23728813559322,2.25207794210896,3.30561651957192,0.00274648315870416,0.060781784981476,0.0537732492125236,"sirt2/fbxo22/hip1/diablob/aurkaip1/diabloa/rnft2/pycard/gsk3ab/baxb/rb1/bbc3/fzr1a/becn1",14
"GO:0006364","rRNA processing","29/1978","161/18773",0.180124223602484,1.70954097557606,3.10293236393011,0.00277726076807,0.0609937345781479,0.0539607596399618,"exosc8/pin4/exosc6/sde2/tfb2m/rrp1/ddx10/mettl5/tsr3/nat10/las1l/ddx54/emg1/gar1/nop2/nsun4/rbm34/zgc:152968/rpusd2/eif6/nob1/bms1/eri1/mtrex/nol9/dhx37/tsr2/rpf1/trmt112",29
"GO:0007264","small GTPase-mediated signal transduction","48/1978","304/18773",0.157894736842105,1.49856314192965,3.00755571948567,0.00283830188161204,0.0618620796469532,0.0547289788655335,"rock2a/rap2c/arhgap35a/cyth3a/robo4/vav2/cdc42ep1a/rhogb/rab15/rasip1/rgl1/ralgapa2/chn1/spry2/kank2/diaph2/rhoac/arhgdig/rit1/net1/rhot1a/dock6/arhgap17b/rac1a/arhgdia/nradd/arfgef2/rabif/tnfaip1/rock1/rac1b/sipa1l3/dock7/iqsec1b/akap13/ralgapa1/usp8/rab30/tax1bp3/plekhg5a/rapgef1b/tsc2/iqsec2b/phactr4b/rab21/zgc:154093/zgc:101559/rapgef1a",48
"GO:0034314","Arp2/3 complex-mediated actin nucleation","9/1978","30/18773",0.3,2.84726996966633,3.47496037922168,0.00287456482845196,0.0621813760259872,0.0550114582920209,"ap1ar/arpc5lb/zgc:109889/actr2a/actr2b/wash1/arpc3/arpc5la/arfip2a",9
"GO:1903311","regulation of mRNA metabolic process","31/1978","176/18773",0.176136363636364,1.67169259582682,3.07244319182947,0.00290312291659623,0.062330482321249,0.0551433716600918,"patl1/fxr1/sb:cb81/hnrnpa0a/cnot2/khdrbs1b/tnrc6c1/pum1/cnot6a/hnrnpk/cnot6b/dcps/samd4a/cnot3a/fmr1/srsf2b/sltm/rest/igf2bp2b/nsrp1/cnot3b/pum2/dicer1/celf1/tra2b/larp7/dhx37/arglu1a/zfp36l1b/qkia/dhx9",31
"GO:0030512","negative regulation of transforming growth factor beta receptor signaling pathway","6/1978","15/18773",0.4,3.79635995955511,3.71812384205194,0.00293057259236714,0.062453758135113,0.0552524329695419,"bambib/bambia/vasnb/ppm1bb/nrros/skib",6
"GO:0045944","positive regulation of transcription by RNA polymerase II","53/1978","344/18773",0.15406976744186,1.46226074023561,2.96957131199631,0.00302921376556358,0.0637109920085586,0.0563646995871776,"sirt2/atoh8/ell2/rtraf/kmt2ca/ccnt1/egr1/znf827/mrtfbb/rxrbb/psmc6/zgc:123305/cdk12/ahr2/gabpb2b/ep300b/taf3/rarga/akirin2/lpin2/sox11a/rnf4/top2a/ascl1a/smarcad1b/actr2a/maml3/ncoa6/mef2d/tet1/actr2b/vdra/med24/rest/znf451/olig2/ssbp3b/paxbp1/npm1b/crebbpa/med18/supt6h/hipk2/cdk7/gabpb1/sub1b/larp7/junba/ptmaa/ldb2a/ccnc/dhx9/nfkb2",53
"GO:0031399","regulation of protein modification process","19/1978","92/18773",0.206521739130435,1.96007715303117,3.16795059960242,0.00303385676231231,0.0637109920085586,0.0563646995871776,"sirt2/ndfip1l/rtraf/pkig/prrc1/spoplb/prkar2aa/brat1/pef1/aida/prkar1ab/traf2b/zgpat/prkar1aa/hdac10/ndfip1/fzr1a/smo/ndfip2",19
"GO:0019216","regulation of lipid metabolic process","17/1978","79/18773",0.215189873417722,2.04234554786192,3.18604976120439,0.00313460529577933,0.0653497060576604,0.0578144592310788,"rnf213a/apc/fgfr4/pdk4/pla2g6/dnajc19/tle3a/ormdl1/noc3l/tango2/ormdl2/yy1b/cpt1ab/kdm1a/wdtc1/mboat7/etfa",17
"GO:0031124","mRNA 3'-end processing","7/1978","20/18773",0.35,3.32181496461072,3.56521429609394,0.00320307859126691,0.0653804779280757,0.057841682904373,"cpsf6/cstf3/rprd2a/slbp/cstf2/nudt21/cstf1",7
"GO:0035622","intrahepatic bile duct development","7/1978","20/18773",0.35,3.32181496461072,3.56521429609394,0.00320307859126691,0.0653804779280757,0.057841682904373,"atp6ap2/snapc4/snapc2/dnmt1/ilf2/jag2b/arf6b",7
"GO:0051054","positive regulation of DNA metabolic process","10/1978","36/18773",0.277777777777778,2.63636108302438,3.37255294723871,0.00320425699960329,0.0653804779280757,0.057841682904373,"eya3/baz1a/rnf168/actr2a/actr2b/pias4a/eya1/ctc1/eya4/babam2",10
"GO:0042775","mitochondrial ATP synthesis coupled electron transport","14/1978","60/18773",0.233333333333333,2.21454330974048,3.23366729872806,0.0032416802405549,0.0656782679723693,0.0581051358166178,"sdha/ndufa10/ndufs8a/sdhdb/uqcrh/ndufv1/ndufv2/sdhc/cox7a2a/ndufs6/sdhaf2/uqcrb/ndufa8/ndufc2",14
"GO:1903047","mitotic cell cycle process","50/1978","322/18773",0.15527950310559,1.47374222032419,2.94264915226266,0.00332590146329141,0.0668460798522802,0.0591382913791097,"rock2a/anapc11/chfr/rtf2/lzts2a/gins1/mre11a/ccnd1/prc1b/cep192/kank2/aven/diaph2/nipblb/cdc25b/cdkn1ba/myh10/dctn2/mad1l1/rbl1/lats2/rad9a/ndel1b/dync1li2/rock1/mcm2/pcnt/ptpa/ndc80/pola1/ppp6c/ints3/wee1/ppp2r2d/fancd2/rb1/rad51/jtb/pla2g4aa/pafah1b1b/ewsr1a/sptlc1/ccnb3/spice1/aurkb/pafah1b1a/babam2/fbxl15/mcm3/tpra",50
"GO:0046394","carboxylic acid biosynthetic process","29/1978","163/18773",0.177914110429448,1.68856501268555,3.03000942597029,0.0033457891896866,0.0668460798522802,0.0591382913791097,"lta4h/aclya/tecrb/apc/fgfr4/lias/tle3a/glula/ptges3a/gamt/acsbg2/shmt1/hacd3/glulb/elovl8b/kdm1a/hacd1/cbr4/agxta/sephs1/wdtc1/bcat2/ptges3b/mecr/asl/mri1/cyp7b1/acsm3/mtrr",29
"GO:0000422","autophagy of mitochondrion","12/1978","48/18773",0.25,2.37272497472194,3.26792178059222,0.00340574107500484,0.0675746005019927,0.0597828088519907,"gabarapa/snx7/zgc:92606/atg4c/sqstm1/wipi1/map1lc3a/atg3/pink1/atg13/nipsnap3a/becn1",12
"GO:0016075","rRNA catabolic process","5/1978","11/18773",0.454545454545455,4.31404540858535,3.77305941222857,0.00345913794869505,0.0677002712816032,0.0598939889720347,"pelo/exosc8/exosc6/rnaset2/exosc5",5
"GO:0051123","RNA polymerase II preinitiation complex assembly","5/1978","11/18773",0.454545454545455,4.31404540858535,3.77305941222857,0.00345913794869505,0.0677002712816032,0.0598939889720347,"psmc6/taf7/taf6/taf11/gtf2b",5
"GO:0090504","epiboly","17/1978","80/18773",0.2125,2.01681622851365,3.12770923062531,0.00359802302733904,0.0695114723963826,0.0614963467992804,"lta4h/dsc2l/cyth3a/fzd7a/gab1/sdcbp2/alkbh4/diaph2/rhoac/flot2a/bcl2l10/rab5ab/ctsba/arhgef7b/arf6b/fdx1/g6pd",17
"GO:0006661","phosphatidylinositol biosynthetic process","15/1978","67/18773",0.223880597014925,2.12482833557189,3.16527608719838,0.00360000326279493,0.0695114723963826,0.0614963467992804,"pi4kb/zgc:158659/pik3cg/pik3c2a/cdipt/pigp/pik3ca/pik3c2b/pgap4/pigf/bpnt1/pigm/pip5k1ab/dpm1/mboat7",15
"GO:0046488","phosphatidylinositol metabolic process","22/1978","114/18773",0.192982456140351,1.83157717346957,3.05625238380736,0.00363501047198878,0.0697195008527448,0.0616803882194306,"pi4kb/zgc:158659/pik3cg/tpte/pik3c2a/cdipt/lpgat1/pigp/pik3ca/inppl1a/pik3c2b/pgap4/pigf/bpnt1/pigm/sacm1lb/ptena/pip5k1ab/dpm1/agpat5/ptenb/mboat7",22
"GO:0035329","hippo signaling","9/1978","31/18773",0.290322580645161,2.75542255129,3.35685796441147,0.00367753110557717,0.0700679270910299,0.0619886386426322,"tead1b/vgll4b/frmd6/nf2b/wwc3/lats2/dlg5b.1/slmapa/ajuba",9
"GO:0098876","vesicle-mediated transport to the plasma membrane","18/1978","87/18773",0.206896551724138,1.96363446183885,3.09166329089308,0.00377237587862519,0.0714021408079254,0.063169008826286,"snx12/exoc6/exoc1/snx7/rab11fip3/ccdc93/erbin/vps29/cnstb/vps51/snx3/wash1/stx3a/exoc4/rab35b/rab14/golga7/blzf1",18
"GO:0034440","lipid oxidation","13/1978","55/18773",0.236363636363636,2.24330361246438,3.16889048946594,0.0039773060534954,0.0747889510843546,0.0661652978145983,"acadl/ehhadh/hadhb/phyh/acads/crot/hadh/ech1/eci1/cpt1ab/auh/acadm/etfa",13
"GO:0016053","organic acid biosynthetic process","29/1978","165/18773",0.175757575757576,1.66809755798633,2.95808343922347,0.00401006948254402,0.0749153889693451,0.0662771565877747,"lta4h/aclya/tecrb/apc/fgfr4/lias/tle3a/glula/ptges3a/gamt/acsbg2/shmt1/hacd3/glulb/elovl8b/kdm1a/hacd1/cbr4/agxta/sephs1/wdtc1/bcat2/ptges3b/mecr/asl/mri1/cyp7b1/acsm3/mtrr",29
"GO:0008589","regulation of smoothened signaling pathway","11/1978","43/18773",0.255813953488372,2.42790462529687,3.21693993297878,0.00410205756791813,0.0752159037552462,0.0665430200611694,"kif7/gatad2b/lztfl1/sox11a/mgrn1a/intu/gas8/rest/rerea/smo/qkia",11
"GO:0140056","organelle localization by membrane tethering","11/1978","43/18773",0.255813953488372,2.42790462529687,3.21693993297878,0.00410205756791813,0.0752159037552462,0.0665430200611694,"stxbp2/stx12/cep290/uso1/stx2a/pam/stx5al/stx3a/exoc4/pdzd8/stx16",11
"GO:0046785","microtubule polymerization","8/1978","26/18773",0.307692307692308,2.92027689196547,3.36250587939218,0.00410458703148198,0.0752159037552462,0.0665430200611694,"camsap1b/cep192/tubgcp3/ndel1b/pcnt/traf3ip1/tubgcp5/zgc:66447",8
"GO:0022616","DNA strand elongation","6/1978","16/18773",0.375,3.55908746208291,3.51432436479739,0.00427485573024037,0.0768672495993846,0.0680039549718501,"pold3/gins1/pcna/lig3/pola1/mcm3",6
"GO:0038034","signal transduction in absence of ligand","6/1978","16/18773",0.375,3.55908746208291,3.51432436479739,0.00427485573024037,0.0768672495993846,0.0680039549718501,"eya3/bcl2l1/bcl2l10/eya1/baxb/eya4",6
"GO:0097192","extrinsic apoptotic signaling pathway in absence of ligand","6/1978","16/18773",0.375,3.55908746208291,3.51432436479739,0.00427485573024037,0.0768672495993846,0.0680039549718501,"eya3/bcl2l1/bcl2l10/eya1/baxb/eya4",6
"GO:0032956","regulation of actin cytoskeleton organization","34/1978","203/18773",0.167487684729064,1.58960885006002,2.89857453917189,0.0043376902642877,0.0771854666402024,0.0682854795148489,"rock2a/tmsb4x/tmod2/ap1ar/sptan1/cdc42ep1a/naa20/rhogb/fam49a/arpc5lb/kank2/alkbh4/rhoac/zgc:109889/fam49bb/arpin/mlst8/arhgap17b/add1/rac1a/vaspb/arpc3/rock1/rac1b/arpc5la/hax1/svila/dnm2b/capza1a/plekhg2/klhl41b/twf1a/arfip2a/zgc:154093",34
"GO:0000289","nuclear-transcribed mRNA poly(A) tail shortening","7/1978","21/18773",0.333333333333333,3.16363329962925,3.40445751890744,0.00437303825594473,0.0771854666402024,0.0682854795148489,"cnot2/tnrc6c1/cnot6a/cnot6b/samd4a/cnot3a/cnot3b",7
"GO:0045879","negative regulation of smoothened signaling pathway","7/1978","21/18773",0.333333333333333,3.16363329962925,3.40445751890744,0.00437303825594473,0.0771854666402024,0.0682854795148489,"kif7/gatad2b/lztfl1/sox11a/mgrn1a/rest/rerea",7
"GO:0007030","Golgi organization","16/1978","75/18773",0.213333333333333,2.02472531176272,3.0515390375285,0.00447184501326222,0.0779727157766995,0.0689819536974039,"cog4/fam174b/lysmd3/myo18ab/tmed7/uso1/vmp1/gorasp2/tmed2/tmed3/vps51/tango2/cog2/trip11/blzf1/armh3",16
"GO:0007224","smoothened signaling pathway","16/1978","75/18773",0.213333333333333,2.02472531176272,3.0515390375285,0.00447184501326222,0.0779727157766995,0.0689819536974039,"gli3/kif7/cdk11b/gatad2b/lztfl1/sox11a/mgrn1a/intu/gas8/b9d1/tnpo1/rest/rerea/hipk2/smo/qkia",16
"GO:0000122","negative regulation of transcription by RNA polymerase II","37/1978","227/18773",0.162995594713656,1.54697487338699,2.845336202376,0.00479459491128557,0.0830966840949914,0.0735150950887033,"sirt2/sin3b/gli3/sars1/brms1/mier2/phf14/ncor2/tgif1/gatad2b/ccnd1/sin3aa/zeb1b/rarga/prdm1a/kank2/sox11a/nr2f6a/hic1l/osr2/parp1/zbtb33/zgpat/zbtb16a/vdra/hdac5/foxo3b/dnmt3bb.1/bmi1b/cbx6a/skib/flcn/nr2f1a/aurkb/ldb2a/hdac3/cbx2",37
"GO:0001525","angiogenesis","54/1978","360/18773",0.15,1.42363498483316,2.78521807009844,0.00490264567563897,0.0839183067711511,0.0742419793178725,"sirt2/vash2/fermt2/arhgef9b/ppp4ca/spns2/sars1/rnf213a/robo4/jcada/nrp2a/pik3c2a/rasip1/plekhg5b/hars/vhl/shc1/spry2/unc45a/calcrlb/ephb4a/ptprb/cemip2/wnk1a/fbxw7/hlx1/nrarpa/sat1b/dab2/ptena/nrxn3a/arfgef2/iqsec1b/ptenb/kdr/sirt1/abca1a/arhgef7b/plekhg5a/pald1a/sema3ab/serpinf1/ephb4b/serpine1/pdgfab/ackr3a/krit1/uqcrb/nrp2b/ldb2a/cdh5/ralbb/hdac3/nfkb2",54
"GO:0022406","membrane docking","11/1978","44/18773",0.25,2.37272497472194,3.12846276838322,0.00495867645154525,0.0839183067711511,0.0742419793178725,"stxbp2/stx12/cep290/uso1/stx2a/pam/stx5al/stx3a/exoc4/pdzd8/stx16",11
"GO:0030917","midbrain-hindbrain boundary development","11/1978","44/18773",0.25,2.37272497472194,3.12846276838322,0.00495867645154525,0.0839183067711511,0.0742419793178725,"apc/en2b/foxl2b/cnpy1/sfpq/wls/myh10/ptk2ab/calm1a/foxl2a/slc7a6os",11
"GO:0043039","tRNA aminoacylation","11/1978","44/18773",0.25,2.37272497472194,3.12846276838322,0.00495867645154525,0.0839183067711511,0.0742419793178725,"gars1/sars1/vars1/aars1/hars/rars1/lars1b/eprs1/nars1/cars1/farsb",11
"GO:0002064","epithelial cell development","20/1978","103/18773",0.194174757281553,1.84289318425005,2.94372616309973,0.00502147337891692,0.0844840871996723,0.0747425215772305,"srgap2/tll1/tyro3/kirrel3l/tjp1a/kank2/dhps/ascl1a/ptk2ab/prkceb/add1/thada/sipa1l3/dnm2b/rilpl2/cdkal1/cldn5a/krit1/tjp2b/ccnc",20
"GO:0036503","ERAD pathway","16/1978","76/18773",0.210526315789474,1.99808418923953,2.99203328379278,0.00512284163072406,0.08522663072244,0.075399444994552,"calr/os9/sel1l/calr3a/man1a1/psmc6/calr3b/ufd1l/tmub2/hsp90b1/selenos/hspa5/erlec1/rnft2/bag6/uggt2",16
"GO:0042773","ATP synthesis coupled electron transport","14/1978","63/18773",0.222222222222222,2.1090888664195,3.02606420909398,0.00517994661522278,0.08522663072244,0.075399444994552,"sdha/ndufa10/ndufs8a/sdhdb/uqcrh/ndufv1/ndufv2/sdhc/cox7a2a/ndufs6/sdhaf2/uqcrb/ndufa8/ndufc2",14
"GO:0052548","regulation of endopeptidase activity","14/1978","63/18773",0.222222222222222,2.1090888664195,3.02606420909398,0.00517994661522278,0.08522663072244,0.075399444994552,"hip1/diablob/psen1/diabloa/pycard/bcl2l1/baxb/rb1/bbc3/lamtor5/serpinf1/serpinb14/serpine1/becn1",14
"GO:0006099","tricarboxylic acid cycle","8/1978","27/18773",0.296296296296296,2.81211848855934,3.23364678318066,0.00530259537689147,0.08522663072244,0.075399444994552,"mdh1aa/sdha/aco2/sdhdb/sdhc/cs/sdhaf2/suclg2",8
"GO:0016525","negative regulation of angiogenesis","8/1978","27/18773",0.296296296296296,2.81211848855934,3.23364678318066,0.00530259537689147,0.08522663072244,0.075399444994552,"sirt2/sars1/ptena/ptenb/serpinf1/serpine1/krit1/cdh5",8
"GO:0017015","regulation of transforming growth factor beta receptor signaling pathway","8/1978","27/18773",0.296296296296296,2.81211848855934,3.23364678318066,0.00530259537689147,0.08522663072244,0.075399444994552,"bambib/tgif1/bambia/vasnb/ppm1bb/nrros/skib/flcn",8
"GO:1903844","regulation of cellular response to transforming growth factor beta stimulus","8/1978","27/18773",0.296296296296296,2.81211848855934,3.23364678318066,0.00530259537689147,0.08522663072244,0.075399444994552,"bambib/tgif1/bambia/vasnb/ppm1bb/nrros/skib/flcn",8
"GO:2000181","negative regulation of blood vessel morphogenesis","8/1978","27/18773",0.296296296296296,2.81211848855934,3.23364678318066,0.00530259537689147,0.08522663072244,0.075399444994552,"sirt2/sars1/ptena/ptenb/serpinf1/serpine1/krit1/cdh5",8
"GO:0001933","negative regulation of protein phosphorylation","5/1978","12/18773",0.416666666666667,3.95454162453657,3.51342879603616,0.00541928221328819,0.0861396404841444,0.0762071787829651,"rtraf/pkig/aida/zgpat/smo",5
"GO:0042326","negative regulation of phosphorylation","5/1978","12/18773",0.416666666666667,3.95454162453657,3.51342879603616,0.00541928221328819,0.0861396404841444,0.0762071787829651,"rtraf/pkig/aida/zgpat/smo",5
"GO:0032970","regulation of actin filament-based process","34/1978","206/18773",0.16504854368932,1.56645920661254,2.80549690242249,0.00547338535424947,0.086521591561405,0.0765450884128121,"rock2a/tmsb4x/tmod2/ap1ar/sptan1/cdc42ep1a/naa20/rhogb/fam49a/arpc5lb/kank2/alkbh4/rhoac/zgc:109889/fam49bb/arpin/mlst8/arhgap17b/add1/rac1a/vaspb/arpc3/rock1/rac1b/arpc5la/hax1/svila/dnm2b/capza1a/plekhg2/klhl41b/twf1a/arfip2a/zgc:154093",34
"GO:0043491","phosphatidylinositol 3-kinase/protein kinase B signal transduction","15/1978","70/18773",0.214285714285714,2.03376426404738,2.97367369050079,0.00556241144031447,0.0874484028075668,0.0773650322846154,"zgc:158659/pik3cg/vav2/pik3c2a/pik3ip1/lims1/pik3c2b/btbd10b/ptena/rictorb/plekha1a/ptenb/pdgfab/tsc2/wdr91",15
"GO:0043161","proteasome-mediated ubiquitin-dependent protein catabolic process","42/1978","268/18773",0.156716417910448,1.48737983490032,2.75783844263321,0.005705504455159,0.0885130372665029,0.0783069074549161,"sirt2/anapc11/psmd4a/trim3a/fbxo22/psmc6/psmc5/ube2a/psmd6/cul2/cdc26/spoplb/styx/klhl4/spop/hectd1/trim71/rnf4/fbxo45/cul1a/psma8/usp25/cul5a/gsk3ab/psmc3/psmc2/rffl/tnfaip1/amn1/crbn/psma1/psmd4b/klhl41b/itchb/klhl20/fzr1a/psma6b/psmc1a/psmb3/fbxl3a/fbxl15/psmc1b",42
"GO:0071621","granulocyte chemotaxis","12/1978","51/18773",0.235294117647059,2.23315291738536,3.02624660071227,0.00577212369512691,0.0885130372665029,0.0783069074549161,"lta4h/cxcl12a/pik3cg/cxcl20/tnfrsf1a/lyn/inppl1a/cul1a/lgals3b/rac1a/ddx3xb/ddx3xa",12
"GO:0046890","regulation of lipid biosynthetic process","9/1978","33/18773",0.272727272727273,2.58842724515121,3.13413656743922,0.00580182099359807,0.0885130372665029,0.0783069074549161,"apc/fgfr4/pla2g6/tle3a/ormdl1/ormdl2/yy1b/kdm1a/wdtc1",9
"GO:0006120","mitochondrial electron transport, NADH to ubiquinone","7/1978","22/18773",0.318181818181818,3.01983178600974,3.25306497851523,0.00583881952653676,0.0885130372665029,0.0783069074549161,"ndufa10/ndufs8a/ndufv1/ndufv2/ndufs6/ndufa8/ndufc2",7
"GO:0006903","vesicle targeting","7/1978","22/18773",0.318181818181818,3.01983178600974,3.25306497851523,0.00583881952653676,0.0885130372665029,0.0783069074549161,"ap1ar/exoc6/tfg/pef1/fam91a1/arfgap2/exoc4",7
"GO:0051493","regulation of cytoskeleton organization","44/1978","284/18773",0.154929577464789,1.47042111109529,2.74137011780607,0.00585426568818461,0.0885130372665029,0.0783069074549161,"rock2a/tmsb4x/tmod2/ap1ar/sptan1/apc/cdc42ep1a/naa20/rhogb/camsap1b/fam49a/arpc5lb/kank2/alkbh4/rhoac/zgc:109889/fam49bb/arpin/mlst8/gsk3ab/arhgap17b/add1/rac1a/map1sb/vaspb/dync1li2/arpc3/rock1/rac1b/bicd2/arpc5la/hax1/svila/dnm2b/traf3ip1/capza1a/plekhg2/klhl41b/twf1a/arfip2a/zgc:66447/zgc:162200/zgc:154093/tpra",44
"GO:0032200","telomere organization","11/1978","45/18773",0.244444444444444,2.31999775306145,3.04237091651037,0.00595081574481449,0.0885130372665029,0.0783069074549161,"mre11a/hat1/zgc:113263/ptges3a/prkdc/ctc1/terfa/gar1/ufm1/ptges3b/ten1",11
"GO:0043038","amino acid activation","11/1978","45/18773",0.244444444444444,2.31999775306145,3.04237091651037,0.00595081574481449,0.0885130372665029,0.0783069074549161,"gars1/sars1/vars1/aars1/hars/rars1/lars1b/eprs1/nars1/cars1/farsb",11
"GO:0045010","actin nucleation","10/1978","39/18773",0.256410256410256,2.43356407663789,3.07547759449533,0.00598533488203709,0.0885130372665029,0.0783069074549161,"ap1ar/arpc5lb/zgc:109889/arpin/actr2a/actr2b/wash1/arpc3/arpc5la/arfip2a",10
"GO:0045727","positive regulation of translation","10/1978","39/18773",0.256410256410256,2.43356407663789,3.07547759449533,0.00598533488203709,0.0885130372665029,0.0783069074549161,"rmnd1/fxr1/ssb/upf3b/nck1a/fmr1/mettl5/dhx29/si:ch211-178n15.1/guf1",10
"GO:0014013","regulation of gliogenesis","6/1978","17/18773",0.352941176470588,3.34972937607803,3.32621721846403,0.00602460578480051,0.0885130372665029,0.0783069074549161,"sirt2/ctbp2a/nf2b/tenm4/sirt1/stat3",6
"GO:0033260","nuclear DNA replication","6/1978","17/18773",0.352941176470588,3.34972937607803,3.32621721846403,0.00602460578480051,0.0885130372665029,0.0783069074549161,"rtf2/gins1/mcm2/pola1/rad51/mcm3",6
"GO:0022900","electron transport chain","17/1978","84/18773",0.202380952380952,1.92077736048919,2.90254964031767,0.00605119907522713,0.0885130372665029,0.0783069074549161,"sdha/ndufa10/ndufs4/ndufs8a/sdhdb/uqcrh/etfdh/ndufv1/ndufv2/sdhc/cox7a2a/ndufs6/sdhaf2/uqcrb/ndufa8/fdx1/ndufc2",17
"GO:0051258","protein polymerization","27/1978","155/18773",0.174193548387097,1.653253530774,2.80258965206884,0.00606085100504034,0.0885130372665029,0.0783069074549161,"tmsb4x/tmod2/sptan1/cdc42ep1a/camsap1b/fam49a/arpc5lb/cep192/kank2/diaph2/tubgcp3/fam49bb/add1/ndel1b/vaspb/arpc3/pcnt/arpc5la/hax1/svila/traf3ip1/capza1a/plekhg2/twf1a/tubgcp5/zgc:66447/zgc:154093",27
"GO:0071826","protein-RNA complex organization","23/1978","126/18773",0.182539682539683,1.73246585455888,2.8310437665936,0.00609272675988516,0.0885291661019677,0.0783211765305812,"isy1/trnau1apb/u2af2a/prpf8/zgc:158803/zfand1/yju2/snrpg/eif3ja/ddx46/dyrk3/gemin8/crnkl1/tssc4/ptges3a/prpf18/denr/ptges3b/eif6/celf1/usp39/scaf11/lsm4",23
"GO:0044093","positive regulation of molecular function","21/1978","112/18773",0.1875,1.77954373104146,2.83962146622269,0.00624254658902317,0.0902502841036164,0.0798438384144831,"srgap2/hip1/ralgapa2/chn1/prrc1/aph1b/diablob/diabloa/pycard/arhgap17b/traf2b/baxb/ralgapa1/rb1/bbc3/tsc2/fzr1a/becn1/phactr4b/asap2a/zgc:63863",21
"GO:0003158","endothelium development","15/1978","71/18773",0.211267605633803,2.00511969694812,2.91193277164681,0.0063814319636145,0.0905893289979964,0.0801437892238462,"tll1/dlc/stab2/tjp1a/add1/tcf7l1b/sh3kbp1/kdr/cldn5a/krit1/smo/ets1/tjp2b/cdh5/fev",15
"GO:0007179","transforming growth factor beta receptor signaling pathway","13/1978","58/18773",0.224137931034483,2.12727066699209,2.95070436831667,0.00642343521570777,0.0905893289979964,0.0801437892238462,"eaf2/bambib/tgif1/bambia/vasnb/ppm1bb/nrros/skib/smad9/wfikkn1/flcn/acvr1l/smad5",13
"GO:0071559","response to transforming growth factor beta","13/1978","58/18773",0.224137931034483,2.12727066699209,2.95070436831667,0.00642343521570777,0.0905893289979964,0.0801437892238462,"eaf2/bambib/tgif1/bambia/vasnb/ppm1bb/nrros/skib/smad9/wfikkn1/flcn/acvr1l/smad5",13
"GO:0071560","cellular response to transforming growth factor beta stimulus","13/1978","58/18773",0.224137931034483,2.12727066699209,2.95070436831667,0.00642343521570777,0.0905893289979964,0.0801437892238462,"eaf2/bambib/tgif1/bambia/vasnb/ppm1bb/nrros/skib/smad9/wfikkn1/flcn/acvr1l/smad5",13
"GO:1901991","negative regulation of mitotic cell cycle phase transition","13/1978","58/18773",0.224137931034483,2.12727066699209,2.95070436831667,0.00642343521570777,0.0905893289979964,0.0801437892238462,"chfr/mre11a/ccnd1/kank2/aven/mad1l1/rbl1/ndc80/ints3/wee1/rb1/aurkb/babam2",13
"GO:0006457","protein folding","27/1978","156/18773",0.173076923076923,1.64265575173057,2.7660769707627,0.00661290734903712,0.0928065094789258,0.0821053143515879,"calr/ero1b/calr3a/tbcb/dnajb11/fkbp16/calr3b/erp44/hsp90b1/unc45a/hspa5/ahsa1b/hspa4a/dnajc2/dnaja2b/ptges3a/ppid/dnajc5ab/pdia4/pdia7/nudcd3/tor2a/ptges3b/qsox1/tor1/tbce/clpxa",27
"GO:1903313","positive regulation of mRNA metabolic process","16/1978","78/18773",0.205128205128205,1.94685126131031,2.87570770437949,0.00665579432820544,0.0929167053710855,0.0822028039395148,"patl1/fxr1/sb:cb81/cnot2/tnrc6c1/cnot6a/cnot6b/dcps/samd4a/cnot3a/cnot3b/dicer1/celf1/tra2b/dhx37/zfp36l1b",16
"GO:0008299","isoprenoid biosynthetic process","8/1978","28/18773",0.285714285714286,2.7116856853965,3.11056101286986,0.00674994488097215,0.0929167053710855,0.0822028039395148,"apc/hmgcs1/tle3a/kdm1a/idi1/hmgcrb/srd5a3/dhdds",8
"GO:1901343","negative regulation of vasculature development","8/1978","28/18773",0.285714285714286,2.7116856853965,3.11056101286986,0.00674994488097215,0.0929167053710855,0.0822028039395148,"sirt2/sars1/ptena/ptenb/serpinf1/serpine1/krit1/cdh5",8
"GO:1902017","regulation of cilium assembly","8/1978","28/18773",0.285714285714286,2.7116856853965,3.11056101286986,0.00674994488097215,0.0929167053710855,0.0822028039395148,"appb/cep290/rab11fip3/mcm2/entr1/usp8/tapt1a/grk5l",8
"GO:0006417","regulation of translation","28/1978","164/18773",0.170731707317073,1.62039754371255,2.73847567808714,0.00695615859582683,0.0951704133859586,0.0841966447385793,"eif4ebp1/rmnd1/trim3a/ptcd3/fxr1/ssb/upf3b/tnrc6c1/eif4ea/gcn1/cnot9/dap/samd4a/nck1a/fmr1/mettl5/caprin1b/eif4enif1/dhx29/cnot11/eif4e3/si:ch211-178n15.1/ago3b/guf1/eif4ebp3/casc3/paip2b/qkia",28
"GO:0009060","aerobic respiration","20/1978","106/18773",0.188679245283019,1.79073582997882,2.8017249606895,0.0069798252431134,0.0951704133859586,0.0841966447385793,"mdh1aa/sdha/ndufa10/aco2/ndufs8a/sdhdb/uqcrh/ndufs7/ndufv1/ndufv2/sdhc/cox7a2a/ndufs6/cs/sdhaf2/antkmt/uqcrb/ndufa8/ndufc2/suclg2",20
"GO:0000423","mitophagy","9/1978","34/18773",0.264705882352941,2.51229703205853,3.02887789056241,0.00716709590855905,0.0968062672719455,0.085643874014805,"gabarapa/snx7/zgc:92606/atg4c/sqstm1/map1lc3a/atg13/nipsnap3a/becn1",9
"GO:0010565","regulation of cellular ketone metabolic process","9/1978","34/18773",0.264705882352941,2.51229703205853,3.02887789056241,0.00716709590855905,0.0968062672719455,0.085643874014805,"apc/fgfr4/pdk4/tle3a/cpt1ab/kdm1a/wdtc1/pptc7a/etfa",9
"GO:0015931","nucleobase-containing compound transport","24/1978","135/18773",0.177777777777778,1.6872710931356,2.75025979809053,0.00721998797280125,0.0970649784941551,0.0858727541477296,"cpsf6/alyref/chtopa/nxt2/fxr1/slc25a36a/eif4ea/thoc1/slc17a9b/slc25a24/fmr1/lrrc8ab/xpot/nup35/phax/slc35c1/slbp/slc35a3a/slc29a1a/casc3/si:dkey-17o15.2/qkia/slc25a16/tpra",24
"GO:1902903","regulation of supramolecular fiber organization","29/1978","172/18773",0.168604651162791,1.60020986667294,2.71379863555074,0.00727388218313636,0.0971591522071448,0.0859560690181205,"tmsb4x/tmod2/ap1ar/sptan1/apc/cdc42ep1a/camsap1b/fam49a/arpc5lb/kank2/zgc:109889/fam49bb/arpin/add1/map1sb/vaspb/arpc3/rock1/arpc5la/hax1/svila/traf3ip1/capza1a/plekhg2/klhl41b/twf1a/arfip2a/zgc:66447/zgc:154093",29
"GO:0051168","nuclear export","15/1978","72/18773",0.208333333333333,1.97727081226828,2.85119665924679,0.00729453488937896,0.0971591522071448,0.0859560690181205,"cpsf6/alyref/chtopa/nxt2/lzts2a/eif4ea/thoc1/rangap1a/xpot/phax/npm1b/eif6/cse1l/si:dkey-17o15.2/tpra",15
"GO:0044282","small molecule catabolic process","35/1978","218/18773",0.160550458715596,1.52376833239024,2.66941082159143,0.00754828328177351,0.0987342533421502,0.0873495507313244,"gnpda1/adh8b/gcsha/acadl/tpi1a/gnpda2/pgd/ehhadh/hadhb/zgc:123305/gatd1/phyh/lpin2/dctd/acads/blmh/gstz1/crot/renbp/gpt2/hadh/ech1/aldh1l1/qdpra/eci1/hibch/afmid/aldh6a1/cpt1ab/aldh4a1/auh/acadm/etfa/srd5a3/got2b",35
"GO:0050657","nucleic acid transport","16/1978","79/18773",0.20253164556962,1.92220757445828,2.81883414613376,0.00755006455866286,0.0987342533421502,0.0873495507313244,"cpsf6/alyref/chtopa/nxt2/fxr1/eif4ea/thoc1/fmr1/xpot/nup35/phax/slbp/casc3/si:dkey-17o15.2/qkia/tpra",16
"GO:0050658","RNA transport","16/1978","79/18773",0.20253164556962,1.92220757445828,2.81883414613376,0.00755006455866286,0.0987342533421502,0.0873495507313244,"cpsf6/alyref/chtopa/nxt2/fxr1/eif4ea/thoc1/fmr1/xpot/nup35/phax/slbp/casc3/si:dkey-17o15.2/qkia/tpra",16
"GO:0051236","establishment of RNA localization","16/1978","79/18773",0.20253164556962,1.92220757445828,2.81883414613376,0.00755006455866286,0.0987342533421502,0.0873495507313244,"cpsf6/alyref/chtopa/nxt2/fxr1/eif4ea/thoc1/fmr1/xpot/nup35/phax/slbp/casc3/si:dkey-17o15.2/qkia/tpra",16
"GO:0061009","common bile duct development","7/1978","23/18773",0.304347826086957,2.88853475183541,3.11004501577081,0.00764241604756148,0.0990415809406954,0.0876214414556836,"atp6ap2/snapc4/snapc2/dnmt1/ilf2/jag2b/arf6b",7
"GO:1904263","positive regulation of TORC1 signaling","7/1978","23/18773",0.304347826086957,2.88853475183541,3.11004501577081,0.00764241604756148,0.0990415809406954,0.0876214414556836,"lamtor4/lamtor2/otud5a/lamtor5/lamtor3/mios/flcn",7
"GO:0006354","DNA-templated transcription elongation","12/1978","53/18773",0.226415094339623,2.14888299597459,2.87434720054571,0.00796708194404678,0.102786075125662,0.0909341710677607,"ell2/ccnt1/eaf2/cdk12/zmynd11/nelfcd/nelfe/rnf168/wdr82/supt6h/nelfb/ctr9",12
"GO:0031365","N-terminal protein amino acid modification","5/1978","13/18773",0.384615384615385,3.65034611495683,3.28047146653287,0.00805029084134561,0.103395922993533,0.0914736995036357,"naa20/naa35/nmt1a/nmt2/naa10",5
"GO:0007020","microtubule nucleation","6/1978","18/18773",0.333333333333333,3.16363329962925,3.15166310375168,0.00824279677953793,0.105397894821025,0.0932448309376502,"cep192/tubgcp3/ndel1b/pcnt/tubgcp5/zgc:66447",6
"GO:1902600","proton transmembrane transport","16/1978","80/18773",0.2,1.89817997977755,2.76278616994496,0.00853807494149383,0.10869044958707,0.0961577326899492,"atp6v0e1/slc9a7/slc9a8/atp6v1c1a/atp5mc1/atp6v0a2b/atp6v1e1a/atp5pd/atp6v1e1b/ndufs7/atp6v0cb/tcirg1b/atp6v1h/hvcn1/atp6v0ca/atp6v1ba",16
"GO:0061013","regulation of mRNA catabolic process","20/1978","108/18773",0.185185185185185,1.75757405534959,2.70957630560613,0.00860144242391438,0.109014757064324,0.096444645402388,"patl1/fxr1/sb:cb81/hnrnpa0a/cnot2/tnrc6c1/pum1/cnot6a/cnot6b/dcps/samd4a/cnot3a/fmr1/igf2bp2b/cnot3b/pum2/dicer1/celf1/zfp36l1b/qkia",20
"GO:0090092","regulation of transmembrane receptor protein serine/threonine kinase signaling pathway","23/1978","130/18773",0.176923076923077,1.67915921288014,2.66663628950039,0.00891408343083875,0.11248165802861,0.0995117901004991,"lzts2a/tll1/fstl1b/bambib/zmynd11/tgif1/bambia/vasnb/ppm1bb/net1/dab2/nomo/nrros/skib/fstl1a/smad9/flcn/acvr1l/ldb2a/smad5/fbxl15/tsc22d3/araf",23
"GO:0032271","regulation of protein polymerization","21/1978","116/18773",0.181034482758621,1.71818015410899,2.66268566996149,0.0093495334066289,0.117461168606425,0.103917130669863,"tmsb4x/tmod2/sptan1/cdc42ep1a/camsap1b/fam49a/arpc5lb/kank2/fam49bb/add1/vaspb/arpc3/arpc5la/hax1/svila/traf3ip1/capza1a/plekhg2/twf1a/zgc:66447/zgc:154093",21
"GO:0008033","tRNA processing","20/1978","109/18773",0.18348623853211,1.7414495227317,2.66422493329044,0.00951939575567837,0.119075224300377,0.105345075227599,"rtraf/dus2/tyw1/rtcb/thumpd2/tsen2/dus3l/ssb/thg1l/tsen34/mettl2a/thumpd3/trmt13/thada/nat10/prorp/cdkal1/zbtb8os/nsun2/trmt12",20
"GO:0006979","response to oxidative stress","16/1978","81/18773",0.197530864197531,1.87474565903956,2.70753968898154,0.0096264561431872,0.119893135601513,0.106068676027463,"sirt2/txnrd3/prdx3/sod2/ndufa12/hmox1a/hmox2a/sesn3/nfe2l2a/ndufa6/oxr1b/prdx1/sod1/sesn1/gpx1b/gclc",16
"GO:0001932","regulation of protein phosphorylation","11/1978","48/18773",0.229166666666667,2.17499789349511,2.79721086088672,0.00988215424946786,0.122547231791892,0.108416737637084,"rtraf/pkig/prrc1/prkar2aa/brat1/aida/prkar1ab/traf2b/zgpat/prkar1aa/smo",11
"GO:0031123","RNA 3'-end processing","13/1978","61/18773",0.213114754098361,2.02265079812362,2.74543134038251,0.00993616412291426,0.122688172453323,0.108541426922099,"cpsf6/exosc8/exosc6/cstf3/rprd2a/exosc5/slbp/cstf2/zgc:152968/eri1/nudt21/larp7/cstf1",13
"GO:0051336","regulation of hydrolase activity","27/1978","161/18773",0.167701863354037,1.59164159795012,2.58734016120253,0.010033445724388,0.123359928842155,0.109135725423168,"appb/srgap2/sh3bp4a/hip1/ralgapa2/chn1/diablob/vps51/psen1/diabloa/pycard/arhgap17b/tegt/bcl2l1/baxb/ralgapa1/rb1/bbc3/lamtor5/serpinf1/serpinb14/serpine1/tsc2/wfikkn1/becn1/asap2a/zgc:63863",27
"GO:0022603","regulation of anatomical structure morphogenesis","45/1978","301/18773",0.149501661129568,1.41890530049817,2.51432003366029,0.0101339576888245,0.124002863427495,0.109704525462445,"sirt2/vash2/fermt2/cxcl12a/sars1/arhgap35a/palm1a/rnf213a/cdc42ep1a/rhogb/plxnb3/camsap1b/stab2/nf2b/pigp/zeb1b/pik3ca/vhl/hecw2a/stab1/alkbh4/mia2/cemip2/myh10/flot2a/mapk14a/ptk2ab/fmr1/rac1a/mia3/ptena/tenm4/rac1b/pink1/ptenb/kdr/sirt1/serpinf1/serpine1/stat3/krit1/fdx1/cdh5/zgc:154093/parp3",45
"GO:0006260","DNA replication","24/1978","139/18773",0.172661870503597,1.63871652930436,2.59382649586067,0.0103333812175194,0.124002863427495,0.109704525462445,"rtf2/pold3/baz1a/sde2/gins1/rfc2/noc3l/pold1/parp1/prim2/ssrp1a/pcna/mcm2/lig3/orc3/mgme1/pola1/ctc1/rad51/ddx11/timeless/mcm3/atrxl/mcm5",24
"GO:0006368","transcription elongation by RNA polymerase II","10/1978","42/18773",0.238095238095238,2.25973807116375,2.80480601534535,0.0103587644806271,0.124002863427495,0.109704525462445,"ell2/eaf2/cdk12/zmynd11/nelfcd/nelfe/rnf168/supt6h/nelfb/ctr9",10
"GO:1902749","regulation of cell cycle G2/M phase transition","10/1978","42/18773",0.238095238095238,2.25973807116375,2.80480601534535,0.0103587644806271,0.124002863427495,0.109704525462445,"chfr/mre11a/ccnd1/dyrk3/aven/cdc25b/ints3/wee1/aurkb/babam2",10
"GO:1903432","regulation of TORC1 signaling","10/1978","42/18773",0.238095238095238,2.25973807116375,2.80480601534535,0.0103587644806271,0.124002863427495,0.109704525462445,"lamtor4/castor2/lamtor2/otud5a/sesn3/sesn1/lamtor5/lamtor3/mios/flcn",10
"GO:0030595","leukocyte chemotaxis","14/1978","68/18773",0.205882352941176,1.95400880271219,2.70462086674644,0.0103874487612187,0.124002863427495,0.109704525462445,"lta4h/cxcl12a/pik3cg/cxcl20/tnfrsf1a/lyn/inppl1a/cul1a/lgals3b/rac1a/ddx3xb/p2rx7/ddx3xa/ch25h",14
"GO:0033334","fin morphogenesis","14/1978","68/18773",0.205882352941176,1.95400880271219,2.70462086674644,0.0103874487612187,0.124002863427495,0.109704525462445,"hmcn1/vav2/apc/sec23a/tll1/ext2/furina/prdm1a/nipblb/frem2a/uba2/crbn/smo/acvr1l",14
"GO:0000245","spliceosomal complex assembly","9/1978","36/18773",0.25,2.37272497472194,2.82919687303373,0.0106183927379043,0.126236016144424,0.111680181123325,"isy1/trnau1apb/u2af2a/zgc:158803/ddx46/crnkl1/celf1/usp39/scaf11",9
"GO:0042180","cellular ketone metabolic process","15/1978","75/18773",0.2,1.89817997977755,2.67469851633021,0.0106727287388361,0.126359837784492,0.111789725321662,"tpi1a/apc/fgfr4/pdk4/gatd1/coq8aa/tle3a/coq7/afmid/cpt1ab/kdm1a/wdtc1/coq3/pptc7a/etfa",15
"GO:0045446","endothelial cell differentiation","12/1978","55/18773",0.218181818181818,2.07074179612097,2.72907072768488,0.0107661911310743,0.126768861880636,0.11215158627495,"tll1/dlc/stab2/tjp1a/add1/tcf7l1b/kdr/cldn5a/krit1/smo/ets1/tjp2b",12
"GO:0006520","amino acid metabolic process","36/1978","231/18773",0.155844155844156,1.47910128294355,2.51439467180302,0.0107954018633145,0.126768861880636,0.11215158627495,"gars1/gcsha/sars1/vars1/aars1/hars/rars1/lars1b/eprs1/ctps1a/blmh/gstz1/gpt2/nars1/glula/gnmt/cars1/qdpra/gmps/hibch/afmid/farsb/aldh6a1/shmt1/odc1/glulb/agxta/dglucy/sephs1/bcat2/aldh4a1/asl/mri1/got2b/gclc/mtrr",36
"GO:0008285","negative regulation of cell population proliferation","17/1978","89/18773",0.191011235955056,1.81286852001227,2.63790281462645,0.0108609245450307,0.127019837057127,0.112373622378623,"sirt2/cxcl12a/sh3bp4a/si:dkey-192g7.3/si:dkey-169i5.4/phf14/si:dkey-42i9.4/nf2b/kank2/cd276/lgals9l3/cdkn1ba/men1/ptena/nupr1a/ptenb/atraid",17
"GO:0044786","cell cycle DNA replication","6/1978","19/18773",0.31578947368421,2.99712628385929,2.98891651252578,0.0109912010629667,0.128023018049212,0.113261130067137,"rtf2/gins1/mcm2/pola1/rad51/mcm3",6
"GO:0009953","dorsal/ventral pattern formation","26/1978","155/18773",0.167741935483871,1.59202191852311,2.5398936622431,0.0113263146385096,0.130731702938703,0.115657485943246,"ppp4ca/lzts2a/tll1/fstl1b/bambia/spry2/aida/dusp6/net1/usp25/ap2a1/gsk3ab/rest/otud4/ctsba/skib/snai1a/smad9/smo/acvr1l/rbm14b/smad5/fbxl15/hdac3/usp5/tsc22d3",26
"GO:0006278","RNA-templated DNA biosynthetic process","5/1978","14/18773",0.357142857142857,3.38960710674563,3.06947492313652,0.0114509520822222,0.130731702938703,0.115657485943246,"ptges3a/terfa/gar1/ptges3b/ten1",5
"GO:0007004","telomere maintenance via telomerase","5/1978","14/18773",0.357142857142857,3.38960710674563,3.06947492313652,0.0114509520822222,0.130731702938703,0.115657485943246,"ptges3a/terfa/gar1/ptges3b/ten1",5
"GO:0071025","RNA surveillance","5/1978","14/18773",0.357142857142857,3.38960710674563,3.06947492313652,0.0114509520822222,0.130731702938703,0.115657485943246,"pelo/exosc8/exosc6/exosc5/wdr82",5
"GO:1902275","regulation of chromatin organization","5/1978","14/18773",0.357142857142857,3.38960710674563,3.06947492313652,0.0114509520822222,0.130731702938703,0.115657485943246,"baz1a/unga/ssrp1a/atf7ip/phf2",5
"GO:0061014","positive regulation of mRNA catabolic process","14/1978","69/18773",0.202898550724638,1.92568983455694,2.64363324883662,0.0118019800135448,0.133413539874374,0.118030089609512,"patl1/fxr1/sb:cb81/cnot2/tnrc6c1/cnot6a/cnot6b/dcps/samd4a/cnot3a/cnot3b/dicer1/celf1/zfp36l1b",14
"GO:0043488","regulation of mRNA stability","19/1978","104/18773",0.182692307692308,1.7339144046045,2.57560918884926,0.0118249748585212,0.133413539874374,0.118030089609512,"patl1/fxr1/sb:cb81/hnrnpa0a/cnot2/tnrc6c1/pum1/cnot6a/cnot6b/dcps/samd4a/cnot3a/fmr1/igf2bp2b/cnot3b/pum2/dicer1/zfp36l1b/qkia",19
"GO:0051052","regulation of DNA metabolic process","19/1978","104/18773",0.182692307692308,1.7339144046045,2.57560918884926,0.0118249748585212,0.133413539874374,0.118030089609512,"h1-0/eya3/baz1a/mre11a/zgc:113263/smek1/rnf168/actr2a/actr2b/pcna/pias4a/eya1/ctc1/terfa/ufm1/timeless/eya4/ten1/babam2",19
"GO:0000723","telomere maintenance","10/1978","43/18773",0.232558139534884,2.20718602299715,2.71968089122619,0.0122547362723571,0.137722172873326,0.121841909155261,"mre11a/zgc:113263/ptges3a/prkdc/ctc1/terfa/gar1/ufm1/ptges3b/ten1",10
"GO:2001236","regulation of extrinsic apoptotic signaling pathway","9/1978","37/18773",0.243243243243243,2.30859727270243,2.73430430551385,0.0127510753074162,0.142742582332438,0.126283432698474,"eya3/tnfsf10/lta/lgals3b/rffl/eya1/snx13/tnfsf10l4/eya4",9
"GO:1990266","neutrophil migration","14/1978","70/18773",0.2,1.89817997977755,2.5836588360503,0.0133618721568524,0.149000411609552,0.13181969349355,"lta4h/cxcl12a/pik3cg/cxcl20/tnfrsf1a/lyn/jagn1b/inppl1a/cul1a/lgals3b/rac1a/rac1b/ddx3xb/ddx3xa",14
"GO:0051656","establishment of organelle localization","33/1978","211/18773",0.156398104265403,1.48435875195875,2.42814382370264,0.0134943323525284,0.149896502618626,0.132612459371728,"stxbp2/snapin/ap1ar/exoc6/tfg/prickle2b/lin7c/pef1/diaph2/psen2/fam91a1/arfgap2/dctn2/mad1l1/rhot1a/trim32/ndel1b/dync1li2/exoc4/ndc80/lmnb1/bbs7/trak2/npm1b/pafah1b1b/eif6/ift27/sptlc1/ccdc186/lmna/spice1/aurkb/pafah1b1a",33
"GO:0097191","extrinsic apoptotic signaling pathway","12/1978","57/18773",0.210526315789474,1.99808418923953,2.58986125085069,0.0142687368145141,0.157889060828297,0.139683423552612,"eya3/tnfsf10/lta/lgals3b/bcl2l1/rffl/bcl2l10/eya1/baxb/snx13/tnfsf10l4/eya4",12
"GO:0009411","response to UV","6/1978","20/18773",0.3,2.84726996966633,2.83653667711787,0.0143289678365524,0.157948047761537,0.139735608908182,"pold3/ddb2/mapk14a/perp/mapk14b/aurkb",6
"GO:0060026","convergent extension","27/1978","166/18773",0.162650602409639,1.54370058596367,2.41464938437792,0.0147739539788652,0.161579425834493,0.142948265432853,"rock2a/dsc2l/appb/lpp/fzd7a/lzts2a/tab2/eaf2/pigp/diaph2/ephb4a/ppp1caa/prmt1/ptk2ab/ap2a1/lats2/map2k4b/ptenb/ctsba/tax1bp3/dvl3a/kdm6a/hipk2/csrp1a/acvr1l/smad5/dvl2",27
"GO:0043254","regulation of protein-containing complex assembly","23/1978","136/18773",0.169117647058824,1.60507865937073,2.43036610607197,0.0150502291744841,0.161579425834493,0.142948265432853,"tmsb4x/tmod2/sptan1/cdc42ep1a/psmc6/camsap1b/fam49a/arpc5lb/kank2/aida/fam49bb/add1/vaspb/arpc3/arpc5la/hax1/svila/traf3ip1/capza1a/plekhg2/twf1a/zgc:66447/zgc:154093",23
"GO:0110053","regulation of actin filament organization","23/1978","136/18773",0.169117647058824,1.60507865937073,2.43036610607197,0.0150502291744841,0.161579425834493,0.142948265432853,"tmsb4x/tmod2/ap1ar/sptan1/cdc42ep1a/fam49a/arpc5lb/kank2/zgc:109889/fam49bb/arpin/add1/vaspb/arpc3/rock1/arpc5la/hax1/svila/capza1a/plekhg2/twf1a/arfip2a/zgc:154093",23
"GO:0035107","appendage morphogenesis","14/1978","71/18773",0.197183098591549,1.87144505048491,2.5246638871981,0.0150763662394021,0.161579425834493,0.142948265432853,"hmcn1/vav2/apc/sec23a/tll1/ext2/furina/prdm1a/nipblb/frem2a/uba2/crbn/smo/acvr1l",14
"GO:0001945","lymph vessel development","15/1978","78/18773",0.192307692307692,1.82517305747842,2.50615552389212,0.0151725451985067,0.161579425834493,0.142948265432853,"cxcl12a/foxo1b/prox3/stab2/stab1/ephb4a/psen1/dhx15/mafba/grb2b/cpt1ab/iqsec1b/spred1/junba/smad5",15
"GO:0022904","respiratory electron transport chain","15/1978","78/18773",0.192307692307692,1.82517305747842,2.50615552389212,0.0151725451985067,0.161579425834493,0.142948265432853,"sdha/ndufa10/ndufs8a/sdhdb/uqcrh/etfdh/ndufv1/ndufv2/sdhc/cox7a2a/ndufs6/sdhaf2/uqcrb/ndufa8/ndufc2",15
"GO:0006054","N-acetylneuraminate metabolic process","4/1978","10/18773",0.4,3.79635995955511,3.03543087994759,0.0153147880751608,0.161579425834493,0.142948265432853,"cmasa/gnpda1/gnpda2/renbp",4
"GO:0006098","pentose-phosphate shunt","4/1978","10/18773",0.4,3.79635995955511,3.03543087994759,0.0153147880751608,0.161579425834493,0.142948265432853,"pgd/rpe/taldo1/g6pd",4
"GO:0034389","lipid droplet organization","4/1978","10/18773",0.4,3.79635995955511,3.03543087994759,0.0153147880751608,0.161579425834493,0.142948265432853,"rnf213a/rab18b/si:ch211-11n16.2/rab18a",4
"GO:0051898","negative regulation of phosphatidylinositol 3-kinase/protein kinase B signal transduction","4/1978","10/18773",0.4,3.79635995955511,3.03543087994759,0.0153147880751608,0.161579425834493,0.142948265432853,"pik3ip1/plekha1a/tsc2/wdr91",4
"GO:0030111","regulation of Wnt signaling pathway","29/1978","182/18773",0.159340659340659,1.51228624762497,2.38328197409044,0.0154859457534868,0.161579425834493,0.142948265432853,"rnf25/atp6ap2/rnf213a/apc/lzts2a/fam53b/eaf2/bambib/csnk1g2a/otud5a/bambia/tle3a/nipblb/amer1/psen1/ppm1bb/cemip2/tmem88b/gsk3ab/csnk1g2b/gskip/dab2/nradd/nlk2/foxo3b/fto/dvl3a/tsc2/dvl2",29
"GO:0000470","maturation of LSU-rRNA","7/1978","26/18773",0.269230769230769,2.55524228046978,2.72331106719009,0.0154993422072262,0.161579425834493,0.142948265432853,"las1l/nop2/rbm34/eif6/nol9/rpf1/trmt112",7
"GO:0006270","DNA replication initiation","7/1978","26/18773",0.269230769230769,2.55524228046978,2.72331106719009,0.0154993422072262,0.161579425834493,0.142948265432853,"noc3l/prim2/mcm2/orc3/pola1/mcm3/mcm5",7
"GO:0007005","mitochondrion organization","34/1978","221/18773",0.153846153846154,1.46013844598273,2.3613899075681,0.0155397192322379,0.161579425834493,0.142948265432853,"bnip4/higd2a/ndufa12/si:ch211-11k18.4/rab5if/mtx3/sdhaf4/slc25a36a/cox19/chchd6b/apoob/ndufaf3/ndufs8a/timm10/nubpl/ndufs7/rhot1a/bcl2l1/atg3/bcl2l10/apooa/mgme1/immt/baxb/pink1/trak2/mfn1b/cox7a2a/bbc3/sdhaf2/etfa/oxa1l/zgc:193742/cox20",34
"GO:0007041","lysosomal transport","11/1978","51/18773",0.215686274509804,2.04705684093658,2.5695533465187,0.0155570041557715,0.161579425834493,0.142948265432853,"snapin/rab7a/mgrn1b/igf2r/mgrn1a/vps51/ankfy1/sybl1/arl8ba/zgc:100918/mvb12a",11
"GO:0044839","cell cycle G2/M phase transition","11/1978","51/18773",0.215686274509804,2.04705684093658,2.5695533465187,0.0155570041557715,0.161579425834493,0.142948265432853,"chfr/mre11a/ccnd1/dyrk3/aven/cdc25b/ints3/wee1/aurkb/babam2/fbxl15",11
"GO:0045333","cellular respiration","22/1978","129/18773",0.170542635658915,1.61860308353125,2.41944526102431,0.0156460379381861,0.161919608446624,0.1432492227737,"mdh1aa/sdha/ndufa10/aco2/ndufs8a/sdhdb/uqcrh/ndufs7/etfdh/ndufv1/ndufv2/sdhc/cox7a2a/ndufs6/cs/sdhaf2/antkmt/sigmar1/uqcrb/ndufa8/ndufc2/suclg2",22
"GO:0032204","regulation of telomere maintenance","5/1978","15/18773",0.333333333333333,3.16363329962925,2.8768315500015,0.0157111418271496,0.162010591529425,0.143329714914348,"mre11a/zgc:113263/terfa/ufm1/ten1",5
"GO:0000209","protein polyubiquitination","21/1978","122/18773",0.172131147540984,1.63367949079216,2.40977734923276,0.0162336416729222,0.166207071505328,0.147042313411222,"mkrn1/rnf213a/trim3a/cdc34a/fbxo22/ube2a/ube2h/cdc26/ube2l3a/hectd1/trip12/trim71/traf6/rnf168/fbxw7/ube2v1/ube2d2l/ube2e2/traf7/ube2r2/ube3a",21
"GO:0022618","protein-RNA complex assembly","21/1978","122/18773",0.172131147540984,1.63367949079216,2.40977734923276,0.0162336416729222,0.166207071505328,0.147042313411222,"isy1/trnau1apb/u2af2a/prpf8/zgc:158803/yju2/snrpg/eif3ja/ddx46/gemin8/crnkl1/tssc4/ptges3a/prpf18/denr/ptges3b/eif6/celf1/usp39/scaf11/lsm4",21
"GO:0032535","regulation of cellular component size","29/1978","183/18773",0.158469945355191,1.50402238834833,2.35133273579188,0.0166070187020248,0.169426924842998,0.149890896683449,"tmsb4x/tmod2/cxcl12a/lamtor4/arhgap35a/sptan1/cdc42ep1a/ext2/fam49a/slc12a4/pik3ca/arpc5lb/unc45a/kank2/fam49bb/mapk14a/add1/vaspb/arpc3/arpc5la/hax1/svila/capza1a/plekhg2/piezo1/stat3/si:ch211-178n15.1/twf1a/zgc:154093",29
"GO:0080135","regulation of cellular response to stress","20/1978","115/18773",0.173913043478261,1.65059128676309,2.40161302727289,0.0168044495615613,0.170835340595801,0.151136912924884,"hyou1/eya3/yju2/vhl/socs3a/sfpq/mia2/smek1/il6st/rnf168/rnft2/nck1a/actr2a/mia3/actr2b/pias4a/eya1/sigmar1/eya4/babam2",20
"GO:0032835","glomerulus development","14/1978","72/18773",0.194444444444444,1.84545275811707,2.4666162636121,0.0169547393238904,0.171197289162452,0.1514571264639,"podxl/srgap2/tyro3/kirrel3l/cd2ap/kank2/tmem234/prkceb/mafba/ctns/ponzr1/dnm2b/myo1cb/ccnc",14
"GO:0006119","oxidative phosphorylation","15/1978","79/18773",0.189873417721519,1.80206960105464,2.45161853106312,0.0169590640984702,0.171197289162452,0.1514571264639,"sdha/ndufa10/ndufs8a/sdhdb/uqcrh/ndufv1/ndufv2/sdhc/cox7a2a/ndufs6/sdhaf2/antkmt/uqcrb/ndufa8/ndufc2",15
"GO:0097190","apoptotic signaling pathway","27/1978","168/18773",0.160714285714286,1.52532319803553,2.34717135009174,0.0171110913415219,0.172128006257198,0.152280525814502,"bnip4/hyou1/eya3/tnfsf10/diablob/zgc:110239/lta/dap/lgals3b/diabloa/pycard/nck1a/rhot1a/tegt/bcl2l1/rffl/bcl2l10/prkdc/eya1/baxb/bbc3/hipk2/snx13/ctsh/tp63/tnfsf10l4/eya4",27
"GO:0010389","regulation of G2/M transition of mitotic cell cycle","9/1978","39/18773",0.230769230769231,2.1902076689741,2.55339616720249,0.0179463664368569,0.179276723051518,0.158604948992398,"chfr/mre11a/ccnd1/aven/cdc25b/ints3/wee1/aurkb/babam2",9
"GO:0071897","DNA biosynthetic process","9/1978","39/18773",0.230769230769231,2.1902076689741,2.55339616720249,0.0179463664368569,0.179276723051518,0.158604948992398,"pold3/pold1/ptges3a/pcna/lig3/terfa/gar1/ptges3b/ten1",9
"GO:0019318","hexose metabolic process","17/1978","94/18773",0.180851063829787,1.71643934341587,2.38970864821853,0.0182912899209403,0.180416863791522,0.159613624077676,"arpp19a/tpi1a/pdk4/pfkfb4a/fbp1a/man2b2/akr1a1b/dcxr/gnmt/galk1/fuca2/g6pc3/fuca1.1/pcxa/g6pd/pmm2/adpgk2",17
"GO:0033619","membrane protein proteolysis","6/1978","21/18773",0.285714285714286,2.7116856853965,2.69332201656024,0.0183113396687955,0.180416863791522,0.159613624077676,"adam19b/sppl2/psen1/psen2/hm13/sppl3",6
"GO:0034198","cellular response to amino acid starvation","6/1978","21/18773",0.285714285714286,2.7116856853965,2.69332201656024,0.0183113396687955,0.180416863791522,0.159613624077676,"gcn1/sesn3/dap/trim32/sesn1/mios",6
"GO:0035924","cellular response to vascular endothelial growth factor stimulus","6/1978","21/18773",0.285714285714286,2.7116856853965,2.69332201656024,0.0183113396687955,0.180416863791522,0.159613624077676,"nrp2a/cd63/cemip2/pink1/kdr/nrp2b",6
"GO:0043414","macromolecule methylation","15/1978","80/18773",0.1875,1.77954373104146,2.39786310926461,0.0189023692885416,0.183475658030085,0.162319719414136,"thumpd2/tfb2m/lyn/mettl2a/thumpd3/prmt1/mettl5/trmt13/thada/emg1/nop2/nsun4/nsun2/larp7/trmt12",15
"GO:0062012","regulation of small molecule metabolic process","13/1978","66/18773",0.196969696969697,1.86941967705365,2.42816263627424,0.0189171088181662,0.183475658030085,0.162319719414136,"arpp19a/apc/fgfr4/pdk4/tle3a/akr1a1b/gnmt/cpt1ab/kdm1a/wdtc1/antkmt/pptc7a/etfa",13
"GO:0000768","syncytium formation by plasma membrane fusion","7/1978","27/18773",0.259259259259259,2.46060367748942,2.60638386122887,0.0190682035978434,0.183475658030085,0.162319719414136,"slc3a2b/tcta/kirrel3l/mapk14a/rac1a/mapk14b/ppp2r2d",7
"GO:0006094","gluconeogenesis","7/1978","27/18773",0.259259259259259,2.46060367748942,2.60638386122887,0.0190682035978434,0.183475658030085,0.162319719414136,"arpp19a/tpi1a/fbp1a/akr1a1b/gnmt/g6pc3/pcxa",7
"GO:0006949","syncytium formation","7/1978","27/18773",0.259259259259259,2.46060367748942,2.60638386122887,0.0190682035978434,0.183475658030085,0.162319719414136,"slc3a2b/tcta/kirrel3l/mapk14a/rac1a/mapk14b/ppp2r2d",7
"GO:0032008","positive regulation of TOR signaling","7/1978","27/18773",0.259259259259259,2.46060367748942,2.60638386122887,0.0190682035978434,0.183475658030085,0.162319719414136,"lamtor4/lamtor2/otud5a/lamtor5/lamtor3/mios/flcn",7
"GO:0140253","cell-cell fusion","7/1978","27/18773",0.259259259259259,2.46060367748942,2.60638386122887,0.0190682035978434,0.183475658030085,0.162319719414136,"slc3a2b/tcta/kirrel3l/mapk14a/rac1a/mapk14b/ppp2r2d",7
"GO:2000146","negative regulation of cell motility","10/1978","46/18773",0.217391304347826,2.06323910845386,2.47773106274777,0.019515544024633,0.18715406719623,0.16557398404057,"rap2c/ap1ar/cxcl12a/srgap2/plxnb3/inppl1a/arpin/aldh1l1/srgap1a/smad5",10
"GO:0005996","monosaccharide metabolic process","18/1978","102/18773",0.176470588235294,1.67486468803902,2.34537025646064,0.0196070482634587,0.187406903169338,0.165797666378889,"arpp19a/tpi1a/pdk4/pfkfb4a/fbp1a/man2b2/akr1a1b/dcxr/gnmt/galk1/fuca2/g6pc3/fuca1.1/pcxa/fggy/g6pd/pmm2/adpgk2",18
"GO:0031344","regulation of cell projection organization","32/1978","209/18773",0.15311004784689,1.45315213762875,2.26078783953272,0.0196735767189301,0.187420133180007,0.165809370883141,"podxl/cxcl12a/tfg/appb/arhgap35a/cep290/snap29/cdc42ep1a/plxnb3/rab11fip3/pik3ca/hecw2a/unc45a/socs3a/sfpq/selenow2a/il6st/mapk14a/fmr1/gsk3ab/ndel1b/tenm4/mcm2/usp48/entr1/usp8/si:ch211-66i15.4/tapt1a/grk5l/twf1a/mycbp2/zgc:154093",32
"GO:0030162","regulation of proteolysis","28/1978","178/18773",0.157303370786517,1.49295054589246,2.26774215907828,0.0200746243504009,0.190609552000341,0.168631028936145,"sirt2/appb/fbxo22/hip1/spoplb/styx/diablob/aurkaip1/spop/psen1/diabloa/rnft2/pycard/gsk3ab/bcl2l1/baxb/rb1/bbc3/lamtor5/serpinf1/serpinb14/traf7/serpine1/fzr1a/wfikkn1/becn1/ube3a/nedd8",28
"GO:0045930","negative regulation of mitotic cell cycle","16/1978","88/18773",0.181818181818182,1.72561816343414,2.34143088454077,0.0206381585022859,0.194129694566578,0.171745276132662,"chfr/mre11a/ccnd1/kank2/aven/cdkn1ba/mad1l1/rbl1/rad9a/ndc80/ints3/wee1/fancd2/rb1/aurkb/babam2",16
"GO:1902850","microtubule cytoskeleton organization involved in mitosis","16/1978","88/18773",0.181818181818182,1.72561816343414,2.34143088454077,0.0206381585022859,0.194129694566578,0.171745276132662,"prc1b/cep192/diaph2/dctn2/ndel1b/dync1li2/pcnt/ptpa/ndc80/pafah1b1b/ewsr1a/sptlc1/spice1/aurkb/pafah1b1a/tpra",16
"GO:0043487","regulation of RNA stability","19/1978","110/18773",0.172727272727273,1.63933725526243,2.30788433369935,0.0207718705360586,0.194129694566578,0.171745276132662,"patl1/fxr1/sb:cb81/hnrnpa0a/cnot2/tnrc6c1/pum1/cnot6a/cnot6b/dcps/samd4a/cnot3a/fmr1/igf2bp2b/cnot3b/pum2/dicer1/zfp36l1b/qkia",19
"GO:0031167","rRNA methylation","5/1978","16/18773",0.3125,2.96590621840243,2.69972489201876,0.0209094536893811,0.194129694566578,0.171745276132662,"tfb2m/mettl5/emg1/nop2/nsun4",5
"GO:0043162","ubiquitin-dependent protein catabolic process via the multivesicular body sorting pathway","5/1978","16/18773",0.3125,2.96590621840243,2.69972489201876,0.0209094536893811,0.194129694566578,0.171745276132662,"vps36/pdcd7/vps25/stam/vps28",5
"GO:0030258","lipid modification","21/1978","125/18773",0.168,1.59447118301314,2.28848513403684,0.0209176938879525,0.194129694566578,0.171745276132662,"acadl/rnf213a/ehhadh/hadhb/tpte/inppl1a/phyh/acads/crot/hadh/ech1/eci1/lpcat3/sacm1lb/ptena/cpt1ab/ptenb/auh/acadm/mboat7/etfa",21
"GO:0045786","negative regulation of cell cycle","21/1978","125/18773",0.168,1.59447118301314,2.28848513403684,0.0209176938879525,0.194129694566578,0.171745276132662,"chfr/mre11a/ccnd1/kank2/aven/cdkn1ba/men1/mad1l1/rbl1/rad9a/nupr1a/ndc80/rnf167/ppp1r13bb/ints3/wee1/fancd2/rb1/timeless/aurkb/babam2",21
"GO:0030177","positive regulation of Wnt signaling pathway","13/1978","67/18773",0.194029850746269,1.84151789082897,2.36803819085541,0.0212782913679528,0.194341727827302,0.171932860577142,"rnf25/atp6ap2/fam53b/bambib/csnk1g2a/bambia/amer1/ppm1bb/csnk1g2b/nlk2/fto/dvl3a/dvl2",13
"GO:0051028","mRNA transport","13/1978","67/18773",0.194029850746269,1.84151789082897,2.36803819085541,0.0212782913679528,0.194341727827302,0.171932860577142,"alyref/chtopa/nxt2/fxr1/eif4ea/thoc1/fmr1/nup35/slbp/casc3/si:dkey-17o15.2/qkia/tpra",13
"GO:0061157","mRNA destabilization","13/1978","67/18773",0.194029850746269,1.84151789082897,2.36803819085541,0.0212782913679528,0.194341727827302,0.171932860577142,"patl1/fxr1/sb:cb81/cnot2/tnrc6c1/cnot6a/cnot6b/dcps/samd4a/cnot3a/cnot3b/dicer1/zfp36l1b",13
"GO:0097250","mitochondrial respirasome assembly","13/1978","67/18773",0.194029850746269,1.84151789082897,2.36803819085541,0.0212782913679528,0.194341727827302,0.171932860577142,"higd2a/ndufa12/rab5if/sdhaf4/cox19/ndufaf3/ndufs8a/nubpl/ndufs7/cox7a2a/sdhaf2/zgc:193742/cox20",13
"GO:0120032","regulation of plasma membrane bounded cell projection assembly","13/1978","67/18773",0.194029850746269,1.84151789082897,2.36803819085541,0.0212782913679528,0.194341727827302,0.171932860577142,"podxl/appb/cep290/cdc42ep1a/rab11fip3/selenow2a/mcm2/entr1/usp8/tapt1a/grk5l/twf1a/zgc:154093",13
"GO:0006412","translation","64/1978","473/18773",0.135306553911205,1.28418095883471,2.14821830582866,0.0218228735770664,0.197364391615364,0.174606991539414,"eif4ebp1/ell2/rnf25/gars1/drg2/pelo/trnau1apb/drg1/sars1/elocb/eif4g2b/vars1/rmnd1/trim3a/ptcd3/fxr1/aars1/hars/ssb/rars1/upf3b/tnrc6c1/eif4h/tufm/lars1b/eif3ja/eif4ea/gcn1/eprs1/cnot9/eif2b3/nelfcd/dap/nelfe/samd4a/nars1/nck1a/eif1axb/cars1/fmr1/mettl5/gatc/caprin1b/farsb/eif4enif1/dhx29/cnot11/denr/ctif/chchd1/eif4e3/gspt1/eif6/supt6h/si:ch211-178n15.1/ago3b/guf1/eif4ebp3/casc3/eif4g2a/eif2b1/nelfb/paip2b/qkia",64
"GO:0016055","Wnt signaling pathway","42/1978","291/18773",0.144329896907216,1.36982060396318,2.18193358616525,0.0219104312687699,0.197364391615364,0.174606991539414,"fermt2/rock2a/rnf25/dixdc1a/atp6ap2/rnf213a/fzd7a/apc/lzts2a/fam53b/ndrg2/eaf2/bambib/csnk1g2a/otud5a/bambia/tle3a/nipblb/wls/amer1/psen1/ppm1bb/cemip2/net1/tmem88b/gsk3ab/fzd3a/csnk1g2b/gskip/dab2/nradd/tcf7l1b/nlk2/foxo3b/adnpa/tax1bp3/fto/dvl3a/tsc2/csrp1a/ap2m1a/dvl2",42
"GO:0006740","NADPH regeneration","4/1978","11/18773",0.363636363636364,3.45123632686828,2.79074640037442,0.0220894452902841,0.197364391615364,0.174606991539414,"pgd/rpe/taldo1/g6pd",4
"GO:0034644","cellular response to UV","4/1978","11/18773",0.363636363636364,3.45123632686828,2.79074640037442,0.0220894452902841,0.197364391615364,0.174606991539414,"pold3/mapk14a/mapk14b/aurkb",4
"GO:0042551","neuron maturation","4/1978","11/18773",0.363636363636364,3.45123632686828,2.79074640037442,0.0220894452902841,0.197364391615364,0.174606991539414,"sptan1/ctbp2a/rest/sclt1",4
"GO:0051597","response to methylmercury","4/1978","11/18773",0.363636363636364,3.45123632686828,2.79074640037442,0.0220894452902841,0.197364391615364,0.174606991539414,"sod2/gadd45ba/sod1/rad51",4
"GO:2000738","positive regulation of stem cell differentiation","4/1978","11/18773",0.363636363636364,3.45123632686828,2.79074640037442,0.0220894452902841,0.197364391615364,0.174606991539414,"ddx46/nelfe/nudt21/nelfb",4
"GO:0071695","anatomical structure maturation","17/1978","96/18773",0.177083333333333,1.68068019042804,2.29458199320182,0.0221725183336869,0.197493297975286,0.174721034156281,"sin3b/sptan1/ctbp2a/pum1/pggt1b/adnp2b/ascl1a/dctn2/eif1axb/klf9/rest/macf1a/arnt2/adnpa/sclt1/rb1/hmgcrb",17
"GO:0006890","retrograde vesicle-mediated transport, Golgi to endoplasmic reticulum","8/1978","34/18773",0.235294117647059,2.23315291738536,2.46979894026962,0.0223653085405866,0.197533171664514,0.174756310149386,"cog4/rab41/kdelr2a/arcn1b/stx18/copa/kdelr3/ergic3",8
"GO:0048278","vesicle docking","8/1978","34/18773",0.235294117647059,2.23315291738536,2.46979894026962,0.0223653085405866,0.197533171664514,0.174756310149386,"stxbp2/stx12/uso1/stx2a/stx5al/stx3a/exoc4/stx16",8
"GO:0006091","generation of precursor metabolites and energy","37/1978","251/18773",0.147410358565737,1.39905695720656,2.18426949154997,0.0223992131262222,0.197533171664514,0.174756310149386,"tpi1a/mdh1aa/pgd/sdha/rpe/ndufa10/ndufs4/aco2/ndufs8a/wipi1/sdhdb/uqcrh/ppp1caa/ndufs7/bpgm/etfdh/ndufv1/atg3/ndufv2/taldo1/ppp1r3b/sdhc/cox7a2a/ndufs6/cs/dhtkd1/sdhaf2/antkmt/sigmar1/uqcrb/ppp1r3da/ndufa8/fdx1/g6pd/adpgk2/ndufc2/suclg2",37
"GO:0006405","RNA export from nucleus","10/1978","47/18773",0.212765957446809,2.01934040401867,2.4011764242414,0.02252029207715,0.197533171664514,0.174756310149386,"cpsf6/alyref/chtopa/nxt2/eif4ea/thoc1/xpot/phax/si:dkey-17o15.2/tpra",10
"GO:0040013","negative regulation of locomotion","10/1978","47/18773",0.212765957446809,2.01934040401867,2.4011764242414,0.02252029207715,0.197533171664514,0.174756310149386,"rap2c/ap1ar/cxcl12a/srgap2/plxnb3/inppl1a/arpin/aldh1l1/srgap1a/smad5",10
"GO:0031400","negative regulation of protein modification process","6/1978","22/18773",0.272727272727273,2.58842724515121,2.5582610779331,0.0229885347221425,0.198429856727603,0.175549601583281,"rtraf/pkig/spoplb/aida/zgpat/smo",6
"GO:1990928","response to amino acid starvation","6/1978","22/18773",0.272727272727273,2.58842724515121,2.5582610779331,0.0229885347221425,0.198429856727603,0.175549601583281,"gcn1/sesn3/dap/trim32/sesn1/mios",6
"GO:2001237","negative regulation of extrinsic apoptotic signaling pathway","6/1978","22/18773",0.272727272727273,2.58842724515121,2.5582610779331,0.0229885347221425,0.198429856727603,0.175549601583281,"eya3/lgals3b/rffl/eya1/snx13/eya4",6
"GO:0071363","cellular response to growth factor stimulus","42/1978","292/18773",0.143835616438356,1.36512943751125,2.15801248349527,0.0230685101644133,0.198429856727603,0.175549601583281,"lzts2a/tll1/ext2/fgfr4/nrp2a/fstl1b/eaf2/bambib/zmynd11/tgif1/bambia/vhl/spry2/inppl1a/dusp6/vasnb/cnpy1/cd63/ppm1bb/cemip2/lats2/dab2/pink1/kdr/nrros/skib/rerea/fstl1a/zdhhc16a/shcbp1/spred1/smad9/wfikkn1/flcn/acvr1l/rbm14b/nrp2b/ldb2a/smad5/fbxl15/tsc22d3/mcm5",42
"GO:0019319","hexose biosynthetic process","7/1978","28/18773",0.25,2.37272497472194,2.49458462157655,0.0231742898368004,0.198429856727603,0.175549601583281,"arpp19a/tpi1a/fbp1a/akr1a1b/gnmt/g6pc3/pcxa",7
"GO:0072015","podocyte development","7/1978","28/18773",0.25,2.37272497472194,2.49458462157655,0.0231742898368004,0.198429856727603,0.175549601583281,"srgap2/tyro3/kirrel3l/kank2/prkceb/dnm2b/ccnc",7
"GO:0072310","glomerular epithelial cell development","7/1978","28/18773",0.25,2.37272497472194,2.49458462157655,0.0231742898368004,0.198429856727603,0.175549601583281,"srgap2/tyro3/kirrel3l/kank2/prkceb/dnm2b/ccnc",7
"GO:1905330","regulation of morphogenesis of an epithelium","7/1978","28/18773",0.25,2.37272497472194,2.49458462157655,0.0231742898368004,0.198429856727603,0.175549601583281,"pigp/alkbh4/mia2/flot2a/ptk2ab/mia3/fdx1",7
"GO:0042325","regulation of phosphorylation","11/1978","54/18773",0.203703703703704,1.93333146088454,2.35705586219523,0.0233809605892729,0.199014862767273,0.176067152615577,"rtraf/pkig/prrc1/prkar2aa/brat1/aida/prkar1ab/traf2b/zgpat/prkar1aa/smo",11
"GO:0055113","epiboly involved in gastrulation with mouth forming second","11/1978","54/18773",0.203703703703704,1.93333146088454,2.35705586219523,0.0233809605892729,0.199014862767273,0.176067152615577,"lta4h/dsc2l/cyth3a/sdcbp2/alkbh4/diaph2/flot2a/rab5ab/arhgef7b/arf6b/fdx1",11
"GO:0030833","regulation of actin filament polymerization","18/1978","104/18773",0.173076923076923,1.64265575173057,2.2553448318215,0.0235192191754634,0.199487253643893,0.176485073746751,"tmsb4x/tmod2/sptan1/cdc42ep1a/fam49a/arpc5lb/kank2/fam49bb/add1/vaspb/arpc3/arpc5la/hax1/svila/capza1a/plekhg2/twf1a/zgc:154093",18
"GO:0097530","granulocyte migration","14/1978","75/18773",0.186666666666667,1.77163464779238,2.29785799513191,0.0236654237841782,0.199487253643893,0.176485073746751,"lta4h/cxcl12a/pik3cg/cxcl20/tnfrsf1a/lyn/jagn1b/inppl1a/cul1a/lgals3b/rac1a/rac1b/ddx3xb/ddx3xa",14
"GO:0006400","tRNA modification","13/1978","68/18773",0.191176470588235,1.8144367453756,2.308933219406,0.0238524905295444,0.199487253643893,0.176485073746751,"dus2/tyw1/thumpd2/dus3l/thg1l/mettl2a/thumpd3/trmt13/thada/nat10/cdkal1/nsun2/trmt12",13
"GO:0050779","RNA destabilization","13/1978","68/18773",0.191176470588235,1.8144367453756,2.308933219406,0.0238524905295444,0.199487253643893,0.176485073746751,"patl1/fxr1/sb:cb81/cnot2/tnrc6c1/cnot6a/cnot6b/dcps/samd4a/cnot3a/cnot3b/dicer1/zfp36l1b",13
"GO:0060491","regulation of cell projection assembly","13/1978","68/18773",0.191176470588235,1.8144367453756,2.308933219406,0.0238524905295444,0.199487253643893,0.176485073746751,"podxl/appb/cep290/cdc42ep1a/rab11fip3/selenow2a/mcm2/entr1/usp8/tapt1a/grk5l/twf1a/zgc:154093",13
"GO:1902115","regulation of organelle assembly","13/1978","68/18773",0.191176470588235,1.8144367453756,2.308933219406,0.0238524905295444,0.199487253643893,0.176485073746751,"arhgef9b/appb/cep290/rab11fip3/nf2b/tbc1d14/mcm2/entr1/usp8/tapt1a/grk5l/spice1/tpra",13
"GO:0070848","response to growth factor","42/1978","293/18773",0.143344709897611,1.36047029267333,2.13417839065946,0.0242746247841011,0.202332249030076,0.179002022631295,"lzts2a/tll1/ext2/fgfr4/nrp2a/fstl1b/eaf2/bambib/zmynd11/tgif1/bambia/vhl/spry2/inppl1a/dusp6/vasnb/cnpy1/cd63/ppm1bb/cemip2/lats2/dab2/pink1/kdr/nrros/skib/rerea/fstl1a/zdhhc16a/shcbp1/spred1/smad9/wfikkn1/flcn/acvr1l/rbm14b/nrp2b/ldb2a/smad5/fbxl15/tsc22d3/mcm5",42
"GO:0006413","translational initiation","17/1978","97/18773",0.175257731958763,1.66335359052672,2.2478505372127,0.0243333187919382,0.202332249030076,0.179002022631295,"eif4ebp1/eif4g2b/eif4h/eif3ja/eif4ea/eif2b3/eif1axb/eif4enif1/dhx29/denr/ctif/eif4e3/eif6/eif4ebp3/eif4g2a/eif2b1/paip2b",17
"GO:0000086","G2/M transition of mitotic cell cycle","10/1978","48/18773",0.208333333333333,1.97727081226828,2.32649994118121,0.0258461178212769,0.214291875999463,0.189582626700584,"chfr/mre11a/ccnd1/aven/cdc25b/ints3/wee1/aurkb/babam2/fbxl15",10
"GO:0044770","cell cycle phase transition","28/1978","182/18773",0.153846153846154,1.46013844598273,2.1406775391313,0.0261740827720864,0.216387460158887,0.191436576354824,"anapc11/chfr/mre11a/ccnd1/dyrk3/kank2/aven/cdc25b/cdkn1ba/mad1l1/cdk16/rbl1/pagr1/lats2/rad9a/ndc80/ppp6c/ints3/wee1/ppp2r2d/fancd2/rb1/pla2g4aa/timeless/ccnb3/aurkb/babam2/fbxl15",28
"GO:0032007","negative regulation of TOR signaling","8/1978","35/18773",0.228571428571429,2.1693485483172,2.37626459883346,0.0263950714257001,0.21720070811437,0.192156051523168,"tnfaip8l1/sh3bp4a/castor2/sesn3/gsk3ab/sesn1/tsc2/grk5l",8
"GO:0033044","regulation of chromosome organization","11/1978","55/18773",0.2,1.89817997977755,2.28925096590382,0.0265346529538225,0.21720070811437,0.192156051523168,"anapc11/mre11a/zgc:113263/mad1l1/mcm2/ndc80/terfa/ufm1/aurkb/ten1/atf7ip",11
"GO:0008610","lipid biosynthetic process","54/1978","394/18773",0.137055837563452,1.30078323487294,2.07070966291949,0.0265561892994727,0.21720070811437,0.192156051523168,"pi4kb/aclya/tecrb/zgc:158659/pik3cg/apc/fgfr4/pik3c2a/zgc:123305/cdipt/hmgcs1/pla2g6/pigp/etnk1/lias/pik3ca/tle3a/pik3c2b/lpin2/pgap4/pigf/bpnt1/pigm/ormdl1/ch25hl3/ptges3a/acsbg2/ormdl2/lpcat3/pip5k1ab/dpm1/yy1b/chka/hacd3/elovl8b/kdm1a/hacd1/cbr4/faxdc2/idi1/wdtc1/serinc5/ptges3b/hmgcrb/mecr/hsd17b7/st3gal8/mboat7/sptlc1/cyp7b1/acsm3/srd5a3/ch25h/dhdds",54
"GO:0120035","regulation of plasma membrane bounded cell projection organization","31/1978","206/18773",0.150485436893204,1.42824221779379,2.12095099079004,0.0266163261962568,0.21720070811437,0.192156051523168,"podxl/cxcl12a/tfg/appb/arhgap35a/cep290/snap29/cdc42ep1a/plxnb3/rab11fip3/pik3ca/hecw2a/unc45a/socs3a/sfpq/selenow2a/il6st/mapk14a/fmr1/gsk3ab/ndel1b/tenm4/mcm2/usp48/entr1/usp8/tapt1a/grk5l/twf1a/mycbp2/zgc:154093",31
"GO:0034504","protein localization to nucleus","13/1978","69/18773",0.188405797101449,1.78814056066001,2.25081286748147,0.0266499304707586,0.21720070811437,0.192156051523168,"hikeshi/fam53b/pttg1ipb/ipo8/kpnb3/tnpo1/nup35/lmnb1/tor1/lmna/larp7/cse1l/tpra",13
"GO:0051650","establishment of vesicle localization","19/1978","113/18773",0.168141592920354,1.59581502724662,2.18008419720125,0.0268532421685719,0.218239485081868,0.193075050739241,"stxbp2/snapin/ap1ar/exoc6/tfg/prickle2b/lin7c/pef1/fam91a1/arfgap2/trim32/ndel1b/exoc4/bbs7/trak2/pafah1b1b/ift27/ccdc186/pafah1b1a",19
"GO:0065009","regulation of molecular function","41/1978","287/18773",0.142857142857143,1.35584284269825,2.08476026703079,0.0270733059113079,0.219100308117881,0.193836615271403,"ap1b1/rtraf/appb/srgap2/pkig/sh3bp4a/hip1/ralgapa2/chn1/prrc1/aph1b/diablob/aida/vps51/psen1/dnmt3ab/diabloa/pycard/arhgap17b/traf2b/nudt9/zgpat/tegt/bcl2l1/mcm2/baxb/ralgapa1/ctsba/rb1/bbc3/lamtor5/serpinf1/serpinb14/serpine1/tsc2/fzr1a/wfikkn1/becn1/phactr4b/asap2a/zgc:63863",41
"GO:0048015","phosphatidylinositol-mediated signaling","5/1978","17/18773",0.294117647058824,2.7914411467317,2.53591858227933,0.0271114736496231,0.219100308117881,0.193836615271403,"pi4kb/zgc:158659/pik3cg/pik3c2a/pik3c2b",5
"GO:0060027","convergent extension involved in gastrulation","16/1978","91/18773",0.175824175824176,1.6687296525517,2.19451223019201,0.027565152723384,0.222142701359036,0.1965282007523,"rock2a/dsc2l/lpp/fzd7a/tab2/pigp/diaph2/prmt1/ptk2ab/lats2/map2k4b/ptenb/kdm6a/csrp1a/acvr1l/smad5",16
"GO:0003094","glomerular filtration","7/1978","29/18773",0.241379310344828,2.29090687214532,2.38748793861602,0.0278507216998995,0.222573684251697,0.196909488509816,"tyro3/cd2ap/farp1/tmem234/prkceb/ctns/dnm2b",7
"GO:0030488","tRNA methylation","7/1978","29/18773",0.241379310344828,2.29090687214532,2.38748793861602,0.0278507216998995,0.222573684251697,0.196909488509816,"thumpd2/mettl2a/thumpd3/trmt13/thada/nsun2/trmt12",7
"GO:0046364","monosaccharide biosynthetic process","7/1978","29/18773",0.241379310344828,2.29090687214532,2.38748793861602,0.0278507216998995,0.222573684251697,0.196909488509816,"arpp19a/tpi1a/fbp1a/akr1a1b/gnmt/g6pc3/pcxa",7
"GO:0008064","regulation of actin polymerization or depolymerization","18/1978","106/18773",0.169811320754717,1.61166224698094,2.16723375861673,0.0279972363396088,0.223124789332561,0.197397047584704,"tmsb4x/tmod2/sptan1/cdc42ep1a/fam49a/arpc5lb/kank2/fam49bb/add1/vaspb/arpc3/arpc5la/hax1/svila/capza1a/plekhg2/twf1a/zgc:154093",18
"GO:0048839","inner ear development","30/1978","199/18773",0.150753768844221,1.43078892948057,2.09660570919331,0.0281877872486008,0.223892174905058,0.198075948601588,"arf1/ap1b1/pi4kb/cep290/apc/ext2/myo7aa/hsp90b1/ttc39c/wls/ddt/gas8/dctn2/kif3b/psmc3/ptena/myo6a/eya1/pink1/ptenb/rerea/crbn/ttc9c/supt6h/stat3/pcsk7/mif/smo/eya4/smad5",30
"GO:0043087","regulation of GTPase activity","9/1978","42/18773",0.214285714285714,2.03376426404738,2.30167547732408,0.028395050732986,0.223892174905058,0.198075948601588,"srgap2/sh3bp4a/ralgapa2/chn1/arhgap17b/ralgapa1/tsc2/asap2a/zgc:63863",9
"GO:0097237","cellular response to toxic substance","6/1978","23/18773",0.260869565217391,2.47588693014463,2.43049527496206,0.0284048119014064,0.223892174905058,0.198075948601588,"adh8b/sod2/prdx6/akr1a1b/prdx1/sod1",6
"GO:1990748","cellular detoxification","6/1978","23/18773",0.260869565217391,2.47588693014463,2.43049527496206,0.0284048119014064,0.223892174905058,0.198075948601588,"adh8b/sod2/prdx6/akr1a1b/prdx1/sod1",6
"GO:0007219","Notch signaling pathway","21/1978","129/18773",0.162790697674419,1.54503021609801,2.13169123879218,0.0287104047712529,0.22568260799698,0.199659933094304,"appb/dtx2/neurl1aa/dlc/tcima/aph1b/snx5/gmds/psen1/psen2/nle1/poglut1/fbxw7/nrarpa/maml3/psenen/dab2/galnt11/jag2b/mfng/lfng",21
"GO:0006576","biogenic amine metabolic process","10/1978","49/18773",0.204081632653061,1.93691834671179,2.25361061432884,0.0295092329159029,0.228229254109534,0.201912934320053,"smox/oaz1a/sms/dhps/sult1st1/sat1a.2/sat1b/hdac10/afmid/odc1",10
"GO:0001822","kidney development","32/1978","216/18773",0.148148148148148,1.40605924427967,2.05987471201216,0.0299547972817023,0.228229254109534,0.201912934320053,"tmsb4x/podxl/pi4kb/srgap2/cep290/snap29/acp1/tyro3/kirrel3l/cd2ap/vhl/kank2/bnc2/tmem234/prkceb/osr2/kif3b/mafba/ctns/cluap1/ponzr1/trim32/hdac5/dnm2b/jag2b/traf3ip1/ift27/stx16/myo1cb/prkcsh/ccnc/pde6d",32
"GO:0018205","peptidyl-lysine modification","11/1978","56/18773",0.196428571428571,1.8642839087101,2.22285294765832,0.0299841104503754,0.228229254109534,0.201912934320053,"sae1/lipt1/senp3b/lias/sumo1/dhps/pias4a/uba2/sumo2b/loxl3b/senp3a",11
"GO:0051056","regulation of small GTPase mediated signal transduction","20/1978","122/18773",0.163934426229508,1.55588522932586,2.11393875589685,0.0301353194107665,0.228229254109534,0.201912934320053,"cyth3a/robo4/rasip1/ralgapa2/chn1/spry2/kank2/diaph2/net1/dock6/arhgap17b/arfgef2/tnfaip1/sipa1l3/dock7/iqsec1b/akap13/ralgapa1/tsc2/iqsec2b",20
"GO:0006906","vesicle fusion","16/1978","92/18773",0.173913043478261,1.65059128676309,2.14674523864056,0.0302199255390037,0.228229254109534,0.201912934320053,"stx12/gosr2/snap29/si:ch211-266g18.9/rab7a/uso1/stx2a/stx5al/stx3a/sybl1/vps8/arl8ba/cplane2/stx16/si:ch73-234b20.5/zgc:100918",16
"GO:0048066","developmental pigmentation","16/1978","92/18773",0.173913043478261,1.65059128676309,2.14674523864056,0.0302199255390037,0.228229254109534,0.201912934320053,"tfec/ctbp2a/prdm1a/bnc2/psen1/psen2/nrarpa/ctns/psenen/hps5/dicer1/hipk2/atp6v1h/tapt1a/scarb1/mycbp2",16
"GO:0021555","midbrain-hindbrain boundary morphogenesis","4/1978","12/18773",0.333333333333333,3.16363329962925,2.57291062540794,0.030424526828782,0.228229254109534,0.201912934320053,"myh10/ptk2ab/calm1a/slc7a6os",4
"GO:0031445","regulation of heterochromatin formation","4/1978","12/18773",0.333333333333333,3.16363329962925,2.57291062540794,0.030424526828782,0.228229254109534,0.201912934320053,"baz1a/unga/atf7ip/phf2",4
"GO:0045444","fat cell differentiation","4/1978","12/18773",0.333333333333333,3.16363329962925,2.57291062540794,0.030424526828782,0.228229254109534,0.201912934320053,"tmem18/metrnla/tmem120b/wdfy2",4
"GO:0046548","retinal rod cell development","4/1978","12/18773",0.333333333333333,3.16363329962925,2.57291062540794,0.030424526828782,0.228229254109534,0.201912934320053,"sox11a/rpgrb/mafba/sigmar1",4
"GO:0048070","regulation of developmental pigmentation","4/1978","12/18773",0.333333333333333,3.16363329962925,2.57291062540794,0.030424526828782,0.228229254109534,0.201912934320053,"tfec/ctns/hps5/scarb1",4
"GO:0051255","spindle midzone assembly","4/1978","12/18773",0.333333333333333,3.16363329962925,2.57291062540794,0.030424526828782,0.228229254109534,0.201912934320053,"lzts2a/prc1b/ewsr1a/aurkb",4
"GO:0051348","negative regulation of transferase activity","4/1978","12/18773",0.333333333333333,3.16363329962925,2.57291062540794,0.030424526828782,0.228229254109534,0.201912934320053,"rtraf/pkig/aida/zgpat",4
"GO:0061028","establishment of endothelial barrier","4/1978","12/18773",0.333333333333333,3.16363329962925,2.57291062540794,0.030424526828782,0.228229254109534,0.201912934320053,"tjp1a/add1/cldn5a/tjp2b",4
"GO:0071027","nuclear RNA surveillance","4/1978","12/18773",0.333333333333333,3.16363329962925,2.57291062540794,0.030424526828782,0.228229254109534,0.201912934320053,"exosc8/exosc6/exosc5/wdr82",4
"GO:1902807","negative regulation of cell cycle G1/S phase transition","4/1978","12/18773",0.333333333333333,3.16363329962925,2.57291062540794,0.030424526828782,0.228229254109534,0.201912934320053,"ccnd1/kank2/rbl1/rb1",4
"GO:2000134","negative regulation of G1/S transition of mitotic cell cycle","4/1978","12/18773",0.333333333333333,3.16363329962925,2.57291062540794,0.030424526828782,0.228229254109534,0.201912934320053,"ccnd1/kank2/rbl1/rb1",4
"GO:0046474","glycerophospholipid biosynthetic process","18/1978","107/18773",0.168224299065421,1.59659998299047,2.12386988541215,0.0304622987758294,0.228229254109534,0.201912934320053,"pi4kb/zgc:158659/pik3cg/pik3c2a/cdipt/pigp/etnk1/pik3ca/pik3c2b/pgap4/pigf/bpnt1/pigm/lpcat3/pip5k1ab/dpm1/chka/mboat7",18
"GO:1901605","alpha-amino acid metabolic process","25/1978","161/18773",0.15527950310559,1.47374222032419,2.07174795847496,0.0309178997797978,0.23018373582416,0.203642051560587,"gcsha/ctps1a/blmh/gstz1/gpt2/glula/gnmt/qdpra/gmps/hibch/afmid/aldh6a1/shmt1/odc1/glulb/agxta/dglucy/sephs1/bcat2/aldh4a1/asl/mri1/got2b/gclc/mtrr",25
"GO:0008654","phospholipid biosynthetic process","21/1978","130/18773",0.161538461538462,1.53314536828187,2.09333063540491,0.0309631928272331,0.23018373582416,0.203642051560587,"pi4kb/zgc:158659/pik3cg/pik3c2a/cdipt/hmgcs1/pigp/etnk1/pik3ca/pik3c2b/pgap4/pigf/bpnt1/pigm/lpcat3/pip5k1ab/dpm1/chka/idi1/serinc5/mboat7",21
"GO:0060828","regulation of canonical Wnt signaling pathway","21/1978","130/18773",0.161538461538462,1.53314536828187,2.09333063540491,0.0309631928272331,0.23018373582416,0.203642051560587,"rnf25/apc/lzts2a/fam53b/bambib/csnk1g2a/otud5a/bambia/tle3a/nipblb/amer1/psen1/ppm1bb/tmem88b/gsk3ab/csnk1g2b/gskip/dab2/nradd/foxo3b/fto",21
"GO:0031099","regeneration","33/1978","225/18773",0.146666666666667,1.39199865183687,2.03004516887315,0.0316212145572412,0.234100337584911,0.207107043623773,"cxcl12a/fhl1b/tnfrsf1a/fam53b/lgmn/il4r.1/sdcbp2/tgif1/nid2a/smc3/dusp6/socs3a/sfpq/top2a/atp6v1e1b/ascl1a/il6st/dspb/ptena/thada/ctsba/dspa/sirt1/cdkal1/stat3/csrp1a/becn1/mtrex/vdac3/larp7/lfng/smad5/mycbp2",33
"GO:0044772","mitotic cell cycle phase transition","22/1978","138/18773",0.159420289855072,1.51304201286617,2.0758988475046,0.0316527741816233,0.234100337584911,0.207107043623773,"anapc11/chfr/mre11a/ccnd1/kank2/aven/cdc25b/cdkn1ba/mad1l1/rbl1/lats2/ndc80/ppp6c/ints3/wee1/ppp2r2d/rb1/pla2g4aa/ccnb3/aurkb/babam2/fbxl15",22
"GO:0043583","ear development","30/1978","201/18773",0.149253731343284,1.41655222371459,2.03758887501172,0.031765425769383,0.234331102406449,0.207311199758079,"arf1/ap1b1/pi4kb/cep290/apc/ext2/myo7aa/hsp90b1/ttc39c/wls/ddt/gas8/dctn2/kif3b/psmc3/ptena/myo6a/eya1/pink1/ptenb/rerea/crbn/ttc9c/supt6h/stat3/pcsk7/mif/smo/eya4/smad5",30
"GO:0045017","glycerolipid biosynthetic process","20/1978","123/18773",0.16260162601626,1.54323575591671,2.07433978751016,0.0325512934258286,0.237672251813327,0.210267092872555,"pi4kb/zgc:158659/pik3cg/pik3c2a/zgc:123305/cdipt/pigp/etnk1/pik3ca/pik3c2b/lpin2/pgap4/pigf/bpnt1/pigm/lpcat3/pip5k1ab/dpm1/chka/mboat7",20
"GO:0009952","anterior/posterior pattern specification","37/1978","258/18773",0.143410852713178,1.36109804751491,2.00424840784411,0.0325857131198729,0.237672251813327,0.210267092872555,"apc/gadd45ba/fxr1/dlc/en2b/naa35/prrc1/ccm2l/pum1/tgif1/agrn/foxl2b/cnpy1/sfpq/wls/sbno1/myh10/mapk14a/ptk2ab/dctn2/fmr1/mafba/tcf7l1b/bcl2l10/calm1a/brpf1/foxl2a/kif22/slc7a6os/ephb4b/her13/supt6h/krit1/smo/acvr1l/ctr9/rapgef1a",37
"GO:0001837","epithelial to mesenchymal transition","9/1978","43/18773",0.209302325581395,1.98646742069744,2.2224218494736,0.0326674869137408,0.237672251813327,0.210267092872555,"tfec/pef1/fmr1/dab2/rock1/slc39a6/snai1a/stat3/parp3",9
"GO:0006282","regulation of DNA repair","9/1978","43/18773",0.209302325581395,1.98646742069744,2.2224218494736,0.0326674869137408,0.237672251813327,0.210267092872555,"eya3/smek1/rnf168/actr2a/actr2b/pias4a/eya1/eya4/babam2",9
"GO:0006633","fatty acid biosynthetic process","13/1978","71/18773",0.183098591549296,1.7377704040217,2.1373950027494,0.0329538896114636,0.237672251813327,0.210267092872555,"aclya/tecrb/lias/ptges3a/acsbg2/hacd3/elovl8b/hacd1/cbr4/wdtc1/ptges3b/mecr/acsm3",13
"GO:0030832","regulation of actin filament length","18/1978","108/18773",0.166666666666667,1.58181664981463,2.08095379905452,0.0330852511654187,0.237672251813327,0.210267092872555,"tmsb4x/tmod2/sptan1/cdc42ep1a/fam49a/arpc5lb/kank2/fam49bb/add1/vaspb/arpc3/arpc5la/hax1/svila/capza1a/plekhg2/twf1a/zgc:154093",18
"GO:0000460","maturation of 5.8S rRNA","7/1978","30/18773",0.233333333333333,2.21454330974048,2.28471742057241,0.0331270674234078,0.237672251813327,0.210267092872555,"exosc8/las1l/eif6/eri1/mtrex/nol9/rpf1",7
"GO:0006893","Golgi to plasma membrane transport","7/1978","30/18773",0.233333333333333,2.21454330974048,2.28471742057241,0.0331270674234078,0.237672251813327,0.210267092872555,"exoc6/exoc1/ccdc93/cnstb/exoc4/golga7/blzf1",7
"GO:0010972","negative regulation of G2/M transition of mitotic cell cycle","7/1978","30/18773",0.233333333333333,2.21454330974048,2.28471742057241,0.0331270674234078,0.237672251813327,0.210267092872555,"chfr/mre11a/aven/ints3/wee1/aurkb/babam2",7
"GO:0060872","semicircular canal development","7/1978","30/18773",0.233333333333333,2.21454330974048,2.28471742057241,0.0331270674234078,0.237672251813327,0.210267092872555,"arf1/pi4kb/ext2/wls/psmc3/pink1/smo",7
"GO:1902750","negative regulation of cell cycle G2/M phase transition","7/1978","30/18773",0.233333333333333,2.21454330974048,2.28471742057241,0.0331270674234078,0.237672251813327,0.210267092872555,"chfr/mre11a/aven/ints3/wee1/aurkb/babam2",7
"GO:0072001","renal system development","32/1978","218/18773",0.146788990825688,1.39315961818536,2.00375714699532,0.0335442697863183,0.240066826306561,0.212385557327357,"tmsb4x/podxl/pi4kb/srgap2/cep290/snap29/acp1/tyro3/kirrel3l/cd2ap/vhl/kank2/bnc2/tmem234/prkceb/osr2/kif3b/mafba/ctns/cluap1/ponzr1/trim32/hdac5/dnm2b/jag2b/traf3ip1/ift27/stx16/myo1cb/prkcsh/ccnc/pde6d",32
"GO:0006739","NADP metabolic process","5/1978","18/18773",0.277777777777778,2.63636108302438,2.383610406933,0.0343686570611943,0.24156869641295,0.213714252026604,"pgd/rpe/taldo1/nudt12/g6pd",5
"GO:0010563","negative regulation of phosphorus metabolic process","5/1978","18/18773",0.277777777777778,2.63636108302438,2.383610406933,0.0343686570611943,0.24156869641295,0.213714252026604,"rtraf/pkig/aida/zgpat/smo",5
"GO:0038084","vascular endothelial growth factor signaling pathway","5/1978","18/18773",0.277777777777778,2.63636108302438,2.383610406933,0.0343686570611943,0.24156869641295,0.213714252026604,"nrp2a/cd63/cemip2/pink1/nrp2b",5
"GO:0045936","negative regulation of phosphate metabolic process","5/1978","18/18773",0.277777777777778,2.63636108302438,2.383610406933,0.0343686570611943,0.24156869641295,0.213714252026604,"rtraf/pkig/aida/zgpat/smo",5
"GO:0048168","regulation of neuronal synaptic plasticity","5/1978","18/18773",0.277777777777778,2.63636108302438,2.383610406933,0.0343686570611943,0.24156869641295,0.213714252026604,"fxr1/fmr1/rab5aa/rab5ab/ncdn",5
"GO:0061484","hematopoietic stem cell homeostasis","5/1978","18/18773",0.277777777777778,2.63636108302438,2.383610406933,0.0343686570611943,0.24156869641295,0.213714252026604,"sae1/tfec/mre11a/dnmt3bb.1/ufm1",5
"GO:1901989","positive regulation of cell cycle phase transition","5/1978","18/18773",0.277777777777778,2.63636108302438,2.383610406933,0.0343686570611943,0.24156869641295,0.213714252026604,"anapc11/ccnd1/dyrk3/cdc25b/pagr1",5
"GO:0010608","post-transcriptional regulation of gene expression","45/1978","325/18773",0.138461538461538,1.31412460138446,1.96041220802167,0.0344258482896453,0.24156869641295,0.213714252026604,"eif4ebp1/rmnd1/trim3a/ptcd3/patl1/fxr1/sb:cb81/hnrnpa0a/cnot2/ssb/upf3b/tnrc6c1/pum1/cnot6a/eif4ea/gcn1/cnot9/cnot6b/dap/dcps/samd4a/cnot3a/nck1a/fmr1/mov10a/mettl5/caprin1b/eif4enif1/dhx29/igf2bp2b/cnot11/cnot3b/pum2/dicer1/eif4e3/zc3h12b/si:ch211-178n15.1/nudt21/ago3b/guf1/eif4ebp3/casc3/zfp36l1b/paip2b/qkia",45
"GO:0051153","regulation of striated muscle cell differentiation","6/1978","24/18773",0.25,2.37272497472194,2.3092902063893,0.0345977270593763,0.242184089415634,0.214258686207125,"neu1/fbxo22/prdm1a/mapk14a/dab2/mapk14b",6
"GO:0046854","phosphatidylinositol phosphate biosynthetic process","8/1978","37/18773",0.216216216216216,2.05208646462438,2.19832687260189,0.0359100369701374,0.250760136803605,0.221845859462934,"pi4kb/zgc:158659/pik3cg/pik3c2a/pik3ca/pik3c2b/bpnt1/pip5k1ab",8
"GO:0090174","organelle membrane fusion","16/1978","94/18773",0.170212765957447,1.61547232321494,2.05292959835698,0.0360879418794944,0.250785045379965,0.221867895918173,"stx12/gosr2/snap29/si:ch211-266g18.9/rab7a/uso1/stx2a/stx5al/stx3a/sybl1/vps8/arl8ba/cplane2/stx16/si:ch73-234b20.5/zgc:100918",16
"GO:1901988","negative regulation of cell cycle phase transition","16/1978","94/18773",0.170212765957447,1.61547232321494,2.05292959835698,0.0360879418794944,0.250785045379965,0.221867895918173,"chfr/mre11a/ccnd1/kank2/aven/mad1l1/rbl1/rad9a/ndc80/ints3/wee1/fancd2/rb1/timeless/aurkb/babam2",16
"GO:0051276","chromosome organization","36/1978","252/18773",0.142857142857143,1.35584284269825,1.95166242959126,0.0363974730392981,0.252326578154363,0.223231679921427,"h1-0/anapc11/nasp/mre11a/hat1/prc1b/smc3/cep192/zgc:113263/nipblb/top2a/mad1l1/ptges3a/msh6/mcm2/prkdc/ndc80/ctc1/cenpw/terfa/gar1/fancd2/rad51/ufm1/mau2/ptges3b/ddx11/ewsr1a/spice1/aurkb/ten1/atf7ip/mcm3/top3a/mcm5/tpra",36
"GO:0017148","negative regulation of translation","11/1978","58/18773",0.189655172413793,1.79999825668561,2.09404752537974,0.0378207467262231,0.261563193104192,0.23140325299597,"eif4ebp1/trim3a/fxr1/cnot9/dap/samd4a/caprin1b/eif4enif1/ago3b/eif4ebp3/paip2b",11
"GO:0008154","actin polymerization or depolymerization","21/1978","133/18773",0.157894736842105,1.49856314192965,1.98016530731775,0.0385182102493159,0.265747939777655,0.235105471116612,"tmsb4x/tmod2/sptan1/cdc42ep1a/fam49a/arpc5lb/kank2/diaph2/fam49bb/add1/vaspb/arpc3/enah/mical3b/arpc5la/hax1/svila/capza1a/plekhg2/twf1a/zgc:154093",21
"GO:0031329","regulation of cellular catabolic process","18/1978","110/18773",0.163636363636364,1.55305634709073,1.99642687579617,0.0388255556196747,0.267227568224412,0.236414488764476,"sirt2/sh3bp4a/lars1b/sesn3/sqstm1/dap/psen2/ctns/gsk3ab/dram2b/trim32/cpt1ab/atg13/scoca/sesn1/ulk1a/becn1/etfa",18
"GO:0038061","non-canonical NF-kappaB signal transduction","7/1978","31/18773",0.225806451612903,2.14310642878111,2.18593860310383,0.0390289288166399,0.267986224834064,0.237085667324796,"cul1a/traf6/traf2b/akip1/sash1a/rassf2a/nfkb2",7
"GO:0141091","transforming growth factor beta receptor superfamily signaling pathway","29/1978","197/18773",0.147208121827411,1.39713754856723,1.92298711778858,0.0400887296491776,0.270094310315523,0.238950676817201,"lzts2a/tll1/fstl1b/eaf2/bambib/zmynd11/tgif1/bambia/inppl1a/vasnb/ppm1bb/net1/lats2/dab2/rab5ab/nomo/nrros/skib/fstl1a/smad9/wfikkn1/flcn/acvr1l/rbm14b/ldb2a/smad5/fbxl15/tsc22d3/araf",29
"GO:0006650","glycerophospholipid metabolic process","28/1978","189/18773",0.148148148148148,1.40605924427967,1.92543613492429,0.040174651798697,0.270094310315523,0.238950676817201,"pi4kb/zgc:158659/pik3cg/tpte/pik3c2a/cdipt/lpgat1/pla2g6/pigp/dnajc19/etnk1/pik3ca/inppl1a/pik3c2b/pgap4/pigf/bpnt1/pigm/lpcat3/sacm1lb/ptena/pip5k1ab/dpm1/agpat5/chka/ptenb/pla2g4aa/mboat7",28
"GO:0033339","pectoral fin development","13/1978","73/18773",0.178082191780822,1.69016025596631,2.02753791934185,0.040264914563073,0.270094310315523,0.238950676817201,"apc/sec23a/ext2/ep300b/hnrnpul1/ap1g1/prdm1a/nipblb/osr2/bbs7/aldh7a1/crbn/hnrnpul1l",13
"GO:0033336","caudal fin development","4/1978","13/18773",0.307692307692308,2.92027689196547,2.3768267534513,0.0403686317120871,0.270094310315523,0.238950676817201,"tll1/atp6v1e1b/smo/acvr1l",4
"GO:0034248","regulation of amide metabolic process","4/1978","13/18773",0.307692307692308,2.92027689196547,2.3768267534513,0.0403686317120871,0.270094310315523,0.238950676817201,"pdk4/pla2g6/ormdl1/ormdl2",4
"GO:0043248","proteasome assembly","4/1978","13/18773",0.307692307692308,2.92027689196547,2.3768267534513,0.0403686317120871,0.270094310315523,0.238950676817201,"psmd9/psmd11b/psmd11a/psmg3",4
"GO:0045661","regulation of myoblast differentiation","4/1978","13/18773",0.307692307692308,2.92027689196547,2.3768267534513,0.0403686317120871,0.270094310315523,0.238950676817201,"fosl2/flot2a/mapk14a/mapk14b",4
"GO:0048199","vesicle targeting, to, from or within Golgi","4/1978","13/18773",0.307692307692308,2.92027689196547,2.3768267534513,0.0403686317120871,0.270094310315523,0.238950676817201,"ap1ar/tfg/pef1/arfgap2",4
"GO:0070534","protein K63-linked ubiquitination","4/1978","13/18773",0.307692307692308,2.92027689196547,2.3768267534513,0.0403686317120871,0.270094310315523,0.238950676817201,"rnf213a/traf6/rnf168/ube2v1",4
"GO:0098869","cellular oxidant detoxification","4/1978","13/18773",0.307692307692308,2.92027689196547,2.3768267534513,0.0403686317120871,0.270094310315523,0.238950676817201,"sod2/prdx6/prdx1/sod1",4
"GO:1900107","regulation of nodal signaling pathway","4/1978","13/18773",0.307692307692308,2.92027689196547,2.3768267534513,0.0403686317120871,0.270094310315523,0.238950676817201,"net1/nomo/ldb2a/araf",4
"GO:0006891","intra-Golgi vesicle-mediated transport","6/1978","25/18773",0.24,2.27781597573306,2.19401330933402,0.0415975808130538,0.273263681050442,0.241754598459641,"rab41/gosr2/copb1/trappc3/copa/cog2",6
"GO:0045185","maintenance of protein location","6/1978","25/18773",0.24,2.27781597573306,2.19401330933402,0.0415975808130538,0.273263681050442,0.241754598459641,"tmsb4x/kdelr2a/vps13a/nrros/kdelr3/twf1a",6
"GO:1901987","regulation of cell cycle phase transition","22/1978","142/18773",0.154929577464789,1.47042111109529,1.93104015555036,0.0418157891035631,0.273263681050442,0.241754598459641,"anapc11/chfr/mre11a/ccnd1/dyrk3/kank2/aven/cdc25b/mad1l1/cdk16/rbl1/pagr1/rad9a/ndc80/ints3/wee1/fancd2/rb1/pla2g4aa/timeless/aurkb/babam2",22
"GO:0051093","negative regulation of developmental process","23/1978","150/18773",0.153333333333333,1.45527131782946,1.9211864315189,0.0421851133741018,0.273263681050442,0.241754598459641,"sirt2/sars1/lgmn/phf14/wwc3/irf2bp2b/dusp6/foxl2b/socs3a/sfpq/ptena/foxl2a/rest/ptenb/nfkbiaa/serpinf1/serpine1/krit1/loxl3b/lfng/fdx1/cdh5/qkia",23
"GO:0000380","alternative mRNA splicing, via spliceosome","11/1978","59/18773",0.186440677966102,1.76948981165704,2.03153345930795,0.0422310888986968,0.273263681050442,0.241754598459641,"khdrbs1b/pqbp1/hnrnpul1/srsf2b/rest/si:ch211-107m4.1/nsrp1/srsf1b/celf1/hnrnpul1l/arglu1a",11
"GO:0061053","somite development","24/1978","158/18773",0.151898734177215,1.44165568084371,1.91319508492027,0.042439226070022,0.273263681050442,0.241754598459641,"copb1/apc/gadd45ba/fxr1/dlc/naa35/prrc1/tle3a/psen1/psen2/mapk14a/tnpo1/copa/bcl2l10/kif22/naa15a/slc7a6os/ephb4b/supt6h/smo/loxl3b/ctr9/lamc1/rapgef1a",24
"GO:0003014","renal system process","9/1978","45/18773",0.2,1.89817997977755,2.07015249982769,0.0425021287050156,0.273263681050442,0.241754598459641,"cd164/tyro3/cd2ap/farp1/tmem234/prkceb/ctns/dnm2b/poc1b",9
"GO:0009636","response to toxic substance","9/1978","45/18773",0.2,1.89817997977755,2.07015249982769,0.0425021287050156,0.273263681050442,0.241754598459641,"adh8b/sod2/ahr2/prdx6/blmh/akr1a1b/arnt/prdx1/sod1",9
"GO:0030336","negative regulation of cell migration","9/1978","45/18773",0.2,1.89817997977755,2.07015249982769,0.0425021287050156,0.273263681050442,0.241754598459641,"rap2c/cxcl12a/srgap2/plxnb3/inppl1a/arpin/aldh1l1/srgap1a/smad5",9
"GO:0034620","cellular response to unfolded protein","9/1978","45/18773",0.2,1.89817997977755,2.07015249982769,0.0425021287050156,0.273263681050442,0.241754598459641,"os9/selenos/hspa5/erlec1/nck1a/tmbim4/tegt/tmtc4/parp16",9
"GO:2001234","negative regulation of apoptotic signaling pathway","9/1978","45/18773",0.2,1.89817997977755,2.07015249982769,0.0425021287050156,0.273263681050442,0.241754598459641,"hyou1/eya3/lgals3b/tegt/bcl2l1/rffl/eya1/snx13/eya4",9
"GO:0051248","negative regulation of protein metabolic process","27/1978","182/18773",0.148351648351648,1.40799064434049,1.89807310417215,0.0426424482671755,0.273263681050442,0.241754598459641,"sirt2/eif4ebp1/rtraf/appb/pkig/trim3a/fxr1/spoplb/styx/cnot9/aida/dap/samd4a/zgpat/bcl2l1/caprin1b/eif4enif1/lamtor5/serpinf1/serpinb14/serpine1/atraid/wfikkn1/ago3b/smo/eif4ebp3/paip2b",27
"GO:0038202","TORC1 signaling","10/1978","52/18773",0.192307692307692,1.82517305747842,2.04484597969731,0.0426694450257099,0.273263681050442,0.241754598459641,"lamtor4/castor2/lamtor2/otud5a/sesn3/sesn1/lamtor5/lamtor3/mios/flcn",10
"GO:0051896","regulation of phosphatidylinositol 3-kinase/protein kinase B signal transduction","10/1978","52/18773",0.192307692307692,1.82517305747842,2.04484597969731,0.0426694450257099,0.273263681050442,0.241754598459641,"vav2/pik3ip1/lims1/ptena/rictorb/plekha1a/ptenb/pdgfab/tsc2/wdr91",10
"GO:0007097","nuclear migration","5/1978","19/18773",0.263157894736842,2.49760523654941,2.24132898201994,0.0427177484891326,0.273263681050442,0.241754598459641,"dctn2/lmnb1/pafah1b1b/lmna/pafah1b1a",5
"GO:0051647","nucleus localization","5/1978","19/18773",0.263157894736842,2.49760523654941,2.24132898201994,0.0427177484891326,0.273263681050442,0.241754598459641,"dctn2/lmnb1/pafah1b1b/lmna/pafah1b1a",5
"GO:0010506","regulation of autophagy","16/1978","96/18773",0.166666666666667,1.58181664981463,1.96131168026225,0.0427419730527282,0.273263681050442,0.241754598459641,"sirt2/sh3bp4a/lars1b/sesn3/sqstm1/dap/psen2/ctns/gsk3ab/dram2b/trim32/atg13/scoca/sesn1/ulk1a/becn1",16
"GO:0016485","protein processing","16/1978","96/18773",0.166666666666667,1.58181664981463,1.96131168026225,0.0427419730527282,0.273263681050442,0.241754598459641,"tll1/lgmn/furina/aph1b/atg4c/spcs3/metap1/psen1/psen2/hm13/sec11a/sprtn/serpine1/pcsk7/pmm2/sppl3",16
"GO:0097529","myeloid leukocyte migration","16/1978","96/18773",0.166666666666667,1.58181664981463,1.96131168026225,0.0427419730527282,0.273263681050442,0.241754598459641,"lta4h/cxcl12a/pik3cg/cxcl20/tnfrsf1a/hmox1a/lyn/jagn1b/inppl1a/cul1a/lgals3b/rac1a/rac1b/ddx3xb/p2rx7/ddx3xa",16
"GO:1901990","regulation of mitotic cell cycle phase transition","16/1978","96/18773",0.166666666666667,1.58181664981463,1.96131168026225,0.0427419730527282,0.273263681050442,0.241754598459641,"anapc11/chfr/mre11a/ccnd1/kank2/aven/cdc25b/mad1l1/rbl1/ndc80/ints3/wee1/rb1/pla2g4aa/aurkb/babam2",16
"GO:0072073","kidney epithelium development","13/1978","74/18773",0.175675675675676,1.66732025250731,1.97387381958289,0.0443193788270456,0.282720294646142,0.250120802903014,"srgap2/tyro3/kirrel3l/vhl/kank2/bnc2/prkceb/ctns/ponzr1/trim32/dnm2b/stx16/ccnc",13
"GO:0010508","positive regulation of autophagy","7/1978","32/18773",0.21875,2.0761343528817,2.09085307815209,0.0455776080188655,0.289463086689351,0.256086107097982,"sh3bp4a/sesn3/gsk3ab/trim32/scoca/sesn1/becn1",7
"GO:0048013","ephrin receptor signaling pathway","7/1978","32/18773",0.21875,2.0761343528817,2.09085307815209,0.0455776080188655,0.289463086689351,0.256086107097982,"chn1/rasa1a/ephb4a/nck1a/efna1a/ephb4b/si:dkey-16j16.4",7
"GO:0042074","cell migration involved in gastrulation","14/1978","82/18773",0.170731707317073,1.62039754371255,1.93214243750053,0.0467195846682034,0.295411527671256,0.261348654083785,"rock2a/cxcl12a/lpp/fzd7a/lzts2a/eaf2/diaph2/rac1a/slc39a6/snai1a/stat3/csrp1a/acvr1l/smad5",14
"GO:0060173","limb development","14/1978","82/18773",0.170731707317073,1.62039754371255,1.93214243750053,0.0467195846682034,0.295411527671256,0.261348654083785,"apc/sec23a/ext2/ep300b/hnrnpul1/ap1g1/prdm1a/nipblb/intu/osr2/bbs7/aldh7a1/crbn/hnrnpul1l",14
"GO:0031102","neuron projection regeneration","8/1978","39/18773",0.205128205128205,1.94685126131031,2.03131473990965,0.0474983599876835,0.298368518961934,0.263964685015442,"lgmn/socs3a/sfpq/ascl1a/il6st/ptena/csrp1a/mycbp2",8
"GO:0043547","positive regulation of GTPase activity","8/1978","39/18773",0.205128205128205,1.94685126131031,2.03131473990965,0.0474983599876835,0.298368518961934,0.263964685015442,"srgap2/ralgapa2/chn1/arhgap17b/ralgapa1/tsc2/asap2a/zgc:63863",8
"GO:2000736","regulation of stem cell differentiation","8/1978","39/18773",0.205128205128205,1.94685126131031,2.03131473990965,0.0474983599876835,0.298368518961934,0.263964685015442,"fgfr4/fosl2/ddx46/nelfe/dnmt3bb.1/pum2/nudt21/nelfb",8
"GO:0048857","neural nucleus development","6/1978","26/18773",0.230769230769231,2.1902076689741,2.084116254988,0.0494270523948021,0.309807472200099,0.274084652426629,"cxcl12a/gmds/mafba/fzd3a/rest/olig2",6
"GO:0031669","cellular response to nutrient levels","12/1978","68/18773",0.176470588235294,1.67486468803902,1.91324557206556,0.0504680114351454,0.314687809112599,0.278402254700351,"gabarapa/zgc:92606/gcn1/kank2/sesn3/dap/map1lc3a/trim32/sesn1/becn1/nuak2/mios",12
"GO:0019220","regulation of phosphate metabolic process","14/1978","83/18773",0.168674698795181,1.6008746817401,1.88276758641792,0.0509736128472732,0.314687809112599,0.278402254700351,"rtraf/pkig/pdk4/prrc1/prkar2aa/brat1/dnajc19/aida/prkar1ab/traf2b/zgpat/prkar1aa/antkmt/smo",14
"GO:0051174","regulation of phosphorus metabolic process","14/1978","83/18773",0.168674698795181,1.6008746817401,1.88276758641792,0.0509736128472732,0.314687809112599,0.278402254700351,"rtraf/pkig/pdk4/prrc1/prkar2aa/brat1/dnajc19/aida/prkar1ab/traf2b/zgpat/prkar1aa/antkmt/smo",14
"GO:0022411","cellular component disassembly","24/1978","161/18773",0.149068322981366,1.41479253151122,1.81395185711117,0.0510589574896536,0.314687809112599,0.278402254700351,"gabarapa/tmod2/rnf25/pelo/sptan1/apc/zgc:92606/zfand1/endog/dyrk3/atad2b/map1lc3a/add1/map1sb/spns1/macf1a/mical3b/dicer1/svila/sh3gl1b/capza1a/dffa/twf1a/mfsd8",24
"GO:0006308","DNA catabolic process","4/1978","14/18773",0.285714285714286,2.7116856853965,2.19867788005185,0.0519357035640332,0.314687809112599,0.278402254700351,"endog/dicer1/dffa/dnase1l1",4
"GO:0009301","snRNA transcription","4/1978","14/18773",0.285714285714286,2.7116856853965,2.19867788005185,0.0519357035640332,0.314687809112599,0.278402254700351,"ell2/snapc4/snapc2/larp7",4
"GO:0016114","terpenoid biosynthetic process","4/1978","14/18773",0.285714285714286,2.7116856853965,2.19867788005185,0.0519357035640332,0.314687809112599,0.278402254700351,"apc/hmgcs1/tle3a/kdm1a",4
"GO:0046500","S-adenosylmethionine metabolic process","4/1978","14/18773",0.285714285714286,2.7116856853965,2.19867788005185,0.0519357035640332,0.314687809112599,0.278402254700351,"gnmt/ahcyl2b/mat2b/mri1",4
"GO:0120305","regulation of pigmentation","4/1978","14/18773",0.285714285714286,2.7116856853965,2.19867788005185,0.0519357035640332,0.314687809112599,0.278402254700351,"tfec/ctns/hps5/scarb1",4
"GO:1901534","positive regulation of hematopoietic progenitor cell differentiation","4/1978","14/18773",0.285714285714286,2.7116856853965,2.19867788005185,0.0519357035640332,0.314687809112599,0.278402254700351,"ddx46/nelfe/nudt21/nelfb",4
"GO:0032102","negative regulation of response to external stimulus","11/1978","61/18773",0.180327868852459,1.71147375225845,1.91003844214843,0.0520865896210883,0.314687809112599,0.278402254700351,"cxcl12a/fxr1/inppl1a/socs3a/sfpq/parp1/tnfaip6/pias4a/foxo3b/metrnla/serpine1",11
"GO:0016601","Rac protein signal transduction","5/1978","20/18773",0.25,2.37272497472194,2.10785905814179,0.052180675373326,0.314687809112599,0.278402254700351,"robo4/rhogb/arhgap17b/rac1a/rac1b",5
"GO:0016925","protein sumoylation","5/1978","20/18773",0.25,2.37272497472194,2.10785905814179,0.052180675373326,0.314687809112599,0.278402254700351,"sae1/sumo1/pias4a/uba2/sumo2b",5
"GO:0030518","nuclear receptor-mediated steroid hormone signaling pathway","5/1978","20/18773",0.25,2.37272497472194,2.10785905814179,0.052180675373326,0.314687809112599,0.278402254700351,"vhl/cnot9/kank2/pagr1/arnt",5
"GO:0032507","maintenance of protein location in cell","5/1978","20/18773",0.25,2.37272497472194,2.10785905814179,0.052180675373326,0.314687809112599,0.278402254700351,"tmsb4x/kdelr2a/vps13a/kdelr3/twf1a",5
"GO:0051156","glucose 6-phosphate metabolic process","5/1978","20/18773",0.25,2.37272497472194,2.10785905814179,0.052180675373326,0.314687809112599,0.278402254700351,"pgd/rpe/g6pc3/taldo1/g6pd",5
"GO:0097194","execution phase of apoptosis","5/1978","20/18773",0.25,2.37272497472194,2.10785905814179,0.052180675373326,0.314687809112599,0.278402254700351,"sirt2/endog/dicer1/bbc3/dffa",5
"GO:0035113","embryonic appendage morphogenesis","7/1978","33/18773",0.212121212121212,2.01322119067316,1.99919360127241,0.0527898559636889,0.314687809112599,0.278402254700351,"apc/tll1/ext2/prdm1a/nipblb/crbn/acvr1l",7
"GO:0061318","renal filtration cell differentiation","7/1978","33/18773",0.212121212121212,2.01322119067316,1.99919360127241,0.0527898559636889,0.314687809112599,0.278402254700351,"srgap2/tyro3/kirrel3l/kank2/prkceb/dnm2b/ccnc",7
"GO:0072010","glomerular epithelium development","7/1978","33/18773",0.212121212121212,2.01322119067316,1.99919360127241,0.0527898559636889,0.314687809112599,0.278402254700351,"srgap2/tyro3/kirrel3l/kank2/prkceb/dnm2b/ccnc",7
"GO:0072112","podocyte differentiation","7/1978","33/18773",0.212121212121212,2.01322119067316,1.99919360127241,0.0527898559636889,0.314687809112599,0.278402254700351,"srgap2/tyro3/kirrel3l/kank2/prkceb/dnm2b/ccnc",7
"GO:0072311","glomerular epithelial cell differentiation","7/1978","33/18773",0.212121212121212,2.01322119067316,1.99919360127241,0.0527898559636889,0.314687809112599,0.278402254700351,"srgap2/tyro3/kirrel3l/kank2/prkceb/dnm2b/ccnc",7
"GO:0070646","protein modification by small protein removal","15/1978","91/18773",0.164835164835165,1.56443404926721,1.85225437443564,0.0528308000699984,0.314687809112599,0.278402254700351,"senp3b/otud5a/usp25/usp48/usp8/otub1b/usp33/usp49/mindy3/usp24/usp3/usp39/usp9/senp3a/usp5",15
"GO:2001233","regulation of apoptotic signaling pathway","15/1978","91/18773",0.164835164835165,1.56443404926721,1.85225437443564,0.0528308000699984,0.314687809112599,0.278402254700351,"hyou1/eya3/tnfsf10/zgc:110239/lta/lgals3b/nck1a/tegt/bcl2l1/rffl/eya1/snx13/ctsh/tnfsf10l4/eya4",15
"GO:0050684","regulation of mRNA processing","13/1978","76/18773",0.171052631578947,1.62344340375712,1.86894395754694,0.0532637989607319,0.316611466136417,0.280104101537733,"khdrbs1b/hnrnpk/srsf2b/sltm/rest/nsrp1/celf1/tra2b/larp7/dhx37/arglu1a/qkia/dhx9",13
"GO:0032456","endocytic recycling","10/1978","54/18773",0.185185185185185,1.75757405534959,1.91319423275033,0.0533778952295194,0.31663547335119,0.280125340564249,"snx12/snx7/rab11fip3/erbin/vps29/vps51/snx3/wash1/rab35b/rab14",10
"GO:0015980","energy derivation by oxidation of organic compounds","27/1978","186/18773",0.145161290322581,1.377711275645,1.77660215582865,0.0535185494617986,0.31681659835719,0.280285580677126,"mdh1aa/sdha/ndufa10/aco2/ndufs8a/wipi1/sdhdb/uqcrh/ppp1caa/ndufs7/etfdh/ndufv1/atg3/ndufv2/ppp1r3b/sdhc/cox7a2a/ndufs6/cs/sdhaf2/antkmt/sigmar1/uqcrb/ppp1r3da/ndufa8/ndufc2/suclg2",27
"GO:0090263","positive regulation of canonical Wnt signaling pathway","9/1978","47/18773",0.191489361702128,1.81740636361681,1.92549699943574,0.0541502630697959,0.319141230377506,0.282342167481774,"rnf25/fam53b/bambib/csnk1g2a/bambia/amer1/ppm1bb/csnk1g2b/fto",9
"GO:1901657","glycosyl compound metabolic process","9/1978","47/18773",0.191489361702128,1.81740636361681,1.92549699943574,0.0541502630697959,0.319141230377506,0.282342167481774,"adka/tyw1/aprt/dctd/gnmt/fuca2/fuca1.1/adkb/trmt12",9
"GO:0006302","double-strand break repair","23/1978","154/18773",0.149350649350649,1.4174720628209,1.78520467148515,0.054244025601182,0.319141230377506,0.282342167481774,"smc5/ppp4ca/mre11a/nipblb/smek1/smarcad1b/rnf168/parp1/actr2a/kat5b/actr2b/mcm2/lig3/pias4a/smarcad1a/prkdc/fancd2/rad51/nucks1a/babam2/mcm3/parp3/mcm5",23
"GO:0032259","methylation","30/1978","211/18773",0.14218009478673,1.34941704723523,1.7516661807174,0.0550459306285673,0.323198249833445,0.285931386165147,"kmt2ca/zgc:162396/thumpd2/tfb2m/lyn/prdm1a/mettl2a/thumpd3/dnmt3ab/prmt1/gnmt/mettl5/gamt/mettl23/trmt13/thada/shmt1/dnmt1/kdm1a/dnmt3bb.1/emg1/nop2/nsun4/coq3/mettl4/antkmt/nsun2/larp7/trmt112/trmt12",30
"GO:0021915","neural tube development","17/1978","107/18773",0.158878504672897,1.50789998393544,1.80810176238144,0.0554291673653621,0.324785569267101,0.287335677327571,"apc/en2b/foxl2b/cnpy1/sfpq/wls/myh10/ptk2ab/fmr1/vaspb/tcf7l1b/calm1a/foxl2a/rest/slc7a6os/smo/phactr4b",17
"GO:0007178","cell surface receptor protein serine/threonine kinase signaling pathway","29/1978","203/18773",0.142857142857143,1.35584284269825,1.74935807643781,0.05558444549838,0.325033434347234,0.287554961949257,"lzts2a/tll1/fstl1b/eaf2/bambib/zmynd11/tgif1/bambia/inppl1a/vasnb/ppm1bb/net1/lats2/dab2/rab5ab/nomo/nrros/skib/fstl1a/smad9/wfikkn1/flcn/acvr1l/rbm14b/ldb2a/smad5/fbxl15/tsc22d3/araf",29
"GO:0060070","canonical Wnt signaling pathway","28/1978","195/18773",0.143589743589744,1.36279588291722,1.74766660904149,0.0560797865852101,0.3272647992001,0.289529035898448,"rnf25/dixdc1a/fzd7a/apc/lzts2a/fam53b/bambib/csnk1g2a/otud5a/bambia/tle3a/nipblb/amer1/psen1/ppm1bb/net1/tmem88b/gsk3ab/fzd3a/csnk1g2b/gskip/dab2/nradd/tcf7l1b/foxo3b/fto/dvl3a/dvl2",28
"GO:0030041","actin filament polymerization","19/1978","123/18773",0.154471544715447,1.46607396812087,1.77969834545299,0.0568978738333553,0.330697339431441,0.292565781879964,"tmsb4x/tmod2/sptan1/cdc42ep1a/fam49a/arpc5lb/kank2/diaph2/fam49bb/add1/vaspb/arpc3/arpc5la/hax1/svila/capza1a/plekhg2/twf1a/zgc:154093",19
"GO:0051648","vesicle localization","19/1978","123/18773",0.154471544715447,1.46607396812087,1.77969834545299,0.0568978738333553,0.330697339431441,0.292565781879964,"stxbp2/snapin/ap1ar/exoc6/tfg/prickle2b/lin7c/pef1/fam91a1/arfgap2/trim32/ndel1b/exoc4/bbs7/trak2/pafah1b1b/ift27/ccdc186/pafah1b1a",19
"GO:0008593","regulation of Notch signaling pathway","11/1978","62/18773",0.17741935483871,1.68386933689944,1.85096790824514,0.0575488466126766,0.33380651553361,0.295316449722946,"appb/neurl1aa/dlc/tcima/gmds/nle1/poglut1/fbxw7/galnt11/mfng/lfng",11
"GO:0010212","response to ionizing radiation","6/1978","27/18773",0.222222222222222,2.1090888664195,1.97912093927708,0.0581010091939332,0.335362610687489,0.296693116968461,"brat1/rnf168/rad9a/ints3/bbc3/babam2",6
"GO:0001754","eye photoreceptor cell differentiation","13/1978","77/18773",0.168831168831169,1.60235972318884,1.81762944806691,0.0581668205537216,0.335362610687489,0.296693116968461,"cep290/apc/bco1/cdipt/sox11a/dctn2/rpgrb/mafba/med29/odc1/med24/sigmar1/dhdds",13
"GO:0016579","protein deubiquitination","13/1978","77/18773",0.168831168831169,1.60235972318884,1.81762944806691,0.0581668205537216,0.335362610687489,0.296693116968461,"otud5a/usp25/usp48/usp8/otub1b/usp33/usp49/mindy3/usp24/usp3/usp39/usp9/usp5",13
"GO:0009308","amine metabolic process","10/1978","55/18773",0.181818181818182,1.72561816343414,1.84943120412276,0.0593430601796741,0.341459968273845,0.302087409504109,"smox/oaz1a/sms/dhps/sult1st1/sat1a.2/sat1b/hdac10/afmid/odc1",10
"GO:0030855","epithelial cell differentiation","40/1978","296/18773",0.135135135135135,1.28255404039024,1.68155106463199,0.060053268192578,0.344742300441491,0.3049912673902,"ap1b1/srgap2/apc/tll1/dlc/tyro3/kirrel3l/myo7aa/myo9ab/psmd6/stab2/tjp1a/kank2/dhps/socs3a/ascl1a/ptk2ab/prkceb/dctn2/add1/thada/tcf7l1b/myo6a/med24/sipa1l3/kdr/dnm2b/rilpl2/cdkal1/cldn5a/tsc2/celf1/stat3/krit1/mif/smo/ets1/eya4/tjp2b/ccnc",40
"GO:0046530","photoreceptor cell differentiation","18/1978","116/18773",0.155172413793103,1.47272584637914,1.75265263147764,0.0603403331031324,0.344742300441491,0.3049912673902,"cep290/apc/bco1/cdipt/kif7/tgif1/sox11a/dctn2/kif3b/rpgrb/mafba/med29/odc1/med24/slbp/pitpnb/sigmar1/dhdds",18
"GO:0048284","organelle fusion","18/1978","116/18773",0.155172413793103,1.47272584637914,1.75265263147764,0.0603403331031324,0.344742300441491,0.3049912673902,"stx12/gosr2/snap29/si:ch211-266g18.9/rab7a/uso1/stx2a/stx5al/stx3a/baxb/sybl1/vps8/mfn1b/arl8ba/cplane2/stx16/si:ch73-234b20.5/zgc:100918",18
"GO:0009628","response to abiotic stimulus","50/1978","381/18773",0.131233595800525,1.24552492111388,1.66158285080353,0.0606303010102499,0.344742300441491,0.3049912673902,"atp6v0e1/sirt2/hikeshi/ap1b1/hyou1/pold3/hmox1a/get1/egln2/myo7aa/hsp90b1/sdcbp2/brat1/hif1al/vhl/sumo1/ddb2/hspa5/psen1/dnmt3ab/mapk14a/rnf168/dnaja2b/irs1/perp/tet1/rad9a/myo6a/arnt/rest/mapk14b/usp48/arnt2/foxo3b/ints3/wee1/bbc3/metrnla/egln1b/piezo1/hvcn1/aurkb/babam2/poc1b/gclc/fbxl3a/ajuba/irs2a/lamc1/dhdds",50
"GO:0048854","brain morphogenesis","7/1978","34/18773",0.205882352941176,1.95400880271219,1.91071998997683,0.0606777015919005,0.344742300441491,0.3049912673902,"tgif1/tango2/slbp/pafah1b1b/usp39/pafah1b1a/lamc1",7
"GO:0072665","protein localization to vacuole","9/1978","48/18773",0.1875,1.77954373104146,1.85578902147571,0.0606819888963772,0.344742300441491,0.3049912673902,"lamtor4/glmp/sh3bp4a/vps36/vps13a/vps8/vps25/stam/vps28",9
"GO:0090596","sensory organ morphogenesis","46/1978","347/18773",0.132564841498559,1.25815964077475,1.66577355967069,0.0607522927785318,0.344742300441491,0.3049912673902,"atp6v0e1/pi4kb/egr1/cep290/apc/tfec/ext2/bco1/pomgnt1/cdipt/ccnd1/nid2a/agrn/ttc39c/sox11a/socs3a/gmds/ascl1a/gas8/ptk2ab/dctn2/kif3b/rpgrb/mafba/psmc3/pbx2/med29/odc1/myo6a/med24/dnmt1/eya1/kif22/rerea/crbn/ttc9c/stat3/sigmar1/atp6v0ca/tapt1a/smo/phactr4b/eya4/smad5/poc1b/dhdds",46
"GO:0090068","positive regulation of cell cycle process","8/1978","41/18773",0.195121951219512,1.85188290710005,1.87395073942925,0.0612802099239259,0.347053472344753,0.307035946116976,"rock2a/anapc11/ccnd1/dyrk3/cdc25b/pagr1/ndc80/aurkb",8
"GO:0071824","protein-DNA complex organization","15/1978","93/18773",0.161290322580645,1.53079030627222,1.7609800400924,0.0618848988421243,0.349789496991732,0.309456489298432,"h1-0/nasp/psmc6/taf7/nap1l4a/atad2b/taf6/zgc:162472/taf11/cenpw/chaf1b/rad51/brf1b/supt6h/gtf2b",15
"GO:0038092","nodal signaling pathway","5/1978","21/18773",0.238095238095238,2.25973807116375,1.98218651421305,0.0627648427809918,0.349971802810212,0.309617774068417,"net1/rab5ab/nomo/ldb2a/araf",5
"GO:0044804","nucleophagy","5/1978","21/18773",0.238095238095238,2.25973807116375,1.98218651421305,0.0627648427809918,0.349971802810212,0.309617774068417,"snx7/atg4c/wipi1/atg3/atg13",5
"GO:0048264","determination of ventral identity","5/1978","21/18773",0.238095238095238,2.25973807116375,1.98218651421305,0.0627648427809918,0.349971802810212,0.309617774068417,"ppp4ca/tll1/aida/acvr1l/smad5",5
"GO:0060034","notochord cell differentiation","5/1978","21/18773",0.238095238095238,2.25973807116375,1.98218651421305,0.0627648427809918,0.349971802810212,0.309617774068417,"fstl1b/atp6v1e1b/pacsin3/fstl1a/atp6v0ca",5
"GO:0071542","dopaminergic neuron differentiation","5/1978","21/18773",0.238095238095238,2.25973807116375,1.98218651421305,0.0627648427809918,0.349971802810212,0.309617774068417,"sncb/olig2/arnt2/pink1/manf",5
"GO:2001251","negative regulation of chromosome organization","5/1978","21/18773",0.238095238095238,2.25973807116375,1.98218651421305,0.0627648427809918,0.349971802810212,0.309617774068417,"mad1l1/mcm2/ndc80/terfa/ten1",5
"GO:0072594","establishment of protein localization to organelle","27/1978","189/18773",0.142857142857143,1.35584284269825,1.6873219298352,0.0628953918212178,0.349971802810212,0.309617774068417,"hikeshi/fam53b/pttg1ipb/ipo8/srp19/vps36/kpnb3/dnajc19/spcs3/erbin/nipblb/vps13a/timm10/rab3gap2/tnpo1/nup35/tomm34/vps8/vps25/pex5/stam/oxa1l/vps28/zfand6/pex3/cse1l/tpra",27
"GO:0061515","myeloid cell development","13/1978","78/18773",0.166666666666667,1.58181664981463,1.76705116291739,0.0633645584318097,0.349971802810212,0.309617774068417,"jmjd1cb/hmgcs1/adnp2b/hif1al/eif1axb/ptena/klf9/pink1/ptenb/adnpa/nrros/smad9/clpxa",13
"GO:0007052","mitotic spindle organization","11/1978","63/18773",0.174603174603175,1.65714125218675,1.79295968408845,0.0633768888648316,0.349971802810212,0.309617774068417,"prc1b/cep192/dctn2/dync1li2/pcnt/ptpa/ndc80/ewsr1a/spice1/aurkb/tpra",11
"GO:0009267","cellular response to starvation","11/1978","63/18773",0.174603174603175,1.65714125218675,1.79295968408845,0.0633768888648316,0.349971802810212,0.309617774068417,"gabarapa/zgc:92606/gcn1/sesn3/dap/map1lc3a/trim32/sesn1/becn1/nuak2/mios",11
"GO:0048840","otolith development","11/1978","63/18773",0.174603174603175,1.65714125218675,1.79295968408845,0.0633768888648316,0.349971802810212,0.309617774068417,"cep290/hsp90b1/ttc39c/gas8/ptena/myo6a/eya1/ptenb/ttc9c/pcsk7/smo",11
"GO:0060216","definitive hemopoiesis","11/1978","63/18773",0.174603174603175,1.65714125218675,1.79295968408845,0.0633768888648316,0.349971802810212,0.309617774068417,"sae1/tfec/ddx46/sumo1/dhx15/smarcc1a/dnmt1/gar1/sumo2b/znf574/nol9",11
"GO:0021700","developmental maturation","17/1978","109/18773",0.155963302752294,1.48023209432195,1.7256013797743,0.0639885644515766,0.352672605224494,0.312007156370059,"sin3b/sptan1/ctbp2a/pum1/pggt1b/adnp2b/ascl1a/dctn2/eif1axb/klf9/rest/macf1a/arnt2/adnpa/sclt1/rb1/hmgcrb",17
"GO:0030947","regulation of vascular endothelial growth factor receptor signaling pathway","4/1978","15/18773",0.266666666666667,2.5309066397034,2.03553925795106,0.0651082714683543,0.356115013335466,0.315052632400402,"nrp2a/vhl/spred1/nrp2b",4
"GO:0046686","response to cadmium ion","4/1978","15/18773",0.266666666666667,2.5309066397034,2.03553925795106,0.0651082714683543,0.356115013335466,0.315052632400402,"sod2/gadd45ba/sumo1/rad51",4
"GO:0060837","blood vessel endothelial cell differentiation","4/1978","15/18773",0.266666666666667,2.5309066397034,2.03553925795106,0.0651082714683543,0.356115013335466,0.315052632400402,"dlc/stab2/smo/ets1",4
"GO:0070373","negative regulation of ERK1 and ERK2 cascade","4/1978","15/18773",0.266666666666667,2.5309066397034,2.03553925795106,0.0651082714683543,0.356115013335466,0.315052632400402,"dusp7/spry2/dusp6/spred1",4
"GO:0036269","swimming behavior","15/1978","94/18773",0.159574468085106,1.51450530301401,1.71615054849544,0.0667830552274338,0.364582257854511,0.322543548466863,"sirt2/tfg/gars1/sin3b/myo9ab/lars1b/psen1/dnmt3ab/tango2/ctns/hdac10/pink1/gdpd5a/klhl41b/sigmar1",15
"GO:0001885","endothelial cell development","6/1978","28/18773",0.214285714285714,2.03376426404738,1.87860823028324,0.0676264781095149,0.366405607384321,0.324156653917746,"tll1/tjp1a/add1/cldn5a/krit1/tjp2b",6
"GO:0043543","protein acylation","6/1978","28/18773",0.214285714285714,2.03376426404738,1.87860823028324,0.0676264781095149,0.366405607384321,0.324156653917746,"naa20/naa35/nmt1a/zdhhc16a/nmt2/naa10",6
"GO:0072089","stem cell proliferation","6/1978","28/18773",0.214285714285714,2.03376426404738,1.87860823028324,0.0676264781095149,0.366405607384321,0.324156653917746,"slco2b1/tfec/tgif1/vdra/rad51/ago3b",6
"GO:1902806","regulation of cell cycle G1/S phase transition","6/1978","28/18773",0.214285714285714,2.03376426404738,1.87860823028324,0.0676264781095149,0.366405607384321,0.324156653917746,"ccnd1/kank2/rbl1/pagr1/rb1/pla2g4aa",6
"GO:0007015","actin filament organization","44/1978","333/18773",0.132132132132132,1.25405283949268,1.60525534255088,0.0681835584536826,0.368729506900836,0.326212592681054,"tmsb4x/tmod2/ap1ar/sptan1/cdc42ep1a/rhogb/myo7aa/hip1/fam49a/cd2ap/arpc5lb/kank2/diaph2/rhoac/zgc:109889/myh10/fam49bb/arpin/actr2a/add1/rac1a/coro1b/actr2b/wash1/vaspb/tpm2/myo6a/arpc3/rock1/rac1b/sh3kbp1/enah/mical3b/arpc5la/hax1/svila/capza1a/plekhg2/limd2/lima1a/twf1a/arfip2a/myo1cb/zgc:154093",44
"GO:0048469","cell maturation","13/1978","79/18773",0.164556962025316,1.56179365424735,1.71718730092185,0.0688616821698311,0.36934883023527,0.32676050400047,"sptan1/ctbp2a/pum1/adnp2b/ascl1a/dctn2/eif1axb/klf9/rest/macf1a/adnpa/sclt1/rb1",13
"GO:0030968","endoplasmic reticulum unfolded protein response","8/1978","42/18773",0.19047619047619,1.807790456931,1.7985449393028,0.069017894439441,0.36934883023527,0.32676050400047,"os9/selenos/hspa5/erlec1/nck1a/tmbim4/tmtc4/parp16",8
"GO:0051338","regulation of transferase activity","8/1978","42/18773",0.19047619047619,1.807790456931,1.7985449393028,0.069017894439441,0.36934883023527,0.32676050400047,"rtraf/pkig/prrc1/aida/dnmt3ab/traf2b/zgpat/fzr1a",8
"GO:0008088","axo-dendritic transport","7/1978","35/18773",0.2,1.89817997977755,1.82521566593452,0.0692483591334507,0.36934883023527,0.32676050400047,"stau1/psen2/stau2/trak2/arl8ba/pafah1b1b/pafah1b1a",7
"GO:0008333","endosome to lysosome transport","7/1978","35/18773",0.2,1.89817997977755,1.82521566593452,0.0692483591334507,0.36934883023527,0.32676050400047,"snapin/rab7a/mgrn1b/mgrn1a/sybl1/zgc:100918/mvb12a",7
"GO:0031103","axon regeneration","7/1978","35/18773",0.2,1.89817997977755,1.82521566593452,0.0692483591334507,0.36934883023527,0.32676050400047,"lgmn/socs3a/sfpq/ascl1a/il6st/ptena/mycbp2",7
"GO:0097205","renal filtration","7/1978","35/18773",0.2,1.89817997977755,1.82521566593452,0.0692483591334507,0.36934883023527,0.32676050400047,"tyro3/cd2ap/farp1/tmem234/prkceb/ctns/dnm2b",7
"GO:0003407","neural retina development","20/1978","134/18773",0.149253731343284,1.41655222371459,1.66069150676777,0.0693251193350872,0.36934883023527,0.32676050400047,"atoh8/egr1/cep290/prickle2b/cdipt/ccnd1/agrn/sox11a/gmds/tubgcp3/rpgrb/mafba/med24/dnmt1/slbp/uba2/atp6v1h/sigmar1/tapt1a/poc1b",20
"GO:0001702","gastrulation with mouth forming second","11/1978","64/18773",0.171875,1.63124842012133,1.73597479789055,0.0695762489285179,0.370001604745556,0.327338009357245,"lta4h/dsc2l/cyth3a/sdcbp2/alkbh4/diaph2/flot2a/rab5ab/arhgef7b/arf6b/fdx1",11
"GO:0045765","regulation of angiogenesis","14/1978","87/18773",0.160919540229885,1.52727124809688,1.69166341246638,0.0706394577189135,0.374272043936122,0.331116039089528,"sirt2/vash2/sars1/rnf213a/vhl/cemip2/ptena/ptenb/kdr/sirt1/serpinf1/serpine1/krit1/cdh5",14
"GO:0065004","protein-DNA complex assembly","14/1978","87/18773",0.160919540229885,1.52727124809688,1.69166341246638,0.0706394577189135,0.374272043936122,0.331116039089528,"h1-0/nasp/psmc6/taf7/nap1l4a/atad2b/taf6/zgc:162472/taf11/cenpw/chaf1b/rad51/brf1b/gtf2b",14
"GO:0061024","membrane organization","49/1978","377/18773",0.129973474801061,1.23356523884748,1.57215584559914,0.0715022263584842,0.378146884620145,0.334544085400183,"stx12/tfg/bnip4/gosr2/sptan1/snap29/sec23a/si:ch211-266g18.9/emc4/get1/rab7a/uso1/chchd6b/ctbp2a/apoob/chmp6b/mtss1/pef1/stx2a/get4/timm10/arfgap2/rhot1a/bin2b/stx5al/stx3a/chmp5b/apooa/immt/lmnb1/sybl1/vps8/sclt1/pacsin3/arl8ba/rilpl2/plscr3b/atp11a/pitpnb/cplane2/mtss1lb/tor1/stx16/lmna/si:ch73-234b20.5/oxa1l/aurkb/zgc:100918/plekha8",49
"GO:0007051","spindle organization","15/1978","95/18773",0.157894736842105,1.49856314192965,1.67184187151973,0.0719335535951609,0.379729970079409,0.335944630793045,"apc/lzts2a/prc1b/cep192/tubgcp3/dctn2/dync1li2/pcnt/ptpa/ndc80/ewsr1a/tubgcp5/spice1/aurkb/tpra",15
"GO:0006897","endocytosis","41/1978","309/18773",0.132686084142395,1.25931034257087,1.57730106007445,0.07225742040615,0.380090999472436,0.336264031145144,"ap1b1/mrc1a/si:ch211-11k18.4/sh3bp4a/rab7a/tpte/tyro3/myo7aa/hip1/clta/csnk1g2a/stab2/snx5/stab1/eps15/epn3a/trip10a/sncb/lgals3b/ap2a1/bin2b/csnk1g2b/rab5aa/clint1a/dab2/pip5k1ab/myo6a/rab5ab/pla2r1/sh3gl1b/pacsin3/dnm2b/rab14/ly75/scarb1/usp33/si:dkey-258f14.3/myo1cb/ap2m1a/zgc:100918/anxa11b",41
"GO:0006720","isoprenoid metabolic process","10/1978","57/18773",0.175438596491228,1.66507015769961,1.72574563257609,0.0725303992736765,0.380090999472436,0.336264031145144,"apc/bco1/hmgcs1/tle3a/dhrs3a/kdm1a/idi1/hmgcrb/srd5a3/dhdds",10
"GO:0044843","cell cycle G1/S phase transition","10/1978","57/18773",0.175438596491228,1.66507015769961,1.72574563257609,0.0725303992736765,0.380090999472436,0.336264031145144,"ccnd1/kank2/cdkn1ba/rbl1/pagr1/lats2/ppp6c/rb1/pla2g4aa/ccnb3",10
"GO:0141193","nuclear receptor-mediated signaling pathway","10/1978","57/18773",0.175438596491228,1.66507015769961,1.72574563257609,0.0725303992736765,0.380090999472436,0.336264031145144,"apc/rxrbb/tgif1/vhl/rarga/cnot9/kank2/dhrs3a/pagr1/arnt",10
"GO:0061025","membrane fusion","16/1978","103/18773",0.155339805825243,1.47431454740004,1.65649950528737,0.0728321153426253,0.380978174255878,0.33704890889659,"stx12/gosr2/snap29/si:ch211-266g18.9/rab7a/uso1/stx2a/stx5al/stx3a/sybl1/vps8/arl8ba/cplane2/stx16/si:ch73-234b20.5/zgc:100918",16
"GO:1901659","glycosyl compound biosynthetic process","5/1978","22/18773",0.227272727272727,2.15702270429267,1.86345717735097,0.0744637569159475,0.388806222590165,0.343974332262415,"adka/tyw1/aprt/adkb/trmt12",5
"GO:0006606","protein import into nucleus","9/1978","50/18773",0.18,1.7083619817998,1.72119842551616,0.07519679984674,0.390651638204917,0.345606959434897,"hikeshi/fam53b/pttg1ipb/ipo8/kpnb3/tnpo1/nup35/cse1l/tpra",9
"GO:0042254","ribosome biogenesis","31/1978","226/18773",0.13716814159292,1.30184910117487,1.56669942084469,0.0761932492805961,0.390651638204917,0.345606959434897,"exosc8/pin4/exosc6/sde2/tfb2m/rrp1/ddx10/mettl5/tsr3/nat10/las1l/ddx54/emg1/znf622/gar1/npm1b/nop2/nsun4/rbm34/zgc:152968/rpusd2/eif6/nob1/bms1/eri1/mtrex/nol9/dhx37/tsr2/rpf1/trmt112",31
"GO:0006997","nucleus organization","8/1978","43/18773",0.186046511627907,1.76574881839772,1.725162807721,0.0773265590167439,0.390651638204917,0.345606959434897,"sirt2/nup205/nup35/lmnb1/ddx11/tor1/lmna/phf2",8
"GO:0042440","pigment metabolic process","8/1978","43/18773",0.186046511627907,1.76574881839772,1.725162807721,0.0773265590167439,0.390651638204917,0.345606959434897,"cox15/hmox1a/hmox2a/alad/ddt/snx3/qdpra/blvra",8
"GO:1901342","regulation of vasculature development","15/1978","96/18773",0.15625,1.48295310920121,1.62804136732268,0.0773394018437596,0.390651638204917,0.345606959434897,"sirt2/vash2/sars1/rnf213a/hars/vhl/cemip2/ptena/ptenb/kdr/sirt1/serpinf1/serpine1/krit1/cdh5",15
"GO:0010257","NADH dehydrogenase complex assembly","6/1978","29/18773",0.206896551724138,1.96363446183885,1.78220885217814,0.0780027623902841,0.390651638204917,0.345606959434897,"ndufa12/ndufaf3/ndufs8a/nubpl/ndufs7/zgc:193742",6
"GO:0032981","mitochondrial respiratory chain complex I assembly","6/1978","29/18773",0.206896551724138,1.96363446183885,1.78220885217814,0.0780027623902841,0.390651638204917,0.345606959434897,"ndufa12/ndufaf3/ndufs8a/nubpl/ndufs7/zgc:193742",6
"GO:0051147","regulation of muscle cell differentiation","6/1978","29/18773",0.206896551724138,1.96363446183885,1.78220885217814,0.0780027623902841,0.390651638204917,0.345606959434897,"neu1/fbxo22/prdm1a/mapk14a/dab2/mapk14b",6
"GO:0090307","mitotic spindle assembly","6/1978","29/18773",0.206896551724138,1.96363446183885,1.78220885217814,0.0780027623902841,0.390651638204917,0.345606959434897,"prc1b/cep192/ewsr1a/spice1/aurkb/tpra",6
"GO:0006406","mRNA export from nucleus","7/1978","36/18773",0.194444444444444,1.84545275811707,1.74248472462378,0.0785042093603012,0.390651638204917,0.345606959434897,"alyref/chtopa/nxt2/eif4ea/thoc1/si:dkey-17o15.2/tpra",7
"GO:0031331","positive regulation of cellular catabolic process","7/1978","36/18773",0.194444444444444,1.84545275811707,1.74248472462378,0.0785042093603012,0.390651638204917,0.345606959434897,"sh3bp4a/sesn3/gsk3ab/trim32/scoca/sesn1/becn1",7
"GO:0048678","response to axon injury","7/1978","36/18773",0.194444444444444,1.84545275811707,1.74248472462378,0.0785042093603012,0.390651638204917,0.345606959434897,"lgmn/socs3a/sfpq/ascl1a/il6st/ptena/mycbp2",7
"GO:0051298","centrosome duplication","7/1978","36/18773",0.194444444444444,1.84545275811707,1.74248472462378,0.0785042093603012,0.390651638204917,0.345606959434897,"rock2a/cep192/chordc1a/npm1b/usp33/spice1/poc1b",7
"GO:0003382","epithelial cell morphogenesis","3/1978","10/18773",0.3,2.84726996966633,2.00519975633506,0.0796757467219244,0.390651638204917,0.345606959434897,"sipa1l3/rilpl2/krit1",3
"GO:0006544","glycine metabolic process","3/1978","10/18773",0.3,2.84726996966633,2.00519975633506,0.0796757467219244,0.390651638204917,0.345606959434897,"gcsha/shmt1/agxta",3
"GO:0016032","viral process","3/1978","10/18773",0.3,2.84726996966633,2.00519975633506,0.0796757467219244,0.390651638204917,0.345606959434897,"mvb12a/mvb12ba/usp5",3
"GO:0031573","mitotic intra-S DNA damage checkpoint signaling","3/1978","10/18773",0.3,2.84726996966633,2.00519975633506,0.0796757467219244,0.390651638204917,0.345606959434897,"mre11a/rad9a/fancd2",3
"GO:0032926","negative regulation of activin receptor signaling pathway","3/1978","10/18773",0.3,2.84726996966633,2.00519975633506,0.0796757467219244,0.390651638204917,0.345606959434897,"nomo/ldb2a/araf",3
"GO:0035459","vesicle cargo loading","3/1978","10/18773",0.3,2.84726996966633,2.00519975633506,0.0796757467219244,0.390651638204917,0.345606959434897,"sec23a/mia2/mia3",3
"GO:0043144","sno(s)RNA processing","3/1978","10/18773",0.3,2.84726996966633,2.00519975633506,0.0796757467219244,0.390651638204917,0.345606959434897,"exosc6/exosc5/larp7",3
"GO:0046348","amino sugar catabolic process","3/1978","10/18773",0.3,2.84726996966633,2.00519975633506,0.0796757467219244,0.390651638204917,0.345606959434897,"gnpda1/gnpda2/renbp",3
"GO:0048532","anatomical structure arrangement","3/1978","10/18773",0.3,2.84726996966633,2.00519975633506,0.0796757467219244,0.390651638204917,0.345606959434897,"pi4kb/exosc8/slc7a6os",3
"GO:0050932","regulation of pigment cell differentiation","3/1978","10/18773",0.3,2.84726996966633,2.00519975633506,0.0796757467219244,0.390651638204917,0.345606959434897,"tfec/ctbp2a/hipk2",3
"GO:0051315","attachment of mitotic spindle microtubules to kinetochore","3/1978","10/18773",0.3,2.84726996966633,2.00519975633506,0.0796757467219244,0.390651638204917,0.345606959434897,"mad1l1/ndc80/aurkb",3
"GO:0070365","hepatocyte differentiation","3/1978","10/18773",0.3,2.84726996966633,2.00519975633506,0.0796757467219244,0.390651638204917,0.345606959434897,"apc/socs3a/stat3",3
"GO:0071108","protein K48-linked deubiquitination","3/1978","10/18773",0.3,2.84726996966633,2.00519975633506,0.0796757467219244,0.390651638204917,0.345606959434897,"otud5a/usp33/mindy3",3
"GO:0150105","protein localization to cell-cell junction","3/1978","10/18773",0.3,2.84726996966633,2.00519975633506,0.0796757467219244,0.390651638204917,0.345606959434897,"tjp1a/arhgef7b/tjp2b",3
"GO:1902106","negative regulation of leukocyte differentiation","3/1978","10/18773",0.3,2.84726996966633,2.00519975633506,0.0796757467219244,0.390651638204917,0.345606959434897,"irf2bp2b/loxl3b/qkia",3
"GO:0007093","mitotic cell cycle checkpoint signaling","10/1978","58/18773",0.172413793103448,1.63636205153237,1.66571910391128,0.0797615768877293,0.390651638204917,0.345606959434897,"chfr/mre11a/ccnd1/mad1l1/rad9a/ndc80/ints3/fancd2/aurkb/babam2",10
"GO:0003157","endocardium development","4/1978","16/18773",0.25,2.37272497472194,1.88512541924013,0.0798412107280122,0.390651638204917,0.345606959434897,"apc/smarce1/krit1/smo",4
"GO:0014823","response to activity","4/1978","16/18773",0.25,2.37272497472194,1.88512541924013,0.0798412107280122,0.390651638204917,0.345606959434897,"hif1al/pcna/cs/metrnla",4
"GO:0045445","myoblast differentiation","4/1978","16/18773",0.25,2.37272497472194,1.88512541924013,0.0798412107280122,0.390651638204917,0.345606959434897,"fosl2/flot2a/mapk14a/mapk14b",4
"GO:0046620","regulation of organ growth","4/1978","16/18773",0.25,2.37272497472194,1.88512541924013,0.0798412107280122,0.390651638204917,0.345606959434897,"wwc3/dusp6/lats2/larp7",4
"GO:0048859","formation of anatomical boundary","4/1978","16/18773",0.25,2.37272497472194,1.88512541924013,0.0798412107280122,0.390651638204917,0.345606959434897,"apc/sfpq/fmr1/mafba",4
"GO:0061074","regulation of neural retina development","4/1978","16/18773",0.25,2.37272497472194,1.88512541924013,0.0798412107280122,0.390651638204917,0.345606959434897,"atoh8/ccnd1/uba2/atp6v1h",4
"GO:0061709","reticulophagy","4/1978","16/18773",0.25,2.37272497472194,1.88512541924013,0.0798412107280122,0.390651638204917,0.345606959434897,"ufc1/snx7/tex264a/ufm1",4
"GO:0090382","phagosome maturation","4/1978","16/18773",0.25,2.37272497472194,1.88512541924013,0.0798412107280122,0.390651638204917,0.345606959434897,"rab7a/rab14/slc37a2/zgc:100918",4
"GO:0043473","pigmentation","23/1978","161/18773",0.142857142857143,1.35584284269825,1.55615575574739,0.0809052592204019,0.395185790793033,0.349618294692041,"tfec/prickle2b/ctbp2a/prdm1a/tjp1a/bnc2/psen1/psen2/tspan36/nrarpa/ctns/psenen/trim32/hps5/bbs7/dicer1/hipk2/atp6v1h/ift27/tapt1a/scarb1/ctr9/mycbp2",23
"GO:0044242","cellular lipid catabolic process","20/1978","137/18773",0.145985401459854,1.38553283195442,1.55426015456291,0.0829488481101484,0.403592169740124,0.357055363383502,"sgpl1/acadl/ehhadh/hadhb/neu1/bco1/zgc:123305/phyh/lpin2/acads/crot/hadh/ech1/eci1/cpt1ab/pla2g4aa/auh/acadm/etfa/srd5a3",20
"GO:0006006","glucose metabolic process","11/1978","66/18773",0.166666666666667,1.58181664981463,1.62492923444031,0.0831045165206917,0.403592169740124,0.357055363383502,"arpp19a/tpi1a/pdk4/fbp1a/akr1a1b/dcxr/gnmt/g6pc3/pcxa/g6pd/adpgk2",11
"GO:0042273","ribosomal large subunit biogenesis","9/1978","51/18773",0.176470588235294,1.67486468803902,1.65616683813157,0.0831874023830009,0.403592169740124,0.357055363383502,"las1l/znf622/npm1b/nop2/rbm34/eif6/nol9/rpf1/trmt112",9
"GO:0051170","import into nucleus","9/1978","51/18773",0.176470588235294,1.67486468803902,1.65616683813157,0.0831874023830009,0.403592169740124,0.357055363383502,"hikeshi/fam53b/pttg1ipb/ipo8/kpnb3/tnpo1/nup35/cse1l/tpra",9
"GO:0061008","hepaticobiliary system development","24/1978","170/18773",0.141176470588235,1.33989175043121,1.52774898496006,0.0843173131048221,0.408385370038002,0.361295876461917,"atp6ap2/fhl1b/apc/snx7/cdipt/snapc4/lars1b/ddx46/rarga/snapc2/socs3a/dnmt1/arnt2/ilf2/jag2b/arf6b/celf1/stat3/bms1/vipas39/prkcsh/acvr1l/nol9/hdac3",24
"GO:0010256","endomembrane system organization","37/1978","279/18773",0.132616487455197,1.25864980737938,1.49374768979982,0.0845324276525875,0.408739150178982,0.361608863447955,"cog4/fam174b/lysmd3/myo18ab/tmed7/snap29/emc4/get1/uso1/reep3a/vmp1/gorasp2/cdipt/tmed2/jagn1b/mtss1/sqstm1/tmed3/vps51/stx2a/get4/bin2b/tango2/stx3a/lmnb1/cog2/rtn1b/usp8/pacsin3/plscr3b/ist1/mtss1lb/trip11/tor1/lmna/blzf1/armh3",37
"GO:0031401","positive regulation of protein modification process","8/1978","44/18773",0.181818181818182,1.72561816343414,1.65369571485077,0.0862069772221939,0.416136700450087,0.368153427981746,"ndfip1l/prrc1/brat1/pef1/traf2b/ndfip1/fzr1a/ndfip2",8
"GO:0048793","pronephros development","21/1978","146/18773",0.143835616438356,1.36512943751125,1.51995325244953,0.0871127759228132,0.418401670341059,0.37015723208923,"tmsb4x/podxl/pi4kb/cep290/snap29/acp1/kirrel3l/cd2ap/vhl/bnc2/tmem234/osr2/kif3b/mafba/ponzr1/trim32/hdac5/jag2b/traf3ip1/stx16/prkcsh",21
"GO:0007520","myoblast fusion","5/1978","23/18773",0.217391304347826,2.06323910845386,1.75094553415331,0.0872579083088756,0.418401670341059,0.37015723208923,"kirrel3l/mapk14a/rac1a/mapk14b/ppp2r2d",5
"GO:0031398","positive regulation of protein ubiquitination","5/1978","23/18773",0.217391304347826,2.06323910845386,1.75094553415331,0.0872579083088756,0.418401670341059,0.37015723208923,"ndfip1l/pef1/ndfip1/fzr1a/ndfip2",5
"GO:0043401","steroid hormone receptor signaling pathway","5/1978","23/18773",0.217391304347826,2.06323910845386,1.75094553415331,0.0872579083088756,0.418401670341059,0.37015723208923,"vhl/cnot9/kank2/pagr1/arnt",5
"GO:0008637","apoptotic mitochondrial changes","7/1978","37/18773",0.189189189189189,1.79557565654633,1.66234943968993,0.0884428495846727,0.420804575412743,0.372283066552517,"bnip4/rhot1a/bcl2l1/atg3/bcl2l10/baxb/bbc3",7
"GO:0006310","DNA recombination","24/1978","171/18773",0.140350877192982,1.33205612615969,1.49695292949417,0.0887401631626811,0.420804575412743,0.372283066552517,"h1-0/smc5/ppp4ca/ino80db/mre11a/nipblb/top2a/rnf168/actr2a/kat5b/hdac10/actr2b/mcm2/lig3/pias4a/prkdc/h2ax/terfa/fancd2/rad51/nucks1a/mcm3/top3a/mcm5",24
"GO:0016050","vesicle organization","27/1978","196/18773",0.137755102040816,1.30741988403046,1.48474069378056,0.0891352326049937,0.420804575412743,0.372283066552517,"stx12/tfg/gosr2/snap29/sec23a/si:ch211-266g18.9/snx11/rab7a/uso1/chmp6b/pef1/sqstm1/stx2a/arfgap2/stx5al/stx3a/chmp5b/sybl1/vps8/usp8/arl8ba/ist1/rab14/cplane2/stx16/si:ch73-234b20.5/zgc:100918",27
"GO:0010948","negative regulation of cell cycle process","16/1978","106/18773",0.150943396226415,1.43258866398306,1.53274255654397,0.0892027160825708,0.420804575412743,0.372283066552517,"chfr/mre11a/ccnd1/kank2/aven/mad1l1/rbl1/rad9a/ndc80/ints3/wee1/fancd2/rb1/timeless/aurkb/babam2",16
"GO:0000302","response to reactive oxygen species","6/1978","30/18773",0.2,1.89817997977755,1.68959594124777,0.0892216861320032,0.420804575412743,0.372283066552517,"sod2/sesn3/prdx1/sod1/sesn1/gpx1b",6
"GO:0007040","lysosome organization","6/1978","30/18773",0.2,1.89817997977755,1.68959594124777,0.0892216861320032,0.420804575412743,0.372283066552517,"snapin/rab7a/cln6a/rab14/mfsd8/zgc:100918",6
"GO:0039021","pronephric glomerulus development","6/1978","30/18773",0.2,1.89817997977755,1.68959594124777,0.0892216861320032,0.420804575412743,0.372283066552517,"podxl/kirrel3l/cd2ap/tmem234/mafba/ponzr1",6
"GO:0042168","heme metabolic process","6/1978","30/18773",0.2,1.89817997977755,1.68959594124777,0.0892216861320032,0.420804575412743,0.372283066552517,"cox15/hmox1a/hmox2a/alad/snx3/blvra",6
"GO:0071103","DNA conformation change","6/1978","30/18773",0.2,1.89817997977755,1.68959594124777,0.0892216861320032,0.420804575412743,0.372283066552517,"top2a/mcm2/ddx11/mcm3/top3a/mcm5",6
"GO:0080171","lytic vacuole organization","6/1978","30/18773",0.2,1.89817997977755,1.68959594124777,0.0892216861320032,0.420804575412743,0.372283066552517,"snapin/rab7a/cln6a/rab14/mfsd8/zgc:100918",6
"GO:0048024","regulation of mRNA splicing, via spliceosome","11/1978","67/18773",0.164179104477612,1.55820744608605,1.57080029451244,0.0904378554291812,0.425842406006145,0.376740002459747,"khdrbs1b/hnrnpk/srsf2b/rest/nsrp1/celf1/tra2b/larp7/dhx37/arglu1a/qkia",11
"GO:0031647","regulation of protein stability","9/1978","52/18773",0.173076923076923,1.64265575173057,1.59255324485675,0.0916679050856897,0.430929024397924,0.381240100614375,"glmp/trim44/mapk14a/usp25/usp48/usp24/usp9/atf7ip/usp5",9
"GO:0003007","heart morphogenesis","35/1978","265/18773",0.132075471698113,1.25351508098518,1.42634769099638,0.0952466328921357,0.438788470295238,0.388193301199672,"fermt2/rock2a/tmsb4x/atoh8/apex1/cacnb2a/dsc2l/spns2/apc/furina/ccm2l/ep300b/nipblb/mia2/cemip2/gsk3ab/mia3/mef2d/pbx2/vdra/smarcc1a/arnt2/bbs7/skib/fabp3/hmgcrb/krit1/csrp1a/grk5l/rbx1/lmna/smo/nr2f1a/acvr1l/smad5",35
"GO:0016073","snRNA metabolic process","8/1978","45/18773",0.177777777777778,1.6872710931356,1.58404329148635,0.095656674198881,0.438788470295238,0.388193301199672,"ell2/exosc8/exosc6/snapc4/snapc2/exosc5/larp7/ints10",8
"GO:0001818","negative regulation of cytokine production","4/1978","17/18773",0.235294117647059,2.23315291738536,1.74561994609464,0.0960657452136703,0.438788470295238,0.388193301199672,"sars1/fxr1/lgals9l3/pias4a",4
"GO:0006743","ubiquinone metabolic process","4/1978","17/18773",0.235294117647059,2.23315291738536,1.74561994609464,0.0960657452136703,0.438788470295238,0.388193301199672,"coq8aa/coq7/coq3/pptc7a",4
"GO:0006744","ubiquinone biosynthetic process","4/1978","17/18773",0.235294117647059,2.23315291738536,1.74561994609464,0.0960657452136703,0.438788470295238,0.388193301199672,"coq8aa/coq7/coq3/pptc7a",4
"GO:0021984","adenohypophysis development","4/1978","17/18773",0.235294117647059,2.23315291738536,1.74561994609464,0.0960657452136703,0.438788470295238,0.388193301199672,"ascl1a/eya1/smo/usp39",4
"GO:0032786","positive regulation of DNA-templated transcription, elongation","4/1978","17/18773",0.235294117647059,2.23315291738536,1.74561994609464,0.0960657452136703,0.438788470295238,0.388193301199672,"ell2/ccnt1/cdk12/supt6h",4
"GO:0032925","regulation of activin receptor signaling pathway","4/1978","17/18773",0.235294117647059,2.23315291738536,1.74561994609464,0.0960657452136703,0.438788470295238,0.388193301199672,"net1/nomo/ldb2a/araf",4
"GO:0035476","angioblast cell migration","4/1978","17/18773",0.235294117647059,2.23315291738536,1.74561994609464,0.0960657452136703,0.438788470295238,0.388193301199672,"ephb4a/arfgef2/myo6a/smo",4
"GO:0051125","regulation of actin nucleation","4/1978","17/18773",0.235294117647059,2.23315291738536,1.74561994609464,0.0960657452136703,0.438788470295238,0.388193301199672,"ap1ar/zgc:109889/arpin/arfip2a",4
"GO:0060395","SMAD protein signal transduction","4/1978","17/18773",0.235294117647059,2.23315291738536,1.74561994609464,0.0960657452136703,0.438788470295238,0.388193301199672,"zmynd11/smad9/smad5/araf",4
"GO:1901184","regulation of ERBB signaling pathway","4/1978","17/18773",0.235294117647059,2.23315291738536,1.74561994609464,0.0960657452136703,0.438788470295238,0.388193301199672,"sh3tc2/zgpat/mvb12a/mvb12ba",4
"GO:1901661","quinone metabolic process","4/1978","17/18773",0.235294117647059,2.23315291738536,1.74561994609464,0.0960657452136703,0.438788470295238,0.388193301199672,"coq8aa/coq7/coq3/pptc7a",4
"GO:1901663","quinone biosynthetic process","4/1978","17/18773",0.235294117647059,2.23315291738536,1.74561994609464,0.0960657452136703,0.438788470295238,0.388193301199672,"coq8aa/coq7/coq3/pptc7a",4
"GO:0002520","immune system development","7/1978","38/18773",0.184210526315789,1.74832366558459,1.58464812761195,0.0990572063248085,0.438788470295238,0.388193301199672,"ext2/fam49a/rnf168/mcm2/med24/tlx1/prkdc",7
"GO:1902414","protein localization to cell junction","7/1978","38/18773",0.184210526315789,1.74832366558459,1.58464812761195,0.0990572063248085,0.438788470295238,0.388193301199672,"stau1/tjp1a/erbin/stx3a/stau2/arhgef7b/tjp2b",7
"GO:0042594","response to starvation","12/1978","76/18773",0.157894736842105,1.49856314192965,1.49458084879833,0.099892382238518,0.438788470295238,0.388193301199672,"gabarapa/zgc:92606/gcn1/sesn3/dap/bcas3/map1lc3a/trim32/sesn1/becn1/nuak2/mios",12
"GO:0035967","cellular response to topologically incorrect protein","9/1978","53/18773",0.169811320754717,1.61166224698094,1.53029479368155,0.100636200080522,0.438788470295238,0.388193301199672,"os9/selenos/hspa5/erlec1/nck1a/tmbim4/tegt/tmtc4/parp16",9
"GO:0051225","spindle assembly","9/1978","53/18773",0.169811320754717,1.61166224698094,1.53029479368155,0.100636200080522,0.438788470295238,0.388193301199672,"lzts2a/prc1b/cep192/tubgcp3/ewsr1a/tubgcp5/spice1/aurkb/tpra",9
"GO:0021955","central nervous system neuron axonogenesis","5/1978","24/18773",0.208333333333333,1.97727081226828,1.6440306378329,0.101115850742954,0.438788470295238,0.388193301199672,"ppp4ca/ap4s1/sfpq/kif22/mycbp2",5
"GO:0042181","ketone biosynthetic process","5/1978","24/18773",0.208333333333333,1.97727081226828,1.6440306378329,0.101115850742954,0.438788470295238,0.388193301199672,"tpi1a/coq8aa/coq7/coq3/pptc7a",5
"GO:0048534","hematopoietic or lymphoid organ development","5/1978","24/18773",0.208333333333333,1.97727081226828,1.6440306378329,0.101115850742954,0.438788470295238,0.388193301199672,"ext2/fam49a/mcm2/med24/tlx1",5
"GO:1903008","organelle disassembly","5/1978","24/18773",0.208333333333333,1.97727081226828,1.6440306378329,0.101115850742954,0.438788470295238,0.388193301199672,"rnf25/pelo/zfand1/dyrk3/macf1a",5
"GO:1905897","regulation of response to endoplasmic reticulum stress","5/1978","24/18773",0.208333333333333,1.97727081226828,1.6440306378329,0.101115850742954,0.438788470295238,0.388193301199672,"mia2/rnft2/nck1a/mia3/sigmar1",5
"GO:0006778","porphyrin-containing compound metabolic process","6/1978","31/18773",0.193548387096774,1.83694836752666,1.60047892245001,0.10126794788769,0.438788470295238,0.388193301199672,"cox15/hmox1a/hmox2a/alad/snx3/blvra",6
"GO:0043549","regulation of kinase activity","6/1978","31/18773",0.193548387096774,1.83694836752666,1.60047892245001,0.10126794788769,0.438788470295238,0.388193301199672,"rtraf/pkig/prrc1/aida/traf2b/zgpat",6
"GO:0045859","regulation of protein kinase activity","6/1978","31/18773",0.193548387096774,1.83694836752666,1.60047892245001,0.10126794788769,0.438788470295238,0.388193301199672,"rtraf/pkig/prrc1/aida/traf2b/zgpat",6
"GO:0000303","response to superoxide","3/1978","11/18773",0.272727272727273,2.58842724515121,1.80843338852028,0.10127060975879,0.438788470295238,0.388193301199672,"sod2/prdx1/sod1",3
"GO:0000305","response to oxygen radical","3/1978","11/18773",0.272727272727273,2.58842724515121,1.80843338852028,0.10127060975879,0.438788470295238,0.388193301199672,"sod2/prdx1/sod1",3
"GO:0002063","chondrocyte development","3/1978","11/18773",0.272727272727273,2.58842724515121,1.80843338852028,0.10127060975879,0.438788470295238,0.388193301199672,"atg13/ewsr1a/pmm2",3
"GO:0006473","protein acetylation","3/1978","11/18773",0.272727272727273,2.58842724515121,1.80843338852028,0.10127060975879,0.438788470295238,0.388193301199672,"naa20/naa35/naa10",3
"GO:0006896","Golgi to vacuole transport","3/1978","11/18773",0.272727272727273,2.58842724515121,1.80843338852028,0.10127060975879,0.438788470295238,0.388193301199672,"ap1g1/ankfy1/ap3s2",3
"GO:0006901","vesicle coating","3/1978","11/18773",0.272727272727273,2.58842724515121,1.80843338852028,0.10127060975879,0.438788470295238,0.388193301199672,"tfg/pef1/arfgap2",3
"GO:0007035","vacuolar acidification","3/1978","11/18773",0.272727272727273,2.58842724515121,1.80843338852028,0.10127060975879,0.438788470295238,0.388193301199672,"atp6v0a2b/tcirg1b/atp6v1ba",3
"GO:0019430","removal of superoxide radicals","3/1978","11/18773",0.272727272727273,2.58842724515121,1.80843338852028,0.10127060975879,0.438788470295238,0.388193301199672,"sod2/prdx1/sod1",3
"GO:0032350","regulation of hormone metabolic process","3/1978","11/18773",0.272727272727273,2.58842724515121,1.80843338852028,0.10127060975879,0.438788470295238,0.388193301199672,"apc/tle3a/kdm1a",3
"GO:0032388","positive regulation of intracellular transport","3/1978","11/18773",0.272727272727273,2.58842724515121,1.80843338852028,0.10127060975879,0.438788470295238,0.388193301199672,"cpsf6/oaz1a/nf2b",3
"GO:0033962","P-body assembly","3/1978","11/18773",0.272727272727273,2.58842724515121,1.80843338852028,0.10127060975879,0.438788470295238,0.388193301199672,"lsm14ab/patl1/lsm4",3
"GO:0034453","microtubule anchoring","3/1978","11/18773",0.272727272727273,2.58842724515121,1.80843338852028,0.10127060975879,0.438788470295238,0.388193301199672,"cep350/bicd2/zgc:162200",3
"GO:0035601","protein deacylation","3/1978","11/18773",0.272727272727273,2.58842724515121,1.80843338852028,0.10127060975879,0.438788470295238,0.388193301199672,"sirt2/hdac10/sirt4",3
"GO:0042982","amyloid precursor protein metabolic process","3/1978","11/18773",0.272727272727273,2.58842724515121,1.80843338852028,0.10127060975879,0.438788470295238,0.388193301199672,"psen1/psen2/psenen",3
"GO:0045911","positive regulation of DNA recombination","3/1978","11/18773",0.272727272727273,2.58842724515121,1.80843338852028,0.10127060975879,0.438788470295238,0.388193301199672,"actr2a/actr2b/pias4a",3
"GO:0051149","positive regulation of muscle cell differentiation","3/1978","11/18773",0.272727272727273,2.58842724515121,1.80843338852028,0.10127060975879,0.438788470295238,0.388193301199672,"prdm1a/mapk14a/mapk14b",3
"GO:0051155","positive regulation of striated muscle cell differentiation","3/1978","11/18773",0.272727272727273,2.58842724515121,1.80843338852028,0.10127060975879,0.438788470295238,0.388193301199672,"prdm1a/mapk14a/mapk14b",3
"GO:0051231","spindle elongation","3/1978","11/18773",0.272727272727273,2.58842724515121,1.80843338852028,0.10127060975879,0.438788470295238,0.388193301199672,"prc1b/ewsr1a/aurkb",3
"GO:0060142","regulation of syncytium formation by plasma membrane fusion","3/1978","11/18773",0.272727272727273,2.58842724515121,1.80843338852028,0.10127060975879,0.438788470295238,0.388193301199672,"slc3a2b/mapk14a/mapk14b",3
"GO:0060606","tube closure","3/1978","11/18773",0.272727272727273,2.58842724515121,1.80843338852028,0.10127060975879,0.438788470295238,0.388193301199672,"psmc3/vaspb/phactr4b",3
"GO:0071450","cellular response to oxygen radical","3/1978","11/18773",0.272727272727273,2.58842724515121,1.80843338852028,0.10127060975879,0.438788470295238,0.388193301199672,"sod2/prdx1/sod1",3
"GO:0071451","cellular response to superoxide","3/1978","11/18773",0.272727272727273,2.58842724515121,1.80843338852028,0.10127060975879,0.438788470295238,0.388193301199672,"sod2/prdx1/sod1",3
"GO:0090022","regulation of neutrophil chemotaxis","3/1978","11/18773",0.272727272727273,2.58842724515121,1.80843338852028,0.10127060975879,0.438788470295238,0.388193301199672,"cxcl12a/lyn/inppl1a",3
"GO:0098732","macromolecule deacylation","3/1978","11/18773",0.272727272727273,2.58842724515121,1.80843338852028,0.10127060975879,0.438788470295238,0.388193301199672,"sirt2/hdac10/sirt4",3
"GO:1903707","negative regulation of hemopoiesis","3/1978","11/18773",0.272727272727273,2.58842724515121,1.80843338852028,0.10127060975879,0.438788470295238,0.388193301199672,"irf2bp2b/loxl3b/qkia",3
"GO:0007249","canonical NF-kappaB signal transduction","14/1978","92/18773",0.152173913043478,1.4442673759177,1.46594166466598,0.101459101921909,0.438944114630576,0.388330998729207,"tab2/tnfsf10/map3k7/tnip1/lta/ppm1bb/traf6/traf2b/map3k14a/nfkbil1/akap13/nfkbiaa/tnfsf10l4/nfkb2",14
"GO:0060562","epithelial tube morphogenesis","35/1978","267/18773",0.131086142322097,1.24412545491038,1.3787668393012,0.102979772463109,0.444854062126675,0.393559490778881,"tmsb4x/atoh8/apex1/cacnb2a/spns2/sars1/cep290/apc/furina/ep300b/nipblb/mia2/cemip2/nrarpa/gsk3ab/ponzr1/mia3/vdra/trim32/vaspb/sh3kbp1/eya1/bbs7/skib/fabp3/crbn/sema3ab/krit1/grk5l/stx16/smo/phactr4b/acvr1l/smad5/cdh5",35
"GO:0001889","liver development","23/1978","166/18773",0.13855421686747,1.31500420285794,1.39897716527054,0.104586485856461,0.451117421003058,0.399100643574408,"atp6ap2/fhl1b/apc/snx7/cdipt/snapc4/lars1b/ddx46/rarga/snapc2/socs3a/dnmt1/arnt2/ilf2/jag2b/arf6b/celf1/stat3/bms1/prkcsh/acvr1l/nol9/hdac3",23
"GO:0006081","cellular aldehyde metabolic process","8/1978","46/18773",0.173913043478261,1.65059128676309,1.51611262936901,0.105669982427328,0.454428310079856,0.402029765571992,"adh8b/tpi1a/bco1/gatd1/rpe/akr1a1b/taldo1/aldh2.1",8
"GO:0030851","granulocyte differentiation","8/1978","46/18773",0.173913043478261,1.65059128676309,1.51611262936901,0.105669982427328,0.454428310079856,0.402029765571992,"ncor2/srp19/jagn1b/rnf4/nelfe/dnmt1/hax1/nelfb",8
"GO:0072006","nephron development","15/1978","101/18773",0.148514851485149,1.40953958894373,1.4162488489547,0.108262633475942,0.46429721320415,0.410760719875468,"podxl/srgap2/tyro3/kirrel3l/cd2ap/kank2/bnc2/tmem234/prkceb/mafba/ctns/ponzr1/dnm2b/myo1cb/ccnc",15
"GO:0048638","regulation of developmental growth","13/1978","85/18773",0.152941176470588,1.45154939630048,1.43189683267361,0.108287601689254,0.46429721320415,0.410760719875468,"cxcl12a/ext2/lin7c/wwc3/pik3ca/dusp6/mapk14a/lats2/fto/ewsr1a/becn1/larp7/mycbp2",13
"GO:0030902","hindbrain development","20/1978","142/18773",0.140845070422535,1.33674646463208,1.38231667352286,0.109351922892222,0.467467284042977,0.413565260895274,"cep290/exosc8/bco1/foxl2b/sfpq/gmds/ascl1a/mafba/fzd3a/tcf7l1b/foxl2a/rest/otud4/olig2/bmi1b/znfl1g/brf1b/smo/dvl2/mcm5",20
"GO:0170033","L-amino acid metabolic process","20/1978","142/18773",0.140845070422535,1.33674646463208,1.38231667352286,0.109351922892222,0.467467284042977,0.413565260895274,"gcsha/ctps1a/gstz1/gpt2/glula/gnmt/qdpra/gmps/afmid/shmt1/glulb/agxta/dglucy/sephs1/bcat2/aldh4a1/mri1/got2b/gclc/mtrr",20
"GO:0030099","myeloid cell differentiation","32/1978","243/18773",0.131687242798354,1.24983043935971,1.34520722492755,0.109694566972193,0.46823630441988,0.414245608212966,"fam210b/jmjd1cb/tcta/ncor2/hmgcs1/srp19/adnp2b/irf2bp2b/jagn1b/ddx46/hif1al/vhl/rnf4/nelfe/arhgef12b/snx3/eif1axb/ptena/klf9/actr2b/dnmt1/pink1/ptenb/hax1/adnpa/nrros/brf1b/ncoa4/smad9/nelfb/qkia/clpxa",32
"GO:0006986","response to unfolded protein","9/1978","54/18773",0.166666666666667,1.58181664981463,1.46933260330544,0.110087861050722,0.468524816927408,0.414500853348873,"os9/selenos/hspa5/erlec1/nck1a/tmbim4/tegt/tmtc4/parp16",9
"GO:0036303","lymph vessel morphogenesis","9/1978","54/18773",0.166666666666667,1.58181664981463,1.46933260330544,0.110087861050722,0.468524816927408,0.414500853348873,"cxcl12a/prox3/stab2/stab1/psen1/dhx15/mafba/grb2b/iqsec1b",9
"GO:0045732","positive regulation of protein catabolic process","7/1978","39/18773",0.17948717948718,1.70349485364652,1.5092333126168,0.110335703961055,0.468885997482945,0.41482038743346,"sirt2/oaz2a/oaz1a/fbxo22/rnft2/gsk3ab/fzr1a",7
"GO:0072009","nephron epithelium development","10/1978","62/18773",0.161290322580645,1.53079030627222,1.43664260101481,0.112959669061899,0.478210753568808,0.42306993839686,"srgap2/tyro3/kirrel3l/kank2/bnc2/prkceb/ctns/ponzr1/dnm2b/ccnc",10
"GO:0051241","negative regulation of multicellular organismal process","24/1978","176/18773",0.136363636363636,1.2942136225756,1.34578622310579,0.113126165652837,0.478210753568808,0.42306993839686,"sirt2/sars1/fxr1/lgmn/si:dkey-192g7.3/si:dkey-169i5.4/phf14/wwc3/irf2bp2b/aida/sppl2/cd276/lgals9l3/fbxw7/ptena/pias4a/anxa5b/ptenb/serpinf1/serpine1/krit1/loxl3b/cdh5/qkia",24
"GO:0001569","branching involved in blood vessel morphogenesis","4/1978","18/18773",0.222222222222222,2.1090888664195,1.61555771011432,0.113693484685806,0.478210753568808,0.42306993839686,"spns2/sars1/nrarpa/sema3ab",4
"GO:0021548","pons development","4/1978","18/18773",0.222222222222222,2.1090888664195,1.61555771011432,0.113693484685806,0.478210753568808,0.42306993839686,"mafba/fzd3a/rest/olig2",4
"GO:0022612","gland morphogenesis","4/1978","18/18773",0.222222222222222,2.1090888664195,1.61555771011432,0.113693484685806,0.478210753568808,0.42306993839686,"cdipt/ddx46/arnt2/usp39",4
"GO:0039022","pronephric duct development","4/1978","18/18773",0.222222222222222,2.1090888664195,1.61555771011432,0.113693484685806,0.478210753568808,0.42306993839686,"kirrel3l/vhl/trim32/stx16",4
"GO:0060221","retinal rod cell differentiation","4/1978","18/18773",0.222222222222222,2.1090888664195,1.61555771011432,0.113693484685806,0.478210753568808,0.42306993839686,"sox11a/rpgrb/mafba/sigmar1",4
"GO:0006383","transcription by RNA polymerase III","6/1978","32/18773",0.1875,1.77954373104146,1.51459843767424,0.114119564780496,0.47838201549171,0.423221452704372,"snapc4/zgc:162472/polr2l/brf1b/polr3d/zgc:171971",6
"GO:0040036","regulation of fibroblast growth factor receptor signaling pathway","6/1978","32/18773",0.1875,1.77954373104146,1.51459843767424,0.114119564780496,0.47838201549171,0.423221452704372,"ext2/spry2/inppl1a/dusp6/cnpy1/rerea",6
"GO:0045595","regulation of cell differentiation","59/1978","479/18773",0.123173277661795,1.16902524850601,1.28600724345777,0.114473047951173,0.47838201549171,0.423221452704372,"sirt2/atoh8/cxcl12a/gli3/appb/tfec/fxr1/neu1/plxnb3/lgmn/fgfr4/fbxo22/fosl2/fam49a/ctbp2a/nf2b/irf2bp2b/ddx46/prdm1a/dusp6/foxl2b/nipblb/nelfe/ascl1a/flot2a/mapk14a/fmr1/add1/zbtb16a/dab2/tenm4/foxl2a/rest/mapk14b/olig2/kdm1a/dnmt3bb.1/atg13/adnpa/pum2/dicer1/nfkbiaa/sirt1/gdpd5a/metrnla/serpinf1/her13/atraid/hipk2/stat3/krit1/ewsr1a/nudt21/loxl3b/nelfb/lfng/qkia/wdfy2/parp3",59
"GO:0008360","regulation of cell shape","11/1978","70/18773",0.157142857142857,1.49142712696808,1.41361427269882,0.114712438578756,0.47838201549171,0.423221452704372,"fermt2/palm1a/cdc42ep1a/rhogb/plxnb3/nf2b/myh10/rac1a/rac1b/stat3/zgc:154093",11
"GO:0030510","regulation of BMP signaling pathway","14/1978","94/18773",0.148936170212766,1.41353828281307,1.37937149863389,0.115767861241069,0.47838201549171,0.423221452704372,"lzts2a/tll1/fstl1b/zmynd11/bambia/dab2/skib/fstl1a/smad9/acvr1l/ldb2a/smad5/fbxl15/tsc22d3",14
"GO:0010970","transport along microtubule","13/1978","86/18773",0.151162790697674,1.43467091494815,1.38649537888574,0.11594004455081,0.47838201549171,0.423221452704372,"stau1/psen2/rhot1a/ndel1b/stau2/mak/ift52/trak2/arl8ba/traf3ip1/pafah1b1b/ift27/pafah1b1a",13
"GO:0030903","notochord development","13/1978","86/18773",0.151162790697674,1.43467091494815,1.38649537888574,0.11594004455081,0.47838201549171,0.423221452704372,"copb1/fstl1b/ctps1a/atp6v1e1b/copa/hps5/pacsin3/fstl1a/col11a1b/stat3/atp6v0ca/col27a1b/lamc1",13
"GO:0043255","regulation of carbohydrate biosynthetic process","5/1978","25/18773",0.2,1.89817997977755,1.54217733009544,0.115995418225429,0.47838201549171,0.423221452704372,"arpp19a/akr1a1b/gnmt/ppp1r3b/ppp1r3da",5
"GO:0045005","DNA-templated DNA replication maintenance of fidelity","5/1978","25/18773",0.2,1.89817997977755,1.54217733009544,0.115995418225429,0.47838201549171,0.423221452704372,"pold1/parp1/rad51/timeless/atrxl",5
"GO:0061386","closure of optic fissure","5/1978","25/18773",0.2,1.89817997977755,1.54217733009544,0.115995418225429,0.47838201549171,0.423221452704372,"tfec/nid2a/sox11a/rerea/phactr4b",5
"GO:1901875","positive regulation of post-translational protein modification","5/1978","25/18773",0.2,1.89817997977755,1.54217733009544,0.115995418225429,0.47838201549171,0.423221452704372,"ndfip1l/pef1/ndfip1/fzr1a/ndfip2",5
"GO:1902622","regulation of neutrophil migration","5/1978","25/18773",0.2,1.89817997977755,1.54217733009544,0.115995418225429,0.47838201549171,0.423221452704372,"cxcl12a/lyn/inppl1a/rac1a/rac1b",5
"GO:1903322","positive regulation of protein modification by small protein conjugation or removal","5/1978","25/18773",0.2,1.89817997977755,1.54217733009544,0.115995418225429,0.47838201549171,0.423221452704372,"ndfip1l/pef1/ndfip1/fzr1a/ndfip2",5
"GO:0048592","eye morphogenesis","33/1978","253/18773",0.130434782608696,1.23794346507232,1.30765134088816,0.116062094825587,0.47838201549171,0.423221452704372,"atp6v0e1/egr1/cep290/apc/tfec/bco1/pomgnt1/cdipt/ccnd1/nid2a/agrn/sox11a/socs3a/gmds/ptk2ab/dctn2/kif3b/rpgrb/mafba/pbx2/med29/odc1/med24/dnmt1/kif22/rerea/stat3/sigmar1/atp6v0ca/tapt1a/phactr4b/poc1b/dhdds",33
"GO:0051129","negative regulation of cellular component organization","22/1978","160/18773",0.1375,1.30499873609707,1.32962219060638,0.117214771923373,0.482441915341264,0.426813219653212,"tmsb4x/tmod2/sptan1/apc/kank2/aida/socs3a/sfpq/lgals3b/mad1l1/arpin/unga/add1/rock1/mcm2/ndc80/svila/terfa/capza1a/twf1a/ten1/phf2",22
"GO:0000082","G1/S transition of mitotic cell cycle","9/1978","55/18773",0.163636363636364,1.55305634709073,1.40961144234171,0.120016191655927,0.492562886439519,0.435767176851163,"ccnd1/kank2/cdkn1ba/rbl1/lats2/ppp6c/rb1/pla2g4aa/ccnb3",9
"GO:0010842","retina layer formation","9/1978","55/18773",0.163636363636364,1.55305634709073,1.40961144234171,0.120016191655927,0.492562886439519,0.435767176851163,"egr1/cep290/cdipt/agrn/gmds/rpgrb/dnmt1/tapt1a/poc1b",9
"GO:0031109","microtubule polymerization or depolymerization","10/1978","63/18773",0.158730158730159,1.5064920474425,1.38192484241994,0.122314910608516,0.496167571054286,0.43895621784727,"apc/camsap1b/cep192/tubgcp3/map1sb/ndel1b/pcnt/traf3ip1/tubgcp5/zgc:66447",10
"GO:0033108","mitochondrial respiratory chain complex assembly","10/1978","63/18773",0.158730158730159,1.5064920474425,1.38192484241994,0.122314910608516,0.496167571054286,0.43895621784727,"ndufa12/sdhaf4/cox19/ndufaf3/ndufs8a/nubpl/ndufs7/sdhaf2/zgc:193742/cox20",10
"GO:0090090","negative regulation of canonical Wnt signaling pathway","10/1978","63/18773",0.158730158730159,1.5064920474425,1.38192484241994,0.122314910608516,0.496167571054286,0.43895621784727,"apc/lzts2a/otud5a/tle3a/amer1/tmem88b/gsk3ab/dab2/nradd/foxo3b",10
"GO:0005975","carbohydrate metabolic process","44/1978","350/18773",0.125714285714286,1.19314170157446,1.25172322862767,0.123557430266139,0.496167571054286,0.43895621784727,"gnpda1/slc3a2b/arpp19a/tpi1a/gnpda2/man1a1/pgd/nansa/neu1/pdk4/pfkfb4a/rpe/fbp1a/man2b2/wipi1/renbp/ppp1caa/akr1a1b/dcxr/mpdu1b/gnmt/bpgm/galk1/fuca2/g6pc3/atg3/dera/taldo1/lancl2/ppp1r3b/pomk/fuca1.1/pcxa/fggy/cs/dhtkd1/ppp1r3da/hyal1/pgm3/si:ch73-91k6.2/g6pd/pmm2/adpgk2/gpd1b",44
"GO:0000479","endonucleolytic cleavage of tricistronic rRNA transcript (SSU-rRNA, 5.8S rRNA, LSU-rRNA)","3/1978","12/18773",0.25,2.37272497472194,1.63239245477971,0.124885970735459,0.496167571054286,0.43895621784727,"sde2/bms1/nol9",3
"GO:0006044","N-acetylglucosamine metabolic process","3/1978","12/18773",0.25,2.37272497472194,1.63239245477971,0.124885970735459,0.496167571054286,0.43895621784727,"gnpda1/gnpda2/renbp",3
"GO:0006166","purine ribonucleoside salvage","3/1978","12/18773",0.25,2.37272497472194,1.63239245477971,0.124885970735459,0.496167571054286,0.43895621784727,"adka/aprt/adkb",3
"GO:0006734","NADH metabolic process","3/1978","12/18773",0.25,2.37272497472194,1.63239245477971,0.124885970735459,0.496167571054286,0.43895621784727,"mdh1aa/nudt12/gpd1b",3
"GO:0007308","oocyte construction","3/1978","12/18773",0.25,2.37272497472194,1.63239245477971,0.124885970735459,0.496167571054286,0.43895621784727,"pum1/dctn2/macf1a",3
"GO:0007309","oocyte axis specification","3/1978","12/18773",0.25,2.37272497472194,1.63239245477971,0.124885970735459,0.496167571054286,0.43895621784727,"pum1/dctn2/macf1a",3
"GO:0010996","response to auditory stimulus","3/1978","12/18773",0.25,2.37272497472194,1.63239245477971,0.124885970735459,0.496167571054286,0.43895621784727,"get1/myo6a/usp48",3
"GO:0016074","sno(s)RNA metabolic process","3/1978","12/18773",0.25,2.37272497472194,1.63239245477971,0.124885970735459,0.496167571054286,0.43895621784727,"exosc6/exosc5/larp7",3
"GO:0031125","rRNA 3'-end processing","3/1978","12/18773",0.25,2.37272497472194,1.63239245477971,0.124885970735459,0.496167571054286,0.43895621784727,"exosc8/zgc:152968/eri1",3
"GO:0033209","tumor necrosis factor-mediated signaling pathway","3/1978","12/18773",0.25,2.37272497472194,1.63239245477971,0.124885970735459,0.496167571054286,0.43895621784727,"traf6/traf2b/trim32",3
"GO:0034643","establishment of mitochondrion localization, microtubule-mediated","3/1978","12/18773",0.25,2.37272497472194,1.63239245477971,0.124885970735459,0.496167571054286,0.43895621784727,"psen2/rhot1a/trak2",3
"GO:0042795","snRNA transcription by RNA polymerase II","3/1978","12/18773",0.25,2.37272497472194,1.63239245477971,0.124885970735459,0.496167571054286,0.43895621784727,"ell2/snapc4/larp7",3
"GO:0043124","negative regulation of canonical NF-kappaB signal transduction","3/1978","12/18773",0.25,2.37272497472194,1.63239245477971,0.124885970735459,0.496167571054286,0.43895621784727,"tnip1/nfkbil1/nfkbiaa",3
"GO:0047497","mitochondrion transport along microtubule","3/1978","12/18773",0.25,2.37272497472194,1.63239245477971,0.124885970735459,0.496167571054286,0.43895621784727,"psen2/rhot1a/trak2",3
"GO:0051452","intracellular pH reduction","3/1978","12/18773",0.25,2.37272497472194,1.63239245477971,0.124885970735459,0.496167571054286,0.43895621784727,"atp6v0a2b/tcirg1b/atp6v1ba",3
"GO:0051654","establishment of mitochondrion localization","3/1978","12/18773",0.25,2.37272497472194,1.63239245477971,0.124885970735459,0.496167571054286,0.43895621784727,"psen2/rhot1a/trak2",3
"GO:0071786","endoplasmic reticulum tubular network organization","3/1978","12/18773",0.25,2.37272497472194,1.63239245477971,0.124885970735459,0.496167571054286,0.43895621784727,"reep3a/cdipt/rtn1b",3
"GO:0106380","purine ribonucleotide salvage","3/1978","12/18773",0.25,2.37272497472194,1.63239245477971,0.124885970735459,0.496167571054286,0.43895621784727,"adka/aprt/adkb",3
"GO:2000377","regulation of reactive oxygen species metabolic process","3/1978","12/18773",0.25,2.37272497472194,1.63239245477971,0.124885970735459,0.496167571054286,0.43895621784727,"sirt2/coq7/pink1",3
"GO:0050900","leukocyte migration","18/1978","128/18773",0.140625,1.33465779828109,1.3037765119424,0.12503353806547,0.496167571054286,0.43895621784727,"lta4h/cxcl12a/spns2/pik3cg/cxcl20/tnfrsf1a/hmox1a/lyn/jagn1b/inppl1a/cul1a/lgals3b/rac1a/rac1b/ddx3xb/p2rx7/ddx3xa/ch25h",18
"GO:0090066","regulation of anatomical structure size","31/1978","238/18773",0.130252100840336,1.23620965069547,1.25854350593119,0.126025530287166,0.499415221261952,0.4418293928293,"tmsb4x/tmod2/cxcl12a/lamtor4/arhgap35a/sptan1/cdc42ep1a/ext2/fam49a/slc12a4/pik3ca/arpc5lb/unc45a/kank2/fam49bb/mapk14a/avpr1ab/add1/vaspb/arpc3/arpc5la/hax1/svila/capza1a/plekhg2/piezo1/stat3/si:ch211-178n15.1/twf1a/gclc/zgc:154093",31
"GO:0031290","retinal ganglion cell axon guidance","8/1978","48/18773",0.166666666666667,1.58181664981463,1.3850781017702,0.127349358206142,0.502093053338388,0.444198453422689,"cxcl12a/apc/ext2/slbp/rb1/smo/lamc1/mycbp2",8
"GO:0045787","positive regulation of cell cycle","8/1978","48/18773",0.166666666666667,1.58181664981463,1.3850781017702,0.127349358206142,0.502093053338388,0.444198453422689,"rock2a/anapc11/ccnd1/dyrk3/cdc25b/pagr1/ndc80/aurkb",8
"GO:0007007","inner mitochondrial membrane organization","6/1978","33/18773",0.181818181818182,1.72561816343414,1.43172211818901,0.127748388962009,0.502093053338388,0.444198453422689,"chchd6b/apoob/timm10/apooa/immt/oxa1l",6
"GO:0009112","nucleobase metabolic process","6/1978","33/18773",0.181818181818182,1.72561816343414,1.43172211818901,0.127748388962009,0.502093053338388,0.444198453422689,"adka/aprt/ctps1a/aldh6a1/gmpr2/adkb",6
"GO:0035138","pectoral fin morphogenesis","6/1978","33/18773",0.181818181818182,1.72561816343414,1.43172211818901,0.127748388962009,0.502093053338388,0.444198453422689,"apc/sec23a/ext2/prdm1a/nipblb/crbn",6
"GO:0051303","establishment of chromosome localization","6/1978","33/18773",0.181818181818182,1.72561816343414,1.43172211818901,0.127748388962009,0.502093053338388,0.444198453422689,"mad1l1/ndel1b/dync1li2/ndc80/spice1/aurkb",6
"GO:0060042","retina morphogenesis in camera-type eye","19/1978","137/18773",0.138686131386861,1.3162561903567,1.27497415152282,0.129637620592773,0.508823239352534,0.450152605145867,"atp6v0e1/egr1/cep290/cdipt/agrn/sox11a/socs3a/gmds/kif3b/rpgrb/mafba/pbx2/med24/dnmt1/stat3/sigmar1/atp6v0ca/tapt1a/poc1b",19
"GO:0014902","myotube differentiation","15/1978","104/18773",0.144230769230769,1.36887979310881,1.29455176073819,0.129941514831401,0.509321169168855,0.450593120410622,"ik/myo18ab/neu1/fbxo22/kirrel3l/myo9ab/mapk14a/tango2/rac1a/pbx2/mapk14b/ppp2r2d/klhl41b/smo/mtmr12",15
"GO:0042462","eye photoreceptor cell development","9/1978","56/18773",0.160714285714286,1.52532319803553,1.35107943982128,0.130412292930456,0.509777400490385,0.450996745288678,"cep290/sox11a/rpgrb/mafba/med29/odc1/med24/sigmar1/dhdds",9
"GO:1901607","alpha-amino acid biosynthetic process","9/1978","56/18773",0.160714285714286,1.52532319803553,1.35107943982128,0.130412292930456,0.509777400490385,0.450996745288678,"glula/shmt1/glulb/agxta/sephs1/bcat2/asl/mri1/mtrr",9
"GO:0000387","spliceosomal snRNP assembly","5/1978","26/18773",0.192307692307692,1.82517305747842,1.44492144278591,0.131845029137483,0.509811838052511,0.451027211975549,"prpf8/snrpg/gemin8/tssc4/lsm4",5
"GO:0035118","embryonic pectoral fin morphogenesis","5/1978","26/18773",0.192307692307692,1.82517305747842,1.44492144278591,0.131845029137483,0.509811838052511,0.451027211975549,"apc/ext2/prdm1a/nipblb/crbn",5
"GO:0061951","establishment of protein localization to plasma membrane","5/1978","26/18773",0.192307692307692,1.82517305747842,1.44492144278591,0.131845029137483,0.509811838052511,0.451027211975549,"erbin/cnstb/rilpl2/golga7/blzf1",5
"GO:0097352","autophagosome maturation","5/1978","26/18773",0.192307692307692,1.82517305747842,1.44492144278591,0.131845029137483,0.509811838052511,0.451027211975549,"gabarapa/zgc:92606/map1lc3a/spns1/mfsd8",5
"GO:2000045","regulation of G1/S transition of mitotic cell cycle","5/1978","26/18773",0.192307692307692,1.82517305747842,1.44492144278591,0.131845029137483,0.509811838052511,0.451027211975549,"ccnd1/kank2/rbl1/rb1/pla2g4aa",5
"GO:0022037","metencephalon development","10/1978","64/18773",0.15625,1.48295310920121,1.32815291003032,0.132081329438145,0.509811838052511,0.451027211975549,"cep290/exosc8/mafba/fzd3a/rest/otud4/olig2/bmi1b/brf1b/smo",10
"GO:0000096","sulfur amino acid metabolic process","4/1978","19/18773",0.210526315789474,1.99808418923953,1.4937414515141,0.132620347671586,0.509811838052511,0.451027211975549,"blmh/mri1/gclc/mtrr",4
"GO:0010830","regulation of myotube differentiation","4/1978","19/18773",0.210526315789474,1.99808418923953,1.4937414515141,0.132620347671586,0.509811838052511,0.451027211975549,"neu1/fbxo22/mapk14a/mapk14b",4
"GO:0020027","hemoglobin metabolic process","4/1978","19/18773",0.210526315789474,1.99808418923953,1.4937414515141,0.132620347671586,0.509811838052511,0.451027211975549,"glrx3/snx3/eif1axb/slc11a2",4
"GO:0021983","pituitary gland development","4/1978","19/18773",0.210526315789474,1.99808418923953,1.4937414515141,0.132620347671586,0.509811838052511,0.451027211975549,"ascl1a/eya1/smo/usp39",4
"GO:0032482","Rab protein signal transduction","4/1978","19/18773",0.210526315789474,1.99808418923953,1.4937414515141,0.132620347671586,0.509811838052511,0.451027211975549,"rab15/rab30/rab21/zgc:101559",4
"GO:0072176","nephric duct development","4/1978","19/18773",0.210526315789474,1.99808418923953,1.4937414515141,0.132620347671586,0.509811838052511,0.451027211975549,"kirrel3l/vhl/trim32/stx16",4
"GO:0002573","myeloid leukocyte differentiation","12/1978","80/18773",0.15,1.42363498483316,1.30309392722356,0.132724736427296,0.509811838052511,0.451027211975549,"tcta/ncor2/srp19/irf2bp2b/jagn1b/rnf4/nelfe/dnmt1/hax1/nrros/nelfb/qkia",12
"GO:0046486","glycerolipid metabolic process","30/1978","231/18773",0.12987012987013,1.23258440245296,1.22063747915514,0.13392442568987,0.513734096946343,0.454497208867518,"pi4kb/zgc:158659/pik3cg/tpte/pik3c2a/zgc:123305/cdipt/lpgat1/pla2g6/pigp/dnajc19/etnk1/pik3ca/inppl1a/pik3c2b/lpin2/pgap4/pigf/bpnt1/pigm/lpcat3/sacm1lb/ptena/pip5k1ab/dpm1/agpat5/chka/ptenb/pla2g4aa/mboat7",30
"GO:0030490","maturation of SSU-rRNA","7/1978","41/18773",0.170731707317073,1.62039754371255,1.36473501943815,0.134817656065292,0.516471899467169,0.456919324922384,"tsr3/nat10/nob1/bms1/dhx37/tsr2/trmt112",7
"GO:0052547","regulation of peptidase activity","16/1978","113/18773",0.141592920353982,1.34384423347083,1.25812432619003,0.135843421704599,0.519709473728897,0.459783585780682,"appb/hip1/diablob/psen1/diabloa/pycard/bcl2l1/baxb/rb1/bbc3/lamtor5/serpinf1/serpinb14/serpine1/wfikkn1/becn1",16
"GO:0170039","proteinogenic amino acid metabolic process","19/1978","138/18773",0.13768115942029,1.30671810202078,1.24105967645155,0.136308518933187,0.520796293453889,0.460745088111338,"gcsha/ctps1a/gstz1/gpt2/glula/qdpra/gmps/afmid/shmt1/glulb/agxta/dglucy/sephs1/bcat2/aldh4a1/mri1/got2b/gclc/mtrr",19
"GO:0006487","protein N-linked glycosylation","8/1978","49/18773",0.163265306122449,1.54953467736943,1.32181975751457,0.13898906536988,0.52893060987982,0.46794146486267,"dpm1/alg9/mgat1b/uggt2/si:ch73-91k6.2/pmm2/mgat4a/srd5a3",8
"GO:0007006","mitochondrial membrane organization","8/1978","49/18773",0.163265306122449,1.54953467736943,1.32181975751457,0.13898906536988,0.52893060987982,0.46794146486267,"bnip4/chchd6b/apoob/timm10/rhot1a/apooa/immt/oxa1l",8
"GO:0043648","dicarboxylic acid metabolic process","8/1978","49/18773",0.163265306122449,1.54953467736943,1.32181975751457,0.13898906536988,0.52893060987982,0.46794146486267,"mdh1aa/me2/aldh1l1/dglucy/aldh4a1/me3/got2b/gclc",8
"GO:0016042","lipid catabolic process","26/1978","198/18773",0.131313131313131,1.24627978470243,1.19557097060346,0.140932158770565,0.535289234729185,0.473566898843887,"sgpl1/acadl/ehhadh/iah1/hadhb/rab7a/neu1/bco1/zgc:123305/prdx6/pla2g6/phyh/lpin2/acads/crot/hadh/ech1/eci1/cpt1ab/pnpla7b/pla2g4aa/auh/acadm/etfa/srd5a3/pla2g7",26
"GO:0010628","positive regulation of gene expression","22/1978","164/18773",0.134146341463415,1.27316949863129,1.20578818465413,0.141203536807607,0.535289234729185,0.473566898843887,"apex1/rmnd1/fxr1/hnrnpa0a/ssb/upf3b/atad2b/lgals9l3/nck1a/unga/fmr1/mettl5/zbtb16a/dhx29/igf2bp2b/si:ch211-178n15.1/tra2b/guf1/dhx37/phf2/vps72a/qkia",22
"GO:1901698","response to nitrogen compound","34/1978","267/18773",0.127340823970037,1.20857901334151,1.17800836080372,0.141218119276834,0.535289234729185,0.473566898843887,"calr/jak1/os9/sel1l/calr3a/man1a1/pdk4/castor2/psmc6/calr3b/ufd1l/zgc:123305/tmub2/hsp90b1/selenos/lpin2/lta/sesn3/hspa5/erlec1/rnft2/chrnb2/irs1/gsk3ab/bag6/sesn1/chrng/p2rx7/tsc2/stat3/uggt2/nsg2/gnal/irs2a",34
"GO:0031396","regulation of protein ubiquitination","6/1978","34/18773",0.176470588235294,1.67486468803902,1.35164103968404,0.142120679112746,0.53567349257624,0.473906849257943,"ndfip1l/spoplb/pef1/ndfip1/fzr1a/ndfip2",6
"GO:0043409","negative regulation of MAPK cascade","6/1978","34/18773",0.176470588235294,1.67486468803902,1.35164103968404,0.142120679112746,0.53567349257624,0.473906849257943,"dusp7/spry2/aida/dusp6/si:ch211-121a2.2/spred1",6
"GO:0050000","chromosome localization","6/1978","34/18773",0.176470588235294,1.67486468803902,1.35164103968404,0.142120679112746,0.53567349257624,0.473906849257943,"mad1l1/ndel1b/dync1li2/ndc80/spice1/aurkb",6
"GO:0031023","microtubule organizing center organization","10/1978","65/18773",0.153846153846154,1.46013844598273,1.27529286949363,0.142250451278501,0.53567349257624,0.473906849257943,"rock2a/cep192/chordc1a/ndel1b/npm1b/pafah1b1b/usp33/spice1/pafah1b1a/poc1b",10
"GO:0090101","negative regulation of transmembrane receptor protein serine/threonine kinase signaling pathway","10/1978","65/18773",0.153846153846154,1.46013844598273,1.27529286949363,0.142250451278501,0.53567349257624,0.473906849257943,"bambib/zmynd11/bambia/vasnb/ppm1bb/nomo/nrros/skib/ldb2a/araf",10
"GO:0040008","regulation of growth","16/1978","114/18773",0.140350877192982,1.33205612615969,1.22038862959544,0.143461357449634,0.539527222722347,0.477316219213229,"cxcl12a/sh3bp4a/ext2/lamtor2/lin7c/wwc3/pik3ca/dusp6/mapk14a/lats2/fto/cgrrf1/ewsr1a/becn1/larp7/mycbp2",16
"GO:0042246","tissue regeneration","21/1978","156/18773",0.134615384615385,1.27762114023489,1.19491880455861,0.144180162072331,0.541522619167229,0.479081533449083,"cxcl12a/tnfrsf1a/fam53b/lgmn/sdcbp2/tgif1/nid2a/smc3/dusp6/atp6v1e1b/ascl1a/dspb/ctsba/dspa/sirt1/stat3/becn1/mtrex/vdac3/larp7/lfng",21
"GO:0060284","regulation of cell development","33/1978","259/18773",0.127413127413127,1.20926523808222,1.16379170263985,0.144595054507089,0.542372844611335,0.479833722360722,"sirt2/cxcl12a/gli3/fxr1/neu1/plxnb3/fbxo22/fam49a/ctbp2a/nf2b/irf2bp2b/ddx46/nipblb/nelfe/ascl1a/fmr1/add1/zbtb16a/tenm4/rest/olig2/kdm1a/atg13/adnpa/dicer1/sirt1/serpinf1/her13/stat3/ewsr1a/loxl3b/nelfb/qkia",33
"GO:1901532","regulation of hematopoietic progenitor cell differentiation","7/1978","42/18773",0.166666666666667,1.58181664981463,1.29541440128153,0.147977608390462,0.543019915976115,0.480406182181821,"fgfr4/ddx46/nelfe/dnmt3bb.1/nfkbiaa/nudt21/nelfb",7
"GO:0009967","positive regulation of signal transduction","57/1978","471/18773",0.121019108280255,1.14858024254056,1.12072911207414,0.148317412022387,0.543019915976115,0.480406182181821,"rnf25/lamtor4/chp2/atp6ap2/robo4/vav2/lzts2a/tab2/tll1/ext2/fam53b/fgfr4/tnfsf10/lamtor2/bambib/map3k7/csnk1g2a/frmd6/otud5a/bambia/vhl/lims1/zgc:110239/lta/amer1/ppm1bb/poglut1/cemip2/gas8/net1/nck1a/traf2b/csnk1g2b/pagr1/trim32/sash1a/arnt/rictorb/ndc80/nlk2/arnt2/akap13/rassf2a/fto/lamtor5/dvl3a/lamtor3/pdgfab/ctsh/smo/tnfsf10l4/mios/flcn/loxl3b/dvl2/fbxl15/tsc22d3",57
"GO:0006506","GPI anchor biosynthetic process","5/1978","27/18773",0.185185185185185,1.75757405534959,1.35185801732528,0.148605033670109,0.543019915976115,0.480406182181821,"pigp/pgap4/pigf/pigm/dpm1",5
"GO:0009127","purine nucleoside monophosphate biosynthetic process","5/1978","27/18773",0.185185185185185,1.75757405534959,1.35185801732528,0.148605033670109,0.543019915976115,0.480406182181821,"adka/aprt/gmps/adkb/atic",5
"GO:0009168","purine ribonucleoside monophosphate biosynthetic process","5/1978","27/18773",0.185185185185185,1.75757405534959,1.35185801732528,0.148605033670109,0.543019915976115,0.480406182181821,"adka/aprt/gmps/adkb/atic",5
"GO:0040001","establishment of mitotic spindle localization","5/1978","27/18773",0.185185185185185,1.75757405534959,1.35185801732528,0.148605033670109,0.543019915976115,0.480406182181821,"diaph2/ndel1b/pafah1b1b/sptlc1/pafah1b1a",5
"GO:0044773","mitotic DNA damage checkpoint signaling","5/1978","27/18773",0.185185185185185,1.75757405534959,1.35185801732528,0.148605033670109,0.543019915976115,0.480406182181821,"mre11a/ccnd1/rad9a/fancd2/babam2",5
"GO:0048010","vascular endothelial growth factor receptor signaling pathway","5/1978","27/18773",0.185185185185185,1.75757405534959,1.35185801732528,0.148605033670109,0.543019915976115,0.480406182181821,"nrp2a/vhl/kdr/spred1/nrp2b",5
"GO:0051310","metaphase chromosome alignment","5/1978","27/18773",0.185185185185185,1.75757405534959,1.35185801732528,0.148605033670109,0.543019915976115,0.480406182181821,"mad1l1/dync1li2/ndc80/spice1/aurkb",5
"GO:0000727","double-strand break repair via break-induced replication","3/1978","13/18773",0.230769230769231,2.1902076689741,1.47318204036974,0.15024117244247,0.543019915976115,0.480406182181821,"mcm2/mcm3/mcm5",3
"GO:0001845","phagolysosome assembly","3/1978","13/18773",0.230769230769231,2.1902076689741,1.47318204036974,0.15024117244247,0.543019915976115,0.480406182181821,"rab7a/rab14/zgc:100918",3
"GO:0007064","mitotic sister chromatid cohesion","3/1978","13/18773",0.230769230769231,2.1902076689741,1.47318204036974,0.15024117244247,0.543019915976115,0.480406182181821,"smc3/nipblb/mau2",3
"GO:0032261","purine nucleotide salvage","3/1978","13/18773",0.230769230769231,2.1902076689741,1.47318204036974,0.15024117244247,0.543019915976115,0.480406182181821,"adka/aprt/adkb",3
"GO:0032968","positive regulation of transcription elongation by RNA polymerase II","3/1978","13/18773",0.230769230769231,2.1902076689741,1.47318204036974,0.15024117244247,0.543019915976115,0.480406182181821,"ell2/cdk12/supt6h",3
"GO:0034612","response to tumor necrosis factor","3/1978","13/18773",0.230769230769231,2.1902076689741,1.47318204036974,0.15024117244247,0.543019915976115,0.480406182181821,"traf6/traf2b/trim32",3
"GO:0036010","protein localization to endosome","3/1978","13/18773",0.230769230769231,2.1902076689741,1.47318204036974,0.15024117244247,0.543019915976115,0.480406182181821,"washc2c/nf2b/erbin",3
"GO:0038066","p38MAPK cascade","3/1978","13/18773",0.230769230769231,2.1902076689741,1.47318204036974,0.15024117244247,0.543019915976115,0.480406182181821,"mapk14a/mapk14b/map3k4",3
"GO:0042407","cristae formation","3/1978","13/18773",0.230769230769231,2.1902076689741,1.47318204036974,0.15024117244247,0.543019915976115,0.480406182181821,"apoob/apooa/immt",3
"GO:0042573","retinoic acid metabolic process","3/1978","13/18773",0.230769230769231,2.1902076689741,1.47318204036974,0.15024117244247,0.543019915976115,0.480406182181821,"apc/tle3a/kdm1a",3
"GO:0043174","nucleoside salvage","3/1978","13/18773",0.230769230769231,2.1902076689741,1.47318204036974,0.15024117244247,0.543019915976115,0.480406182181821,"adka/aprt/adkb",3
"GO:0045116","protein neddylation","3/1978","13/18773",0.230769230769231,2.1902076689741,1.47318204036974,0.15024117244247,0.543019915976115,0.480406182181821,"dcun1d1/dcun1d5/nedd8",3
"GO:0045667","regulation of osteoblast differentiation","3/1978","13/18773",0.230769230769231,2.1902076689741,1.47318204036974,0.15024117244247,0.543019915976115,0.480406182181821,"lgmn/rest/atraid",3
"GO:0046185","aldehyde catabolic process","3/1978","13/18773",0.230769230769231,2.1902076689741,1.47318204036974,0.15024117244247,0.543019915976115,0.480406182181821,"adh8b/gatd1/akr1a1b",3
"GO:0048923","posterior lateral line neuromast hair cell differentiation","3/1978","13/18773",0.230769230769231,2.1902076689741,1.47318204036974,0.15024117244247,0.543019915976115,0.480406182181821,"socs3a/stat3/eya4",3
"GO:0071356","cellular response to tumor necrosis factor","3/1978","13/18773",0.230769230769231,2.1902076689741,1.47318204036974,0.15024117244247,0.543019915976115,0.480406182181821,"traf6/traf2b/trim32",3
"GO:0072529","pyrimidine-containing compound catabolic process","3/1978","13/18773",0.230769230769231,2.1902076689741,1.47318204036974,0.15024117244247,0.543019915976115,0.480406182181821,"dut/dctd/aldh6a1",3
"GO:0072576","liver morphogenesis","3/1978","13/18773",0.230769230769231,2.1902076689741,1.47318204036974,0.15024117244247,0.543019915976115,0.480406182181821,"cdipt/ddx46/arnt2",3
"GO:0090162","establishment of epithelial cell polarity","3/1978","13/18773",0.230769230769231,2.1902076689741,1.47318204036974,0.15024117244247,0.543019915976115,0.480406182181821,"myo9ab/sipa1l3/frmd4ba",3
"GO:1903035","negative regulation of response to wounding","3/1978","13/18773",0.230769230769231,2.1902076689741,1.47318204036974,0.15024117244247,0.543019915976115,0.480406182181821,"socs3a/sfpq/serpine1",3
"GO:0048565","digestive tract development","16/1978","115/18773",0.139130434782609,1.32047302941047,1.18300416556618,0.151311129481206,0.546200902782222,0.483220380486769,"apc/furina/ddx46/nipblb/ascl1a/dhx15/cnot3a/mpc1/med24/dnmt1/bbs7/tsc2/celf1/smo/nol9/mapk7",16
"GO:0072593","reactive oxygen species metabolic process","9/1978","58/18773",0.155172413793103,1.47272584637914,1.23739068244282,0.152561722275396,0.548570505058273,0.485316752183709,"sirt2/prdx3/sod2/sh3pxd2b/coq7/prdx1/pink1/sod1/gpx1b",9
"GO:0019217","regulation of fatty acid metabolic process","4/1978","20/18773",0.2,1.89817997977755,1.37918143916571,0.152730265746151,0.548570505058273,0.485316752183709,"pdk4/cpt1ab/wdtc1/etfa",4
"GO:0048538","thymus development","4/1978","20/18773",0.2,1.89817997977755,1.37918143916571,0.152730265746151,0.548570505058273,0.485316752183709,"ext2/fam49a/mcm2/med24",4
"GO:0051646","mitochondrion localization","4/1978","20/18773",0.2,1.89817997977755,1.37918143916571,0.152730265746151,0.548570505058273,0.485316752183709,"psen2/rhot1a/trak2/mfn1b",4
"GO:0045597","positive regulation of cell differentiation","24/1978","183/18773",0.131147540983607,1.24470818346069,1.14159683337247,0.153647759711101,0.551177811332716,0.487623419059513,"cxcl12a/tfec/fxr1/plxnb3/ddx46/prdm1a/nelfe/ascl1a/mapk14a/fmr1/add1/dab2/tenm4/rest/mapk14b/olig2/gdpd5a/metrnla/serpinf1/atraid/stat3/nudt21/nelfb/wdfy2",24
"GO:0048871","multicellular organismal-level homeostasis","36/1978","287/18773",0.125435540069686,1.19049615456432,1.11605115068905,0.154046045980857,0.55191839886292,0.488278612022956,"fam210b/foxf2a/sod2/sae1/cep290/tfec/glrx3/cdipt/prrc1/mre11a/hmgcs1/adnp2b/ddx46/hif1al/vhl/tjp1a/arhgef12b/snx3/dctn2/eif1axb/cluap1/dram2b/bcl2l1/klf9/actr2b/dnmt3bb.1/pink1/adnpa/ufm1/metrnla/pafah1b1b/piezo1/ncoa4/tjp2b/poc1b/clpxa",36
"GO:0033013","tetrapyrrole metabolic process","6/1978","35/18773",0.171428571428571,1.6270114112379,1.27416673303559,0.157197710832601,0.562509718986806,0.497648683939812,"cox15/hmox1a/hmox2a/alad/snx3/blvra",6
"GO:0003143","embryonic heart tube morphogenesis","21/1978","158/18773",0.132911392405063,1.26144872073825,1.13256192362238,0.157690604714319,0.56357250902248,0.498588927360868,"tmsb4x/atoh8/apex1/cacnb2a/spns2/apc/furina/ep300b/nipblb/mia2/cemip2/gsk3ab/mia3/vdra/bbs7/skib/fabp3/grk5l/smo/acvr1l/smad5",21
"GO:0043122","regulation of canonical NF-kappaB signal transduction","12/1978","83/18773",0.144578313253012,1.37217829863438,1.16617534126701,0.160785584122507,0.573699052900973,0.507547814761192,"tab2/tnfsf10/map3k7/tnip1/lta/ppm1bb/traf6/traf2b/nfkbil1/akap13/nfkbiaa/tnfsf10l4",12
"GO:0007626","locomotory behavior","22/1978","167/18773",0.131736526946108,1.25029819027264,1.11498198158238,0.160922883451889,0.573699052900973,0.507547814761192,"sirt2/tfg/gars1/sin3b/fhl1b/myo9ab/lars1b/uba5/sesn3/sqstm1/psen1/sncb/dnmt3ab/tango2/ctns/hdac10/rest/pink1/gdpd5a/klhl41b/sigmar1/mtmr12",22
"GO:0035850","epithelial cell differentiation involved in kidney development","7/1978","43/18773",0.162790697674419,1.54503021609801,1.22790376596841,0.161715312435351,0.575810586480823,0.509415874763782,"srgap2/tyro3/kirrel3l/kank2/prkceb/dnm2b/ccnc",7
"GO:0001946","lymphangiogenesis","8/1978","51/18773",0.156862745098039,1.48876861159024,1.199473583938,0.163782311824493,0.580297673791955,0.513385571676984,"cxcl12a/prox3/stab2/stab1/psen1/mafba/grb2b/iqsec1b",8
"GO:0048821","erythrocyte development","8/1978","51/18773",0.156862745098039,1.48876861159024,1.199473583938,0.163782311824493,0.580297673791955,0.513385571676984,"hmgcs1/adnp2b/hif1al/eif1axb/klf9/pink1/adnpa/clpxa",8
"GO:0170034","L-amino acid biosynthetic process","8/1978","51/18773",0.156862745098039,1.48876861159024,1.199473583938,0.163782311824493,0.580297673791955,0.513385571676984,"glula/shmt1/glulb/agxta/sephs1/bcat2/mri1/mtrr",8
"GO:0170038","proteinogenic amino acid biosynthetic process","8/1978","51/18773",0.156862745098039,1.48876861159024,1.199473583938,0.163782311824493,0.580297673791955,0.513385571676984,"glula/shmt1/glulb/agxta/sephs1/bcat2/mri1/mtrr",8
"GO:0007169","cell surface receptor protein tyrosine kinase signaling pathway","42/1978","342/18773",0.12280701754386,1.16554911038973,1.06033688016843,0.165173386948771,0.583150594099889,0.515909531688174,"jak1/ext2/fgfr4/nrp2a/pdk4/tyro3/chn1/phf14/rasa1a/vhl/shc1/spry2/inppl1a/dusp6/cnpy1/ephb4a/sh3tc2/cd63/cemip2/nck1a/irs1/gsk3ab/zgpat/efna1a/pink1/kdr/rerea/ephb4b/zdhhc16a/shcbp1/pdgfab/tsc2/epha2b/stat3/spred1/si:dkey-16j16.4/nrp2b/mvb12a/irs2a/mvb12ba/gigyf2/mcm5",42
"GO:0006505","GPI anchor metabolic process","5/1978","28/18773",0.178571428571429,1.69480355337282,1.26263183898993,0.166209067487629,0.583150594099889,0.515909531688174,"pigp/pgap4/pigf/pigm/dpm1",5
"GO:0009119","ribonucleoside metabolic process","5/1978","28/18773",0.178571428571429,1.69480355337282,1.26263183898993,0.166209067487629,0.583150594099889,0.515909531688174,"adka/aprt/dctd/gnmt/adkb",5
"GO:0032474","otolith morphogenesis","5/1978","28/18773",0.178571428571429,1.69480355337282,1.26263183898993,0.166209067487629,0.583150594099889,0.515909531688174,"cep290/ttc39c/gas8/ttc9c/smo",5
"GO:0048920","posterior lateral line neuromast primordium migration","5/1978","28/18773",0.178571428571429,1.69480355337282,1.26263183898993,0.166209067487629,0.583150594099889,0.515909531688174,"cxcl12a/apc/ext2/itchb/ackr3a",5
"GO:0060415","muscle tissue morphogenesis","5/1978","28/18773",0.178571428571429,1.69480355337282,1.26263183898993,0.166209067487629,0.583150594099889,0.515909531688174,"fermt2/myo18ab/cemip2/rbx1/blzf1",5
"GO:0072114","pronephros morphogenesis","5/1978","28/18773",0.178571428571429,1.69480355337282,1.26263183898993,0.166209067487629,0.583150594099889,0.515909531688174,"pi4kb/snap29/trim32/hdac5/stx16",5
"GO:0090100","positive regulation of transmembrane receptor protein serine/threonine kinase signaling pathway","5/1978","28/18773",0.178571428571429,1.69480355337282,1.26263183898993,0.166209067487629,0.583150594099889,0.515909531688174,"lzts2a/tll1/flcn/fbxl15/tsc22d3",5
"GO:0007163","establishment or maintenance of cell polarity","16/1978","117/18773",0.136752136752137,1.29790084087354,1.10926115742038,0.167691113370272,0.587357375748882,0.519631244008121,"rhogb/myo9ab/lin7c/erbin/dctn2/rac1a/ndel1b/rac1b/sipa1l3/jag2b/pafah1b1b/frmd4ba/stat3/krit1/sptlc1/pafah1b1a",16
"GO:0048872","homeostasis of number of cells","22/1978","168/18773",0.130952380952381,1.24285593914006,1.08509295740377,0.167816393071109,0.587357375748882,0.519631244008121,"fam210b/sod2/sae1/tfec/mre11a/hmgcs1/adnp2b/ddx46/hif1al/vhl/arhgef12b/snx3/eif1axb/klf9/actr2b/dnmt3bb.1/pink1/adnpa/ufm1/piezo1/ncoa4/clpxa",22
"GO:0031101","fin regeneration","13/1978","92/18773",0.141304347826087,1.34110542049501,1.12553987767869,0.168132208040172,0.587747706599726,0.519976567169068,"cxcl12a/tnfrsf1a/fam53b/nid2a/smc3/atp6v1e1b/dspb/ctsba/dspa/sirt1/mtrex/vdac3/lfng",13
"GO:0097193","intrinsic apoptotic signaling pathway","12/1978","84/18773",0.142857142857143,1.35584284269825,1.12171688771181,0.170759304222688,0.593680534665888,0.525225301510023,"hyou1/diablob/diabloa/pycard/nck1a/bcl2l1/bcl2l10/prkdc/baxb/bbc3/hipk2/tp63",12
"GO:0010564","regulation of cell cycle process","29/1978","229/18773",0.126637554585153,1.20190435400762,1.05497004566017,0.170932267354405,0.593680534665888,0.525225301510023,"rock2a/anapc11/chfr/rab11fip3/mre11a/ccnd1/dyrk3/kank2/aven/cdc25b/mad1l1/cdk16/rbl1/pagr1/rad9a/dync1li2/ndc80/npm1b/ints3/wee1/fancd2/rb1/pla2g4aa/timeless/ewsr1a/spice1/aurkb/babam2/tpra",29
"GO:0006749","glutathione metabolic process","6/1978","36/18773",0.166666666666667,1.58181664981463,1.1991286504188,0.172936411127061,0.593680534665888,0.525225301510023,"gstz1/gstt1b/gstm.2/gsto2/gpx1b/gclc",6
"GO:0072384","organelle transport along microtubule","6/1978","36/18773",0.166666666666667,1.58181664981463,1.1991286504188,0.172936411127061,0.593680534665888,0.525225301510023,"psen2/rhot1a/ndel1b/trak2/pafah1b1b/pafah1b1a",6
"GO:1901873","regulation of post-translational protein modification","6/1978","36/18773",0.166666666666667,1.58181664981463,1.1991286504188,0.172936411127061,0.593680534665888,0.525225301510023,"ndfip1l/spoplb/pef1/ndfip1/fzr1a/ndfip2",6
"GO:1903320","regulation of protein modification by small protein conjugation or removal","6/1978","36/18773",0.166666666666667,1.58181664981463,1.1991286504188,0.172936411127061,0.593680534665888,0.525225301510023,"ndfip1l/spoplb/pef1/ndfip1/fzr1a/ndfip2",6
"GO:0001836","release of cytochrome c from mitochondria","4/1978","21/18773",0.19047619047619,1.807790456931,1.27105101186586,0.173898600561483,0.593680534665888,0.525225301510023,"bcl2l1/bcl2l10/baxb/bbc3",4
"GO:0006144","purine nucleobase metabolic process","4/1978","21/18773",0.19047619047619,1.807790456931,1.27105101186586,0.173898600561483,0.593680534665888,0.525225301510023,"adka/aprt/gmpr2/adkb",4
"GO:0006376","mRNA splice site recognition","4/1978","21/18773",0.19047619047619,1.807790456931,1.27105101186586,0.173898600561483,0.593680534665888,0.525225301510023,"isy1/trnau1apb/zgc:158803/celf1",4
"GO:0032392","DNA geometric change","4/1978","21/18773",0.19047619047619,1.807790456931,1.27105101186586,0.173898600561483,0.593680534665888,0.525225301510023,"mcm2/ddx11/mcm3/mcm5",4
"GO:0032508","DNA duplex unwinding","4/1978","21/18773",0.19047619047619,1.807790456931,1.27105101186586,0.173898600561483,0.593680534665888,0.525225301510023,"mcm2/ddx11/mcm3/mcm5",4
"GO:0035196","miRNA processing","4/1978","21/18773",0.19047619047619,1.807790456931,1.27105101186586,0.173898600561483,0.593680534665888,0.525225301510023,"pum1/eif1axb/pum2/dicer1",4
"GO:0044818","mitotic G2/M transition checkpoint","4/1978","21/18773",0.19047619047619,1.807790456931,1.27105101186586,0.173898600561483,0.593680534665888,0.525225301510023,"chfr/mre11a/ints3/babam2",4
"GO:0046128","purine ribonucleoside metabolic process","4/1978","21/18773",0.19047619047619,1.807790456931,1.27105101186586,0.173898600561483,0.593680534665888,0.525225301510023,"adka/aprt/gnmt/adkb",4
"GO:0040007","growth","49/1978","406/18773",0.120689655172414,1.14545343607266,1.01682520097491,0.174076598968458,0.593680534665888,0.525225301510023,"cxcl12a/gars1/appb/tnfrsf1a/sh3bp4a/ext2/fam53b/lgmn/lamtor2/eaf2/myo9ab/sdcbp2/lin7c/tgif1/fus/ap1g1/wwc3/pigp/nid2a/pik3ca/smc3/dusp6/nipblb/atp6v1e1b/ascl1a/mapk14a/ap2a1/dspb/lats2/tmem59l/ctsba/dspa/tax1bp3/sirt1/fto/cgrrf1/ist1/dvl3a/stat3/ewsr1a/becn1/mtrex/vdac3/larp7/lfng/npr1a/cdh5/dvl2/mycbp2",49
"GO:1902904","negative regulation of supramolecular fiber organization","10/1978","68/18773",0.147058823529412,1.39572057336585,1.12187027738467,0.175066090905666,0.593680534665888,0.525225301510023,"tmsb4x/tmod2/sptan1/apc/kank2/arpin/add1/svila/capza1a/twf1a",10
"GO:0061005","cell differentiation involved in kidney development","7/1978","44/18773",0.159090909090909,1.50991589300487,1.16210669700663,0.176000673151354,0.593680534665888,0.525225301510023,"srgap2/tyro3/kirrel3l/kank2/prkceb/dnm2b/ccnc",7
"GO:0002832","negative regulation of response to biotic stimulus","3/1978","14/18773",0.214285714285714,2.03376426404738,1.32788083696718,0.177051754863862,0.593680534665888,0.525225301510023,"parp1/pias4a/foxo3b",3
"GO:0006298","mismatch repair","3/1978","14/18773",0.214285714285714,2.03376426404738,1.32788083696718,0.177051754863862,0.593680534665888,0.525225301510023,"msh6/pcna/mlh3",3
"GO:0006882","intracellular zinc ion homeostasis","3/1978","14/18773",0.214285714285714,2.03376426404738,1.32788083696718,0.177051754863862,0.593680534665888,0.525225301510023,"slc39a7/metap1/slc39a6",3
"GO:0007080","mitotic metaphase chromosome alignment","3/1978","14/18773",0.214285714285714,2.03376426404738,1.32788083696718,0.177051754863862,0.593680534665888,0.525225301510023,"mad1l1/ndc80/aurkb",3
"GO:0009070","serine family amino acid biosynthetic process","3/1978","14/18773",0.214285714285714,2.03376426404738,1.32788083696718,0.177051754863862,0.593680534665888,0.525225301510023,"shmt1/agxta/sephs1",3
"GO:0009310","amine catabolic process","3/1978","14/18773",0.214285714285714,2.03376426404738,1.32788083696718,0.177051754863862,0.593680534665888,0.525225301510023,"smox/sat1a.2/sat1b",3
"GO:0034614","cellular response to reactive oxygen species","3/1978","14/18773",0.214285714285714,2.03376426404738,1.32788083696718,0.177051754863862,0.593680534665888,0.525225301510023,"sod2/prdx1/sod1",3
"GO:0042402","cellular biogenic amine catabolic process","3/1978","14/18773",0.214285714285714,2.03376426404738,1.32788083696718,0.177051754863862,0.593680534665888,0.525225301510023,"smox/sat1a.2/sat1b",3
"GO:0042953","lipoprotein transport","3/1978","14/18773",0.214285714285714,2.03376426404738,1.32788083696718,0.177051754863862,0.593680534665888,0.525225301510023,"vmp1/mia2/mia3",3
"GO:0043001","Golgi to plasma membrane protein transport","3/1978","14/18773",0.214285714285714,2.03376426404738,1.32788083696718,0.177051754863862,0.593680534665888,0.525225301510023,"cnstb/golga7/blzf1",3
"GO:0044872","lipoprotein localization","3/1978","14/18773",0.214285714285714,2.03376426404738,1.32788083696718,0.177051754863862,0.593680534665888,0.525225301510023,"vmp1/mia2/mia3",3
"GO:0045176","apical protein localization","3/1978","14/18773",0.214285714285714,2.03376426404738,1.32788083696718,0.177051754863862,0.593680534665888,0.525225301510023,"atp6ap2/pafah1b1b/atp6v0ca",3
"GO:0046456","icosanoid biosynthetic process","3/1978","14/18773",0.214285714285714,2.03376426404738,1.32788083696718,0.177051754863862,0.593680534665888,0.525225301510023,"lta4h/ptges3a/ptges3b",3
"GO:0048679","regulation of axon regeneration","3/1978","14/18773",0.214285714285714,2.03376426404738,1.32788083696718,0.177051754863862,0.593680534665888,0.525225301510023,"socs3a/sfpq/il6st",3
"GO:0070059","intrinsic apoptotic signaling pathway in response to endoplasmic reticulum stress","3/1978","14/18773",0.214285714285714,2.03376426404738,1.32788083696718,0.177051754863862,0.593680534665888,0.525225301510023,"nck1a/bbc3/tp63",3
"GO:0070570","regulation of neuron projection regeneration","3/1978","14/18773",0.214285714285714,2.03376426404738,1.32788083696718,0.177051754863862,0.593680534665888,0.525225301510023,"socs3a/sfpq/il6st",3
"GO:0097006","regulation of plasma lipoprotein particle levels","3/1978","14/18773",0.214285714285714,2.03376426404738,1.32788083696718,0.177051754863862,0.593680534665888,0.525225301510023,"stab2/stab1/scarb1",3
"GO:2000781","positive regulation of double-strand break repair","3/1978","14/18773",0.214285714285714,2.03376426404738,1.32788083696718,0.177051754863862,0.593680534665888,0.525225301510023,"actr2a/actr2b/pias4a",3
"GO:0000724","double-strand break repair via homologous recombination","13/1978","93/18773",0.139784946236559,1.32668493210259,1.08382846866944,0.177826950923548,0.594893183496566,0.526298124030769,"smc5/ppp4ca/mre11a/nipblb/actr2a/kat5b/actr2b/mcm2/pias4a/rad51/nucks1a/mcm3/mcm5",13
"GO:0032880","regulation of protein localization","13/1978","93/18773",0.139784946236559,1.32668493210259,1.08382846866944,0.177826950923548,0.594893183496566,0.526298124030769,"ap1b1/oaz1a/rab11fip3/nf2b/lztfl1/sh3tc2/cnstb/gas8/ptk2ab/si:ch73-375g18.1/entr1/tax1bp3/larp7",13
"GO:0043484","regulation of RNA splicing","15/1978","110/18773",0.136363636363636,1.2942136225756,1.06205450208662,0.180066129434713,0.601684383720871,0.532306254628201,"mbnl2/khdrbs1b/hnrnpk/srsf2b/rest/nsrp1/ptbp2b/hnrnph1l/celf1/tra2b/usp39/larp7/dhx37/arglu1a/qkia",15
"GO:0002521","leukocyte differentiation","19/1978","144/18773",0.131944444444444,1.25227151443658,1.0428770285795,0.18032864793619,0.601862552334593,0.532463879240088,"jak1/tcta/fam49a/ncor2/srp19/slc39a7/irf2bp2b/jagn1b/ddx46/rnf4/nelfe/prkdc/dnmt1/slc39a6/hax1/nrros/loxl3b/nelfb/qkia",19
"GO:0022604","regulation of cell morphogenesis","12/1978","85/18773",0.141176470588235,1.33989175043121,1.07782210513793,0.181028625187088,0.603498672842703,0.533911344395169,"fermt2/palm1a/cdc42ep1a/rhogb/plxnb3/camsap1b/nf2b/myh10/rac1a/rac1b/stat3/zgc:154093",12
"GO:0060041","retina development in camera-type eye","37/1978","301/18773",0.122923588039867,1.1666554692985,1.00028618563182,0.181266962095678,0.603593807811651,0.533995509682444,"atp6v0e1/atoh8/cacnb2a/ranbp9/egr1/cep290/apc/get1/prickle2b/cdipt/ccnd1/snx5/agrn/sox11a/socs3a/gmds/atp6v1e1b/tubgcp3/kif3b/rpgrb/mafba/pbx2/mcm2/med24/dnmt1/slbp/chaf1b/uba2/atp6v1h/stat3/sigmar1/atp6v0ca/tapt1a/smo/vps28/poc1b/mcm3",37
"GO:0048589","developmental growth","46/1978","381/18773",0.120734908136483,1.14588292742477,0.987258520782026,0.182117108908173,0.605723609628687,0.535879731475464,"cxcl12a/gars1/appb/tnfrsf1a/ext2/fam53b/lgmn/eaf2/myo9ab/sdcbp2/lin7c/tgif1/fus/ap1g1/wwc3/pigp/nid2a/pik3ca/smc3/dusp6/nipblb/atp6v1e1b/ascl1a/mapk14a/ap2a1/dspb/lats2/tmem59l/ctsba/dspa/tax1bp3/sirt1/fto/ist1/dvl3a/stat3/ewsr1a/becn1/mtrex/vdac3/larp7/lfng/npr1a/cdh5/dvl2/mycbp2",46
"GO:0008286","insulin receptor signaling pathway","5/1978","29/18773",0.172413793103448,1.63636205153237,1.17692976574026,0.184585381049576,0.609004749173888,0.538782534256247,"pdk4/irs1/gsk3ab/tsc2/irs2a",5
"GO:0009620","response to fungus","5/1978","29/18773",0.172413793103448,1.63636205153237,1.17692976574026,0.184585381049576,0.609004749173888,0.538782534256247,"hip1/jagn1b/hspa5/ppp6c/atp6v0ca",5
"GO:0048644","muscle organ morphogenesis","5/1978","29/18773",0.172413793103448,1.63636205153237,1.17692976574026,0.184585381049576,0.609004749173888,0.538782534256247,"fermt2/myo18ab/cemip2/rbx1/blzf1",5
"GO:0048883","neuromast primordium migration","5/1978","29/18773",0.172413793103448,1.63636205153237,1.17692976574026,0.184585381049576,0.609004749173888,0.538782534256247,"cxcl12a/apc/ext2/itchb/ackr3a",5
"GO:0098930","axonal transport","5/1978","29/18773",0.172413793103448,1.63636205153237,1.17692976574026,0.184585381049576,0.609004749173888,0.538782534256247,"psen2/trak2/arl8ba/pafah1b1b/pafah1b1a",5
"GO:0180046","GPI anchored protein biosynthesis","5/1978","29/18773",0.172413793103448,1.63636205153237,1.17692976574026,0.184585381049576,0.609004749173888,0.538782534256247,"pigp/pgap4/pigf/pigm/dpm1",5
"GO:1901800","positive regulation of proteasomal protein catabolic process","5/1978","29/18773",0.172413793103448,1.63636205153237,1.17692976574026,0.184585381049576,0.609004749173888,0.538782534256247,"sirt2/fbxo22/rnft2/gsk3ab/fzr1a",5
"GO:0099111","microtubule-based transport","16/1978","119/18773",0.134453781512605,1.27608738136306,1.03684172124776,0.18494815923587,0.609502696588314,0.539223065089931,"stau1/psen2/gas8/rpgrb/rhot1a/ndel1b/stau2/mak/ift52/trak2/arl8ba/traf3ip1/pafah1b1b/ift27/pafah1b1a/poc1b",16
"GO:0000725","recombinational repair","13/1978","94/18773",0.138297872340426,1.31257126261214,1.04259244877235,0.187787051736785,0.618150283577494,0.546873528964887,"smc5/ppp4ca/mre11a/nipblb/actr2a/kat5b/actr2b/mcm2/pias4a/rad51/nucks1a/mcm3/mcm5",13
"GO:0048703","embryonic viscerocranium morphogenesis","15/1978","111/18773",0.135135135135135,1.28255404039024,1.02461882564914,0.18924599762965,0.619553288507242,0.548114758286414,"spns2/egr1/furina/hmgcs1/prdm1a/nipblb/wls/hcfc1b/rit1/aldh1l1/ponzr1/hmgcrb/kdm6a/smo/loxl3b",15
"GO:0030509","BMP signaling pathway","17/1978","128/18773",0.1328125,1.26051014282103,1.01490838425805,0.189253523994752,0.619553288507242,0.548114758286414,"lzts2a/tll1/fstl1b/zmynd11/bambia/inppl1a/lats2/dab2/skib/fstl1a/smad9/acvr1l/rbm14b/ldb2a/smad5/fbxl15/tsc22d3",17
"GO:0071772","response to BMP","17/1978","128/18773",0.1328125,1.26051014282103,1.01490838425805,0.189253523994752,0.619553288507242,0.548114758286414,"lzts2a/tll1/fstl1b/zmynd11/bambia/inppl1a/lats2/dab2/skib/fstl1a/smad9/acvr1l/rbm14b/ldb2a/smad5/fbxl15/tsc22d3",17
"GO:0071773","cellular response to BMP stimulus","17/1978","128/18773",0.1328125,1.26051014282103,1.01490838425805,0.189253523994752,0.619553288507242,0.548114758286414,"lzts2a/tll1/fstl1b/zmynd11/bambia/inppl1a/lats2/dab2/skib/fstl1a/smad9/acvr1l/rbm14b/ldb2a/smad5/fbxl15/tsc22d3",17
"GO:0048167","regulation of synaptic plasticity","6/1978","37/18773",0.162162162162162,1.53906484846829,1.12637200677797,0.189290003683652,0.619553288507242,0.548114758286414,"si:ch211-51h9.6/fxr1/fmr1/rab5aa/rab5ab/ncdn",6
"GO:1903050","regulation of proteolysis involved in protein catabolic process","8/1978","53/18773",0.150943396226415,1.43258866398306,1.08227732472682,0.19045096828466,0.622644813357918,0.550849810182188,"sirt2/fbxo22/styx/rnft2/gsk3ab/traf7/fzr1a/ube3a",8
"GO:0071222","cellular response to lipopolysaccharide","7/1978","45/18773",0.155555555555556,1.47636220649365,1.09793408314501,0.190800883484704,0.623080751175362,0.55123548152938,"cxcl20/si:dkey-192g7.3/si:dkey-169i5.4/tnip1/cd276/traf6/tet1",7
"GO:0016051","carbohydrate biosynthetic process","12/1978","86/18773",0.13953488372093,1.32431161379829,1.03447582616367,0.191583530155133,0.624219497459024,0.552242922948218,"arpp19a/tpi1a/nansa/fbp1a/akr1a1b/mpdu1b/gnmt/g6pc3/ppp1r3b/pcxa/ppp1r3da/si:ch73-91k6.2",12
"GO:0051402","neuron apoptotic process","12/1978","86/18773",0.13953488372093,1.32431161379829,1.03447582616367,0.191583530155133,0.624219497459024,0.552242922948218,"egln2/yju2/diablob/hif1al/diabloa/hm13/gsk3ab/psenen/pink1/egln1b/arf6b/sppl3",12
"GO:0032984","protein-containing complex disassembly","18/1978","137/18773",0.131386861313869,1.24697954875898,0.995688148482743,0.193065611139686,0.628336836254385,0.555885505758229,"gabarapa/tmod2/sptan1/apc/zgc:92606/zfand1/dyrk3/atad2b/map1lc3a/add1/map1sb/spns1/mical3b/svila/sh3gl1b/capza1a/twf1a/mfsd8",18
"GO:2000026","regulation of multicellular organismal development","53/1978","446/18773",0.118834080717489,1.12784236466603,0.937723817294006,0.193502167018259,0.629046027696644,0.556512922807195,"sirt2/vash2/cxcl12a/gli3/spns2/sars1/rnf213a/fxr1/plxnb3/lgmn/hars/fam49a/ctbp2a/nf2b/irf2bp2b/zeb1b/ddx46/vhl/dusp6/trip12/nipblb/nelfe/ascl1a/cemip2/fbxw7/fmr1/add1/zbtb16a/ptena/tenm4/rgp1/olig2/kdm1a/ptenb/atg13/adnpa/kdr/dicer1/sirt1/uba2/serpinf1/serpine1/her13/atraid/stat3/krit1/ewsr1a/becn1/loxl3b/larp7/nelfb/cdh5/qkia",53
"GO:0048732","gland development","33/1978","268/18773",0.123134328358209,1.16865558456454,0.954337503052392,0.194473702596071,0.630736335405776,0.55800832702602,"atp6ap2/fhl1b/apc/snx7/ext2/cdipt/fam49a/snapc4/lars1b/ddx46/rarga/snapc2/dhps/socs3a/ascl1a/bcl2l1/mcm2/med24/dnmt1/eya1/arnt2/ilf2/jag2b/arf6b/celf1/stat3/bms1/smo/usp39/prkcsh/acvr1l/nol9/hdac3",33
"GO:0000132","establishment of mitotic spindle orientation","4/1978","22/18773",0.181818181818182,1.72561816343414,1.16865327676884,0.195995232482712,0.630736335405776,0.55800832702602,"ndel1b/pafah1b1b/sptlc1/pafah1b1a",4
"GO:0000959","mitochondrial RNA metabolic process","4/1978","22/18773",0.181818181818182,1.72561816343414,1.16865327676884,0.195995232482712,0.630736335405776,0.55800832702602,"gars1/tfb2m/mtres1/prorp",4
"GO:0006275","regulation of DNA replication","4/1978","22/18773",0.181818181818182,1.72561816343414,1.16865327676884,0.195995232482712,0.630736335405776,0.55800832702602,"baz1a/pcna/ctc1/timeless",4
"GO:0014029","neural crest formation","4/1978","22/18773",0.181818181818182,1.72561816343414,1.16865327676884,0.195995232482712,0.630736335405776,0.55800832702602,"tfec/pef1/fmr1/parp3",4
"GO:0030513","positive regulation of BMP signaling pathway","4/1978","22/18773",0.181818181818182,1.72561816343414,1.16865327676884,0.195995232482712,0.630736335405776,0.55800832702602,"lzts2a/tll1/fbxl15/tsc22d3",4
"GO:0033338","medial fin development","4/1978","22/18773",0.181818181818182,1.72561816343414,1.16865327676884,0.195995232482712,0.630736335405776,0.55800832702602,"tll1/atp6v1e1b/smo/acvr1l",4
"GO:0036342","post-anal tail morphogenesis","4/1978","22/18773",0.181818181818182,1.72561816343414,1.16865327676884,0.195995232482712,0.630736335405776,0.55800832702602,"tll1/dvl3a/smad5/dvl2",4
"GO:0045666","positive regulation of neuron differentiation","4/1978","22/18773",0.181818181818182,1.72561816343414,1.16865327676884,0.195995232482712,0.630736335405776,0.55800832702602,"prdm1a/ascl1a/rest/gdpd5a",4
"GO:0001894","tissue homeostasis","13/1978","95/18773",0.136842105263158,1.29875472300569,1.0018202575145,0.198003607533297,0.636417577701076,0.563034485074439,"foxf2a/cep290/cdipt/prrc1/tjp1a/dctn2/cluap1/dram2b/bcl2l1/pafah1b1b/piezo1/tjp2b/poc1b",13
"GO:0051726","regulation of cell cycle","55/1978","465/18773",0.118279569892473,1.12257955793296,0.918549336231197,0.198253308348935,0.636417577701076,0.563034485074439,"sirt2/mdm4/rock2a/anapc11/chfr/pim3/gadd45ba/rab11fip3/cdk11b/cdc26/mre11a/ccnd1/dyrk3/kank2/cdkn1d/aven/cdc25b/cdkn1ba/tfdp2/ywhae2/tfdp1a/men1/mad1l1/gas1b/cdk16/rbl1/ssrp1a/pagr1/rad9a/dync1li2/nupr1a/ndc80/rnf167/txlng/cenpw/ppp1r13bb/npm1b/ints3/wee1/fancd2/rb1/traf7/pla2g4aa/tsc2/timeless/ewsr1a/cdk7/spice1/gadd45ab/phactr4b/aurkb/gas1a/babam2/junba/tpra",55
"GO:0006644","phospholipid metabolic process","31/1978","251/18773",0.123505976095618,1.17218285603793,0.942456340178322,0.198424249981879,0.636417577701076,0.563034485074439,"pi4kb/zgc:158659/pik3cg/tpte/pik3c2a/cdipt/lpgat1/hmgcs1/pla2g6/pigp/dnajc19/etnk1/pik3ca/inppl1a/pik3c2b/pgap4/pigf/bpnt1/pigm/lpcat3/sacm1lb/ptena/pip5k1ab/dpm1/agpat5/chka/ptenb/idi1/serinc5/pla2g4aa/mboat7",31
"GO:0061448","connective tissue development","27/1978","216/18773",0.125,1.18636248736097,0.94538760141649,0.19956780213689,0.637231251582306,0.563754337056515,"smc5/spns2/sec23a/ext2/furina/hnrnpul1/acsl4b/prdm1a/unc45a/sh3pxd2b/wls/hcfc1b/fmr1/rgp1/dnmt1/aldh7a1/atg13/nomo/skib/rerea/uba2/ewsr1a/tapt1a/smo/acvr1l/hnrnpul1l/pmm2",27
"GO:0050767","regulation of neurogenesis","18/1978","138/18773",0.130434782608696,1.23794346507232,0.962779952767195,0.20157917497066,0.637231251582306,0.563754337056515,"sirt2/cxcl12a/gli3/fxr1/plxnb3/ctbp2a/nf2b/ascl1a/fmr1/zbtb16a/tenm4/olig2/adnpa/dicer1/sirt1/serpinf1/her13/stat3",18
"GO:0031333","negative regulation of protein-containing complex assembly","9/1978","62/18773",0.145161290322581,1.377711275645,1.02231729378448,0.201860595714384,0.637231251582306,0.563754337056515,"tmsb4x/tmod2/sptan1/kank2/aida/add1/svila/capza1a/twf1a",9
"GO:0035966","response to topologically incorrect protein","9/1978","62/18773",0.145161290322581,1.377711275645,1.02231729378448,0.201860595714384,0.637231251582306,0.563754337056515,"os9/selenos/hspa5/erlec1/nck1a/tmbim4/tegt/tmtc4/parp16",9
"GO:0019362","pyridine nucleotide metabolic process","12/1978","87/18773",0.137931034482759,1.3090896412259,0.991663473253027,0.202413174059793,0.637231251582306,0.563754337056515,"tpi1a/mdh1aa/pgd/rpe/bpgm/afmid/taldo1/dhtkd1/nudt12/g6pd/adpgk2/gpd1b",12
"GO:0046496","nicotinamide nucleotide metabolic process","12/1978","87/18773",0.137931034482759,1.3090896412259,0.991663473253027,0.202413174059793,0.637231251582306,0.563754337056515,"tpi1a/mdh1aa/pgd/rpe/bpgm/afmid/taldo1/dhtkd1/nudt12/g6pd/adpgk2/gpd1b",12
"GO:0030705","cytoskeleton-dependent intracellular transport","14/1978","104/18773",0.134615384615385,1.27762114023489,0.974287403710425,0.203507640683252,0.637231251582306,0.563754337056515,"stau1/psen2/rhot1a/ndel1b/stau2/mak/ift52/trak2/arl8ba/traf3ip1/pafah1b1b/ift27/ccdc186/pafah1b1a",14
"GO:0043086","negative regulation of catalytic activity","14/1978","104/18773",0.134615384615385,1.27762114023489,0.974287403710425,0.203507640683252,0.637231251582306,0.563754337056515,"rtraf/appb/pkig/sh3bp4a/aida/zgpat/tegt/bcl2l1/mcm2/lamtor5/serpinf1/serpinb14/serpine1/wfikkn1",14
"GO:0002072","optic cup morphogenesis involved in camera-type eye development","5/1978","30/18773",0.166666666666667,1.58181664981463,1.09447446192314,0.20365812003309,0.637231251582306,0.563754337056515,"tfec/nid2a/sox11a/rerea/phactr4b",5
"GO:0044774","mitotic DNA integrity checkpoint signaling","5/1978","30/18773",0.166666666666667,1.58181664981463,1.09447446192314,0.20365812003309,0.637231251582306,0.563754337056515,"mre11a/ccnd1/rad9a/fancd2/babam2",5
"GO:0051262","protein tetramerization","5/1978","30/18773",0.166666666666667,1.58181664981463,1.09447446192314,0.20365812003309,0.637231251582306,0.563754337056515,"cpsf6/gnmt/cbr4/nudt21/tp63",5
"GO:0120034","positive regulation of plasma membrane bounded cell projection assembly","5/1978","30/18773",0.166666666666667,1.58181664981463,1.09447446192314,0.20365812003309,0.637231251582306,0.563754337056515,"cdc42ep1a/selenow2a/entr1/tapt1a/zgc:154093",5
"GO:1903052","positive regulation of proteolysis involved in protein catabolic process","5/1978","30/18773",0.166666666666667,1.58181664981463,1.09447446192314,0.20365812003309,0.637231251582306,0.563754337056515,"sirt2/fbxo22/rnft2/gsk3ab/fzr1a",5
"GO:0000272","polysaccharide catabolic process","3/1978","15/18773",0.2,1.89817997977755,1.19424696590061,0.205037625712739,0.637231251582306,0.563754337056515,"wipi1/atg3/ppp1r3b",3
"GO:0005980","glycogen catabolic process","3/1978","15/18773",0.2,1.89817997977755,1.19424696590061,0.205037625712739,0.637231251582306,0.563754337056515,"wipi1/atg3/ppp1r3b",3
"GO:0006692","prostanoid metabolic process","3/1978","15/18773",0.2,1.89817997977755,1.19424696590061,0.205037625712739,0.637231251582306,0.563754337056515,"slco2b1/ptges3a/ptges3b",3
"GO:0006693","prostaglandin metabolic process","3/1978","15/18773",0.2,1.89817997977755,1.19424696590061,0.205037625712739,0.637231251582306,0.563754337056515,"slco2b1/ptges3a/ptges3b",3
"GO:0009251","glucan catabolic process","3/1978","15/18773",0.2,1.89817997977755,1.19424696590061,0.205037625712739,0.637231251582306,0.563754337056515,"wipi1/atg3/ppp1r3b",3
"GO:0034315","regulation of Arp2/3 complex-mediated actin nucleation","3/1978","15/18773",0.2,1.89817997977755,1.19424696590061,0.205037625712739,0.637231251582306,0.563754337056515,"ap1ar/zgc:109889/arfip2a",3
"GO:0050777","negative regulation of immune response","3/1978","15/18773",0.2,1.89817997977755,1.19424696590061,0.205037625712739,0.637231251582306,0.563754337056515,"parp1/pias4a/loxl3b",3
"GO:0060896","neural plate pattern specification","3/1978","15/18773",0.2,1.89817997977755,1.19424696590061,0.205037625712739,0.637231251582306,0.563754337056515,"sfpq/sbno1/smo",3
"GO:0072530","purine-containing compound transmembrane transport","3/1978","15/18773",0.2,1.89817997977755,1.19424696590061,0.205037625712739,0.637231251582306,0.563754337056515,"slc25a24/lrrc8ab/slc25a16",3
"GO:0072662","protein localization to peroxisome","3/1978","15/18773",0.2,1.89817997977755,1.19424696590061,0.205037625712739,0.637231251582306,0.563754337056515,"pex5/zfand6/pex3",3
"GO:0072663","establishment of protein localization to peroxisome","3/1978","15/18773",0.2,1.89817997977755,1.19424696590061,0.205037625712739,0.637231251582306,0.563754337056515,"pex5/zfand6/pex3",3
"GO:1901992","positive regulation of mitotic cell cycle phase transition","3/1978","15/18773",0.2,1.89817997977755,1.19424696590061,0.205037625712739,0.637231251582306,0.563754337056515,"anapc11/ccnd1/cdc25b",3
"GO:2001238","positive regulation of extrinsic apoptotic signaling pathway","3/1978","15/18773",0.2,1.89817997977755,1.19424696590061,0.205037625712739,0.637231251582306,0.563754337056515,"tnfsf10/lta/tnfsf10l4",3
"GO:0031146","SCF-dependent proteasomal ubiquitin-dependent protein catabolic process","7/1978","46/18773",0.152173913043478,1.4442673759177,1.03530341267963,0.206080788802695,0.637231251582306,0.563754337056515,"cul2/styx/cul1a/cul5a/amn1/fbxl3a/fbxl15",7
"GO:0035023","regulation of Rho protein signal transduction","7/1978","46/18773",0.152173913043478,1.4442673759177,1.03530341267963,0.206080788802695,0.637231251582306,0.563754337056515,"rasip1/kank2/net1/dock6/tnfaip1/dock7/akap13",7
"GO:0071219","cellular response to molecule of bacterial origin","7/1978","46/18773",0.152173913043478,1.4442673759177,1.03530341267963,0.206080788802695,0.637231251582306,0.563754337056515,"cxcl20/si:dkey-192g7.3/si:dkey-169i5.4/tnip1/cd276/traf6/tet1",7
"GO:0008630","intrinsic apoptotic signaling pathway in response to DNA damage","6/1978","38/18773",0.157894736842105,1.49856314192965,1.05575593247871,0.206208653188435,0.637231251582306,0.563754337056515,"bcl2l1/bcl2l10/prkdc/baxb/bbc3/hipk2",6
"GO:0051453","regulation of intracellular pH","6/1978","38/18773",0.157894736842105,1.49856314192965,1.05575593247871,0.206208653188435,0.637231251582306,0.563754337056515,"slc9a7/cxcl12a/slc9a8/atp6v0a2b/tcirg1b/atp6v1ba",6
"GO:0060993","kidney morphogenesis","6/1978","38/18773",0.157894736842105,1.49856314192965,1.05575593247871,0.206208653188435,0.637231251582306,0.563754337056515,"pi4kb/snap29/ponzr1/trim32/hdac5/stx16",6
"GO:0098754","detoxification","6/1978","38/18773",0.157894736842105,1.49856314192965,1.05575593247871,0.206208653188435,0.637231251582306,0.563754337056515,"adh8b/sod2/prdx6/akr1a1b/prdx1/sod1",6
"GO:1903829","positive regulation of protein localization","6/1978","38/18773",0.157894736842105,1.49856314192965,1.05575593247871,0.206208653188435,0.637231251582306,0.563754337056515,"oaz1a/nf2b/cnstb/gas8/entr1/larp7",6
"GO:0000075","cell cycle checkpoint signaling","11/1978","79/18773",0.139240506329114,1.32151770744007,0.98275607078058,0.206787869664158,0.63833551611994,0.564731272699272,"chfr/mre11a/ccnd1/mad1l1/rad9a/ndc80/ints3/fancd2/timeless/aurkb/babam2",11
"GO:0048916","posterior lateral line development","10/1978","71/18773",0.140845070422535,1.33674646463208,0.975588349403294,0.211058642510886,0.650123891331712,0.575160371454212,"cxcl12a/apc/ext2/socs3a/itchb/stat3/ackr3a/eya4/smad5/hdac3",10
"GO:0051494","negative regulation of cytoskeleton organization","10/1978","71/18773",0.140845070422535,1.33674646463208,0.975588349403294,0.211058642510886,0.650123891331712,0.575160371454212,"tmsb4x/tmod2/sptan1/apc/kank2/arpin/add1/svila/capza1a/twf1a",10
"GO:0048863","stem cell differentiation","33/1978","271/18773",0.121771217712177,1.15571843787194,0.886122487103122,0.212882435762403,0.655040393249661,0.57950996867266,"psmd11b/tfec/dlc/fgfr4/nrp2a/fosl2/ncor2/hmgcs1/ddx46/vhl/pef1/prdm1a/psmd11a/nelfe/ap2a1/aldh1l1/fmr1/mettl5/nrarpa/dnmt3bb.1/pum2/dicer1/jag2b/sema3ab/hmgcrb/nudt21/smo/phactr4b/nelfb/nrp2b/ctr9/fev/plod3",33
"GO:0006414","translational elongation","9/1978","63/18773",0.142857142857143,1.35584284269825,0.970890000751435,0.215118209898696,0.659802867674357,0.583723298771233,"ell2/rnf25/pelo/elocb/tufm/nelfcd/nelfe/supt6h/nelfb",9
"GO:0008652","amino acid biosynthetic process","9/1978","63/18773",0.142857142857143,1.35584284269825,0.970890000751435,0.215118209898696,0.659802867674357,0.583723298771233,"glula/shmt1/glulb/agxta/sephs1/bcat2/asl/mri1/mtrr",9
"GO:0140053","mitochondrial gene expression","9/1978","63/18773",0.142857142857143,1.35584284269825,0.970890000751435,0.215118209898696,0.659802867674357,0.583723298771233,"gars1/rmnd1/ptcd3/tfb2m/hars/tufm/mtres1/prorp/chchd1",9
"GO:0019725","cellular homeostasis","38/1978","316/18773",0.120253164556962,1.1413107473346,0.869393904057252,0.215781114724649,0.660796184889547,0.584602080040585,"txnrd3/slc9a7/prdx3/cxcl12a/smdt1b/ccdc115/micu2/slc9a8/fthl27/glrx3/slc12a4/prdx6/slc39a7/ccnd1/atp2a2b/atp6v0a2b/nipblb/txn2/metap1/ormdl1/atp2b4/rhot1a/tmem203/ormdl2/bcl2l10/abcc2/tcirg1b/prdx1/selenot2/slc39a6/sod1/atp1b3a/pdzd8/piezo1/ncoa4/krit1/atp6v1ba/gclc",38
"GO:0030522","intracellular receptor signaling pathway","11/1978","80/18773",0.1375,1.30499873609707,0.938170866543212,0.218595035832354,0.660796184889547,0.584602080040585,"apc/rxrbb/ahr2/tgif1/vhl/rarga/cnot9/kank2/dhrs3a/pagr1/arnt",11
"GO:0003401","axis elongation","8/1978","55/18773",0.145454545454545,1.38049453074731,0.96979168056065,0.21879498539026,0.660796184889547,0.584602080040585,"eaf2/ap1g1/pigp/ap2a1/tax1bp3/dvl3a/stat3/dvl2",8
"GO:0008045","motor neuron axon guidance","8/1978","55/18773",0.145454545454545,1.38049453074731,0.96979168056065,0.21879498539026,0.660796184889547,0.584602080040585,"chn1/rac1a/rac1b/rest/sema3ab/capn1a/stat3/plod3",8
"GO:0030837","negative regulation of actin filament polymerization","8/1978","55/18773",0.145454545454545,1.38049453074731,0.96979168056065,0.21879498539026,0.660796184889547,0.584602080040585,"tmsb4x/tmod2/sptan1/kank2/add1/svila/capza1a/twf1a",8
"GO:1901879","regulation of protein depolymerization","8/1978","55/18773",0.145454545454545,1.38049453074731,0.96979168056065,0.21879498539026,0.660796184889547,0.584602080040585,"tmod2/sptan1/apc/add1/map1sb/svila/capza1a/twf1a",8
"GO:0006497","protein lipidation","4/1978","23/18773",0.173913043478261,1.65059128676309,1.07139579334456,0.218887300729836,0.660796184889547,0.584602080040585,"nmt1a/wipi1/zdhhc16a/nmt2",4
"GO:0007634","optokinetic behavior","4/1978","23/18773",0.173913043478261,1.65059128676309,1.07139579334456,0.218887300729836,0.660796184889547,0.584602080040585,"atp6v0e1/psen1/poc1b/lamc1",4
"GO:0014866","skeletal myofibril assembly","4/1978","23/18773",0.173913043478261,1.65059128676309,1.07139579334456,0.218887300729836,0.660796184889547,0.584602080040585,"myo18ab/tango2/mef2d/qkia",4
"GO:0032011","ARF protein signal transduction","4/1978","23/18773",0.173913043478261,1.65059128676309,1.07139579334456,0.218887300729836,0.660796184889547,0.584602080040585,"cyth3a/arfgef2/iqsec1b/iqsec2b",4
"GO:0032012","regulation of ARF protein signal transduction","4/1978","23/18773",0.173913043478261,1.65059128676309,1.07139579334456,0.218887300729836,0.660796184889547,0.584602080040585,"cyth3a/arfgef2/iqsec1b/iqsec2b",4
"GO:0034502","protein localization to chromosome","4/1978","23/18773",0.173913043478261,1.65059128676309,1.07139579334456,0.218887300729836,0.660796184889547,0.584602080040585,"pphln1/nipblb/terfa/aurkb",4
"GO:0048754","branching morphogenesis of an epithelial tube","4/1978","23/18773",0.173913043478261,1.65059128676309,1.07139579334456,0.218887300729836,0.660796184889547,0.584602080040585,"spns2/sars1/nrarpa/sema3ab",4
"GO:0070936","protein K48-linked ubiquitination","4/1978","23/18773",0.173913043478261,1.65059128676309,1.07139579334456,0.218887300729836,0.660796184889547,0.584602080040585,"cdc26/ube2d2l/ube2e2/ube3a",4
"GO:0071425","hematopoietic stem cell proliferation","4/1978","23/18773",0.173913043478261,1.65059128676309,1.07139579334456,0.218887300729836,0.660796184889547,0.584602080040585,"slco2b1/tfec/vdra/rad51",4
"GO:0051301","cell division","38/1978","317/18773",0.1198738170347,1.13771039797393,0.84860578106126,0.221670804928115,0.666198821820735,0.589381757738338,"rock2a/anapc11/cdc40/chfr/arpp19a/pelo/lzts2a/dynlt3/sde2/rab11fip3/cdk11b/cdc26/ccnd1/smc3/cdc25b/ppp1caa/myh10/mapk14a/dctn3/ccar1/cdc123/rock1/ndc80/entr1/arl8ba/ppp2r2d/bod1/mau2/jtb/pafah1b1b/piezo1/fzr1a/becn1/mtrex/aurkb/pafah1b1a/babam2/anxa11b",38
"GO:0051668","localization within membrane","38/1978","317/18773",0.1198738170347,1.13771039797393,0.84860578106126,0.221670804928115,0.666198821820735,0.589381757738338,"snx12/ap1b1/exoc6/rab41/exoc1/si:ch211-126j24.1/snx7/emc4/get1/rab11fip3/nmt1a/srp19/agrn/ccdc93/erbin/vps29/cnstb/vps51/get4/timm10/flot2a/snx3/rab3gap2/wash1/stx3a/exoc4/rab35b/lmnb1/zdhhc4/rilpl2/rab14/nmt2/lmna/smo/oxa1l/pex3/golga7/blzf1",38
"GO:0032869","cellular response to insulin stimulus","7/1978","47/18773",0.148936170212766,1.41353828281307,0.974138149824413,0.221803254095293,0.666198821820735,0.589381757738338,"pdk4/zgc:123305/lpin2/irs1/gsk3ab/tsc2/irs2a",7
"GO:1902105","regulation of leukocyte differentiation","7/1978","47/18773",0.148936170212766,1.41353828281307,0.974138149824413,0.221803254095293,0.666198821820735,0.589381757738338,"fam49a/irf2bp2b/ddx46/nelfe/loxl3b/nelfb/qkia",7
"GO:0018193","peptidyl-amino acid modification","19/1978","149/18773",0.12751677852349,1.21024898039508,0.884237569742852,0.221888572660093,0.666198821820735,0.589381757738338,"sae1/lipt1/naa20/naa35/senp3b/lias/sumo1/dhps/prmt1/ppid/zgpat/pias4a/nlk2/dph6/uba2/sumo2b/nmt2/loxl3b/senp3a",19
"GO:0016180","snRNA processing","5/1978","31/18773",0.161290322580645,1.53079030627222,1.01501924179619,0.22334853775336,0.666198821820735,0.589381757738338,"exosc8/exosc6/exosc5/larp7/ints10",5
"GO:0031122","cytoplasmic microtubule organization","5/1978","31/18773",0.161290322580645,1.53079030627222,1.01501924179619,0.22334853775336,0.666198821820735,0.589381757738338,"tbcb/clip2/tubgcp3/tubgcp5/zgc:66447",5
"GO:0071383","cellular response to steroid hormone stimulus","5/1978","31/18773",0.161290322580645,1.53079030627222,1.01501924179619,0.22334853775336,0.666198821820735,0.589381757738338,"vhl/cnot9/kank2/pagr1/arnt",5
"GO:0099518","vesicle cytoskeletal trafficking","5/1978","31/18773",0.161290322580645,1.53079030627222,1.01501924179619,0.22334853775336,0.666198821820735,0.589381757738338,"ndel1b/trak2/pafah1b1b/ccdc186/pafah1b1a",5
"GO:0003170","heart valve development","6/1978","39/18773",0.153846153846154,1.46013844598273,0.987151885323962,0.223640098502504,0.666198821820735,0.589381757738338,"tmsb4x/apc/cemip2/pdcd4b/piezo1/krit1",6
"GO:0170041","non-proteinogenic amino acid metabolic process","6/1978","39/18773",0.153846153846154,1.46013844598273,0.987151885323962,0.223640098502504,0.666198821820735,0.589381757738338,"blmh/gnmt/afmid/odc1/asl/mtrr",6
"GO:0008543","fibroblast growth factor receptor signaling pathway","10/1978","72/18773",0.138888888888889,1.31818054151219,0.928294681073359,0.223687195647838,0.666198821820735,0.589381757738338,"ext2/fgfr4/spry2/inppl1a/dusp6/cnpy1/rerea/zdhhc16a/shcbp1/mcm5",10
"GO:0042176","regulation of protein catabolic process","10/1978","72/18773",0.138888888888889,1.31818054151219,0.928294681073359,0.223687195647838,0.666198821820735,0.589381757738338,"sirt2/oaz2a/oaz1a/fbxo22/styx/rnft2/gsk3ab/traf7/atraid/fzr1a",10
"GO:0002683","negative regulation of immune system process","12/1978","89/18773",0.134831460674157,1.27967189647925,0.90758500880732,0.224849485727297,0.668276828964292,0.591220157121145,"cxcl12a/si:dkey-192g7.3/si:dkey-169i5.4/irf2bp2b/inppl1a/cd276/lgals9l3/parp1/pias4a/otud4/loxl3b/qkia",12
"GO:0042461","photoreceptor cell development","12/1978","89/18773",0.134831460674157,1.27967189647925,0.90758500880732,0.224849485727297,0.668276828964292,0.591220157121145,"cep290/kif7/sox11a/kif3b/rpgrb/mafba/med29/odc1/med24/pitpnb/sigmar1/dhdds",12
"GO:0010639","negative regulation of organelle organization","15/1978","115/18773",0.130434782608696,1.23794346507232,0.878351950139505,0.228090937384926,0.675982736462151,0.598037523284665,"tmsb4x/tmod2/sptan1/apc/kank2/mad1l1/arpin/add1/mcm2/ndc80/svila/terfa/capza1a/twf1a/ten1",15
"GO:0001947","heart looping","18/1978","141/18773",0.127659574468085,1.2116042424112,0.865530948497734,0.228147110568213,0.675982736462151,0.598037523284665,"tmsb4x/atoh8/apex1/apc/furina/ep300b/mia2/cemip2/gsk3ab/mia3/vdra/bbs7/skib/fabp3/grk5l/smo/acvr1l/smad5",18
"GO:0010975","regulation of neuron projection development","18/1978","141/18773",0.127659574468085,1.2116042424112,0.865530948497734,0.228147110568213,0.675982736462151,0.598037523284665,"cxcl12a/tfg/arhgap35a/snap29/plxnb3/pik3ca/hecw2a/socs3a/sfpq/il6st/mapk14a/fmr1/gsk3ab/ndel1b/tenm4/usp48/twf1a/mycbp2",18
"GO:0060249","anatomical structure homeostasis","13/1978","98/18773",0.13265306122449,1.25899692536266,0.882177046011884,0.230093061971926,0.679812159830252,0.601425389191793,"foxf2a/cep290/cdipt/prrc1/tjp1a/dctn2/cluap1/dram2b/bcl2l1/pafah1b1b/piezo1/tjp2b/poc1b",13
"GO:0032272","negative regulation of protein polymerization","8/1978","56/18773",0.142857142857143,1.35584284269825,0.915192685902758,0.233525434133561,0.679812159830252,0.601425389191793,"tmsb4x/tmod2/sptan1/kank2/add1/svila/capza1a/twf1a",8
"GO:0003159","morphogenesis of an endothelium","3/1978","16/18773",0.1875,1.77954373104146,1.07052594646149,0.23392910609383,0.679812159830252,0.601425389191793,"sh3kbp1/krit1/cdh5",3
"GO:0006353","DNA-templated transcription termination","3/1978","16/18773",0.1875,1.77954373104146,1.07052594646149,0.23392910609383,0.679812159830252,0.601425389191793,"ssu72/wdr82/dhx9",3
"GO:0006509","membrane protein ectodomain proteolysis","3/1978","16/18773",0.1875,1.77954373104146,1.07052594646149,0.23392910609383,0.679812159830252,0.601425389191793,"adam19b/psen1/psen2",3
"GO:0010824","regulation of centrosome duplication","3/1978","16/18773",0.1875,1.77954373104146,1.07052594646149,0.23392910609383,0.679812159830252,0.601425389191793,"rock2a/npm1b/spice1",3
"GO:0016237","microautophagy","3/1978","16/18773",0.1875,1.77954373104146,1.07052594646149,0.23392910609383,0.679812159830252,0.601425389191793,"snx7/atg4c/atg13",3
"GO:0031145","anaphase-promoting complex-dependent catabolic process","3/1978","16/18773",0.1875,1.77954373104146,1.07052594646149,0.23392910609383,0.679812159830252,0.601425389191793,"anapc11/cdc26/fzr1a",3
"GO:0034727","piecemeal microautophagy of the nucleus","3/1978","16/18773",0.1875,1.77954373104146,1.07052594646149,0.23392910609383,0.679812159830252,0.601425389191793,"snx7/atg4c/atg13",3
"GO:0042058","regulation of epidermal growth factor receptor signaling pathway","3/1978","16/18773",0.1875,1.77954373104146,1.07052594646149,0.23392910609383,0.679812159830252,0.601425389191793,"zgpat/mvb12a/mvb12ba",3
"GO:0042451","purine nucleoside biosynthetic process","3/1978","16/18773",0.1875,1.77954373104146,1.07052594646149,0.23392910609383,0.679812159830252,0.601425389191793,"adka/aprt/adkb",3
"GO:0042455","ribonucleoside biosynthetic process","3/1978","16/18773",0.1875,1.77954373104146,1.07052594646149,0.23392910609383,0.679812159830252,0.601425389191793,"adka/aprt/adkb",3
"GO:0046129","purine ribonucleoside biosynthetic process","3/1978","16/18773",0.1875,1.77954373104146,1.07052594646149,0.23392910609383,0.679812159830252,0.601425389191793,"adka/aprt/adkb",3
"GO:0046605","regulation of centrosome cycle","3/1978","16/18773",0.1875,1.77954373104146,1.07052594646149,0.23392910609383,0.679812159830252,0.601425389191793,"rock2a/npm1b/spice1",3
"GO:0060030","dorsal convergence","3/1978","16/18773",0.1875,1.77954373104146,1.07052594646149,0.23392910609383,0.679812159830252,0.601425389191793,"lpp/acvr1l/smad5",3
"GO:0061154","endothelial tube morphogenesis","3/1978","16/18773",0.1875,1.77954373104146,1.07052594646149,0.23392910609383,0.679812159830252,0.601425389191793,"sh3kbp1/krit1/cdh5",3
"GO:0071622","regulation of granulocyte chemotaxis","3/1978","16/18773",0.1875,1.77954373104146,1.07052594646149,0.23392910609383,0.679812159830252,0.601425389191793,"cxcl12a/lyn/inppl1a",3
"GO:0072554","blood vessel lumenization","3/1978","16/18773",0.1875,1.77954373104146,1.07052594646149,0.23392910609383,0.679812159830252,0.601425389191793,"sh3kbp1/krit1/cdh5",3
"GO:1901679","nucleotide transmembrane transport","3/1978","16/18773",0.1875,1.77954373104146,1.07052594646149,0.23392910609383,0.679812159830252,0.601425389191793,"slc25a36a/slc25a24/lrrc8ab",3
"GO:0032886","regulation of microtubule-based process","14/1978","107/18773",0.130841121495327,1.24179998677036,0.860797393289291,0.234524762996777,0.680855442120815,0.602348374237832,"rock2a/apc/camsap1b/gsk3ab/map1sb/dync1li2/bicd2/macf1a/npm1b/traf3ip1/spice1/zgc:66447/zgc:162200/tpra",14
"GO:0006790","sulfur compound metabolic process","27/1978","221/18773",0.122171945701357,1.15952170710394,0.818651326534455,0.234933142672116,0.681353479302094,0.602788984487666,"sult2st1/aclya/ext2/pdk4/hmgcs1/lias/blmh/gstz1/gstt1b/sult1st1/gstm.2/acsl3b/gnmt/ahcyl2b/csgalnact1a/gsto2/mat2b/acot9.1/tpk1/gpx1b/papss1/hmgcrb/mri1/acsm3/gclc/mtrr/suclg2",27
"GO:0030178","negative regulation of Wnt signaling pathway","12/1978","90/18773",0.133333333333333,1.2654533198517,0.866292433786766,0.236430824732336,0.68274935254694,0.604023904454019,"rnf213a/apc/lzts2a/otud5a/tle3a/amer1/tmem88b/gsk3ab/dab2/nradd/foxo3b/tsc2",12
"GO:0008361","regulation of cell size","10/1978","73/18773",0.136986301369863,1.30012327382024,0.881695682831752,0.236601009554849,0.68274935254694,0.604023904454019,"cxcl12a/lamtor4/arhgap35a/ext2/slc12a4/pik3ca/mapk14a/piezo1/stat3/si:ch211-178n15.1",10
"GO:0044344","cellular response to fibroblast growth factor stimulus","10/1978","73/18773",0.136986301369863,1.30012327382024,0.881695682831752,0.236601009554849,0.68274935254694,0.604023904454019,"ext2/fgfr4/spry2/inppl1a/dusp6/cnpy1/rerea/zdhhc16a/shcbp1/mcm5",10
"GO:0070507","regulation of microtubule cytoskeleton organization","10/1978","73/18773",0.136986301369863,1.30012327382024,0.881695682831752,0.236601009554849,0.68274935254694,0.604023904454019,"apc/camsap1b/gsk3ab/map1sb/dync1li2/bicd2/traf3ip1/zgc:66447/zgc:162200/tpra",10
"GO:0071774","response to fibroblast growth factor","10/1978","73/18773",0.136986301369863,1.30012327382024,0.881695682831752,0.236601009554849,0.68274935254694,0.604023904454019,"ext2/fgfr4/spry2/inppl1a/dusp6/cnpy1/rerea/zdhhc16a/shcbp1/mcm5",10
"GO:0002244","hematopoietic progenitor cell differentiation","18/1978","142/18773",0.126760563380282,1.20307181816887,0.833593191495358,0.237326415089825,0.68383941552667,0.604988276071012,"cecr2/dlc/fgfr4/ncor2/ddx46/vhl/nap1l4a/nelfe/ap2a1/hlx1/g6pc3/dnmt3bb.1/nfkbiaa/crebbpa/jag2b/nudt21/nelfb/fev",18
"GO:0030042","actin filament depolymerization","7/1978","48/18773",0.145833333333333,1.3840895685878,0.9143671820647,0.237929529003196,0.68383941552667,0.604988276071012,"tmod2/sptan1/add1/mical3b/svila/capza1a/twf1a",7
"GO:0039019","pronephric nephron development","7/1978","48/18773",0.145833333333333,1.3840895685878,0.9143671820647,0.237929529003196,0.68383941552667,0.604988276071012,"podxl/kirrel3l/cd2ap/bnc2/tmem234/mafba/ponzr1",7
"GO:1901880","negative regulation of protein depolymerization","7/1978","48/18773",0.145833333333333,1.3840895685878,0.9143671820647,0.237929529003196,0.68383941552667,0.604988276071012,"tmod2/sptan1/apc/add1/svila/capza1a/twf1a",7
"GO:0051693","actin filament capping","6/1978","40/18773",0.15,1.42363498483316,0.920442279840396,0.24153026606168,0.686355056421005,0.607213847182186,"tmod2/sptan1/add1/svila/capza1a/twf1a",6
"GO:0060028","convergent extension involved in axis elongation","6/1978","40/18773",0.15,1.42363498483316,0.920442279840396,0.24153026606168,0.686355056421005,0.607213847182186,"eaf2/pigp/ap2a1/tax1bp3/dvl3a/dvl2",6
"GO:0072666","establishment of protein localization to vacuole","6/1978","40/18773",0.15,1.42363498483316,0.920442279840396,0.24153026606168,0.686355056421005,0.607213847182186,"vps36/vps13a/vps8/vps25/stam/vps28",6
"GO:2000058","regulation of ubiquitin-dependent protein catabolic process","6/1978","40/18773",0.15,1.42363498483316,0.920442279840396,0.24153026606168,0.686355056421005,0.607213847182186,"sirt2/fbxo22/styx/gsk3ab/fzr1a/ube3a",6
"GO:0001878","response to yeast","4/1978","24/18773",0.166666666666667,1.58181664981463,0.9787710692765,0.242441590727212,0.686355056421005,0.607213847182186,"hip1/hspa5/ppp6c/atp6v0ca",4
"GO:0006284","base-excision repair","4/1978","24/18773",0.166666666666667,1.58181664981463,0.9787710692765,0.242441590727212,0.686355056421005,0.607213847182186,"apex1/pold1/unga/lig3",4
"GO:0006541","glutamine metabolic process","4/1978","24/18773",0.166666666666667,1.58181664981463,0.9787710692765,0.242441590727212,0.686355056421005,0.607213847182186,"ctps1a/glula/gmps/glulb",4
"GO:0009069","serine family amino acid metabolic process","4/1978","24/18773",0.166666666666667,1.58181664981463,0.9787710692765,0.242441590727212,0.686355056421005,0.607213847182186,"gcsha/shmt1/agxta/sephs1",4
"GO:0010906","regulation of glucose metabolic process","4/1978","24/18773",0.166666666666667,1.58181664981463,0.9787710692765,0.242441590727212,0.686355056421005,0.607213847182186,"arpp19a/pdk4/akr1a1b/gnmt",4
"GO:0042278","purine nucleoside metabolic process","4/1978","24/18773",0.166666666666667,1.58181664981463,0.9787710692765,0.242441590727212,0.686355056421005,0.607213847182186,"adka/aprt/gnmt/adkb",4
"GO:0043249","erythrocyte maturation","4/1978","24/18773",0.166666666666667,1.58181664981463,0.9787710692765,0.242441590727212,0.686355056421005,0.607213847182186,"adnp2b/eif1axb/klf9/adnpa",4
"GO:0047496","vesicle transport along microtubule","4/1978","24/18773",0.166666666666667,1.58181664981463,0.9787710692765,0.242441590727212,0.686355056421005,0.607213847182186,"ndel1b/trak2/pafah1b1b/pafah1b1a",4
"GO:0051294","establishment of spindle orientation","4/1978","24/18773",0.166666666666667,1.58181664981463,0.9787710692765,0.242441590727212,0.686355056421005,0.607213847182186,"ndel1b/pafah1b1b/sptlc1/pafah1b1a",4
"GO:0010038","response to metal ion","9/1978","65/18773",0.138461538461538,1.31412460138446,0.870609417177812,0.242600714959221,0.686355056421005,0.607213847182186,"sod2/gadd45ba/sumo1/entpd1/slc25a24/slc11a2/sod1/rad51/hvcn1",9
"GO:0001763","morphogenesis of a branching structure","5/1978","32/18773",0.15625,1.48295310920121,0.938343797196379,0.243576125340927,0.686355056421005,0.607213847182186,"spns2/sars1/fmr1/nrarpa/sema3ab",5
"GO:0006690","icosanoid metabolic process","5/1978","32/18773",0.15625,1.48295310920121,0.938343797196379,0.243576125340927,0.686355056421005,0.607213847182186,"lta4h/slco2b1/ptges3a/mgst3a/ptges3b",5
"GO:0035088","establishment or maintenance of apical/basal cell polarity","5/1978","32/18773",0.15625,1.48295310920121,0.938343797196379,0.243576125340927,0.686355056421005,0.607213847182186,"myo9ab/lin7c/erbin/dctn2/jag2b",5
"GO:0061245","establishment or maintenance of bipolar cell polarity","5/1978","32/18773",0.15625,1.48295310920121,0.938343797196379,0.243576125340927,0.686355056421005,0.607213847182186,"myo9ab/lin7c/erbin/dctn2/jag2b",5
"GO:0061512","protein localization to cilium","5/1978","32/18773",0.15625,1.48295310920121,0.938343797196379,0.243576125340927,0.686355056421005,0.607213847182186,"myo7aa/rab11fip3/lztfl1/gas8/entr1",5
"GO:1902036","regulation of hematopoietic stem cell differentiation","5/1978","32/18773",0.15625,1.48295310920121,0.938343797196379,0.243576125340927,0.686355056421005,0.607213847182186,"fgfr4/ddx46/nelfe/dnmt3bb.1/nelfb",5
"GO:0048593","camera-type eye morphogenesis","25/1978","205/18773",0.121951219512195,1.15742681693753,0.777770547847106,0.248270811034354,0.698899337911777,0.618311691297835,"atp6v0e1/egr1/cep290/tfec/cdipt/ccnd1/nid2a/agrn/sox11a/socs3a/gmds/ptk2ab/kif3b/rpgrb/mafba/pbx2/med24/dnmt1/rerea/stat3/sigmar1/atp6v0ca/tapt1a/phactr4b/poc1b",25
"GO:0021954","central nervous system neuron development","7/1978","49/18773",0.142857142857143,1.35584284269825,0.85592432910743,0.254419606275416,0.714809772709348,0.632387549315334,"ppp4ca/ewsr1b/ap4s1/sfpq/kif22/ewsr1a/mycbp2",7
"GO:0061136","regulation of proteasomal protein catabolic process","7/1978","49/18773",0.142857142857143,1.35584284269825,0.85592432910743,0.254419606275416,0.714809772709348,0.632387549315334,"sirt2/fbxo22/styx/rnft2/gsk3ab/traf7/fzr1a",7
"GO:0032496","response to lipopolysaccharide","9/1978","66/18773",0.136363636363636,1.2942136225756,0.821695832606385,0.25677784489872,0.720511766241241,0.637432065847583,"cxcl20/si:dkey-192g7.3/si:dkey-169i5.4/tnip1/otud5a/lta/cd276/traf6/tet1",9
"GO:0090407","organophosphate biosynthetic process","44/1978","377/18773",0.116710875331565,1.10769123488345,0.724882714899064,0.25694997294526,0.720511766241241,0.637432065847583,"adka/pi4kb/aclya/tpi1a/zgc:158659/pik3cg/pdk4/pik3c2a/dut/cdipt/hmgcs1/atp5mc1/pigp/etnk1/aprt/pik3ca/atp5pd/pik3c2b/pgap4/pigf/bpnt1/ctps1a/gmds/pigm/flad1/lpcat3/gmps/afmid/pip5k1ab/dpm1/chka/nme2b.2/idi1/serinc5/tpk1/papss1/antkmt/mboat7/pgm3/adkb/atp5f1d/pmm2/npr1a/atic",44
"GO:0000281","mitotic cytokinesis","6/1978","41/18773",0.146341463414634,1.38891218032504,0.855519299447044,0.259823856346775,0.721323540958743,0.638150237651882,"rock2a/lzts2a/myh10/rock1/jtb/aurkb",6
"GO:0006900","vesicle budding from membrane","6/1978","41/18773",0.146341463414634,1.38891218032504,0.855519299447044,0.259823856346775,0.721323540958743,0.638150237651882,"tfg/sec23a/chmp6b/pef1/arfgap2/chmp5b",6
"GO:0030641","regulation of cellular pH","6/1978","41/18773",0.146341463414634,1.38891218032504,0.855519299447044,0.259823856346775,0.721323540958743,0.638150237651882,"slc9a7/cxcl12a/slc9a8/atp6v0a2b/tcirg1b/atp6v1ba",6
"GO:0030834","regulation of actin filament depolymerization","6/1978","41/18773",0.146341463414634,1.38891218032504,0.855519299447044,0.259823856346775,0.721323540958743,0.638150237651882,"tmod2/sptan1/add1/svila/capza1a/twf1a",6
"GO:0030835","negative regulation of actin filament depolymerization","6/1978","41/18773",0.146341463414634,1.38891218032504,0.855519299447044,0.259823856346775,0.721323540958743,0.638150237651882,"tmod2/sptan1/add1/svila/capza1a/twf1a",6
"GO:0032543","mitochondrial translation","6/1978","41/18773",0.146341463414634,1.38891218032504,0.855519299447044,0.259823856346775,0.721323540958743,0.638150237651882,"gars1/rmnd1/ptcd3/hars/tufm/chchd1",6
"GO:0060219","camera-type eye photoreceptor cell differentiation","6/1978","41/18773",0.146341463414634,1.38891218032504,0.855519299447044,0.259823856346775,0.721323540958743,0.638150237651882,"cdipt/sox11a/rpgrb/mafba/med24/sigmar1",6
"GO:2001235","positive regulation of apoptotic signaling pathway","6/1978","41/18773",0.146341463414634,1.38891218032504,0.855519299447044,0.259823856346775,0.721323540958743,0.638150237651882,"tnfsf10/zgc:110239/lta/nck1a/ctsh/tnfsf10l4",6
"GO:0072524","pyridine-containing compound metabolic process","12/1978","92/18773",0.130434782608696,1.23794346507232,0.785138090691399,0.260251990239735,0.721323540958743,0.638150237651882,"tpi1a/mdh1aa/pgd/rpe/bpgm/afmid/taldo1/dhtkd1/nudt12/g6pd/adpgk2/gpd1b",12
"GO:0001522","pseudouridine synthesis","3/1978","17/18773",0.176470588235294,1.67486468803902,0.955321309909941,0.263471254853865,0.721323540958743,0.638150237651882,"tsr3/gar1/rpusd2",3
"GO:0001964","startle response","3/1978","17/18773",0.176470588235294,1.67486468803902,0.955321309909941,0.263471254853865,0.721323540958743,0.638150237651882,"get1/psen2/eya4",3
"GO:0008354","germ cell migration","3/1978","17/18773",0.176470588235294,1.67486468803902,0.955321309909941,0.263471254853865,0.721323540958743,0.638150237651882,"cxcl12a/stau2/kdm6a",3
"GO:0009163","nucleoside biosynthetic process","3/1978","17/18773",0.176470588235294,1.67486468803902,0.955321309909941,0.263471254853865,0.721323540958743,0.638150237651882,"adka/aprt/adkb",3
"GO:0009226","nucleotide-sugar biosynthetic process","3/1978","17/18773",0.176470588235294,1.67486468803902,0.955321309909941,0.263471254853865,0.721323540958743,0.638150237651882,"gmds/pgm3/pmm2",3
"GO:0009309","amine biosynthetic process","3/1978","17/18773",0.176470588235294,1.67486468803902,0.955321309909941,0.263471254853865,0.721323540958743,0.638150237651882,"oaz1a/sms/odc1",3
"GO:0034404","nucleobase-containing small molecule biosynthetic process","3/1978","17/18773",0.176470588235294,1.67486468803902,0.955321309909941,0.263471254853865,0.721323540958743,0.638150237651882,"adka/aprt/adkb",3
"GO:0035141","medial fin morphogenesis","3/1978","17/18773",0.176470588235294,1.67486468803902,0.955321309909941,0.263471254853865,0.721323540958743,0.638150237651882,"tll1/smo/acvr1l",3
"GO:0042401","biogenic amine biosynthetic process","3/1978","17/18773",0.176470588235294,1.67486468803902,0.955321309909941,0.263471254853865,0.721323540958743,0.638150237651882,"oaz1a/sms/odc1",3
"GO:0045931","positive regulation of mitotic cell cycle","3/1978","17/18773",0.176470588235294,1.67486468803902,0.955321309909941,0.263471254853865,0.721323540958743,0.638150237651882,"anapc11/ccnd1/cdc25b",3
"GO:0051347","positive regulation of transferase activity","3/1978","17/18773",0.176470588235294,1.67486468803902,0.955321309909941,0.263471254853865,0.721323540958743,0.638150237651882,"prrc1/traf2b/fzr1a",3
"GO:0072337","modified amino acid transport","3/1978","17/18773",0.176470588235294,1.67486468803902,0.955321309909941,0.263471254853865,0.721323540958743,0.638150237651882,"slc7a6/ctns/slc25a20",3
"GO:0090114","COPII-coated vesicle budding","3/1978","17/18773",0.176470588235294,1.67486468803902,0.955321309909941,0.263471254853865,0.721323540958743,0.638150237651882,"tfg/sec23a/pef1",3
"GO:1901658","glycosyl compound catabolic process","3/1978","17/18773",0.176470588235294,1.67486468803902,0.955321309909941,0.263471254853865,0.721323540958743,0.638150237651882,"dctd/fuca2/fuca1.1",3
"GO:2000050","regulation of non-canonical Wnt signaling pathway","3/1978","17/18773",0.176470588235294,1.67486468803902,0.955321309909941,0.263471254853865,0.721323540958743,0.638150237651882,"rnf213a/dvl3a/dvl2",3
"GO:0007098","centrosome cycle","8/1978","58/18773",0.137931034482759,1.3090896412259,0.809062260974359,0.263952596508459,0.721323540958743,0.638150237651882,"rock2a/cep192/chordc1a/ndel1b/npm1b/usp33/spice1/poc1b",8
"GO:0002263","cell activation involved in immune response","5/1978","33/18773",0.151515151515152,1.43801513619512,0.864250635105607,0.264259649694305,0.721323540958743,0.638150237651882,"tcima/rnf168/ptena/ptenb/loxl3b",5
"GO:0032924","activin receptor signaling pathway","5/1978","33/18773",0.151515151515152,1.43801513619512,0.864250635105607,0.264259649694305,0.721323540958743,0.638150237651882,"net1/rab5ab/nomo/ldb2a/araf",5
"GO:0034599","cellular response to oxidative stress","5/1978","33/18773",0.151515151515152,1.43801513619512,0.864250635105607,0.264259649694305,0.721323540958743,0.638150237651882,"sirt2/sod2/nfe2l2a/prdx1/sod1",5
"GO:0006801","superoxide metabolic process","4/1978","25/18773",0.16,1.51854398382204,0.890341350856857,0.266526575965647,0.722711554244268,0.639378203963426,"sod2/sh3pxd2b/prdx1/sod1",4
"GO:0032436","positive regulation of proteasomal ubiquitin-dependent protein catabolic process","4/1978","25/18773",0.16,1.51854398382204,0.890341350856857,0.266526575965647,0.722711554244268,0.639378203963426,"sirt2/fbxo22/gsk3ab/fzr1a",4
"GO:0042158","lipoprotein biosynthetic process","4/1978","25/18773",0.16,1.51854398382204,0.890341350856857,0.266526575965647,0.722711554244268,0.639378203963426,"nmt1a/wipi1/zdhhc16a/nmt2",4
"GO:0045746","negative regulation of Notch signaling pathway","4/1978","25/18773",0.16,1.51854398382204,0.890341350856857,0.266526575965647,0.722711554244268,0.639378203963426,"neurl1aa/dlc/tcima/fbxw7",4
"GO:0045926","negative regulation of growth","4/1978","25/18773",0.16,1.51854398382204,0.890341350856857,0.266526575965647,0.722711554244268,0.639378203963426,"sh3bp4a/wwc3/dusp6/cgrrf1",4
"GO:0046660","female sex differentiation","4/1978","25/18773",0.16,1.51854398382204,0.890341350856857,0.266526575965647,0.722711554244268,0.639378203963426,"lhfpl2a/u2af2a/ahr2/pla2g4aa",4
"GO:0051016","barbed-end actin filament capping","4/1978","25/18773",0.16,1.51854398382204,0.890341350856857,0.266526575965647,0.722711554244268,0.639378203963426,"add1/svila/capza1a/twf1a",4
"GO:0031667","response to nutrient levels","14/1978","110/18773",0.127272727272727,1.2079327144039,0.750597044183442,0.26729824762316,0.72412152392828,0.640625594957679,"sirt2/gabarapa/zgc:92606/gcn1/kank2/sesn3/dap/bcas3/map1lc3a/trim32/sesn1/becn1/nuak2/mios",14
"GO:0035050","embryonic heart tube development","23/1978","190/18773",0.121052631578947,1.14889840881273,0.707925173754019,0.271228911591064,0.73202261103643,0.647615635250933,"tmsb4x/atoh8/apex1/cacnb2a/spns2/apc/furina/ep300b/nipblb/mia2/cemip2/gsk3ab/mia3/vdra/bbs7/skib/fabp3/supt6h/grk5l/smo/acvr1l/eya4/smad5",23
"GO:0031017","exocrine pancreas development","7/1978","50/18773",0.14,1.32872598584429,0.798747905447792,0.271232569817461,0.73202261103643,0.647615635250933,"apc/ddx46/dhps/dnmt1/jag2b/smo/nol9",7
"GO:0035272","exocrine system development","7/1978","50/18773",0.14,1.32872598584429,0.798747905447792,0.271232569817461,0.73202261103643,0.647615635250933,"apc/ddx46/dhps/dnmt1/jag2b/smo/nol9",7
"GO:0071216","cellular response to biotic stimulus","7/1978","50/18773",0.14,1.32872598584429,0.798747905447792,0.271232569817461,0.73202261103643,0.647615635250933,"cxcl20/si:dkey-192g7.3/si:dkey-169i5.4/tnip1/cd276/traf6/tet1",7
"GO:0006575","cellular modified amino acid metabolic process","13/1978","102/18773",0.127450980392157,1.20962449691707,0.728512054058447,0.275821130545,0.740848513779431,0.655423853911664,"acadl/crym/gstz1/gstt1b/gstm.2/gnmt/aldh1l1/gamt/shmt1/cpt1ab/gsto2/gpx1b/gclc",13
"GO:0042472","inner ear morphogenesis","13/1978","102/18773",0.127450980392157,1.20962449691707,0.728512054058447,0.275821130545,0.740848513779431,0.655423853911664,"pi4kb/cep290/ext2/ttc39c/gas8/psmc3/myo6a/eya1/crbn/ttc9c/smo/eya4/smad5",13
"GO:0007162","negative regulation of cell adhesion","10/1978","76/18773",0.131578947368421,1.24880261827471,0.745854631301104,0.276856346369375,0.740848513779431,0.655423853911664,"podxl/ap1ar/plxnb3/si:dkey-192g7.3/si:dkey-169i5.4/cd276/lgals9l3/acvr1l/loxl3b/cdh5",10
"GO:0060972","left/right pattern formation","37/1978","317/18773",0.116719242902208,1.10777065065882,0.664109599008832,0.278408674063949,0.740848513779431,0.655423853911664,"tmsb4x/atoh8/apex1/cep290/apc/vgll4b/kif7/furina/ep300b/atp2a2b/ttc39c/cnpy1/nipblb/mia2/cemip2/rpgrb/gsk3ab/mia3/vdra/rab35b/dnmt1/dnmt3bb.1/bbs7/nomo/galnt11/skib/fabp3/fto/ttc9c/sesn1/cldn5a/celf1/grk5l/smo/acvr1l/smad5/poc1b",37
"GO:0006721","terpenoid metabolic process","6/1978","42/18773",0.142857142857143,1.35584284269825,0.792283863260259,0.278464897672827,0.740848513779431,0.655423853911664,"apc/bco1/hmgcs1/tle3a/dhrs3a/kdm1a",6
"GO:0007368","determination of left/right symmetry","36/1978","308/18773",0.116883116883117,1.10932596220766,0.663899624401696,0.278826832763732,0.740848513779431,0.655423853911664,"tmsb4x/atoh8/apex1/cep290/apc/vgll4b/kif7/furina/ep300b/atp2a2b/ttc39c/cnpy1/nipblb/mia2/cemip2/rpgrb/gsk3ab/mia3/vdra/rab35b/dnmt1/dnmt3bb.1/bbs7/nomo/galnt11/skib/fabp3/ttc9c/sesn1/cldn5a/celf1/grk5l/smo/acvr1l/smad5/poc1b",36
"GO:0034101","erythrocyte homeostasis","16/1978","129/18773",0.124031007751938,1.17716587893182,0.692921127631491,0.282645154047947,0.740848513779431,0.655423853911664,"fam210b/hmgcs1/adnp2b/ddx46/hif1al/vhl/arhgef12b/snx3/eif1axb/klf9/actr2b/pink1/adnpa/piezo1/ncoa4/clpxa",16
"GO:0009799","specification of symmetry","39/1978","336/18773",0.116071428571429,1.10162230969233,0.645047928054933,0.283982867559422,0.740848513779431,0.655423853911664,"tmsb4x/atoh8/apex1/ppp4ca/cep290/apc/vgll4b/tll1/kif7/furina/ep300b/atp2a2b/ttc39c/aida/cnpy1/nipblb/mia2/cemip2/rpgrb/gsk3ab/mia3/vdra/rab35b/dnmt1/dnmt3bb.1/bbs7/nomo/galnt11/skib/fabp3/ttc9c/sesn1/cldn5a/celf1/grk5l/smo/acvr1l/smad5/poc1b",39
"GO:0009855","determination of bilateral symmetry","39/1978","336/18773",0.116071428571429,1.10162230969233,0.645047928054933,0.283982867559422,0.740848513779431,0.655423853911664,"tmsb4x/atoh8/apex1/ppp4ca/cep290/apc/vgll4b/tll1/kif7/furina/ep300b/atp2a2b/ttc39c/aida/cnpy1/nipblb/mia2/cemip2/rpgrb/gsk3ab/mia3/vdra/rab35b/dnmt1/dnmt3bb.1/bbs7/nomo/galnt11/skib/fabp3/ttc9c/sesn1/cldn5a/celf1/grk5l/smo/acvr1l/smad5/poc1b",39
"GO:0001709","cell fate determination","2/1978","10/18773",0.2,1.89817997977755,0.974968632722536,0.284728588402441,0.740848513779431,0.655423853911664,"prdm1a/olig2",2
"GO:0002275","myeloid cell activation involved in immune response","2/1978","10/18773",0.2,1.89817997977755,0.974968632722536,0.284728588402441,0.740848513779431,0.655423853911664,"ptena/ptenb",2
"GO:0006390","mitochondrial transcription","2/1978","10/18773",0.2,1.89817997977755,0.974968632722536,0.284728588402441,0.740848513779431,0.655423853911664,"tfb2m/mtres1",2
"GO:0006558","L-phenylalanine metabolic process","2/1978","10/18773",0.2,1.89817997977755,0.974968632722536,0.284728588402441,0.740848513779431,0.655423853911664,"gstz1/qdpra",2
"GO:0006559","L-phenylalanine catabolic process","2/1978","10/18773",0.2,1.89817997977755,0.974968632722536,0.284728588402441,0.740848513779431,0.655423853911664,"gstz1/qdpra",2
"GO:0006582","melanin metabolic process","2/1978","10/18773",0.2,1.89817997977755,0.974968632722536,0.284728588402441,0.740848513779431,0.655423853911664,"ddt/qdpra",2
"GO:0007164","establishment of tissue polarity","2/1978","10/18773",0.2,1.89817997977755,0.974968632722536,0.284728588402441,0.740848513779431,0.655423853911664,"intu/stat3",2
"GO:0008090","retrograde axonal transport","2/1978","10/18773",0.2,1.89817997977755,0.974968632722536,0.284728588402441,0.740848513779431,0.655423853911664,"pafah1b1b/pafah1b1a",2
"GO:0008300","isoprenoid catabolic process","2/1978","10/18773",0.2,1.89817997977755,0.974968632722536,0.284728588402441,0.740848513779431,0.655423853911664,"bco1/srd5a3",2
"GO:0009086","methionine biosynthetic process","2/1978","10/18773",0.2,1.89817997977755,0.974968632722536,0.284728588402441,0.740848513779431,0.655423853911664,"mri1/mtrr",2
"GO:0014020","primary neural tube formation","2/1978","10/18773",0.2,1.89817997977755,0.974968632722536,0.284728588402441,0.740848513779431,0.655423853911664,"vaspb/phactr4b",2
"GO:0021592","fourth ventricle development","2/1978","10/18773",0.2,1.89817997977755,0.974968632722536,0.284728588402441,0.740848513779431,0.655423853911664,"foxl2b/foxl2a",2
"GO:0021999","neural plate anterior/posterior regionalization","2/1978","10/18773",0.2,1.89817997977755,0.974968632722536,0.284728588402441,0.740848513779431,0.655423853911664,"sfpq/sbno1",2
"GO:0032328","alanine transport","2/1978","10/18773",0.2,1.89817997977755,0.974968632722536,0.284728588402441,0.740848513779431,0.655423853911664,"slc3a2b/slc36a4",2
"GO:0035020","regulation of Rac protein signal transduction","2/1978","10/18773",0.2,1.89817997977755,0.974968632722536,0.284728588402441,0.740848513779431,0.655423853911664,"robo4/arhgap17b",2
"GO:0038203","TORC2 signaling","2/1978","10/18773",0.2,1.89817997977755,0.974968632722536,0.284728588402441,0.740848513779431,0.655423853911664,"otud5a/rictorb",2
"GO:0042693","muscle cell fate commitment","2/1978","10/18773",0.2,1.89817997977755,0.974968632722536,0.284728588402441,0.740848513779431,0.655423853911664,"prdm1a/smo",2
"GO:0044550","secondary metabolite biosynthetic process","2/1978","10/18773",0.2,1.89817997977755,0.974968632722536,0.284728588402441,0.740848513779431,0.655423853911664,"ddt/qdpra",2
"GO:0050819","negative regulation of coagulation","2/1978","10/18773",0.2,1.89817997977755,0.974968632722536,0.284728588402441,0.740848513779431,0.655423853911664,"sppl2/anxa5b",2
"GO:0060420","regulation of heart growth","2/1978","10/18773",0.2,1.89817997977755,0.974968632722536,0.284728588402441,0.740848513779431,0.655423853911664,"dusp6/larp7",2
"GO:0060839","endothelial cell fate commitment","2/1978","10/18773",0.2,1.89817997977755,0.974968632722536,0.284728588402441,0.740848513779431,0.655423853911664,"tcf7l1b/smo",2
"GO:0061158","3'-UTR-mediated mRNA destabilization","2/1978","10/18773",0.2,1.89817997977755,0.974968632722536,0.284728588402441,0.740848513779431,0.655423853911664,"sb:cb81/zfp36l1b",2
"GO:0071539","protein localization to centrosome","2/1978","10/18773",0.2,1.89817997977755,0.974968632722536,0.284728588402441,0.740848513779431,0.655423853911664,"rab11fip3/cep192",2
"GO:0072178","nephric duct morphogenesis","2/1978","10/18773",0.2,1.89817997977755,0.974968632722536,0.284728588402441,0.740848513779431,0.655423853911664,"trim32/stx16",2
"GO:1900151","regulation of nuclear-transcribed mRNA catabolic process, deadenylation-dependent decay","2/1978","10/18773",0.2,1.89817997977755,0.974968632722536,0.284728588402441,0.740848513779431,0.655423853911664,"sb:cb81/zfp36l1b",2
"GO:1902946","protein localization to early endosome","2/1978","10/18773",0.2,1.89817997977755,0.974968632722536,0.284728588402441,0.740848513779431,0.655423853911664,"nf2b/erbin",2
"GO:1905508","protein localization to microtubule organizing center","2/1978","10/18773",0.2,1.89817997977755,0.974968632722536,0.284728588402441,0.740848513779431,0.655423853911664,"rab11fip3/cep192",2
"GO:2000514","regulation of CD4-positive, alpha-beta T cell activation","2/1978","10/18773",0.2,1.89817997977755,0.974968632722536,0.284728588402441,0.740848513779431,0.655423853911664,"lgals9l3/loxl3b",2
"GO:0009126","purine nucleoside monophosphate metabolic process","5/1978","34/18773",0.147058823529412,1.39572057336585,0.792562089391253,0.285318092898022,0.740848513779431,0.655423853911664,"adka/aprt/gmps/adkb/atic",5
"GO:0009167","purine ribonucleoside monophosphate metabolic process","5/1978","34/18773",0.147058823529412,1.39572057336585,0.792562089391253,0.285318092898022,0.740848513779431,0.655423853911664,"adka/aprt/gmps/adkb/atic",5
"GO:0046856","phosphatidylinositol dephosphorylation","5/1978","34/18773",0.147058823529412,1.39572057336585,0.792562089391253,0.285318092898022,0.740848513779431,0.655423853911664,"tpte/inppl1a/sacm1lb/ptena/ptenb",5
"GO:0051293","establishment of spindle localization","5/1978","34/18773",0.147058823529412,1.39572057336585,0.792562089391253,0.285318092898022,0.740848513779431,0.655423853911664,"diaph2/ndel1b/pafah1b1b/sptlc1/pafah1b1a",5
"GO:0051653","spindle localization","5/1978","34/18773",0.147058823529412,1.39572057336585,0.792562089391253,0.285318092898022,0.740848513779431,0.655423853911664,"diaph2/ndel1b/pafah1b1b/sptlc1/pafah1b1a",5
"GO:0002237","response to molecule of bacterial origin","9/1978","68/18773",0.132352941176471,1.25614851602926,0.726182630044228,0.28587879672254,0.740966935288961,0.655528620649693,"cxcl20/si:dkey-192g7.3/si:dkey-169i5.4/tnip1/otud5a/lta/cd276/traf6/tet1",9
"GO:0030010","establishment of cell polarity","9/1978","68/18773",0.132352941176471,1.25614851602926,0.726182630044228,0.28587879672254,0.740966935288961,0.655528620649693,"myo9ab/ndel1b/sipa1l3/pafah1b1b/frmd4ba/stat3/krit1/sptlc1/pafah1b1a",9
"GO:0042471","ear morphogenesis","13/1978","103/18773",0.12621359223301,1.19788056976253,0.691079511928105,0.287696864861038,0.74377879221962,0.658016252158514,"pi4kb/cep290/ext2/ttc39c/gas8/psmc3/myo6a/eya1/crbn/ttc9c/smo/eya4/smad5",13
"GO:1901701","cellular response to oxygen-containing compound","30/1978","255/18773",0.117647058823529,1.11657645869268,0.643224119335308,0.288066099748166,0.74377879221962,0.658016252158514,"adh8b/sod2/jak1/cxcl20/pdk4/castor2/si:dkey-192g7.3/si:dkey-169i5.4/zgc:123305/tnip1/kank2/lpin2/sesn3/cd276/akr1a1b/entpd1/traf6/chrnb2/irs1/gsk3ab/tet1/prdx1/sod1/sesn1/chrng/tsc2/stat3/nsg2/gnal/irs2a",30
"GO:0061061","muscle structure development","50/1978","437/18773",0.11441647597254,1.08591532023887,0.62364499867621,0.288198311248617,0.74377879221962,0.658016252158514,"mbnl2/fermt2/atoh8/tmod2/ik/cxcl12a/myo18ab/fhl1b/apc/fxr1/mrtfbb/neu1/fbxo22/kirrel3l/postnb/fosl2/mylk5/myo9ab/taf3/orai1b/prdm1a/dyrk3/pdlim1/cemip2/gas8/flot2a/mapk14a/noc3l/tango2/gsk3ab/myl9b/rac1a/mef2d/dab2/pbx2/dpm1/pomk/mapk14b/dnm2b/ppp2r2d/klhl41b/csrp1a/rbx1/lmna/smo/nr2f1a/mtmr12/blzf1/qkia/lamc1",50
"GO:0051216","cartilage development","24/1978","201/18773",0.119402985074627,1.13324177897167,0.651759733985887,0.288648884367343,0.74377879221962,0.658016252158514,"smc5/spns2/sec23a/ext2/furina/acsl4b/prdm1a/unc45a/wls/hcfc1b/fmr1/rgp1/dnmt1/aldh7a1/atg13/nomo/skib/rerea/uba2/ewsr1a/tapt1a/smo/acvr1l/pmm2",24
"GO:0061371","determination of heart left/right asymmetry","26/1978","219/18773",0.118721461187215,1.12677350397754,0.647604992059333,0.288749165243156,0.74377879221962,0.658016252158514,"tmsb4x/atoh8/apex1/cep290/apc/vgll4b/furina/ep300b/atp2a2b/ttc39c/nipblb/mia2/cemip2/gsk3ab/mia3/vdra/dnmt3bb.1/bbs7/skib/fabp3/ttc9c/cldn5a/grk5l/smo/acvr1l/smad5",26
"GO:0031100","animal organ regeneration","4/1978","26/18773",0.153846153846154,1.46013844598273,0.805726630583827,0.291014129934405,0.74377879221962,0.658016252158514,"fhl1b/top2a/thada/cdkal1",4
"GO:0035418","protein localization to synapse","4/1978","26/18773",0.153846153846154,1.46013844598273,0.805726630583827,0.291014129934405,0.74377879221962,0.658016252158514,"stau1/erbin/stx3a/stau2",4
"GO:0061138","morphogenesis of a branching epithelium","4/1978","26/18773",0.153846153846154,1.46013844598273,0.805726630583827,0.291014129934405,0.74377879221962,0.658016252158514,"spns2/sars1/nrarpa/sema3ab",4
"GO:2000060","positive regulation of ubiquitin-dependent protein catabolic process","4/1978","26/18773",0.153846153846154,1.46013844598273,0.805726630583827,0.291014129934405,0.74377879221962,0.658016252158514,"sirt2/fbxo22/gsk3ab/fzr1a",4
"GO:0001934","positive regulation of protein phosphorylation","3/1978","18/18773",0.166666666666667,1.58181664981463,0.847505013295637,0.293426808887476,0.74377879221962,0.658016252158514,"prrc1/brat1/traf2b",3
"GO:0003181","atrioventricular valve morphogenesis","3/1978","18/18773",0.166666666666667,1.58181664981463,0.847505013295637,0.293426808887476,0.74377879221962,0.658016252158514,"tmsb4x/cemip2/krit1",3
"GO:0008608","attachment of spindle microtubules to kinetochore","3/1978","18/18773",0.166666666666667,1.58181664981463,0.847505013295637,0.293426808887476,0.74377879221962,0.658016252158514,"mad1l1/ndc80/aurkb",3
"GO:0010569","regulation of double-strand break repair via homologous recombination","3/1978","18/18773",0.166666666666667,1.58181664981463,0.847505013295637,0.293426808887476,0.74377879221962,0.658016252158514,"actr2a/actr2b/pias4a",3
"GO:0016239","positive regulation of macroautophagy","3/1978","18/18773",0.166666666666667,1.58181664981463,0.847505013295637,0.293426808887476,0.74377879221962,0.658016252158514,"sesn3/scoca/sesn1",3
"GO:0030032","lamellipodium assembly","3/1978","18/18773",0.166666666666667,1.58181664981463,0.847505013295637,0.293426808887476,0.74377879221962,0.658016252158514,"robo4/arhgef7b/twf1a",3
"GO:0030183","B cell differentiation","3/1978","18/18773",0.166666666666667,1.58181664981463,0.847505013295637,0.293426808887476,0.74377879221962,0.658016252158514,"slc39a7/prkdc/dnmt1",3
"GO:0033047","regulation of mitotic sister chromatid segregation","3/1978","18/18773",0.166666666666667,1.58181664981463,0.847505013295637,0.293426808887476,0.74377879221962,0.658016252158514,"mad1l1/ndc80/aurkb",3
"GO:0042327","positive regulation of phosphorylation","3/1978","18/18773",0.166666666666667,1.58181664981463,0.847505013295637,0.293426808887476,0.74377879221962,0.658016252158514,"prrc1/brat1/traf2b",3
"GO:0042541","hemoglobin biosynthetic process","3/1978","18/18773",0.166666666666667,1.58181664981463,0.847505013295637,0.293426808887476,0.74377879221962,0.658016252158514,"snx3/eif1axb/slc11a2",3
"GO:0043270","positive regulation of monoatomic ion transport","3/1978","18/18773",0.166666666666667,1.58181664981463,0.847505013295637,0.293426808887476,0.74377879221962,0.658016252158514,"orai1b/wnk1a/lgals3b",3
"GO:0046033","AMP metabolic process","3/1978","18/18773",0.166666666666667,1.58181664981463,0.847505013295637,0.293426808887476,0.74377879221962,0.658016252158514,"adka/aprt/adkb",3
"GO:0060541","respiratory system development","3/1978","18/18773",0.166666666666667,1.58181664981463,0.847505013295637,0.293426808887476,0.74377879221962,0.658016252158514,"phf14/kif3b/loxl3b",3
"GO:0099175","regulation of postsynapse organization","3/1978","18/18773",0.166666666666667,1.58181664981463,0.847505013295637,0.293426808887476,0.74377879221962,0.658016252158514,"abhd17aa/fmr1/abhd17c",3
"GO:0140719","constitutive heterochromatin formation","3/1978","18/18773",0.166666666666667,1.58181664981463,0.847505013295637,0.293426808887476,0.74377879221962,0.658016252158514,"hat1/dnmt1/atf7ip",3
"GO:1904262","negative regulation of TORC1 signaling","3/1978","18/18773",0.166666666666667,1.58181664981463,0.847505013295637,0.293426808887476,0.74377879221962,0.658016252158514,"castor2/sesn3/sesn1",3
"GO:0002262","myeloid cell homeostasis","17/1978","139/18773",0.122302158273381,1.16075754159059,0.652836041743328,0.29443788211381,0.745684671515346,0.659702371155665,"fam210b/sod2/hmgcs1/adnp2b/ddx46/hif1al/vhl/arhgef12b/snx3/eif1axb/klf9/actr2b/pink1/adnpa/piezo1/ncoa4/clpxa",17
"GO:0031348","negative regulation of defense response","6/1978","43/18773",0.13953488372093,1.32431161379829,0.730644724215817,0.297397262846472,0.751855821800791,0.665161947611479,"fxr1/parp1/tnfaip6/pias4a/foxo3b/metrnla",6
"GO:0035567","non-canonical Wnt signaling pathway","6/1978","43/18773",0.13953488372093,1.32431161379829,0.730644724215817,0.297397262846472,0.751855821800791,0.665161947611479,"rock2a/rnf213a/fzd7a/fzd3a/dvl3a/dvl2",6
"GO:0071396","cellular response to lipid","13/1978","104/18773",0.125,1.18636248736097,0.654023046682658,0.299723896886437,0.757072564830797,0.669777166185854,"cxcl20/si:dkey-192g7.3/si:dkey-169i5.4/tnip1/vhl/cnot9/kank2/nfe2l2a/cd276/traf6/pagr1/tet1/arnt",13
"GO:0035282","segmentation","16/1978","131/18773",0.122137404580153,1.15919388078019,0.6274717506929,0.304032771929434,0.766610240877285,0.67821508605136,"apc/gadd45ba/fxr1/dlc/naa35/prrc1/pum1/mapk14a/dctn2/tcf7l1b/bcl2l10/kif22/ephb4b/supt6h/ctr9/rapgef1a",16
"GO:0060326","cell chemotaxis","16/1978","131/18773",0.122137404580153,1.15919388078019,0.6274717506929,0.304032771929434,0.766610240877285,0.67821508605136,"lta4h/cxcl12a/pik3cg/cxcl20/tnfrsf1a/rhogb/lyn/inppl1a/cul1a/lgals3b/rac1a/rac1b/ddx3xb/p2rx7/ddx3xa/ch25h",16
"GO:0006040","amino sugar metabolic process","5/1978","35/18773",0.142857142857143,1.35584284269825,0.723117800136649,0.306671489908926,0.769889944561937,0.681116618535669,"cmasa/gnpda1/gnpda2/renbp/pgm3",5
"GO:0014003","oligodendrocyte development","5/1978","35/18773",0.142857142857143,1.35584284269825,0.723117800136649,0.306671489908926,0.769889944561937,0.681116618535669,"hmgcs1/gpm6ba/tenm4/olig2/smo",5
"GO:0032386","regulation of intracellular transport","5/1978","35/18773",0.142857142857143,1.35584284269825,0.723117800136649,0.306671489908926,0.769889944561937,0.681116618535669,"cpsf6/oaz1a/rab11fip3/nf2b/sh3tc2",5
"GO:0045494","photoreceptor cell maintenance","5/1978","35/18773",0.142857142857143,1.35584284269825,0.723117800136649,0.306671489908926,0.769889944561937,0.681116618535669,"cep290/dctn2/cluap1/dram2b/pafah1b1b",5
"GO:0046148","pigment biosynthetic process","5/1978","35/18773",0.142857142857143,1.35584284269825,0.723117800136649,0.306671489908926,0.769889944561937,0.681116618535669,"cox15/alad/ddt/snx3/qdpra",5
"GO:0048562","embryonic organ morphogenesis","54/1978","477/18773",0.113207547169811,1.07444149798729,0.565164181753504,0.30716840582869,0.770465129528458,0.68162548092853,"tmsb4x/atoh8/apex1/pi4kb/cacnb2a/spns2/egr1/cep290/apc/sec23a/tfec/ext2/furina/hmgcs1/ep300b/nid2a/prdm1a/ttc39c/sox11a/nipblb/wls/mia2/hcfc1b/cemip2/gas8/rit1/aldh1l1/gsk3ab/psmc3/ponzr1/mia3/vdra/myo6a/eya1/bbs7/skib/rerea/fabp3/pacsin3/crbn/ttc9c/hmgcrb/kdm6a/stat3/grk5l/col27a1b/smo/phactr4b/acvr1l/eya4/loxl3b/pmm2/smad5/lamc1",54
"GO:0060218","hematopoietic stem cell differentiation","11/1978","87/18773",0.126436781609195,1.19999883779041,0.641663503646351,0.307791610427457,0.771355804181004,0.682413454991372,"dlc/fgfr4/ncor2/ddx46/vhl/nelfe/ap2a1/dnmt3bb.1/jag2b/nelfb/fev",11
"GO:0006163","purine nucleotide metabolic process","27/1978","231/18773",0.116883116883117,1.10932596220766,0.573758882831192,0.312967580199804,0.782989088500556,0.692705345844298,"adka/tpi1a/mdh1aa/pgd/hint1/rpe/atp5mc1/aprt/atp5pd/bpgm/gmps/afmid/taldo1/nme2b.2/papss1/dhtkd1/antkmt/gmpr2/adkb/nudt12/atp6v1ba/atp5f1d/g6pd/npr1a/adpgk2/gpd1b/atic",27
"GO:0022407","regulation of cell-cell adhesion","14/1978","114/18773",0.12280701754386,1.16554911038973,0.608434044858137,0.313221475746253,0.782989088500556,0.692705345844298,"podxl/b2m/appb/si:dkey-192g7.3/si:dkey-169i5.4/zeb1b/cd276/lgals9l3/fam49bb/flot2a/nrarpa/acvr1l/loxl3b/cdh5",14
"GO:0003171","atrioventricular valve development","4/1978","27/18773",0.148148148148148,1.40605924427967,0.724595095373491,0.315780929284717,0.782989088500556,0.692705345844298,"tmsb4x/cemip2/pdcd4b/krit1",4
"GO:0010810","regulation of cell-substrate adhesion","4/1978","27/18773",0.148148148148148,1.40605924427967,0.724595095373491,0.315780929284717,0.782989088500556,0.692705345844298,"ap1ar/robo4/lims1/macf1a",4
"GO:0015986","proton motive force-driven ATP synthesis","4/1978","27/18773",0.148148148148148,1.40605924427967,0.724595095373491,0.315780929284717,0.782989088500556,0.692705345844298,"atp5mc1/atp5pd/antkmt/atp5f1d",4
"GO:0030225","macrophage differentiation","4/1978","27/18773",0.148148148148148,1.40605924427967,0.724595095373491,0.315780929284717,0.782989088500556,0.692705345844298,"ncor2/irf2bp2b/nrros/qkia",4
"GO:0046847","filopodium assembly","4/1978","27/18773",0.148148148148148,1.40605924427967,0.724595095373491,0.315780929284717,0.782989088500556,0.692705345844298,"arhgef9b/srgap2/robo4/selenow2a",4
"GO:0051205","protein insertion into membrane","4/1978","27/18773",0.148148148148148,1.40605924427967,0.724595095373491,0.315780929284717,0.782989088500556,0.692705345844298,"emc4/get1/get4/oxa1l",4
"GO:0055088","lipid homeostasis","9/1978","70/18773",0.128571428571429,1.22025855842843,0.633584563797832,0.315802671063104,0.782989088500556,0.692705345844298,"psmd10/stab2/stab1/ormdl1/ormdl2/yy1b/cyp7b1/angptl4/nfkb2",9
"GO:0009124","nucleoside monophosphate biosynthetic process","6/1978","44/18773",0.136363636363636,1.2942136225756,0.67051767916248,0.316565145429912,0.782989088500556,0.692705345844298,"adka/dut/aprt/gmps/adkb/atic",6
"GO:0060119","inner ear receptor cell development","6/1978","44/18773",0.136363636363636,1.2942136225756,0.67051767916248,0.316565145429912,0.782989088500556,0.692705345844298,"pi4kb/myo7aa/dctn2/myo6a/stat3/mif",6
"GO:1903131","mononuclear cell differentiation","12/1978","97/18773",0.123711340206186,1.17413194625416,0.59006628519565,0.322957971568195,0.782989088500556,0.692705345844298,"jak1/fam49a/ncor2/slc39a7/irf2bp2b/ddx46/prkdc/dnmt1/slc39a6/nrros/loxl3b/qkia",12
"GO:0001959","regulation of cytokine-mediated signaling pathway","3/1978","19/18773",0.157894736842105,1.49856314192965,0.746153921008254,0.323578020365456,0.782989088500556,0.692705345844298,"trim32/pias4a/otud4",3
"GO:0010562","positive regulation of phosphorus metabolic process","3/1978","19/18773",0.157894736842105,1.49856314192965,0.746153921008254,0.323578020365456,0.782989088500556,0.692705345844298,"prrc1/brat1/traf2b",3
"GO:0021952","central nervous system projection neuron axonogenesis","3/1978","19/18773",0.157894736842105,1.49856314192965,0.746153921008254,0.323578020365456,0.782989088500556,0.692705345844298,"ppp4ca/kif22/mycbp2",3
"GO:0021986","habenula development","3/1978","19/18773",0.157894736842105,1.49856314192965,0.746153921008254,0.323578020365456,0.782989088500556,0.692705345844298,"wls/smo/mycbp2",3
"GO:0042177","negative regulation of protein catabolic process","3/1978","19/18773",0.157894736842105,1.49856314192965,0.746153921008254,0.323578020365456,0.782989088500556,0.692705345844298,"sirt2/styx/atraid",3
"GO:0042761","very long-chain fatty acid biosynthetic process","3/1978","19/18773",0.157894736842105,1.49856314192965,0.746153921008254,0.323578020365456,0.782989088500556,0.692705345844298,"tecrb/hacd3/elovl8b",3
"GO:0043101","purine-containing compound salvage","3/1978","19/18773",0.157894736842105,1.49856314192965,0.746153921008254,0.323578020365456,0.782989088500556,0.692705345844298,"adka/aprt/adkb",3
"GO:0045292","mRNA cis splicing, via spliceosome","3/1978","19/18773",0.157894736842105,1.49856314192965,0.746153921008254,0.323578020365456,0.782989088500556,0.692705345844298,"sde2/sf3a1/prpf4bb",3
"GO:0045937","positive regulation of phosphate metabolic process","3/1978","19/18773",0.157894736842105,1.49856314192965,0.746153921008254,0.323578020365456,0.782989088500556,0.692705345844298,"prrc1/brat1/traf2b",3
"GO:0060759","regulation of response to cytokine stimulus","3/1978","19/18773",0.157894736842105,1.49856314192965,0.746153921008254,0.323578020365456,0.782989088500556,0.692705345844298,"trim32/pias4a/otud4",3
"GO:1901222","regulation of non-canonical NF-kappaB signal transduction","3/1978","19/18773",0.157894736842105,1.49856314192965,0.746153921008254,0.323578020365456,0.782989088500556,0.692705345844298,"akip1/sash1a/rassf2a",3
"GO:1902742","apoptotic process involved in development","3/1978","19/18773",0.157894736842105,1.49856314192965,0.746153921008254,0.323578020365456,0.782989088500556,0.692705345844298,"smc5/perp/angptl4",3
"GO:0045216","cell-cell junction organization","14/1978","115/18773",0.121739130434783,1.15541390073416,0.573699734712827,0.325021748390397,0.782989088500556,0.692705345844298,"dsc2l/rasip1/lims1/tjp1a/add1/dspb/rock1/marveld2a/dspa/cldn5a/cldn11a/mapk7/tjp2b/cdh5",14
"GO:0060560","developmental growth involved in morphogenesis","20/1978","169/18773",0.118343195266272,1.12318341998672,0.552040393277899,0.325412332011287,0.782989088500556,0.692705345844298,"cxcl12a/appb/ext2/fam53b/eaf2/myo9ab/fus/ap1g1/pigp/pik3ca/mapk14a/ap2a1/tmem59l/tax1bp3/ist1/dvl3a/stat3/cdh5/dvl2/mycbp2",20
"GO:0006000","fructose metabolic process","2/1978","11/18773",0.181818181818182,1.72561816343414,0.82612037666613,0.32549702810103,0.782989088500556,0.692705345844298,"pfkfb4a/fbp1a",2
"GO:0006851","mitochondrial calcium ion transmembrane transport","2/1978","11/18773",0.181818181818182,1.72561816343414,0.82612037666613,0.32549702810103,0.782989088500556,0.692705345844298,"smdt1b/micu2",2
"GO:0007095","mitotic G2 DNA damage checkpoint signaling","2/1978","11/18773",0.181818181818182,1.72561816343414,0.82612037666613,0.32549702810103,0.782989088500556,0.692705345844298,"mre11a/babam2",2
"GO:0007314","oocyte anterior/posterior axis specification","2/1978","11/18773",0.181818181818182,1.72561816343414,0.82612037666613,0.32549702810103,0.782989088500556,0.692705345844298,"pum1/dctn2",2
"GO:0007315","pole plasm assembly","2/1978","11/18773",0.181818181818182,1.72561816343414,0.82612037666613,0.32549702810103,0.782989088500556,0.692705345844298,"pum1/dctn2",2
"GO:0008358","maternal determination of anterior/posterior axis, embryo","2/1978","11/18773",0.181818181818182,1.72561816343414,0.82612037666613,0.32549702810103,0.782989088500556,0.692705345844298,"pum1/dctn2",2
"GO:0015721","bile acid and bile salt transport","2/1978","11/18773",0.181818181818182,1.72561816343414,0.82612037666613,0.32549702810103,0.782989088500556,0.692705345844298,"slco2b1/slco1d1",2
"GO:0016233","telomere capping","2/1978","11/18773",0.181818181818182,1.72561816343414,0.82612037666613,0.32549702810103,0.782989088500556,0.692705345844298,"zgc:113263/terfa",2
"GO:0016556","mRNA modification","2/1978","11/18773",0.181818181818182,1.72561816343414,0.82612037666613,0.32549702810103,0.782989088500556,0.692705345844298,"fmr1/virma",2
"GO:0021535","cell migration in hindbrain","2/1978","11/18773",0.181818181818182,1.72561816343414,0.82612037666613,0.32549702810103,0.782989088500556,0.692705345844298,"dvl2/mcm5",2
"GO:0032367","intracellular cholesterol transport","2/1978","11/18773",0.181818181818182,1.72561816343414,0.82612037666613,0.32549702810103,0.782989088500556,0.692705345844298,"stab2/stab1",2
"GO:0045638","negative regulation of myeloid cell differentiation","2/1978","11/18773",0.181818181818182,1.72561816343414,0.82612037666613,0.32549702810103,0.782989088500556,0.692705345844298,"irf2bp2b/qkia",2
"GO:0045824","negative regulation of innate immune response","2/1978","11/18773",0.181818181818182,1.72561816343414,0.82612037666613,0.32549702810103,0.782989088500556,0.692705345844298,"parp1/pias4a",2
"GO:0045880","positive regulation of smoothened signaling pathway","2/1978","11/18773",0.181818181818182,1.72561816343414,0.82612037666613,0.32549702810103,0.782989088500556,0.692705345844298,"gas8/smo",2
"GO:0051131","chaperone-mediated protein complex assembly","2/1978","11/18773",0.181818181818182,1.72561816343414,0.82612037666613,0.32549702810103,0.782989088500556,0.692705345844298,"ptges3a/ptges3b",2
"GO:0060236","regulation of mitotic spindle organization","2/1978","11/18773",0.181818181818182,1.72561816343414,0.82612037666613,0.32549702810103,0.782989088500556,0.692705345844298,"dync1li2/tpra",2
"GO:0060324","face development","2/1978","11/18773",0.181818181818182,1.72561816343414,0.82612037666613,0.32549702810103,0.782989088500556,0.692705345844298,"phf21ab/kdm6a",2
"GO:0061383","trabecula morphogenesis","2/1978","11/18773",0.181818181818182,1.72561816343414,0.82612037666613,0.32549702810103,0.782989088500556,0.692705345844298,"kdm6ba/rbx1",2
"GO:0061384","heart trabecula morphogenesis","2/1978","11/18773",0.181818181818182,1.72561816343414,0.82612037666613,0.32549702810103,0.782989088500556,0.692705345844298,"kdm6ba/rbx1",2
"GO:0072350","tricarboxylic acid metabolic process","2/1978","11/18773",0.181818181818182,1.72561816343414,0.82612037666613,0.32549702810103,0.782989088500556,0.692705345844298,"aclya/cs",2
"GO:1902222","erythrose 4-phosphate/phosphoenolpyruvate family amino acid catabolic process","2/1978","11/18773",0.181818181818182,1.72561816343414,0.82612037666613,0.32549702810103,0.782989088500556,0.692705345844298,"gstz1/qdpra",2
"GO:2001252","positive regulation of chromosome organization","2/1978","11/18773",0.181818181818182,1.72561816343414,0.82612037666613,0.32549702810103,0.782989088500556,0.692705345844298,"aurkb/atf7ip",2
"GO:0090150","establishment of protein localization to membrane","16/1978","133/18773",0.120300751879699,1.14176239385116,0.563043976937214,0.325869992115814,0.783231384559061,0.69291970358883,"emc4/get1/srp19/erbin/cnstb/get4/timm10/rab3gap2/stx3a/exoc4/zdhhc4/rilpl2/oxa1l/pex3/golga7/blzf1",16
"GO:0060485","mesenchyme development","29/1978","251/18773",0.115537848605578,1.09655815564839,0.528518623054437,0.327583585579674,0.784996896972206,0.694481640919376,"apc/tfec/dlc/nrp2a/furina/hmgcs1/tle3a/pef1/prdm1a/cemip2/aldh1l1/fmr1/nrarpa/dab2/rock1/slc39a6/nomo/dicer1/sema3ab/hmgcrb/snai1a/stat3/smo/phactr4b/acvr1l/nrp2b/ctr9/parp3/plod3",29
"GO:0001523","retinoid metabolic process","5/1978","36/18773",0.138888888888889,1.31818054151219,0.655772576213826,0.328241663906001,0.784996896972206,0.694481640919376,"apc/bco1/tle3a/dhrs3a/kdm1a",5
"GO:0010951","negative regulation of endopeptidase activity","5/1978","36/18773",0.138888888888889,1.31818054151219,0.655772576213826,0.328241663906001,0.784996896972206,0.694481640919376,"bcl2l1/lamtor5/serpinf1/serpinb14/serpine1",5
"GO:0016126","sterol biosynthetic process","5/1978","36/18773",0.138888888888889,1.31818054151219,0.655772576213826,0.328241663906001,0.784996896972206,0.694481640919376,"hmgcs1/faxdc2/hmgcrb/hsd17b7/ch25h",5
"GO:0032434","regulation of proteasomal ubiquitin-dependent protein catabolic process","5/1978","36/18773",0.138888888888889,1.31818054151219,0.655772576213826,0.328241663906001,0.784996896972206,0.694481640919376,"sirt2/fbxo22/styx/gsk3ab/fzr1a",5
"GO:1903034","regulation of response to wounding","5/1978","36/18773",0.138888888888889,1.31818054151219,0.655772576213826,0.328241663906001,0.784996896972206,0.694481640919376,"cxcl12a/socs3a/sfpq/il6st/serpine1",5
"GO:0006753","nucleoside phosphate metabolic process","44/1978","389/18773",0.113110539845758,1.07352081118525,0.50285583908686,0.331182240892338,0.79137151748111,0.700121226156385,"adka/aclya/tpi1a/mdh1aa/pgd/hint1/pdk4/dut/rpe/hmgcs1/atp5mc1/aprt/atp5pd/ctps1a/gmds/entpd1/acsl3b/bpgm/flad1/gmps/afmid/dera/taldo1/acot9.1/nme2b.2/papss1/entpd5b/dhtkd1/hmgcrb/antkmt/gmpr2/pgm3/adkb/nudt12/acsm3/atp6v1ba/atp5f1d/g6pd/pmm2/npr1a/adpgk2/gpd1b/suclg2/atic",44
"GO:0030031","cell projection assembly","48/1978","426/18773",0.112676056338028,1.06939717170566,0.49721297410392,0.332197457758138,0.793138660556153,0.70168460612289,"sirt2/podxl/arhgef9b/pi4kb/appb/srgap2/robo4/cep290/vgll4b/cdc42ep1a/prickle2b/rab11fip3/rpe/mtss1/ttc39c/ptpdc1b/intu/selenow2a/gas8/pam/b9d1/kif3b/rpgrb/cluap1/rac1a/mcm2/rac1b/rab35b/mak/ift52/entr1/dnmt3bb.1/bbs7/usp8/sclt1/fto/arhgef7b/rilpl2/ttc9c/traf3ip1/cplane2/ift27/tapt1a/grk5l/twf1a/poc1b/zgc:154093/alkbh3",48
"GO:0061564","axon development","56/1978","500/18773",0.112,1.06298078867543,0.48985391363349,0.333178930903079,0.794822374965305,0.703174177292175,"ppp4ca/cxcl12a/appb/arhgap35a/robo4/apc/ext2/fam53b/exosc8/plxnb3/lgmn/nrp2a/myo9ab/chn1/pitpnaa/ap4s1/fus/pik3ca/agrn/socs3a/sfpq/sqstm1/ascl1a/gpm6ba/il6st/mapk14a/fzd3a/rac1a/map1sb/ptena/tmem59l/vaspb/efna1a/tenm4/rac1b/rest/olig2/enah/dock7/arnt2/kif22/slbp/rb1/ist1/neo1b/sema3ab/capn1a/stat3/usp33/smo/nrp2b/npr1a/lamc1/mycbp2/rapgef1a/plod3",56
"GO:0140694","non-membrane-bounded organelle assembly","30/1978","261/18773",0.114942528735632,1.09090803435492,0.507544659718838,0.334481514677611,0.797268697371572,0.705338422788527,"tmod2/cxcl12a/lsm14ab/myo18ab/rnf213a/lzts2a/patl1/fxr1/prc1b/orai1b/cep192/tubgcp3/si:ch211-11n16.2/bin2b/tango2/myl9b/mef2d/cenpw/klhl41b/eif6/ewsr1a/csrp1a/tubgcp5/spice1/smo/aurkb/lsm4/poc1b/qkia/tpra",30
"GO:0000381","regulation of alternative mRNA splicing, via spliceosome","6/1978","45/18773",0.133333333333333,1.2654533198517,0.611824874803666,0.335913493421482,0.798696793862483,0.706601850450756,"khdrbs1b/srsf2b/rest/nsrp1/celf1/arglu1a",6
"GO:0006109","regulation of carbohydrate metabolic process","6/1978","45/18773",0.133333333333333,1.2654533198517,0.611824874803666,0.335913493421482,0.798696793862483,0.706601850450756,"arpp19a/pdk4/akr1a1b/gnmt/ppp1r3b/ppp1r3da",6
"GO:0006885","regulation of pH","6/1978","45/18773",0.133333333333333,1.2654533198517,0.611824874803666,0.335913493421482,0.798696793862483,0.706601850450756,"slc9a7/cxcl12a/slc9a8/atp6v0a2b/tcirg1b/atp6v1ba",6
"GO:0002761","regulation of myeloid leukocyte differentiation","4/1978","28/18773",0.142857142857143,1.35584284269825,0.646655447696616,0.340709572917565,0.806438044718876,0.713450484653328,"irf2bp2b/nelfe/nelfb/qkia",4
"GO:0032401","establishment of melanosome localization","4/1978","28/18773",0.142857142857143,1.35584284269825,0.646655447696616,0.340709572917565,0.806438044718876,0.713450484653328,"prickle2b/trim32/bbs7/ift27",4
"GO:0032402","melanosome transport","4/1978","28/18773",0.142857142857143,1.35584284269825,0.646655447696616,0.340709572917565,0.806438044718876,0.713450484653328,"prickle2b/trim32/bbs7/ift27",4
"GO:0042558","pteridine-containing compound metabolic process","4/1978","28/18773",0.142857142857143,1.35584284269825,0.646655447696616,0.340709572917565,0.806438044718876,0.713450484653328,"aldh1l1/qdpra/shmt1/mycbp2",4
"GO:0051904","pigment granule transport","4/1978","28/18773",0.142857142857143,1.35584284269825,0.646655447696616,0.340709572917565,0.806438044718876,0.713450484653328,"prickle2b/trim32/bbs7/ift27",4
"GO:0043242","negative regulation of protein-containing complex disassembly","7/1978","54/18773",0.12962962962963,1.23030183874471,0.581609344415648,0.340881401143231,0.806438044718876,0.713450484653328,"tmod2/sptan1/apc/add1/svila/capza1a/twf1a",7
"GO:0051094","positive regulation of developmental process","31/1978","271/18773",0.114391143911439,1.08567489618273,0.487536692027302,0.341131421766727,0.806438044718876,0.713450484653328,"cxcl12a/tfec/fxr1/plxnb3/stab2/ddx46/stab1/prdm1a/nelfe/ascl1a/il6st/mapk14a/fmr1/add1/dab2/tenm4/rest/mapk14b/olig2/pink1/kdr/sirt1/gdpd5a/metrnla/serpinf1/atraid/atp6v1h/stat3/nudt21/nelfb/wdfy2",31
"GO:0009611","response to wounding","20/1978","171/18773",0.116959064327485,1.11004677179974,0.496105400409852,0.345064250037254,0.80929886868039,0.715981436975352,"f13a1b/cxcl12a/lgmn/lyn/bambia/socs3a/sfpq/rhoac/ascl1a/il6st/prkcaa/ptena/macf1a/lrrc32/dspa/serpine1/evpla/pla2g4aa/sigmar1/mycbp2",20
"GO:0030155","regulation of cell adhesion","20/1978","171/18773",0.116959064327485,1.11004677179974,0.496105400409852,0.345064250037254,0.80929886868039,0.715981436975352,"podxl/b2m/ap1ar/appb/robo4/plxnb3/si:dkey-192g7.3/si:dkey-169i5.4/zeb1b/lims1/cd276/lgals9l3/fam49bb/flot2a/nrarpa/macf1a/acvr1l/loxl3b/cdh5/lmo7a",20
"GO:0051261","protein depolymerization","10/1978","81/18773",0.123456790123457,1.17171603689972,0.531500762920159,0.347731689160446,0.80929886868039,0.715981436975352,"tmod2/sptan1/apc/add1/map1sb/mical3b/svila/sh3gl1b/capza1a/twf1a",10
"GO:0009755","hormone-mediated signaling pathway","11/1978","90/18773",0.122222222222222,1.15999887653073,0.522147608590411,0.34856246498158,0.80929886868039,0.715981436975352,"apc/rxrbb/tgif1/vhl/rarga/cnot9/kank2/dhrs3a/adipor2/pagr1/arnt",11
"GO:0030218","erythrocyte differentiation","15/1978","126/18773",0.119047619047619,1.12986903558188,0.501955034994797,0.348576752411561,0.80929886868039,0.715981436975352,"fam210b/hmgcs1/adnp2b/ddx46/hif1al/vhl/arhgef12b/snx3/eif1axb/klf9/actr2b/pink1/adnpa/ncoa4/clpxa",15
"GO:0006518","peptide metabolic process","5/1978","37/18773",0.135135135135135,1.28255404039024,0.590394573866003,0.349952860815743,0.80929886868039,0.715981436975352,"lta4h/pam/lancl2/thop1/gclc",5
"GO:0009116","nucleoside metabolic process","5/1978","37/18773",0.135135135135135,1.28255404039024,0.590394573866003,0.349952860815743,0.80929886868039,0.715981436975352,"adka/aprt/dctd/gnmt/adkb",5
"GO:0016101","diterpenoid metabolic process","5/1978","37/18773",0.135135135135135,1.28255404039024,0.590394573866003,0.349952860815743,0.80929886868039,0.715981436975352,"apc/bco1/tle3a/dhrs3a/kdm1a",5
"GO:0031334","positive regulation of protein-containing complex assembly","5/1978","37/18773",0.135135135135135,1.28255404039024,0.590394573866003,0.349952860815743,0.80929886868039,0.715981436975352,"cdc42ep1a/psmc6/vaspb/zgc:66447/zgc:154093",5
"GO:0048262","determination of dorsal/ventral asymmetry","5/1978","37/18773",0.135135135135135,1.28255404039024,0.590394573866003,0.349952860815743,0.80929886868039,0.715981436975352,"ppp4ca/tll1/aida/acvr1l/smad5",5
"GO:0048384","retinoic acid receptor signaling pathway","5/1978","37/18773",0.135135135135135,1.28255404039024,0.590394573866003,0.349952860815743,0.80929886868039,0.715981436975352,"apc/rxrbb/tgif1/rarga/dhrs3a",5
"GO:0001738","morphogenesis of a polarized epithelium","3/1978","20/18773",0.15,1.42363498483316,0.650503820189637,0.353727624121803,0.80929886868039,0.715981436975352,"myo9ab/intu/stat3",3
"GO:0006536","glutamate metabolic process","3/1978","20/18773",0.15,1.42363498483316,0.650503820189637,0.353727624121803,0.80929886868039,0.715981436975352,"dglucy/aldh4a1/gclc",3
"GO:0009081","branched-chain amino acid metabolic process","3/1978","20/18773",0.15,1.42363498483316,0.650503820189637,0.353727624121803,0.80929886868039,0.715981436975352,"hibch/aldh6a1/bcat2",3
"GO:0018279","protein N-linked glycosylation via asparagine","3/1978","20/18773",0.15,1.42363498483316,0.650503820189637,0.353727624121803,0.80929886868039,0.715981436975352,"dpm1/uggt2/srd5a3",3
"GO:0033077","T cell differentiation in thymus","3/1978","20/18773",0.15,1.42363498483316,0.650503820189637,0.353727624121803,0.80929886868039,0.715981436975352,"jak1/dnmt1/slc39a6",3
"GO:0034472","snRNA 3'-end processing","3/1978","20/18773",0.15,1.42363498483316,0.650503820189637,0.353727624121803,0.80929886868039,0.715981436975352,"exosc8/exosc6/exosc5",3
"GO:0042744","hydrogen peroxide catabolic process","3/1978","20/18773",0.15,1.42363498483316,0.650503820189637,0.353727624121803,0.80929886868039,0.715981436975352,"prdx3/prdx1/gpx1b",3
"GO:0045022","early endosome to late endosome transport","3/1978","20/18773",0.15,1.42363498483316,0.650503820189637,0.353727624121803,0.80929886868039,0.715981436975352,"nf2b/becn1/wdr91",3
"GO:0046470","phosphatidylcholine metabolic process","3/1978","20/18773",0.15,1.42363498483316,0.650503820189637,0.353727624121803,0.80929886868039,0.715981436975352,"lpcat3/chka/mboat7",3
"GO:0060841","venous blood vessel development","3/1978","20/18773",0.15,1.42363498483316,0.650503820189637,0.353727624121803,0.80929886868039,0.715981436975352,"spry2/ephb4a/mios",3
"GO:0070050","neuron cellular homeostasis","3/1978","20/18773",0.15,1.42363498483316,0.650503820189637,0.353727624121803,0.80929886868039,0.715981436975352,"ccnd1/nipblb/sod1",3
"GO:0070306","lens fiber cell differentiation","3/1978","20/18773",0.15,1.42363498483316,0.650503820189637,0.353727624121803,0.80929886868039,0.715981436975352,"psmd6/ptk2ab/celf1",3
"GO:0098927","vesicle-mediated transport between endosomal compartments","3/1978","20/18773",0.15,1.42363498483316,0.650503820189637,0.353727624121803,0.80929886868039,0.715981436975352,"nf2b/becn1/wdr91",3
"GO:1901071","glucosamine-containing compound metabolic process","3/1978","20/18773",0.15,1.42363498483316,0.650503820189637,0.353727624121803,0.80929886868039,0.715981436975352,"gnpda1/gnpda2/renbp",3
"GO:1990798","pancreas regeneration","3/1978","20/18773",0.15,1.42363498483316,0.650503820189637,0.353727624121803,0.80929886868039,0.715981436975352,"fhl1b/thada/cdkal1",3
"GO:0098657","import into cell","50/1978","448/18773",0.111607142857143,1.05925222085801,0.435612226350591,0.353957507321528,0.80929886868039,0.715981436975352,"ap1b1/slc9a7/slc3a2b/mrc1a/si:ch211-11k18.4/sh3bp4a/rab7a/tpte/tyro3/myo7aa/hip1/slc27a1a/slc12a4/clta/csnk1g2a/stab2/snx5/stab1/eps15/epn3a/trip10a/sncb/wnk1a/lgals3b/ap2a1/bin2b/lrrc8ab/csnk1g2b/rab5aa/clint1a/dab2/pip5k1ab/myo6a/rab5ab/pla2r1/slc39a6/sh3gl1b/pacsin3/dnm2b/rab14/atp1b3a/p2rx7/ly75/scarb1/usp33/si:dkey-258f14.3/myo1cb/ap2m1a/zgc:100918/anxa11b",50
"GO:0001895","retina homeostasis","6/1978","46/18773",0.130434782608696,1.23794346507232,0.554494195990255,0.355388399114301,0.80929886868039,0.715981436975352,"cep290/dctn2/cluap1/dram2b/pafah1b1b/poc1b",6
"GO:0072527","pyrimidine-containing compound metabolic process","6/1978","46/18773",0.130434782608696,1.23794346507232,0.554494195990255,0.355388399114301,0.80929886868039,0.715981436975352,"dut/dctd/ctps1a/aldh6a1/nme2b.2/tpk1",6
"GO:0007029","endoplasmic reticulum organization","7/1978","55/18773",0.127272727272727,1.2079327144039,0.529971918779593,0.358685670107206,0.80929886868039,0.715981436975352,"emc4/get1/reep3a/cdipt/jagn1b/get4/rtn1b",7
"GO:0032868","response to insulin","7/1978","55/18773",0.127272727272727,1.2079327144039,0.529971918779593,0.358685670107206,0.80929886868039,0.715981436975352,"pdk4/zgc:123305/lpin2/irs1/gsk3ab/tsc2/irs2a",7
"GO:0022408","negative regulation of cell-cell adhesion","8/1978","64/18773",0.125,1.18636248736097,0.512509134309844,0.360662937323643,0.80929886868039,0.715981436975352,"podxl/si:dkey-192g7.3/si:dkey-169i5.4/cd276/lgals9l3/acvr1l/loxl3b/cdh5",8
"GO:0006090","pyruvate metabolic process","9/1978","73/18773",0.123287671232877,1.17011094643822,0.499748270661721,0.361770807067251,0.80929886868039,0.715981436975352,"tpi1a/pdk4/me2/bpgm/mpc1/pcxa/dhtkd1/me3/adpgk2",9
"GO:0031503","protein-containing complex localization","12/1978","100/18773",0.12,1.13890798786653,0.477967738748091,0.362120810205471,0.80929886868039,0.715981436975352,"erbin/tnfaip2b/stx3a/mak/lmnb1/ift52/npm1b/traf3ip1/eif6/ift27/lmna/exoc3l1",12
"GO:0048741","skeletal muscle fiber development","10/1978","82/18773",0.121951219512195,1.15742681693753,0.490284071702528,0.362278584069507,0.80929886868039,0.715981436975352,"ik/myo18ab/neu1/fbxo22/myo9ab/tango2/pbx2/klhl41b/smo/mtmr12",10
"GO:0009410","response to xenobiotic stimulus","11/1978","91/18773",0.120879120879121,1.14725163612929,0.483222951410146,0.362357303526293,0.80929886868039,0.715981436975352,"hmox1a/ufd1l/hipk3a/cyp2v1/ahr2/cyb5a/nfe2l2a/sult1st1/arnt/cyp1a/sod1",11
"GO:0000054","ribosomal subunit export from nucleus","2/1978","12/18773",0.166666666666667,1.58181664981463,0.691874284151484,0.365619239574145,0.80929886868039,0.715981436975352,"npm1b/eif6",2
"GO:0000076","DNA replication checkpoint signaling","2/1978","12/18773",0.166666666666667,1.58181664981463,0.691874284151484,0.365619239574145,0.80929886868039,0.715981436975352,"rad9a/timeless",2
"GO:0001952","regulation of cell-matrix adhesion","2/1978","12/18773",0.166666666666667,1.58181664981463,0.691874284151484,0.365619239574145,0.80929886868039,0.715981436975352,"robo4/macf1a",2
"GO:0006206","pyrimidine nucleobase metabolic process","2/1978","12/18773",0.166666666666667,1.58181664981463,0.691874284151484,0.365619239574145,0.80929886868039,0.715981436975352,"ctps1a/aldh6a1",2
"GO:0006312","mitotic recombination","2/1978","12/18773",0.166666666666667,1.58181664981463,0.691874284151484,0.365619239574145,0.80929886868039,0.715981436975352,"terfa/rad51",2
"GO:0006488","dolichol-linked oligosaccharide biosynthetic process","2/1978","12/18773",0.166666666666667,1.58181664981463,0.691874284151484,0.365619239574145,0.80929886868039,0.715981436975352,"dpm1/srd5a3",2
"GO:0006555","methionine metabolic process","2/1978","12/18773",0.166666666666667,1.58181664981463,0.691874284151484,0.365619239574145,0.80929886868039,0.715981436975352,"mri1/mtrr",2
"GO:0007028","cytoplasm organization","2/1978","12/18773",0.166666666666667,1.58181664981463,0.691874284151484,0.365619239574145,0.80929886868039,0.715981436975352,"pum1/dctn2",2
"GO:0009437","carnitine metabolic process","2/1978","12/18773",0.166666666666667,1.58181664981463,0.691874284151484,0.365619239574145,0.80929886868039,0.715981436975352,"acadl/cpt1ab",2
"GO:0010002","cardioblast differentiation","2/1978","12/18773",0.166666666666667,1.58181664981463,0.691874284151484,0.365619239574145,0.80929886868039,0.715981436975352,"fosl2/smo",2
"GO:0015780","nucleotide-sugar transmembrane transport","2/1978","12/18773",0.166666666666667,1.58181664981463,0.691874284151484,0.365619239574145,0.80929886868039,0.715981436975352,"slc35c1/slc35a3a",2
"GO:0016203","muscle attachment","2/1978","12/18773",0.166666666666667,1.58181664981463,0.691874284151484,0.365619239574145,0.80929886868039,0.715981436975352,"postnb/cemip2",2
"GO:0016447","somatic recombination of immunoglobulin gene segments","2/1978","12/18773",0.166666666666667,1.58181664981463,0.691874284151484,0.365619239574145,0.80929886868039,0.715981436975352,"rnf168/prkdc",2
"GO:0019692","deoxyribose phosphate metabolic process","2/1978","12/18773",0.166666666666667,1.58181664981463,0.691874284151484,0.365619239574145,0.80929886868039,0.715981436975352,"dut/dera",2
"GO:0021520","spinal cord motor neuron cell fate specification","2/1978","12/18773",0.166666666666667,1.58181664981463,0.691874284151484,0.365619239574145,0.80929886868039,0.715981436975352,"olig2/smo",2
"GO:0021654","rhombomere boundary formation","2/1978","12/18773",0.166666666666667,1.58181664981463,0.691874284151484,0.365619239574145,0.80929886868039,0.715981436975352,"sfpq/mafba",2
"GO:0032475","otolith formation","2/1978","12/18773",0.166666666666667,1.58181664981463,0.691874284151484,0.365619239574145,0.80929886868039,0.715981436975352,"cep290/gas8",2
"GO:0032479","regulation of type I interferon production","2/1978","12/18773",0.166666666666667,1.58181664981463,0.691874284151484,0.365619239574145,0.80929886868039,0.715981436975352,"zbtb16a/pias4a",2
"GO:0032606","type I interferon production","2/1978","12/18773",0.166666666666667,1.58181664981463,0.691874284151484,0.365619239574145,0.80929886868039,0.715981436975352,"zbtb16a/pias4a",2
"GO:0033674","positive regulation of kinase activity","2/1978","12/18773",0.166666666666667,1.58181664981463,0.691874284151484,0.365619239574145,0.80929886868039,0.715981436975352,"prrc1/traf2b",2
"GO:0033750","ribosome localization","2/1978","12/18773",0.166666666666667,1.58181664981463,0.691874284151484,0.365619239574145,0.80929886868039,0.715981436975352,"npm1b/eif6",2
"GO:0035710","CD4-positive, alpha-beta T cell activation","2/1978","12/18773",0.166666666666667,1.58181664981463,0.691874284151484,0.365619239574145,0.80929886868039,0.715981436975352,"lgals9l3/loxl3b",2
"GO:0035794","positive regulation of mitochondrial membrane permeability","2/1978","12/18773",0.166666666666667,1.58181664981463,0.691874284151484,0.365619239574145,0.80929886868039,0.715981436975352,"bnip4/rhot1a",2
"GO:0042745","circadian sleep/wake cycle","2/1978","12/18773",0.166666666666667,1.58181664981463,0.691874284151484,0.365619239574145,0.80929886868039,0.715981436975352,"parp1/fbxl3a",2
"GO:0043252","sodium-independent organic anion transport","2/1978","12/18773",0.166666666666667,1.58181664981463,0.691874284151484,0.365619239574145,0.80929886868039,0.715981436975352,"slco2b1/slco1d1",2
"GO:0045860","positive regulation of protein kinase activity","2/1978","12/18773",0.166666666666667,1.58181664981463,0.691874284151484,0.365619239574145,0.80929886868039,0.715981436975352,"prrc1/traf2b",2
"GO:0048385","regulation of retinoic acid receptor signaling pathway","2/1978","12/18773",0.166666666666667,1.58181664981463,0.691874284151484,0.365619239574145,0.80929886868039,0.715981436975352,"tgif1/dhrs3a",2
"GO:0048799","animal organ maturation","2/1978","12/18773",0.166666666666667,1.58181664981463,0.691874284151484,0.365619239574145,0.80929886868039,0.715981436975352,"sin3b/arnt2",2
"GO:0050908","detection of light stimulus involved in visual perception","2/1978","12/18773",0.166666666666667,1.58181664981463,0.691874284151484,0.365619239574145,0.80929886868039,0.715981436975352,"lamc1/dhdds",2
"GO:0050962","detection of light stimulus involved in sensory perception","2/1978","12/18773",0.166666666666667,1.58181664981463,0.691874284151484,0.365619239574145,0.80929886868039,0.715981436975352,"lamc1/dhdds",2
"GO:0050994","regulation of lipid catabolic process","2/1978","12/18773",0.166666666666667,1.58181664981463,0.691874284151484,0.365619239574145,0.80929886868039,0.715981436975352,"cpt1ab/etfa",2
"GO:0051057","positive regulation of small GTPase mediated signal transduction","2/1978","12/18773",0.166666666666667,1.58181664981463,0.691874284151484,0.365619239574145,0.80929886868039,0.715981436975352,"robo4/net1",2
"GO:0060035","notochord cell development","2/1978","12/18773",0.166666666666667,1.58181664981463,0.691874284151484,0.365619239574145,0.80929886868039,0.715981436975352,"atp6v1e1b/atp6v0ca",2
"GO:0071679","commissural neuron axon guidance","2/1978","12/18773",0.166666666666667,1.58181664981463,0.691874284151484,0.365619239574145,0.80929886868039,0.715981436975352,"fzd3a/smo",2
"GO:0071816","tail-anchored membrane protein insertion into ER membrane","2/1978","12/18773",0.166666666666667,1.58181664981463,0.691874284151484,0.365619239574145,0.80929886868039,0.715981436975352,"emc4/get1",2
"GO:0072344","rescue of stalled ribosome","2/1978","12/18773",0.166666666666667,1.58181664981463,0.691874284151484,0.365619239574145,0.80929886868039,0.715981436975352,"rnf25/pelo",2
"GO:0090224","regulation of spindle organization","2/1978","12/18773",0.166666666666667,1.58181664981463,0.691874284151484,0.365619239574145,0.80929886868039,0.715981436975352,"dync1li2/tpra",2
"GO:0097345","mitochondrial outer membrane permeabilization","2/1978","12/18773",0.166666666666667,1.58181664981463,0.691874284151484,0.365619239574145,0.80929886868039,0.715981436975352,"bnip4/rhot1a",2
"GO:1901207","regulation of heart looping","2/1978","12/18773",0.166666666666667,1.58181664981463,0.691874284151484,0.365619239574145,0.80929886868039,0.715981436975352,"mia2/mia3",2
"GO:1902110","positive regulation of mitochondrial membrane permeability involved in apoptotic process","2/1978","12/18773",0.166666666666667,1.58181664981463,0.691874284151484,0.365619239574145,0.80929886868039,0.715981436975352,"bnip4/rhot1a",2
"GO:1902686","mitochondrial outer membrane permeabilization involved in programmed cell death","2/1978","12/18773",0.166666666666667,1.58181664981463,0.691874284151484,0.365619239574145,0.80929886868039,0.715981436975352,"bnip4/rhot1a",2
"GO:1903828","negative regulation of protein localization","2/1978","12/18773",0.166666666666667,1.58181664981463,0.691874284151484,0.365619239574145,0.80929886868039,0.715981436975352,"lztfl1/tax1bp3",2
"GO:1905710","positive regulation of membrane permeability","2/1978","12/18773",0.166666666666667,1.58181664981463,0.691874284151484,0.365619239574145,0.80929886868039,0.715981436975352,"bnip4/rhot1a",2
"GO:2001057","reactive nitrogen species metabolic process","2/1978","12/18773",0.166666666666667,1.58181664981463,0.691874284151484,0.365619239574145,0.80929886868039,0.715981436975352,"slc7a6/marc1",2
"GO:0051058","negative regulation of small GTPase mediated signal transduction","4/1978","29/18773",0.137931034482759,1.3090896412259,0.571650679302381,0.365689443616443,0.80929886868039,0.715981436975352,"rasip1/spry2/arhgap17b/tnfaip1",4
"GO:0060059","embryonic retina morphogenesis in camera-type eye","4/1978","29/18773",0.137931034482759,1.3090896412259,0.571650679302381,0.365689443616443,0.80929886868039,0.715981436975352,"atp6v0e1/egr1/pbx2/atp6v0ca",4
"GO:2000779","regulation of double-strand break repair","4/1978","29/18773",0.137931034482759,1.3090896412259,0.571650679302381,0.365689443616443,0.80929886868039,0.715981436975352,"smek1/actr2a/actr2b/pias4a",4
"GO:0016049","cell growth","16/1978","137/18773",0.116788321167883,1.10842626556353,0.437116142402581,0.370581533068046,0.818266095973343,0.723914684544772,"cxcl12a/appb/sh3bp4a/ext2/fam53b/lamtor2/myo9ab/fus/pik3ca/mapk14a/tmem59l/cgrrf1/ist1/ewsr1a/cdh5/mycbp2",16
"GO:0060047","heart contraction","22/1978","192/18773",0.114583333333333,1.08749894674756,0.418212789817398,0.371592234095169,0.818266095973343,0.723914684544772,"apex1/ik/dsc2l/scn4bb/ccm2l/erp44/atp2a2b/lims1/crip2/sra1/tango2/dspb/tnni4b.2/bicd2/tnni2b.1/dspa/ankhd1/krit1/adma/lmna/mios/junba",22
"GO:0055086","nucleobase-containing small molecule metabolic process","47/1978","423/18773",0.111111111111111,1.05454443320975,0.389386593626296,0.371680529779224,0.818266095973343,0.723914684544772,"adka/aclya/tpi1a/mdh1aa/pgd/hint1/pdk4/dut/rpe/hmgcs1/atp5mc1/aprt/atp5pd/dctd/ctps1a/gmds/entpd1/acsl3b/gnmt/bpgm/flad1/gmps/afmid/aldh6a1/dera/taldo1/acot9.1/nme2b.2/papss1/entpd5b/dhtkd1/hmgcrb/antkmt/gmpr2/pgm3/adkb/nudt12/acsm3/atp6v1ba/atp5f1d/g6pd/pmm2/npr1a/adpgk2/gpd1b/suclg2/atic",47
"GO:0003146","heart jogging","5/1978","38/18773",0.131578947368421,1.24880261827471,0.526863737345476,0.37173228621382,0.818266095973343,0.723914684544772,"apc/furina/nipblb/vdra/acvr1l",5
"GO:0061035","regulation of cartilage development","5/1978","38/18773",0.131578947368421,1.24880261827471,0.526863737345476,0.37173228621382,0.818266095973343,0.723914684544772,"spns2/rgp1/atg13/uba2/ewsr1a",5
"GO:0062197","cellular response to chemical stress","5/1978","38/18773",0.131578947368421,1.24880261827471,0.526863737345476,0.37173228621382,0.818266095973343,0.723914684544772,"sirt2/sod2/nfe2l2a/prdx1/sod1",5
"GO:0070972","protein localization to endoplasmic reticulum","5/1978","38/18773",0.131578947368421,1.24880261827471,0.526863737345476,0.37173228621382,0.818266095973343,0.723914684544772,"kdelr2a/srp19/spcs3/rab3gap2/kdelr3",5
"GO:0001756","somitogenesis","13/1978","110/18773",0.118181818181818,1.12165180623219,0.43913958628026,0.374292544639525,0.823271904379139,0.728343290631234,"apc/gadd45ba/fxr1/dlc/naa35/prrc1/mapk14a/bcl2l10/kif22/ephb4b/supt6h/ctr9/rapgef1a",13
"GO:0031570","DNA integrity checkpoint signaling","6/1978","47/18773",0.127659574468085,1.2116042424112,0.49845872501875,0.374937444726838,0.824060373169682,0.729040843833779,"mre11a/ccnd1/rad9a/fancd2/timeless/babam2",6
"GO:0120031","plasma membrane bounded cell projection assembly","45/1978","405/18773",0.111111111111111,1.05454443320975,0.38082497458021,0.375363662756239,0.824367372328015,0.729312443989222,"sirt2/podxl/arhgef9b/pi4kb/appb/srgap2/robo4/cep290/vgll4b/cdc42ep1a/prickle2b/rab11fip3/rpe/ttc39c/ptpdc1b/intu/selenow2a/gas8/pam/b9d1/kif3b/rpgrb/cluap1/mcm2/rab35b/mak/ift52/entr1/dnmt3bb.1/bbs7/usp8/sclt1/fto/arhgef7b/rilpl2/ttc9c/traf3ip1/cplane2/ift27/tapt1a/grk5l/twf1a/poc1b/zgc:154093/alkbh3",45
"GO:0043123","positive regulation of canonical NF-kappaB signal transduction","7/1978","56/18773",0.125,1.18636248736097,0.479305931984236,0.376565703817727,0.82604742812819,0.730798778410978,"tab2/tnfsf10/map3k7/lta/traf2b/akap13/tnfsf10l4",7
"GO:0014904","myotube cell development","10/1978","83/18773",0.120481927710843,1.14348191552865,0.449583096116096,0.376898435050652,0.82604742812819,0.730798778410978,"ik/myo18ab/neu1/fbxo22/myo9ab/tango2/pbx2/klhl41b/smo/mtmr12",10
"GO:0009880","embryonic pattern specification","9/1978","74/18773",0.121621621621622,1.15429863635121,0.456401611590032,0.377277136100258,0.82604742812819,0.730798778410978,"dlc/prrc1/pum1/prdm1a/dctn2/mafba/tcf7l1b/smo/smad5",9
"GO:0071375","cellular response to peptide hormone stimulus","9/1978","74/18773",0.121621621621622,1.15429863635121,0.456401611590032,0.377277136100258,0.82604742812819,0.730798778410978,"jak1/pdk4/zgc:123305/lpin2/irs1/gsk3ab/tsc2/stat3/irs2a",9
"GO:0048762","mesenchymal cell differentiation","22/1978","193/18773",0.113989637305699,1.08186423717892,0.392309144458552,0.381162520534614,0.831251800749701,0.735403052965544,"tfec/nrp2a/hmgcs1/pef1/prdm1a/aldh1l1/fmr1/nrarpa/dab2/rock1/slc39a6/dicer1/sema3ab/hmgcrb/snai1a/stat3/smo/phactr4b/nrp2b/ctr9/parp3/plod3",22
"GO:0006470","protein dephosphorylation","16/1978","138/18773",0.115942028985507,1.10039419117539,0.406220505398494,0.381917645447804,0.831251800749701,0.735403052965544,"acp1/styx/dusp7/dusp22b/dusp6/ppm1g/ptpdc1b/cdc25b/ppm1bb/ptprb/si:ch211-121a2.2/ptpn4a/ptena/ptenb/ppp2r5eb/pdp2",16
"GO:0043065","positive regulation of apoptotic process","16/1978","138/18773",0.115942028985507,1.10039419117539,0.406220505398494,0.381917645447804,0.831251800749701,0.735403052965544,"sirt2/bnip4/tnfsf10/zgc:110239/dusp6/lta/stk17al/nck1a/gsk3ab/bcl2l1/lats2/bcl2l10/baxb/bbc3/ctsh/tnfsf10l4",16
"GO:0043068","positive regulation of programmed cell death","16/1978","138/18773",0.115942028985507,1.10039419117539,0.406220505398494,0.381917645447804,0.831251800749701,0.735403052965544,"sirt2/bnip4/tnfsf10/zgc:110239/dusp6/lta/stk17al/nck1a/gsk3ab/bcl2l1/lats2/bcl2l10/baxb/bbc3/ctsh/tnfsf10l4",16
"GO:0000466","maturation of 5.8S rRNA from tricistronic rRNA transcript (SSU-rRNA, 5.8S rRNA, LSU-rRNA)","3/1978","21/18773",0.142857142857143,1.35584284269825,0.559915509518663,0.383699128048524,0.831251800749701,0.735403052965544,"exosc8/eri1/nol9",3
"GO:0007032","endosome organization","3/1978","21/18773",0.142857142857143,1.35584284269825,0.559915509518663,0.383699128048524,0.831251800749701,0.735403052965544,"sqstm1/usp8/ist1",3
"GO:0010965","regulation of mitotic sister chromatid separation","3/1978","21/18773",0.142857142857143,1.35584284269825,0.559915509518663,0.383699128048524,0.831251800749701,0.735403052965544,"anapc11/mad1l1/ndc80",3
"GO:0031294","lymphocyte costimulation","3/1978","21/18773",0.142857142857143,1.35584284269825,0.559915509518663,0.383699128048524,0.831251800749701,0.735403052965544,"si:dkey-192g7.3/si:dkey-169i5.4/cd276",3
"GO:0031295","T cell costimulation","3/1978","21/18773",0.142857142857143,1.35584284269825,0.559915509518663,0.383699128048524,0.831251800749701,0.735403052965544,"si:dkey-192g7.3/si:dkey-169i5.4/cd276",3
"GO:0043173","nucleotide salvage","3/1978","21/18773",0.142857142857143,1.35584284269825,0.559915509518663,0.383699128048524,0.831251800749701,0.735403052965544,"adka/aprt/adkb",3
"GO:0045619","regulation of lymphocyte differentiation","3/1978","21/18773",0.142857142857143,1.35584284269825,0.559915509518663,0.383699128048524,0.831251800749701,0.735403052965544,"fam49a/ddx46/loxl3b",3
"GO:0046545","development of primary female sexual characteristics","3/1978","21/18773",0.142857142857143,1.35584284269825,0.559915509518663,0.383699128048524,0.831251800749701,0.735403052965544,"lhfpl2a/ahr2/pla2g4aa",3
"GO:0071248","cellular response to metal ion","3/1978","21/18773",0.142857142857143,1.35584284269825,0.559915509518663,0.383699128048524,0.831251800749701,0.735403052965544,"sumo1/slc25a24/hvcn1",3
"GO:1902221","erythrose 4-phosphate/phosphoenolpyruvate family amino acid metabolic process","3/1978","21/18773",0.142857142857143,1.35584284269825,0.559915509518663,0.383699128048524,0.831251800749701,0.735403052965544,"gstz1/qdpra/afmid",3
"GO:0001503","ossification","13/1978","111/18773",0.117117117117117,1.11154683500487,0.404499567338414,0.386991292697469,0.83775315958662,0.741154762775716,"sin3b/ext2/lgmn/wls/vdra/rest/atraid/atp6v1h/tapt1a/col27a1b/acvr1l/mapk7/fbxl15",13
"GO:0009117","nucleotide metabolic process","31/1978","277/18773",0.111913357400722,1.0621584724387,0.357667699613356,0.388790341300992,0.841014896182672,0.744040399893786,"adka/tpi1a/mdh1aa/pgd/hint1/dut/rpe/atp5mc1/aprt/atp5pd/ctps1a/bpgm/flad1/gmps/afmid/dera/taldo1/nme2b.2/papss1/dhtkd1/antkmt/gmpr2/adkb/nudt12/atp6v1ba/atp5f1d/g6pd/npr1a/adpgk2/gpd1b/atic",31
"GO:0001649","osteoblast differentiation","4/1978","30/18773",0.133333333333333,1.2654533198517,0.499352982598501,0.390617339552344,0.841172219979112,0.744179583231617,"ext2/lgmn/rest/atraid",4
"GO:0033045","regulation of sister chromatid segregation","4/1978","30/18773",0.133333333333333,1.2654533198517,0.499352982598501,0.390617339552344,0.841172219979112,0.744179583231617,"anapc11/mad1l1/ndc80/aurkb",4
"GO:0042073","intraciliary transport","4/1978","30/18773",0.133333333333333,1.2654533198517,0.499352982598501,0.390617339552344,0.841172219979112,0.744179583231617,"mak/ift52/traf3ip1/ift27",4
"GO:0042632","cholesterol homeostasis","4/1978","30/18773",0.133333333333333,1.2654533198517,0.499352982598501,0.390617339552344,0.841172219979112,0.744179583231617,"stab2/stab1/cyp7b1/nfkb2",4
"GO:0045197","establishment or maintenance of epithelial cell apical/basal polarity","4/1978","30/18773",0.133333333333333,1.2654533198517,0.499352982598501,0.390617339552344,0.841172219979112,0.744179583231617,"myo9ab/lin7c/erbin/jag2b",4
"GO:0055092","sterol homeostasis","4/1978","30/18773",0.133333333333333,1.2654533198517,0.499352982598501,0.390617339552344,0.841172219979112,0.744179583231617,"stab2/stab1/cyp7b1/nfkb2",4
"GO:0048915","posterior lateral line system development","10/1978","84/18773",0.119047619047619,1.12986903558188,0.409383786669465,0.391569722842112,0.842592440251875,0.74543604285496,"cxcl12a/apc/ext2/socs3a/itchb/stat3/ackr3a/eya4/smad5/hdac3",10
"GO:0030048","actin filament-based movement","5/1978","39/18773",0.128205128205128,1.21678203831894,0.465070458031119,0.393510549112543,0.843243151442446,0.746011722806225,"myo7aa/scn4bb/wipf1b/myo6a/myo1cb",5
"GO:0030901","midbrain development","5/1978","39/18773",0.128205128205128,1.21678203831894,0.465070458031119,0.393510549112543,0.843243151442446,0.746011722806225,"apc/en2b/pbx2/tcf7l1b/nlk2",5
"GO:0045103","intermediate filament-based process","5/1978","39/18773",0.128205128205128,1.21678203831894,0.465070458031119,0.393510549112543,0.843243151442446,0.746011722806225,"fam83hb/dspb/macf1a/dspa/evpla",5
"GO:0045104","intermediate filament cytoskeleton organization","5/1978","39/18773",0.128205128205128,1.21678203831894,0.465070458031119,0.393510549112543,0.843243151442446,0.746011722806225,"fam83hb/dspb/macf1a/dspa/evpla",5
"GO:0061077","chaperone-mediated protein folding","5/1978","39/18773",0.128205128205128,1.21678203831894,0.465070458031119,0.393510549112543,0.843243151442446,0.746011722806225,"unc45a/hspa5/dnajc5ab/tor2a/tor1",5
"GO:0009064","glutamine family amino acid metabolic process","7/1978","57/18773",0.12280701754386,1.16554911038973,0.429572205164206,0.394482535033111,0.843243151442446,0.746011722806225,"ctps1a/glula/gmps/glulb/dglucy/aldh4a1/gclc",7
"GO:0070372","regulation of ERK1 and ERK2 cascade","7/1978","57/18773",0.12280701754386,1.16554911038973,0.429572205164206,0.394482535033111,0.843243151442446,0.746011722806225,"fgfr4/styx/dusp7/spry2/dusp6/pdgfab/spred1",7
"GO:1901264","carbohydrate derivative transport","7/1978","57/18773",0.12280701754386,1.16554911038973,0.429572205164206,0.394482535033111,0.843243151442446,0.746011722806225,"slc17a9b/slc25a24/lrrc8ab/slc35c1/slc37a2/slc35a3a/slc29a1a",7
"GO:0021549","cerebellum development","6/1978","48/18773",0.125,1.18636248736097,0.443656262359196,0.39451000411593,0.843243151442446,0.746011722806225,"cep290/exosc8/otud4/bmi1b/brf1b/smo",6
"GO:0015748","organophosphate ester transport","14/1978","121/18773",0.115702479338843,1.09812064945809,0.371594098595424,0.397563833152531,0.84788076203101,0.750114586682393,"slc25a36a/pitpnaa/slc17a9b/slc25a24/lrrc8ab/slc35c1/prelid1a/abca1a/plscr3b/atp11a/pitpnb/slc37a2/slc35a3a/slc25a16",14
"GO:0044092","negative regulation of molecular function","14/1978","121/18773",0.115702479338843,1.09812064945809,0.371594098595424,0.397563833152531,0.84788076203101,0.750114586682393,"rtraf/appb/pkig/sh3bp4a/aida/zgpat/tegt/bcl2l1/mcm2/lamtor5/serpinf1/serpinb14/serpine1/wfikkn1",14
"GO:0060341","regulation of cellular localization","14/1978","121/18773",0.115702479338843,1.09812064945809,0.371594098595424,0.397563833152531,0.84788076203101,0.750114586682393,"cpsf6/ap1b1/oaz1a/rab11fip3/nf2b/lztfl1/sh3tc2/cnstb/gas8/ptk2ab/si:ch73-375g18.1/entr1/tax1bp3/larp7",14
"GO:0055123","digestive system development","18/1978","158/18773",0.113924050632911,1.08124176063278,0.351928762324497,0.399847198009696,0.848796546056096,0.750924774843547,"apc/furina/ddx46/dhps/nipblb/ascl1a/dhx15/cnot3a/mpc1/med24/dnmt1/bbs7/jag2b/tsc2/celf1/smo/nol9/mapk7",18
"GO:0007409","axonogenesis","49/1978","446/18773",0.109865470852018,1.04272218620067,0.313367259999413,0.399850529400803,0.848796546056096,0.750924774843547,"ppp4ca/cxcl12a/appb/arhgap35a/robo4/apc/ext2/fam53b/exosc8/plxnb3/nrp2a/myo9ab/chn1/pitpnaa/ap4s1/fus/pik3ca/agrn/sfpq/sqstm1/mapk14a/fzd3a/rac1a/map1sb/tmem59l/vaspb/efna1a/tenm4/rac1b/rest/enah/dock7/arnt2/kif22/slbp/rb1/ist1/neo1b/sema3ab/capn1a/stat3/usp33/smo/nrp2b/npr1a/lamc1/mycbp2/rapgef1a/plod3",49
"GO:0045596","negative regulation of cell differentiation","11/1978","94/18773",0.117021276595745,1.11063722221027,0.369034349049263,0.404096333805427,0.848796546056096,0.750924774843547,"sirt2/lgmn/irf2bp2b/foxl2b/foxl2a/rest/nfkbiaa/krit1/loxl3b/lfng/qkia",11
"GO:0000002","mitochondrial genome maintenance","2/1978","13/18773",0.153846153846154,1.46013844598273,0.569537327288182,0.40477888814354,0.848796546056096,0.750924774843547,"slc25a36a/mgme1",2
"GO:0001541","ovarian follicle development","2/1978","13/18773",0.153846153846154,1.46013844598273,0.569537327288182,0.40477888814354,0.848796546056096,0.750924774843547,"ahr2/pla2g4aa",2
"GO:0002562","somatic diversification of immune receptors via germline recombination within a single locus","2/1978","13/18773",0.153846153846154,1.46013844598273,0.569537327288182,0.40477888814354,0.848796546056096,0.750924774843547,"rnf168/prkdc",2
"GO:0006904","vesicle docking involved in exocytosis","2/1978","13/18773",0.153846153846154,1.46013844598273,0.569537327288182,0.40477888814354,0.848796546056096,0.750924774843547,"stxbp2/exoc4",2
"GO:0009078","pyruvate family amino acid metabolic process","2/1978","13/18773",0.153846153846154,1.46013844598273,0.569537327288182,0.40477888814354,0.848796546056096,0.750924774843547,"gpt2/bcat2",2
"GO:0009083","branched-chain amino acid catabolic process","2/1978","13/18773",0.153846153846154,1.46013844598273,0.569537327288182,0.40477888814354,0.848796546056096,0.750924774843547,"hibch/aldh6a1",2
"GO:0010717","regulation of epithelial to mesenchymal transition","2/1978","13/18773",0.153846153846154,1.46013844598273,0.569537327288182,0.40477888814354,0.848796546056096,0.750924774843547,"dab2/parp3",2
"GO:0016445","somatic diversification of immunoglobulins","2/1978","13/18773",0.153846153846154,1.46013844598273,0.569537327288182,0.40477888814354,0.848796546056096,0.750924774843547,"rnf168/prkdc",2
"GO:0031114","regulation of microtubule depolymerization","2/1978","13/18773",0.153846153846154,1.46013844598273,0.569537327288182,0.40477888814354,0.848796546056096,0.750924774843547,"apc/map1sb",2
"GO:0033120","positive regulation of RNA splicing","2/1978","13/18773",0.153846153846154,1.46013844598273,0.569537327288182,0.40477888814354,0.848796546056096,0.750924774843547,"tra2b/dhx37",2
"GO:0045744","negative regulation of G protein-coupled receptor signaling pathway","2/1978","13/18773",0.153846153846154,1.46013844598273,0.569537327288182,0.40477888814354,0.848796546056096,0.750924774843547,"mgrn1b/mgrn1a",2
"GO:0046636","negative regulation of alpha-beta T cell activation","2/1978","13/18773",0.153846153846154,1.46013844598273,0.569537327288182,0.40477888814354,0.848796546056096,0.750924774843547,"lgals9l3/loxl3b",2
"GO:0046688","response to copper ion","2/1978","13/18773",0.153846153846154,1.46013844598273,0.569537327288182,0.40477888814354,0.848796546056096,0.750924774843547,"entpd1/slc11a2",2
"GO:0048008","platelet-derived growth factor receptor signaling pathway","2/1978","13/18773",0.153846153846154,1.46013844598273,0.569537327288182,0.40477888814354,0.848796546056096,0.750924774843547,"phf14/pdgfab",2
"GO:0051222","positive regulation of protein transport","2/1978","13/18773",0.153846153846154,1.46013844598273,0.569537327288182,0.40477888814354,0.848796546056096,0.750924774843547,"oaz1a/cnstb",2
"GO:0060384","innervation","2/1978","13/18773",0.153846153846154,1.46013844598273,0.569537327288182,0.40477888814354,0.848796546056096,0.750924774843547,"ctbp2a/fbxo45",2
"GO:0070536","protein K63-linked deubiquitination","2/1978","13/18773",0.153846153846154,1.46013844598273,0.569537327288182,0.40477888814354,0.848796546056096,0.750924774843547,"otud5a/usp33",2
"GO:0090594","inflammatory response to wounding","2/1978","13/18773",0.153846153846154,1.46013844598273,0.569537327288182,0.40477888814354,0.848796546056096,0.750924774843547,"cxcl12a/pla2g4aa",2
"GO:1902108","regulation of mitochondrial membrane permeability involved in apoptotic process","2/1978","13/18773",0.153846153846154,1.46013844598273,0.569537327288182,0.40477888814354,0.848796546056096,0.750924774843547,"bnip4/rhot1a",2
"GO:1902117","positive regulation of organelle assembly","2/1978","13/18773",0.153846153846154,1.46013844598273,0.569537327288182,0.40477888814354,0.848796546056096,0.750924774843547,"entr1/tapt1a",2
"GO:0048701","embryonic cranial skeleton morphogenesis","20/1978","177/18773",0.112994350282486,1.07241806767093,0.332201974254552,0.405356992742184,0.849389707297352,0.75144954072956,"spns2/egr1/sec23a/furina/hmgcs1/ep300b/prdm1a/nipblb/wls/mia2/hcfc1b/rit1/aldh1l1/ponzr1/mia3/hmgcrb/kdm6a/smo/loxl3b/pmm2",20
"GO:0051960","regulation of nervous system development","19/1978","168/18773",0.113095238095238,1.07337558380278,0.327845921790984,0.407932880583697,0.849395711658354,0.751454852748623,"sirt2/cxcl12a/gli3/fxr1/plxnb3/ctbp2a/nf2b/ascl1a/fbxw7/fmr1/zbtb16a/tenm4/olig2/adnpa/dicer1/sirt1/serpinf1/her13/stat3",19
"GO:0003015","heart process","22/1978","196/18773",0.112244897959184,1.06530509069148,0.315402908847204,0.410077166564755,0.849395711658354,0.751454852748623,"apex1/ik/dsc2l/scn4bb/ccm2l/erp44/atp2a2b/lims1/crip2/sra1/tango2/dspb/tnni4b.2/bicd2/tnni2b.1/dspa/ankhd1/krit1/adma/lmna/mios/junba",22
"GO:0031214","biomineral tissue development","8/1978","67/18773",0.119402985074627,1.13324177897167,0.374943449997981,0.410476086965602,0.849395711658354,0.751454852748623,"cep290/lgmn/ptena/ptenb/atraid/atp6v1h/col27a1b/fbxl15",8
"GO:0042274","ribosomal small subunit biogenesis","8/1978","67/18773",0.119402985074627,1.13324177897167,0.374943449997981,0.410476086965602,0.849395711658354,0.751454852748623,"tsr3/nat10/npm1b/nob1/bms1/dhx37/tsr2/trmt112",8
"GO:0043069","negative regulation of programmed cell death","32/1978","289/18773",0.110726643598616,1.05089549053429,0.299232429204877,0.410508727336786,0.849395711658354,0.751454852748623,"mdm4/apex1/hyou1/pim3/snx7/eya3/fkbp16/naa35/yju2/selenow2a/ddt/lgals3b/tm7sf3/psenen/tegt/bcl2l1/rffl/bcl2l10/eya1/hax1/fancd2/lamtor5/tiprl/mif/snx13/zgc:158343/api5/aurkb/eya4/ptmaa/gclc/mcm5",32
"GO:0043603","amide metabolic process","28/1978","252/18773",0.111111111111111,1.05454443320975,0.299155436797957,0.412451008763136,0.849395711658354,0.751454852748623,"cmasa/gnpda1/aclya/gnpda2/neu1/pdk4/furina/hmgcs1/pla2g6/gstz1/renbp/gstt1b/psen1/psen2/ormdl1/gstm.2/acsl3b/ormdl2/psenen/gsto2/acot9.1/gpx1b/hmgcrb/st3gal8/sptlc1/acsm3/gclc/suclg2",28
"GO:0008283","cell population proliferation","49/1978","448/18773",0.109375,1.03806717644085,0.279863391450206,0.412681075195338,0.849395711658354,0.751454852748623,"sirt2/slco2b1/cxcl12a/fzd7a/jcada/psmd10/tfec/sh3bp4a/naa35/il13ra2/si:dkey-192g7.3/si:dkey-169i5.4/phf14/tgif1/si:dkey-42i9.4/nf2b/brat1/kank2/socs3a/gmds/wls/cd276/lgals9l3/cdkn1ba/il6st/ptk2ab/men1/nrarpa/ptena/klf9/vdra/tcf7l1b/nupr1a/saal1/ptenb/atg13/arhgef7b/crbn/rad51/pdgfab/atraid/stat3/mif/ago3b/nr2f1a/larp7/junba/npr1a/mcm5",49
"GO:0003179","heart valve morphogenesis","3/1978","22/18773",0.136363636363636,1.2942136225756,0.473849376186706,0.413336585243125,0.849395711658354,0.751454852748623,"tmsb4x/cemip2/krit1",3
"GO:0006998","nuclear envelope organization","3/1978","22/18773",0.136363636363636,1.2942136225756,0.473849376186706,0.413336585243125,0.849395711658354,0.751454852748623,"lmnb1/tor1/lmna",3
"GO:0016226","iron-sulfur cluster assembly","3/1978","22/18773",0.136363636363636,1.2942136225756,0.473849376186706,0.413336585243125,0.849395711658354,0.751454852748623,"nubpl/lyrm4/nubp1",3
"GO:0021538","epithalamus development","3/1978","22/18773",0.136363636363636,1.2942136225756,0.473849376186706,0.413336585243125,0.849395711658354,0.751454852748623,"wls/smo/mycbp2",3
"GO:0031163","metallo-sulfur cluster assembly","3/1978","22/18773",0.136363636363636,1.2942136225756,0.473849376186706,0.413336585243125,0.849395711658354,0.751454852748623,"nubpl/lyrm4/nubp1",3
"GO:0031297","replication fork processing","3/1978","22/18773",0.136363636363636,1.2942136225756,0.473849376186706,0.413336585243125,0.849395711658354,0.751454852748623,"parp1/rad51/atrxl",3
"GO:0045048","protein insertion into ER membrane","3/1978","22/18773",0.136363636363636,1.2942136225756,0.473849376186706,0.413336585243125,0.849395711658354,0.751454852748623,"emc4/get1/get4",3
"GO:0045995","regulation of embryonic development","3/1978","22/18773",0.136363636363636,1.2942136225756,0.473849376186706,0.413336585243125,0.849395711658354,0.751454852748623,"zeb1b/trip12/tenm4",3
"GO:0048752","semicircular canal morphogenesis","3/1978","22/18773",0.136363636363636,1.2942136225756,0.473849376186706,0.413336585243125,0.849395711658354,0.751454852748623,"ext2/psmc3/smo",3
"GO:0051306","mitotic sister chromatid separation","3/1978","22/18773",0.136363636363636,1.2942136225756,0.473849376186706,0.413336585243125,0.849395711658354,0.751454852748623,"anapc11/mad1l1/ndc80",3
"GO:0055008","cardiac muscle tissue morphogenesis","3/1978","22/18773",0.136363636363636,1.2942136225756,0.473849376186706,0.413336585243125,0.849395711658354,0.751454852748623,"fermt2/cemip2/rbx1",3
"GO:0061026","cardiac muscle tissue regeneration","3/1978","22/18773",0.136363636363636,1.2942136225756,0.473849376186706,0.413336585243125,0.849395711658354,0.751454852748623,"dusp6/stat3/larp7",3
"GO:0007254","JNK cascade","6/1978","49/18773",0.122448979591837,1.16215100802707,0.390028900700292,0.414057501489025,0.849395711658354,0.751454852748623,"map3k7/pigp/aida/traf2b/rassf2a/csrp1a",6
"GO:0030217","T cell differentiation","6/1978","49/18773",0.122448979591837,1.16215100802707,0.390028900700292,0.414057501489025,0.849395711658354,0.751454852748623,"jak1/fam49a/prkdc/dnmt1/slc39a6/loxl3b",6
"GO:0031110","regulation of microtubule polymerization or depolymerization","5/1978","40/18773",0.125,1.18636248736097,0.404914416619328,0.415222018119809,0.849395711658354,0.751454852748623,"apc/camsap1b/map1sb/traf3ip1/zgc:66447",5
"GO:0048546","digestive tract morphogenesis","5/1978","40/18773",0.125,1.18636248736097,0.404914416619328,0.415222018119809,0.849395711658354,0.751454852748623,"apc/ddx46/bbs7/celf1/smo",5
"GO:0050868","negative regulation of T cell activation","5/1978","40/18773",0.125,1.18636248736097,0.404914416619328,0.415222018119809,0.849395711658354,0.751454852748623,"si:dkey-192g7.3/si:dkey-169i5.4/cd276/lgals9l3/loxl3b",5
"GO:0060900","embryonic camera-type eye formation","5/1978","40/18773",0.125,1.18636248736097,0.404914416619328,0.415222018119809,0.849395711658354,0.751454852748623,"tfec/nid2a/sox11a/rerea/phactr4b",5
"GO:1903038","negative regulation of leukocyte cell-cell adhesion","5/1978","40/18773",0.125,1.18636248736097,0.404914416619328,0.415222018119809,0.849395711658354,0.751454852748623,"si:dkey-192g7.3/si:dkey-169i5.4/cd276/lgals9l3/loxl3b",5
"GO:0006446","regulation of translational initiation","4/1978","31/18773",0.129032258064516,1.22463224501778,0.429559561142371,0.415397902781823,0.849395711658354,0.751454852748623,"eif4ebp1/dhx29/eif4ebp3/paip2b",4
"GO:0006458","'de novo' protein folding","4/1978","31/18773",0.129032258064516,1.22463224501778,0.429559561142371,0.415397902781823,0.849395711658354,0.751454852748623,"hspa5/dnajc2/tor2a/tor1",4
"GO:0006754","ATP biosynthetic process","4/1978","31/18773",0.129032258064516,1.22463224501778,0.429559561142371,0.415397902781823,0.849395711658354,0.751454852748623,"atp5mc1/atp5pd/antkmt/atp5f1d",4
"GO:0007062","sister chromatid cohesion","4/1978","31/18773",0.129032258064516,1.22463224501778,0.429559561142371,0.415397902781823,0.849395711658354,0.751454852748623,"smc3/nipblb/mau2/ddx11",4
"GO:0009408","response to heat","4/1978","31/18773",0.129032258064516,1.22463224501778,0.429559561142371,0.415397902781823,0.849395711658354,0.751454852748623,"hikeshi/sumo1/dnaja2b/gclc",4
"GO:0033002","muscle cell proliferation","4/1978","31/18773",0.129032258064516,1.22463224501778,0.429559561142371,0.415397902781823,0.849395711658354,0.751454852748623,"naa35/gmds/larp7/npr1a",4
"GO:0048570","notochord morphogenesis","4/1978","31/18773",0.129032258064516,1.22463224501778,0.429559561142371,0.415397902781823,0.849395711658354,0.751454852748623,"pacsin3/stat3/col27a1b/lamc1",4
"GO:0051905","establishment of pigment granule localization","4/1978","31/18773",0.129032258064516,1.22463224501778,0.429559561142371,0.415397902781823,0.849395711658354,0.751454852748623,"prickle2b/trim32/bbs7/ift27",4
"GO:0000819","sister chromatid segregation","10/1978","86/18773",0.116279069767442,1.10359301149858,0.330436720719552,0.42098221676063,0.859592503634019,0.760475888182887,"anapc11/prc1b/cep192/top2a/mad1l1/ndc80/ewsr1a/spice1/aurkb/tpra",10
"GO:1901606","alpha-amino acid catabolic process","10/1978","86/18773",0.116279069767442,1.10359301149858,0.330436720719552,0.42098221676063,0.859592503634019,0.760475888182887,"gcsha/blmh/gstz1/gpt2/qdpra/hibch/afmid/aldh6a1/aldh4a1/got2b",10
"GO:0000070","mitotic sister chromatid segregation","9/1978","77/18773",0.116883116883117,1.10932596220766,0.329892721403945,0.423989174170749,0.864505211969698,0.764822129243814,"anapc11/prc1b/cep192/mad1l1/ndc80/ewsr1a/spice1/aurkb/tpra",9
"GO:1903706","regulation of hemopoiesis","9/1978","77/18773",0.116883116883117,1.10932596220766,0.329892721403945,0.423989174170749,0.864505211969698,0.764822129243814,"fam49a/irf2bp2b/ddx46/nipblb/nelfe/kdm1a/loxl3b/nelfb/qkia",9
"GO:0009152","purine ribonucleotide biosynthetic process","12/1978","105/18773",0.114285714285714,1.0846742741586,0.298590267752944,0.428575182433412,0.869449844093222,0.76919661307188,"adka/atp5mc1/aprt/atp5pd/gmps/nme2b.2/papss1/antkmt/adkb/atp5f1d/npr1a/atic",12
"GO:0002685","regulation of leukocyte migration","7/1978","59/18773",0.11864406779661,1.12603897105448,0.332756045622662,0.430276948154207,0.869449844093222,0.76919661307188,"cxcl12a/spns2/hmox1a/lyn/inppl1a/rac1a/rac1b",7
"GO:0071599","otic vesicle development","7/1978","59/18773",0.11864406779661,1.12603897105448,0.332756045622662,0.430276948154207,0.869449844093222,0.76919661307188,"cep290/apc/myo6a/eya1/crbn/supt6h/smad5",7
"GO:0002065","columnar/cuboidal epithelial cell differentiation","6/1978","50/18773",0.12,1.13890798786653,0.337522645413606,0.433533628535148,0.869449844093222,0.76919661307188,"dhps/ascl1a/thada/med24/cdkal1/tsc2",6
"GO:0021591","ventricular system development","6/1978","50/18773",0.12,1.13890798786653,0.337522645413606,0.433533628535148,0.869449844093222,0.76919661307188,"foxl2b/sfpq/foxl2a/arnt2/dicer1/chl1a",6
"GO:0016052","carbohydrate catabolic process","10/1978","87/18773",0.114942528735632,1.09090803435492,0.291663534039676,0.435682295505198,0.869449844093222,0.76919661307188,"tpi1a/pgd/neu1/wipi1/bpgm/atg3/dera/ppp1r3b/dhtkd1/adpgk2",10
"GO:0048881","mechanosensory lateral line system development","10/1978","87/18773",0.114942528735632,1.09090803435492,0.291663534039676,0.435682295505198,0.869449844093222,0.76919661307188,"cxcl12a/apc/ext2/socs3a/itchb/stat3/ackr3a/eya4/smad5/hdac3",10
"GO:0080134","regulation of response to stress","34/1978","311/18773",0.109324758842444,1.03759034264368,0.229401111552868,0.43663153661339,0.869449844093222,0.76919661307188,"cxcl12a/hyou1/tnfrsf1a/eya3/fxr1/yju2/vhl/akirin2/socs3a/sfpq/sesn3/mia2/smek1/il6st/rnf168/rnft2/pycard/parp1/nck1a/actr2a/mia3/tnfaip6/actr2b/oxr1b/pias4a/otud4/eya1/foxo3b/sesn1/metrnla/serpine1/sigmar1/eya4/babam2",34
"GO:0006730","one-carbon metabolic process","5/1978","41/18773",0.121951219512195,1.15742681693753,0.346303579455942,0.436805096143841,0.869449844093222,0.76919661307188,"gnmt/aldh1l1/ahcyl2b/shmt1/mat2b",5
"GO:1901888","regulation of cell junction assembly","5/1978","41/18773",0.121951219512195,1.15742681693753,0.346303579455942,0.436805096143841,0.869449844093222,0.76919661307188,"rock2a/lin7c/rock1/macf1a/mycbp2",5
"GO:0002366","leukocyte activation involved in immune response","4/1978","32/18773",0.125,1.18636248736097,0.362089156718521,0.439943870987665,0.869449844093222,0.76919661307188,"rnf168/ptena/ptenb/loxl3b",4
"GO:0006879","intracellular iron ion homeostasis","4/1978","32/18773",0.125,1.18636248736097,0.362089156718521,0.439943870987665,0.869449844093222,0.76919661307188,"ccdc115/fthl27/glrx3/ncoa4",4
"GO:0019674","NAD metabolic process","4/1978","32/18773",0.125,1.18636248736097,0.362089156718521,0.439943870987665,0.869449844093222,0.76919661307188,"mdh1aa/afmid/nudt12/gpd1b",4
"GO:0032273","positive regulation of protein polymerization","4/1978","32/18773",0.125,1.18636248736097,0.362089156718521,0.439943870987665,0.869449844093222,0.76919661307188,"cdc42ep1a/vaspb/zgc:66447/zgc:154093",4
"GO:0035825","homologous recombination","4/1978","32/18773",0.125,1.18636248736097,0.362089156718521,0.439943870987665,0.869449844093222,0.76919661307188,"top2a/hdac10/fancd2/rad51",4
"GO:0042130","negative regulation of T cell proliferation","4/1978","32/18773",0.125,1.18636248736097,0.362089156718521,0.439943870987665,0.869449844093222,0.76919661307188,"si:dkey-192g7.3/si:dkey-169i5.4/cd276/lgals9l3",4
"GO:0043467","regulation of generation of precursor metabolites and energy","4/1978","32/18773",0.125,1.18636248736097,0.362089156718521,0.439943870987665,0.869449844093222,0.76919661307188,"ppp1r3b/cox7a2a/sigmar1/ppp1r3da",4
"GO:0072528","pyrimidine-containing compound biosynthetic process","4/1978","32/18773",0.125,1.18636248736097,0.362089156718521,0.439943870987665,0.869449844093222,0.76919661307188,"dut/ctps1a/nme2b.2/tpk1",4
"GO:1902369","negative regulation of RNA catabolic process","4/1978","32/18773",0.125,1.18636248736097,0.362089156718521,0.439943870987665,0.869449844093222,0.76919661307188,"hnrnpa0a/nrde2/igf2bp2b/qkia",4
"GO:0009074","aromatic amino acid family catabolic process","3/1978","23/18773",0.130434782608696,1.23794346507232,0.391846052535809,0.442503977920118,0.869449844093222,0.76919661307188,"gstz1/qdpra/afmid",3
"GO:0009147","pyrimidine nucleoside triphosphate metabolic process","3/1978","23/18773",0.130434782608696,1.23794346507232,0.391846052535809,0.442503977920118,0.869449844093222,0.76919661307188,"dut/ctps1a/nme2b.2",3
"GO:0030071","regulation of mitotic metaphase/anaphase transition","3/1978","23/18773",0.130434782608696,1.23794346507232,0.391846052535809,0.442503977920118,0.869449844093222,0.76919661307188,"anapc11/mad1l1/ndc80",3
"GO:0030838","positive regulation of actin filament polymerization","3/1978","23/18773",0.130434782608696,1.23794346507232,0.391846052535809,0.442503977920118,0.869449844093222,0.76919661307188,"cdc42ep1a/vaspb/zgc:154093",3
"GO:0043954","cellular component maintenance","3/1978","23/18773",0.130434782608696,1.23794346507232,0.391846052535809,0.442503977920118,0.869449844093222,0.76919661307188,"myo7aa/cdipt/mapk7",3
"GO:0060117","auditory receptor cell development","3/1978","23/18773",0.130434782608696,1.23794346507232,0.391846052535809,0.442503977920118,0.869449844093222,0.76919661307188,"dctn2/myo6a/mif",3
"GO:0000097","sulfur amino acid biosynthetic process","2/1978","14/18773",0.142857142857143,1.35584284269825,0.45708379388251,0.442733410356819,0.869449844093222,0.76919661307188,"mri1/mtrr",2
"GO:0002200","somatic diversification of immune receptors","2/1978","14/18773",0.142857142857143,1.35584284269825,0.45708379388251,0.442733410356819,0.869449844093222,0.76919661307188,"rnf168/prkdc",2
"GO:0005979","regulation of glycogen biosynthetic process","2/1978","14/18773",0.142857142857143,1.35584284269825,0.45708379388251,0.442733410356819,0.869449844093222,0.76919661307188,"ppp1r3b/ppp1r3da",2
"GO:0006577","amino-acid betaine metabolic process","2/1978","14/18773",0.142857142857143,1.35584284269825,0.45708379388251,0.442733410356819,0.869449844093222,0.76919661307188,"acadl/cpt1ab",2
"GO:0007351","tripartite regional subdivision","2/1978","14/18773",0.142857142857143,1.35584284269825,0.45708379388251,0.442733410356819,0.869449844093222,0.76919661307188,"pum1/dctn2",2
"GO:0008089","anterograde axonal transport","2/1978","14/18773",0.142857142857143,1.35584284269825,0.45708379388251,0.442733410356819,0.869449844093222,0.76919661307188,"trak2/arl8ba",2
"GO:0008595","anterior/posterior axis specification, embryo","2/1978","14/18773",0.142857142857143,1.35584284269825,0.45708379388251,0.442733410356819,0.869449844093222,0.76919661307188,"pum1/dctn2",2
"GO:0010962","regulation of glucan biosynthetic process","2/1978","14/18773",0.142857142857143,1.35584284269825,0.45708379388251,0.442733410356819,0.869449844093222,0.76919661307188,"ppp1r3b/ppp1r3da",2
"GO:0016444","somatic cell DNA recombination","2/1978","14/18773",0.142857142857143,1.35584284269825,0.45708379388251,0.442733410356819,0.869449844093222,0.76919661307188,"rnf168/prkdc",2
"GO:0021551","central nervous system morphogenesis","2/1978","14/18773",0.142857142857143,1.35584284269825,0.45708379388251,0.442733410356819,0.869449844093222,0.76919661307188,"usp24/acvr1l",2
"GO:0021594","rhombomere formation","2/1978","14/18773",0.142857142857143,1.35584284269825,0.45708379388251,0.442733410356819,0.869449844093222,0.76919661307188,"sfpq/mafba",2
"GO:0032836","glomerular basement membrane development","2/1978","14/18773",0.142857142857143,1.35584284269825,0.45708379388251,0.442733410356819,0.869449844093222,0.76919661307188,"kirrel3l/kank2",2
"GO:0034067","protein localization to Golgi apparatus","2/1978","14/18773",0.142857142857143,1.35584284269825,0.45708379388251,0.442733410356819,0.869449844093222,0.76919661307188,"rab41/vps13a",2
"GO:0035775","pronephric glomerulus morphogenesis","2/1978","14/18773",0.142857142857143,1.35584284269825,0.45708379388251,0.442733410356819,0.869449844093222,0.76919661307188,"podxl/ponzr1",2
"GO:0040037","negative regulation of fibroblast growth factor receptor signaling pathway","2/1978","14/18773",0.142857142857143,1.35584284269825,0.45708379388251,0.442733410356819,0.869449844093222,0.76919661307188,"spry2/inppl1a",2
"GO:0045580","regulation of T cell differentiation","2/1978","14/18773",0.142857142857143,1.35584284269825,0.45708379388251,0.442733410356819,0.869449844093222,0.76919661307188,"fam49a/loxl3b",2
"GO:0045685","regulation of glial cell differentiation","2/1978","14/18773",0.142857142857143,1.35584284269825,0.45708379388251,0.442733410356819,0.869449844093222,0.76919661307188,"tenm4/qkia",2
"GO:0046164","alcohol catabolic process","2/1978","14/18773",0.142857142857143,1.35584284269825,0.45708379388251,0.442733410356819,0.869449844093222,0.76919661307188,"tpi1a/srd5a3",2
"GO:0046902","regulation of mitochondrial membrane permeability","2/1978","14/18773",0.142857142857143,1.35584284269825,0.45708379388251,0.442733410356819,0.869449844093222,0.76919661307188,"bnip4/rhot1a",2
"GO:0048268","clathrin coat assembly","2/1978","14/18773",0.142857142857143,1.35584284269825,0.45708379388251,0.442733410356819,0.869449844093222,0.76919661307188,"hip1/nsg2",2
"GO:0048670","regulation of collateral sprouting","2/1978","14/18773",0.142857142857143,1.35584284269825,0.45708379388251,0.442733410356819,0.869449844093222,0.76919661307188,"pik3ca/mapk14a",2
"GO:0050679","positive regulation of epithelial cell proliferation","2/1978","14/18773",0.142857142857143,1.35584284269825,0.45708379388251,0.442733410356819,0.869449844093222,0.76919661307188,"jcada/saal1",2
"GO:0055117","regulation of cardiac muscle contraction","2/1978","14/18773",0.142857142857143,1.35584284269825,0.45708379388251,0.442733410356819,0.869449844093222,0.76919661307188,"erp44/atp2a2b",2
"GO:0060021","roof of mouth development","2/1978","14/18773",0.142857142857143,1.35584284269825,0.45708379388251,0.442733410356819,0.869449844093222,0.76919661307188,"loxl3b/smad5",2
"GO:0060291","long-term synaptic potentiation","2/1978","14/18773",0.142857142857143,1.35584284269825,0.45708379388251,0.442733410356819,0.869449844093222,0.76919661307188,"si:ch211-51h9.6/fxr1",2
"GO:0060897","neural plate regionalization","2/1978","14/18773",0.142857142857143,1.35584284269825,0.45708379388251,0.442733410356819,0.869449844093222,0.76919661307188,"sfpq/sbno1",2
"GO:0061300","cerebellum vasculature development","2/1978","14/18773",0.142857142857143,1.35584284269825,0.45708379388251,0.442733410356819,0.869449844093222,0.76919661307188,"sars1/cdh5",2
"GO:0090151","establishment of protein localization to mitochondrial membrane","2/1978","14/18773",0.142857142857143,1.35584284269825,0.45708379388251,0.442733410356819,0.869449844093222,0.76919661307188,"timm10/oxa1l",2
"GO:1903076","regulation of protein localization to plasma membrane","2/1978","14/18773",0.142857142857143,1.35584284269825,0.45708379388251,0.442733410356819,0.869449844093222,0.76919661307188,"ap1b1/cnstb",2
"GO:0006493","protein O-linked glycosylation","8/1978","69/18773",0.115942028985507,1.10039419117539,0.286710960705709,0.443657987191525,0.869485033480938,0.769227744893953,"pomgnt1/poglut1/dpm1/pomk/tmtc4/slc35c1/galnt11/b3gnt2b",8
"GO:0030098","lymphocyte differentiation","8/1978","69/18773",0.115942028985507,1.10039419117539,0.286710960705709,0.443657987191525,0.869485033480938,0.769227744893953,"jak1/fam49a/slc39a7/ddx46/prkdc/dnmt1/slc39a6/loxl3b",8
"GO:0035315","hair cell differentiation","8/1978","69/18773",0.115942028985507,1.10039419117539,0.286710960705709,0.443657987191525,0.869485033480938,0.769227744893953,"ap1b1/myo7aa/socs3a/dctn2/myo6a/stat3/mif/eya4",8
"GO:1901136","carbohydrate derivative catabolic process","17/1978","153/18773",0.111111111111111,1.05454443320975,0.232479531957458,0.446601551929667,0.8743243566025,0.773509062534016,"gnpda1/tpi1a/gnpda2/hint1/neu1/dut/dctd/renbp/cemip2/bpgm/fuca2/dera/fuca1.1/dhtkd1/hyal1/adpgk2/gpd1b",17
"GO:1904888","cranial skeletal system development","28/1978","256/18773",0.109375,1.03806717644085,0.210457179962993,0.446735072716606,0.8743243566025,0.773509062534016,"spns2/egr1/sec23a/eya3/furina/ahr2/hmgcs1/ep300b/prdm1a/nipblb/wls/mia2/hcfc1b/rit1/usp25/aldh1l1/ponzr1/mia3/usp48/dicer1/hmgcrb/kdm6a/smo/usp24/usp39/loxl3b/pmm2/usp5",28
"GO:0042692","muscle cell differentiation","33/1978","303/18773",0.108910891089109,1.0336623652254,0.202726679235089,0.44743421429035,0.875097372204852,0.774192944401637,"mbnl2/tmod2/ik/cxcl12a/myo18ab/apc/fxr1/mrtfbb/neu1/fbxo22/kirrel3l/myo9ab/orai1b/prdm1a/dyrk3/gas8/mapk14a/tango2/gsk3ab/myl9b/rac1a/mef2d/dab2/pbx2/mapk14b/dnm2b/ppp2r2d/klhl41b/csrp1a/smo/nr2f1a/mtmr12/qkia",33
"GO:0070371","ERK1 and ERK2 cascade","7/1978","60/18773",0.116666666666667,1.10727165487024,0.285605988401069,0.448083294864254,0.875771494106289,0.774789335656297,"fgfr4/styx/dusp7/spry2/dusp6/pdgfab/spred1",7
"GO:0009201","ribonucleoside triphosphate biosynthetic process","6/1978","51/18773",0.117647058823529,1.11657645869268,0.286087075550864,0.452894521800685,0.884574025268548,0.782576877631799,"atp5mc1/atp5pd/ctps1a/nme2b.2/antkmt/atp5f1d",6
"GO:0043066","negative regulation of apoptotic process","31/1978","285/18773",0.108771929824561,1.03234349777376,0.188817768528638,0.453736074134926,0.885616475770815,0.78349912680015,"mdm4/apex1/hyou1/pim3/snx7/eya3/fkbp16/naa35/yju2/selenow2a/ddt/lgals3b/psenen/tegt/bcl2l1/rffl/bcl2l10/eya1/hax1/fancd2/lamtor5/tiprl/mif/snx13/zgc:158343/api5/aurkb/eya4/ptmaa/gclc/mcm5",31
"GO:0000018","regulation of DNA recombination","5/1978","42/18773",0.119047619047619,1.12986903558188,0.289153325238987,0.458202420261547,0.89312219721712,0.790139389667964,"h1-0/actr2a/actr2b/pias4a/terfa",5
"GO:0009156","ribonucleoside monophosphate biosynthetic process","5/1978","42/18773",0.119047619047619,1.12986903558188,0.289153325238987,0.458202420261547,0.89312219721712,0.790139389667964,"adka/aprt/gmps/adkb/atic",5
"GO:0008544","epidermis development","14/1978","126/18773",0.111111111111111,1.05454443320975,0.210818943544946,0.458942091428271,0.89335344860564,0.79034397626491,"ap1b1/snap29/myo7aa/slc39a7/socs3a/dctn2/dspb/clint1a/myo6a/dspa/stat3/mif/tp63/eya4",14
"GO:0048882","lateral line development","14/1978","126/18773",0.111111111111111,1.05454443320975,0.210818943544946,0.458942091428271,0.89335344860564,0.79034397626491,"ap1b1/cxcl12a/fzd7a/apc/ext2/socs3a/kif3b/aldh1l1/itchb/stat3/ackr3a/eya4/smad5/hdac3",14
"GO:0050769","positive regulation of neurogenesis","8/1978","70/18773",0.114285714285714,1.0846742741586,0.243569709347339,0.460155447337127,0.893508080460162,0.790480778059262,"cxcl12a/fxr1/plxnb3/fmr1/tenm4/olig2/serpinf1/stat3",8
"GO:0071214","cellular response to abiotic stimulus","8/1978","70/18773",0.114285714285714,1.0846742741586,0.243569709347339,0.460155447337127,0.893508080460162,0.790480778059262,"pold3/mapk14a/rad9a/mapk14b/bbc3/piezo1/hvcn1/aurkb",8
"GO:0104004","cellular response to environmental stimulus","8/1978","70/18773",0.114285714285714,1.0846742741586,0.243569709347339,0.460155447337127,0.893508080460162,0.790480778059262,"pold3/mapk14a/rad9a/mapk14b/bbc3/piezo1/hvcn1/aurkb",8
"GO:0006887","exocytosis","19/1978","173/18773",0.109826589595376,1.04235316808594,0.192057332926994,0.46026380786999,0.893508080460162,0.790480778059262,"stxbp2/snapin/exoc6/exoc1/snap29/rab15/lin7c/tnfaip2b/stx2a/cdk16/wash1/stx3a/exoc4/mical3b/sybl1/rab11bb/cplane2/zgc:101559/exoc3l1",19
"GO:0001676","long-chain fatty acid metabolic process","4/1978","33/18773",0.121212121212121,1.15041210895609,0.296779152022205,0.464176177372956,0.895533492599618,0.792272646984569,"acadl/slc27a1a/acsl3b/acsbg2",4
"GO:0006289","nucleotide-excision repair","4/1978","33/18773",0.121212121212121,1.15041210895609,0.296779152022205,0.464176177372956,0.895533492599618,0.792272646984569,"pold3/ddb2/pold1/ercc5",4
"GO:0007632","visual behavior","4/1978","33/18773",0.121212121212121,1.15041210895609,0.296779152022205,0.464176177372956,0.895533492599618,0.792272646984569,"atp6v0e1/psen1/poc1b/lamc1",4
"GO:0032400","melanosome localization","4/1978","33/18773",0.121212121212121,1.15041210895609,0.296779152022205,0.464176177372956,0.895533492599618,0.792272646984569,"prickle2b/trim32/bbs7/ift27",4
"GO:0032922","circadian regulation of gene expression","4/1978","33/18773",0.121212121212121,1.15041210895609,0.296779152022205,0.464176177372956,0.895533492599618,0.792272646984569,"nr1d2a/egr1/mycbp2/hdac3",4
"GO:0032945","negative regulation of mononuclear cell proliferation","4/1978","33/18773",0.121212121212121,1.15041210895609,0.296779152022205,0.464176177372956,0.895533492599618,0.792272646984569,"si:dkey-192g7.3/si:dkey-169i5.4/cd276/lgals9l3",4
"GO:0050672","negative regulation of lymphocyte proliferation","4/1978","33/18773",0.121212121212121,1.15041210895609,0.296779152022205,0.464176177372956,0.895533492599618,0.792272646984569,"si:dkey-192g7.3/si:dkey-169i5.4/cd276/lgals9l3",4
"GO:0060536","cartilage morphogenesis","4/1978","33/18773",0.121212121212121,1.15041210895609,0.296779152022205,0.464176177372956,0.895533492599618,0.792272646984569,"smc5/furina/wls/rerea",4
"GO:0070664","negative regulation of leukocyte proliferation","4/1978","33/18773",0.121212121212121,1.15041210895609,0.296779152022205,0.464176177372956,0.895533492599618,0.792272646984569,"si:dkey-192g7.3/si:dkey-169i5.4/cd276/lgals9l3",4
"GO:0031346","positive regulation of cell projection organization","10/1978","89/18773",0.112359550561798,1.06639324706604,0.215457886479667,0.464971213188841,0.895533492599618,0.792272646984569,"cxcl12a/cdc42ep1a/plxnb3/selenow2a/il6st/tenm4/entr1/tapt1a/twf1a/zgc:154093",10
"GO:0046467","membrane lipid biosynthetic process","12/1978","108/18773",0.111111111111111,1.05454443320975,0.195086279399656,0.468473955566218,0.895533492599618,0.792272646984569,"pla2g6/pigp/pgap4/pigf/pigm/ormdl1/ormdl2/dpm1/hacd3/elovl8b/st3gal8/sptlc1",12
"GO:0072521","purine-containing compound metabolic process","36/1978","334/18773",0.107784431137725,1.02297124658671,0.145367568875774,0.468817814614067,0.895533492599618,0.792272646984569,"adka/aclya/tpi1a/mdh1aa/pgd/hint1/pdk4/rpe/hmgcs1/atp5mc1/aprt/atp5pd/acsl3b/gnmt/bpgm/gmps/afmid/taldo1/acot9.1/nme2b.2/papss1/dhtkd1/hmgcrb/antkmt/gmpr2/adkb/nudt12/acsm3/atp6v1ba/atp5f1d/g6pd/npr1a/adpgk2/gpd1b/suclg2/atic",36
"GO:0071466","cellular response to xenobiotic stimulus","9/1978","80/18773",0.1125,1.06772623862487,0.208324745182512,0.47048347952901,0.895533492599618,0.792272646984569,"hmox1a/ufd1l/hipk3a/cyp2v1/ahr2/cyb5a/nfe2l2a/sult1st1/cyp1a",9
"GO:0002688","regulation of leukocyte chemotaxis","3/1978","24/18773",0.125,1.18636248736097,0.313511500720101,0.471084318947676,0.895533492599618,0.792272646984569,"cxcl12a/lyn/inppl1a",3
"GO:0003323","type B pancreatic cell development","3/1978","24/18773",0.125,1.18636248736097,0.313511500720101,0.471084318947676,0.895533492599618,0.792272646984569,"dhps/thada/cdkal1",3
"GO:0006303","double-strand break repair via nonhomologous end joining","3/1978","24/18773",0.125,1.18636248736097,0.313511500720101,0.471084318947676,0.895533492599618,0.792272646984569,"mre11a/lig3/prkdc",3
"GO:0006783","heme biosynthetic process","3/1978","24/18773",0.125,1.18636248736097,0.313511500720101,0.471084318947676,0.895533492599618,0.792272646984569,"cox15/alad/snx3",3
"GO:0009225","nucleotide-sugar metabolic process","3/1978","24/18773",0.125,1.18636248736097,0.313511500720101,0.471084318947676,0.895533492599618,0.792272646984569,"gmds/pgm3/pmm2",3
"GO:0036297","interstrand cross-link repair","3/1978","24/18773",0.125,1.18636248736097,0.313511500720101,0.471084318947676,0.895533492599618,0.792272646984569,"rfwd3/fancd2/nucks1a",3
"GO:0042743","hydrogen peroxide metabolic process","3/1978","24/18773",0.125,1.18636248736097,0.313511500720101,0.471084318947676,0.895533492599618,0.792272646984569,"prdx3/prdx1/gpx1b",3
"GO:0043113","receptor clustering","3/1978","24/18773",0.125,1.18636248736097,0.313511500720101,0.471084318947676,0.895533492599618,0.792272646984569,"agrn/erbin/smo",3
"GO:0050821","protein stabilization","3/1978","24/18773",0.125,1.18636248736097,0.313511500720101,0.471084318947676,0.895533492599618,0.792272646984569,"glmp/trim44/atf7ip",3
"GO:0097581","lamellipodium organization","3/1978","24/18773",0.125,1.18636248736097,0.313511500720101,0.471084318947676,0.895533492599618,0.792272646984569,"robo4/arhgef7b/twf1a",3
"GO:1902099","regulation of metaphase/anaphase transition of cell cycle","3/1978","24/18773",0.125,1.18636248736097,0.313511500720101,0.471084318947676,0.895533492599618,0.792272646984569,"anapc11/mad1l1/ndc80",3
"GO:1905818","regulation of chromosome separation","3/1978","24/18773",0.125,1.18636248736097,0.313511500720101,0.471084318947676,0.895533492599618,0.792272646984569,"anapc11/mad1l1/ndc80",3
"GO:0009123","nucleoside monophosphate metabolic process","6/1978","52/18773",0.115384615384615,1.09510383448705,0.235675040335074,0.472098902455025,0.895533492599618,0.792272646984569,"adka/dut/aprt/gmps/adkb/atic",6
"GO:0001667","ameboidal-type cell migration","23/1978","212/18773",0.108490566037736,1.02967310223782,0.149110631789657,0.473833596794272,0.895533492599618,0.792272646984569,"rock2a/cxcl12a/lpp/fzd7a/lzts2a/nrp2a/eaf2/diaph2/aldh1l1/nrarpa/rac1a/psenen/slc39a6/sema3ab/hmgcrb/snai1a/stat3/csrp1a/phactr4b/acvr1l/nrp2b/smad5/plod3",23
"GO:0043244","regulation of protein-containing complex disassembly","8/1978","71/18773",0.112676056338028,1.06939717170566,0.201050580505889,0.476555193106752,0.895533492599618,0.792272646984569,"tmod2/sptan1/apc/add1/map1sb/svila/capza1a/twf1a",8
"GO:0007610","behavior","31/1978","288/18773",0.107638888888889,1.02158991967195,0.126711477574308,0.47817870404173,0.895533492599618,0.792272646984569,"atp6v0e1/sirt2/tfg/gars1/sin3b/fhl1b/myo9ab/lars1b/uba5/sesn3/sqstm1/nfe2l2a/psen1/sncb/dnmt3ab/parp1/tango2/ctns/hdac10/rest/usp48/kif22/pink1/pcxa/gdpd5a/klhl41b/sigmar1/mtmr12/poc1b/fbxl3a/lamc1",31
"GO:0002377","immunoglobulin production","2/1978","15/18773",0.133333333333333,1.2654533198517,0.352954673850172,0.479301992609755,0.895533492599618,0.792272646984569,"rnf168/prkdc",2
"GO:0006884","cell volume homeostasis","2/1978","15/18773",0.133333333333333,1.2654533198517,0.352954673850172,0.479301992609755,0.895533492599618,0.792272646984569,"slc12a4/piezo1",2
"GO:0007350","blastoderm segmentation","2/1978","15/18773",0.133333333333333,1.2654533198517,0.352954673850172,0.479301992609755,0.895533492599618,0.792272646984569,"pum1/dctn2",2
"GO:0009262","deoxyribonucleotide metabolic process","2/1978","15/18773",0.133333333333333,1.2654533198517,0.352954673850172,0.479301992609755,0.895533492599618,0.792272646984569,"dut/dera",2
"GO:0031641","regulation of myelination","2/1978","15/18773",0.133333333333333,1.2654533198517,0.352954673850172,0.479301992609755,0.895533492599618,0.792272646984569,"fbxw7/tenm4",2
"GO:0032366","intracellular sterol transport","2/1978","15/18773",0.133333333333333,1.2654533198517,0.352954673850172,0.479301992609755,0.895533492599618,0.792272646984569,"stab2/stab1",2
"GO:0032790","ribosome disassembly","2/1978","15/18773",0.133333333333333,1.2654533198517,0.352954673850172,0.479301992609755,0.895533492599618,0.792272646984569,"rnf25/pelo",2
"GO:0032885","regulation of polysaccharide biosynthetic process","2/1978","15/18773",0.133333333333333,1.2654533198517,0.352954673850172,0.479301992609755,0.895533492599618,0.792272646984569,"ppp1r3b/ppp1r3da",2
"GO:0035268","protein mannosylation","2/1978","15/18773",0.133333333333333,1.2654533198517,0.352954673850172,0.479301992609755,0.895533492599618,0.792272646984569,"dpm1/tmtc4",2
"GO:0035269","protein O-linked mannosylation","2/1978","15/18773",0.133333333333333,1.2654533198517,0.352954673850172,0.479301992609755,0.895533492599618,0.792272646984569,"dpm1/tmtc4",2
"GO:0035907","dorsal aorta development","2/1978","15/18773",0.133333333333333,1.2654533198517,0.352954673850172,0.479301992609755,0.895533492599618,0.792272646984569,"dlc/smo",2
"GO:0046112","nucleobase biosynthetic process","2/1978","15/18773",0.133333333333333,1.2654533198517,0.352954673850172,0.479301992609755,0.895533492599618,0.792272646984569,"aprt/ctps1a",2
"GO:0046653","tetrahydrofolate metabolic process","2/1978","15/18773",0.133333333333333,1.2654533198517,0.352954673850172,0.479301992609755,0.895533492599618,0.792272646984569,"aldh1l1/shmt1",2
"GO:0048640","negative regulation of developmental growth","2/1978","15/18773",0.133333333333333,1.2654533198517,0.352954673850172,0.479301992609755,0.895533492599618,0.792272646984569,"wwc3/dusp6",2
"GO:0048742","regulation of skeletal muscle fiber development","2/1978","15/18773",0.133333333333333,1.2654533198517,0.352954673850172,0.479301992609755,0.895533492599618,0.792272646984569,"neu1/fbxo22",2
"GO:0061548","ganglion development","2/1978","15/18773",0.133333333333333,1.2654533198517,0.352954673850172,0.479301992609755,0.895533492599618,0.792272646984569,"ascl1a/oxr1b",2
"GO:0062237","protein localization to postsynapse","2/1978","15/18773",0.133333333333333,1.2654533198517,0.352954673850172,0.479301992609755,0.895533492599618,0.792272646984569,"erbin/stx3a",2
"GO:0072148","epithelial cell fate commitment","2/1978","15/18773",0.133333333333333,1.2654533198517,0.352954673850172,0.479301992609755,0.895533492599618,0.792272646984569,"tcf7l1b/smo",2
"GO:0097320","plasma membrane tubulation","2/1978","15/18773",0.133333333333333,1.2654533198517,0.352954673850172,0.479301992609755,0.895533492599618,0.792272646984569,"bin2b/pacsin3",2
"GO:0097502","mannosylation","2/1978","15/18773",0.133333333333333,1.2654533198517,0.352954673850172,0.479301992609755,0.895533492599618,0.792272646984569,"dpm1/tmtc4",2
"GO:0098877","neurotransmitter receptor transport to plasma membrane","2/1978","15/18773",0.133333333333333,1.2654533198517,0.352954673850172,0.479301992609755,0.895533492599618,0.792272646984569,"erbin/stx3a",2
"GO:0098969","neurotransmitter receptor transport to postsynaptic membrane","2/1978","15/18773",0.133333333333333,1.2654533198517,0.352954673850172,0.479301992609755,0.895533492599618,0.792272646984569,"erbin/stx3a",2
"GO:1903539","protein localization to postsynaptic membrane","2/1978","15/18773",0.133333333333333,1.2654533198517,0.352954673850172,0.479301992609755,0.895533492599618,0.792272646984569,"erbin/stx3a",2
"GO:1903540","establishment of protein localization to postsynaptic membrane","2/1978","15/18773",0.133333333333333,1.2654533198517,0.352954673850172,0.479301992609755,0.895533492599618,0.792272646984569,"erbin/stx3a",2
"GO:1904375","regulation of protein localization to cell periphery","2/1978","15/18773",0.133333333333333,1.2654533198517,0.352954673850172,0.479301992609755,0.895533492599618,0.792272646984569,"ap1b1/cnstb",2
"GO:0000077","DNA damage checkpoint signaling","5/1978","43/18773",0.116279069767442,1.10359301149858,0.233385682463224,0.479360993605635,0.895533492599618,0.792272646984569,"mre11a/ccnd1/rad9a/fancd2/babam2",5
"GO:0009145","purine nucleoside triphosphate biosynthetic process","5/1978","43/18773",0.116279069767442,1.10359301149858,0.233385682463224,0.479360993605635,0.895533492599618,0.792272646984569,"atp5mc1/atp5pd/nme2b.2/antkmt/atp5f1d",5
"GO:0009206","purine ribonucleoside triphosphate biosynthetic process","5/1978","43/18773",0.116279069767442,1.10359301149858,0.233385682463224,0.479360993605635,0.895533492599618,0.792272646984569,"atp5mc1/atp5pd/nme2b.2/antkmt/atp5f1d",5
"GO:0010721","negative regulation of cell development","5/1978","43/18773",0.116279069767442,1.10359301149858,0.233385682463224,0.479360993605635,0.895533492599618,0.792272646984569,"sirt2/irf2bp2b/rest/loxl3b/qkia",5
"GO:0009314","response to radiation","19/1978","175/18773",0.108571428571429,1.03044056045067,0.138840752577301,0.481142372456959,0.898278134690895,0.794700813962858,"atp6v0e1/pold3/brat1/ddb2/psen1/mapk14a/rnf168/perp/rad9a/mapk14b/ints3/wee1/bbc3/aurkb/babam2/poc1b/fbxl3a/lamc1/dhdds",19
"GO:0006909","phagocytosis","7/1978","62/18773",0.112903225806452,1.07155321439055,0.193666679323824,0.483348277157933,0.901811279755755,0.797826564385202,"rab7a/tyro3/bin2b/rab14/scarb1/zgc:100918/anxa11b",7
"GO:0003231","cardiac ventricle development","4/1978","34/18773",0.117647058823529,1.11657645869268,0.233483139098464,0.488023921969614,0.908766876056038,0.8039801351201,"arnt2/rbx1/smo/fntb",4
"GO:0030223","neutrophil differentiation","4/1978","34/18773",0.117647058823529,1.11657645869268,0.233483139098464,0.488023921969614,0.908766876056038,0.8039801351201,"ncor2/srp19/jagn1b/hax1",4
"GO:0071600","otic vesicle morphogenesis","4/1978","34/18773",0.117647058823529,1.11657645869268,0.233483139098464,0.488023921969614,0.908766876056038,0.8039801351201,"cep290/eya1/crbn/smad5",4
"GO:0010638","positive regulation of organelle organization","13/1978","119/18773",0.109243697478992,1.03682099735749,0.138280663497589,0.488893420262107,0.909797134601605,0.804891598143783,"anapc11/cdc42ep1a/zgc:109889/vaspb/rock1/entr1/pink1/bbc3/tapt1a/aurkb/zgc:66447/atf7ip/zgc:154093",13
"GO:0003205","cardiac chamber development","6/1978","53/18773",0.113207547169811,1.07444149798729,0.186242386817379,0.491108180830699,0.911560152419304,0.80645132852199,"arnt2/rbx1/smo/nr2f1a/acvr1l/fntb",6
"GO:0009266","response to temperature stimulus","6/1978","53/18773",0.113207547169811,1.07444149798729,0.186242386817379,0.491108180830699,0.911560152419304,0.80645132852199,"hikeshi/sumo1/dnmt3ab/dnaja2b/metrnla/gclc",6
"GO:0060113","inner ear receptor cell differentiation","6/1978","53/18773",0.113207547169811,1.07444149798729,0.186242386817379,0.491108180830699,0.911560152419304,0.80645132852199,"pi4kb/myo7aa/dctn2/myo6a/stat3/mif",6
"GO:1902905","positive regulation of supramolecular fiber organization","6/1978","53/18773",0.113207547169811,1.07444149798729,0.186242386817379,0.491108180830699,0.911560152419304,0.80645132852199,"cdc42ep1a/zgc:109889/vaspb/rock1/zgc:66447/zgc:154093",6
"GO:0043523","regulation of neuron apoptotic process","8/1978","72/18773",0.111111111111111,1.05454443320975,0.159133889803987,0.492832227967189,0.91417041899523,0.808760614357232,"egln2/yju2/hm13/gsk3ab/psenen/egln1b/arf6b/sppl3",8
"GO:0048588","developmental cell growth","12/1978","110/18773",0.109090909090909,1.03537089806048,0.127682128377078,0.494840222668728,0.917303685965161,0.811532595233983,"cxcl12a/appb/ext2/fam53b/myo9ab/fus/pik3ca/mapk14a/tmem59l/ist1/ewsr1a/mycbp2",12
"GO:0000226","microtubule cytoskeleton organization","41/1978","385/18773",0.106493506493506,1.01071921001142,0.0729296802152696,0.495890580820393,0.918658854488263,0.812731503998178,"rock2a/apc/tbcb/lzts2a/camsap1b/cep350/prc1b/clip2/cep192/diaph2/ttll4/mark2a/gas8/tubgcp3/dctn2/chordc1a/gsk3ab/map1sb/mark4a/ndel1b/dync1li2/bicd2/pcnt/ptpa/ndc80/npm1b/traf3ip1/map7d1b/pafah1b1b/ewsr1a/sptlc1/tbce/usp33/tubgcp5/spice1/aurkb/pafah1b1a/zgc:66447/zgc:162200/poc1b/tpra",41
"GO:0003140","determination of left/right asymmetry in lateral mesoderm","3/1978","25/18773",0.12,1.13890798786653,0.238505371618273,0.498978556627044,0.920231607317952,0.814122908180966,"furina/nomo/acvr1l",3
"GO:0006779","porphyrin-containing compound biosynthetic process","3/1978","25/18773",0.12,1.13890798786653,0.238505371618273,0.498978556627044,0.920231607317952,0.814122908180966,"cox15/alad/snx3",3
"GO:0021514","ventral spinal cord interneuron differentiation","3/1978","25/18773",0.12,1.13890798786653,0.238505371618273,0.498978556627044,0.920231607317952,0.814122908180966,"dlc/olig2/jag2b",3
"GO:0033014","tetrapyrrole biosynthetic process","3/1978","25/18773",0.12,1.13890798786653,0.238505371618273,0.498978556627044,0.920231607317952,0.814122908180966,"cox15/alad/snx3",3
"GO:0042102","positive regulation of T cell proliferation","3/1978","25/18773",0.12,1.13890798786653,0.238505371618273,0.498978556627044,0.920231607317952,0.814122908180966,"si:dkey-192g7.3/si:dkey-169i5.4/cd276",3
"GO:0044380","protein localization to cytoskeleton","3/1978","25/18773",0.12,1.13890798786653,0.238505371618273,0.498978556627044,0.920231607317952,0.814122908180966,"cttnbp2nlb/rab11fip3/cep192",3
"GO:0048255","mRNA stabilization","3/1978","25/18773",0.12,1.13890798786653,0.238505371618273,0.498978556627044,0.920231607317952,0.814122908180966,"hnrnpa0a/igf2bp2b/qkia",3
"GO:0042098","T cell proliferation","5/1978","44/18773",0.113636363636364,1.07851135214634,0.178928661318333,0.500232256192266,0.921362484676791,0.815123388013275,"si:dkey-192g7.3/si:dkey-169i5.4/cd276/lgals9l3/klf9",5
"GO:0051250","negative regulation of lymphocyte activation","5/1978","44/18773",0.113636363636364,1.07851135214634,0.178928661318333,0.500232256192266,0.921362484676791,0.815123388013275,"si:dkey-192g7.3/si:dkey-169i5.4/cd276/lgals9l3/loxl3b",5
"GO:0048483","autonomic nervous system development","7/1978","63/18773",0.111111111111111,1.05454443320975,0.148820317414417,0.500745770797512,0.921540389817001,0.815280779531862,"ufd1l/chn1/gmds/ascl1a/med24/rest/phactr4b",7
"GO:0070121","Kupffer's vesicle development","9/1978","82/18773",0.109756097560976,1.04168413524378,0.129819480253027,0.501059505699055,0.921540389817001,0.815280779531862,"vgll4b/prickle2b/cnpy1/trim32/dnmt1/dnmt3bb.1/bbs7/ephb4b/cldn5a",9
"GO:0006839","mitochondrial transport","11/1978","101/18773",0.108910891089109,1.0336623652254,0.11640946880502,0.501289784519849,0.921540389817001,0.815280779531862,"smdt1b/bnip4/micu2/slc25a36a/dnajc19/timm10/rhot1a/slc25a24/mpc1/slc25a20/slc25a16",11
"GO:0001558","regulation of cell growth","8/1978","73/18773",0.10958904109589,1.04009861905619,0.117800858491689,0.508962864385643,0.928356392155778,0.821310852398394,"cxcl12a/sh3bp4a/ext2/lamtor2/pik3ca/mapk14a/cgrrf1/ewsr1a",8
"GO:0001764","neuron migration","6/1978","54/18773",0.111111111111111,1.05454443320975,0.137747714970753,0.509886528291633,0.928356392155778,0.821310852398394,"cxcl12a/srgap2/abi1a/rest/olig2/neo1b",6
"GO:0009247","glycolipid biosynthetic process","6/1978","54/18773",0.111111111111111,1.05454443320975,0.137747714970753,0.509886528291633,0.928356392155778,0.821310852398394,"pigp/pgap4/pigf/pigm/dpm1/st3gal8",6
"GO:0006862","nucleotide transport","4/1978","35/18773",0.114285714285714,1.0846742741586,0.172068867237712,0.511424235783896,0.928356392155778,0.821310852398394,"slc25a36a/slc17a9b/slc25a24/lrrc8ab",4
"GO:0043094","cellular metabolic compound salvage","4/1978","35/18773",0.114285714285714,1.0846742741586,0.172068867237712,0.511424235783896,0.928356392155778,0.821310852398394,"adka/aprt/mri1/adkb",4
"GO:0006027","glycosaminoglycan catabolic process","2/1978","16/18773",0.125,1.18636248736097,0.255926473682862,0.51435526211203,0.928356392155778,0.821310852398394,"cemip2/hyal1",2
"GO:0006346","DNA methylation-dependent heterochromatin formation","2/1978","16/18773",0.125,1.18636248736097,0.255926473682862,0.51435526211203,0.928356392155778,0.821310852398394,"dnmt1/atf7ip",2
"GO:0006942","regulation of striated muscle contraction","2/1978","16/18773",0.125,1.18636248736097,0.255926473682862,0.51435526211203,0.928356392155778,0.821310852398394,"erp44/atp2a2b",2
"GO:0007094","mitotic spindle assembly checkpoint signaling","2/1978","16/18773",0.125,1.18636248736097,0.255926473682862,0.51435526211203,0.928356392155778,0.821310852398394,"mad1l1/ndc80",2
"GO:0009067","aspartate family amino acid biosynthetic process","2/1978","16/18773",0.125,1.18636248736097,0.255926473682862,0.51435526211203,0.928356392155778,0.821310852398394,"mri1/mtrr",2
"GO:0019748","secondary metabolic process","2/1978","16/18773",0.125,1.18636248736097,0.255926473682862,0.51435526211203,0.928356392155778,0.821310852398394,"ddt/qdpra",2
"GO:0030497","fatty acid elongation","2/1978","16/18773",0.125,1.18636248736097,0.255926473682862,0.51435526211203,0.928356392155778,0.821310852398394,"hacd3/elovl8b",2
"GO:0030852","regulation of granulocyte differentiation","2/1978","16/18773",0.125,1.18636248736097,0.255926473682862,0.51435526211203,0.928356392155778,0.821310852398394,"nelfe/nelfb",2
"GO:0031577","spindle checkpoint signaling","2/1978","16/18773",0.125,1.18636248736097,0.255926473682862,0.51435526211203,0.928356392155778,0.821310852398394,"mad1l1/ndc80",2
"GO:0033046","negative regulation of sister chromatid segregation","2/1978","16/18773",0.125,1.18636248736097,0.255926473682862,0.51435526211203,0.928356392155778,0.821310852398394,"mad1l1/ndc80",2
"GO:0033048","negative regulation of mitotic sister chromatid segregation","2/1978","16/18773",0.125,1.18636248736097,0.255926473682862,0.51435526211203,0.928356392155778,0.821310852398394,"mad1l1/ndc80",2
"GO:0045841","negative regulation of mitotic metaphase/anaphase transition","2/1978","16/18773",0.125,1.18636248736097,0.255926473682862,0.51435526211203,0.928356392155778,0.821310852398394,"mad1l1/ndc80",2
"GO:0046337","phosphatidylethanolamine metabolic process","2/1978","16/18773",0.125,1.18636248736097,0.255926473682862,0.51435526211203,0.928356392155778,0.821310852398394,"etnk1/chka",2
"GO:0046634","regulation of alpha-beta T cell activation","2/1978","16/18773",0.125,1.18636248736097,0.255926473682862,0.51435526211203,0.928356392155778,0.821310852398394,"lgals9l3/loxl3b",2
"GO:0048668","collateral sprouting","2/1978","16/18773",0.125,1.18636248736097,0.255926473682862,0.51435526211203,0.928356392155778,0.821310852398394,"pik3ca/mapk14a",2
"GO:0048885","neuromast deposition","2/1978","16/18773",0.125,1.18636248736097,0.255926473682862,0.51435526211203,0.928356392155778,0.821310852398394,"aldh1l1/smad5",2
"GO:0060396","growth hormone receptor signaling pathway","2/1978","16/18773",0.125,1.18636248736097,0.255926473682862,0.51435526211203,0.928356392155778,0.821310852398394,"jak1/stat3",2
"GO:0060416","response to growth hormone","2/1978","16/18773",0.125,1.18636248736097,0.255926473682862,0.51435526211203,0.928356392155778,0.821310852398394,"jak1/stat3",2
"GO:0070873","regulation of glycogen metabolic process","2/1978","16/18773",0.125,1.18636248736097,0.255926473682862,0.51435526211203,0.928356392155778,0.821310852398394,"ppp1r3b/ppp1r3da",2
"GO:0071173","spindle assembly checkpoint signaling","2/1978","16/18773",0.125,1.18636248736097,0.255926473682862,0.51435526211203,0.928356392155778,0.821310852398394,"mad1l1/ndc80",2
"GO:0071174","mitotic spindle checkpoint signaling","2/1978","16/18773",0.125,1.18636248736097,0.255926473682862,0.51435526211203,0.928356392155778,0.821310852398394,"mad1l1/ndc80",2
"GO:0071378","cellular response to growth hormone stimulus","2/1978","16/18773",0.125,1.18636248736097,0.255926473682862,0.51435526211203,0.928356392155778,0.821310852398394,"jak1/stat3",2
"GO:0090559","regulation of membrane permeability","2/1978","16/18773",0.125,1.18636248736097,0.255926473682862,0.51435526211203,0.928356392155778,0.821310852398394,"bnip4/rhot1a",2
"GO:2000816","negative regulation of mitotic sister chromatid separation","2/1978","16/18773",0.125,1.18636248736097,0.255926473682862,0.51435526211203,0.928356392155778,0.821310852398394,"mad1l1/ndc80",2
"GO:0051146","striated muscle cell differentiation","26/1978","245/18773",0.106122448979592,1.00719754029013,0.0389162771911607,0.51550929493197,0.929855950795785,0.822637502158392,"tmod2/ik/cxcl12a/myo18ab/neu1/fbxo22/kirrel3l/myo9ab/orai1b/prdm1a/mapk14a/tango2/gsk3ab/myl9b/rac1a/mef2d/dab2/pbx2/mapk14b/ppp2r2d/klhl41b/csrp1a/smo/nr2f1a/mtmr12/qkia",26
"GO:1901699","cellular response to nitrogen compound","16/1978","150/18773",0.106666666666667,1.01236265588136,0.0521688184751985,0.518570970843493,0.934792407967876,0.827004753660181,"jak1/pdk4/castor2/zgc:123305/lpin2/sesn3/chrnb2/irs1/gsk3ab/sesn1/chrng/tsc2/stat3/nsg2/gnal/irs2a",16
"GO:0030865","cortical cytoskeleton organization","5/1978","45/18773",0.111111111111111,1.05454443320975,0.125715666462324,0.520772101538613,0.937219627452091,0.829152098925839,"rock2a/rhogb/rac1a/rock1/rac1b",5
"GO:0071692","protein localization to extracellular region","5/1978","45/18773",0.111111111111111,1.05454443320975,0.125715666462324,0.520772101538613,0.937219627452091,0.829152098925839,"wls/mia2/tango2/mia3/nrros",5
"GO:1901617","organic hydroxy compound biosynthetic process","12/1978","112/18773",0.107142857142857,1.01688213202369,0.0614960554246622,0.520894746018733,0.937219627452091,0.829152098925839,"fgfr4/hmgcs1/ddt/qdpra/faxdc2/hmgcrb/hsd17b7/sptlc1/cyp7b1/srd5a3/ch25h/dhdds",12
"GO:0010720","positive regulation of cell development","10/1978","93/18773",0.10752688172043,1.02052687084815,0.068101111535,0.522590233118536,0.939095628158669,0.830811784529814,"cxcl12a/fxr1/plxnb3/ddx46/fmr1/add1/tenm4/olig2/serpinf1/stat3",10
"GO:0021510","spinal cord development","10/1978","93/18773",0.10752688172043,1.02052687084815,0.068101111535,0.522590233118536,0.939095628158669,0.830811784529814,"dlc/rnf220a/sfpq/olig2/jag2b/traf3ip1/arf6b/si:dkey-258f14.3/smo/loxl3b",10
"GO:0009798","axis specification","8/1978","74/18773",0.108108108108108,1.02604323231219,0.0770335595918177,0.524924770844478,0.941294912322959,0.83275747690281,"ccm2l/pum1/prdm1a/net1/dctn2/ap2a1/macf1a/krit1",8
"GO:0000038","very long-chain fatty acid metabolic process","3/1978","26/18773",0.115384615384615,1.09510383448705,0.16653181838174,0.52610435141304,0.941294912322959,0.83275747690281,"tecrb/hacd3/elovl8b",3
"GO:0000462","maturation of SSU-rRNA from tricistronic rRNA transcript (SSU-rRNA, 5.8S rRNA, LSU-rRNA)","3/1978","26/18773",0.115384615384615,1.09510383448705,0.16653181838174,0.52610435141304,0.941294912322959,0.83275747690281,"bms1/dhx37/tsr2",3
"GO:0002068","glandular epithelial cell development","3/1978","26/18773",0.115384615384615,1.09510383448705,0.16653181838174,0.52610435141304,0.941294912322959,0.83275747690281,"dhps/thada/cdkal1",3
"GO:0007031","peroxisome organization","3/1978","26/18773",0.115384615384615,1.09510383448705,0.16653181838174,0.52610435141304,0.941294912322959,0.83275747690281,"pex5/zfand6/pex3",3
"GO:0007091","metaphase/anaphase transition of mitotic cell cycle","3/1978","26/18773",0.115384615384615,1.09510383448705,0.16653181838174,0.52610435141304,0.941294912322959,0.83275747690281,"anapc11/mad1l1/ndc80",3
"GO:0016241","regulation of macroautophagy","3/1978","26/18773",0.115384615384615,1.09510383448705,0.16653181838174,0.52610435141304,0.941294912322959,0.83275747690281,"sesn3/scoca/sesn1",3
"GO:0009612","response to mechanical stimulus","6/1978","55/18773",0.109090909090909,1.03537089806048,0.0901521569985355,0.528400919089726,0.943643354575507,0.834835128464802,"ap1b1/get1/myo7aa/myo6a/usp48/piezo1",6
"GO:0022409","positive regulation of cell-cell adhesion","6/1978","55/18773",0.109090909090909,1.03537089806048,0.0901521569985355,0.528400919089726,0.943643354575507,0.834835128464802,"podxl/b2m/si:dkey-192g7.3/si:dkey-169i5.4/cd276/fam49bb",6
"GO:0051495","positive regulation of cytoskeleton organization","6/1978","55/18773",0.109090909090909,1.03537089806048,0.0901521569985355,0.528400919089726,0.943643354575507,0.834835128464802,"cdc42ep1a/zgc:109889/vaspb/rock1/zgc:66447/zgc:154093",6
"GO:0007517","muscle organ development","24/1978","228/18773",0.105263157894737,0.999042094619765,-0.00499407464723556,0.534158114000644,0.95008934410498,0.840537853409378,"mbnl2/fermt2/atoh8/ik/myo18ab/fhl1b/fxr1/neu1/fbxo22/postnb/myo9ab/taf3/cemip2/noc3l/tango2/pbx2/klhl41b/rbx1/lmna/smo/mtmr12/blzf1/qkia/lamc1",24
"GO:0003351","epithelial cilium movement involved in extracellular fluid movement","4/1978","36/18773",0.111111111111111,1.05454443320975,0.112416502008849,0.534322057268633,0.95008934410498,0.840537853409378,"gas8/rpgrb/traf3ip1/poc1b",4
"GO:0006858","extracellular transport","4/1978","36/18773",0.111111111111111,1.05454443320975,0.112416502008849,0.534322057268633,0.95008934410498,0.840537853409378,"gas8/rpgrb/traf3ip1/poc1b",4
"GO:0021522","spinal cord motor neuron differentiation","4/1978","36/18773",0.111111111111111,1.05454443320975,0.112416502008849,0.534322057268633,0.95008934410498,0.840537853409378,"sfpq/olig2/jag2b/smo",4
"GO:0042113","B cell activation","4/1978","36/18773",0.111111111111111,1.05454443320975,0.112416502008849,0.534322057268633,0.95008934410498,0.840537853409378,"slc39a7/rnf168/prkdc/dnmt1",4
"GO:0043534","blood vessel endothelial cell migration","4/1978","36/18773",0.111111111111111,1.05454443320975,0.112416502008849,0.534322057268633,0.95008934410498,0.840537853409378,"plekhg5b/arfgef2/sirt1/plekhg5a",4
"GO:0046328","regulation of JNK cascade","4/1978","36/18773",0.111111111111111,1.05454443320975,0.112416502008849,0.534322057268633,0.95008934410498,0.840537853409378,"pigp/aida/traf2b/rassf2a",4
"GO:0050905","neuromuscular process","7/1978","65/18773",0.107692307692308,1.02209691218791,0.0612425125461699,0.534931873439459,0.950586164228118,0.840977386935803,"snap29/get1/psen2/tnni4b.2/tnni2b.1/eya4/mycbp2",7
"GO:0009063","amino acid catabolic process","10/1978","94/18773",0.106382978723404,1.00967020200934,0.0322552991877191,0.536696649703431,0.953133494565907,0.84323099349116,"gcsha/blmh/gstz1/gpt2/qdpra/hibch/afmid/aldh6a1/aldh4a1/got2b",10
"GO:0009260","ribonucleotide biosynthetic process","13/1978","123/18773",0.105691056910569,1.00310324134586,0.0118496931099538,0.538732063936684,0.955071982991716,0.844945961573265,"adka/atp5mc1/aprt/atp5pd/ctps1a/gmps/nme2b.2/papss1/antkmt/adkb/atp5f1d/npr1a/atic",13
"GO:0030318","melanocyte differentiation","5/1978","46/18773",0.108695652173913,1.03161955422693,0.073684979300876,0.540940845736701,0.955071982991716,0.844945961573265,"ctbp2a/psen1/psen2/dicer1/hipk2",5
"GO:0035265","organ growth","5/1978","46/18773",0.108695652173913,1.03161955422693,0.073684979300876,0.540940845736701,0.955071982991716,0.844945961573265,"wwc3/dusp6/lats2/larp7/npr1a",5
"GO:0001501","skeletal system development","45/1978","430/18773",0.104651162790698,0.99323371034872,-0.0487111118019405,0.54316464870662,0.955071982991716,0.844945961573265,"smc5/cog4/sin3b/spns2/egr1/apc/sec23a/ext2/nansa/furina/hmgcs1/ep300b/acsl4b/prdm1a/unc45a/sh3pxd2b/nipblb/wls/mia2/hcfc1b/rit1/aldh1l1/fmr1/ponzr1/mia3/rgp1/dnmt1/aldh7a1/atg13/nomo/skib/rerea/uba2/hmgcrb/piezo1/kdm6a/atp6v1h/stat3/ewsr1a/tapt1a/col27a1b/smo/acvr1l/loxl3b/pmm2",45
"GO:0048545","response to steroid hormone","6/1978","56/18773",0.107142857142857,1.01688213202369,0.0434191780657135,0.546621144922365,0.955071982991716,0.844945961573265,"vhl/cnot9/kank2/pagr1/arnt/junba",6
"GO:0000463","maturation of LSU-rRNA from tricistronic rRNA transcript (SSU-rRNA, 5.8S rRNA, LSU-rRNA)","2/1978","17/18773",0.117647058823529,1.11657645869268,0.165022673725244,0.547806463079785,0.955071982991716,0.844945961573265,"rbm34/nol9",2
"GO:0000731","DNA synthesis involved in DNA repair","2/1978","17/18773",0.117647058823529,1.11657645869268,0.165022673725244,0.547806463079785,0.955071982991716,0.844945961573265,"pold3/pcna",2
"GO:0006241","CTP biosynthetic process","2/1978","17/18773",0.117647058823529,1.11657645869268,0.165022673725244,0.547806463079785,0.955071982991716,0.844945961573265,"ctps1a/nme2b.2",2
"GO:0009084","glutamine family amino acid biosynthetic process","2/1978","17/18773",0.117647058823529,1.11657645869268,0.165022673725244,0.547806463079785,0.955071982991716,0.844945961573265,"glula/glulb",2
"GO:0009209","pyrimidine ribonucleoside triphosphate biosynthetic process","2/1978","17/18773",0.117647058823529,1.11657645869268,0.165022673725244,0.547806463079785,0.955071982991716,0.844945961573265,"ctps1a/nme2b.2",2
"GO:0010977","negative regulation of neuron projection development","2/1978","17/18773",0.117647058823529,1.11657645869268,0.165022673725244,0.547806463079785,0.955071982991716,0.844945961573265,"socs3a/sfpq",2
"GO:0022010","central nervous system myelination","2/1978","17/18773",0.117647058823529,1.11657645869268,0.165022673725244,0.547806463079785,0.955071982991716,0.844945961573265,"gpm6ba/tenm4",2
"GO:0032291","axon ensheathment in central nervous system","2/1978","17/18773",0.117647058823529,1.11657645869268,0.165022673725244,0.547806463079785,0.955071982991716,0.844945961573265,"gpm6ba/tenm4",2
"GO:0032881","regulation of polysaccharide metabolic process","2/1978","17/18773",0.117647058823529,1.11657645869268,0.165022673725244,0.547806463079785,0.955071982991716,0.844945961573265,"ppp1r3b/ppp1r3da",2
"GO:0033617","mitochondrial cytochrome c oxidase assembly","2/1978","17/18773",0.117647058823529,1.11657645869268,0.165022673725244,0.547806463079785,0.955071982991716,0.844945961573265,"cox19/cox20",2
"GO:0048246","macrophage chemotaxis","2/1978","17/18773",0.117647058823529,1.11657645869268,0.165022673725244,0.547806463079785,0.955071982991716,0.844945961573265,"lgals3b/p2rx7",2
"GO:0050890","cognition","2/1978","17/18773",0.117647058823529,1.11657645869268,0.165022673725244,0.547806463079785,0.955071982991716,0.844945961573265,"fmr1/pcxa",2
"GO:0050918","positive chemotaxis","2/1978","17/18773",0.117647058823529,1.11657645869268,0.165022673725244,0.547806463079785,0.955071982991716,0.844945961573265,"cxcl12a/lgals3b",2
"GO:0051985","negative regulation of chromosome segregation","2/1978","17/18773",0.117647058823529,1.11657645869268,0.165022673725244,0.547806463079785,0.955071982991716,0.844945961573265,"mad1l1/ndc80",2
"GO:0072102","glomerulus morphogenesis","2/1978","17/18773",0.117647058823529,1.11657645869268,0.165022673725244,0.547806463079785,0.955071982991716,0.844945961573265,"podxl/ponzr1",2
"GO:0086010","membrane depolarization during action potential","2/1978","17/18773",0.117647058823529,1.11657645869268,0.165022673725244,0.547806463079785,0.955071982991716,0.844945961573265,"scn4bb/slmapa",2
"GO:0097720","calcineurin-mediated signaling","2/1978","17/18773",0.117647058823529,1.11657645869268,0.165022673725244,0.547806463079785,0.955071982991716,0.844945961573265,"chp2/ppp3ccb",2
"GO:1902100","negative regulation of metaphase/anaphase transition of cell cycle","2/1978","17/18773",0.117647058823529,1.11657645869268,0.165022673725244,0.547806463079785,0.955071982991716,0.844945961573265,"mad1l1/ndc80",2
"GO:1905819","negative regulation of chromosome separation","2/1978","17/18773",0.117647058823529,1.11657645869268,0.165022673725244,0.547806463079785,0.955071982991716,0.844945961573265,"mad1l1/ndc80",2
"GO:1901292","nucleoside phosphate catabolic process","10/1978","95/18773",0.105263157894737,0.999042094619765,-0.00321216349334002,0.55065308318785,0.955071982991716,0.844945961573265,"tpi1a/hint1/dut/entpd1/bpgm/dera/entpd5b/dhtkd1/nudt12/adpgk2",10
"GO:0060271","cilium assembly","36/1978","345/18773",0.104347826086957,0.990354772057854,-0.0620527958271159,0.551098307100941,0.955071982991716,0.844945961573265,"sirt2/pi4kb/appb/cep290/vgll4b/prickle2b/rab11fip3/rpe/ttc39c/ptpdc1b/intu/gas8/pam/b9d1/kif3b/rpgrb/cluap1/mcm2/rab35b/mak/ift52/entr1/dnmt3bb.1/bbs7/usp8/sclt1/fto/rilpl2/ttc9c/traf3ip1/cplane2/ift27/tapt1a/grk5l/poc1b/alkbh3",36
"GO:0006637","acyl-CoA metabolic process","7/1978","66/18773",0.106060606060606,1.00661059533658,0.0184624307724571,0.551670686951168,0.955071982991716,0.844945961573265,"aclya/pdk4/hmgcs1/acsl3b/acot9.1/acsm3/suclg2",7
"GO:0035383","thioester metabolic process","7/1978","66/18773",0.106060606060606,1.00661059533658,0.0184624307724571,0.551670686951168,0.955071982991716,0.844945961573265,"aclya/pdk4/hmgcs1/acsl3b/acot9.1/acsm3/suclg2",7
"GO:0050931","pigment cell differentiation","7/1978","66/18773",0.106060606060606,1.00661059533658,0.0184624307724571,0.551670686951168,0.955071982991716,0.844945961573265,"tfec/ctbp2a/psen1/psen2/nrarpa/dicer1/hipk2",7
"GO:0000184","nuclear-transcribed mRNA catabolic process, nonsense-mediated decay","3/1978","27/18773",0.111111111111111,1.05454443320975,0.0973321734216996,0.552394779179081,0.955071982991716,0.844945961573265,"upf3b/pnrc2/casc3",3
"GO:0006084","acetyl-CoA metabolic process","3/1978","27/18773",0.111111111111111,1.05454443320975,0.0973321734216996,0.552394779179081,0.955071982991716,0.844945961573265,"aclya/pdk4/hmgcs1",3
"GO:0019827","stem cell population maintenance","3/1978","27/18773",0.111111111111111,1.05454443320975,0.0973321734216996,0.552394779179081,0.955071982991716,0.844945961573265,"cnot2/cnot3a/cnot3b",3
"GO:0032946","positive regulation of mononuclear cell proliferation","3/1978","27/18773",0.111111111111111,1.05454443320975,0.0973321734216996,0.552394779179081,0.955071982991716,0.844945961573265,"si:dkey-192g7.3/si:dkey-169i5.4/cd276",3
"GO:0044784","metaphase/anaphase transition of cell cycle","3/1978","27/18773",0.111111111111111,1.05454443320975,0.0973321734216996,0.552394779179081,0.955071982991716,0.844945961573265,"anapc11/mad1l1/ndc80",3
"GO:0048702","embryonic neurocranium morphogenesis","3/1978","27/18773",0.111111111111111,1.05454443320975,0.0973321734216996,0.552394779179081,0.955071982991716,0.844945961573265,"sec23a/prdm1a/smo",3
"GO:0048794","swim bladder development","3/1978","27/18773",0.111111111111111,1.05454443320975,0.0973321734216996,0.552394779179081,0.955071982991716,0.844945961573265,"atoh8/arnt2/smo",3
"GO:0050671","positive regulation of lymphocyte proliferation","3/1978","27/18773",0.111111111111111,1.05454443320975,0.0973321734216996,0.552394779179081,0.955071982991716,0.844945961573265,"si:dkey-192g7.3/si:dkey-169i5.4/cd276",3
"GO:0051304","chromosome separation","3/1978","27/18773",0.111111111111111,1.05454443320975,0.0973321734216996,0.552394779179081,0.955071982991716,0.844945961573265,"anapc11/mad1l1/ndc80",3
"GO:0060419","heart growth","3/1978","27/18773",0.111111111111111,1.05454443320975,0.0973321734216996,0.552394779179081,0.955071982991716,0.844945961573265,"dusp6/larp7/npr1a",3
"GO:0061462","protein localization to lysosome","3/1978","27/18773",0.111111111111111,1.05454443320975,0.0973321734216996,0.552394779179081,0.955071982991716,0.844945961573265,"lamtor4/glmp/sh3bp4a",3
"GO:0070665","positive regulation of leukocyte proliferation","3/1978","27/18773",0.111111111111111,1.05454443320975,0.0973321734216996,0.552394779179081,0.955071982991716,0.844945961573265,"si:dkey-192g7.3/si:dkey-169i5.4/cd276",3
"GO:0072599","establishment of protein localization to endoplasmic reticulum","3/1978","27/18773",0.111111111111111,1.05454443320975,0.0973321734216996,0.552394779179081,0.955071982991716,0.844945961573265,"srp19/spcs3/rab3gap2",3
"GO:1902373","negative regulation of mRNA catabolic process","3/1978","27/18773",0.111111111111111,1.05454443320975,0.0973321734216996,0.552394779179081,0.955071982991716,0.844945961573265,"hnrnpa0a/igf2bp2b/qkia",3
"GO:1905515","non-motile cilium assembly","3/1978","27/18773",0.111111111111111,1.05454443320975,0.0973321734216996,0.552394779179081,0.955071982991716,0.844945961573265,"appb/cep290/bbs7",3
"GO:0048667","cell morphogenesis involved in neuron differentiation","51/1978","489/18773",0.104294478527607,0.989848455712221,-0.0780601441986799,0.553449702772951,0.956321198124792,0.846051134063534,"ppp4ca/cxcl12a/appb/arhgap35a/robo4/apc/ext2/fam53b/exosc8/plxnb3/nrp2a/myo9ab/chn1/pitpnaa/ap4s1/fus/pik3ca/agrn/hecw2a/sfpq/sqstm1/mapk14a/fmr1/fzd3a/rac1a/map1sb/tmem59l/vaspb/efna1a/tenm4/rac1b/rest/enah/dock7/arnt2/kif22/slbp/rb1/ist1/neo1b/sema3ab/capn1a/stat3/usp33/smo/nrp2b/npr1a/lamc1/mycbp2/rapgef1a/plod3",51
"GO:0009895","negative regulation of catabolic process","8/1978","76/18773",0.105263157894737,0.999042094619765,-0.0028715861961222,0.556260049377243,0.956713934179088,0.846398585092306,"sirt2/hnrnpa0a/styx/dap/nrde2/igf2bp2b/atraid/qkia",8
"GO:0042490","mechanoreceptor differentiation","8/1978","76/18773",0.105263157894737,0.999042094619765,-0.0028715861961222,0.556260049377243,0.956713934179088,0.846398585092306,"pi4kb/myo7aa/socs3a/dctn2/myo6a/stat3/mif/eya4",8
"GO:0045785","positive regulation of cell adhesion","8/1978","76/18773",0.105263157894737,0.999042094619765,-0.0028715861961222,0.556260049377243,0.956713934179088,0.846398585092306,"podxl/b2m/robo4/si:dkey-192g7.3/si:dkey-169i5.4/lims1/cd276/fam49bb",8
"GO:0002062","chondrocyte differentiation","4/1978","37/18773",0.108108108108108,1.02604323231219,0.0544171409540404,0.556669838656862,0.956713934179088,0.846398585092306,"hcfc1b/atg13/ewsr1a/pmm2",4
"GO:0007088","regulation of mitotic nuclear division","4/1978","37/18773",0.108108108108108,1.02604323231219,0.0544171409540404,0.556669838656862,0.956713934179088,0.846398585092306,"anapc11/mad1l1/ndc80/ewsr1a",4
"GO:0048919","posterior lateral line neuromast development","4/1978","37/18773",0.108108108108108,1.02604323231219,0.0544171409540404,0.556669838656862,0.956713934179088,0.846398585092306,"socs3a/stat3/eya4/smad5",4
"GO:0051875","pigment granule localization","4/1978","37/18773",0.108108108108108,1.02604323231219,0.0544171409540404,0.556669838656862,0.956713934179088,0.846398585092306,"prickle2b/trim32/bbs7/ift27",4
"GO:0060037","pharyngeal system development","4/1978","37/18773",0.108108108108108,1.02604323231219,0.0544171409540404,0.556669838656862,0.956713934179088,0.846398585092306,"rarga/prdm1a/rerea/smad5",4
"GO:0070918","regulatory ncRNA processing","4/1978","37/18773",0.108108108108108,1.02604323231219,0.0544171409540404,0.556669838656862,0.956713934179088,0.846398585092306,"pum1/eif1axb/pum2/dicer1",4
"GO:0043542","endothelial cell migration","5/1978","47/18773",0.106382978723404,1.00967020200934,0.0227793002130873,0.560703155380732,0.962495810280647,0.851513773213547,"robo4/plekhg5b/arfgef2/sirt1/plekhg5a",5
"GO:0071674","mononuclear cell migration","5/1978","47/18773",0.106382978723404,1.00967020200934,0.0227793002130873,0.560703155380732,0.962495810280647,0.851513773213547,"spns2/hmox1a/lgals3b/p2rx7/ch25h",5
"GO:0070085","glycosylation","22/1978","212/18773",0.10377358490566,0.984904706488353,-0.0758555251328882,0.563577095228136,0.966740165907239,0.855268726986702,"si:zfos-464b6.2/ext2/nansa/pomgnt1/poglut1/dpm1/pomk/tmtc4/slc35c1/gcnt4a/galnt11/alg9/mgat1b/b3gnt2b/st3gal8/uggt2/si:ch73-91k6.2/pmm2/mgat4a/srd5a3/si:dkey-56i24.1/c1galt1b",22
"GO:0009142","nucleoside triphosphate biosynthetic process","6/1978","57/18773",0.105263157894737,0.999042094619765,-0.00248560397309058,0.564519804909337,0.966740165907239,0.855268726986702,"atp5mc1/atp5pd/ctps1a/nme2b.2/antkmt/atp5f1d",6
"GO:0045664","regulation of neuron differentiation","6/1978","57/18773",0.105263157894737,0.999042094619765,-0.00248560397309058,0.564519804909337,0.966740165907239,0.855268726986702,"appb/prdm1a/ascl1a/rest/gdpd5a/lfng",6
"GO:0071478","cellular response to radiation","6/1978","57/18773",0.105263157894737,0.999042094619765,-0.00248560397309058,0.564519804909337,0.966740165907239,0.855268726986702,"pold3/mapk14a/rad9a/mapk14b/bbc3/aurkb",6
"GO:0032870","cellular response to hormone stimulus","24/1978","232/18773",0.103448275862069,0.981817230919424,-0.0956347773410154,0.570005079345413,0.968508638748665,0.856833283388864,"jak1/apc/rxrbb/pdk4/zgc:123305/tgif1/vhl/rarga/cnot9/kank2/lpin2/nfe2l2a/dhrs3a/avpr1ab/hdlbpa/lman1/irs1/gsk3ab/adipor2/pagr1/arnt/tsc2/stat3/irs2a",24
"GO:0042127","regulation of cell population proliferation","33/1978","319/18773",0.103448275862069,0.981817230919424,-0.112405747743732,0.572100840250605,0.968508638748665,0.856833283388864,"sirt2/cxcl12a/jcada/psmd10/sh3bp4a/naa35/il13ra2/si:dkey-192g7.3/si:dkey-169i5.4/phf14/tgif1/si:dkey-42i9.4/nf2b/kank2/gmds/cd276/lgals9l3/cdkn1ba/il6st/ptk2ab/men1/ptena/tcf7l1b/nupr1a/saal1/ptenb/atg13/pdgfab/atraid/stat3/ago3b/larp7/junba",33
"GO:0051130","positive regulation of cellular component organization","25/1978","242/18773",0.103305785123967,0.980464865587579,-0.104967069116041,0.573059011147011,0.968508638748665,0.856833283388864,"anapc11/cxcl12a/cdc42ep1a/plxnb3/psmc6/zgc:109889/selenow2a/cemip2/il6st/mapk14a/add1/dab2/vaspb/tenm4/rock1/mapk14b/entr1/pink1/bbc3/tapt1a/twf1a/aurkb/zgc:66447/atf7ip/zgc:154093",25
"GO:0009165","nucleotide biosynthetic process","16/1978","155/18773",0.103225806451613,0.979705796014221,-0.0870662360142613,0.573550524841004,0.968508638748665,0.856833283388864,"adka/dut/atp5mc1/aprt/atp5pd/ctps1a/flad1/gmps/afmid/nme2b.2/papss1/antkmt/adkb/atp5f1d/npr1a/atic",16
"GO:0048675","axon extension","9/1978","87/18773",0.103448275862069,0.981817230919424,-0.0583364355669997,0.574896296698677,0.968508638748665,0.856833283388864,"cxcl12a/appb/ext2/fam53b/myo9ab/fus/tmem59l/ist1/mycbp2",9
"GO:0046390","ribose phosphate biosynthetic process","13/1978","126/18773",0.103174603174603,0.979219830837627,-0.0803171479049046,0.575031844908065,0.968508638748665,0.856833283388864,"adka/atp5mc1/aprt/atp5pd/ctps1a/gmps/nme2b.2/papss1/antkmt/adkb/atp5f1d/npr1a/atic",13
"GO:0002066","columnar/cuboidal epithelial cell development","3/1978","28/18773",0.107142857142857,1.01688213202369,0.0306790564033052,0.577797003930463,0.968508638748665,0.856833283388864,"dhps/thada/cdkal1",3
"GO:0002183","cytoplasmic translational initiation","3/1978","28/18773",0.107142857142857,1.01688213202369,0.0306790564033052,0.577797003930463,0.968508638748665,0.856833283388864,"eif3ja/eif2b3/denr",3
"GO:0043489","RNA stabilization","3/1978","28/18773",0.107142857142857,1.01688213202369,0.0306790564033052,0.577797003930463,0.968508638748665,0.856833283388864,"hnrnpa0a/igf2bp2b/qkia",3
"GO:0048368","lateral mesoderm development","3/1978","28/18773",0.107142857142857,1.01688213202369,0.0306790564033052,0.577797003930463,0.968508638748665,0.856833283388864,"furina/nomo/acvr1l",3
"GO:0050982","detection of mechanical stimulus","3/1978","28/18773",0.107142857142857,1.01688213202369,0.0306790564033052,0.577797003930463,0.968508638748665,0.856833283388864,"ap1b1/myo7aa/piezo1",3
"GO:0051085","chaperone cofactor-dependent protein refolding","3/1978","28/18773",0.107142857142857,1.01688213202369,0.0306790564033052,0.577797003930463,0.968508638748665,0.856833283388864,"hspa5/tor2a/tor1",3
"GO:0051223","regulation of protein transport","3/1978","28/18773",0.107142857142857,1.01688213202369,0.0306790564033052,0.577797003930463,0.968508638748665,0.856833283388864,"oaz1a/sh3tc2/cnstb",3
"GO:0110020","regulation of actomyosin structure organization","3/1978","28/18773",0.107142857142857,1.01688213202369,0.0306790564033052,0.577797003930463,0.968508638748665,0.856833283388864,"alkbh4/rock1/klhl41b",3
"GO:1905517","macrophage migration","3/1978","28/18773",0.107142857142857,1.01688213202369,0.0306790564033052,0.577797003930463,0.968508638748665,0.856833283388864,"hmox1a/lgals3b/p2rx7",3
"GO:0051983","regulation of chromosome segregation","4/1978","38/18773",0.105263157894737,0.999042094619765,-0.0020284577877587,0.578427197767809,0.968508638748665,0.856833283388864,"anapc11/mad1l1/ndc80/aurkb",4
"GO:1902533","positive regulation of intracellular signal transduction","30/1978","291/18773",0.103092783505155,0.97844328854513,-0.127184132594558,0.579182706035845,0.968508638748665,0.856833283388864,"lamtor4/chp2/robo4/vav2/tab2/fgfr4/tnfsf10/lamtor2/map3k7/frmd6/otud5a/vhl/lta/net1/nck1a/traf2b/pagr1/sash1a/arnt/rictorb/ndc80/arnt2/akap13/rassf2a/lamtor5/lamtor3/pdgfab/tnfsf10l4/mios/flcn",30
"GO:0002042","cell migration involved in sprouting angiogenesis","2/1978","18/18773",0.111111111111111,1.05454443320975,0.0794523164769552,0.579603919853824,0.968508638748665,0.856833283388864,"arfgef2/sirt1",2
"GO:0002089","lens morphogenesis in camera-type eye","2/1978","18/18773",0.111111111111111,1.05454443320975,0.0794523164769552,0.579603919853824,0.968508638748665,0.856833283388864,"ptk2ab/tapt1a",2
"GO:0006085","acetyl-CoA biosynthetic process","2/1978","18/18773",0.111111111111111,1.05454443320975,0.0794523164769552,0.579603919853824,0.968508638748665,0.856833283388864,"aclya/pdk4",2
"GO:0006301","postreplication repair","2/1978","18/18773",0.111111111111111,1.05454443320975,0.0794523164769552,0.579603919853824,0.968508638748665,0.856833283388864,"pcna/ube2v1",2
"GO:0006760","folic acid-containing compound metabolic process","2/1978","18/18773",0.111111111111111,1.05454443320975,0.0794523164769552,0.579603919853824,0.968508638748665,0.856833283388864,"aldh1l1/shmt1",2
"GO:0008053","mitochondrial fusion","2/1978","18/18773",0.111111111111111,1.05454443320975,0.0794523164769552,0.579603919853824,0.968508638748665,0.856833283388864,"baxb/mfn1b",2
"GO:0008535","respiratory chain complex IV assembly","2/1978","18/18773",0.111111111111111,1.05454443320975,0.0794523164769552,0.579603919853824,0.968508638748665,0.856833283388864,"cox19/cox20",2
"GO:0009208","pyrimidine ribonucleoside triphosphate metabolic process","2/1978","18/18773",0.111111111111111,1.05454443320975,0.0794523164769552,0.579603919853824,0.968508638748665,0.856833283388864,"ctps1a/nme2b.2",2
"GO:0010669","epithelial structure maintenance","2/1978","18/18773",0.111111111111111,1.05454443320975,0.0794523164769552,0.579603919853824,0.968508638748665,0.856833283388864,"cdipt/prrc1",2
"GO:0015919","peroxisomal membrane transport","2/1978","18/18773",0.111111111111111,1.05454443320975,0.0794523164769552,0.579603919853824,0.968508638748665,0.856833283388864,"pex5/pex3",2
"GO:0030168","platelet activation","2/1978","18/18773",0.111111111111111,1.05454443320975,0.0794523164769552,0.579603919853824,0.968508638748665,0.856833283388864,"bambia/lrrc32",2
"GO:0030212","hyaluronan metabolic process","2/1978","18/18773",0.111111111111111,1.05454443320975,0.0794523164769552,0.579603919853824,0.968508638748665,0.856833283388864,"cemip2/hyal1",2
"GO:0034312","diol biosynthetic process","2/1978","18/18773",0.111111111111111,1.05454443320975,0.0794523164769552,0.579603919853824,0.968508638748665,0.856833283388864,"qdpra/sptlc1",2
"GO:0034508","centromere complex assembly","2/1978","18/18773",0.111111111111111,1.05454443320975,0.0794523164769552,0.579603919853824,0.968508638748665,0.856833283388864,"nasp/cenpw",2
"GO:0035904","aorta development","2/1978","18/18773",0.111111111111111,1.05454443320975,0.0794523164769552,0.579603919853824,0.968508638748665,0.856833283388864,"dlc/smo",2
"GO:0043574","peroxisomal transport","2/1978","18/18773",0.111111111111111,1.05454443320975,0.0794523164769552,0.579603919853824,0.968508638748665,0.856833283388864,"pex5/pex3",2
"GO:0046036","CTP metabolic process","2/1978","18/18773",0.111111111111111,1.05454443320975,0.0794523164769552,0.579603919853824,0.968508638748665,0.856833283388864,"ctps1a/nme2b.2",2
"GO:0050818","regulation of coagulation","2/1978","18/18773",0.111111111111111,1.05454443320975,0.0794523164769552,0.579603919853824,0.968508638748665,0.856833283388864,"sppl2/anxa5b",2
"GO:0055090","acylglycerol homeostasis","2/1978","18/18773",0.111111111111111,1.05454443320975,0.0794523164769552,0.579603919853824,0.968508638748665,0.856833283388864,"yy1b/angptl4",2
"GO:0060287","epithelial cilium movement involved in determination of left/right asymmetry","2/1978","18/18773",0.111111111111111,1.05454443320975,0.0794523164769552,0.579603919853824,0.968508638748665,0.856833283388864,"rpgrb/poc1b",2
"GO:0072698","protein localization to microtubule cytoskeleton","2/1978","18/18773",0.111111111111111,1.05454443320975,0.0794523164769552,0.579603919853824,0.968508638748665,0.856833283388864,"rab11fip3/cep192",2
"GO:0080154","regulation of fertilization","2/1978","18/18773",0.111111111111111,1.05454443320975,0.0794523164769552,0.579603919853824,0.968508638748665,0.856833283388864,"lhfpl2a/scarb1",2
"GO:1904951","positive regulation of establishment of protein localization","2/1978","18/18773",0.111111111111111,1.05454443320975,0.0794523164769552,0.579603919853824,0.968508638748665,0.856833283388864,"oaz1a/cnstb",2
"GO:0032943","mononuclear cell proliferation","5/1978","48/18773",0.104166666666667,0.988635406134142,-0.0270546573463079,0.580027940411523,0.968508638748665,0.856833283388864,"si:dkey-192g7.3/si:dkey-169i5.4/cd276/lgals9l3/klf9",5
"GO:0045637","regulation of myeloid cell differentiation","5/1978","48/18773",0.104166666666667,0.988635406134142,-0.0270546573463079,0.580027940411523,0.968508638748665,0.856833283388864,"irf2bp2b/ddx46/nelfe/nelfb/qkia",5
"GO:0046651","lymphocyte proliferation","5/1978","48/18773",0.104166666666667,0.988635406134142,-0.0270546573463079,0.580027940411523,0.968508638748665,0.856833283388864,"si:dkey-192g7.3/si:dkey-169i5.4/cd276/lgals9l3/klf9",5
"GO:0044272","sulfur compound biosynthetic process","11/1978","107/18773",0.102803738317757,0.975699989605284,-0.0865069758028532,0.581105196826649,0.969109913981665,0.857365227670514,"aclya/ext2/pdk4/lias/csgalnact1a/mat2b/tpk1/papss1/mri1/gclc/mtrr",11
"GO:0021517","ventral spinal cord development","6/1978","58/18773",0.103448275862069,0.981817230919424,-0.0475945819625637,0.582072273674076,0.969109913981665,0.857365227670514,"dlc/sfpq/olig2/jag2b/si:dkey-258f14.3/smo",6
"GO:0042770","signal transduction in response to DNA damage","6/1978","58/18773",0.103448275862069,0.981817230919424,-0.0475945819625637,0.582072273674076,0.969109913981665,0.857365227670514,"mre11a/yju2/ccnd1/rad9a/fancd2/babam2",6
"GO:0051251","positive regulation of lymphocyte activation","6/1978","58/18773",0.103448275862069,0.981817230919424,-0.0475945819625637,0.582072273674076,0.969109913981665,0.857365227670514,"b2m/si:dkey-192g7.3/si:dkey-169i5.4/ddx46/cd276/fam49bb",6
"GO:0140029","exocytic process","6/1978","58/18773",0.103448275862069,0.981817230919424,-0.0475945819625637,0.582072273674076,0.969109913981665,0.857365227670514,"stxbp2/exoc6/snap29/stx2a/stx3a/exoc4",6
"GO:0098813","nuclear chromosome segregation","12/1978","117/18773",0.102564102564103,0.973425630655155,-0.0989521063812379,0.584039680929099,0.970724659817016,0.85879378279185,"anapc11/prc1b/cep192/top2a/mad1l1/dync1li2/ndc80/fancd2/ewsr1a/spice1/aurkb/tpra",12
"GO:0016331","morphogenesis of embryonic epithelium","7/1978","68/18773",0.102941176470588,0.977004401356093,-0.0651926646366584,0.58432995288927,0.970724659817016,0.85879378279185,"tfec/nid2a/sox11a/vaspb/rerea/smo/phactr4b",7
"GO:0007411","axon guidance","29/1978","282/18773",0.102836879432624,0.976014528609025,-0.139274313141816,0.584391766007324,0.970724659817016,0.85879378279185,"cxcl12a/robo4/apc/ext2/plxnb3/nrp2a/chn1/fzd3a/rac1a/vaspb/efna1a/tenm4/rac1b/rest/enah/arnt2/slbp/rb1/neo1b/sema3ab/capn1a/stat3/usp33/smo/nrp2b/npr1a/lamc1/mycbp2/plod3",29
"GO:0097485","neuron projection guidance","29/1978","282/18773",0.102836879432624,0.976014528609025,-0.139274313141816,0.584391766007324,0.970724659817016,0.85879378279185,"cxcl12a/robo4/apc/ext2/plxnb3/nrp2a/chn1/fzd3a/rac1a/vaspb/efna1a/tenm4/rac1b/rest/enah/arnt2/slbp/rb1/neo1b/sema3ab/capn1a/stat3/usp33/smo/nrp2b/npr1a/lamc1/mycbp2/plod3",29
"GO:0006164","purine nucleotide biosynthetic process","13/1978","127/18773",0.102362204724409,0.971509438468826,-0.110557559125984,0.586875112334625,0.974287188797874,0.861945528973258,"adka/atp5mc1/aprt/atp5pd/gmps/afmid/nme2b.2/papss1/antkmt/adkb/atp5f1d/npr1a/atic",13
"GO:0043434","response to peptide hormone","9/1978","88/18773",0.102272727272727,0.970660216931703,-0.0946738624853504,0.589084922395274,0.97682842751078,0.864193746307764,"jak1/pdk4/zgc:123305/lpin2/irs1/gsk3ab/tsc2/stat3/irs2a",9
"GO:0046034","ATP metabolic process","9/1978","88/18773",0.102272727272727,0.970660216931703,-0.0946738624853504,0.589084922395274,0.97682842751078,0.864193746307764,"tpi1a/atp5mc1/atp5pd/bpgm/dhtkd1/antkmt/atp6v1ba/atp5f1d/adpgk2",9
"GO:0016311","dephosphorylation","20/1978","196/18773",0.102040816326531,0.968459173355894,-0.152332205126139,0.595149544868664,0.986241076075378,0.87252105517453,"acp1/tpte/styx/dusp7/dusp22b/inppl1a/hdhd2/dusp6/ppm1g/ptpdc1b/cdc25b/ppm1bb/ptprb/si:ch211-121a2.2/ptpn4a/sacm1lb/ptena/ptenb/ppp2r5eb/pdp2",20
"GO:0002088","lens development in camera-type eye","12/1978","118/18773",0.101694915254237,0.965176260903841,-0.13022584665425,0.596242573899999,0.986241076075378,0.87252105517453,"cdipt/psmd6/sox11a/mia2/ptk2ab/psmc3/mia3/sipa1l3/dnmt1/celf1/tapt1a/crygm2d21",12
"GO:0009161","ribonucleoside monophosphate metabolic process","5/1978","49/18773",0.102040816326531,0.968459173355894,-0.0758665277068458,0.598888217561806,0.986241076075378,0.87252105517453,"adka/aprt/gmps/adkb/atic",5
"GO:0034728","nucleosome organization","5/1978","49/18773",0.102040816326531,0.968459173355894,-0.0758665277068458,0.598888217561806,0.986241076075378,0.87252105517453,"h1-0/nap1l4a/atad2b/chaf1b/supt6h",5
"GO:0048596","embryonic camera-type eye morphogenesis","5/1978","49/18773",0.102040816326531,0.968459173355894,-0.0758665277068458,0.598888217561806,0.986241076075378,0.87252105517453,"tfec/nid2a/sox11a/rerea/phactr4b",5
"GO:0070661","leukocyte proliferation","5/1978","49/18773",0.102040816326531,0.968459173355894,-0.0758665277068458,0.598888217561806,0.986241076075378,0.87252105517453,"si:dkey-192g7.3/si:dkey-169i5.4/cd276/lgals9l3/klf9",5
"GO:0002696","positive regulation of leukocyte activation","6/1978","59/18773",0.101694915254237,0.965176260903841,-0.0919383077986608,0.599256650148024,0.986241076075378,0.87252105517453,"b2m/si:dkey-192g7.3/si:dkey-169i5.4/ddx46/cd276/fam49bb",6
"GO:0007265","Ras protein signal transduction","6/1978","59/18773",0.101694915254237,0.965176260903841,-0.0919383077986608,0.599256650148024,0.986241076075378,0.87252105517453,"rgl1/spry2/rit1/usp8/rapgef1b/rapgef1a",6
"GO:0009134","nucleoside diphosphate catabolic process","6/1978","59/18773",0.101694915254237,0.965176260903841,-0.0919383077986608,0.599256650148024,0.986241076075378,0.87252105517453,"tpi1a/entpd1/bpgm/entpd5b/dhtkd1/adpgk2",6
"GO:0031076","embryonic camera-type eye development","6/1978","59/18773",0.101694915254237,0.965176260903841,-0.0919383077986608,0.599256650148024,0.986241076075378,0.87252105517453,"tfec/nid2a/sox11a/rerea/smo/phactr4b",6
"GO:0050867","positive regulation of cell activation","6/1978","59/18773",0.101694915254237,0.965176260903841,-0.0919383077986608,0.599256650148024,0.986241076075378,0.87252105517453,"b2m/si:dkey-192g7.3/si:dkey-169i5.4/ddx46/cd276/fam49bb",6
"GO:0007259","cell surface receptor signaling pathway via JAK-STAT","4/1978","39/18773",0.102564102564103,0.973425630655155,-0.0570109692617229,0.599560529042696,0.986241076075378,0.87252105517453,"jak1/socs3b/socs3a/stat3",4
"GO:0038127","ERBB signaling pathway","4/1978","39/18773",0.102564102564103,0.973425630655155,-0.0570109692617229,0.599560529042696,0.986241076075378,0.87252105517453,"sh3tc2/zgpat/mvb12a/mvb12ba",4
"GO:0097696","cell surface receptor signaling pathway via STAT","4/1978","39/18773",0.102564102564103,0.973425630655155,-0.0570109692617229,0.599560529042696,0.986241076075378,0.87252105517453,"jak1/socs3b/socs3a/stat3",4
"GO:1903037","regulation of leukocyte cell-cell adhesion","7/1978","69/18773",0.101449275362319,0.962844917278469,-0.106109420649442,0.600212271597081,0.986748974505601,0.872970389607063,"b2m/si:dkey-192g7.3/si:dkey-169i5.4/cd276/lgals9l3/fam49bb/loxl3b",7
"GO:0010453","regulation of cell fate commitment","3/1978","29/18773",0.103448275862069,0.981817230919424,-0.0336284071354982,0.602270953197465,0.986750303160083,0.872971565059028,"dusp6/tp63/loxl3b",3
"GO:0015868","purine ribonucleotide transport","3/1978","29/18773",0.103448275862069,0.981817230919424,-0.0336284071354982,0.602270953197465,0.986750303160083,0.872971565059028,"slc17a9b/slc25a24/lrrc8ab",3
"GO:0050728","negative regulation of inflammatory response","3/1978","29/18773",0.103448275862069,0.981817230919424,-0.0336284071354982,0.602270953197465,0.986750303160083,0.872971565059028,"fxr1/tnfaip6/metrnla",3
"GO:0051084","'de novo' post-translational protein folding","3/1978","29/18773",0.103448275862069,0.981817230919424,-0.0336284071354982,0.602270953197465,0.986750303160083,0.872971565059028,"hspa5/tor2a/tor1",3
"GO:0098727","maintenance of cell number","3/1978","29/18773",0.103448275862069,0.981817230919424,-0.0336284071354982,0.602270953197465,0.986750303160083,0.872971565059028,"cnot2/cnot3a/cnot3b",3
"GO:1903312","negative regulation of mRNA metabolic process","3/1978","29/18773",0.103448275862069,0.981817230919424,-0.0336284071354982,0.602270953197465,0.986750303160083,0.872971565059028,"hnrnpa0a/igf2bp2b/qkia",3
"GO:0051346","negative regulation of hydrolase activity","9/1978","89/18773",0.101123595505618,0.959753922359437,-0.130605674684159,0.603047714680997,0.987460600533426,0.873599960518019,"appb/sh3bp4a/tegt/bcl2l1/lamtor5/serpinf1/serpinb14/serpine1/wfikkn1",9
"GO:0060538","skeletal muscle organ development","17/1978","168/18773",0.101190476190476,0.960388680244595,-0.176985435284204,0.607544776760665,0.98826913477338,0.874315265492942,"atoh8/ik/myo18ab/fxr1/neu1/fbxo22/postnb/myo9ab/cemip2/tango2/pbx2/klhl41b/lmna/smo/mtmr12/qkia/lamc1",17
"GO:0009950","dorsal/ventral axis specification","2/1978","19/18773",0.105263157894737,0.999042094619765,-0.00143360949758755,0.609724613911279,0.98826913477338,0.874315265492942,"net1/ap2a1",2
"GO:0010811","positive regulation of cell-substrate adhesion","2/1978","19/18773",0.105263157894737,0.999042094619765,-0.00143360949758755,0.609724613911279,0.98826913477338,0.874315265492942,"robo4/lims1",2
"GO:0019432","triglyceride biosynthetic process","2/1978","19/18773",0.105263157894737,0.999042094619765,-0.00143360949758755,0.609724613911279,0.98826913477338,0.874315265492942,"zgc:123305/lpin2",2
"GO:0021593","rhombomere morphogenesis","2/1978","19/18773",0.105263157894737,0.999042094619765,-0.00143360949758755,0.609724613911279,0.98826913477338,0.874315265492942,"sfpq/mafba",2
"GO:0030308","negative regulation of cell growth","2/1978","19/18773",0.105263157894737,0.999042094619765,-0.00143360949758755,0.609724613911279,0.98826913477338,0.874315265492942,"sh3bp4a/cgrrf1",2
"GO:0030856","regulation of epithelial cell differentiation","2/1978","19/18773",0.105263157894737,0.999042094619765,-0.00143360949758755,0.609724613911279,0.98826913477338,0.874315265492942,"add1/krit1",2
"GO:0032330","regulation of chondrocyte differentiation","2/1978","19/18773",0.105263157894737,0.999042094619765,-0.00143360949758755,0.609724613911279,0.98826913477338,0.874315265492942,"atg13/ewsr1a",2
"GO:0034331","cell junction maintenance","2/1978","19/18773",0.105263157894737,0.999042094619765,-0.00143360949758755,0.609724613911279,0.98826913477338,0.874315265492942,"myo7aa/mapk7",2
"GO:0043114","regulation of vascular permeability","2/1978","19/18773",0.105263157894737,0.999042094619765,-0.00143360949758755,0.609724613911279,0.98826913477338,0.874315265492942,"tjp1a/tjp2b",2
"GO:0046189","phenol-containing compound biosynthetic process","2/1978","19/18773",0.105263157894737,0.999042094619765,-0.00143360949758755,0.609724613911279,0.98826913477338,0.874315265492942,"ddt/qdpra",2
"GO:0046460","neutral lipid biosynthetic process","2/1978","19/18773",0.105263157894737,0.999042094619765,-0.00143360949758755,0.609724613911279,0.98826913477338,0.874315265492942,"zgc:123305/lpin2",2
"GO:0046463","acylglycerol biosynthetic process","2/1978","19/18773",0.105263157894737,0.999042094619765,-0.00143360949758755,0.609724613911279,0.98826913477338,0.874315265492942,"zgc:123305/lpin2",2
"GO:0048009","insulin-like growth factor receptor signaling pathway","2/1978","19/18773",0.105263157894737,0.999042094619765,-0.00143360949758755,0.609724613911279,0.98826913477338,0.874315265492942,"inppl1a/gigyf2",2
"GO:0051014","actin filament severing","2/1978","19/18773",0.105263157894737,0.999042094619765,-0.00143360949758755,0.609724613911279,0.98826913477338,0.874315265492942,"srgap2/svila",2
"GO:0060996","dendritic spine development","2/1978","19/18773",0.105263157894737,0.999042094619765,-0.00143360949758755,0.609724613911279,0.98826913477338,0.874315265492942,"srgap2/fmr1",2
"GO:1903670","regulation of sprouting angiogenesis","2/1978","19/18773",0.105263157894737,0.999042094619765,-0.00143360949758755,0.609724613911279,0.98826913477338,0.874315265492942,"sars1/cemip2",2
"GO:2001243","negative regulation of intrinsic apoptotic signaling pathway","2/1978","19/18773",0.105263157894737,0.999042094619765,-0.00143360949758755,0.609724613911279,0.98826913477338,0.874315265492942,"hyou1/bcl2l1",2
"GO:0048704","embryonic skeletal system morphogenesis","20/1978","198/18773",0.101010101010101,0.958676757463411,-0.200604646652772,0.613883225541425,0.992464918636328,0.87802724814322,"spns2/egr1/sec23a/furina/hmgcs1/ep300b/prdm1a/nipblb/wls/mia2/hcfc1b/rit1/aldh1l1/ponzr1/mia3/hmgcrb/kdm6a/smo/loxl3b/pmm2",20
"GO:0090288","negative regulation of cellular response to growth factor stimulus","6/1978","60/18773",0.1,0.949089989888777,-0.135545627359929,0.616053689623998,0.992464918636328,0.87802724814322,"zmynd11/bambia/spry2/inppl1a/skib/ldb2a",6
"GO:0001817","regulation of cytokine production","8/1978","80/18773",0.1,0.949089989888777,-0.156598315497837,0.616079876569591,0.992464918636328,0.87802724814322,"sars1/fxr1/hic1l/lgals9l3/zbtb33/zbtb16a/tet1/pias4a",8
"GO:0009166","nucleotide catabolic process","8/1978","80/18773",0.1,0.949089989888777,-0.156598315497837,0.616079876569591,0.992464918636328,0.87802724814322,"tpi1a/hint1/dut/bpgm/dera/dhtkd1/nudt12/adpgk2",8
"GO:0051235","maintenance of location","9/1978","90/18773",0.1,0.949089989888777,-0.1661420418023,0.616772760010581,0.992464918636328,0.87802724814322,"tmsb4x/rnf213a/kdelr2a/vps13a/si:ch211-11n16.2/bcl2l10/nrros/kdelr3/twf1a",9
"GO:0002695","negative regulation of leukocyte activation","5/1978","50/18773",0.1,0.949089989888777,-0.123702614620579,0.617260949675879,0.992464918636328,0.87802724814322,"si:dkey-192g7.3/si:dkey-169i5.4/cd276/lgals9l3/loxl3b",5
"GO:0050866","negative regulation of cell activation","5/1978","50/18773",0.1,0.949089989888777,-0.123702614620579,0.617260949675879,0.992464918636328,0.87802724814322,"si:dkey-192g7.3/si:dkey-169i5.4/cd276/lgals9l3/loxl3b",5
"GO:0050870","positive regulation of T cell activation","5/1978","50/18773",0.1,0.949089989888777,-0.123702614620579,0.617260949675879,0.992464918636328,0.87802724814322,"b2m/si:dkey-192g7.3/si:dkey-169i5.4/cd276/fam49bb",5
"GO:1903039","positive regulation of leukocyte cell-cell adhesion","5/1978","50/18773",0.1,0.949089989888777,-0.123702614620579,0.617260949675879,0.992464918636328,0.87802724814322,"b2m/si:dkey-192g7.3/si:dkey-169i5.4/cd276/fam49bb",5
"GO:0044089","positive regulation of cellular component biogenesis","11/1978","110/18773",0.1,0.949089989888777,-0.183775329526104,0.618873719613997,0.992464918636328,0.87802724814322,"cdc42ep1a/psmc6/selenow2a/cemip2/vaspb/rock1/entr1/tapt1a/zgc:66447/atf7ip/zgc:154093",11
"GO:0042063","gliogenesis","18/1978","179/18773",0.100558659217877,0.954392168603239,-0.210405911272251,0.619441836733398,0.992464918636328,0.87802724814322,"sirt2/cacnb2a/egr1/sptan1/ctbp2a/hmgcs1/snx5/nf2b/eif2b3/gpm6ba/dctn2/tenm4/olig2/nrros/sirt1/stat3/smo/qkia",18
"GO:0030301","cholesterol transport","4/1978","40/18773",0.1,0.949089989888777,-0.11061344660174,0.620042585811906,0.992464918636328,0.87802724814322,"stab2/stab1/abca1a/scarb1",4
"GO:0042752","regulation of circadian rhythm","4/1978","40/18773",0.1,0.949089989888777,-0.11061344660174,0.620042585811906,0.992464918636328,0.87802724814322,"parp1/cipcb/fbxl3a/hdac3",4
"GO:0051899","membrane depolarization","4/1978","40/18773",0.1,0.949089989888777,-0.11061344660174,0.620042585811906,0.992464918636328,0.87802724814322,"scn4bb/chrnb2/chrng/slmapa",4
"GO:0007059","chromosome segregation","19/1978","189/18773",0.100529100529101,0.954111630046918,-0.2175917108775,0.621281365294226,0.992464918636328,0.87802724814322,"anapc11/lzts2a/prc1b/cep192/top2a/tubgcp3/mad1l1/ndel1b/dync1li2/ndc80/cenpw/arl8ba/fancd2/mau2/ewsr1a/tubgcp5/spice1/aurkb/tpra",19
"GO:0000578","embryonic axis specification","3/1978","30/18773",0.1,0.949089989888777,-0.0957684967261345,0.625788021380256,0.992464918636328,0.87802724814322,"pum1/prdm1a/dctn2",3
"GO:0006221","pyrimidine nucleotide biosynthetic process","3/1978","30/18773",0.1,0.949089989888777,-0.0957684967261345,0.625788021380256,0.992464918636328,0.87802724814322,"dut/ctps1a/nme2b.2",3
"GO:0009311","oligosaccharide metabolic process","3/1978","30/18773",0.1,0.949089989888777,-0.0957684967261345,0.625788021380256,0.992464918636328,0.87802724814322,"neu1/mpdu1b/si:ch73-91k6.2",3
"GO:0015865","purine nucleotide transport","3/1978","30/18773",0.1,0.949089989888777,-0.0957684967261345,0.625788021380256,0.992464918636328,0.87802724814322,"slc17a9b/slc25a24/lrrc8ab",3
"GO:0035845","photoreceptor cell outer segment organization","3/1978","30/18773",0.1,0.949089989888777,-0.0957684967261345,0.625788021380256,0.992464918636328,0.87802724814322,"kif7/kif3b/pitpnb",3
"GO:0051503","adenine nucleotide transport","3/1978","30/18773",0.1,0.949089989888777,-0.0957684967261345,0.625788021380256,0.992464918636328,0.87802724814322,"slc17a9b/slc25a24/lrrc8ab",3
"GO:0072080","nephron tubule development","3/1978","30/18773",0.1,0.949089989888777,-0.0957684967261345,0.625788021380256,0.992464918636328,0.87802724814322,"bnc2/ctns/ponzr1",3
"GO:0009150","purine ribonucleotide metabolic process","18/1978","180/18773",0.1,0.949089989888777,-0.235528308718392,0.629077628259427,0.992464918636328,0.87802724814322,"adka/tpi1a/hint1/atp5mc1/aprt/atp5pd/bpgm/gmps/nme2b.2/papss1/dhtkd1/antkmt/adkb/atp6v1ba/atp5f1d/npr1a/adpgk2/atic",18
"GO:0071407","cellular response to organic cyclic compound","9/1978","91/18773",0.0989010989010989,0.938660429560328,-0.2012927601026,0.630249232483586,0.992464918636328,0.87802724814322,"ahr2/vhl/cnot9/kank2/pagr1/arnt/cyp1a/nsg2/gnal",9
"GO:0001816","cytokine production","8/1978","81/18773",0.0987654320987654,0.937372829519779,-0.19384554576697,0.630354114733373,0.992464918636328,0.87802724814322,"sars1/fxr1/hic1l/lgals9l3/zbtb33/zbtb16a/tet1/pias4a",8
"GO:0044782","cilium organization","37/1978","366/18773",0.101092896174863,0.959462558084282,-0.268771854710583,0.631365175020875,0.992464918636328,0.87802724814322,"sirt2/pi4kb/appb/cep290/vgll4b/prickle2b/rab11fip3/rpe/kifap3a/ttc39c/ptpdc1b/intu/gas8/pam/b9d1/kif3b/rpgrb/cluap1/mcm2/rab35b/mak/ift52/entr1/dnmt3bb.1/bbs7/usp8/sclt1/fto/rilpl2/ttc9c/traf3ip1/cplane2/ift27/tapt1a/grk5l/poc1b/alkbh3",37
"GO:0015807","L-amino acid transport","5/1978","51/18773",0.0980392156862745,0.930480382243899,-0.170606178642704,0.63512686574927,0.992464918636328,0.87802724814322,"slc3a2b/slc7a6/ctns/ttyh3b/slc36a4",5
"GO:0019364","pyridine nucleotide catabolic process","5/1978","51/18773",0.0980392156862745,0.930480382243899,-0.170606178642704,0.63512686574927,0.992464918636328,0.87802724814322,"tpi1a/bpgm/dhtkd1/nudt12/adpgk2",5
"GO:0046839","phospholipid dephosphorylation","5/1978","51/18773",0.0980392156862745,0.930480382243899,-0.170606178642704,0.63512686574927,0.992464918636328,0.87802724814322,"tpte/inppl1a/sacm1lb/ptena/ptenb",5
"GO:0072526","pyridine-containing compound catabolic process","5/1978","51/18773",0.0980392156862745,0.930480382243899,-0.170606178642704,0.63512686574927,0.992464918636328,0.87802724814322,"tpi1a/bpgm/dhtkd1/nudt12/adpgk2",5
"GO:0010876","lipid localization","28/1978","279/18773",0.100358422939068,0.952491746124937,-0.27436844121909,0.63706683853746,0.992464918636328,0.87802724814322,"tnfaip8l3/slco2b1/spns2/dlc1/rnf213a/vmp1/stard9/pitpnaa/slc27a1a/stab2/stab1/vps51/vps13a/si:ch211-11n16.2/osbpl10b/spns1/slco1d1/prelid1a/fabp3/abca1a/abca3b/plscr3b/atp11a/pdzd8/pitpnb/sigmar1/scarb1/plekha8",28
"GO:0031032","actomyosin structure organization","17/1978","171/18773",0.0994152046783626,0.943539756029778,-0.254530246403389,0.637316688964119,0.992464918636328,0.87802724814322,"rock2a/tmod2/cxcl12a/myo18ab/orai1b/cdc42bpb/alkbh4/rhoac/myh10/tango2/myl9b/mef2d/rock1/klhl41b/csrp1a/smo/qkia",17
"GO:0001757","somite specification","2/1978","20/18773",0.1,0.949089989888777,-0.078173798786439,0.638168723887887,0.992464918636328,0.87802724814322,"dlc/prrc1",2
"GO:0006026","aminoglycan catabolic process","2/1978","20/18773",0.1,0.949089989888777,-0.078173798786439,0.638168723887887,0.992464918636328,0.87802724814322,"cemip2/hyal1",2
"GO:0008585","female gonad development","2/1978","20/18773",0.1,0.949089989888777,-0.078173798786439,0.638168723887887,0.992464918636328,0.87802724814322,"ahr2/pla2g4aa",2
"GO:0009148","pyrimidine nucleoside triphosphate biosynthetic process","2/1978","20/18773",0.1,0.949089989888777,-0.078173798786439,0.638168723887887,0.992464918636328,0.87802724814322,"ctps1a/nme2b.2",2
"GO:0031345","negative regulation of cell projection organization","2/1978","20/18773",0.1,0.949089989888777,-0.078173798786439,0.638168723887887,0.992464918636328,0.87802724814322,"socs3a/sfpq",2
"GO:0036302","atrioventricular canal development","2/1978","20/18773",0.1,0.949089989888777,-0.078173798786439,0.638168723887887,0.992464918636328,0.87802724814322,"tmsb4x/pou6f1",2
"GO:0048844","artery morphogenesis","2/1978","20/18773",0.1,0.949089989888777,-0.078173798786439,0.638168723887887,0.992464918636328,0.87802724814322,"myo6a/smo",2
"GO:0050650","chondroitin sulfate proteoglycan biosynthetic process","2/1978","20/18773",0.1,0.949089989888777,-0.078173798786439,0.638168723887887,0.992464918636328,0.87802724814322,"ext2/csgalnact1a",2
"GO:0060350","endochondral bone morphogenesis","2/1978","20/18773",0.1,0.949089989888777,-0.078173798786439,0.638168723887887,0.992464918636328,0.87802724814322,"prdm1a/wls",2
"GO:0072676","lymphocyte migration","2/1978","20/18773",0.1,0.949089989888777,-0.078173798786439,0.638168723887887,0.992464918636328,0.87802724814322,"spns2/ch25h",2
"GO:0007528","neuromuscular junction development","4/1978","41/18773",0.0975609756097561,0.925941453550026,-0.16291214053516,0.639852044154399,0.992464918636328,0.87802724814322,"gars1/myo9ab/lin7c/mycbp2",4
"GO:0051053","negative regulation of DNA metabolic process","4/1978","41/18773",0.0975609756097561,0.925941453550026,-0.16291214053516,0.639852044154399,0.992464918636328,0.87802724814322,"h1-0/terfa/timeless/ten1",4
"GO:0009199","ribonucleoside triphosphate metabolic process","11/1978","112/18773",0.0982142857142857,0.932141954355048,-0.247184545775119,0.643079729414227,0.992464918636328,0.87802724814322,"tpi1a/atp5mc1/atp5pd/ctps1a/bpgm/nme2b.2/dhtkd1/antkmt/atp6v1ba/atp5f1d/adpgk2",11
"GO:0009141","nucleoside triphosphate metabolic process","12/1978","122/18773",0.0983606557377049,0.933531137595518,-0.252769990790386,0.643338434163927,0.992464918636328,0.87802724814322,"tpi1a/dut/atp5mc1/atp5pd/ctps1a/bpgm/nme2b.2/dhtkd1/antkmt/atp6v1ba/atp5f1d/adpgk2",12
"GO:0050863","regulation of T cell activation","8/1978","82/18773",0.0975609756097561,0.925941453550026,-0.230645111196474,0.644331910304651,0.992464918636328,0.87802724814322,"b2m/si:dkey-192g7.3/si:dkey-169i5.4/fam49a/cd276/lgals9l3/fam49bb/loxl3b",8
"GO:0048925","lateral line system development","14/1978","142/18773",0.0985915492957746,0.935722525242456,-0.263853772559648,0.644435196166051,0.992464918636328,0.87802724814322,"ap1b1/cxcl12a/fzd7a/apc/ext2/socs3a/kif3b/aldh1l1/itchb/stat3/ackr3a/eya4/smad5/hdac3",14
"GO:0007519","skeletal muscle tissue development","15/1978","152/18773",0.0986842105263158,0.93660196370603,-0.269323662888067,0.645192329903492,0.992464918636328,0.87802724814322,"atoh8/ik/myo18ab/fxr1/neu1/fbxo22/myo9ab/tango2/pbx2/klhl41b/lmna/smo/mtmr12/qkia/lamc1",15
"GO:0002028","regulation of sodium ion transport","3/1978","31/18773",0.0967741935483871,0.918474183763332,-0.15590011951145,0.648329819801517,0.992464918636328,0.87802724814322,"ap1b1/wnk1a/nkain1",3
"GO:0007131","reciprocal meiotic recombination","3/1978","31/18773",0.0967741935483871,0.918474183763332,-0.15590011951145,0.648329819801517,0.992464918636328,0.87802724814322,"top2a/fancd2/rad51",3
"GO:0007173","epidermal growth factor receptor signaling pathway","3/1978","31/18773",0.0967741935483871,0.918474183763332,-0.15590011951145,0.648329819801517,0.992464918636328,0.87802724814322,"zgpat/mvb12a/mvb12ba",3
"GO:0007586","digestion","3/1978","31/18773",0.0967741935483871,0.918474183763332,-0.15590011951145,0.648329819801517,0.992464918636328,0.87802724814322,"cdipt/vps51/shank3b",3
"GO:0010976","positive regulation of neuron projection development","3/1978","31/18773",0.0967741935483871,0.918474183763332,-0.15590011951145,0.648329819801517,0.992464918636328,0.87802724814322,"il6st/tenm4/twf1a",3
"GO:0042491","inner ear auditory receptor cell differentiation","3/1978","31/18773",0.0967741935483871,0.918474183763332,-0.15590011951145,0.648329819801517,0.992464918636328,0.87802724814322,"dctn2/myo6a/mif",3
"GO:0045137","development of primary sexual characteristics","3/1978","31/18773",0.0967741935483871,0.918474183763332,-0.15590011951145,0.648329819801517,0.992464918636328,0.87802724814322,"lhfpl2a/ahr2/pla2g4aa",3
"GO:0048886","neuromast hair cell differentiation","3/1978","31/18773",0.0967741935483871,0.918474183763332,-0.15590011951145,0.648329819801517,0.992464918636328,0.87802724814322,"socs3a/stat3/eya4",3
"GO:0050678","regulation of epithelial cell proliferation","3/1978","31/18773",0.0967741935483871,0.918474183763332,-0.15590011951145,0.648329819801517,0.992464918636328,0.87802724814322,"jcada/cdkn1ba/saal1",3
"GO:0072583","clathrin-dependent endocytosis","3/1978","31/18773",0.0967741935483871,0.918474183763332,-0.15590011951145,0.648329819801517,0.992464918636328,0.87802724814322,"clta/ap2a1/ap2m1a",3
"GO:0140527","reciprocal homologous recombination","3/1978","31/18773",0.0967741935483871,0.918474183763332,-0.15590011951145,0.648329819801517,0.992464918636328,0.87802724814322,"top2a/fancd2/rad51",3
"GO:2001242","regulation of intrinsic apoptotic signaling pathway","3/1978","31/18773",0.0967741935483871,0.918474183763332,-0.15590011951145,0.648329819801517,0.992464918636328,0.87802724814322,"hyou1/nck1a/bcl2l1",3
"GO:0001570","vasculogenesis","6/1978","62/18773",0.0967741935483871,0.918474183763332,-0.220658627906506,0.648421554789854,0.992464918636328,0.87802724814322,"nrp2a/ackr3a/krit1/smo/nrp2b/rapgef1a",6
"GO:0006869","lipid transport","26/1978","261/18773",0.0996168582375479,0.94545362977426,-0.304535447406513,0.649493470146492,0.992464918636328,0.87802724814322,"tnfaip8l3/slco2b1/spns2/dlc1/vmp1/stard9/pitpnaa/slc27a1a/stab2/stab1/vps51/vps13a/osbpl10b/spns1/slco1d1/prelid1a/fabp3/abca1a/abca3b/plscr3b/atp11a/pdzd8/pitpnb/sigmar1/scarb1/plekha8",26
"GO:0030282","bone mineralization","5/1978","52/18773",0.0961538461538462,0.912586528739208,-0.216617694505485,0.652470266099721,0.992464918636328,0.87802724814322,"lgmn/atraid/atp6v1h/col27a1b/fbxl15",5
"GO:0046513","ceramide biosynthetic process","5/1978","52/18773",0.0961538461538462,0.912586528739208,-0.216617694505485,0.652470266099721,0.992464918636328,0.87802724814322,"pla2g6/ormdl1/ormdl2/st3gal8/sptlc1",5
"GO:0061982","meiosis I cell cycle process","5/1978","52/18773",0.0961538461538462,0.912586528739208,-0.216617694505485,0.652470266099721,0.992464918636328,0.87802724814322,"mre11a/top2a/cdc25b/fancd2/rad51",5
"GO:0048511","rhythmic process","12/1978","123/18773",0.0975609756097561,0.925941453550026,-0.282791748947219,0.654647230945251,0.992464918636328,0.87802724814322,"nr1d2a/egr1/ahr2/ep300b/top2a/parp1/cipcb/crebbpa/timeless/fbxl3a/mycbp2/hdac3",12
"GO:0006605","protein targeting","13/1978","133/18773",0.0977443609022556,0.927681945004067,-0.287228821291106,0.654687203763639,0.992464918636328,0.87802724814322,"sec23a/srp19/dnajc19/spcs3/vps13a/timm10/exoc4/tomm34/vps8/trak2/zdhhc4/zfand6/golga7",13
"GO:0009205","purine ribonucleoside triphosphate metabolic process","10/1978","103/18773",0.0970873786407767,0.921446592125026,-0.274340481431164,0.655423231443481,0.992464918636328,0.87802724814322,"tpi1a/atp5mc1/atp5pd/bpgm/nme2b.2/dhtkd1/antkmt/atp6v1ba/atp5f1d/adpgk2",10
"GO:0007018","microtubule-based movement","25/1978","252/18773",0.0992063492063492,0.941557529651564,-0.320534685499532,0.656046265148461,0.992464918636328,0.87802724814322,"stau1/dynlt3/kif7/stard9/kifap3a/psen2/gas8/kif3b/rpgrb/rhot1a/ndel1b/stau2/dync1li2/mak/ift52/kif22/trak2/arl8ba/traf3ip1/si:ch211-257p13.3/pafah1b1b/klc1a/ift27/pafah1b1a/poc1b",25
"GO:0001935","endothelial cell proliferation","4/1978","42/18773",0.0952380952380952,0.903895228465501,-0.213977212782285,0.658973057195753,0.992464918636328,0.87802724814322,"jcada/nrarpa/arhgef7b/nr2f1a",4
"GO:0015804","neutral amino acid transport","4/1978","42/18773",0.0952380952380952,0.903895228465501,-0.213977212782285,0.658973057195753,0.992464918636328,0.87802724814322,"slc3a2b/slc7a6/ctns/slc36a4",4
"GO:0018958","phenol-containing compound metabolic process","4/1978","42/18773",0.0952380952380952,0.903895228465501,-0.213977212782285,0.658973057195753,0.992464918636328,0.87802724814322,"crym/ddt/sult1st1/qdpra",4
"GO:0042129","regulation of T cell proliferation","4/1978","42/18773",0.0952380952380952,0.903895228465501,-0.213977212782285,0.658973057195753,0.992464918636328,0.87802724814322,"si:dkey-192g7.3/si:dkey-169i5.4/cd276/lgals9l3",4
"GO:0006664","glycolipid metabolic process","7/1978","73/18773",0.0958904109589041,0.910086291674169,-0.264146553678342,0.660402565441049,0.992464918636328,0.87802724814322,"neu1/pigp/pgap4/pigf/pigm/dpm1/st3gal8",7
"GO:0042552","myelination","7/1978","73/18773",0.0958904109589041,0.910086291674169,-0.264146553678342,0.660402565441049,0.992464918636328,0.87802724814322,"sptan1/exosc8/eif2b3/gpm6ba/fbxw7/tenm4/olig2",7
"GO:1903509","liposaccharide metabolic process","7/1978","73/18773",0.0958904109589041,0.910086291674169,-0.264146553678342,0.660402565441049,0.992464918636328,0.87802724814322,"neu1/pigp/pgap4/pigf/pigm/dpm1/st3gal8",7
"GO:0051651","maintenance of location in cell","6/1978","63/18773",0.0952380952380952,0.903895228465501,-0.262214524254092,0.663966374157469,0.992464918636328,0.87802724814322,"tmsb4x/kdelr2a/vps13a/bcl2l10/kdelr3/twf1a",6
"GO:0003208","cardiac ventricle morphogenesis","2/1978","21/18773",0.0952380952380952,0.903895228465501,-0.15121999282853,0.664954997134136,0.992464918636328,0.87802724814322,"arnt2/rbx1",2
"GO:0003318","cell migration to the midline involved in heart development","2/1978","21/18773",0.0952380952380952,0.903895228465501,-0.15121999282853,0.664954997134136,0.992464918636328,0.87802724814322,"spns2/cemip2",2
"GO:0006623","protein targeting to vacuole","2/1978","21/18773",0.0952380952380952,0.903895228465501,-0.15121999282853,0.664954997134136,0.992464918636328,0.87802724814322,"vps13a/vps8",2
"GO:0006636","unsaturated fatty acid biosynthetic process","2/1978","21/18773",0.0952380952380952,0.903895228465501,-0.15121999282853,0.664954997134136,0.992464918636328,0.87802724814322,"ptges3a/ptges3b",2
"GO:0007379","segment specification","2/1978","21/18773",0.0952380952380952,0.903895228465501,-0.15121999282853,0.664954997134136,0.992464918636328,0.87802724814322,"dlc/prrc1",2
"GO:0010507","negative regulation of autophagy","2/1978","21/18773",0.0952380952380952,0.903895228465501,-0.15121999282853,0.664954997134136,0.992464918636328,0.87802724814322,"sirt2/dap",2
"GO:0015867","ATP transport","2/1978","21/18773",0.0952380952380952,0.903895228465501,-0.15121999282853,0.664954997134136,0.992464918636328,0.87802724814322,"slc17a9b/slc25a24",2
"GO:0019915","lipid storage","2/1978","21/18773",0.0952380952380952,0.903895228465501,-0.15121999282853,0.664954997134136,0.992464918636328,0.87802724814322,"rnf213a/si:ch211-11n16.2",2
"GO:0021546","rhombomere development","2/1978","21/18773",0.0952380952380952,0.903895228465501,-0.15121999282853,0.664954997134136,0.992464918636328,0.87802724814322,"sfpq/mafba",2
"GO:0031644","regulation of nervous system process","2/1978","21/18773",0.0952380952380952,0.903895228465501,-0.15121999282853,0.664954997134136,0.992464918636328,0.87802724814322,"fbxw7/tenm4",2
"GO:0032365","intracellular lipid transport","2/1978","21/18773",0.0952380952380952,0.903895228465501,-0.15121999282853,0.664954997134136,0.992464918636328,0.87802724814322,"stab2/stab1",2
"GO:0034311","diol metabolic process","2/1978","21/18773",0.0952380952380952,0.903895228465501,-0.15121999282853,0.664954997134136,0.992464918636328,0.87802724814322,"qdpra/sptlc1",2
"GO:0045839","negative regulation of mitotic nuclear division","2/1978","21/18773",0.0952380952380952,0.903895228465501,-0.15121999282853,0.664954997134136,0.992464918636328,0.87802724814322,"mad1l1/ndc80",2
"GO:0046631","alpha-beta T cell activation","2/1978","21/18773",0.0952380952380952,0.903895228465501,-0.15121999282853,0.664954997134136,0.992464918636328,0.87802724814322,"lgals9l3/loxl3b",2
"GO:0050830","defense response to Gram-positive bacterium","2/1978","21/18773",0.0952380952380952,0.903895228465501,-0.15121999282853,0.664954997134136,0.992464918636328,0.87802724814322,"hsp90b1/h2ax1",2
"GO:0050974","detection of mechanical stimulus involved in sensory perception","2/1978","21/18773",0.0952380952380952,0.903895228465501,-0.15121999282853,0.664954997134136,0.992464918636328,0.87802724814322,"ap1b1/myo7aa",2
"GO:0060038","cardiac muscle cell proliferation","2/1978","21/18773",0.0952380952380952,0.903895228465501,-0.15121999282853,0.664954997134136,0.992464918636328,0.87802724814322,"larp7/npr1a",2
"GO:0070654","sensory epithelium regeneration","2/1978","21/18773",0.0952380952380952,0.903895228465501,-0.15121999282853,0.664954997134136,0.992464918636328,0.87802724814322,"tgif1/ascl1a",2
"GO:1990399","epithelium regeneration","2/1978","21/18773",0.0952380952380952,0.903895228465501,-0.15121999282853,0.664954997134136,0.992464918636328,0.87802724814322,"tgif1/ascl1a",2
"GO:1901293","nucleoside phosphate biosynthetic process","21/1978","214/18773",0.0981308411214953,0.931349990077771,-0.346616009031061,0.668339245795993,0.992464918636328,0.87802724814322,"adka/aclya/pdk4/dut/atp5mc1/aprt/atp5pd/ctps1a/gmds/flad1/gmps/afmid/nme2b.2/papss1/antkmt/pgm3/adkb/atp5f1d/pmm2/npr1a/atic",21
"GO:0005977","glycogen metabolic process","5/1978","53/18773",0.0943396226415094,0.895367914989412,-0.261775082137344,0.669278816648578,0.992464918636328,0.87802724814322,"wipi1/ppp1caa/atg3/ppp1r3b/ppp1r3da",5
"GO:0044042","glucan metabolic process","5/1978","53/18773",0.0943396226415094,0.895367914989412,-0.261775082137344,0.669278816648578,0.992464918636328,0.87802724814322,"wipi1/ppp1caa/atg3/ppp1r3b/ppp1r3da",5
"GO:0003206","cardiac chamber morphogenesis","3/1978","32/18773",0.09375,0.889771865520728,-0.214165483759336,0.669886986920191,0.992464918636328,0.87802724814322,"arnt2/rbx1/nr2f1a",3
"GO:0006220","pyrimidine nucleotide metabolic process","3/1978","32/18773",0.09375,0.889771865520728,-0.214165483759336,0.669886986920191,0.992464918636328,0.87802724814322,"dut/ctps1a/nme2b.2",3
"GO:0009072","aromatic amino acid metabolic process","3/1978","32/18773",0.09375,0.889771865520728,-0.214165483759336,0.669886986920191,0.992464918636328,0.87802724814322,"gstz1/qdpra/afmid",3
"GO:0051924","regulation of calcium ion transport","3/1978","32/18773",0.09375,0.889771865520728,-0.214165483759336,0.669886986920191,0.992464918636328,0.87802724814322,"orai1b/lgals3b/bcl2l10",3
"GO:0001780","neutrophil homeostasis","1/1978","10/18773",0.1,0.949089989888777,-0.0552624908899919,0.671647270276305,0.992464918636328,0.87802724814322,"sod2",1
"GO:0002819","regulation of adaptive immune response","1/1978","10/18773",0.1,0.949089989888777,-0.0552624908899919,0.671647270276305,0.992464918636328,0.87802724814322,"loxl3b",1
"GO:0002822","regulation of adaptive immune response based on somatic recombination of immune receptors built from immunoglobulin superfamily domains","1/1978","10/18773",0.1,0.949089989888777,-0.0552624908899919,0.671647270276305,0.992464918636328,0.87802724814322,"loxl3b",1
"GO:0006213","pyrimidine nucleoside metabolic process","1/1978","10/18773",0.1,0.949089989888777,-0.0552624908899919,0.671647270276305,0.992464918636328,0.87802724814322,"dctd",1
"GO:0006563","L-serine metabolic process","1/1978","10/18773",0.1,0.949089989888777,-0.0552624908899919,0.671647270276305,0.992464918636328,0.87802724814322,"shmt1",1
"GO:0006670","sphingosine metabolic process","1/1978","10/18773",0.1,0.949089989888777,-0.0552624908899919,0.671647270276305,0.992464918636328,0.87802724814322,"sptlc1",1
"GO:0006689","ganglioside catabolic process","1/1978","10/18773",0.1,0.949089989888777,-0.0552624908899919,0.671647270276305,0.992464918636328,0.87802724814322,"neu1",1
"GO:0006729","tetrahydrobiopterin biosynthetic process","1/1978","10/18773",0.1,0.949089989888777,-0.0552624908899919,0.671647270276305,0.992464918636328,0.87802724814322,"qdpra",1
"GO:0008210","estrogen metabolic process","1/1978","10/18773",0.1,0.949089989888777,-0.0552624908899919,0.671647270276305,0.992464918636328,0.87802724814322,"hsd17b10",1
"GO:0009080","pyruvate family amino acid catabolic process","1/1978","10/18773",0.1,0.949089989888777,-0.0552624908899919,0.671647270276305,0.992464918636328,0.87802724814322,"gpt2",1
"GO:0009313","oligosaccharide catabolic process","1/1978","10/18773",0.1,0.949089989888777,-0.0552624908899919,0.671647270276305,0.992464918636328,0.87802724814322,"neu1",1
"GO:0014004","microglia differentiation","1/1978","10/18773",0.1,0.949089989888777,-0.0552624908899919,0.671647270276305,0.992464918636328,0.87802724814322,"nrros",1
"GO:0019400","alditol metabolic process","1/1978","10/18773",0.1,0.949089989888777,-0.0552624908899919,0.671647270276305,0.992464918636328,0.87802724814322,"tpi1a",1
"GO:0030242","autophagy of peroxisome","1/1978","10/18773",0.1,0.949089989888777,-0.0552624908899919,0.671647270276305,0.992464918636328,0.87802724814322,"wipi1",1
"GO:0030859","polarized epithelial cell differentiation","1/1978","10/18773",0.1,0.949089989888777,-0.0552624908899919,0.671647270276305,0.992464918636328,0.87802724814322,"myo9ab",1
"GO:0031397","negative regulation of protein ubiquitination","1/1978","10/18773",0.1,0.949089989888777,-0.0552624908899919,0.671647270276305,0.992464918636328,0.87802724814322,"spoplb",1
"GO:0032368","regulation of lipid transport","1/1978","10/18773",0.1,0.949089989888777,-0.0552624908899919,0.671647270276305,0.992464918636328,0.87802724814322,"abca1a",1
"GO:0033280","response to vitamin D","1/1978","10/18773",0.1,0.949089989888777,-0.0552624908899919,0.671647270276305,0.992464918636328,0.87802724814322,"kank2",1
"GO:0034694","response to prostaglandin","1/1978","10/18773",0.1,0.949089989888777,-0.0552624908899919,0.671647270276305,0.992464918636328,0.87802724814322,"nfe2l2a",1
"GO:0035493","SNARE complex assembly","1/1978","10/18773",0.1,0.949089989888777,-0.0552624908899919,0.671647270276305,0.992464918636328,0.87802724814322,"si:ch73-234b20.5",1
"GO:0036372","opsin transport","1/1978","10/18773",0.1,0.949089989888777,-0.0552624908899919,0.671647270276305,0.992464918636328,0.87802724814322,"kif3b",1
"GO:0042542","response to hydrogen peroxide","1/1978","10/18773",0.1,0.949089989888777,-0.0552624908899919,0.671647270276305,0.992464918636328,0.87802724814322,"gpx1b",1
"GO:0042574","retinal metabolic process","1/1978","10/18773",0.1,0.949089989888777,-0.0552624908899919,0.671647270276305,0.992464918636328,0.87802724814322,"bco1",1
"GO:0042749","regulation of circadian sleep/wake cycle","1/1978","10/18773",0.1,0.949089989888777,-0.0552624908899919,0.671647270276305,0.992464918636328,0.87802724814322,"parp1",1
"GO:0042776","proton motive force-driven mitochondrial ATP synthesis","1/1978","10/18773",0.1,0.949089989888777,-0.0552624908899919,0.671647270276305,0.992464918636328,0.87802724814322,"antkmt",1
"GO:0043330","response to exogenous dsRNA","1/1978","10/18773",0.1,0.949089989888777,-0.0552624908899919,0.671647270276305,0.992464918636328,0.87802724814322,"lta",1
"GO:0043331","response to dsRNA","1/1978","10/18773",0.1,0.949089989888777,-0.0552624908899919,0.671647270276305,0.992464918636328,0.87802724814322,"lta",1
"GO:0043470","regulation of carbohydrate catabolic process","1/1978","10/18773",0.1,0.949089989888777,-0.0552624908899919,0.671647270276305,0.992464918636328,0.87802724814322,"ppp1r3b",1
"GO:0043584","nose development","1/1978","10/18773",0.1,0.949089989888777,-0.0552624908899919,0.671647270276305,0.992464918636328,0.87802724814322,"kif3b",1
"GO:0044539","long-chain fatty acid import into cell","1/1978","10/18773",0.1,0.949089989888777,-0.0552624908899919,0.671647270276305,0.992464918636328,0.87802724814322,"slc27a1a",1
"GO:0045743","positive regulation of fibroblast growth factor receptor signaling pathway","1/1978","10/18773",0.1,0.949089989888777,-0.0552624908899919,0.671647270276305,0.992464918636328,0.87802724814322,"ext2",1
"GO:0045747","positive regulation of Notch signaling pathway","1/1978","10/18773",0.1,0.949089989888777,-0.0552624908899919,0.671647270276305,0.992464918636328,0.87802724814322,"poglut1",1
"GO:0046146","tetrahydrobiopterin metabolic process","1/1978","10/18773",0.1,0.949089989888777,-0.0552624908899919,0.671647270276305,0.992464918636328,0.87802724814322,"qdpra",1
"GO:0046632","alpha-beta T cell differentiation","1/1978","10/18773",0.1,0.949089989888777,-0.0552624908899919,0.671647270276305,0.992464918636328,0.87802724814322,"loxl3b",1
"GO:0046642","negative regulation of alpha-beta T cell proliferation","1/1978","10/18773",0.1,0.949089989888777,-0.0552624908899919,0.671647270276305,0.992464918636328,0.87802724814322,"lgals9l3",1
"GO:0046661","male sex differentiation","1/1978","10/18773",0.1,0.949089989888777,-0.0552624908899919,0.671647270276305,0.992464918636328,0.87802724814322,"lhfpl2a",1
"GO:0046850","regulation of bone remodeling","1/1978","10/18773",0.1,0.949089989888777,-0.0552624908899919,0.671647270276305,0.992464918636328,0.87802724814322,"neu1",1
"GO:0048041","focal adhesion assembly","1/1978","10/18773",0.1,0.949089989888777,-0.0552624908899919,0.671647270276305,0.992464918636328,0.87802724814322,"macf1a",1
"GO:0048318","axial mesoderm development","1/1978","10/18773",0.1,0.949089989888777,-0.0552624908899919,0.671647270276305,0.992464918636328,0.87802724814322,"foxa1",1
"GO:0048823","nucleate erythrocyte development","1/1978","10/18773",0.1,0.949089989888777,-0.0552624908899919,0.671647270276305,0.992464918636328,0.87802724814322,"pink1",1
"GO:0048841","regulation of axon extension involved in axon guidance","1/1978","10/18773",0.1,0.949089989888777,-0.0552624908899919,0.671647270276305,0.992464918636328,0.87802724814322,"cxcl12a",1
"GO:0050680","negative regulation of epithelial cell proliferation","1/1978","10/18773",0.1,0.949089989888777,-0.0552624908899919,0.671647270276305,0.992464918636328,0.87802724814322,"cdkn1ba",1
"GO:0050688","regulation of defense response to virus","1/1978","10/18773",0.1,0.949089989888777,-0.0552624908899919,0.671647270276305,0.992464918636328,0.87802724814322,"foxo3b",1
"GO:0051382","kinetochore assembly","1/1978","10/18773",0.1,0.949089989888777,-0.0552624908899919,0.671647270276305,0.992464918636328,0.87802724814322,"cenpw",1
"GO:0051496","positive regulation of stress fiber assembly","1/1978","10/18773",0.1,0.949089989888777,-0.0552624908899919,0.671647270276305,0.992464918636328,0.87802724814322,"rock1",1
"GO:0051893","regulation of focal adhesion assembly","1/1978","10/18773",0.1,0.949089989888777,-0.0552624908899919,0.671647270276305,0.992464918636328,0.87802724814322,"macf1a",1
"GO:0060211","regulation of nuclear-transcribed mRNA poly(A) tail shortening","1/1978","10/18773",0.1,0.949089989888777,-0.0552624908899919,0.671647270276305,0.992464918636328,0.87802724814322,"tnrc6c1",1
"GO:0060729","intestinal epithelial structure maintenance","1/1978","10/18773",0.1,0.949089989888777,-0.0552624908899919,0.671647270276305,0.992464918636328,0.87802724814322,"cdipt",1
"GO:0060971","embryonic heart tube left/right pattern formation","1/1978","10/18773",0.1,0.949089989888777,-0.0552624908899919,0.671647270276305,0.992464918636328,0.87802724814322,"furina",1
"GO:0061333","renal tubule morphogenesis","1/1978","10/18773",0.1,0.949089989888777,-0.0552624908899919,0.671647270276305,0.992464918636328,0.87802724814322,"ponzr1",1
"GO:0070593","dendrite self-avoidance","1/1978","10/18773",0.1,0.949089989888777,-0.0552624908899919,0.671647270276305,0.992464918636328,0.87802724814322,"robo4",1
"GO:0090109","regulation of cell-substrate junction assembly","1/1978","10/18773",0.1,0.949089989888777,-0.0552624908899919,0.671647270276305,0.992464918636328,0.87802724814322,"macf1a",1
"GO:0090329","regulation of DNA-templated DNA replication","1/1978","10/18773",0.1,0.949089989888777,-0.0552624908899919,0.671647270276305,0.992464918636328,0.87802724814322,"timeless",1
"GO:0090660","cerebrospinal fluid circulation","1/1978","10/18773",0.1,0.949089989888777,-0.0552624908899919,0.671647270276305,0.992464918636328,0.87802724814322,"traf3ip1",1
"GO:0097428","protein maturation by iron-sulfur cluster transfer","1/1978","10/18773",0.1,0.949089989888777,-0.0552624908899919,0.671647270276305,0.992464918636328,0.87802724814322,"bola3",1
"GO:0097475","motor neuron migration","1/1978","10/18773",0.1,0.949089989888777,-0.0552624908899919,0.671647270276305,0.992464918636328,0.87802724814322,"rest",1
"GO:0098719","sodium ion import across plasma membrane","1/1978","10/18773",0.1,0.949089989888777,-0.0552624908899919,0.671647270276305,0.992464918636328,0.87802724814322,"slc9a7",1
"GO:0098887","neurotransmitter receptor transport, endosome to postsynaptic membrane","1/1978","10/18773",0.1,0.949089989888777,-0.0552624908899919,0.671647270276305,0.992464918636328,0.87802724814322,"erbin",1
"GO:0099625","ventricular cardiac muscle cell membrane repolarization","1/1978","10/18773",0.1,0.949089989888777,-0.0552624908899919,0.671647270276305,0.992464918636328,0.87802724814322,"scn4bb",1
"GO:0099638","endosome to plasma membrane protein transport","1/1978","10/18773",0.1,0.949089989888777,-0.0552624908899919,0.671647270276305,0.992464918636328,0.87802724814322,"erbin",1
"GO:0099639","neurotransmitter receptor transport, endosome to plasma membrane","1/1978","10/18773",0.1,0.949089989888777,-0.0552624908899919,0.671647270276305,0.992464918636328,0.87802724814322,"erbin",1
"GO:0150116","regulation of cell-substrate junction organization","1/1978","10/18773",0.1,0.949089989888777,-0.0552624908899919,0.671647270276305,0.992464918636328,0.87802724814322,"macf1a",1
"GO:1900076","regulation of cellular response to insulin stimulus","1/1978","10/18773",0.1,0.949089989888777,-0.0552624908899919,0.671647270276305,0.992464918636328,0.87802724814322,"tsc2",1
"GO:1901874","negative regulation of post-translational protein modification","1/1978","10/18773",0.1,0.949089989888777,-0.0552624908899919,0.671647270276305,0.992464918636328,0.87802724814322,"spoplb",1
"GO:1903051","negative regulation of proteolysis involved in protein catabolic process","1/1978","10/18773",0.1,0.949089989888777,-0.0552624908899919,0.671647270276305,0.992464918636328,0.87802724814322,"styx",1
"GO:1903321","negative regulation of protein modification by small protein conjugation or removal","1/1978","10/18773",0.1,0.949089989888777,-0.0552624908899919,0.671647270276305,0.992464918636328,0.87802724814322,"spoplb",1
"GO:1905477","positive regulation of protein localization to membrane","1/1978","10/18773",0.1,0.949089989888777,-0.0552624908899919,0.671647270276305,0.992464918636328,0.87802724814322,"cnstb",1
"GO:2000641","regulation of early endosome to late endosome transport","1/1978","10/18773",0.1,0.949089989888777,-0.0552624908899919,0.671647270276305,0.992464918636328,0.87802724814322,"nf2b",1
"GO:0030148","sphingolipid biosynthetic process","7/1978","74/18773",0.0945945945945946,0.897787828273167,-0.302334492406397,0.674556961891437,0.994796659396721,0.880090124003905,"pla2g6/ormdl1/ormdl2/hacd3/elovl8b/st3gal8/sptlc1",7
"GO:0061640","cytoskeleton-dependent cytokinesis","7/1978","74/18773",0.0945945945945946,0.897787828273167,-0.302334492406397,0.674556961891437,0.994796659396721,0.880090124003905,"rock2a/lzts2a/myh10/dctn3/rock1/jtb/aurkb",7
"GO:0009617","response to bacterium","21/1978","215/18773",0.0976744186046512,0.927018129658805,-0.369357605538259,0.676699482136222,0.994796659396721,0.880090124003905,"lta4h/rnf213a/cxcl20/tnfrsf1a/rhogb/si:dkey-192g7.3/si:dkey-169i5.4/furina/hsp90b1/tnip1/otud5a/lta/sqstm1/cd276/traf6/pycard/tet1/pcna/rab14/h2ax1/angptl4",21
"GO:0006334","nucleosome assembly","4/1978","43/18773",0.0930232558139535,0.882874409198862,-0.26387335928937,0.677394807307559,0.994796659396721,0.880090124003905,"h1-0/nap1l4a/atad2b/chaf1b",4
"GO:0007548","sex differentiation","4/1978","43/18773",0.0930232558139535,0.882874409198862,-0.26387335928937,0.677394807307559,0.994796659396721,0.880090124003905,"lhfpl2a/u2af2a/ahr2/pla2g4aa",4
"GO:0009948","anterior/posterior axis specification","4/1978","43/18773",0.0930232558139535,0.882874409198862,-0.26387335928937,0.677394807307559,0.994796659396721,0.880090124003905,"ccm2l/pum1/dctn2/krit1",4
"GO:0050920","regulation of chemotaxis","4/1978","43/18773",0.0930232558139535,0.882874409198862,-0.26387335928937,0.677394807307559,0.994796659396721,0.880090124003905,"cxcl12a/lyn/inppl1a/mycbp2",4
"GO:0051783","regulation of nuclear division","4/1978","43/18773",0.0930232558139535,0.882874409198862,-0.26387335928937,0.677394807307559,0.994796659396721,0.880090124003905,"anapc11/mad1l1/ndc80/ewsr1a",4
"GO:0060349","bone morphogenesis","4/1978","43/18773",0.0930232558139535,0.882874409198862,-0.26387335928937,0.677394807307559,0.994796659396721,0.880090124003905,"prdm1a/sh3pxd2b/wls/piezo1",4
"GO:0099173","postsynapse organization","4/1978","43/18773",0.0930232558139535,0.882874409198862,-0.26387335928937,0.677394807307559,0.994796659396721,0.880090124003905,"arhgef9b/abhd17aa/fmr1/abhd17c",4
"GO:0170036","import into the mitochondrion","4/1978","43/18773",0.0930232558139535,0.882874409198862,-0.26387335928937,0.677394807307559,0.994796659396721,0.880090124003905,"smdt1b/micu2/slc25a36a/dnajc19",4
"GO:0000165","MAPK cascade","26/1978","265/18773",0.0981132075471698,0.931182631588988,-0.387186017305349,0.680081504353991,0.994796659396721,0.880090124003905,"si:zfos-2326c3.2/fgfr4/map3k7/styx/dusp7/pigp/spry2/aida/dusp6/taok1a/pbk/mapk14a/si:ch211-121a2.2/traf2b/map2k4b/grb2b/map3k14a/map4k4/mapk14b/rassf2a/kdr/pdgfab/csrp1a/spred1/map3k4/araf",26
"GO:0007416","synapse assembly","8/1978","85/18773",0.0941176470588235,0.893261166954143,-0.338476805004817,0.684396097069148,0.994796659396721,0.880090124003905,"arhgef9b/gars1/plxnb3/ctbp2a/sdcbp2/lin7c/fbxo45/mycbp2",8
"GO:0002040","sprouting angiogenesis","14/1978","146/18773",0.0958904109589041,0.910086291674169,-0.374290920888656,0.68540139962278,0.994796659396721,0.880090124003905,"arhgef9b/sars1/rnf213a/jcada/rasip1/hars/cemip2/hlx1/nrarpa/arfgef2/sirt1/abca1a/ldb2a/cdh5",14
"GO:0050807","regulation of synapse organization","5/1978","54/18773",0.0925925925925926,0.878787027674793,-0.306113914474141,0.685543335868674,0.994796659396721,0.880090124003905,"lin7c/abhd17aa/fmr1/abhd17c/mycbp2",5
"GO:0046903","secretion","26/1978","266/18773",0.0977443609022556,0.927681945004067,-0.407659864098119,0.687502613748593,0.994796659396721,0.880090124003905,"stxbp2/snapin/exoc6/exoc1/snap29/rab15/lin7c/tnfaip2b/wls/mia2/stx2a/tango2/cdk16/mia3/wash1/stx3a/rgp1/exoc4/mical3b/sybl1/rab11bb/cplane2/si:ch73-234b20.5/cse1l/zgc:101559/exoc3l1",26
"GO:0007159","leukocyte cell-cell adhesion","7/1978","75/18773",0.0933333333333333,0.885817323896191,-0.340025653256163,0.68833666310449,0.994796659396721,0.880090124003905,"b2m/si:dkey-192g7.3/si:dkey-169i5.4/cd276/lgals9l3/fam49bb/loxl3b",7
"GO:0007272","ensheathment of neurons","7/1978","75/18773",0.0933333333333333,0.885817323896191,-0.340025653256163,0.68833666310449,0.994796659396721,0.880090124003905,"sptan1/exosc8/eif2b3/gpm6ba/fbxw7/tenm4/olig2",7
"GO:0008366","axon ensheathment","7/1978","75/18773",0.0933333333333333,0.885817323896191,-0.340025653256163,0.68833666310449,0.994796659396721,0.880090124003905,"sptan1/exosc8/eif2b3/gpm6ba/fbxw7/tenm4/olig2",7
"GO:0060348","bone development","7/1978","75/18773",0.0933333333333333,0.885817323896191,-0.340025653256163,0.68833666310449,0.994796659396721,0.880090124003905,"sin3b/prdm1a/sh3pxd2b/wls/piezo1/atp6v1h/stat3",7
"GO:0000966","RNA 5'-end processing","2/1978","22/18773",0.0909090909090909,0.86280908171707,-0.220954524395425,0.690116838323237,0.994796659396721,0.880090124003905,"lyn/prorp",2
"GO:0002285","lymphocyte activation involved in immune response","2/1978","22/18773",0.0909090909090909,0.86280908171707,-0.220954524395425,0.690116838323237,0.994796659396721,0.880090124003905,"rnf168/loxl3b",2
"GO:0006829","zinc ion transport","2/1978","22/18773",0.0909090909090909,0.86280908171707,-0.220954524395425,0.690116838323237,0.994796659396721,0.880090124003905,"slc39a7/slc39a6",2
"GO:0007099","centriole replication","2/1978","22/18773",0.0909090909090909,0.86280908171707,-0.220954524395425,0.690116838323237,0.994796659396721,0.880090124003905,"spice1/poc1b",2
"GO:0016339","calcium-dependent cell-cell adhesion via plasma membrane cell adhesion molecules","2/1978","22/18773",0.0909090909090909,0.86280908171707,-0.220954524395425,0.690116838323237,0.994796659396721,0.880090124003905,"acvr1l/cdh5",2
"GO:0030038","contractile actin filament bundle assembly","2/1978","22/18773",0.0909090909090909,0.86280908171707,-0.220954524395425,0.690116838323237,0.994796659396721,0.880090124003905,"rhoac/rock1",2
"GO:0033344","cholesterol efflux","2/1978","22/18773",0.0909090909090909,0.86280908171707,-0.220954524395425,0.690116838323237,0.994796659396721,0.880090124003905,"abca1a/scarb1",2
"GO:0043149","stress fiber assembly","2/1978","22/18773",0.0909090909090909,0.86280908171707,-0.220954524395425,0.690116838323237,0.994796659396721,0.880090124003905,"rhoac/rock1",2
"GO:0061337","cardiac conduction","2/1978","22/18773",0.0909090909090909,0.86280908171707,-0.220954524395425,0.690116838323237,0.994796659396721,0.880090124003905,"scn4bb/lmna",2
"GO:0008038","neuron recognition","3/1978","33/18773",0.0909090909090909,0.86280908171707,-0.270692331061198,0.690458067874915,0.994796659396721,0.880090124003905,"robo4/nrp2b/mycbp2",3
"GO:0051897","positive regulation of phosphatidylinositol 3-kinase/protein kinase B signal transduction","3/1978","33/18773",0.0909090909090909,0.86280908171707,-0.270692331061198,0.690458067874915,0.994796659396721,0.880090124003905,"vav2/rictorb/pdgfab",3
"GO:0061326","renal tubule development","3/1978","33/18773",0.0909090909090909,0.86280908171707,-0.270692331061198,0.690458067874915,0.994796659396721,0.880090124003905,"bnc2/ctns/ponzr1",3
"GO:0070201","regulation of establishment of protein localization","3/1978","33/18773",0.0909090909090909,0.86280908171707,-0.270692331061198,0.690458067874915,0.994796659396721,0.880090124003905,"oaz1a/sh3tc2/cnstb",3
"GO:0019221","cytokine-mediated signaling pathway","17/1978","177/18773",0.096045197740113,0.911555357520294,-0.405720364944078,0.693302023829534,0.994796659396721,0.880090124003905,"jak1/cxcl20/il13ra2/il4r.1/jagn1b/socs3b/socs3a/il6st/il10rb/traf6/traf2b/adipor2/trim32/pias4a/otud4/stat3/ifngr2",17
"GO:0000910","cytokinesis","9/1978","96/18773",0.09375,0.889771865520728,-0.37158051031471,0.693598046422245,0.994796659396721,0.880090124003905,"rock2a/lzts2a/rab11fip3/myh10/dctn3/rock1/jtb/aurkb/anxa11b",9
"GO:0051249","regulation of lymphocyte activation","9/1978","96/18773",0.09375,0.889771865520728,-0.37158051031471,0.693598046422245,0.994796659396721,0.880090124003905,"b2m/si:dkey-192g7.3/si:dkey-169i5.4/fam49a/ddx46/cd276/lgals9l3/fam49bb/loxl3b",9
"GO:0014033","neural crest cell differentiation","16/1978","167/18773",0.0958083832335329,0.909307774743738,-0.403998913936198,0.69372312357654,0.994796659396721,0.880090124003905,"tfec/nrp2a/hmgcs1/pef1/prdm1a/aldh1l1/fmr1/nrarpa/dicer1/sema3ab/hmgcrb/smo/phactr4b/nrp2b/ctr9/plod3",16
"GO:0002181","cytoplasmic translation","6/1978","65/18773",0.0923076923076923,0.87608306758964,-0.343440939769651,0.693729907504904,0.994796659396721,0.880090124003905,"drg2/drg1/sars1/eif3ja/eif2b3/denr",6
"GO:0055001","muscle cell development","24/1978","247/18773",0.097165991902834,0.922192702725937,-0.422431591050633,0.69393514965091,0.994796659396721,0.880090124003905,"mbnl2/tmod2/ik/cxcl12a/myo18ab/apc/fxr1/neu1/fbxo22/myo9ab/orai1b/dyrk3/gas8/tango2/gsk3ab/myl9b/mef2d/pbx2/dnm2b/klhl41b/csrp1a/smo/mtmr12/qkia",24
"GO:0006766","vitamin metabolic process","4/1978","44/18773",0.0909090909090909,0.86280908171707,-0.312660356525814,0.695111062419089,0.994796659396721,0.880090124003905,"apc/tle3a/kdm1a/tpk1",4
"GO:0009306","protein secretion","4/1978","44/18773",0.0909090909090909,0.86280908171707,-0.312660356525814,0.695111062419089,0.994796659396721,0.880090124003905,"wls/mia2/tango2/mia3",4
"GO:0015918","sterol transport","4/1978","44/18773",0.0909090909090909,0.86280908171707,-0.312660356525814,0.695111062419089,0.994796659396721,0.880090124003905,"stab2/stab1/abca1a/scarb1",4
"GO:0035592","establishment of protein localization to extracellular region","4/1978","44/18773",0.0909090909090909,0.86280908171707,-0.312660356525814,0.695111062419089,0.994796659396721,0.880090124003905,"wls/mia2/tango2/mia3",4
"GO:0008015","blood circulation","28/1978","287/18773",0.0975609756097561,0.925941453550026,-0.433883435457724,0.695912893328424,0.994796659396721,0.880090124003905,"apex1/ik/dsc2l/rnf213a/scn4bb/ccm2l/erp44/atp2a2b/lims1/unc45a/tjp1a/crip2/sra1/avpr1ab/tango2/dspb/tnni4b.2/bicd2/tnni2b.1/dspa/ankhd1/krit1/adma/lmna/mios/junba/tjp2b/gclc",28
"GO:0051962","positive regulation of nervous system development","8/1978","86/18773",0.0930232558139535,0.882874409198862,-0.37360238472457,0.697103917455794,0.994796659396721,0.880090124003905,"cxcl12a/fxr1/plxnb3/fmr1/tenm4/olig2/serpinf1/stat3",8
"GO:0048706","embryonic skeletal system development","21/1978","218/18773",0.0963302752293578,0.914260999434143,-0.436972993190453,0.701083556618094,0.994796659396721,0.880090124003905,"spns2/egr1/sec23a/nansa/furina/hmgcs1/ep300b/prdm1a/nipblb/wls/mia2/hcfc1b/rit1/aldh1l1/ponzr1/mia3/hmgcrb/kdm6a/smo/loxl3b/pmm2",21
"GO:0006486","protein glycosylation","19/1978","198/18773",0.095959595959596,0.91074291959024,-0.433300582862144,0.70133214734616,0.994796659396721,0.880090124003905,"ext2/pomgnt1/poglut1/dpm1/pomk/tmtc4/slc35c1/gcnt4a/galnt11/alg9/mgat1b/b3gnt2b/st3gal8/uggt2/si:ch73-91k6.2/pmm2/mgat4a/srd5a3/c1galt1b",19
"GO:0043413","macromolecule glycosylation","19/1978","198/18773",0.095959595959596,0.91074291959024,-0.433300582862144,0.70133214734616,0.994796659396721,0.880090124003905,"ext2/pomgnt1/poglut1/dpm1/pomk/tmtc4/slc35c1/gcnt4a/galnt11/alg9/mgat1b/b3gnt2b/st3gal8/uggt2/si:ch73-91k6.2/pmm2/mgat4a/srd5a3/c1galt1b",19
"GO:0072657","protein localization to membrane","24/1978","248/18773",0.0967741935483871,0.918474183763332,-0.443527242160627,0.701452204240111,0.994796659396721,0.880090124003905,"ap1b1/rab41/si:ch211-126j24.1/emc4/get1/nmt1a/srp19/agrn/erbin/cnstb/get4/timm10/flot2a/rab3gap2/stx3a/exoc4/zdhhc4/rilpl2/nmt2/smo/oxa1l/pex3/golga7/blzf1",24
"GO:0006694","steroid biosynthetic process","7/1978","76/18773",0.0921052631578947,0.874161832792294,-0.377234694944735,0.701735739859427,0.994796659396721,0.880090124003905,"fgfr4/hmgcs1/faxdc2/hmgcrb/hsd17b7/cyp7b1/ch25h",7
"GO:0009144","purine nucleoside triphosphate metabolic process","10/1978","107/18773",0.0934579439252336,0.886999990550258,-0.402275098833568,0.702250334718691,0.994796659396721,0.880090124003905,"tpi1a/atp5mc1/atp5pd/bpgm/nme2b.2/dhtkd1/antkmt/atp6v1ba/atp5f1d/adpgk2",10
"GO:1990138","neuron projection extension","9/1978","97/18773",0.0927835051546392,0.880598959690617,-0.404604266014581,0.705414294258379,0.994796659396721,0.880090124003905,"cxcl12a/appb/ext2/fam53b/myo9ab/fus/tmem59l/ist1/mycbp2",9
"GO:0001840","neural plate development","1/1978","11/18773",0.0909090909090909,0.86280908171707,-0.156192635188016,0.706262294493833,0.994796659396721,0.880090124003905,"smo",1
"GO:0006002","fructose 6-phosphate metabolic process","1/1978","11/18773",0.0909090909090909,0.86280908171707,-0.156192635188016,0.706262294493833,0.994796659396721,0.880090124003905,"fbp1a",1
"GO:0006515","protein quality control for misfolded or incompletely synthesized proteins","1/1978","11/18773",0.0909090909090909,0.86280908171707,-0.156192635188016,0.706262294493833,0.994796659396721,0.880090124003905,"clpp",1
"GO:0009394","2'-deoxyribonucleotide metabolic process","1/1978","11/18773",0.0909090909090909,0.86280908171707,-0.156192635188016,0.706262294493833,0.994796659396721,0.880090124003905,"dut",1
"GO:0015866","ADP transport","1/1978","11/18773",0.0909090909090909,0.86280908171707,-0.156192635188016,0.706262294493833,0.994796659396721,0.880090124003905,"slc25a24",1
"GO:0015936","coenzyme A metabolic process","1/1978","11/18773",0.0909090909090909,0.86280908171707,-0.156192635188016,0.706262294493833,0.994796659396721,0.880090124003905,"hmgcrb",1
"GO:0018108","peptidyl-tyrosine phosphorylation","1/1978","11/18773",0.0909090909090909,0.86280908171707,-0.156192635188016,0.706262294493833,0.994796659396721,0.880090124003905,"zgpat",1
"GO:0018216","peptidyl-arginine methylation","1/1978","11/18773",0.0909090909090909,0.86280908171707,-0.156192635188016,0.706262294493833,0.994796659396721,0.880090124003905,"prmt1",1
"GO:0030277","maintenance of gastrointestinal epithelium","1/1978","11/18773",0.0909090909090909,0.86280908171707,-0.156192635188016,0.706262294493833,0.994796659396721,0.880090124003905,"cdipt",1
"GO:0031033","myosin filament organization","1/1978","11/18773",0.0909090909090909,0.86280908171707,-0.156192635188016,0.706262294493833,0.994796659396721,0.880090124003905,"mef2d",1
"GO:0033700","phospholipid efflux","1/1978","11/18773",0.0909090909090909,0.86280908171707,-0.156192635188016,0.706262294493833,0.994796659396721,0.880090124003905,"abca1a",1
"GO:0034063","stress granule assembly","1/1978","11/18773",0.0909090909090909,0.86280908171707,-0.156192635188016,0.706262294493833,0.994796659396721,0.880090124003905,"lsm14ab",1
"GO:0036089","cleavage furrow formation","1/1978","11/18773",0.0909090909090909,0.86280908171707,-0.156192635188016,0.706262294493833,0.994796659396721,0.880090124003905,"aurkb",1
"GO:0042149","cellular response to glucose starvation","1/1978","11/18773",0.0909090909090909,0.86280908171707,-0.156192635188016,0.706262294493833,0.994796659396721,0.880090124003905,"nuak2",1
"GO:0042454","ribonucleoside catabolic process","1/1978","11/18773",0.0909090909090909,0.86280908171707,-0.156192635188016,0.706262294493833,0.994796659396721,0.880090124003905,"dctd",1
"GO:0043171","peptide catabolic process","1/1978","11/18773",0.0909090909090909,0.86280908171707,-0.156192635188016,0.706262294493833,0.994796659396721,0.880090124003905,"lta4h",1
"GO:0043516","regulation of DNA damage response, signal transduction by p53 class mediator","1/1978","11/18773",0.0909090909090909,0.86280908171707,-0.156192635188016,0.706262294493833,0.994796659396721,0.880090124003905,"yju2",1
"GO:0045217","cell-cell junction maintenance","1/1978","11/18773",0.0909090909090909,0.86280908171707,-0.156192635188016,0.706262294493833,0.994796659396721,0.880090124003905,"mapk7",1
"GO:0046209","nitric oxide metabolic process","1/1978","11/18773",0.0909090909090909,0.86280908171707,-0.156192635188016,0.706262294493833,0.994796659396721,0.880090124003905,"slc7a6",1
"GO:0046349","amino sugar biosynthetic process","1/1978","11/18773",0.0909090909090909,0.86280908171707,-0.156192635188016,0.706262294493833,0.994796659396721,0.880090124003905,"pgm3",1
"GO:0046633","alpha-beta T cell proliferation","1/1978","11/18773",0.0909090909090909,0.86280908171707,-0.156192635188016,0.706262294493833,0.994796659396721,0.880090124003905,"lgals9l3",1
"GO:0046640","regulation of alpha-beta T cell proliferation","1/1978","11/18773",0.0909090909090909,0.86280908171707,-0.156192635188016,0.706262294493833,0.994796659396721,0.880090124003905,"lgals9l3",1
"GO:0051383","kinetochore organization","1/1978","11/18773",0.0909090909090909,0.86280908171707,-0.156192635188016,0.706262294493833,0.994796659396721,0.880090124003905,"cenpw",1
"GO:0051865","protein autoubiquitination","1/1978","11/18773",0.0909090909090909,0.86280908171707,-0.156192635188016,0.706262294493833,0.994796659396721,0.880090124003905,"traf2b",1
"GO:0060297","regulation of sarcomere organization","1/1978","11/18773",0.0909090909090909,0.86280908171707,-0.156192635188016,0.706262294493833,0.994796659396721,0.880090124003905,"klhl41b",1
"GO:0061001","regulation of dendritic spine morphogenesis","1/1978","11/18773",0.0909090909090909,0.86280908171707,-0.156192635188016,0.706262294493833,0.994796659396721,0.880090124003905,"fmr1",1
"GO:0070979","protein K11-linked ubiquitination","1/1978","11/18773",0.0909090909090909,0.86280908171707,-0.156192635188016,0.706262294493833,0.994796659396721,0.880090124003905,"cdc26",1
"GO:0072132","mesenchyme morphogenesis","1/1978","11/18773",0.0909090909090909,0.86280908171707,-0.156192635188016,0.706262294493833,0.994796659396721,0.880090124003905,"apc",1
"GO:0097324","melanocyte migration","1/1978","11/18773",0.0909090909090909,0.86280908171707,-0.156192635188016,0.706262294493833,0.994796659396721,0.880090124003905,"psenen",1
"GO:0099068","postsynapse assembly","1/1978","11/18773",0.0909090909090909,0.86280908171707,-0.156192635188016,0.706262294493833,0.994796659396721,0.880090124003905,"arhgef9b",1
"GO:0099622","cardiac muscle cell membrane repolarization","1/1978","11/18773",0.0909090909090909,0.86280908171707,-0.156192635188016,0.706262294493833,0.994796659396721,0.880090124003905,"scn4bb",1
"GO:1902667","regulation of axon guidance","1/1978","11/18773",0.0909090909090909,0.86280908171707,-0.156192635188016,0.706262294493833,0.994796659396721,0.880090124003905,"mycbp2",1
"GO:1903573","negative regulation of response to endoplasmic reticulum stress","1/1978","11/18773",0.0909090909090909,0.86280908171707,-0.156192635188016,0.706262294493833,0.994796659396721,0.880090124003905,"nck1a",1
"GO:0015914","phospholipid transport","6/1978","66/18773",0.0909090909090909,0.86280908171707,-0.383154270144507,0.707935829560277,0.994796659396721,0.880090124003905,"pitpnaa/prelid1a/abca1a/plscr3b/atp11a/pitpnb",6
"GO:0042445","hormone metabolic process","6/1978","66/18773",0.0909090909090909,0.86280908171707,-0.383154270144507,0.707935829560277,0.994796659396721,0.880090124003905,"hsd17b10/apc/furina/crym/tle3a/kdm1a",6
"GO:0050727","regulation of inflammatory response","6/1978","66/18773",0.0909090909090909,0.86280908171707,-0.383154270144507,0.707935829560277,0.994796659396721,0.880090124003905,"cxcl12a/tnfrsf1a/fxr1/pycard/tnfaip6/metrnla",6
"GO:0001775","cell activation","23/1978","239/18773",0.096234309623431,0.913350199474555,-0.462658292524765,0.708808960368985,0.994796659396721,0.880090124003905,"b2m/jak1/si:dkey-192g7.3/si:dkey-169i5.4/fam49a/tcima/slc39a7/bambia/ddx46/wls/cd276/lgals9l3/fam49bb/rnf168/ptena/klf9/prkdc/dnmt1/prdx1/ptenb/slc39a6/lrrc32/loxl3b",23
"GO:0032940","secretion by cell","24/1978","249/18773",0.0963855421686747,0.914785532422917,-0.464540982954792,0.708863725649909,0.994796659396721,0.880090124003905,"stxbp2/snapin/exoc6/exoc1/snap29/rab15/lin7c/tnfaip2b/wls/mia2/stx2a/tango2/cdk16/mia3/wash1/stx3a/rgp1/exoc4/mical3b/sybl1/rab11bb/cplane2/zgc:101559/exoc3l1",24
"GO:0015850","organic hydroxy compound transport","8/1978","87/18773",0.0919540229885057,0.872726427483932,-0.408336405173675,0.709479372722338,0.994796659396721,0.880090124003905,"slco2b1/stab2/stab1/slco1d1/abca1a/slc16a1b/scarb1/aqp7",8
"GO:0009066","aspartate family amino acid metabolic process","3/1978","34/18773",0.0882352941176471,0.837432344019509,-0.325595811194325,0.710048469091557,0.994796659396721,0.880090124003905,"mri1/got2b/mtrr",3
"GO:0034332","adherens junction organization","3/1978","34/18773",0.0882352941176471,0.837432344019509,-0.325595811194325,0.710048469091557,0.994796659396721,0.880090124003905,"add1/rock1/cdh5",3
"GO:0030514","negative regulation of BMP signaling pathway","4/1978","45/18773",0.0888888888888889,0.843635546567801,-0.360393541879018,0.712119741529379,0.994796659396721,0.880090124003905,"zmynd11/bambia/skib/ldb2a",4
"GO:0032944","regulation of mononuclear cell proliferation","4/1978","45/18773",0.0888888888888889,0.843635546567801,-0.360393541879018,0.712119741529379,0.994796659396721,0.880090124003905,"si:dkey-192g7.3/si:dkey-169i5.4/cd276/lgals9l3",4
"GO:0050670","regulation of lymphocyte proliferation","4/1978","45/18773",0.0888888888888889,0.843635546567801,-0.360393541879018,0.712119741529379,0.994796659396721,0.880090124003905,"si:dkey-192g7.3/si:dkey-169i5.4/cd276/lgals9l3",4
"GO:0070663","regulation of leukocyte proliferation","4/1978","45/18773",0.0888888888888889,0.843635546567801,-0.360393541879018,0.712119741529379,0.994796659396721,0.880090124003905,"si:dkey-192g7.3/si:dkey-169i5.4/cd276/lgals9l3",4
"GO:0001573","ganglioside metabolic process","2/1978","23/18773",0.0869565217391304,0.825295643381545,-0.287703688272943,0.713699015504487,0.994796659396721,0.880090124003905,"neu1/st3gal8",2
"GO:0030537","larval behavior","2/1978","23/18773",0.0869565217391304,0.825295643381545,-0.287703688272943,0.713699015504487,0.994796659396721,0.880090124003905,"nfe2l2a/sncb",2
"GO:0032506","cytokinetic process","2/1978","23/18773",0.0869565217391304,0.825295643381545,-0.287703688272943,0.713699015504487,0.994796659396721,0.880090124003905,"aurkb/anxa11b",2
"GO:0035675","neuromast hair cell development","2/1978","23/18773",0.0869565217391304,0.825295643381545,-0.287703688272943,0.713699015504487,0.994796659396721,0.880090124003905,"socs3a/stat3",2
"GO:0050654","chondroitin sulfate proteoglycan metabolic process","2/1978","23/18773",0.0869565217391304,0.825295643381545,-0.287703688272943,0.713699015504487,0.994796659396721,0.880090124003905,"ext2/csgalnact1a",2
"GO:0051923","sulfation","2/1978","23/18773",0.0869565217391304,0.825295643381545,-0.287703688272943,0.713699015504487,0.994796659396721,0.880090124003905,"sult2st1/sult1st1",2
"GO:0055017","cardiac muscle tissue growth","2/1978","23/18773",0.0869565217391304,0.825295643381545,-0.287703688272943,0.713699015504487,0.994796659396721,0.880090124003905,"larp7/npr1a",2
"GO:0086001","cardiac muscle cell action potential","2/1978","23/18773",0.0869565217391304,0.825295643381545,-0.287703688272943,0.713699015504487,0.994796659396721,0.880090124003905,"scn4bb/slmapa",2
"GO:0098534","centriole assembly","2/1978","23/18773",0.0869565217391304,0.825295643381545,-0.287703688272943,0.713699015504487,0.994796659396721,0.880090124003905,"spice1/poc1b",2
"GO:1901616","organic hydroxy compound catabolic process","2/1978","23/18773",0.0869565217391304,0.825295643381545,-0.287703688272943,0.713699015504487,0.994796659396721,0.880090124003905,"tpi1a/srd5a3",2
"GO:0006643","membrane lipid metabolic process","14/1978","149/18773",0.0939597315436242,0.891762406606904,-0.455211465743516,0.714255732078002,0.994796659396721,0.880090124003905,"sgpl1/neu1/pla2g6/pigp/pgap4/pigf/pigm/ormdl1/ormdl2/dpm1/hacd3/elovl8b/st3gal8/sptlc1",14
"GO:0042110","T cell activation","13/1978","139/18773",0.0935251798561151,0.887638120039863,-0.45630136060944,0.716008276692561,0.994796659396721,0.880090124003905,"b2m/jak1/si:dkey-192g7.3/si:dkey-169i5.4/fam49a/cd276/lgals9l3/fam49bb/klf9/prkdc/dnmt1/slc39a6/loxl3b",13
"GO:0009259","ribonucleotide metabolic process","19/1978","200/18773",0.095,0.901635490394338,-0.479944270946066,0.717710226378672,0.994796659396721,0.880090124003905,"adka/tpi1a/hint1/atp5mc1/aprt/atp5pd/ctps1a/bpgm/gmps/nme2b.2/papss1/dhtkd1/antkmt/adkb/atp6v1ba/atp5f1d/npr1a/adpgk2/atic",19
"GO:0010927","cellular component assembly involved in morphogenesis","12/1978","129/18773",0.0930232558139535,0.882874409198862,-0.458094961297057,0.718167630418073,0.994796659396721,0.880090124003905,"tmod2/cxcl12a/myo18ab/orai1b/tango2/myl9b/mef2d/tenm4/klhl41b/csrp1a/smo/qkia",12
"GO:0021953","central nervous system neuron differentiation","12/1978","129/18773",0.0930232558139535,0.882874409198862,-0.458094961297057,0.718167630418073,0.994796659396721,0.880090124003905,"ppp4ca/ewsr1b/dlc/ap4s1/sfpq/olig2/kif22/jag2b/zdhhc16a/ewsr1a/smo/mycbp2",12
"GO:0032989","cellular anatomical entity morphogenesis","12/1978","129/18773",0.0930232558139535,0.882874409198862,-0.458094961297057,0.718167630418073,0.994796659396721,0.880090124003905,"tmod2/cxcl12a/myo18ab/orai1b/tango2/myl9b/mef2d/tenm4/klhl41b/csrp1a/smo/qkia",12
"GO:0030239","myofibril assembly","11/1978","119/18773",0.092436974789916,0.877310074687104,-0.460760041669191,0.720824923707866,0.994796659396721,0.880090124003905,"tmod2/cxcl12a/myo18ab/orai1b/tango2/myl9b/mef2d/klhl41b/csrp1a/smo/qkia",11
"GO:0140014","mitotic nuclear division","11/1978","119/18773",0.092436974789916,0.877310074687104,-0.460760041669191,0.720824923707866,0.994796659396721,0.880090124003905,"anapc11/prc1b/cep192/mad1l1/ndel1b/ndc80/ppp2r2d/ewsr1a/spice1/aurkb/tpra",11
"GO:0021536","diencephalon development","8/1978","88/18773",0.0909090909090909,0.86280908171707,-0.442688826346225,0.721518817755044,0.994796659396721,0.880090124003905,"wls/ascl1a/eya1/arnt2/smo/usp39/acvr1l/mycbp2",8
"GO:0048884","neuromast development","8/1978","88/18773",0.0909090909090909,0.86280908171707,-0.442688826346225,0.721518817755044,0.994796659396721,0.880090124003905,"ap1b1/fzd7a/socs3a/kif3b/aldh1l1/stat3/eya4/smad5",8
"GO:0007229","integrin-mediated signaling pathway","6/1978","67/18773",0.0895522388059701,0.849931334228755,-0.422294446344991,0.721685905554782,0.994796659396721,0.880090124003905,"fermt2/adam15/lims1/itga1/phactr4b/loxl3b",6
"GO:0050673","epithelial cell proliferation","6/1978","67/18773",0.0895522388059701,0.849931334228755,-0.422294446344991,0.721685905554782,0.994796659396721,0.880090124003905,"jcada/cdkn1ba/nrarpa/saal1/arhgef7b/nr2f1a",6
"GO:0070585","protein localization to mitochondrion","4/1978","46/18773",0.0869565217391304,0.825295643381545,-0.407124237388503,0.728422493509634,0.994796659396721,0.880090124003905,"dnajc19/timm10/tomm34/oxa1l",4
"GO:0072655","establishment of protein localization to mitochondrion","4/1978","46/18773",0.0869565217391304,0.825295643381545,-0.407124237388503,0.728422493509634,0.994796659396721,0.880090124003905,"dnajc19/timm10/tomm34/oxa1l",4
"GO:0055080","monoatomic cation homeostasis","26/1978","272/18773",0.0955882352941176,0.907218372687801,-0.528965378943548,0.729999062656047,0.994796659396721,0.880090124003905,"slc9a7/cxcl12a/smdt1b/ccdc115/micu2/slc9a8/fhl1b/fthl27/glrx3/slc12a4/slc39a7/atp2a2b/atp6v0a2b/metap1/psen1/psen2/atp2b4/tmem203/vdra/bcl2l10/tcirg1b/slc39a6/atp1b3a/pdzd8/ncoa4/atp6v1ba",26
"GO:0006112","energy reserve metabolic process","5/1978","57/18773",0.087719298245614,0.832535078849804,-0.434543413110387,0.731023608964515,0.994796659396721,0.880090124003905,"wipi1/ppp1caa/atg3/ppp1r3b/ppp1r3da",5
"GO:0060048","cardiac muscle contraction","5/1978","57/18773",0.087719298245614,0.832535078849804,-0.434543413110387,0.731023608964515,0.994796659396721,0.880090124003905,"scn4bb/erp44/atp2a2b/tnni4b.2/tnni2b.1",5
"GO:0051050","positive regulation of transport","8/1978","89/18773",0.0898876404494382,0.853114597652833,-0.476669235847985,0.73321966744137,0.994796659396721,0.880090124003905,"cpsf6/oaz1a/nf2b/orai1b/cnstb/wnk1a/lgals3b/dab2",8
"GO:0009132","nucleoside diphosphate metabolic process","6/1978","68/18773",0.0882352941176471,0.837432344019509,-0.460880311977102,0.734978417103057,0.994796659396721,0.880090124003905,"tpi1a/entpd1/bpgm/entpd5b/dhtkd1/adpgk2",6
"GO:0170040","proteinogenic amino acid catabolic process","6/1978","68/18773",0.0882352941176471,0.837432344019509,-0.460880311977102,0.734978417103057,0.994796659396721,0.880090124003905,"gcsha/gstz1/gpt2/qdpra/aldh4a1/got2b",6
"GO:0021602","cranial nerve morphogenesis","2/1978","24/18773",0.0833333333333333,0.790908324907314,-0.351748067836297,0.735754897009651,0.994796659396721,0.880090124003905,"chn1/rest",2
"GO:0032465","regulation of cytokinesis","2/1978","24/18773",0.0833333333333333,0.790908324907314,-0.351748067836297,0.735754897009651,0.994796659396721,0.880090124003905,"rab11fip3/aurkb",2
"GO:0034446","substrate adhesion-dependent cell spreading","2/1978","24/18773",0.0833333333333333,0.790908324907314,-0.351748067836297,0.735754897009651,0.994796659396721,0.880090124003905,"ap1ar/lims1",2
"GO:0046425","regulation of receptor signaling pathway via JAK-STAT","2/1978","24/18773",0.0833333333333333,0.790908324907314,-0.351748067836297,0.735754897009651,0.994796659396721,0.880090124003905,"socs3b/socs3a",2
"GO:0071675","regulation of mononuclear cell migration","2/1978","24/18773",0.0833333333333333,0.790908324907314,-0.351748067836297,0.735754897009651,0.994796659396721,0.880090124003905,"spns2/hmox1a",2
"GO:1904892","regulation of receptor signaling pathway via STAT","2/1978","24/18773",0.0833333333333333,0.790908324907314,-0.351748067836297,0.735754897009651,0.994796659396721,0.880090124003905,"socs3b/socs3a",2
"GO:0000712","resolution of meiotic recombination intermediates","1/1978","12/18773",0.0833333333333333,0.790908324907314,-0.248643886476743,0.737229844941077,0.994796659396721,0.880090124003905,"top2a",1
"GO:0001682","tRNA 5'-leader removal","1/1978","12/18773",0.0833333333333333,0.790908324907314,-0.248643886476743,0.737229844941077,0.994796659396721,0.880090124003905,"prorp",1
"GO:0003313","heart rudiment development","1/1978","12/18773",0.0833333333333333,0.790908324907314,-0.248643886476743,0.737229844941077,0.994796659396721,0.880090124003905,"spns2",1
"GO:0006086","acetyl-CoA biosynthetic process from pyruvate","1/1978","12/18773",0.0833333333333333,0.790908324907314,-0.248643886476743,0.737229844941077,0.994796659396721,0.880090124003905,"pdk4",1
"GO:0006183","GTP biosynthetic process","1/1978","12/18773",0.0833333333333333,0.790908324907314,-0.248643886476743,0.737229844941077,0.994796659396721,0.880090124003905,"nme2b.2",1
"GO:0006356","regulation of transcription by RNA polymerase I","1/1978","12/18773",0.0833333333333333,0.790908324907314,-0.248643886476743,0.737229844941077,0.994796659396721,0.880090124003905,"ddx11",1
"GO:0006570","tyrosine metabolic process","1/1978","12/18773",0.0833333333333333,0.790908324907314,-0.248643886476743,0.737229844941077,0.994796659396721,0.880090124003905,"gstz1",1
"GO:0006611","protein export from nucleus","1/1978","12/18773",0.0833333333333333,0.790908324907314,-0.248643886476743,0.737229844941077,0.994796659396721,0.880090124003905,"cse1l",1
"GO:0009164","nucleoside catabolic process","1/1978","12/18773",0.0833333333333333,0.790908324907314,-0.248643886476743,0.737229844941077,0.994796659396721,0.880090124003905,"dctd",1
"GO:0010469","regulation of signaling receptor activity","1/1978","12/18773",0.0833333333333333,0.790908324907314,-0.248643886476743,0.737229844941077,0.994796659396721,0.880090124003905,"zgpat",1
"GO:0010631","epithelial cell migration","1/1978","12/18773",0.0833333333333333,0.790908324907314,-0.248643886476743,0.737229844941077,0.994796659396721,0.880090124003905,"psenen",1
"GO:0016558","protein import into peroxisome matrix","1/1978","12/18773",0.0833333333333333,0.790908324907314,-0.248643886476743,0.737229844941077,0.994796659396721,0.880090124003905,"pex5",1
"GO:0018195","peptidyl-arginine modification","1/1978","12/18773",0.0833333333333333,0.790908324907314,-0.248643886476743,0.737229844941077,0.994796659396721,0.880090124003905,"prmt1",1
"GO:0018200","peptidyl-glutamic acid modification","1/1978","12/18773",0.0833333333333333,0.790908324907314,-0.248643886476743,0.737229844941077,0.994796659396721,0.880090124003905,"naa20",1
"GO:0018345","protein palmitoylation","1/1978","12/18773",0.0833333333333333,0.790908324907314,-0.248643886476743,0.737229844941077,0.994796659396721,0.880090124003905,"zdhhc16a",1
"GO:0021692","cerebellar Purkinje cell layer morphogenesis","1/1978","12/18773",0.0833333333333333,0.790908324907314,-0.248643886476743,0.737229844941077,0.994796659396721,0.880090124003905,"exosc8",1
"GO:0030309","poly-N-acetyllactosamine metabolic process","1/1978","12/18773",0.0833333333333333,0.790908324907314,-0.248643886476743,0.737229844941077,0.994796659396721,0.880090124003905,"b3gnt2b",1
"GO:0030311","poly-N-acetyllactosamine biosynthetic process","1/1978","12/18773",0.0833333333333333,0.790908324907314,-0.248643886476743,0.737229844941077,0.994796659396721,0.880090124003905,"b3gnt2b",1
"GO:0032252","secretory granule localization","1/1978","12/18773",0.0833333333333333,0.790908324907314,-0.248643886476743,0.737229844941077,0.994796659396721,0.880090124003905,"stxbp2",1
"GO:0032253","dense core granule localization","1/1978","12/18773",0.0833333333333333,0.790908324907314,-0.248643886476743,0.737229844941077,0.994796659396721,0.880090124003905,"stxbp2",1
"GO:0033564","anterior/posterior axon guidance","1/1978","12/18773",0.0833333333333333,0.790908324907314,-0.248643886476743,0.737229844941077,0.994796659396721,0.880090124003905,"fzd3a",1
"GO:0034103","regulation of tissue remodeling","1/1978","12/18773",0.0833333333333333,0.790908324907314,-0.248643886476743,0.737229844941077,0.994796659396721,0.880090124003905,"neu1",1
"GO:0034656","nucleobase-containing small molecule catabolic process","1/1978","12/18773",0.0833333333333333,0.790908324907314,-0.248643886476743,0.737229844941077,0.994796659396721,0.880090124003905,"dctd",1
"GO:0035278","miRNA-mediated gene silencing by inhibition of translation","1/1978","12/18773",0.0833333333333333,0.790908324907314,-0.248643886476743,0.737229844941077,0.994796659396721,0.880090124003905,"ago3b",1
"GO:0042537","benzene-containing compound metabolic process","1/1978","12/18773",0.0833333333333333,0.790908324907314,-0.248643886476743,0.737229844941077,0.994796659396721,0.880090124003905,"afmid",1
"GO:0043567","regulation of insulin-like growth factor receptor signaling pathway","1/1978","12/18773",0.0833333333333333,0.790908324907314,-0.248643886476743,0.737229844941077,0.994796659396721,0.880090124003905,"inppl1a",1
"GO:0045639","positive regulation of myeloid cell differentiation","1/1978","12/18773",0.0833333333333333,0.790908324907314,-0.248643886476743,0.737229844941077,0.994796659396721,0.880090124003905,"ddx46",1
"GO:0046519","sphingoid metabolic process","1/1978","12/18773",0.0833333333333333,0.790908324907314,-0.248643886476743,0.737229844941077,0.994796659396721,0.880090124003905,"sptlc1",1
"GO:0046958","nonassociative learning","1/1978","12/18773",0.0833333333333333,0.790908324907314,-0.248643886476743,0.737229844941077,0.994796659396721,0.880090124003905,"pcxa",1
"GO:0046959","habituation","1/1978","12/18773",0.0833333333333333,0.790908324907314,-0.248643886476743,0.737229844941077,0.994796659396721,0.880090124003905,"pcxa",1
"GO:0048922","posterior lateral line neuromast deposition","1/1978","12/18773",0.0833333333333333,0.790908324907314,-0.248643886476743,0.737229844941077,0.994796659396721,0.880090124003905,"smad5",1
"GO:0050848","regulation of calcium-mediated signaling","1/1978","12/18773",0.0833333333333333,0.790908324907314,-0.248643886476743,0.737229844941077,0.994796659396721,0.880090124003905,"chp2",1
"GO:0051279","regulation of release of sequestered calcium ion into cytosol","1/1978","12/18773",0.0833333333333333,0.790908324907314,-0.248643886476743,0.737229844941077,0.994796659396721,0.880090124003905,"bcl2l10",1
"GO:0051492","regulation of stress fiber assembly","1/1978","12/18773",0.0833333333333333,0.790908324907314,-0.248643886476743,0.737229844941077,0.994796659396721,0.880090124003905,"rock1",1
"GO:0051642","centrosome localization","1/1978","12/18773",0.0833333333333333,0.790908324907314,-0.248643886476743,0.737229844941077,0.994796659396721,0.880090124003905,"ndel1b",1
"GO:0055010","ventricular cardiac muscle tissue morphogenesis","1/1978","12/18773",0.0833333333333333,0.790908324907314,-0.248643886476743,0.737229844941077,0.994796659396721,0.880090124003905,"rbx1",1
"GO:0072014","proximal tubule development","1/1978","12/18773",0.0833333333333333,0.790908324907314,-0.248643886476743,0.737229844941077,0.994796659396721,0.880090124003905,"ctns",1
"GO:0086002","cardiac muscle cell action potential involved in contraction","1/1978","12/18773",0.0833333333333333,0.790908324907314,-0.248643886476743,0.737229844941077,0.994796659396721,0.880090124003905,"scn4bb",1
"GO:0086009","membrane repolarization","1/1978","12/18773",0.0833333333333333,0.790908324907314,-0.248643886476743,0.737229844941077,0.994796659396721,0.880090124003905,"scn4bb",1
"GO:0140354","lipid import into cell","1/1978","12/18773",0.0833333333333333,0.790908324907314,-0.248643886476743,0.737229844941077,0.994796659396721,0.880090124003905,"slc27a1a",1
"GO:0140962","multicellular organismal-level chemical homeostasis","1/1978","12/18773",0.0833333333333333,0.790908324907314,-0.248643886476743,0.737229844941077,0.994796659396721,0.880090124003905,"glrx3",1
"GO:1902107","positive regulation of leukocyte differentiation","1/1978","12/18773",0.0833333333333333,0.790908324907314,-0.248643886476743,0.737229844941077,0.994796659396721,0.880090124003905,"ddx46",1
"GO:1903053","regulation of extracellular matrix organization","1/1978","12/18773",0.0833333333333333,0.790908324907314,-0.248643886476743,0.737229844941077,0.994796659396721,0.880090124003905,"cemip2",1
"GO:2000785","regulation of autophagosome assembly","1/1978","12/18773",0.0833333333333333,0.790908324907314,-0.248643886476743,0.737229844941077,0.994796659396721,0.880090124003905,"tbc1d14",1
"GO:0021675","nerve development","7/1978","79/18773",0.0886075949367089,0.840965813825498,-0.486106389501964,0.739611512678655,0.994796659396721,0.880090124003905,"chn1/ctbp2a/gmds/fbxo45/oxr1b/rest/rb1",7
"GO:0009615","response to virus","8/1978","90/18773",0.0888888888888889,0.843635546567801,-0.510286866998655,0.744580341337057,0.994796659396721,0.880090124003905,"tnfrsf1a/traf6/foxo3b/nfkbiaa/serinc5/nedd8/dhx9/ch25h",8
"GO:0046434","organophosphate catabolic process","12/1978","132/18773",0.0909090909090909,0.86280908171707,-0.542820371259671,0.746980719441538,0.994796659396721,0.880090124003905,"tpi1a/hint1/dut/entpd1/bpgm/dera/pla2g4aa/entpd5b/dhtkd1/nudt12/adpgk2/gpd1b",12
"GO:0006935","chemotaxis","20/1978","214/18773",0.0934579439252336,0.886999990550258,-0.570540519080963,0.747582160115867,0.994796659396721,0.880090124003905,"lta4h/cxcl12a/pik3cg/cxcl20/tnfrsf1a/rhogb/lyn/inppl1a/cul1a/lgals3b/rac1a/rac1b/maco1b/ddx3xb/sema3ab/p2rx7/ackr3a/ddx3xa/mycbp2/ch25h",20
"GO:0042330","taxis","20/1978","214/18773",0.0934579439252336,0.886999990550258,-0.570540519080963,0.747582160115867,0.994796659396721,0.880090124003905,"lta4h/cxcl12a/pik3cg/cxcl20/tnfrsf1a/rhogb/lyn/inppl1a/cul1a/lgals3b/rac1a/rac1b/maco1b/ddx3xb/sema3ab/p2rx7/ackr3a/ddx3xa/mycbp2/ch25h",20
"GO:0045321","leukocyte activation","19/1978","204/18773",0.0931372549019608,0.883956363131704,-0.571900622509702,0.748798070509356,0.994796659396721,0.880090124003905,"b2m/jak1/si:dkey-192g7.3/si:dkey-169i5.4/fam49a/slc39a7/ddx46/cd276/lgals9l3/fam49bb/rnf168/ptena/klf9/prkdc/dnmt1/prdx1/ptenb/slc39a6/loxl3b",19
"GO:0003013","circulatory system process","28/1978","295/18773",0.0949152542372881,0.900831176843585,-0.589165215947744,0.749101563773555,0.994796659396721,0.880090124003905,"apex1/ik/dsc2l/rnf213a/scn4bb/ccm2l/erp44/atp2a2b/lims1/unc45a/tjp1a/crip2/sra1/avpr1ab/tango2/dspb/tnni4b.2/bicd2/tnni2b.1/dspa/ankhd1/krit1/adma/lmna/mios/junba/tjp2b/gclc",28
"GO:0007346","regulation of mitotic cell cycle","26/1978","275/18773",0.0945454545454545,0.897321444985752,-0.588656738593114,0.74988313784104,0.994796659396721,0.880090124003905,"anapc11/chfr/pim3/cdc26/mre11a/ccnd1/kank2/cdkn1d/aven/cdc25b/cdkn1ba/ywhae2/mad1l1/rbl1/rad9a/dync1li2/ndc80/cenpw/ints3/wee1/fancd2/rb1/pla2g4aa/ewsr1a/aurkb/babam2",26
"GO:1901137","carbohydrate derivative biosynthetic process","44/1978","455/18773",0.0967032967032967,0.917801308903432,-0.60912999447486,0.750517658227076,0.994796659396721,0.880090124003905,"adka/tpi1a/tyw1/ext2/cant1a/pomgnt1/dut/atp5mc1/pigp/aprt/atp5pd/pgap4/pigf/ctps1a/gmds/pigm/poglut1/gmps/dpm1/csgalnact1a/pomk/tmtc4/slc35c1/nme2b.2/gcnt4a/galnt11/alg9/mgat1b/b3gnt2b/papss1/antkmt/st3gal8/uggt2/pgm3/adkb/si:ch73-91k6.2/atp5f1d/pmm2/mgat4a/srd5a3/npr1a/c1galt1b/trmt12/atic",44
"GO:0035051","cardiocyte differentiation","7/1978","80/18773",0.0875,0.830453741152679,-0.521521376178187,0.751457012031578,0.994796659396721,0.880090124003905,"fosl2/gsk3ab/dab2/pbx2/krit1/smo/nr2f1a",7
"GO:0071345","cellular response to cytokine stimulus","17/1978","184/18773",0.0923913043478261,0.876876621092891,-0.575969963160343,0.751860700585543,0.994796659396721,0.880090124003905,"jak1/cxcl20/il13ra2/il4r.1/jagn1b/socs3b/socs3a/il6st/il10rb/traf6/traf2b/adipor2/trim32/pias4a/otud4/stat3/ifngr2",17
"GO:0019693","ribose phosphate metabolic process","19/1978","205/18773",0.0926829268292683,0.879644380872525,-0.594619504136951,0.756214834120409,0.994796659396721,0.880090124003905,"adka/tpi1a/hint1/atp5mc1/aprt/atp5pd/ctps1a/bpgm/gmps/nme2b.2/papss1/dhtkd1/antkmt/adkb/atp6v1ba/atp5f1d/npr1a/adpgk2/atic",19
"GO:0002440","production of molecular mediator of immune response","2/1978","25/18773",0.08,0.759271991911021,-0.413330607620311,0.756344143999443,0.994796659396721,0.880090124003905,"rnf168/prkdc",2
"GO:0006695","cholesterol biosynthetic process","2/1978","25/18773",0.08,0.759271991911021,-0.413330607620311,0.756344143999443,0.994796659396721,0.880090124003905,"hmgcs1/hsd17b7",2
"GO:0007019","microtubule depolymerization","2/1978","25/18773",0.08,0.759271991911021,-0.413330607620311,0.756344143999443,0.994796659396721,0.880090124003905,"apc/map1sb",2
"GO:0010821","regulation of mitochondrion organization","2/1978","25/18773",0.08,0.759271991911021,-0.413330607620311,0.756344143999443,0.994796659396721,0.880090124003905,"pink1/bbc3",2
"GO:0014855","striated muscle cell proliferation","2/1978","25/18773",0.08,0.759271991911021,-0.413330607620311,0.756344143999443,0.994796659396721,0.880090124003905,"larp7/npr1a",2
"GO:0030500","regulation of bone mineralization","2/1978","25/18773",0.08,0.759271991911021,-0.413330607620311,0.756344143999443,0.994796659396721,0.880090124003905,"lgmn/atraid",2
"GO:0042026","protein refolding","2/1978","25/18773",0.08,0.759271991911021,-0.413330607620311,0.756344143999443,0.994796659396721,0.880090124003905,"hspa5/dnaja2b",2
"GO:0042659","regulation of cell fate specification","2/1978","25/18773",0.08,0.759271991911021,-0.413330607620311,0.756344143999443,0.994796659396721,0.880090124003905,"dusp6/tp63",2
"GO:0048489","synaptic vesicle transport","2/1978","25/18773",0.08,0.759271991911021,-0.413330607620311,0.756344143999443,0.994796659396721,0.880090124003905,"snapin/lin7c",2
"GO:0051781","positive regulation of cell division","2/1978","25/18773",0.08,0.759271991911021,-0.413330607620311,0.756344143999443,0.994796659396721,0.880090124003905,"mtrex/aurkb",2
"GO:0070167","regulation of biomineral tissue development","2/1978","25/18773",0.08,0.759271991911021,-0.413330607620311,0.756344143999443,0.994796659396721,0.880090124003905,"lgmn/atraid",2
"GO:0070192","chromosome organization involved in meiotic cell cycle","2/1978","25/18773",0.08,0.759271991911021,-0.413330607620311,0.756344143999443,0.994796659396721,0.880090124003905,"fancd2/rad51",2
"GO:1902653","secondary alcohol biosynthetic process","2/1978","25/18773",0.08,0.759271991911021,-0.413330607620311,0.756344143999443,0.994796659396721,0.880090124003905,"hmgcs1/hsd17b7",2
"GO:0048048","embryonic eye morphogenesis","5/1978","59/18773",0.0847457627118644,0.8043135507532,-0.516632661219984,0.758577378355518,0.994796659396721,0.880090124003905,"tfec/nid2a/sox11a/rerea/phactr4b",5
"GO:0061572","actin filament bundle organization","5/1978","59/18773",0.0847457627118644,0.8043135507532,-0.516632661219984,0.758577378355518,0.994796659396721,0.880090124003905,"rhoac/myh10/rock1/limd2/lima1a",5
"GO:0006096","glycolytic process","4/1978","48/18773",0.0833333333333333,0.790908324907314,-0.497765577051812,0.758933051677512,0.994796659396721,0.880090124003905,"tpi1a/bpgm/dhtkd1/adpgk2",4
"GO:0046032","ADP catabolic process","4/1978","48/18773",0.0833333333333333,0.790908324907314,-0.497765577051812,0.758933051677512,0.994796659396721,0.880090124003905,"tpi1a/bpgm/dhtkd1/adpgk2",4
"GO:0051321","meiotic cell cycle","9/1978","102/18773",0.0882352941176471,0.837432344019509,-0.56497450786331,0.760014028848304,0.994796659396721,0.880090124003905,"mre11a/smc3/top2a/cdc25b/tubgcp3/h2ax/fancd2/rad51/tubgcp5",9
"GO:0035148","tube formation","6/1978","70/18773",0.0857142857142857,0.813505705618951,-0.536459999553648,0.760191958148407,0.994796659396721,0.880090124003905,"cep290/psmc3/vaspb/smo/phactr4b/smad5",6
"GO:1990542","mitochondrial transmembrane transport","7/1978","81/18773",0.0864197530864197,0.820201225829807,-0.556518700110534,0.762912691505733,0.994796659396721,0.880090124003905,"smdt1b/micu2/slc25a36a/dnajc19/slc25a24/mpc1/slc25a16",7
"GO:0006641","triglyceride metabolic process","3/1978","37/18773",0.0810810810810811,0.769532424234143,-0.481560291957922,0.763072816025312,0.994796659396721,0.880090124003905,"zgc:123305/lpin2/mboat7",3
"GO:0031629","synaptic vesicle fusion to presynaptic active zone membrane","3/1978","37/18773",0.0810810810810811,0.769532424234143,-0.481560291957922,0.763072816025312,0.994796659396721,0.880090124003905,"snap29/stx2a/stx3a",3
"GO:0033559","unsaturated fatty acid metabolic process","3/1978","37/18773",0.0810810810810811,0.769532424234143,-0.481560291957922,0.763072816025312,0.994796659396721,0.880090124003905,"slco2b1/ptges3a/ptges3b",3
"GO:0099500","vesicle fusion to plasma membrane","3/1978","37/18773",0.0810810810810811,0.769532424234143,-0.481560291957922,0.763072816025312,0.994796659396721,0.880090124003905,"snap29/stx2a/stx3a",3
"GO:0060537","muscle tissue development","24/1978","257/18773",0.0933852140077821,0.886309718184072,-0.629788506997091,0.76419717903888,0.994796659396721,0.880090124003905,"fermt2/atoh8/ik/myo18ab/fxr1/neu1/fbxo22/myo9ab/cemip2/tango2/gsk3ab/dab2/pbx2/klhl41b/csrp1a/rbx1/lmna/smo/nr2f1a/larp7/npr1a/mtmr12/qkia/lamc1",24
"GO:0001574","ganglioside biosynthetic process","1/1978","13/18773",0.0769230769230769,0.730069222991367,-0.33410738579338,0.764934091340872,0.994796659396721,0.880090124003905,"st3gal8",1
"GO:0003229","ventricular cardiac muscle tissue development","1/1978","13/18773",0.0769230769230769,0.730069222991367,-0.33410738579338,0.764934091340872,0.994796659396721,0.880090124003905,"rbx1",1
"GO:0006560","proline metabolic process","1/1978","13/18773",0.0769230769230769,0.730069222991367,-0.33410738579338,0.764934091340872,0.994796659396721,0.880090124003905,"aldh4a1",1
"GO:0007398","ectoderm development","1/1978","13/18773",0.0769230769230769,0.730069222991367,-0.33410738579338,0.764934091340872,0.994796659396721,0.880090124003905,"tp63",1
"GO:0009303","rRNA transcription","1/1978","13/18773",0.0769230769230769,0.730069222991367,-0.33410738579338,0.764934091340872,0.994796659396721,0.880090124003905,"ddx11",1
"GO:0010454","negative regulation of cell fate commitment","1/1978","13/18773",0.0769230769230769,0.730069222991367,-0.33410738579338,0.764934091340872,0.994796659396721,0.880090124003905,"loxl3b",1
"GO:0016973","poly(A)+ mRNA export from nucleus","1/1978","13/18773",0.0769230769230769,0.730069222991367,-0.33410738579338,0.764934091340872,0.994796659396721,0.880090124003905,"nxt2",1
"GO:0019367","fatty acid elongation, saturated fatty acid","1/1978","13/18773",0.0769230769230769,0.730069222991367,-0.33410738579338,0.764934091340872,0.994796659396721,0.880090124003905,"elovl8b",1
"GO:0019368","fatty acid elongation, unsaturated fatty acid","1/1978","13/18773",0.0769230769230769,0.730069222991367,-0.33410738579338,0.764934091340872,0.994796659396721,0.880090124003905,"elovl8b",1
"GO:0019985","translesion synthesis","1/1978","13/18773",0.0769230769230769,0.730069222991367,-0.33410738579338,0.764934091340872,0.994796659396721,0.880090124003905,"pcna",1
"GO:0021680","cerebellar Purkinje cell layer development","1/1978","13/18773",0.0769230769230769,0.730069222991367,-0.33410738579338,0.764934091340872,0.994796659396721,0.880090124003905,"exosc8",1
"GO:0022011","myelination in peripheral nervous system","1/1978","13/18773",0.0769230769230769,0.730069222991367,-0.33410738579338,0.764934091340872,0.994796659396721,0.880090124003905,"sptan1",1
"GO:0030316","osteoclast differentiation","1/1978","13/18773",0.0769230769230769,0.730069222991367,-0.33410738579338,0.764934091340872,0.994796659396721,0.880090124003905,"tcta",1
"GO:0030388","fructose 1,6-bisphosphate metabolic process","1/1978","13/18773",0.0769230769230769,0.730069222991367,-0.33410738579338,0.764934091340872,0.994796659396721,0.880090124003905,"fbp1a",1
"GO:0034394","protein localization to cell surface","1/1978","13/18773",0.0769230769230769,0.730069222991367,-0.33410738579338,0.764934091340872,0.994796659396721,0.880090124003905,"tax1bp3",1
"GO:0034625","fatty acid elongation, monounsaturated fatty acid","1/1978","13/18773",0.0769230769230769,0.730069222991367,-0.33410738579338,0.764934091340872,0.994796659396721,0.880090124003905,"elovl8b",1
"GO:0034626","fatty acid elongation, polyunsaturated fatty acid","1/1978","13/18773",0.0769230769230769,0.730069222991367,-0.33410738579338,0.764934091340872,0.994796659396721,0.880090124003905,"elovl8b",1
"GO:0035701","hematopoietic stem cell migration","1/1978","13/18773",0.0769230769230769,0.730069222991367,-0.33410738579338,0.764934091340872,0.994796659396721,0.880090124003905,"cxcl12a",1
"GO:0042554","superoxide anion generation","1/1978","13/18773",0.0769230769230769,0.730069222991367,-0.33410738579338,0.764934091340872,0.994796659396721,0.880090124003905,"sh3pxd2b",1
"GO:0043271","negative regulation of monoatomic ion transport","1/1978","13/18773",0.0769230769230769,0.730069222991367,-0.33410738579338,0.764934091340872,0.994796659396721,0.880090124003905,"wnk1a",1
"GO:0043363","nucleate erythrocyte differentiation","1/1978","13/18773",0.0769230769230769,0.730069222991367,-0.33410738579338,0.764934091340872,0.994796659396721,0.880090124003905,"pink1",1
"GO:0046578","regulation of Ras protein signal transduction","1/1978","13/18773",0.0769230769230769,0.730069222991367,-0.33410738579338,0.764934091340872,0.994796659396721,0.880090124003905,"spry2",1
"GO:0048382","mesendoderm development","1/1978","13/18773",0.0769230769230769,0.730069222991367,-0.33410738579338,0.764934091340872,0.994796659396721,0.880090124003905,"net1",1
"GO:0048814","regulation of dendrite morphogenesis","1/1978","13/18773",0.0769230769230769,0.730069222991367,-0.33410738579338,0.764934091340872,0.994796659396721,0.880090124003905,"hecw2a",1
"GO:0060351","cartilage development involved in endochondral bone morphogenesis","1/1978","13/18773",0.0769230769230769,0.730069222991367,-0.33410738579338,0.764934091340872,0.994796659396721,0.880090124003905,"prdm1a",1
"GO:0061842","microtubule organizing center localization","1/1978","13/18773",0.0769230769230769,0.730069222991367,-0.33410738579338,0.764934091340872,0.994796659396721,0.880090124003905,"ndel1b",1
"GO:0062013","positive regulation of small molecule metabolic process","1/1978","13/18773",0.0769230769230769,0.730069222991367,-0.33410738579338,0.764934091340872,0.994796659396721,0.880090124003905,"arpp19a",1
"GO:0072028","nephron morphogenesis","1/1978","13/18773",0.0769230769230769,0.730069222991367,-0.33410738579338,0.764934091340872,0.994796659396721,0.880090124003905,"ponzr1",1
"GO:0099116","tRNA 5'-end processing","1/1978","13/18773",0.0769230769230769,0.730069222991367,-0.33410738579338,0.764934091340872,0.994796659396721,0.880090124003905,"prorp",1
"GO:0170044","non-proteinogenic amino acid catabolic process","1/1978","13/18773",0.0769230769230769,0.730069222991367,-0.33410738579338,0.764934091340872,0.994796659396721,0.880090124003905,"blmh",1
"GO:1901797","negative regulation of signal transduction by p53 class mediator","1/1978","13/18773",0.0769230769230769,0.730069222991367,-0.33410738579338,0.764934091340872,0.994796659396721,0.880090124003905,"yju2",1
"GO:1902041","regulation of extrinsic apoptotic signaling pathway via death domain receptors","1/1978","13/18773",0.0769230769230769,0.730069222991367,-0.33410738579338,0.764934091340872,0.994796659396721,0.880090124003905,"rffl",1
"GO:1902042","negative regulation of extrinsic apoptotic signaling pathway via death domain receptors","1/1978","13/18773",0.0769230769230769,0.730069222991367,-0.33410738579338,0.764934091340872,0.994796659396721,0.880090124003905,"rffl",1
"GO:0014706","striated muscle tissue development","23/1978","247/18773",0.0931174089068826,0.883768006779023,-0.63104705532152,0.765168373855275,0.994796659396721,0.880090124003905,"fermt2/atoh8/ik/myo18ab/fxr1/neu1/fbxo22/myo9ab/cemip2/tango2/gsk3ab/dab2/pbx2/klhl41b/rbx1/lmna/smo/nr2f1a/larp7/npr1a/mtmr12/qkia/lamc1",23
"GO:0048705","skeletal system morphogenesis","22/1978","237/18773",0.0928270042194093,0.881011804960046,-0.632628060867519,0.766278239719193,0.994796659396721,0.880090124003905,"spns2/egr1/sec23a/furina/hmgcs1/ep300b/prdm1a/sh3pxd2b/nipblb/wls/mia2/hcfc1b/rit1/aldh1l1/ponzr1/mia3/hmgcrb/piezo1/kdm6a/smo/loxl3b/pmm2",22
"GO:0034329","cell junction assembly","17/1978","186/18773",0.0913978494623656,0.867447840220925,-0.623472128072191,0.767168264419571,0.994796659396721,0.880090124003905,"rock2a/arhgef9b/gars1/dsc2l/plxnb3/ctbp2a/sdcbp2/lin7c/tjp1a/fbxo45/rock1/macf1a/marveld2a/cldn5a/cldn11a/cdh5/mycbp2",17
"GO:0050803","regulation of synapse structure or activity","5/1978","60/18773",0.0833333333333333,0.790908324907314,-0.556697243120928,0.771534077331111,0.994796659396721,0.880090124003905,"lin7c/abhd17aa/fmr1/abhd17c/mycbp2",5
"GO:0034097","response to cytokine","18/1978","197/18773",0.0913705583756345,0.867188823248628,-0.643087471614364,0.77247205254468,0.994796659396721,0.880090124003905,"jak1/cxcl20/il13ra2/il4r.1/jagn1b/socs3b/socs3a/il6st/il10rb/traf6/traf2b/adipor2/trim32/pias4a/otud4/stat3/ifngr2/nfkb2",18
"GO:1901652","response to peptide","18/1978","197/18773",0.0913705583756345,0.867188823248628,-0.643087471614364,0.77247205254468,0.994796659396721,0.880090124003905,"jak1/cxcl20/il13ra2/il4r.1/jagn1b/socs3b/socs3a/il6st/il10rb/traf6/traf2b/adipor2/trim32/pias4a/otud4/stat3/ifngr2/nfkb2",18
"GO:0009137","purine nucleoside diphosphate catabolic process","4/1978","49/18773",0.0816326530612245,0.774767338684715,-0.541761956113984,0.773159259154463,0.994796659396721,0.880090124003905,"tpi1a/bpgm/dhtkd1/adpgk2",4
"GO:0009181","purine ribonucleoside diphosphate catabolic process","4/1978","49/18773",0.0816326530612245,0.774767338684715,-0.541761956113984,0.773159259154463,0.994796659396721,0.880090124003905,"tpi1a/bpgm/dhtkd1/adpgk2",4
"GO:0030100","regulation of endocytosis","4/1978","49/18773",0.0816326530612245,0.774767338684715,-0.541761956113984,0.773159259154463,0.994796659396721,0.880090124003905,"tpte/lgals3b/dab2/pacsin3",4
"GO:0009725","response to hormone","27/1978","289/18773",0.0934256055363322,0.886693070138303,-0.666171158040457,0.774107680305133,0.994796659396721,0.880090124003905,"jak1/apc/rxrbb/pdk4/zgc:123305/tgif1/vhl/rarga/cnot9/kank2/lpin2/nfe2l2a/dhrs3a/avpr1ab/hdlbpa/lman1/irs1/gsk3ab/adipor2/pagr1/arnt/tsc2/ncoa4/stat3/junba/gclc/irs2a",27
"GO:0050801","monoatomic ion homeostasis","27/1978","289/18773",0.0934256055363322,0.886693070138303,-0.666171158040457,0.774107680305133,0.994796659396721,0.880090124003905,"slc9a7/cxcl12a/smdt1b/ccdc115/micu2/slc9a8/fhl1b/fthl27/glrx3/slc12a4/slc39a7/atp2a2b/atp6v0a2b/metap1/psen1/psen2/atp2b4/wnk1a/tmem203/vdra/bcl2l10/tcirg1b/slc39a6/atp1b3a/pdzd8/ncoa4/atp6v1ba",27
"GO:0007622","rhythmic behavior","2/1978","26/18773",0.0769230769230769,0.730069222991367,-0.472662993820347,0.775530793381643,0.994796659396721,0.880090124003905,"parp1/fbxl3a",2
"GO:0009220","pyrimidine ribonucleotide biosynthetic process","2/1978","26/18773",0.0769230769230769,0.730069222991367,-0.472662993820347,0.775530793381643,0.994796659396721,0.880090124003905,"ctps1a/nme2b.2",2
"GO:0015012","heparan sulfate proteoglycan biosynthetic process","2/1978","26/18773",0.0769230769230769,0.730069222991367,-0.472662993820347,0.775530793381643,0.994796659396721,0.880090124003905,"ext2/csgalnact1a",2
"GO:0017004","cytochrome complex assembly","2/1978","26/18773",0.0769230769230769,0.730069222991367,-0.472662993820347,0.775530793381643,0.994796659396721,0.880090124003905,"cox19/cox20",2
"GO:0019933","cAMP-mediated signaling","2/1978","26/18773",0.0769230769230769,0.730069222991367,-0.472662993820347,0.775530793381643,0.994796659396721,0.880090124003905,"mgrn1b/mgrn1a",2
"GO:0021587","cerebellum morphogenesis","2/1978","26/18773",0.0769230769230769,0.730069222991367,-0.472662993820347,0.775530793381643,0.994796659396721,0.880090124003905,"exosc8/smo",2
"GO:0022600","digestive system process","2/1978","26/18773",0.0769230769230769,0.730069222991367,-0.472662993820347,0.775530793381643,0.994796659396721,0.880090124003905,"cdipt/shank3b",2
"GO:0031330","negative regulation of cellular catabolic process","2/1978","26/18773",0.0769230769230769,0.730069222991367,-0.472662993820347,0.775530793381643,0.994796659396721,0.880090124003905,"sirt2/dap",2
"GO:0045047","protein targeting to ER","2/1978","26/18773",0.0769230769230769,0.730069222991367,-0.472662993820347,0.775530793381643,0.994796659396721,0.880090124003905,"srp19/spcs3",2
"GO:0048512","circadian behavior","2/1978","26/18773",0.0769230769230769,0.730069222991367,-0.472662993820347,0.775530793381643,0.994796659396721,0.880090124003905,"parp1/fbxl3a",2
"GO:0051784","negative regulation of nuclear division","2/1978","26/18773",0.0769230769230769,0.730069222991367,-0.472662993820347,0.775530793381643,0.994796659396721,0.880090124003905,"mad1l1/ndc80",2
"GO:0051963","regulation of synapse assembly","2/1978","26/18773",0.0769230769230769,0.730069222991367,-0.472662993820347,0.775530793381643,0.994796659396721,0.880090124003905,"lin7c/mycbp2",2
"GO:1901568","fatty acid derivative metabolic process","2/1978","26/18773",0.0769230769230769,0.730069222991367,-0.472662993820347,0.775530793381643,0.994796659396721,0.880090124003905,"adh8b/acsl3b",2
"GO:0022414","reproductive process","34/1978","360/18773",0.0944444444444444,0.896362768228289,-0.681370285740746,0.776099667746567,0.994796659396721,0.880090124003905,"stau1/lhfpl2a/cxcl12a/cecr2/u2af2a/fxr1/ahr2/lpgat1/pum1/mre11a/smc3/top2a/cdc25b/kdm2aa/gas8/tubgcp3/dctn2/ctns/stau2/ddx3xb/macf1a/h2ax/fancd2/rad51/pla2g4aa/pafah1b1b/kdm6a/stat3/scarb1/tubgcp5/vipas39/ddx3xa/pafah1b1a/larp7",34
"GO:1905039","carboxylic acid transmembrane transport","8/1978","93/18773",0.0860215053763441,0.816421496678517,-0.609050459887961,0.776619385084848,0.994796659396721,0.880090124003905,"slc16a9a/slc3a2b/slc7a6/slc16a9b/lrrc8ab/mpc1/ttyh3b/slc16a1b",8
"GO:0003309","type B pancreatic cell differentiation","3/1978","38/18773",0.0789473684210526,0.749281570964824,-0.530920652920993,0.778899583304527,0.994796659396721,0.880090124003905,"dhps/thada/cdkal1",3
"GO:0043588","skin development","3/1978","38/18773",0.0789473684210526,0.749281570964824,-0.530920652920993,0.778899583304527,0.994796659396721,0.880090124003905,"slc39a7/dspb/dspa",3
"GO:0048499","synaptic vesicle membrane organization","3/1978","38/18773",0.0789473684210526,0.749281570964824,-0.530920652920993,0.778899583304527,0.994796659396721,0.880090124003905,"snap29/stx2a/stx3a",3
"GO:0019953","sexual reproduction","28/1978","300/18773",0.0933333333333333,0.885817323896191,-0.684180263427343,0.779213601072246,0.994796659396721,0.880090124003905,"stau1/lhfpl2a/cxcl12a/cecr2/fxr1/pum1/mre11a/smc3/top2a/cdc25b/tubgcp3/dctn2/ctns/stau2/ddx3xb/macf1a/h2ax/fancd2/rad51/pafah1b1b/kdm6a/stat3/scarb1/tubgcp5/vipas39/ddx3xa/pafah1b1a/larp7",28
"GO:0006873","intracellular monoatomic ion homeostasis","21/1978","229/18773",0.091703056768559,0.870344532212415,-0.677462531426121,0.780888511946476,0.994796659396721,0.880090124003905,"slc9a7/cxcl12a/smdt1b/ccdc115/micu2/slc9a8/fthl27/glrx3/slc39a7/atp2a2b/atp6v0a2b/metap1/atp2b4/tmem203/bcl2l10/tcirg1b/slc39a6/atp1b3a/pdzd8/ncoa4/atp6v1ba",21
"GO:0030003","intracellular monoatomic cation homeostasis","21/1978","229/18773",0.091703056768559,0.870344532212415,-0.677462531426121,0.780888511946476,0.994796659396721,0.880090124003905,"slc9a7/cxcl12a/smdt1b/ccdc115/micu2/slc9a8/fthl27/glrx3/slc39a7/atp2a2b/atp6v0a2b/metap1/atp2b4/tmem203/bcl2l10/tcirg1b/slc39a6/atp1b3a/pdzd8/ncoa4/atp6v1ba",21
"GO:0006195","purine nucleotide catabolic process","6/1978","72/18773",0.0833333333333333,0.790908324907314,-0.610026901465386,0.783593285610345,0.994796659396721,0.880090124003905,"tpi1a/hint1/bpgm/dhtkd1/nudt12/adpgk2",6
"GO:0170035","L-amino acid catabolic process","6/1978","72/18773",0.0833333333333333,0.790908324907314,-0.610026901465386,0.783593285610345,0.994796659396721,0.880090124003905,"gcsha/gstz1/gpt2/qdpra/aldh4a1/got2b",6
"GO:0046649","lymphocyte activation","16/1978","178/18773",0.0898876404494382,0.853114597652833,-0.675723401122911,0.784368839250701,0.994796659396721,0.880090124003905,"b2m/jak1/si:dkey-192g7.3/si:dkey-169i5.4/fam49a/slc39a7/ddx46/cd276/lgals9l3/fam49bb/rnf168/klf9/prkdc/dnmt1/slc39a6/loxl3b",16
"GO:0008277","regulation of G protein-coupled receptor signaling pathway","4/1978","50/18773",0.08,0.759271991911021,-0.584927874654764,0.786715633891732,0.994796659396721,0.880090124003905,"mgrn1b/pdcl/mgrn1a/usp33",4
"GO:0009191","ribonucleoside diphosphate catabolic process","4/1978","50/18773",0.08,0.759271991911021,-0.584927874654764,0.786715633891732,0.994796659396721,0.880090124003905,"tpi1a/bpgm/dhtkd1/adpgk2",4
"GO:0051302","regulation of cell division","4/1978","50/18773",0.08,0.759271991911021,-0.584927874654764,0.786715633891732,0.994796659396721,0.880090124003905,"rab11fip3/piezo1/mtrex/aurkb",4
"GO:0061387","regulation of extent of cell growth","4/1978","50/18773",0.08,0.759271991911021,-0.584927874654764,0.786715633891732,0.994796659396721,0.880090124003905,"cxcl12a/ext2/pik3ca/mapk14a",4
"GO:0071482","cellular response to light stimulus","4/1978","50/18773",0.08,0.759271991911021,-0.584927874654764,0.786715633891732,0.994796659396721,0.880090124003905,"pold3/mapk14a/mapk14b/aurkb",4
"GO:0002694","regulation of leukocyte activation","9/1978","105/18773",0.0857142857142857,0.813505705618951,-0.657642263213624,0.789152195291829,0.994796659396721,0.880090124003905,"b2m/si:dkey-192g7.3/si:dkey-169i5.4/fam49a/ddx46/cd276/lgals9l3/fam49bb/loxl3b",9
"GO:0000963","mitochondrial RNA processing","1/1978","14/18773",0.0714285714285714,0.677921421349126,-0.413713249202162,0.789718759108876,0.994796659396721,0.880090124003905,"prorp",1
"GO:0001990","regulation of systemic arterial blood pressure by hormone","1/1978","14/18773",0.0714285714285714,0.677921421349126,-0.413713249202162,0.789718759108876,0.994796659396721,0.880090124003905,"avpr1ab",1
"GO:0006140","regulation of nucleotide metabolic process","1/1978","14/18773",0.0714285714285714,0.677921421349126,-0.413713249202162,0.789718759108876,0.994796659396721,0.880090124003905,"antkmt",1
"GO:0006525","arginine metabolic process","1/1978","14/18773",0.0714285714285714,0.677921421349126,-0.413713249202162,0.789718759108876,0.994796659396721,0.880090124003905,"asl",1
"GO:0007168","receptor guanylyl cyclase signaling pathway","1/1978","14/18773",0.0714285714285714,0.677921421349126,-0.413713249202162,0.789718759108876,0.994796659396721,0.880090124003905,"npr1a",1
"GO:0007530","sex determination","1/1978","14/18773",0.0714285714285714,0.677921421349126,-0.413713249202162,0.789718759108876,0.994796659396721,0.880090124003905,"kdm2aa",1
"GO:0007612","learning","1/1978","14/18773",0.0714285714285714,0.677921421349126,-0.413713249202162,0.789718759108876,0.994796659396721,0.880090124003905,"pcxa",1
"GO:0009129","pyrimidine nucleoside monophosphate metabolic process","1/1978","14/18773",0.0714285714285714,0.677921421349126,-0.413713249202162,0.789718759108876,0.994796659396721,0.880090124003905,"dut",1
"GO:0009130","pyrimidine nucleoside monophosphate biosynthetic process","1/1978","14/18773",0.0714285714285714,0.677921421349126,-0.413713249202162,0.789718759108876,0.994796659396721,0.880090124003905,"dut",1
"GO:0009409","response to cold","1/1978","14/18773",0.0714285714285714,0.677921421349126,-0.413713249202162,0.789718759108876,0.994796659396721,0.880090124003905,"metrnla",1
"GO:0018149","peptide cross-linking","1/1978","14/18773",0.0714285714285714,0.677921421349126,-0.413713249202162,0.789718759108876,0.994796659396721,0.880090124003905,"f13a1b",1
"GO:0018212","peptidyl-tyrosine modification","1/1978","14/18773",0.0714285714285714,0.677921421349126,-0.413713249202162,0.789718759108876,0.994796659396721,0.880090124003905,"zgpat",1
"GO:0021508","floor plate formation","1/1978","14/18773",0.0714285714285714,0.677921421349126,-0.413713249202162,0.789718759108876,0.994796659396721,0.880090124003905,"smo",1
"GO:0021511","spinal cord patterning","1/1978","14/18773",0.0714285714285714,0.677921421349126,-0.413713249202162,0.789718759108876,0.994796659396721,0.880090124003905,"rnf220a",1
"GO:0032233","positive regulation of actin filament bundle assembly","1/1978","14/18773",0.0714285714285714,0.677921421349126,-0.413713249202162,0.789718759108876,0.994796659396721,0.880090124003905,"rock1",1
"GO:0033273","response to vitamin","1/1978","14/18773",0.0714285714285714,0.677921421349126,-0.413713249202162,0.789718759108876,0.994796659396721,0.880090124003905,"kank2",1
"GO:0033505","floor plate morphogenesis","1/1978","14/18773",0.0714285714285714,0.677921421349126,-0.413713249202162,0.789718759108876,0.994796659396721,0.880090124003905,"smo",1
"GO:0035435","phosphate ion transmembrane transport","1/1978","14/18773",0.0714285714285714,0.677921421349126,-0.413713249202162,0.789718759108876,0.994796659396721,0.880090124003905,"slc37a2",1
"GO:0035914","skeletal muscle cell differentiation","1/1978","14/18773",0.0714285714285714,0.677921421349126,-0.413713249202162,0.789718759108876,0.994796659396721,0.880090124003905,"atoh8",1
"GO:0042771","intrinsic apoptotic signaling pathway in response to DNA damage by p53 class mediator","1/1978","14/18773",0.0714285714285714,0.677921421349126,-0.413713249202162,0.789718759108876,0.994796659396721,0.880090124003905,"hipk2",1
"GO:0043153","entrainment of circadian clock by photoperiod","1/1978","14/18773",0.0714285714285714,0.677921421349126,-0.413713249202162,0.789718759108876,0.994796659396721,0.880090124003905,"fbxl3a",1
"GO:0044088","regulation of vacuole organization","1/1978","14/18773",0.0714285714285714,0.677921421349126,-0.413713249202162,0.789718759108876,0.994796659396721,0.880090124003905,"tbc1d14",1
"GO:0045646","regulation of erythrocyte differentiation","1/1978","14/18773",0.0714285714285714,0.677921421349126,-0.413713249202162,0.789718759108876,0.994796659396721,0.880090124003905,"ddx46",1
"GO:0051145","smooth muscle cell differentiation","1/1978","14/18773",0.0714285714285714,0.677921421349126,-0.413713249202162,0.789718759108876,0.994796659396721,0.880090124003905,"mrtfbb",1
"GO:0051489","regulation of filopodium assembly","1/1978","14/18773",0.0714285714285714,0.677921421349126,-0.413713249202162,0.789718759108876,0.994796659396721,0.880090124003905,"selenow2a",1
"GO:0071277","cellular response to calcium ion","1/1978","14/18773",0.0714285714285714,0.677921421349126,-0.413713249202162,0.789718759108876,0.994796659396721,0.880090124003905,"slc25a24",1
"GO:0071711","basement membrane organization","1/1978","14/18773",0.0714285714285714,0.677921421349126,-0.413713249202162,0.789718759108876,0.994796659396721,0.880090124003905,"hmcn1",1
"GO:0071907","determination of digestive tract left/right asymmetry","1/1978","14/18773",0.0714285714285714,0.677921421349126,-0.413713249202162,0.789718759108876,0.994796659396721,0.880090124003905,"furina",1
"GO:0086003","cardiac muscle cell contraction","1/1978","14/18773",0.0714285714285714,0.677921421349126,-0.413713249202162,0.789718759108876,0.994796659396721,0.880090124003905,"scn4bb",1
"GO:0097306","cellular response to alcohol","1/1978","14/18773",0.0714285714285714,0.677921421349126,-0.413713249202162,0.789718759108876,0.994796659396721,0.880090124003905,"entpd1",1
"GO:1900542","regulation of purine nucleotide metabolic process","1/1978","14/18773",0.0714285714285714,0.677921421349126,-0.413713249202162,0.789718759108876,0.994796659396721,0.880090124003905,"antkmt",1
"GO:1903578","regulation of ATP metabolic process","1/1978","14/18773",0.0714285714285714,0.677921421349126,-0.413713249202162,0.789718759108876,0.994796659396721,0.880090124003905,"antkmt",1
"GO:2000404","regulation of T cell migration","1/1978","14/18773",0.0714285714285714,0.677921421349126,-0.413713249202162,0.789718759108876,0.994796659396721,0.880090124003905,"spns2",1
"GO:2000649","regulation of sodium ion transmembrane transporter activity","1/1978","14/18773",0.0714285714285714,0.677921421349126,-0.413713249202162,0.789718759108876,0.994796659396721,0.880090124003905,"ap1b1",1
"GO:0009218","pyrimidine ribonucleotide metabolic process","2/1978","27/18773",0.0740740740740741,0.703029622139834,-0.529930748530092,0.793381674517849,0.994796659396721,0.880090124003905,"ctps1a/nme2b.2",2
"GO:0030149","sphingolipid catabolic process","2/1978","27/18773",0.0740740740740741,0.703029622139834,-0.529930748530092,0.793381674517849,0.994796659396721,0.880090124003905,"sgpl1/neu1",2
"GO:0030916","otic vesicle formation","2/1978","27/18773",0.0740740740740741,0.703029622139834,-0.529930748530092,0.793381674517849,0.994796659396721,0.880090124003905,"cep290/smad5",2
"GO:0032412","regulation of monoatomic ion transmembrane transporter activity","2/1978","27/18773",0.0740740740740741,0.703029622139834,-0.529930748530092,0.793381674517849,0.994796659396721,0.880090124003905,"ap1b1/nudt9",2
"GO:0034308","primary alcohol metabolic process","2/1978","27/18773",0.0740740740740741,0.703029622139834,-0.529930748530092,0.793381674517849,0.994796659396721,0.880090124003905,"adh8b/tpk1",2
"GO:0046466","membrane lipid catabolic process","2/1978","27/18773",0.0740740740740741,0.703029622139834,-0.529930748530092,0.793381674517849,0.994796659396721,0.880090124003905,"sgpl1/neu1",2
"GO:0048599","oocyte development","3/1978","39/18773",0.0769230769230769,0.730069222991367,-0.579092396554565,0.793844504493012,0.994796659396721,0.880090124003905,"pum1/dctn2/macf1a",3
"GO:0060840","artery development","3/1978","39/18773",0.0769230769230769,0.730069222991367,-0.579092396554565,0.793844504493012,0.994796659396721,0.880090124003905,"dlc/myo6a/smo",3
"GO:0009416","response to light stimulus","13/1978","148/18773",0.0878378378378378,0.833660126253655,-0.697200190034618,0.794235023884452,0.994796659396721,0.880090124003905,"atp6v0e1/pold3/ddb2/psen1/mapk14a/perp/mapk14b/wee1/aurkb/poc1b/fbxl3a/lamc1/dhdds",13
"GO:0034330","cell junction organization","30/1978","323/18773",0.0928792569659443,0.881507730546851,-0.737176539994364,0.794318349401018,0.994796659396721,0.880090124003905,"rock2a/arhgef9b/gars1/dsc2l/plxnb3/myo7aa/rasip1/myo9ab/ctbp2a/sdcbp2/lin7c/lims1/tjp1a/fbxo45/abhd17aa/sncb/fmr1/abhd17c/add1/dspb/rock1/macf1a/marveld2a/dspa/cldn5a/cldn11a/mapk7/tjp2b/cdh5/mycbp2",30
"GO:0031016","pancreas development","15/1978","169/18773",0.0887573964497041,0.842387564990038,-0.706332318243546,0.794603154682118,0.994796659396721,0.880090124003905,"fhl1b/apc/eaf2/snapc4/ddx46/dhps/thada/dnmt1/jag2b/cdkal1/celf1/bms1/grk5l/smo/nol9",15
"GO:0050817","coagulation","6/1978","73/18773",0.0821917808219178,0.780073964292145,-0.646093965848373,0.794625290401625,0.994796659396721,0.880090124003905,"f13a1b/bambia/sppl2/prkcaa/anxa5b/lrrc32",6
"GO:0007623","circadian rhythm","7/1978","84/18773",0.0833333333333333,0.790908324907314,-0.659115864894053,0.794962440197926,0.994796659396721,0.880090124003905,"nr1d2a/egr1/parp1/cipcb/fbxl3a/mycbp2/hdac3",7
"GO:0005976","polysaccharide metabolic process","5/1978","62/18773",0.0806451612903226,0.76539515313611,-0.634983935136835,0.795841278655766,0.994796659396721,0.880090124003905,"wipi1/ppp1caa/atg3/ppp1r3b/ppp1r3da",5
"GO:0021545","cranial nerve development","5/1978","62/18773",0.0806451612903226,0.76539515313611,-0.634983935136835,0.795841278655766,0.994796659396721,0.880090124003905,"chn1/gmds/oxr1b/rest/rb1",5
"GO:0050770","regulation of axonogenesis","5/1978","62/18773",0.0806451612903226,0.76539515313611,-0.634983935136835,0.795841278655766,0.994796659396721,0.880090124003905,"cxcl12a/arhgap35a/plxnb3/pik3ca/mapk14a",5
"GO:1903825","organic acid transmembrane transport","8/1978","95/18773",0.0842105263157895,0.799233675695812,-0.673233777498566,0.796288937673948,0.994796659396721,0.880090124003905,"slc16a9a/slc3a2b/slc7a6/slc16a9b/lrrc8ab/mpc1/ttyh3b/slc16a1b",8
"GO:1901700","response to oxygen-containing compound","34/1978","364/18773",0.0934065934065934,0.886512627918088,-0.750345953613374,0.796786473354837,0.994796659396721,0.880090124003905,"adh8b/sod2/jak1/cxcl20/pdk4/castor2/si:dkey-192g7.3/si:dkey-169i5.4/zgc:123305/tnip1/otud5a/kank2/lpin2/lta/sesn3/cd276/akr1a1b/entpd1/traf6/chrnb2/irs1/gsk3ab/tet1/prdx1/sod1/sesn1/gpx1b/chrng/p2rx7/tsc2/stat3/nsg2/gnal/irs2a",34
"GO:0021782","glial cell development","9/1978","106/18773",0.0849056603773585,0.805831123490471,-0.68797665071071,0.798265747092794,0.994796659396721,0.880090124003905,"cacnb2a/egr1/sptan1/hmgcs1/gpm6ba/tenm4/olig2/nrros/smo",9
"GO:0015695","organic cation transport","4/1978","51/18773",0.0784313725490196,0.744384305795119,-0.627299432836273,0.799616805648537,0.994796659396721,0.880090124003905,"slc3a2b/slc7a6/slc25a20/slc36a4",4
"GO:0042157","lipoprotein metabolic process","4/1978","51/18773",0.0784313725490196,0.744384305795119,-0.627299432836273,0.799616805648537,0.994796659396721,0.880090124003905,"nmt1a/wipi1/zdhhc16a/nmt2",4
"GO:0055082","intracellular chemical homeostasis","23/1978","253/18773",0.0909090909090909,0.86280908171707,-0.753951734693901,0.802440346479055,0.994796659396721,0.880090124003905,"slc9a7/cxcl12a/smdt1b/ccdc115/micu2/slc9a8/fthl27/glrx3/slc39a7/atp2a2b/atp6v0a2b/metap1/ormdl1/atp2b4/tmem203/ormdl2/bcl2l10/tcirg1b/slc39a6/atp1b3a/pdzd8/ncoa4/atp6v1ba",23
"GO:0010466","negative regulation of peptidase activity","7/1978","85/18773",0.0823529411764706,0.781603521084875,-0.692551532540503,0.804885060735124,0.994796659396721,0.880090124003905,"appb/bcl2l1/lamtor5/serpinf1/serpinb14/serpine1/wfikkn1",7
"GO:0045861","negative regulation of proteolysis","8/1978","96/18773",0.0833333333333333,0.790908324907314,-0.704850823254276,0.805624473242285,0.994796659396721,0.880090124003905,"appb/styx/bcl2l1/lamtor5/serpinf1/serpinb14/serpine1/wfikkn1",8
"GO:0042060","wound healing","9/1978","107/18773",0.0841121495327103,0.798299991495233,-0.718043221864283,0.807083489045518,0.994796659396721,0.880090124003905,"f13a1b/bambia/rhoac/prkcaa/macf1a/lrrc32/dspa/serpine1/evpla",9
"GO:0048709","oligodendrocyte differentiation","5/1978","63/18773",0.0793650793650794,0.753246023721251,-0.6732493659226,0.807209804905618,0.994796659396721,0.880090124003905,"hmgcs1/gpm6ba/tenm4/olig2/smo",5
"GO:0050954","sensory perception of mechanical stimulus","5/1978","63/18773",0.0793650793650794,0.753246023721251,-0.6732493659226,0.807209804905618,0.994796659396721,0.880090124003905,"ap1b1/spns2/get1/myo7aa/myo6a",5
"GO:0072175","epithelial tube formation","5/1978","63/18773",0.0793650793650794,0.753246023721251,-0.6732493659226,0.807209804905618,0.994796659396721,0.880090124003905,"cep290/vaspb/smo/phactr4b/smad5",5
"GO:0009994","oocyte differentiation","3/1978","40/18773",0.075,0.711817492416582,-0.626141309822808,0.807936551953643,0.994796659396721,0.880090124003905,"pum1/dctn2/macf1a",3
"GO:0021575","hindbrain morphogenesis","3/1978","40/18773",0.075,0.711817492416582,-0.626141309822808,0.807936551953643,0.994796659396721,0.880090124003905,"exosc8/ascl1a/smo",3
"GO:0048645","animal organ formation","3/1978","40/18773",0.075,0.711817492416582,-0.626141309822808,0.807936551953643,0.994796659396721,0.880090124003905,"atoh8/cemip2/mef2d",3
"GO:0002274","myeloid leukocyte activation","2/1978","28/18773",0.0714285714285714,0.677921421349126,-0.585297334890006,0.809965110716878,0.994796659396721,0.880090124003905,"ptena/ptenb",2
"GO:0005978","glycogen biosynthetic process","2/1978","28/18773",0.0714285714285714,0.677921421349126,-0.585297334890006,0.809965110716878,0.994796659396721,0.880090124003905,"ppp1r3b/ppp1r3da",2
"GO:0007212","G protein-coupled dopamine receptor signaling pathway","2/1978","28/18773",0.0714285714285714,0.677921421349126,-0.585297334890006,0.809965110716878,0.994796659396721,0.880090124003905,"nsg2/gnal",2
"GO:0009250","glucan biosynthetic process","2/1978","28/18773",0.0714285714285714,0.677921421349126,-0.585297334890006,0.809965110716878,0.994796659396721,0.880090124003905,"ppp1r3b/ppp1r3da",2
"GO:0022898","regulation of transmembrane transporter activity","2/1978","28/18773",0.0714285714285714,0.677921421349126,-0.585297334890006,0.809965110716878,0.994796659396721,0.880090124003905,"ap1b1/nudt9",2
"GO:0032409","regulation of transporter activity","2/1978","28/18773",0.0714285714285714,0.677921421349126,-0.585297334890006,0.809965110716878,0.994796659396721,0.880090124003905,"ap1b1/nudt9",2
"GO:0042398","cellular modified amino acid biosynthetic process","2/1978","28/18773",0.0714285714285714,0.677921421349126,-0.585297334890006,0.809965110716878,0.994796659396721,0.880090124003905,"gamt/gclc",2
"GO:0044331","cell-cell adhesion mediated by cadherin","2/1978","28/18773",0.0714285714285714,0.677921421349126,-0.585297334890006,0.809965110716878,0.994796659396721,0.880090124003905,"flot2a/cdh5",2
"GO:0045766","positive regulation of angiogenesis","2/1978","28/18773",0.0714285714285714,0.677921421349126,-0.585297334890006,0.809965110716878,0.994796659396721,0.880090124003905,"kdr/sirt1",2
"GO:0055075","potassium ion homeostasis","2/1978","28/18773",0.0714285714285714,0.677921421349126,-0.585297334890006,0.809965110716878,0.994796659396721,0.880090124003905,"slc12a4/atp1b3a",2
"GO:0060973","cell migration involved in heart development","2/1978","28/18773",0.0714285714285714,0.677921421349126,-0.585297334890006,0.809965110716878,0.994796659396721,0.880090124003905,"spns2/cemip2",2
"GO:0095500","acetylcholine receptor signaling pathway","2/1978","28/18773",0.0714285714285714,0.677921421349126,-0.585297334890006,0.809965110716878,0.994796659396721,0.880090124003905,"chrnb2/chrng",2
"GO:0097479","synaptic vesicle localization","2/1978","28/18773",0.0714285714285714,0.677921421349126,-0.585297334890006,0.809965110716878,0.994796659396721,0.880090124003905,"snapin/lin7c",2
"GO:0099637","neurotransmitter receptor transport","2/1978","28/18773",0.0714285714285714,0.677921421349126,-0.585297334890006,0.809965110716878,0.994796659396721,0.880090124003905,"erbin/stx3a",2
"GO:1905144","response to acetylcholine","2/1978","28/18773",0.0714285714285714,0.677921421349126,-0.585297334890006,0.809965110716878,0.994796659396721,0.880090124003905,"chrnb2/chrng",2
"GO:1905145","cellular response to acetylcholine","2/1978","28/18773",0.0714285714285714,0.677921421349126,-0.585297334890006,0.809965110716878,0.994796659396721,0.880090124003905,"chrnb2/chrng",2
"GO:1905475","regulation of protein localization to membrane","2/1978","28/18773",0.0714285714285714,0.677921421349126,-0.585297334890006,0.809965110716878,0.994796659396721,0.880090124003905,"ap1b1/cnstb",2
"GO:0046031","ADP metabolic process","4/1978","52/18773",0.0769230769230769,0.730069222991367,-0.668910429346044,0.811879017277605,0.994796659396721,0.880090124003905,"tpi1a/bpgm/dhtkd1/adpgk2",4
"GO:0001655","urogenital system development","1/1978","15/18773",0.0666666666666667,0.632726659925851,-0.48833761820027,0.811891385287384,0.994796659396721,0.880090124003905,"osr2",1
"GO:0006188","IMP biosynthetic process","1/1978","15/18773",0.0666666666666667,0.632726659925851,-0.48833761820027,0.811891385287384,0.994796659396721,0.880090124003905,"atic",1
"GO:0006614","SRP-dependent cotranslational protein targeting to membrane","1/1978","15/18773",0.0666666666666667,0.632726659925851,-0.48833761820027,0.811891385287384,0.994796659396721,0.880090124003905,"srp19",1
"GO:0006767","water-soluble vitamin metabolic process","1/1978","15/18773",0.0666666666666667,0.632726659925851,-0.48833761820027,0.811891385287384,0.994796659396721,0.880090124003905,"tpk1",1
"GO:0006984","ER-nucleus signaling pathway","1/1978","15/18773",0.0666666666666667,0.632726659925851,-0.48833761820027,0.811891385287384,0.994796659396721,0.880090124003905,"nck1a",1
"GO:0007413","axonal fasciculation","1/1978","15/18773",0.0666666666666667,0.632726659925851,-0.48833761820027,0.811891385287384,0.994796659396721,0.880090124003905,"nrp2b",1
"GO:0007584","response to nutrient","1/1978","15/18773",0.0666666666666667,0.632726659925851,-0.48833761820027,0.811891385287384,0.994796659396721,0.880090124003905,"kank2",1
"GO:0007611","learning or memory","1/1978","15/18773",0.0666666666666667,0.632726659925851,-0.48833761820027,0.811891385287384,0.994796659396721,0.880090124003905,"pcxa",1
"GO:0008078","mesodermal cell migration","1/1978","15/18773",0.0666666666666667,0.632726659925851,-0.48833761820027,0.811891385287384,0.994796659396721,0.880090124003905,"snai1a",1
"GO:0009068","aspartate family amino acid catabolic process","1/1978","15/18773",0.0666666666666667,0.632726659925851,-0.48833761820027,0.811891385287384,0.994796659396721,0.880090124003905,"got2b",1
"GO:0009110","vitamin biosynthetic process","1/1978","15/18773",0.0666666666666667,0.632726659925851,-0.48833761820027,0.811891385287384,0.994796659396721,0.880090124003905,"tpk1",1
"GO:0009649","entrainment of circadian clock","1/1978","15/18773",0.0666666666666667,0.632726659925851,-0.48833761820027,0.811891385287384,0.994796659396721,0.880090124003905,"fbxl3a",1
"GO:0010043","response to zinc ion","1/1978","15/18773",0.0666666666666667,0.632726659925851,-0.48833761820027,0.811891385287384,0.994796659396721,0.880090124003905,"hvcn1",1
"GO:0021603","cranial nerve formation","1/1978","15/18773",0.0666666666666667,0.632726659925851,-0.48833761820027,0.811891385287384,0.994796659396721,0.880090124003905,"chn1",1
"GO:0030007","intracellular potassium ion homeostasis","1/1978","15/18773",0.0666666666666667,0.632726659925851,-0.48833761820027,0.811891385287384,0.994796659396721,0.880090124003905,"atp1b3a",1
"GO:0031638","zymogen activation","1/1978","15/18773",0.0666666666666667,0.632726659925851,-0.48833761820027,0.811891385287384,0.994796659396721,0.880090124003905,"serpine1",1
"GO:0032107","regulation of response to nutrient levels","1/1978","15/18773",0.0666666666666667,0.632726659925851,-0.48833761820027,0.811891385287384,0.994796659396721,0.880090124003905,"kank2",1
"GO:0032292","peripheral nervous system axon ensheathment","1/1978","15/18773",0.0666666666666667,0.632726659925851,-0.48833761820027,0.811891385287384,0.994796659396721,0.880090124003905,"sptan1",1
"GO:0034767","positive regulation of monoatomic ion transmembrane transport","1/1978","15/18773",0.0666666666666667,0.632726659925851,-0.48833761820027,0.811891385287384,0.994796659396721,0.880090124003905,"wnk1a",1
"GO:0042559","pteridine-containing compound biosynthetic process","1/1978","15/18773",0.0666666666666667,0.632726659925851,-0.48833761820027,0.811891385287384,0.994796659396721,0.880090124003905,"qdpra",1
"GO:0046475","glycerophospholipid catabolic process","1/1978","15/18773",0.0666666666666667,0.632726659925851,-0.48833761820027,0.811891385287384,0.994796659396721,0.880090124003905,"pla2g4aa",1
"GO:0046549","retinal cone cell development","1/1978","15/18773",0.0666666666666667,0.632726659925851,-0.48833761820027,0.811891385287384,0.994796659396721,0.880090124003905,"med24",1
"GO:0048634","regulation of muscle organ development","1/1978","15/18773",0.0666666666666667,0.632726659925851,-0.48833761820027,0.811891385287384,0.994796659396721,0.880090124003905,"taf3",1
"GO:0060997","dendritic spine morphogenesis","1/1978","15/18773",0.0666666666666667,0.632726659925851,-0.48833761820027,0.811891385287384,0.994796659396721,0.880090124003905,"fmr1",1
"GO:0071763","nuclear membrane organization","1/1978","15/18773",0.0666666666666667,0.632726659925851,-0.48833761820027,0.811891385287384,0.994796659396721,0.880090124003905,"tor1",1
"GO:0106030","neuron projection fasciculation","1/1978","15/18773",0.0666666666666667,0.632726659925851,-0.48833761820027,0.811891385287384,0.994796659396721,0.880090124003905,"nrp2b",1
"GO:1903036","positive regulation of response to wounding","1/1978","15/18773",0.0666666666666667,0.632726659925851,-0.48833761820027,0.811891385287384,0.994796659396721,0.880090124003905,"il6st",1
"GO:1903708","positive regulation of hemopoiesis","1/1978","15/18773",0.0666666666666667,0.632726659925851,-0.48833761820027,0.811891385287384,0.994796659396721,0.880090124003905,"ddx46",1
"GO:1904064","positive regulation of cation transmembrane transport","1/1978","15/18773",0.0666666666666667,0.632726659925851,-0.48833761820027,0.811891385287384,0.994796659396721,0.880090124003905,"wnk1a",1
"GO:2000401","regulation of lymphocyte migration","1/1978","15/18773",0.0666666666666667,0.632726659925851,-0.48833761820027,0.811891385287384,0.994796659396721,0.880090124003905,"spns2",1
"GO:0033993","response to lipid","16/1978","182/18773",0.0879120879120879,0.834364826275848,-0.770575680378398,0.812227095211296,0.994796659396721,0.880090124003905,"cxcl20/si:dkey-192g7.3/si:dkey-169i5.4/tnip1/otud5a/vhl/cnot9/kank2/lta/nfe2l2a/cd276/traf6/pagr1/tet1/arnt/junba",16
"GO:0031018","endocrine pancreas development","6/1978","75/18773",0.08,0.759271991911021,-0.716866174454459,0.815383284384323,0.99661763594204,0.881701130090867,"fhl1b/apc/dhps/thada/cdkal1/smo",6
"GO:0050865","regulation of cell activation","9/1978","108/18773",0.0833333333333333,0.790908324907314,-0.747847480427774,0.815608464829369,0.99661763594204,0.881701130090867,"b2m/si:dkey-192g7.3/si:dkey-169i5.4/fam49a/ddx46/cd276/lgals9l3/fam49bb/loxl3b",9
"GO:0021515","cell differentiation in spinal cord","5/1978","64/18773",0.078125,0.741476554600607,-0.710956529270866,0.818068972487678,0.99661763594204,0.881701130090867,"dlc/sfpq/olig2/jag2b/smo",5
"GO:0002067","glandular epithelial cell differentiation","3/1978","41/18773",0.0731707317073171,0.694456090162519,-0.672127860526262,0.821206381516741,0.99661763594204,0.881701130090867,"dhps/thada/cdkal1",3
"GO:0006626","protein targeting to mitochondrion","3/1978","41/18773",0.0731707317073171,0.694456090162519,-0.672127860526262,0.821206381516741,0.99661763594204,0.881701130090867,"dnajc19/timm10/tomm34",3
"GO:0035883","enteroendocrine cell differentiation","3/1978","41/18773",0.0731707317073171,0.694456090162519,-0.672127860526262,0.821206381516741,0.99661763594204,0.881701130090867,"dhps/thada/cdkal1",3
"GO:0009135","purine nucleoside diphosphate metabolic process","4/1978","53/18773",0.0754716981132075,0.71629433199153,-0.709792551092066,0.823519849982015,0.99661763594204,0.881701130090867,"tpi1a/bpgm/dhtkd1/adpgk2",4
"GO:0009179","purine ribonucleoside diphosphate metabolic process","4/1978","53/18773",0.0754716981132075,0.71629433199153,-0.709792551092066,0.823519849982015,0.99661763594204,0.881701130090867,"tpi1a/bpgm/dhtkd1/adpgk2",4
"GO:0051017","actin filament bundle assembly","4/1978","53/18773",0.0754716981132075,0.71629433199153,-0.709792551092066,0.823519849982015,0.99661763594204,0.881701130090867,"rhoac/rock1/limd2/lima1a",4
"GO:0001841","neural tube formation","2/1978","29/18773",0.0689655172413793,0.654544820612949,-0.638907493573378,0.825349863125724,0.99661763594204,0.881701130090867,"vaspb/phactr4b",2
"GO:0003073","regulation of systemic arterial blood pressure","2/1978","29/18773",0.0689655172413793,0.654544820612949,-0.638907493573378,0.825349863125724,0.99661763594204,0.881701130090867,"avpr1ab/adma",2
"GO:0021537","telencephalon development","2/1978","29/18773",0.0689655172413793,0.654544820612949,-0.638907493573378,0.825349863125724,0.99661763594204,0.881701130090867,"zdhhc16a/smo",2
"GO:0035987","endodermal cell differentiation","2/1978","29/18773",0.0689655172413793,0.654544820612949,-0.638907493573378,0.825349863125724,0.99661763594204,0.881701130090867,"dusp6/dhx16",2
"GO:0098926","postsynaptic signal transduction","2/1978","29/18773",0.0689655172413793,0.654544820612949,-0.638907493573378,0.825349863125724,0.99661763594204,0.881701130090867,"chrnb2/chrng",2
"GO:1904018","positive regulation of vasculature development","2/1978","29/18773",0.0689655172413793,0.654544820612949,-0.638907493573378,0.825349863125724,0.99661763594204,0.881701130090867,"kdr/sirt1",2
"GO:2000243","positive regulation of reproductive process","2/1978","29/18773",0.0689655172413793,0.654544820612949,-0.638907493573378,0.825349863125724,0.99661763594204,0.881701130090867,"lhfpl2a/cdc25b",2
"GO:0009154","purine ribonucleotide catabolic process","5/1978","65/18773",0.0769230769230769,0.730069222991367,-0.748124392085472,0.828430561236242,0.99661763594204,0.881701130090867,"tpi1a/hint1/bpgm/dhtkd1/adpgk2",5
"GO:0016079","synaptic vesicle exocytosis","5/1978","65/18773",0.0769230769230769,0.730069222991367,-0.748124392085472,0.828430561236242,0.99661763594204,0.881701130090867,"stxbp2/snapin/snap29/stx2a/stx3a",5
"GO:0001936","regulation of endothelial cell proliferation","1/1978","16/18773",0.0625,0.593181243680485,-0.55867299909577,0.831727126832408,0.99661763594204,0.881701130090867,"jcada",1
"GO:0006491","N-glycan processing","1/1978","16/18773",0.0625,0.593181243680485,-0.55867299909577,0.831727126832408,0.99661763594204,0.881701130090867,"prkcsh",1
"GO:0006613","cotranslational protein targeting to membrane","1/1978","16/18773",0.0625,0.593181243680485,-0.55867299909577,0.831727126832408,0.99661763594204,0.881701130090867,"srp19",1
"GO:0006883","intracellular sodium ion homeostasis","1/1978","16/18773",0.0625,0.593181243680485,-0.55867299909577,0.831727126832408,0.99661763594204,0.881701130090867,"atp1b3a",1
"GO:0007044","cell-substrate junction assembly","1/1978","16/18773",0.0625,0.593181243680485,-0.55867299909577,0.831727126832408,0.99661763594204,0.881701130090867,"macf1a",1
"GO:0007418","ventral midline development","1/1978","16/18773",0.0625,0.593181243680485,-0.55867299909577,0.831727126832408,0.99661763594204,0.881701130090867,"smo",1
"GO:0009435","NAD biosynthetic process","1/1978","16/18773",0.0625,0.593181243680485,-0.55867299909577,0.831727126832408,0.99661763594204,0.881701130090867,"afmid",1
"GO:0010458","exit from mitosis","1/1978","16/18773",0.0625,0.593181243680485,-0.55867299909577,0.831727126832408,0.99661763594204,0.881701130090867,"ppp2r2d",1
"GO:0014074","response to purine-containing compound","1/1978","16/18773",0.0625,0.593181243680485,-0.55867299909577,0.831727126832408,0.99661763594204,0.881701130090867,"p2rx7",1
"GO:0019377","glycolipid catabolic process","1/1978","16/18773",0.0625,0.593181243680485,-0.55867299909577,0.831727126832408,0.99661763594204,0.881701130090867,"neu1",1
"GO:0030330","DNA damage response, signal transduction by p53 class mediator","1/1978","16/18773",0.0625,0.593181243680485,-0.55867299909577,0.831727126832408,0.99661763594204,0.881701130090867,"yju2",1
"GO:0030431","sleep","1/1978","16/18773",0.0625,0.593181243680485,-0.55867299909577,0.831727126832408,0.99661763594204,0.881701130090867,"parp1",1
"GO:0031128","developmental induction","1/1978","16/18773",0.0625,0.593181243680485,-0.55867299909577,0.831727126832408,0.99661763594204,0.881701130090867,"rab5ab",1
"GO:0032231","regulation of actin filament bundle assembly","1/1978","16/18773",0.0625,0.593181243680485,-0.55867299909577,0.831727126832408,0.99661763594204,0.881701130090867,"rock1",1
"GO:0034340","response to type I interferon","1/1978","16/18773",0.0625,0.593181243680485,-0.55867299909577,0.831727126832408,0.99661763594204,0.881701130090867,"pias4a",1
"GO:0035336","long-chain fatty-acyl-CoA metabolic process","1/1978","16/18773",0.0625,0.593181243680485,-0.55867299909577,0.831727126832408,0.99661763594204,0.881701130090867,"acsl3b",1
"GO:0044273","sulfur compound catabolic process","1/1978","16/18773",0.0625,0.593181243680485,-0.55867299909577,0.831727126832408,0.99661763594204,0.881701130090867,"blmh",1
"GO:0045471","response to ethanol","1/1978","16/18773",0.0625,0.593181243680485,-0.55867299909577,0.831727126832408,0.99661763594204,0.881701130090867,"entpd1",1
"GO:0045773","positive regulation of axon extension","1/1978","16/18773",0.0625,0.593181243680485,-0.55867299909577,0.831727126832408,0.99661763594204,0.881701130090867,"cxcl12a",1
"GO:0045834","positive regulation of lipid metabolic process","1/1978","16/18773",0.0625,0.593181243680485,-0.55867299909577,0.831727126832408,0.99661763594204,0.881701130090867,"pla2g6",1
"GO:0046039","GTP metabolic process","1/1978","16/18773",0.0625,0.593181243680485,-0.55867299909577,0.831727126832408,0.99661763594204,0.881701130090867,"nme2b.2",1
"GO:0046479","glycosphingolipid catabolic process","1/1978","16/18773",0.0625,0.593181243680485,-0.55867299909577,0.831727126832408,0.99661763594204,0.881701130090867,"neu1",1
"GO:0046683","response to organophosphorus","1/1978","16/18773",0.0625,0.593181243680485,-0.55867299909577,0.831727126832408,0.99661763594204,0.881701130090867,"p2rx7",1
"GO:0048263","determination of dorsal identity","1/1978","16/18773",0.0625,0.593181243680485,-0.55867299909577,0.831727126832408,0.99661763594204,0.881701130090867,"aida",1
"GO:0051445","regulation of meiotic cell cycle","1/1978","16/18773",0.0625,0.593181243680485,-0.55867299909577,0.831727126832408,0.99661763594204,0.881701130090867,"cdc25b",1
"GO:0060061","Spemann organizer formation","1/1978","16/18773",0.0625,0.593181243680485,-0.55867299909577,0.831727126832408,0.99661763594204,0.881701130090867,"rab5ab",1
"GO:0060122","inner ear receptor cell stereocilium organization","1/1978","16/18773",0.0625,0.593181243680485,-0.55867299909577,0.831727126832408,0.99661763594204,0.881701130090867,"myo7aa",1
"GO:0060337","type I interferon-mediated signaling pathway","1/1978","16/18773",0.0625,0.593181243680485,-0.55867299909577,0.831727126832408,0.99661763594204,0.881701130090867,"pias4a",1
"GO:0071357","cellular response to type I interferon","1/1978","16/18773",0.0625,0.593181243680485,-0.55867299909577,0.831727126832408,0.99661763594204,0.881701130090867,"pias4a",1
"GO:0090132","epithelium migration","1/1978","16/18773",0.0625,0.593181243680485,-0.55867299909577,0.831727126832408,0.99661763594204,0.881701130090867,"psenen",1
"GO:0097009","energy homeostasis","1/1978","16/18773",0.0625,0.593181243680485,-0.55867299909577,0.831727126832408,0.99661763594204,0.881701130090867,"metrnla",1
"GO:0097061","dendritic spine organization","1/1978","16/18773",0.0625,0.593181243680485,-0.55867299909577,0.831727126832408,0.99661763594204,0.881701130090867,"fmr1",1
"GO:0150115","cell-substrate junction organization","1/1978","16/18773",0.0625,0.593181243680485,-0.55867299909577,0.831727126832408,0.99661763594204,0.881701130090867,"macf1a",1
"GO:1901379","regulation of potassium ion transmembrane transport","1/1978","16/18773",0.0625,0.593181243680485,-0.55867299909577,0.831727126832408,0.99661763594204,0.881701130090867,"wnk1a",1
"GO:0006672","ceramide metabolic process","6/1978","77/18773",0.0779220779220779,0.739550641471774,-0.78590982359328,0.83445194774929,0.999177396124255,0.883965733248614,"neu1/pla2g6/ormdl1/ormdl2/st3gal8/sptlc1",6
"GO:0007605","sensory perception of sound","4/1978","54/18773",0.0740740740740741,0.703029622139834,-0.749975543919036,0.834557971111083,0.999177396124255,0.883965733248614,"spns2/get1/myo7aa/myo6a",4
"GO:0009261","ribonucleotide catabolic process","5/1978","66/18773",0.0757575757575758,0.719007568097558,-0.784770971061471,0.838307178586731,0.999999997295422,0.884693483145942,"tpi1a/hint1/bpgm/dhtkd1/adpgk2",5
"GO:1990778","protein localization to cell periphery","9/1978","111/18773",0.0810810810810811,0.769532424234143,-0.835738949283047,0.839463934967897,0.999999997295422,0.884693483145942,"ap1b1/si:ch211-126j24.1/erbin/cnstb/flot2a/stx3a/rilpl2/golga7/blzf1",9
"GO:0008406","gonad development","2/1978","30/18773",0.0666666666666667,0.632726659925851,-0.69088997605077,0.839604280393257,0.999999997295422,0.884693483145942,"ahr2/pla2g4aa",2
"GO:0030278","regulation of ossification","2/1978","30/18773",0.0666666666666667,0.632726659925851,-0.69088997605077,0.839604280393257,0.999999997295422,0.884693483145942,"lgmn/atraid",2
"GO:0042476","odontogenesis","2/1978","30/18773",0.0666666666666667,0.632726659925851,-0.69088997605077,0.839604280393257,0.999999997295422,0.884693483145942,"ext2/acvr1l",2
"GO:0048608","reproductive structure development","2/1978","30/18773",0.0666666666666667,0.632726659925851,-0.69088997605077,0.839604280393257,0.999999997295422,0.884693483145942,"ahr2/pla2g4aa",2
"GO:0061458","reproductive system development","2/1978","30/18773",0.0666666666666667,0.632726659925851,-0.69088997605077,0.839604280393257,0.999999997295422,0.884693483145942,"ahr2/pla2g4aa",2
"GO:0010959","regulation of metal ion transport","6/1978","78/18773",0.0769230769230769,0.730069222991367,-0.819814100494155,0.843374978657805,0.999999997295422,0.884693483145942,"ap1b1/orai1b/wnk1a/lgals3b/bcl2l10/nkain1",6
"GO:0046165","alcohol biosynthetic process","6/1978","78/18773",0.0769230769230769,0.730069222991367,-0.819814100494155,0.843374978657805,0.999999997295422,0.884693483145942,"hmgcs1/qdpra/hsd17b7/sptlc1/srd5a3/dhdds",6
"GO:0072331","signal transduction by p53 class mediator","3/1978","43/18773",0.0697674418604651,0.662155806899146,-0.761132401041963,0.845407697555127,0.999999997295422,0.884693483145942,"yju2/cdkn1d/hipk2",3
"GO:0040011","locomotion","39/1978","426/18773",0.0915492957746479,0.868885202010852,-0.939403970722607,0.846297965545039,0.999999997295422,0.884693483145942,"rap2c/tmsb4x/lta4h/ap1ar/cxcl12a/spns2/srgap2/pik3cg/cxcl20/robo4/tnfrsf1a/hmox1a/rhogb/plxnb3/slka/lyn/zeb1b/inppl1a/slkb/cul1a/lgals3b/arpin/aldh1l1/srgap1a/rac1a/rac1b/maco1b/ddx3xb/pomk/anxa5b/kdr/sema3ab/p2rx7/pdgfab/ackr3a/ddx3xa/smad5/mycbp2/ch25h",39
"GO:0007498","mesoderm development","9/1978","112/18773",0.0803571428571429,0.762661599017767,-0.86454574817468,0.846856950215792,0.999999997295422,0.884693483145942,"rock2a/eif4g2b/tll1/furina/net1/nomo/foxa1/acvr1l/eif4g2a",9
"GO:0048738","cardiac muscle tissue development","9/1978","112/18773",0.0803571428571429,0.762661599017767,-0.86454574817468,0.846856950215792,0.999999997295422,0.884693483145942,"fermt2/cemip2/gsk3ab/dab2/pbx2/rbx1/nr2f1a/larp7/npr1a",9
"GO:0072522","purine-containing compound biosynthetic process","15/1978","177/18773",0.0847457627118644,0.8043135507532,-0.897668591076498,0.847005120653475,0.999999997295422,0.884693483145942,"adka/aclya/pdk4/atp5mc1/aprt/atp5pd/gmps/afmid/nme2b.2/papss1/antkmt/adkb/atp5f1d/npr1a/atic",15
"GO:0009913","epidermal cell differentiation","8/1978","101/18773",0.0792079207920792,0.751754447436655,-0.858470066307238,0.847479605662822,0.999999997295422,0.884693483145942,"ap1b1/myo7aa/socs3a/dctn2/myo6a/stat3/mif/eya4",8
"GO:0007160","cell-matrix adhesion","7/1978","90/18773",0.0777777777777778,0.738181103246826,-0.85443169219501,0.849037040912681,0.999999997295422,0.884693483145942,"fermt2/myo18ab/robo4/nid2a/macf1a/itga1/blzf1",7
"GO:0001732","formation of cytoplasmic translation initiation complex","1/1978","17/18773",0.0588235294117647,0.558288229346339,-0.625275962459452,0.849472168316947,0.999999997295422,0.884693483145942,"eif3ja",1
"GO:0001776","leukocyte homeostasis","1/1978","17/18773",0.0588235294117647,0.558288229346339,-0.625275962459452,0.849472168316947,0.999999997295422,0.884693483145942,"sod2",1
"GO:0002399","MHC class II protein complex assembly","1/1978","17/18773",0.0588235294117647,0.558288229346339,-0.625275962459452,0.849472168316947,0.999999997295422,0.884693483145942,"b2m",1
"GO:0002503","peptide antigen assembly with MHC class II protein complex","1/1978","17/18773",0.0588235294117647,0.558288229346339,-0.625275962459452,0.849472168316947,0.999999997295422,0.884693483145942,"b2m",1
"GO:0002574","thrombocyte differentiation","1/1978","17/18773",0.0588235294117647,0.558288229346339,-0.625275962459452,0.849472168316947,0.999999997295422,0.884693483145942,"brf1b",1
"GO:0006833","water transport","1/1978","17/18773",0.0588235294117647,0.558288229346339,-0.625275962459452,0.849472168316947,0.999999997295422,0.884693483145942,"aqp7",1
"GO:0007129","homologous chromosome pairing at meiosis","1/1978","17/18773",0.0588235294117647,0.558288229346339,-0.625275962459452,0.849472168316947,0.999999997295422,0.884693483145942,"fancd2",1
"GO:0007271","synaptic transmission, cholinergic","1/1978","17/18773",0.0588235294117647,0.558288229346339,-0.625275962459452,0.849472168316947,0.999999997295422,0.884693483145942,"chrng",1
"GO:0019886","antigen processing and presentation of exogenous peptide antigen via MHC class II","1/1978","17/18773",0.0588235294117647,0.558288229346339,-0.625275962459452,0.849472168316947,0.999999997295422,0.884693483145942,"b2m",1
"GO:0035279","miRNA-mediated gene silencing by mRNA destabilization","1/1978","17/18773",0.0588235294117647,0.558288229346339,-0.625275962459452,0.849472168316947,0.999999997295422,0.884693483145942,"dicer1",1
"GO:0042663","regulation of endodermal cell fate specification","1/1978","17/18773",0.0588235294117647,0.558288229346339,-0.625275962459452,0.849472168316947,0.999999997295422,0.884693483145942,"dusp6",1
"GO:0046849","bone remodeling","1/1978","17/18773",0.0588235294117647,0.558288229346339,-0.625275962459452,0.849472168316947,0.999999997295422,0.884693483145942,"neu1",1
"GO:0050935","iridophore differentiation","1/1978","17/18773",0.0588235294117647,0.558288229346339,-0.625275962459452,0.849472168316947,0.999999997295422,0.884693483145942,"tfec",1
"GO:0051289","protein homotetramerization","1/1978","17/18773",0.0588235294117647,0.558288229346339,-0.625275962459452,0.849472168316947,0.999999997295422,0.884693483145942,"gnmt",1
"GO:0051592","response to calcium ion","1/1978","17/18773",0.0588235294117647,0.558288229346339,-0.625275962459452,0.849472168316947,0.999999997295422,0.884693483145942,"slc25a24",1
"GO:0055064","chloride ion homeostasis","1/1978","17/18773",0.0588235294117647,0.558288229346339,-0.625275962459452,0.849472168316947,0.999999997295422,0.884693483145942,"slc12a4",1
"GO:0060232","delamination","1/1978","17/18773",0.0588235294117647,0.558288229346339,-0.625275962459452,0.849472168316947,0.999999997295422,0.884693483145942,"cdh5",1
"GO:0060974","cell migration involved in heart formation","1/1978","17/18773",0.0588235294117647,0.558288229346339,-0.625275962459452,0.849472168316947,0.999999997295422,0.884693483145942,"cemip2",1
"GO:0072678","T cell migration","1/1978","17/18773",0.0588235294117647,0.558288229346339,-0.625275962459452,0.849472168316947,0.999999997295422,0.884693483145942,"spns2",1
"GO:0003009","skeletal muscle contraction","2/1978","31/18773",0.0645161290322581,0.612316122508888,-0.74135980016527,0.852795622503032,0.999999997295422,0.884693483145942,"tnni4b.2/tnni2b.1",2
"GO:0030261","chromosome condensation","2/1978","31/18773",0.0645161290322581,0.612316122508888,-0.74135980016527,0.852795622503032,0.999999997295422,0.884693483145942,"h1-0/top2a",2
"GO:0043524","negative regulation of neuron apoptotic process","2/1978","31/18773",0.0645161290322581,0.612316122508888,-0.74135980016527,0.852795622503032,0.999999997295422,0.884693483145942,"yju2/psenen",2
"GO:0045910","negative regulation of DNA recombination","2/1978","31/18773",0.0645161290322581,0.612316122508888,-0.74135980016527,0.852795622503032,0.999999997295422,0.884693483145942,"h1-0/terfa",2
"GO:0060795","cell fate commitment involved in formation of primary germ layer","2/1978","31/18773",0.0645161290322581,0.612316122508888,-0.74135980016527,0.852795622503032,0.999999997295422,0.884693483145942,"dusp6/tp63",2
"GO:0071391","cellular response to estrogen stimulus","2/1978","31/18773",0.0645161290322581,0.612316122508888,-0.74135980016527,0.852795622503032,0.999999997295422,0.884693483145942,"hdlbpa/lman1",2
"GO:0072348","sulfur compound transport","2/1978","31/18773",0.0645161290322581,0.612316122508888,-0.74135980016527,0.852795622503032,0.999999997295422,0.884693483145942,"ctns/slc25a16",2
"GO:0099024","plasma membrane invagination","2/1978","31/18773",0.0645161290322581,0.612316122508888,-0.74135980016527,0.852795622503032,0.999999997295422,0.884693483145942,"bin2b/aurkb",2
"GO:0055002","striated muscle cell development","18/1978","210/18773",0.0857142857142857,0.813505705618951,-0.932673262701605,0.853147387525967,0.999999997295422,0.884693483145942,"tmod2/ik/cxcl12a/myo18ab/neu1/fbxo22/myo9ab/orai1b/tango2/gsk3ab/myl9b/mef2d/pbx2/klhl41b/csrp1a/smo/mtmr12/qkia",18
"GO:0006665","sphingolipid metabolic process","9/1978","113/18773",0.079646017699115,0.755912381327344,-0.893115372836149,0.853978585824612,0.999999997295422,0.884693483145942,"sgpl1/neu1/pla2g6/ormdl1/ormdl2/hacd3/elovl8b/st3gal8/sptlc1",9
"GO:0016358","dendrite development","4/1978","56/18773",0.0714285714285714,0.677921421349126,-0.828354329771331,0.854904818695218,0.999999997295422,0.884693483145942,"srgap2/hecw2a/fmr1/map1sb",4
"GO:0072659","protein localization to plasma membrane","8/1978","102/18773",0.0784313725490196,0.744384305795119,-0.88834614834375,0.854923484540653,0.999999997295422,0.884693483145942,"ap1b1/si:ch211-126j24.1/erbin/cnstb/flot2a/rilpl2/golga7/blzf1",8
"GO:0140352","export from cell","25/1978","285/18773",0.087719298245614,0.832535078849804,-0.977641717651847,0.859943993442652,0.999999997295422,0.884693483145942,"stxbp2/snapin/exoc6/exoc1/snap29/rab15/lin7c/tnfaip2b/wls/mia2/stx2a/tango2/cdk16/mia3/wash1/stx3a/rgp1/exoc4/mical3b/sybl1/rab11bb/atp1b3a/cplane2/zgc:101559/exoc3l1",25
"GO:0007269","neurotransmitter secretion","6/1978","80/18773",0.075,0.711817492416582,-0.886444436858537,0.860047791144343,0.999999997295422,0.884693483145942,"stxbp2/snapin/snap29/lin7c/stx2a/stx3a",6
"GO:0015718","monocarboxylic acid transport","6/1978","80/18773",0.075,0.711817492416582,-0.886444436858537,0.860047791144343,0.999999997295422,0.884693483145942,"slco2b1/slc27a1a/mpc1/slco1d1/fabp3/slc16a1b",6
"GO:0099643","signal release from synapse","6/1978","80/18773",0.075,0.711817492416582,-0.886444436858537,0.860047791144343,0.999999997295422,0.884693483145942,"stxbp2/snapin/snap29/lin7c/stx2a/stx3a",6
"GO:0035270","endocrine system development","10/1978","125/18773",0.08,0.759271991911021,-0.926710130953054,0.860316296292349,0.999999997295422,0.884693483145942,"fhl1b/apc/dhps/ascl1a/bcl2l1/thada/eya1/cdkal1/smo/usp39",10
"GO:0031047","regulatory ncRNA-mediated gene silencing","13/1978","158/18773",0.0822784810126582,0.780896827123677,-0.949126506505314,0.861556995749393,0.999999997295422,0.884693483145942,"tnrc6c1/pum1/cnot6a/cnot9/cnot6b/eif1axb/mov10a/nrde2/cnot11/pum2/dicer1/eri1/ago3b",13
"GO:0009185","ribonucleoside diphosphate metabolic process","4/1978","57/18773",0.0701754385964912,0.666028063079843,-0.866601222247683,0.864254343957913,0.999999997295422,0.884693483145942,"tpi1a/bpgm/dhtkd1/adpgk2",4
"GO:0048332","mesoderm morphogenesis","4/1978","57/18773",0.0701754385964912,0.666028063079843,-0.866601222247683,0.864254343957913,0.999999997295422,0.884693483145942,"rock2a/tll1/foxa1/acvr1l",4
"GO:0055007","cardiac muscle cell differentiation","4/1978","57/18773",0.0701754385964912,0.666028063079843,-0.866601222247683,0.864254343957913,0.999999997295422,0.884693483145942,"gsk3ab/dab2/pbx2/nr2f1a",4
"GO:0001838","embryonic epithelial tube formation","2/1978","32/18773",0.0625,0.593181243680485,-0.790420124237193,0.864989531541888,0.999999997295422,0.884693483145942,"vaspb/phactr4b",2
"GO:0010324","membrane invagination","2/1978","32/18773",0.0625,0.593181243680485,-0.790420124237193,0.864989531541888,0.999999997295422,0.884693483145942,"bin2b/aurkb",2
"GO:0030866","cortical actin cytoskeleton organization","2/1978","32/18773",0.0625,0.593181243680485,-0.790420124237193,0.864989531541888,0.999999997295422,0.884693483145942,"rock2a/rock1",2
"GO:0048665","neuron fate specification","2/1978","32/18773",0.0625,0.593181243680485,-0.790420124237193,0.864989531541888,0.999999997295422,0.884693483145942,"olig2/smo",2
"GO:0048813","dendrite morphogenesis","2/1978","32/18773",0.0625,0.593181243680485,-0.790420124237193,0.864989531541888,0.999999997295422,0.884693483145942,"hecw2a/fmr1",2
"GO:0050772","positive regulation of axonogenesis","2/1978","32/18773",0.0625,0.593181243680485,-0.790420124237193,0.864989531541888,0.999999997295422,0.884693483145942,"cxcl12a/plxnb3",2
"GO:0000266","mitochondrial fission","1/1978","18/18773",0.0555555555555556,0.527272216604876,-0.688600380341727,0.865346771167719,0.999999997295422,0.884693483145942,"pink1",1
"GO:0002286","T cell activation involved in immune response","1/1978","18/18773",0.0555555555555556,0.527272216604876,-0.688600380341727,0.865346771167719,0.999999997295422,0.884693483145942,"loxl3b",1
"GO:0002396","MHC protein complex assembly","1/1978","18/18773",0.0555555555555556,0.527272216604876,-0.688600380341727,0.865346771167719,0.999999997295422,0.884693483145942,"b2m",1
"GO:0002478","antigen processing and presentation of exogenous peptide antigen","1/1978","18/18773",0.0555555555555556,0.527272216604876,-0.688600380341727,0.865346771167719,0.999999997295422,0.884693483145942,"b2m",1
"GO:0002501","peptide antigen assembly with MHC protein complex","1/1978","18/18773",0.0555555555555556,0.527272216604876,-0.688600380341727,0.865346771167719,0.999999997295422,0.884693483145942,"b2m",1
"GO:0010171","body morphogenesis","1/1978","18/18773",0.0555555555555556,0.527272216604876,-0.688600380341727,0.865346771167719,0.999999997295422,0.884693483145942,"trim71",1
"GO:0015810","aspartate transmembrane transport","1/1978","18/18773",0.0555555555555556,0.527272216604876,-0.688600380341727,0.865346771167719,0.999999997295422,0.884693483145942,"lrrc8ab",1
"GO:0019229","regulation of vasoconstriction","1/1978","18/18773",0.0555555555555556,0.527272216604876,-0.688600380341727,0.865346771167719,0.999999997295422,0.884693483145942,"avpr1ab",1
"GO:0019884","antigen processing and presentation of exogenous antigen","1/1978","18/18773",0.0555555555555556,0.527272216604876,-0.688600380341727,0.865346771167719,0.999999997295422,0.884693483145942,"b2m",1
"GO:0021554","optic nerve development","1/1978","18/18773",0.0555555555555556,0.527272216604876,-0.688600380341727,0.865346771167719,0.999999997295422,0.884693483145942,"rb1",1
"GO:0030878","thyroid gland development","1/1978","18/18773",0.0555555555555556,0.527272216604876,-0.688600380341727,0.865346771167719,0.999999997295422,0.884693483145942,"bcl2l1",1
"GO:0039020","pronephric nephron tubule development","1/1978","18/18773",0.0555555555555556,0.527272216604876,-0.688600380341727,0.865346771167719,0.999999997295422,0.884693483145942,"bnc2",1
"GO:0046040","IMP metabolic process","1/1978","18/18773",0.0555555555555556,0.527272216604876,-0.688600380341727,0.865346771167719,0.999999997295422,0.884693483145942,"atic",1
"GO:0046330","positive regulation of JNK cascade","1/1978","18/18773",0.0555555555555556,0.527272216604876,-0.688600380341727,0.865346771167719,0.999999997295422,0.884693483145942,"rassf2a",1
"GO:0048846","axon extension involved in axon guidance","1/1978","18/18773",0.0555555555555556,0.527272216604876,-0.688600380341727,0.865346771167719,0.999999997295422,0.884693483145942,"cxcl12a",1
"GO:0050852","T cell receptor signaling pathway","1/1978","18/18773",0.0555555555555556,0.527272216604876,-0.688600380341727,0.865346771167719,0.999999997295422,0.884693483145942,"slc39a6",1
"GO:0050886","endocrine process","1/1978","18/18773",0.0555555555555556,0.527272216604876,-0.688600380341727,0.865346771167719,0.999999997295422,0.884693483145942,"avpr1ab",1
"GO:0050921","positive regulation of chemotaxis","1/1978","18/18773",0.0555555555555556,0.527272216604876,-0.688600380341727,0.865346771167719,0.999999997295422,0.884693483145942,"cxcl12a",1
"GO:1902284","neuron projection extension involved in neuron projection guidance","1/1978","18/18773",0.0555555555555556,0.527272216604876,-0.688600380341727,0.865346771167719,0.999999997295422,0.884693483145942,"cxcl12a",1
"GO:1902475","L-alpha-amino acid transmembrane transport","3/1978","45/18773",0.0666666666666667,0.632726659925851,-0.846502750220359,0.866711103092021,0.999999997295422,0.884693483145942,"slc3a2b/slc7a6/ttyh3b",3
"GO:0009101","glycoprotein biosynthetic process","21/1978","245/18773",0.0857142857142857,0.813505705618951,-1.0083533210165,0.86893961143797,0.999999997295422,0.884693483145942,"ext2/cant1a/pomgnt1/poglut1/dpm1/csgalnact1a/pomk/tmtc4/slc35c1/gcnt4a/galnt11/alg9/mgat1b/b3gnt2b/st3gal8/uggt2/si:ch73-91k6.2/pmm2/mgat4a/srd5a3/c1galt1b",21
"GO:0014032","neural crest cell development","12/1978","149/18773",0.0805369127516778,0.764367777091632,-0.990991079938063,0.872335313320401,0.999999997295422,0.884693483145942,"nrp2a/pef1/prdm1a/aldh1l1/nrarpa/dicer1/sema3ab/hmgcrb/phactr4b/nrp2b/ctr9/plod3",12
"GO:0048864","stem cell development","12/1978","149/18773",0.0805369127516778,0.764367777091632,-0.990991079938063,0.872335313320401,0.999999997295422,0.884693483145942,"nrp2a/pef1/prdm1a/aldh1l1/nrarpa/dicer1/sema3ab/hmgcrb/phactr4b/nrp2b/ctr9/plod3",12
"GO:0009566","fertilization","4/1978","58/18773",0.0689655172413793,0.654544820612949,-0.904251424899487,0.873082397456442,0.999999997295422,0.884693483145942,"lhfpl2a/cecr2/ctns/scarb1",4
"GO:0033059","cellular pigmentation","4/1978","58/18773",0.0689655172413793,0.654544820612949,-0.904251424899487,0.873082397456442,0.999999997295422,0.884693483145942,"prickle2b/trim32/bbs7/ift27",4
"GO:0000041","transition metal ion transport","5/1978","70/18773",0.0714285714285714,0.677921421349126,-0.926474854004142,0.873237511552797,0.999999997295422,0.884693483145942,"fthl27/slc39a7/slc31a2/slc39a6/slc11a2",5
"GO:0007009","plasma membrane organization","5/1978","70/18773",0.0714285714285714,0.677921421349126,-0.926474854004142,0.873237511552797,0.999999997295422,0.884693483145942,"mtss1/bin2b/pacsin3/plscr3b/mtss1lb",5
"GO:0007043","cell-cell junction assembly","6/1978","82/18773",0.0731707317073171,0.694456090162519,-0.951574294095476,0.8752268913284,0.999999997295422,0.884693483145942,"dsc2l/tjp1a/marveld2a/cldn5a/cldn11a/cdh5",6
"GO:0016125","sterol metabolic process","6/1978","82/18773",0.0731707317073171,0.694456090162519,-0.951574294095476,0.8752268913284,0.999999997295422,0.884693483145942,"hmgcs1/faxdc2/hmgcrb/hsd17b7/cyp7b1/ch25h",6
"GO:0001966","thigmotaxis","2/1978","33/18773",0.0606060606060606,0.575206054478046,-0.838163814144601,0.876249625972016,0.999999997295422,0.884693483145942,"usp48/kif22",2
"GO:0006360","transcription by RNA polymerase I","2/1978","33/18773",0.0606060606060606,0.575206054478046,-0.838163814144601,0.876249625972016,0.999999997295422,0.884693483145942,"polr2l/ddx11",2
"GO:0035384","thioester biosynthetic process","2/1978","33/18773",0.0606060606060606,0.575206054478046,-0.838163814144601,0.876249625972016,0.999999997295422,0.884693483145942,"aclya/pdk4",2
"GO:0043627","response to estrogen","2/1978","33/18773",0.0606060606060606,0.575206054478046,-0.838163814144601,0.876249625972016,0.999999997295422,0.884693483145942,"hdlbpa/lman1",2
"GO:0050806","positive regulation of synaptic transmission","2/1978","33/18773",0.0606060606060606,0.575206054478046,-0.838163814144601,0.876249625972016,0.999999997295422,0.884693483145942,"si:ch211-51h9.6/fxr1",2
"GO:0060914","heart formation","2/1978","33/18773",0.0606060606060606,0.575206054478046,-0.838163814144601,0.876249625972016,0.999999997295422,0.884693483145942,"cemip2/mef2d",2
"GO:0070509","calcium ion import","2/1978","33/18773",0.0606060606060606,0.575206054478046,-0.838163814144601,0.876249625972016,0.999999997295422,0.884693483145942,"lgals3b/p2rx7",2
"GO:0071616","acyl-CoA biosynthetic process","2/1978","33/18773",0.0606060606060606,0.575206054478046,-0.838163814144601,0.876249625972016,0.999999997295422,0.884693483145942,"aclya/pdk4",2
"GO:0007127","meiosis I","3/1978","46/18773",0.0652173913043478,0.618971732536159,-0.887933454077882,0.876359145621025,0.999999997295422,0.884693483145942,"top2a/fancd2/rad51",3
"GO:0055074","calcium ion homeostasis","11/1978","139/18773",0.079136690647482,0.751078409264499,-1.01087006178582,0.878004469842228,0.999999997295422,0.884693483145942,"smdt1b/micu2/fhl1b/atp2a2b/psen1/psen2/atp2b4/tmem203/vdra/bcl2l10/pdzd8",11
"GO:0002495","antigen processing and presentation of peptide antigen via MHC class II","1/1978","19/18773",0.0526315789473684,0.499521047309882,-0.749021140003429,0.87954800212641,0.999999997295422,0.884693483145942,"b2m",1
"GO:0006182","cGMP biosynthetic process","1/1978","19/18773",0.0526315789473684,0.499521047309882,-0.749021140003429,0.87954800212641,0.999999997295422,0.884693483145942,"npr1a",1
"GO:0008625","extrinsic apoptotic signaling pathway via death domain receptors","1/1978","19/18773",0.0526315789473684,0.499521047309882,-0.749021140003429,0.87954800212641,0.999999997295422,0.884693483145942,"rffl",1
"GO:0016082","synaptic vesicle priming","1/1978","19/18773",0.0526315789473684,0.499521047309882,-0.749021140003429,0.87954800212641,0.999999997295422,0.884693483145942,"snap29",1
"GO:0017121","plasma membrane phospholipid scrambling","1/1978","19/18773",0.0526315789473684,0.499521047309882,-0.749021140003429,0.87954800212641,0.999999997295422,0.884693483145942,"plscr3b",1
"GO:0019359","nicotinamide nucleotide biosynthetic process","1/1978","19/18773",0.0526315789473684,0.499521047309882,-0.749021140003429,0.87954800212641,0.999999997295422,0.884693483145942,"afmid",1
"GO:0019363","pyridine nucleotide biosynthetic process","1/1978","19/18773",0.0526315789473684,0.499521047309882,-0.749021140003429,0.87954800212641,0.999999997295422,0.884693483145942,"afmid",1
"GO:0021696","cerebellar cortex morphogenesis","1/1978","19/18773",0.0526315789473684,0.499521047309882,-0.749021140003429,0.87954800212641,0.999999997295422,0.884693483145942,"exosc8",1
"GO:0033504","floor plate development","1/1978","19/18773",0.0526315789473684,0.499521047309882,-0.749021140003429,0.87954800212641,0.999999997295422,0.884693483145942,"smo",1
"GO:0035337","fatty-acyl-CoA metabolic process","1/1978","19/18773",0.0526315789473684,0.499521047309882,-0.749021140003429,0.87954800212641,0.999999997295422,0.884693483145942,"acsl3b",1
"GO:0035469","determination of pancreatic left/right asymmetry","1/1978","19/18773",0.0526315789473684,0.499521047309882,-0.749021140003429,0.87954800212641,0.999999997295422,0.884693483145942,"grk5l",1
"GO:0036065","fucosylation","1/1978","19/18773",0.0526315789473684,0.499521047309882,-0.749021140003429,0.87954800212641,0.999999997295422,0.884693483145942,"slc35c1",1
"GO:0042044","fluid transport","1/1978","19/18773",0.0526315789473684,0.499521047309882,-0.749021140003429,0.87954800212641,0.999999997295422,0.884693483145942,"aqp7",1
"GO:0042430","indole-containing compound metabolic process","1/1978","19/18773",0.0526315789473684,0.499521047309882,-0.749021140003429,0.87954800212641,0.999999997295422,0.884693483145942,"afmid",1
"GO:0043112","receptor metabolic process","1/1978","19/18773",0.0526315789473684,0.499521047309882,-0.749021140003429,0.87954800212641,0.999999997295422,0.884693483145942,"mvb12a",1
"GO:0061041","regulation of wound healing","1/1978","19/18773",0.0526315789473684,0.499521047309882,-0.749021140003429,0.87954800212641,0.999999997295422,0.884693483145942,"serpine1",1
"GO:0089718","amino acid import across plasma membrane","1/1978","19/18773",0.0526315789473684,0.499521047309882,-0.749021140003429,0.87954800212641,0.999999997295422,0.884693483145942,"slc3a2b",1
"GO:1905952","regulation of lipid localization","1/1978","19/18773",0.0526315789473684,0.499521047309882,-0.749021140003429,0.87954800212641,0.999999997295422,0.884693483145942,"abca1a",1
"GO:0006029","proteoglycan metabolic process","4/1978","59/18773",0.0677966101694915,0.64345084060256,-0.941327014641306,0.881410035209237,0.999999997295422,0.884693483145942,"cog4/ext2/cant1a/csgalnact1a",4
"GO:0000280","nuclear division","14/1978","173/18773",0.0809248554913295,0.768049702800166,-1.05181636852835,0.883382208564878,0.999999997295422,0.884693483145942,"anapc11/prc1b/cep192/top2a/mad1l1/ndel1b/ndc80/ppp2r2d/fancd2/rad51/ewsr1a/spice1/aurkb/tpra",14
"GO:0002697","regulation of immune effector process","2/1978","34/18773",0.0588235294117647,0.558288229346339,-0.884674761487113,0.886637198277044,0.999999997295422,0.884693483145942,"tnfrsf1a/loxl3b",2
"GO:0048488","synaptic vesicle endocytosis","2/1978","34/18773",0.0588235294117647,0.558288229346339,-0.884674761487113,0.886637198277044,0.999999997295422,0.884693483145942,"sncb/sh3gl1b",2
"GO:0071867","response to monoamine","2/1978","34/18773",0.0588235294117647,0.558288229346339,-0.884674761487113,0.886637198277044,0.999999997295422,0.884693483145942,"nsg2/gnal",2
"GO:0071868","cellular response to monoamine stimulus","2/1978","34/18773",0.0588235294117647,0.558288229346339,-0.884674761487113,0.886637198277044,0.999999997295422,0.884693483145942,"nsg2/gnal",2
"GO:0071869","response to catecholamine","2/1978","34/18773",0.0588235294117647,0.558288229346339,-0.884674761487113,0.886637198277044,0.999999997295422,0.884693483145942,"nsg2/gnal",2
"GO:0071870","cellular response to catecholamine stimulus","2/1978","34/18773",0.0588235294117647,0.558288229346339,-0.884674761487113,0.886637198277044,0.999999997295422,0.884693483145942,"nsg2/gnal",2
"GO:0099072","regulation of postsynaptic membrane neurotransmitter receptor levels","2/1978","34/18773",0.0588235294117647,0.558288229346339,-0.884674761487113,0.886637198277044,0.999999997295422,0.884693483145942,"erbin/stx3a",2
"GO:0140238","presynaptic endocytosis","2/1978","34/18773",0.0588235294117647,0.558288229346339,-0.884674761487113,0.886637198277044,0.999999997295422,0.884693483145942,"sncb/sh3gl1b",2
"GO:1903350","response to dopamine","2/1978","34/18773",0.0588235294117647,0.558288229346339,-0.884674761487113,0.886637198277044,0.999999997295422,0.884693483145942,"nsg2/gnal",2
"GO:1903351","cellular response to dopamine","2/1978","34/18773",0.0588235294117647,0.558288229346339,-0.884674761487113,0.886637198277044,0.999999997295422,0.884693483145942,"nsg2/gnal",2
"GO:0046942","carboxylic acid transport","14/1978","174/18773",0.0804597701149425,0.763635624048441,-1.0749549427443,0.888168505231828,0.999999997295422,0.884693483145942,"slco2b1/slc16a9a/slc3a2b/slc7a6/slc27a1a/slc16a9b/ctns/lrrc8ab/mpc1/slco1d1/fabp3/ttyh3b/slc16a1b/slc36a4",14
"GO:0014070","response to organic cyclic compound","12/1978","152/18773",0.0789473684210526,0.749281570964824,-1.06508670628522,0.888206793212122,0.999999997295422,0.884693483145942,"ahr2/vhl/cnot9/kank2/lta/pagr1/arnt/cyp1a/p2rx7/nsg2/junba/gnal",12
"GO:0006898","receptor-mediated endocytosis","7/1978","96/18773",0.0729166666666667,0.6920447842939,-1.03812113619384,0.890980130856678,0.999999997295422,0.884693483145942,"mrc1a/clta/stab2/stab1/ap2a1/dab2/ap2m1a",7
"GO:0001708","cell fate specification","9/1978","119/18773",0.0756302521008403,0.717799152016722,-1.05980074683597,0.891318856993316,0.999999997295422,0.884693483145942,"apc/tfec/en2b/dusp6/fmr1/tcf7l1b/olig2/tp63/smo",9
"GO:0007281","germ cell development","9/1978","119/18773",0.0756302521008403,0.717799152016722,-1.05980074683597,0.891318856993316,0.999999997295422,0.884693483145942,"stau1/fxr1/pum1/dctn2/stau2/macf1a/pafah1b1b/stat3/pafah1b1a",9
"GO:0001714","endodermal cell fate specification","1/1978","20/18773",0.05,0.474544994944388,-0.806851417762515,0.89225217466528,0.999999997295422,0.884693483145942,"dusp6",1
"GO:0003044","regulation of systemic arterial blood pressure mediated by a chemical signal","1/1978","20/18773",0.05,0.474544994944388,-0.806851417762515,0.89225217466528,0.999999997295422,0.884693483145942,"avpr1ab",1
"GO:0006513","protein monoubiquitination","1/1978","20/18773",0.05,0.474544994944388,-0.806851417762515,0.89225217466528,0.999999997295422,0.884693483145942,"pef1",1
"GO:0006584","catecholamine metabolic process","1/1978","20/18773",0.05,0.474544994944388,-0.806851417762515,0.89225217466528,0.999999997295422,0.884693483145942,"sult1st1",1
"GO:0006688","glycosphingolipid biosynthetic process","1/1978","20/18773",0.05,0.474544994944388,-0.806851417762515,0.89225217466528,0.999999997295422,0.884693483145942,"st3gal8",1
"GO:0006911","phagocytosis, engulfment","1/1978","20/18773",0.05,0.474544994944388,-0.806851417762515,0.89225217466528,0.999999997295422,0.884693483145942,"bin2b",1
"GO:0007157","heterophilic cell-cell adhesion via plasma membrane cell adhesion molecules","1/1978","20/18773",0.05,0.474544994944388,-0.806851417762515,0.89225217466528,0.999999997295422,0.884693483145942,"jag2b",1
"GO:0007214","gamma-aminobutyric acid signaling pathway","1/1978","20/18773",0.05,0.474544994944388,-0.806851417762515,0.89225217466528,0.999999997295422,0.884693483145942,"gnai2b",1
"GO:0008345","larval locomotory behavior","1/1978","20/18773",0.05,0.474544994944388,-0.806851417762515,0.89225217466528,0.999999997295422,0.884693483145942,"sncb",1
"GO:0009712","catechol-containing compound metabolic process","1/1978","20/18773",0.05,0.474544994944388,-0.806851417762515,0.89225217466528,0.999999997295422,0.884693483145942,"sult1st1",1
"GO:0014044","Schwann cell development","1/1978","20/18773",0.05,0.474544994944388,-0.806851417762515,0.89225217466528,0.999999997295422,0.884693483145942,"sptan1",1
"GO:0030150","protein import into mitochondrial matrix","1/1978","20/18773",0.05,0.474544994944388,-0.806851417762515,0.89225217466528,0.999999997295422,0.884693483145942,"dnajc19",1
"GO:0030307","positive regulation of cell growth","1/1978","20/18773",0.05,0.474544994944388,-0.806851417762515,0.89225217466528,0.999999997295422,0.884693483145942,"cxcl12a",1
"GO:0045143","homologous chromosome segregation","1/1978","20/18773",0.05,0.474544994944388,-0.806851417762515,0.89225217466528,0.999999997295422,0.884693483145942,"fancd2",1
"GO:0046514","ceramide catabolic process","1/1978","20/18773",0.05,0.474544994944388,-0.806851417762515,0.89225217466528,0.999999997295422,0.884693483145942,"neu1",1
"GO:0048639","positive regulation of developmental growth","1/1978","20/18773",0.05,0.474544994944388,-0.806851417762515,0.89225217466528,0.999999997295422,0.884693483145942,"cxcl12a",1
"GO:0055081","monoatomic anion homeostasis","1/1978","20/18773",0.05,0.474544994944388,-0.806851417762515,0.89225217466528,0.999999997295422,0.884693483145942,"slc12a4",1
"GO:0071577","zinc ion transmembrane transport","1/1978","20/18773",0.05,0.474544994944388,-0.806851417762515,0.89225217466528,0.999999997295422,0.884693483145942,"slc39a6",1
"GO:0106027","neuron projection organization","1/1978","20/18773",0.05,0.474544994944388,-0.806851417762515,0.89225217466528,0.999999997295422,0.884693483145942,"fmr1",1
"GO:1903224","regulation of endodermal cell differentiation","1/1978","20/18773",0.05,0.474544994944388,-0.806851417762515,0.89225217466528,0.999999997295422,0.884693483145942,"dusp6",1
"GO:0006941","striated muscle contraction","5/1978","73/18773",0.0684931506849315,0.650061636910121,-1.0280413780184,0.895037222505939,0.999999997295422,0.884693483145942,"scn4bb/erp44/atp2a2b/tnni4b.2/tnni2b.1",5
"GO:0072523","purine-containing compound catabolic process","6/1978","85/18773",0.0705882352941176,0.669945875215607,-1.04662626007619,0.895389451569006,0.999999997295422,0.884693483145942,"tpi1a/hint1/bpgm/dhtkd1/nudt12/adpgk2",6
"GO:0048878","chemical homeostasis","37/1978","420/18773",0.0880952380952381,0.836103086330589,-1.16578993292304,0.896002439247345,0.999999997295422,0.884693483145942,"slc9a7/cxcl12a/smdt1b/ccdc115/micu2/slc9a8/fhl1b/psmd10/fthl27/glrx3/slc12a4/slc39a7/stab2/atp2a2b/stab1/atp6v0a2b/metap1/psen1/psen2/akr1a1b/ormdl1/atp2b4/wnk1a/tmem203/ormdl2/vdra/bcl2l10/yy1b/tcirg1b/slc39a6/atp1b3a/pdzd8/ncoa4/cyp7b1/atp6v1ba/angptl4/nfkb2",37
"GO:0030199","collagen fibril organization","2/1978","35/18773",0.0571428571428571,0.542337137079301,-0.930028998560162,0.89621099872025,0.999999997295422,0.884693483145942,"loxl3b/plod3",2
"GO:0044743","protein transmembrane import into intracellular organelle","2/1978","35/18773",0.0571428571428571,0.542337137079301,-0.930028998560162,0.89621099872025,0.999999997295422,0.884693483145942,"dnajc19/pex5",2
"GO:0050879","multicellular organismal movement","2/1978","35/18773",0.0571428571428571,0.542337137079301,-0.930028998560162,0.89621099872025,0.999999997295422,0.884693483145942,"tnni4b.2/tnni2b.1",2
"GO:0050881","musculoskeletal movement","2/1978","35/18773",0.0571428571428571,0.542337137079301,-0.930028998560162,0.89621099872025,0.999999997295422,0.884693483145942,"tnni4b.2/tnni2b.1",2
"GO:0035162","embryonic hemopoiesis","7/1978","97/18773",0.0721649484536082,0.684910301981591,-1.0677179668214,0.896918308718185,0.999999997295422,0.884693483145942,"tll1/csrnp1a/actr2b/foxo3b/slc11a2/acvr1l/myct1a",7
"GO:0015849","organic acid transport","14/1978","176/18773",0.0795454545454545,0.754957946502436,-1.12086658935662,0.897265066154096,0.999999997295422,0.884693483145942,"slco2b1/slc16a9a/slc3a2b/slc7a6/slc27a1a/slc16a9b/ctns/lrrc8ab/mpc1/slco1d1/fabp3/ttyh3b/slc16a1b/slc36a4",14
"GO:0003006","developmental process involved in reproduction","16/1978","198/18773",0.0808080808080808,0.766941405970729,-1.13138839149026,0.897674581522355,0.999999997295422,0.884693483145942,"stau1/lhfpl2a/u2af2a/fxr1/ahr2/pum1/kdm2aa/dctn2/stau2/macf1a/pla2g4aa/pafah1b1b/stat3/vipas39/pafah1b1a/larp7",16
"GO:0048609","multicellular organismal reproductive process","16/1978","198/18773",0.0808080808080808,0.766941405970729,-1.13138839149026,0.897674581522355,0.999999997295422,0.884693483145942,"stau1/cxcl12a/fxr1/ahr2/pum1/dctn2/stau2/ddx3xb/macf1a/pafah1b1b/kdm6a/stat3/vipas39/ddx3xa/pafah1b1a/larp7",16
"GO:0001755","neural crest cell migration","8/1978","109/18773",0.073394495412844,0.69657980909268,-1.09026928077415,0.899167018236121,0.999999997295422,0.884693483145942,"nrp2a/aldh1l1/nrarpa/sema3ab/hmgcrb/phactr4b/nrp2b/plod3",8
"GO:0009100","glycoprotein metabolic process","24/1978","285/18773",0.0842105263157895,0.799233675695812,-1.17205163201526,0.901006859716402,0.999999997295422,0.884693483145942,"cog4/ext2/cant1a/pomgnt1/poglut1/dpm1/csgalnact1a/pomk/tmtc4/slc35c1/gcnt4a/galnt11/alg9/mgat1b/oga/b3gnt2b/st3gal8/uggt2/prkcsh/si:ch73-91k6.2/pmm2/mgat4a/srd5a3/c1galt1b",24
"GO:0050878","regulation of body fluid levels","6/1978","86/18773",0.0697674418604651,0.662155806899146,-1.07764149016869,0.901461013790134,0.999999997295422,0.884693483145942,"f13a1b/bambia/prkcaa/lrrc32/si:ch73-234b20.5/cse1l",6
"GO:0002682","regulation of immune system process","36/1978","412/18773",0.087378640776699,0.829301932912523,-1.20228508201026,0.902969767530028,0.999999997295422,0.884693483145942,"b2m/cxcl12a/spns2/vav2/tnfrsf1a/hmox1a/si:dkey-192g7.3/si:dkey-169i5.4/fam49a/lyn/otud5a/irf2bp2b/ddx46/akirin2/inppl1a/hic1l/nipblb/nelfe/cd276/lgals9l3/il10rb/fam49bb/pycard/parp1/zbtb33/rac1a/zbtb16a/pias4a/rac1b/tlx1/otud4/kdm1a/slc39a6/loxl3b/nelfb/qkia",36
"GO:0000413","protein peptidyl-prolyl isomerization","1/1978","21/18773",0.0476190476190476,0.451947614232751,-0.862355495175724,0.903617033541837,0.999999997295422,0.884693483145942,"ppid",1
"GO:0001711","endodermal cell fate commitment","1/1978","21/18773",0.0476190476190476,0.451947614232751,-0.862355495175724,0.903617033541837,0.999999997295422,0.884693483145942,"dusp6",1
"GO:0014037","Schwann cell differentiation","1/1978","21/18773",0.0476190476190476,0.451947614232751,-0.862355495175724,0.903617033541837,0.999999997295422,0.884693483145942,"sptan1",1
"GO:0015813","L-glutamate transmembrane transport","1/1978","21/18773",0.0476190476190476,0.451947614232751,-0.862355495175724,0.903617033541837,0.999999997295422,0.884693483145942,"ttyh3b",1
"GO:0021695","cerebellar cortex development","1/1978","21/18773",0.0476190476190476,0.451947614232751,-0.862355495175724,0.903617033541837,0.999999997295422,0.884693483145942,"exosc8",1
"GO:0036376","sodium ion export across plasma membrane","1/1978","21/18773",0.0476190476190476,0.451947614232751,-0.862355495175724,0.903617033541837,0.999999997295422,0.884693483145942,"atp1b3a",1
"GO:0042670","retinal cone cell differentiation","1/1978","21/18773",0.0476190476190476,0.451947614232751,-0.862355495175724,0.903617033541837,0.999999997295422,0.884693483145942,"med24",1
"GO:0043277","apoptotic cell clearance","1/1978","21/18773",0.0476190476190476,0.451947614232751,-0.862355495175724,0.903617033541837,0.999999997295422,0.884693483145942,"scarb1",1
"GO:0046068","cGMP metabolic process","1/1978","21/18773",0.0476190476190476,0.451947614232751,-0.862355495175724,0.903617033541837,0.999999997295422,0.884693483145942,"npr1a",1
"GO:0050773","regulation of dendrite development","1/1978","21/18773",0.0476190476190476,0.451947614232751,-0.862355495175724,0.903617033541837,0.999999997295422,0.884693483145942,"hecw2a",1
"GO:1902305","regulation of sodium ion transmembrane transport","1/1978","21/18773",0.0476190476190476,0.451947614232751,-0.862355495175724,0.903617033541837,0.999999997295422,0.884693483145942,"ap1b1",1
"GO:0097722","sperm motility","2/1978","36/18773",0.0555555555555556,0.527272216604876,-0.974295646401104,0.905027090440152,0.999999997295422,0.884693483145942,"lpgat1/gas8",2
"GO:0007276","gamete generation","15/1978","189/18773",0.0793650793650794,0.753246023721251,-1.17004853123385,0.905616957903618,0.999999997295422,0.884693483145942,"stau1/cxcl12a/fxr1/pum1/dctn2/stau2/ddx3xb/macf1a/pafah1b1b/kdm6a/stat3/vipas39/ddx3xa/pafah1b1a/larp7",15
"GO:0008284","positive regulation of cell population proliferation","13/1978","167/18773",0.0778443113772455,0.738812566979287,-1.16348936169549,0.906135873535205,0.999999997295422,0.884693483145942,"jcada/naa35/il13ra2/si:dkey-192g7.3/si:dkey-169i5.4/cd276/il6st/ptk2ab/tcf7l1b/saal1/atg13/pdgfab/stat3",13
"GO:0031589","cell-substrate adhesion","9/1978","122/18773",0.0737704918032787,0.700148353196638,-1.1402857707981,0.906794250873418,0.999999997295422,0.884693483145942,"fermt2/ap1ar/myo18ab/robo4/nid2a/lims1/macf1a/itga1/blzf1",9
"GO:0003333","amino acid transmembrane transport","5/1978","75/18773",0.0666666666666667,0.632726659925851,-1.09370669565276,0.907700210929533,0.999999997295422,0.884693483145942,"slc3a2b/slc7a6/lrrc8ab/ttyh3b/slc36a4",5
"GO:1903046","meiotic cell cycle process","5/1978","75/18773",0.0666666666666667,0.632726659925851,-1.09370669565276,0.907700210929533,0.999999997295422,0.884693483145942,"mre11a/top2a/cdc25b/fancd2/rad51",5
"GO:0007338","single fertilization","3/1978","50/18773",0.06,0.569453993933266,-1.04615313468895,0.909018742146245,0.999999997295422,0.884693483145942,"lhfpl2a/cecr2/ctns",3
"GO:0030166","proteoglycan biosynthetic process","3/1978","50/18773",0.06,0.569453993933266,-1.04615313468895,0.909018742146245,0.999999997295422,0.884693483145942,"ext2/cant1a/csgalnact1a",3
"GO:0043297","apical junction assembly","3/1978","50/18773",0.06,0.569453993933266,-1.04615313468895,0.909018742146245,0.999999997295422,0.884693483145942,"marveld2a/cldn5a/cldn11a",3
"GO:0048484","enteric nervous system development","3/1978","50/18773",0.06,0.569453993933266,-1.04615313468895,0.909018742146245,0.999999997295422,0.884693483145942,"ufd1l/med24/phactr4b",3
"GO:0070830","bicellular tight junction assembly","3/1978","50/18773",0.06,0.569453993933266,-1.04615313468895,0.909018742146245,0.999999997295422,0.884693483145942,"marveld2a/cldn5a/cldn11a",3
"GO:0090497","mesenchymal cell migration","8/1978","111/18773",0.0720720720720721,0.684028821541461,-1.14579857843841,0.909498681443139,0.999999997295422,0.884693483145942,"nrp2a/aldh1l1/nrarpa/sema3ab/hmgcrb/phactr4b/nrp2b/plod3",8
"GO:0030198","extracellular matrix organization","15/1978","190/18773",0.0789473684210526,0.749281570964824,-1.19202004140482,0.909533314815866,0.999999997295422,0.884693483145942,"hmcn1/ext2/kirrel3l/postnb/postna/col18a1b/kank2/cemip2/adamts12/rgp1/col11a1b/col9a3/col27a1b/loxl3b/plod3",15
"GO:0043062","extracellular structure organization","15/1978","190/18773",0.0789473684210526,0.749281570964824,-1.19202004140482,0.909533314815866,0.999999997295422,0.884693483145942,"hmcn1/ext2/kirrel3l/postnb/postna/col18a1b/kank2/cemip2/adamts12/rgp1/col11a1b/col9a3/col27a1b/loxl3b/plod3",15
"GO:0022412","cellular process involved in reproduction in multicellular organism","9/1978","123/18773",0.0731707317073171,0.694456090162519,-1.16671607511874,0.911521380968561,0.999999997295422,0.884693483145942,"stau1/fxr1/pum1/dctn2/stau2/macf1a/pafah1b1b/stat3/pafah1b1a",9
"GO:0042742","defense response to bacterium","7/1978","100/18773",0.07,0.664362992922144,-1.15489154927016,0.913110752350413,0.999999997295422,0.884693483145942,"rnf213a/tnfrsf1a/hsp90b1/sqstm1/pycard/rab14/h2ax1",7
"GO:0000271","polysaccharide biosynthetic process","2/1978","37/18773",0.0540540540540541,0.513021616156095,-1.01753772486989,0.913138763263857,0.999999997295422,0.884693483145942,"ppp1r3b/ppp1r3da",2
"GO:0045332","phospholipid translocation","2/1978","37/18773",0.0540540540540541,0.513021616156095,-1.01753772486989,0.913138763263857,0.999999997295422,0.884693483145942,"plscr3b/atp11a",2
"GO:0045229","external encapsulating structure organization","15/1978","191/18773",0.0785340314136126,0.745358630802704,-1.21388579380633,0.913314590914222,0.999999997295422,0.884693483145942,"hmcn1/ext2/kirrel3l/postnb/postna/col18a1b/kank2/cemip2/adamts12/rgp1/col11a1b/col9a3/col27a1b/loxl3b/plod3",15
"GO:0002504","antigen processing and presentation of peptide or polysaccharide antigen via MHC class II","1/1978","22/18773",0.0454545454545455,0.431404540858535,-0.915758424977556,0.913783709504628,0.999999997295422,0.884693483145942,"b2m",1
"GO:0006123","mitochondrial electron transport, cytochrome c to oxygen","1/1978","22/18773",0.0454545454545455,0.431404540858535,-0.915758424977556,0.913783709504628,0.999999997295422,0.884693483145942,"cox7a2a",1
"GO:0006817","phosphate ion transport","1/1978","22/18773",0.0454545454545455,0.431404540858535,-0.915758424977556,0.913783709504628,0.999999997295422,0.884693483145942,"slc37a2",1
"GO:0009648","photoperiodism","1/1978","22/18773",0.0454545454545455,0.431404540858535,-0.915758424977556,0.913783709504628,0.999999997295422,0.884693483145942,"fbxl3a",1
"GO:0018208","peptidyl-proline modification","1/1978","22/18773",0.0454545454545455,0.431404540858535,-0.915758424977556,0.913783709504628,0.999999997295422,0.884693483145942,"ppid",1
"GO:0034764","positive regulation of transmembrane transport","1/1978","22/18773",0.0454545454545455,0.431404540858535,-0.915758424977556,0.913783709504628,0.999999997295422,0.884693483145942,"wnk1a",1
"GO:0042219","cellular modified amino acid catabolic process","1/1978","22/18773",0.0454545454545455,0.431404540858535,-0.915758424977556,0.913783709504628,0.999999997295422,0.884693483145942,"aldh1l1",1
"GO:0043266","regulation of potassium ion transport","1/1978","22/18773",0.0454545454545455,0.431404540858535,-0.915758424977556,0.913783709504628,0.999999997295422,0.884693483145942,"wnk1a",1
"GO:0048002","antigen processing and presentation of peptide antigen","1/1978","22/18773",0.0454545454545455,0.431404540858535,-0.915758424977556,0.913783709504628,0.999999997295422,0.884693483145942,"b2m",1
"GO:0051938","L-glutamate import","1/1978","22/18773",0.0454545454545455,0.431404540858535,-0.915758424977556,0.913783709504628,0.999999997295422,0.884693483145942,"ttyh3b",1
"GO:0060029","convergent extension involved in organogenesis","1/1978","22/18773",0.0454545454545455,0.431404540858535,-0.915758424977556,0.913783709504628,0.999999997295422,0.884693483145942,"eaf2",1
"GO:0065002","intracellular protein transmembrane transport","1/1978","22/18773",0.0454545454545455,0.431404540858535,-0.915758424977556,0.913783709504628,0.999999997295422,0.884693483145942,"pex5",1
"GO:0098703","calcium ion import across plasma membrane","1/1978","22/18773",0.0454545454545455,0.431404540858535,-0.915758424977556,0.913783709504628,0.999999997295422,0.884693483145942,"p2rx7",1
"GO:0140888","interferon-mediated signaling pathway","1/1978","22/18773",0.0454545454545455,0.431404540858535,-0.915758424977556,0.913783709504628,0.999999997295422,0.884693483145942,"pias4a",1
"GO:1902656","calcium ion import into cytosol","1/1978","22/18773",0.0454545454545455,0.431404540858535,-0.915758424977556,0.913783709504628,0.999999997295422,0.884693483145942,"p2rx7",1
"GO:0030900","forebrain development","12/1978","158/18773",0.0759493670886076,0.720827840421856,-1.20933756027128,0.915130650270099,0.999999997295422,0.884693483145942,"cxcl12a/dixdc1a/tgif1/wls/ascl1a/eya1/arnt2/zdhhc16a/smo/usp39/acvr1l/mycbp2",12
"GO:0006805","xenobiotic metabolic process","3/1978","51/18773",0.0588235294117647,0.558288229346339,-1.08399268702984,0.915856363177352,0.999999997295422,0.884693483145942,"cyp2v1/ahr2/sult1st1",3
"GO:0048663","neuron fate commitment","3/1978","51/18773",0.0588235294117647,0.558288229346339,-1.08399268702984,0.915856363177352,0.999999997295422,0.884693483145942,"olig2/zdhhc16a/smo",3
"GO:0043604","amide biosynthetic process","8/1978","113/18773",0.0707964601769911,0.671922116735417,-1.20043532983989,0.918914509701759,0.999999997295422,0.884693483145942,"aclya/pdk4/pla2g6/ormdl1/ormdl2/st3gal8/sptlc1/gclc",8
"GO:2000145","regulation of cell motility","24/1978","291/18773",0.0824742268041237,0.782754630836104,-1.28174299197446,0.919834813248508,0.999999997295422,0.884693483145942,"rap2c/tmsb4x/ap1ar/cxcl12a/spns2/srgap2/robo4/hmox1a/plxnb3/slka/lyn/zeb1b/inppl1a/slkb/arpin/aldh1l1/srgap1a/rac1a/rac1b/anxa5b/kdr/sema3ab/pdgfab/smad5",24
"GO:0060627","regulation of vesicle-mediated transport","11/1978","148/18773",0.0743243243243243,0.705404722214631,-1.23477239118545,0.920388986418369,0.999999997295422,0.884693483145942,"tpte/rab11fip3/nf2b/unc45a/cnstb/lgals3b/dab2/dnajc5ab/pacsin3/cplane2/zgc:101559",11
"GO:0006687","glycosphingolipid metabolic process","2/1978","38/18773",0.0526315789473684,0.499521047309882,-1.05981284805423,0.92059649548382,0.999999997295422,0.884693483145942,"neu1/st3gal8",2
"GO:0006937","regulation of muscle contraction","2/1978","38/18773",0.0526315789473684,0.499521047309882,-1.05981284805423,0.92059649548382,0.999999997295422,0.884693483145942,"erp44/atp2a2b",2
"GO:0034204","lipid translocation","2/1978","38/18773",0.0526315789473684,0.499521047309882,-1.05981284805423,0.92059649548382,0.999999997295422,0.884693483145942,"plscr3b/atp11a",2
"GO:0097120","receptor localization to synapse","2/1978","38/18773",0.0526315789473684,0.499521047309882,-1.05981284805423,0.92059649548382,0.999999997295422,0.884693483145942,"erbin/stx3a",2
"GO:0098771","inorganic ion homeostasis","20/1978","248/18773",0.0806451612903226,0.76539515313611,-1.27632749391912,0.920629976996826,0.999999997295422,0.884693483145942,"smdt1b/ccdc115/micu2/fhl1b/fthl27/glrx3/slc12a4/slc39a7/atp2a2b/metap1/psen1/psen2/atp2b4/tmem203/vdra/bcl2l10/slc39a6/atp1b3a/pdzd8/ncoa4",20
"GO:0006612","protein targeting to membrane","4/1978","65/18773",0.0615384615384615,0.584055378393093,-1.15280784440129,0.922033275214431,0.999999997295422,0.884693483145942,"srp19/exoc4/zdhhc4/golga7",4
"GO:0010001","glial cell differentiation","12/1978","160/18773",0.075,0.711817492416582,-1.25631293404952,0.922800480193142,0.999999997295422,0.884693483145942,"cacnb2a/egr1/sptan1/hmgcs1/eif2b3/gpm6ba/dctn2/tenm4/olig2/nrros/smo/qkia",12
"GO:0045055","regulated exocytosis","6/1978","90/18773",0.0666666666666667,0.632726659925851,-1.19857651739137,0.922806495075453,0.999999997295422,0.884693483145942,"stxbp2/snapin/snap29/stx2a/stx3a/rab11bb",6
"GO:0015800","acidic amino acid transport","1/1978","23/18773",0.0434782608695652,0.412647821690772,-0.967253429081694,0.922878468322816,0.999999997295422,0.884693483145942,"ttyh3b",1
"GO:0015909","long-chain fatty acid transport","1/1978","23/18773",0.0434782608695652,0.412647821690772,-0.967253429081694,0.922878468322816,0.999999997295422,0.884693483145942,"slc27a1a",1
"GO:0043049","otic placode formation","1/1978","23/18773",0.0434782608695652,0.412647821690772,-0.967253429081694,0.922878468322816,0.999999997295422,0.884693483145942,"smad5",1
"GO:0043525","positive regulation of neuron apoptotic process","1/1978","23/18773",0.0434782608695652,0.412647821690772,-0.967253429081694,0.922878468322816,0.999999997295422,0.884693483145942,"gsk3ab",1
"GO:0070252","actin-mediated cell contraction","1/1978","23/18773",0.0434782608695652,0.412647821690772,-0.967253429081694,0.922878468322816,0.999999997295422,0.884693483145942,"scn4bb",1
"GO:0072525","pyridine-containing compound biosynthetic process","1/1978","23/18773",0.0434782608695652,0.412647821690772,-0.967253429081694,0.922878468322816,0.999999997295422,0.884693483145942,"afmid",1
"GO:0090130","tissue migration","1/1978","23/18773",0.0434782608695652,0.412647821690772,-0.967253429081694,0.922878468322816,0.999999997295422,0.884693483145942,"psenen",1
"GO:0141060","disruption of anatomical structure in another organism","1/1978","23/18773",0.0434782608695652,0.412647821690772,-0.967253429081694,0.922878468322816,0.999999997295422,0.884693483145942,"h2ax1",1
"GO:1901796","regulation of signal transduction by p53 class mediator","1/1978","23/18773",0.0434782608695652,0.412647821690772,-0.967253429081694,0.922878468322816,0.999999997295422,0.884693483145942,"yju2",1
"GO:0019722","calcium-mediated signaling","5/1978","78/18773",0.0641025641025641,0.608391019159472,-1.18936628098152,0.924186120711705,0.999999997295422,0.884693483145942,"chp2/erp44/atp2a2b/ppp3ccb/bcl2l10",5
"GO:0030516","regulation of axon extension","2/1978","39/18773",0.0512820512820513,0.486712815327578,-1.10117382384741,0.927447954456295,0.999999997295422,0.884693483145942,"cxcl12a/ext2",2
"GO:0070374","positive regulation of ERK1 and ERK2 cascade","2/1978","39/18773",0.0512820512820513,0.486712815327578,-1.10117382384741,0.927447954456295,0.999999997295422,0.884693483145942,"fgfr4/pdgfab",2
"GO:0061351","neural precursor cell proliferation","3/1978","53/18773",0.0566037735849057,0.537220748993647,-1.15781002004679,0.928144471519301,0.999999997295422,0.884693483145942,"sirt2/tcf7l1b/mcm5",3
"GO:0048285","organelle fission","15/1978","196/18773",0.076530612244898,0.726344380016921,-1.3216699900595,0.930304275435708,0.999999997295422,0.884693483145942,"anapc11/prc1b/cep192/top2a/mad1l1/ndel1b/ndc80/pink1/ppp2r2d/fancd2/rad51/ewsr1a/spice1/aurkb/tpra",15
"GO:0009065","glutamine family amino acid catabolic process","1/1978","24/18773",0.0416666666666667,0.395454162453657,-1.0170076363927,0.931014275771214,0.999999997295422,0.884693483145942,"aldh4a1",1
"GO:0015740","C4-dicarboxylate transport","1/1978","24/18773",0.0416666666666667,0.395454162453657,-1.0170076363927,0.931014275771214,0.999999997295422,0.884693483145942,"lrrc8ab",1
"GO:0045927","positive regulation of growth","1/1978","24/18773",0.0416666666666667,0.395454162453657,-1.0170076363927,0.931014275771214,0.999999997295422,0.884693483145942,"cxcl12a",1
"GO:0062207","regulation of pattern recognition receptor signaling pathway","1/1978","24/18773",0.0416666666666667,0.395454162453657,-1.0170076363927,0.931014275771214,0.999999997295422,0.884693483145942,"otud4",1
"GO:1903169","regulation of calcium ion transmembrane transport","1/1978","24/18773",0.0416666666666667,0.395454162453657,-1.0170076363927,0.931014275771214,0.999999997295422,0.884693483145942,"bcl2l10",1
"GO:2000177","regulation of neural precursor cell proliferation","1/1978","24/18773",0.0416666666666667,0.395454162453657,-1.0170076363927,0.931014275771214,0.999999997295422,0.884693483145942,"sirt2",1
"GO:0032101","regulation of response to external stimulus","19/1978","241/18773",0.0788381742738589,0.748245220244264,-1.34990595297238,0.932122799026261,0.999999997295422,0.884693483145942,"cxcl12a/tnfrsf1a/fxr1/lyn/akirin2/inppl1a/socs3a/sfpq/il6st/pycard/parp1/tnfaip6/pias4a/otud4/foxo3b/metrnla/serpine1/becn1/mycbp2",19
"GO:0006639","acylglycerol metabolic process","3/1978","54/18773",0.0555555555555556,0.527272216604876,-1.19383717336393,0.933649559778608,0.999999997295422,0.884693483145942,"zgc:123305/lpin2/mboat7",3
"GO:0120192","tight junction assembly","3/1978","54/18773",0.0555555555555556,0.527272216604876,-1.19383717336393,0.933649559778608,0.999999997295422,0.884693483145942,"marveld2a/cldn5a/cldn11a",3
"GO:0120193","tight junction organization","3/1978","54/18773",0.0555555555555556,0.527272216604876,-1.19383717336393,0.933649559778608,0.999999997295422,0.884693483145942,"marveld2a/cldn5a/cldn11a",3
"GO:0006826","iron ion transport","2/1978","40/18773",0.05,0.474544994944388,-1.14166917304388,0.933738028272225,0.999999997295422,0.884693483145942,"fthl27/slc11a2",2
"GO:0008037","cell recognition","4/1978","68/18773",0.0588235294117647,0.558288229346339,-1.25225560665799,0.937236569366446,0.999999997295422,0.884693483145942,"robo4/scarb1/nrp2b/mycbp2",4
"GO:1901615","organic hydroxy compound metabolic process","18/1978","232/18773",0.0775862068965517,0.736362923189568,-1.38663550242938,0.937633930094116,0.999999997295422,0.884693483145942,"adh8b/tpi1a/fgfr4/gatd1/hmgcs1/crym/ddt/sult1st1/qdpra/faxdc2/tpk1/hmgcrb/hsd17b7/sptlc1/cyp7b1/srd5a3/ch25h/dhdds",18
"GO:0002027","regulation of heart rate","1/1978","25/18773",0.04,0.379635995955511,-1.0651665868589,0.938292197928371,0.999999997295422,0.884693483145942,"adma",1
"GO:0021879","forebrain neuron differentiation","1/1978","25/18773",0.04,0.379635995955511,-1.0651665868589,0.938292197928371,0.999999997295422,0.884693483145942,"zdhhc16a",1
"GO:0048771","tissue remodeling","1/1978","25/18773",0.04,0.379635995955511,-1.0651665868589,0.938292197928371,0.999999997295422,0.884693483145942,"neu1",1
"GO:0006638","neutral lipid metabolic process","3/1978","55/18773",0.0545454545454545,0.517685449030242,-1.22930712834464,0.938763213000085,0.999999997295422,0.884693483145942,"zgc:123305/lpin2/mboat7",3
"GO:0006835","dicarboxylic acid transport","2/1978","41/18773",0.048780487804878,0.462970726775013,-1.18134358051736,0.939508881951993,0.999999997295422,0.884693483145942,"lrrc8ab/ttyh3b",2
"GO:0097035","regulation of membrane lipid distribution","2/1978","41/18773",0.048780487804878,0.462970726775013,-1.18134358051736,0.939508881951993,0.999999997295422,0.884693483145942,"plscr3b/atp11a",2
"GO:1903510","mucopolysaccharide metabolic process","2/1978","41/18773",0.048780487804878,0.462970726775013,-1.18134358051736,0.939508881951993,0.999999997295422,0.884693483145942,"cemip2/hyal1",2
"GO:0040012","regulation of locomotion","25/1978","310/18773",0.0806451612903226,0.76539515313611,-1.42937145431794,0.94054327348336,0.999999997295422,0.884693483145942,"rap2c/tmsb4x/ap1ar/cxcl12a/spns2/srgap2/robo4/hmox1a/plxnb3/slka/lyn/zeb1b/inppl1a/slkb/arpin/aldh1l1/srgap1a/rac1a/rac1b/anxa5b/kdr/sema3ab/pdgfab/smad5/mycbp2",25
"GO:0001704","formation of primary germ layer","5/1978","82/18773",0.0609756097560976,0.578713408468766,-1.31203888554498,0.942080436761266,0.999999997295422,0.884693483145942,"rock2a/tll1/dusp6/dhx16/tp63",5
"GO:0099003","vesicle-mediated transport in synapse","8/1978","119/18773",0.0672268907563025,0.63804369068153,-1.35932109941936,0.942267420389598,0.999999997295422,0.884693483145942,"stxbp2/snapin/snap29/stx2a/sncb/stx3a/dnajc5ab/sh3gl1b",8
"GO:0099504","synaptic vesicle cycle","8/1978","119/18773",0.0672268907563025,0.63804369068153,-1.35932109941936,0.942267420389598,0.999999997295422,0.884693483145942,"stxbp2/snapin/snap29/stx2a/sncb/stx3a/dnajc5ab/sh3gl1b",8
"GO:0008643","carbohydrate transport","2/1978","42/18773",0.0476190476190476,0.451947614232751,-1.22023828882483,0.944800032649444,0.999999997295422,0.884693483145942,"slc50a1/aqp7",2
"GO:0036465","synaptic vesicle recycling","2/1978","42/18773",0.0476190476190476,0.451947614232751,-1.22023828882483,0.944800032649444,0.999999997295422,0.884693483145942,"sncb/sh3gl1b",2
"GO:0044458","motile cilium assembly","1/1978","26/18773",0.0384615384615385,0.365034611495683,-1.11185780602243,0.94480265411024,0.999999997295422,0.884693483145942,"mak",1
"GO:0050768","negative regulation of neurogenesis","1/1978","26/18773",0.0384615384615385,0.365034611495683,-1.11185780602243,0.94480265411024,0.999999997295422,0.884693483145942,"sirt2",1
"GO:0085029","extracellular matrix assembly","1/1978","26/18773",0.0384615384615385,0.365034611495683,-1.11185780602243,0.94480265411024,0.999999997295422,0.884693483145942,"cemip2",1
"GO:0007596","blood coagulation","4/1978","70/18773",0.0571428571428571,0.542337137079301,-1.31648970845464,0.945819413722497,0.999999997295422,0.884693483145942,"f13a1b/bambia/prkcaa/lrrc32",4
"GO:0098659","inorganic cation import across plasma membrane","6/1978","96/18773",0.0625,0.593181243680485,-1.37139144913341,0.947221179497327,0.999999997295422,0.884693483145942,"slc9a7/slc12a4/wnk1a/slc39a6/atp1b3a/p2rx7",6
"GO:0099587","inorganic ion import across plasma membrane","6/1978","96/18773",0.0625,0.593181243680485,-1.37139144913341,0.947221179497327,0.999999997295422,0.884693483145942,"slc9a7/slc12a4/wnk1a/slc39a6/atp1b3a/p2rx7",6
"GO:0030203","glycosaminoglycan metabolic process","3/1978","57/18773",0.0526315789473684,0.499521047309882,-1.29865903138498,0.947913001820434,0.999999997295422,0.884693483145942,"cemip2/gnsa/hyal1",3
"GO:0002252","immune effector process","9/1978","133/18773",0.0676691729323308,0.642241346541277,-1.42092588559553,0.948567434100787,0.999999997295422,0.884693483145942,"tnfrsf1a/il4r.1/tcima/jagn1b/rnf168/cybc1/ptena/ptenb/loxl3b",9
"GO:0030334","regulation of cell migration","21/1978","270/18773",0.0777777777777778,0.738181103246826,-1.48710011937153,0.948770849549854,0.999999997295422,0.884693483145942,"rap2c/tmsb4x/cxcl12a/spns2/srgap2/robo4/hmox1a/plxnb3/slka/lyn/inppl1a/slkb/arpin/aldh1l1/srgap1a/rac1a/rac1b/kdr/sema3ab/pdgfab/smad5",21
"GO:0015711","organic anion transport","19/1978","248/18773",0.0766129032258065,0.727125395479305,-1.48452755685875,0.949228260616298,0.999999997295422,0.884693483145942,"slco2b1/slc16a9a/slc3a2b/slc7a6/slc27a1a/slc16a9b/slc17a9b/slc25a24/ctns/lrrc8ab/mpc1/slco1d1/fabp3/ttyh3b/slc16a1b/slc37a2/slc35a3a/slc25a16/slc36a4",19
"GO:0008016","regulation of heart contraction","5/1978","84/18773",0.0595238095238095,0.564934517790938,-1.3714489659364,0.949515615863899,0.999999997295422,0.884693483145942,"scn4bb/erp44/atp2a2b/adma/lmna",5
"GO:0071696","ectodermal placode development","2/1978","43/18773",0.0465116279069767,0.441437204599431,-1.25839144279456,0.949648439239411,0.999999997295422,0.884693483145942,"smad5/parp3",2
"GO:0007599","hemostasis","4/1978","71/18773",0.0563380281690141,0.534698585852832,-1.34802495728892,0.949695310849375,0.999999997295422,0.884693483145942,"f13a1b/bambia/prkcaa/lrrc32",4
"GO:0050808","synapse organization","14/1978","192/18773",0.0729166666666667,0.6920447842939,-1.47191268794174,0.950270434714673,0.999999997295422,0.884693483145942,"arhgef9b/gars1/plxnb3/myo7aa/myo9ab/ctbp2a/sdcbp2/lin7c/fbxo45/abhd17aa/sncb/fmr1/abhd17c/mycbp2",14
"GO:0006479","protein methylation","1/1978","27/18773",0.037037037037037,0.351514811069917,-1.15719367048188,0.950626537940717,0.999999997295422,0.884693483145942,"prmt1",1
"GO:0008213","protein alkylation","1/1978","27/18773",0.037037037037037,0.351514811069917,-1.15719367048188,0.950626537940717,0.999999997295422,0.884693483145942,"prmt1",1
"GO:0031338","regulation of vesicle fusion","1/1978","27/18773",0.037037037037037,0.351514811069917,-1.15719367048188,0.950626537940717,0.999999997295422,0.884693483145942,"cplane2",1
"GO:0048333","mesodermal cell differentiation","1/1978","27/18773",0.037037037037037,0.351514811069917,-1.15719367048188,0.950626537940717,0.999999997295422,0.884693483145942,"rock2a",1
"GO:0050851","antigen receptor-mediated signaling pathway","1/1978","27/18773",0.037037037037037,0.351514811069917,-1.15719367048188,0.950626537940717,0.999999997295422,0.884693483145942,"slc39a6",1
"GO:0060319","primitive erythrocyte differentiation","1/1978","27/18773",0.037037037037037,0.351514811069917,-1.15719367048188,0.950626537940717,0.999999997295422,0.884693483145942,"actr2b",1
"GO:0072332","intrinsic apoptotic signaling pathway by p53 class mediator","1/1978","27/18773",0.037037037037037,0.351514811069917,-1.15719367048188,0.950626537940717,0.999999997295422,0.884693483145942,"hipk2",1
"GO:0097305","response to alcohol","1/1978","27/18773",0.037037037037037,0.351514811069917,-1.15719367048188,0.950626537940717,0.999999997295422,0.884693483145942,"entpd1",1
"GO:0140013","meiotic nuclear division","3/1978","58/18773",0.0517241379310345,0.490908615459712,-1.33257984636795,0.951994671149379,0.999999997295422,0.884693483145942,"top2a/fancd2/rad51",3
"GO:0043408","regulation of MAPK cascade","17/1978","227/18773",0.0748898678414097,0.710772239123753,-1.5045484880456,0.95230109811668,0.999999997295422,0.884693483145942,"si:zfos-2326c3.2/fgfr4/styx/dusp7/pigp/spry2/aida/dusp6/taok1a/si:ch211-121a2.2/traf2b/grb2b/map4k4/rassf2a/kdr/pdgfab/spred1",17
"GO:0010817","regulation of hormone levels","6/1978","98/18773",0.0612244897959184,0.581075504013537,-1.42691104866928,0.953665538337755,0.999999997295422,0.884693483145942,"hsd17b10/apc/furina/crym/tle3a/kdm1a",6
"GO:0046173","polyol biosynthetic process","2/1978","44/18773",0.0454545454545455,0.431404540858535,-1.29583839221411,0.954088602425993,0.999999997295422,0.884693483145942,"qdpra/sptlc1",2
"GO:0051051","negative regulation of transport","2/1978","44/18773",0.0454545454545455,0.431404540858535,-1.29583839221411,0.954088602425993,0.999999997295422,0.884693483145942,"wnk1a/lgals3b",2
"GO:0042886","amide transport","3/1978","59/18773",0.0508474576271186,0.48258813045192,-1.36602136806263,0.955775990931886,0.999999997295422,0.884693483145942,"slco1d1/plekha8/slc25a16",3
"GO:0007631","feeding behavior","1/1978","28/18773",0.0357142857142857,0.338960710674563,-1.20127372618332,0.955836220430489,0.999999997295422,0.884693483145942,"nfe2l2a",1
"GO:0021854","hypothalamus development","1/1978","28/18773",0.0357142857142857,0.338960710674563,-1.20127372618332,0.955836220430489,0.999999997295422,0.884693483145942,"arnt2",1
"GO:0021872","forebrain generation of neurons","1/1978","28/18773",0.0357142857142857,0.338960710674563,-1.20127372618332,0.955836220430489,0.999999997295422,0.884693483145942,"zdhhc16a",1
"GO:0045132","meiotic chromosome segregation","1/1978","28/18773",0.0357142857142857,0.338960710674563,-1.20127372618332,0.955836220430489,0.999999997295422,0.884693483145942,"fancd2",1
"GO:0050795","regulation of behavior","1/1978","28/18773",0.0357142857142857,0.338960710674563,-1.20127372618332,0.955836220430489,0.999999997295422,0.884693483145942,"parp1",1
"GO:0008202","steroid metabolic process","8/1978","124/18773",0.0645161290322581,0.612316122508888,-1.48641206204134,0.956973548573832,0.999999997295422,0.884693483145942,"hsd17b10/fgfr4/hmgcs1/faxdc2/hmgcrb/hsd17b7/cyp7b1/ch25h",8
"GO:0033627","cell adhesion mediated by integrin","2/1978","45/18773",0.0444444444444444,0.421817773283901,-1.3326119585617,0.958152672162457,0.999999997295422,0.884693483145942,"podxl/itga1",2
"GO:0071526","semaphorin-plexin signaling pathway","2/1978","45/18773",0.0444444444444444,0.421817773283901,-1.3326119585617,0.958152672162457,0.999999997295422,0.884693483145942,"plxnb3/sema3ab",2
"GO:0071806","protein transmembrane transport","2/1978","45/18773",0.0444444444444444,0.421817773283901,-1.3326119585617,0.958152672162457,0.999999997295422,0.884693483145942,"dnajc19/pex5",2
"GO:1990573","potassium ion import across plasma membrane","3/1978","60/18773",0.05,0.474544994944388,-1.39900047464292,0.95927692109068,0.999999997295422,0.884693483145942,"slc12a4/wnk1a/atp1b3a",3
"GO:0098739","import across plasma membrane","8/1978","125/18773",0.064,0.607417593528817,-1.51129108822394,0.9594765446744,0.999999997295422,0.884693483145942,"slc9a7/slc3a2b/slc12a4/wnk1a/lrrc8ab/slc39a6/atp1b3a/p2rx7",8
"GO:0002224","toll-like receptor signaling pathway","1/1978","29/18773",0.0344827586206897,0.327272410306475,-1.24418658001126,0.960496447477087,0.999999997295422,0.884693483145942,"otud4",1
"GO:0021761","limbic system development","1/1978","29/18773",0.0344827586206897,0.327272410306475,-1.24418658001126,0.960496447477087,0.999999997295422,0.884693483145942,"arnt2",1
"GO:0046503","glycerolipid catabolic process","1/1978","29/18773",0.0344827586206897,0.327272410306475,-1.24418658001126,0.960496447477087,0.999999997295422,0.884693483145942,"pla2g4aa",1
"GO:0051961","negative regulation of nervous system development","1/1978","29/18773",0.0344827586206897,0.327272410306475,-1.24418658001126,0.960496447477087,0.999999997295422,0.884693483145942,"sirt2",1
"GO:0055078","sodium ion homeostasis","1/1978","29/18773",0.0344827586206897,0.327272410306475,-1.24418658001126,0.960496447477087,0.999999997295422,0.884693483145942,"atp1b3a",1
"GO:0090257","regulation of muscle system process","2/1978","46/18773",0.0434782608695652,0.412647821690772,-1.36874267076726,0.961870559732522,0.999999997295422,0.884693483145942,"erp44/atp2a2b",2
"GO:0006821","chloride transport","6/1978","101/18773",0.0594059405940594,0.563815835577491,-1.50838975638208,0.962004342125154,0.999999997295422,0.884693483145942,"pacc1/slc12a4/clcn3/ano10b/ttyh3b/clcn4",6
"GO:0008203","cholesterol metabolic process","4/1978","75/18773",0.0533333333333333,0.506181327940681,-1.47054721685105,0.96278249885812,0.999999997295422,0.884693483145942,"hmgcs1/hsd17b7/cyp7b1/ch25h",4
"GO:1903522","regulation of blood circulation","6/1978","102/18773",0.0588235294117647,0.558288229346339,-1.53508942930463,0.964464251809747,0.999999997295422,0.884693483145942,"scn4bb/erp44/atp2a2b/avpr1ab/adma/lmna",6
"GO:0019882","antigen processing and presentation","1/1978","30/18773",0.0333333333333333,0.316363329962925,-1.2860114553754,0.964665142893771,0.999999997295422,0.884693483145942,"b2m",1
"GO:0042255","ribosome assembly","1/1978","30/18773",0.0333333333333333,0.316363329962925,-1.2860114553754,0.964665142893771,0.999999997295422,0.884693483145942,"eif6",1
"GO:0060788","ectodermal placode formation","1/1978","30/18773",0.0333333333333333,0.316363329962925,-1.2860114553754,0.964665142893771,0.999999997295422,0.884693483145942,"smad5",1
"GO:0001706","endoderm formation","2/1978","47/18773",0.0425531914893617,0.403868080803735,-1.4042589742039,0.965270052319652,0.999999997295422,0.884693483145942,"dusp6/dhx16",2
"GO:0055006","cardiac cell development","2/1978","47/18773",0.0425531914893617,0.403868080803735,-1.4042589742039,0.965270052319652,0.999999997295422,0.884693483145942,"gsk3ab/krit1",2
"GO:1904062","regulation of monoatomic cation transmembrane transport","3/1978","62/18773",0.0483870967741935,0.459237091881666,-1.46363454959749,0.96551206397949,0.999999997295422,0.884693483145942,"ap1b1/wnk1a/bcl2l10",3
"GO:0003018","vascular process in circulatory system","4/1978","76/18773",0.0526315789473684,0.499521047309882,-1.50032402119057,0.965519559813296,0.999999997295422,0.884693483145942,"tjp1a/avpr1ab/tjp2b/gclc",4
"GO:0009581","detection of external stimulus","5/1978","90/18773",0.0555555555555556,0.527272216604876,-1.54272134258772,0.966911131735568,0.999999997295422,0.884693483145942,"ap1b1/myo7aa/piezo1/lamc1/dhdds",5
"GO:0009582","detection of abiotic stimulus","5/1978","90/18773",0.0555555555555556,0.527272216604876,-1.54272134258772,0.966911131735568,0.999999997295422,0.884693483145942,"ap1b1/myo7aa/piezo1/lamc1/dhdds",5
"GO:0051240","positive regulation of multicellular organismal process","22/1978","292/18773",0.0753424657534247,0.715067800601133,-1.68402538958137,0.96737178430581,0.999999997295422,0.884693483145942,"b2m/cxcl12a/fxr1/plxnb3/si:dkey-192g7.3/si:dkey-169i5.4/ddx46/cd276/fam49bb/avpr1ab/fmr1/zbtb16a/dab2/tenm4/olig2/kdr/sirt1/serpinf1/atraid/atp6v1h/stat3/adma",22
"GO:0006022","aminoglycan metabolic process","4/1978","77/18773",0.051948051948052,0.493033760981183,-1.52977818692476,0.968068252444271,0.999999997295422,0.884693483145942,"cemip2/gnsa/b3gnt2b/hyal1",4
"GO:0051607","defense response to virus","4/1978","77/18773",0.051948051948052,0.493033760981183,-1.52977818692476,0.968068252444271,0.999999997295422,0.884693483145942,"foxo3b/serinc5/nedd8/ch25h",4
"GO:0006820","monoatomic anion transport","8/1978","129/18773",0.062015503875969,0.588582939465908,-1.6091110502256,0.968229911867048,0.999999997295422,0.884693483145942,"pacc1/slc12a4/clcn3/lrrc8ab/ano10b/ttyh3b/clcn4/vdac3",8
"GO:0060215","primitive hemopoiesis","3/1978","63/18773",0.0476190476190476,0.451947614232751,-1.49531904925962,0.968280899692548,0.999999997295422,0.884693483145942,"csrnp1a/actr2b/foxo3b",3
"GO:0042310","vasoconstriction","1/1978","31/18773",0.032258064516129,0.306158061254444,-1.32681948081909,0.968394126906796,0.999999997295422,0.884693483145942,"avpr1ab",1
"GO:0051966","regulation of synaptic transmission, glutamatergic","1/1978","31/18773",0.032258064516129,0.306158061254444,-1.32681948081909,0.968394126906796,0.999999997295422,0.884693483145942,"fxr1",1
"GO:0006836","neurotransmitter transport","6/1978","104/18773",0.0576923076923077,0.547551917243525,-1.58782745251172,0.96895246915183,0.999999997295422,0.884693483145942,"stxbp2/snapin/snap29/lin7c/stx2a/stx3a",6
"GO:0007422","peripheral nervous system development","3/1978","64/18773",0.046875,0.444885932760364,-1.52660030499134,0.970838659929867,0.999999997295422,0.884693483145942,"sptan1/agrn/si:dkey-16j16.4",3
"GO:0019751","polyol metabolic process","3/1978","64/18773",0.046875,0.444885932760364,-1.52660030499134,0.970838659929867,0.999999997295422,0.884693483145942,"tpi1a/qdpra/sptlc1",3
"GO:0001707","mesoderm formation","2/1978","49/18773",0.0408163265306122,0.387383669342358,-1.47355281292826,0.971215071813653,0.999999997295422,0.884693483145942,"rock2a/tll1",2
"GO:0008217","regulation of blood pressure","2/1978","49/18773",0.0408163265306122,0.387383669342358,-1.47355281292826,0.971215071813653,0.999999997295422,0.884693483145942,"avpr1ab/adma",2
"GO:0007286","spermatid development","1/1978","32/18773",0.03125,0.296590621840243,-1.36667476471505,0.971729759015341,0.999999997295422,0.884693483145942,"fxr1",1
"GO:0048515","spermatid differentiation","1/1978","32/18773",0.03125,0.296590621840243,-1.36667476471505,0.971729759015341,0.999999997295422,0.884693483145942,"fxr1",1
"GO:0051480","regulation of cytosolic calcium ion concentration","1/1978","32/18773",0.03125,0.296590621840243,-1.36667476471505,0.971729759015341,0.999999997295422,0.884693483145942,"atp2b4",1
"GO:0045214","sarcomere organization","3/1978","65/18773",0.0461538461538462,0.43804153379482,-1.55749129671711,0.973200210803195,0.999999997295422,0.884693483145942,"orai1b/klhl41b/csrp1a",3
"GO:0009190","cyclic nucleotide biosynthetic process","1/1978","33/18773",0.0303030303030303,0.287603027239023,-1.405635297228,0.974713513172945,0.999999997295422,0.884693483145942,"npr1a",1
"GO:0009395","phospholipid catabolic process","1/1978","33/18773",0.0303030303030303,0.287603027239023,-1.405635297228,0.974713513172945,0.999999997295422,0.884693483145942,"pla2g4aa",1
"GO:0002831","regulation of response to biotic stimulus","6/1978","107/18773",0.0560747663551402,0.532199994330155,-1.66534759095643,0.97471547832015,0.999999997295422,0.884693483145942,"akirin2/pycard/parp1/pias4a/otud4/foxo3b",6
"GO:0006066","alcohol metabolic process","11/1978","170/18773",0.0647058823529412,0.614117052280973,-1.7344706982244,0.975131885131826,0.999999997295422,0.884693483145942,"adh8b/tpi1a/hmgcs1/qdpra/tpk1/hsd17b7/sptlc1/cyp7b1/srd5a3/ch25h/dhdds",11
"GO:0002768","immune response-regulating cell surface receptor signaling pathway","2/1978","51/18773",0.0392156862745098,0.372192152897559,-1.54068594122341,0.97617190074867,0.999999997295422,0.884693483145942,"vav2/slc39a6",2
"GO:0034219","carbohydrate transmembrane transport","1/1978","34/18773",0.0294117647058824,0.27914411467317,-1.4437537117799,0.977382492412215,0.999999997295422,0.884693483145942,"aqp7",1
"GO:0031347","regulation of defense response","11/1978","172/18773",0.063953488372093,0.606976156324218,-1.77702438751718,0.977797487423347,0.999999997295422,0.884693483145942,"cxcl12a/tnfrsf1a/fxr1/akirin2/pycard/parp1/tnfaip6/pias4a/otud4/foxo3b/metrnla",11
"GO:1902652","secondary alcohol metabolic process","4/1978","82/18773",0.048780487804878,0.462970726775013,-1.67250347699448,0.978374619227775,0.999999997295422,0.884693483145942,"hmgcs1/hsd17b7/cyp7b1/ch25h",4
"GO:0023061","signal release","7/1978","123/18773",0.056910569105691,0.540132514570848,-1.75599895923308,0.979319213091189,0.999999997295422,0.884693483145942,"stxbp2/snapin/snap29/lin7c/wls/stx2a/stx3a",7
"GO:0043269","regulation of monoatomic ion transport","6/1978","110/18773",0.0545454545454545,0.517685449030242,-1.74106261904201,0.979474973769096,0.999999997295422,0.884693483145942,"ap1b1/orai1b/wnk1a/lgals3b/bcl2l10/nkain1",6
"GO:0006939","smooth muscle contraction","1/1978","35/18773",0.0285714285714286,0.27116856853965,-1.4810779314591,0.979769889285508,0.999999997295422,0.884693483145942,"rock2a",1
"GO:0030317","flagellated sperm motility","1/1978","35/18773",0.0285714285714286,0.27116856853965,-1.4810779314591,0.979769889285508,0.999999997295422,0.884693483145942,"gas8",1
"GO:0071697","ectodermal placode morphogenesis","1/1978","35/18773",0.0285714285714286,0.27116856853965,-1.4810779314591,0.979769889285508,0.999999997295422,0.884693483145942,"smad5",1
"GO:0098656","monoatomic anion transmembrane transport","4/1978","83/18773",0.0481927710843374,0.457392766211459,-1.70019363933664,0.98001821767878,0.999999997295422,0.884693483145942,"slc12a4/lrrc8ab/ano10b/vdac3",4
"GO:0015908","fatty acid transport","2/1978","53/18773",0.0377358490566038,0.358147165995765,-1.60582748900151,0.980297939239051,0.999999997295422,0.884693483145942,"slc27a1a/fabp3",2
"GO:0006936","muscle contraction","8/1978","137/18773",0.0583941605839416,0.554213132781767,-1.79717188191807,0.980791583150326,0.999999997295422,0.884693483145942,"rock2a/tmod2/scn4bb/erp44/atp2a2b/tnni4b.2/tpm2/tnni2b.1",8
"GO:0051259","protein complex oligomerization","6/1978","111/18773",0.0540540540540541,0.513021616156095,-1.76591783674914,0.980866541724456,0.999999997295422,0.884693483145942,"cpsf6/gnmt/tnfaip1/cbr4/nudt21/tp63",6
"GO:0140115","export across plasma membrane","1/1978","36/18773",0.0277777777777778,0.263636108302438,-1.51765172060608,0.981905397823947,0.999999997295422,0.884693483145942,"atp1b3a",1
"GO:0015698","inorganic anion transport","7/1978","125/18773",0.056,0.531490394337715,-1.80358156685939,0.981912549458423,0.999999997295422,0.884693483145942,"pacc1/slc12a4/clcn3/ano10b/ttyh3b/clcn4/slc37a2",7
"GO:0098609","cell-cell adhesion","35/1978","452/18773",0.0774336283185841,0.734914815179362,-1.95775570753406,0.982415949355198,0.999999997295422,0.884693483145942,"podxl/b2m/dsc2l/appb/pcdh12/lpp/robo4/kirrel3l/si:dkey-192g7.3/si:dkey-169i5.4/zeb1b/lims1/tjp1a/erbin/igdcc3/cd276/lgals9l3/fam49bb/flot2a/nrarpa/perp/arvcfb/tenm4/prtgb/pcdh2g28/arnt2/dspa/pcdh1b/jag2b/neo1b/itga1/acvr1l/loxl3b/tjp2b/cdh5",35
"GO:0002460","adaptive immune response based on somatic recombination of immune receptors built from immunoglobulin superfamily domains","3/1978","70/18773",0.0428571428571429,0.406752852809476,-1.70650456290513,0.98252366889414,0.999999997295422,0.884693483145942,"il4r.1/rnf168/loxl3b",3
"GO:0048477","oogenesis","3/1978","70/18773",0.0428571428571429,0.406752852809476,-1.70650456290513,0.98252366889414,0.999999997295422,0.884693483145942,"pum1/dctn2/macf1a",3
"GO:0045088","regulation of innate immune response","5/1978","99/18773",0.0505050505050505,0.479338378731705,-1.78251379161415,0.982894776346928,0.999999997295422,0.884693483145942,"akirin2/pycard/parp1/pias4a/otud4",5
"GO:0006874","intracellular calcium ion homeostasis","7/1978","126/18773",0.0555555555555556,0.527272216604876,-1.82713369660401,0.983092821910865,0.999999997295422,0.884693483145942,"smdt1b/micu2/atp2a2b/atp2b4/tmem203/bcl2l10/pdzd8",7
"GO:0035150","regulation of tube size","2/1978","55/18773",0.0363636363636364,0.345123632686828,-1.66912689012569,0.983727160309262,0.999999997295422,0.884693483145942,"avpr1ab/gclc",2
"GO:0035296","regulation of tube diameter","2/1978","55/18773",0.0363636363636364,0.345123632686828,-1.66912689012569,0.983727160309262,0.999999997295422,0.884693483145942,"avpr1ab/gclc",2
"GO:0097746","blood vessel diameter maintenance","2/1978","55/18773",0.0363636363636364,0.345123632686828,-1.66912689012569,0.983727160309262,0.999999997295422,0.884693483145942,"avpr1ab/gclc",2
"GO:0051209","release of sequestered calcium ion into cytosol","1/1978","37/18773",0.027027027027027,0.256510808078048,-1.55351515778185,0.983815582117282,0.999999997295422,0.884693483145942,"bcl2l10",1
"GO:0007492","endoderm development","3/1978","71/18773",0.0422535211267606,0.401023939389624,-1.73529384173762,0.983971978807879,0.999999997295422,0.884693483145942,"dusp6/net1/dhx16",3
"GO:0050776","regulation of immune response","14/1978","216/18773",0.0648148148148148,0.615150919372355,-1.95227888613225,0.985444669123356,0.999999997295422,0.884693483145942,"b2m/spns2/vav2/otud5a/akirin2/inppl1a/il10rb/pycard/parp1/pias4a/tlx1/otud4/slc39a6/loxl3b",14
"GO:0050919","negative chemotaxis","1/1978","38/18773",0.0263157894736842,0.249760523654941,-1.58870504318746,0.985524206080349,0.999999997295422,0.884693483145942,"sema3ab",1
"GO:0051208","sequestering of calcium ion","1/1978","38/18773",0.0263157894736842,0.249760523654941,-1.58870504318746,0.985524206080349,0.999999997295422,0.884693483145942,"bcl2l10",1
"GO:0051282","regulation of sequestering of calcium ion","1/1978","38/18773",0.0263157894736842,0.249760523654941,-1.58870504318746,0.985524206080349,0.999999997295422,0.884693483145942,"bcl2l10",1
"GO:0051283","negative regulation of sequestering of calcium ion","1/1978","38/18773",0.0263157894736842,0.249760523654941,-1.58870504318746,0.985524206080349,0.999999997295422,0.884693483145942,"bcl2l10",1
"GO:0061844","antimicrobial humoral immune response mediated by antimicrobial peptide","1/1978","38/18773",0.0263157894736842,0.249760523654941,-1.58870504318746,0.985524206080349,0.999999997295422,0.884693483145942,"cxcl20",1
"GO:0002833","positive regulation of response to biotic stimulus","3/1978","73/18773",0.0410958904109589,0.390036982146073,-1.79193620235847,0.986531091932662,0.999999997295422,0.884693483145942,"akirin2/pycard/otud4",3
"GO:0045089","positive regulation of innate immune response","3/1978","73/18773",0.0410958904109589,0.390036982146073,-1.79193620235847,0.986531091932662,0.999999997295422,0.884693483145942,"akirin2/pycard/otud4",3
"GO:2000241","regulation of reproductive process","3/1978","73/18773",0.0410958904109589,0.390036982146073,-1.79193620235847,0.986531091932662,0.999999997295422,0.884693483145942,"lhfpl2a/cdc25b/scarb1",3
"GO:0016064","immunoglobulin mediated immune response","2/1978","57/18773",0.0350877192982456,0.333014031539922,-1.73071684052228,0.986573185606129,0.999999997295422,0.884693483145942,"il4r.1/rnf168",2
"GO:0019724","B cell mediated immunity","2/1978","57/18773",0.0350877192982456,0.333014031539922,-1.73071684052228,0.986573185606129,0.999999997295422,0.884693483145942,"il4r.1/rnf168",2
"GO:0001819","positive regulation of cytokine production","1/1978","39/18773",0.0256410256410256,0.243356407663789,-1.62325525114025,0.987052528491508,0.999999997295422,0.884693483145942,"zbtb16a",1
"GO:0045087","innate immune response","18/1978","266/18773",0.0676691729323308,0.642241346541277,-2.01670031165954,0.987065549136715,0.999999997295422,0.884693483145942,"sod2/trim44/tnfrsf1a/adam15/pqbp1/akirin2/traf6/pycard/parp1/trim105/cybc1/pias4a/otud4/serinc5/cnpy3/ankhd1/h2ax1/nfkb2",18
"GO:0006865","amino acid transport","6/1978","117/18773",0.0512820512820513,0.486712815327578,-1.91127200208366,0.98753031161343,0.999999997295422,0.884693483145942,"slc3a2b/slc7a6/ctns/lrrc8ab/ttyh3b/slc36a4",6
"GO:0006954","inflammatory response","15/1978","231/18773",0.0649350649350649,0.616292201226478,-2.01375550246458,0.987578615349107,0.999999997295422,0.884693483145942,"lta4h/sgk1/cxcl12a/cxcl20/tnfrsf1a/fxr1/il4r.1/pycard/tnfaip6/nrros/metrnla/pla2g4aa/loxl3b/agtr2/nfkb2",15
"GO:0045165","cell fate commitment","12/1978","195/18773",0.0615384615384615,0.584055378393093,-2.00369563333402,0.988015458880875,0.999999997295422,0.884693483145942,"apc/tfec/en2b/prdm1a/dusp6/fmr1/tcf7l1b/olig2/zdhhc16a/tp63/smo/loxl3b",12
"GO:0003012","muscle system process","8/1978","145/18773",0.0551724137931034,0.52363585649036,-1.97614297571254,0.988619253737655,0.999999997295422,0.884693483145942,"rock2a/tmod2/scn4bb/erp44/atp2a2b/tnni4b.2/tpm2/tnni2b.1",8
"GO:0002218","activation of innate immune response","2/1978","59/18773",0.0338983050847458,0.32172542030128,-1.79071572148395,0.988932067344667,0.999999997295422,0.884693483145942,"pycard/otud4",2
"GO:0032103","positive regulation of response to external stimulus","5/1978","105/18773",0.0476190476190476,0.451947614232751,-1.93261897116905,0.989150519903583,0.999999997295422,0.884693483145942,"cxcl12a/akirin2/il6st/pycard/otud4",5
"GO:0009583","detection of light stimulus","2/1978","60/18773",0.0333333333333333,0.316363329962925,-1.82015209040392,0.989954658594804,0.999999997295422,0.884693483145942,"lamc1/dhdds",2
"GO:0097553","calcium ion transmembrane import into cytosol","2/1978","60/18773",0.0333333333333333,0.316363329962925,-1.82015209040392,0.989954658594804,0.999999997295422,0.884693483145942,"bcl2l10/p2rx7",2
"GO:0071875","adrenergic receptor signaling pathway","1/1978","42/18773",0.0238095238095238,0.225973807116375,-1.7233688268461,0.990736048752968,0.999999997295422,0.884693483145942,"akap13",1
"GO:0120254","olefinic compound metabolic process","1/1978","42/18773",0.0238095238095238,0.225973807116375,-1.7233688268461,0.990736048752968,0.999999997295422,0.884693483145942,"bco1",1
"GO:0017157","regulation of exocytosis","2/1978","61/18773",0.0327868852459016,0.311177045865173,-1.84922959990494,0.990884771156101,0.999999997295422,0.884693483145942,"cplane2/zgc:101559",2
"GO:0006023","aminoglycan biosynthetic process","1/1978","43/18773",0.0232558139534884,0.220718602299715,-1.75565048454715,0.991714325169957,0.999999997295422,0.884693483145942,"b3gnt2b",1
"GO:0017156","calcium-ion regulated exocytosis","1/1978","43/18773",0.0232558139534884,0.220718602299715,-1.75565048454715,0.991714325169957,0.999999997295422,0.884693483145942,"stxbp2",1
"GO:0033500","carbohydrate homeostasis","1/1978","43/18773",0.0232558139534884,0.220718602299715,-1.75565048454715,0.991714325169957,0.999999997295422,0.884693483145942,"akr1a1b",1
"GO:0042593","glucose homeostasis","1/1978","43/18773",0.0232558139534884,0.220718602299715,-1.75565048454715,0.991714325169957,0.999999997295422,0.884693483145942,"akr1a1b",1
"GO:0052652","cyclic purine nucleotide metabolic process","1/1978","43/18773",0.0232558139534884,0.220718602299715,-1.75565048454715,0.991714325169957,0.999999997295422,0.884693483145942,"npr1a",1
"GO:0055013","cardiac muscle cell development","1/1978","43/18773",0.0232558139534884,0.220718602299715,-1.75565048454715,0.991714325169957,0.999999997295422,0.884693483145942,"gsk3ab",1
"GO:0002443","leukocyte mediated immunity","3/1978","79/18773",0.0379746835443038,0.360413920210928,-1.95496884978451,0.992063071986092,0.999999997295422,0.884693483145942,"il4r.1/jagn1b/rnf168",3
"GO:0007292","female gamete generation","3/1978","79/18773",0.0379746835443038,0.360413920210928,-1.95496884978451,0.992063071986092,0.999999997295422,0.884693483145942,"pum1/dctn2/macf1a",3
"GO:0002429","immune response-activating cell surface receptor signaling pathway","1/1978","44/18773",0.0227272727272727,0.215702270429267,-1.78742741005826,0.992589341977957,0.999999997295422,0.884693483145942,"slc39a6",1
"GO:0009187","cyclic nucleotide metabolic process","1/1978","44/18773",0.0227272727272727,0.215702270429267,-1.78742741005826,0.992589341977957,0.999999997295422,0.884693483145942,"npr1a",1
"GO:0070098","chemokine-mediated signaling pathway","1/1978","44/18773",0.0227272727272727,0.215702270429267,-1.78742741005826,0.992589341977957,0.999999997295422,0.884693483145942,"cxcl20",1
"GO:0002250","adaptive immune response","5/1978","111/18773",0.045045045045045,0.427518013463413,-2.07597746590451,0.993193354060904,0.999999997295422,0.884693483145942,"il4r.1/orai1b/cd81a/rnf168/loxl3b",5
"GO:0001508","action potential","3/1978","81/18773",0.037037037037037,0.351514811069917,-2.00721131748479,0.993360228324228,0.999999997295422,0.884693483145942,"scn4bb/tsc2/slmapa",3
"GO:0044057","regulation of system process","8/1978","153/18773",0.0522875816993464,0.496256203863413,-2.14705910504116,0.993380169393218,0.999999997295422,0.884693483145942,"scn4bb/erp44/atp2a2b/fbxw7/avpr1ab/tenm4/adma/lmna",8
"GO:0002764","immune response-regulating signaling pathway","4/1978","97/18773",0.0412371134020619,0.391377315418052,-2.06238851803163,0.993612213462784,0.999999997295422,0.884693483145942,"vav2/il10rb/otud4/slc39a6",4
"GO:1990868","response to chemokine","1/1978","46/18773",0.0217391304347826,0.206323910845386,-1.84955188745664,0.994072025427609,0.999999997295422,0.884693483145942,"cxcl20",1
"GO:1990869","cellular response to chemokine","1/1978","46/18773",0.0217391304347826,0.206323910845386,-1.84955188745664,0.994072025427609,0.999999997295422,0.884693483145942,"cxcl20",1
"GO:0031349","positive regulation of defense response","3/1978","83/18773",0.036144578313253,0.343044574658594,-2.0584897619121,0.994450967752707,0.999999997295422,0.884693483145942,"akirin2/pycard/otud4",3
"GO:0019730","antimicrobial humoral response","1/1978","47/18773",0.0212765957446809,0.201934040401867,-1.87993839900956,0.994698155277782,0.999999997295422,0.884693483145942,"cxcl20",1
"GO:0035249","synaptic transmission, glutamatergic","2/1978","68/18773",0.0294117647058824,0.27914411467317,-2.04363090133887,0.995408785032463,0.999999997295422,0.884693483145942,"fxr1/gria1a",2
"GO:0050804","modulation of chemical synaptic transmission","8/1978","159/18773",0.050314465408805,0.47752955466102,-2.27048610462611,0.995639638059016,0.999999997295422,0.884693483145942,"si:ch211-51h9.6/fxr1/fmr1/rab5aa/gria1a/rab5ab/pxk/ncdn",8
"GO:0099177","regulation of trans-synaptic signaling","8/1978","159/18773",0.050314465408805,0.47752955466102,-2.27048610462611,0.995639638059016,0.999999997295422,0.884693483145942,"si:ch211-51h9.6/fxr1/fmr1/rab5aa/gria1a/rab5ab/pxk/ncdn",8
"GO:0098661","inorganic anion transmembrane transport","3/1978","86/18773",0.0348837209302326,0.331077903449573,-2.13370014833487,0.995768115801587,0.999999997295422,0.884693483145942,"slc12a4/ano10b/slc37a2",3
"GO:0034762","regulation of transmembrane transport","4/1978","102/18773",0.0392156862745098,0.372192152897559,-2.18183271026551,0.995806242658496,0.999999997295422,0.884693483145942,"ap1b1/wnk1a/nudt9/bcl2l10",4
"GO:1902476","chloride transmembrane transport","2/1978","69/18773",0.0289855072463768,0.275098547793848,-2.0702113274252,0.995840371768155,0.999999997295422,0.884693483145942,"slc12a4/ano10b",2
"GO:0002449","lymphocyte mediated immunity","2/1978","71/18773",0.028169014084507,0.267349292926416,-2.12256272618633,0.996587403577768,0.999999997295422,0.884693483145942,"il4r.1/rnf168",2
"GO:0060294","cilium movement involved in cell motility","1/1978","51/18773",0.0196078431372549,0.18609607644878,-1.99737919541698,0.996607793357052,0.999999997295422,0.884693483145942,"gas8",1
"GO:0051049","regulation of transport","22/1978","340/18773",0.0647058823529412,0.614117052280973,-2.46419712580193,0.996625337351716,0.999999997295422,0.884693483145942,"cpsf6/ap1b1/oaz1a/tpte/rab11fip3/nf2b/orai1b/unc45a/sh3tc2/cnstb/wnk1a/lgals3b/nudt9/dab2/bcl2l10/nkain1/dnajc5ab/abca1a/pacsin3/cplane2/ift27/zgc:101559",22
"GO:0032879","regulation of localization","30/1978","436/18773",0.0688073394495413,0.653043571024387,-2.51554710228547,0.996854711100452,0.999999997295422,0.884693483145942,"cpsf6/ap1b1/oaz1a/tpte/rab11fip3/nf2b/orai1b/unc45a/lztfl1/sh3tc2/cnstb/gas8/wnk1a/lgals3b/ptk2ab/nudt9/dab2/bcl2l10/nkain1/dync1li2/dnajc5ab/si:ch73-375g18.1/entr1/tax1bp3/abca1a/pacsin3/cplane2/ift27/larp7/zgc:101559",30
"GO:0034765","regulation of monoatomic ion transmembrane transport","3/1978","90/18773",0.0333333333333333,0.316363329962925,-2.23101099298043,0.997060638160012,0.999999997295422,0.884693483145942,"ap1b1/wnk1a/bcl2l10",3
"GO:0002221","pattern recognition receptor signaling pathway","1/1978","53/18773",0.0188679245283019,0.179073582997882,-2.05384495795623,0.997286726902946,0.999999997295422,0.884693483145942,"otud4",1
"GO:0002758","innate immune response-activating signaling pathway","1/1978","53/18773",0.0188679245283019,0.179073582997882,-2.05384495795623,0.997286726902946,0.999999997295422,0.884693483145942,"otud4",1
"GO:0002757","immune response-activating signaling pathway","3/1978","91/18773",0.032967032967033,0.312886809853443,-2.25483989464084,0.997318048291496,0.999999997295422,0.884693483145942,"il10rb/otud4/slc39a6",3
"GO:0035194","regulatory ncRNA-mediated post-transcriptional gene silencing","4/1978","109/18773",0.036697247706422,0.34828990454634,-2.34176735212902,0.9976968664759,0.999999997295422,0.884693483145942,"tnrc6c1/mov10a/dicer1/ago3b",4
"GO:0007200","phospholipase C-activating G protein-coupled receptor signaling pathway","1/1978","56/18773",0.0178571428571429,0.169480355337282,-2.1360145915269,0.998059159863999,0.999999997295422,0.884693483145942,"prkd4",1
"GO:0016441","post-transcriptional gene silencing","4/1978","111/18773",0.036036036036036,0.34201441077073,-2.38603709505987,0.998063255562741,0.999999997295422,0.884693483145942,"tnrc6c1/mov10a/dicer1/ago3b",4
"GO:0098742","cell-cell adhesion via plasma-membrane adhesion molecules","10/1978","198/18773",0.0505050505050505,0.479338378731705,-2.5275640087465,0.998082599558307,0.999999997295422,0.884693483145942,"dsc2l/pcdh12/robo4/zeb1b/tenm4/pcdh2g28/pcdh1b/jag2b/acvr1l/cdh5",10
"GO:0003341","cilium movement","4/1978","113/18773",0.0353982300884956,0.335961058367709,-2.42971515785485,0.998372740046843,0.999999997295422,0.884693483145942,"gas8/rpgrb/traf3ip1/poc1b",4
"GO:0001539","cilium or flagellum-dependent cell motility","1/1978","58/18773",0.0172413793103448,0.163636205153237,-2.18923668930487,0.998447707494476,0.999999997295422,0.884693483145942,"gas8",1
"GO:0060285","cilium-dependent cell motility","1/1978","58/18773",0.0172413793103448,0.163636205153237,-2.18923668930487,0.998447707494476,0.999999997295422,0.884693483145942,"gas8",1
"GO:0007283","spermatogenesis","3/1978","97/18773",0.0309278350515464,0.293532986563539,-2.39394536843504,0.998458932422912,0.999999997295422,0.884693483145942,"fxr1/vipas39/larp7",3
"GO:0140546","defense response to symbiont","22/1978","358/18773",0.0614525139664804,0.583239658590868,-2.73225009145205,0.998706420823782,0.999999997295422,0.884693483145942,"sod2/cxcl20/trim44/tnfrsf1a/adam15/pqbp1/akirin2/traf6/pycard/parp1/trim105/cybc1/pias4a/otud4/foxo3b/serinc5/cnpy3/ankhd1/h2ax1/nedd8/ch25h/nfkb2",22
"GO:0007189","adenylate cyclase-activating G protein-coupled receptor signaling pathway","6/1978","147/18773",0.0408163265306122,0.387383669342358,-2.55897386302771,0.998738137622592,0.999999997295422,0.884693483145942,"prkar2aa/calcrlb/prkar1ab/prkar1aa/adma/gnal",6
"GO:0006814","sodium ion transport","7/1978","165/18773",0.0424242424242424,0.402644238134633,-2.64486550710429,0.99901741671981,0.999999997295422,0.884693483145942,"ap1b1/slc9a7/slc9a8/wnk1a/commd3/nkain1/atp1b3a",7
"GO:0048232","male gamete generation","3/1978","102/18773",0.0294117647058824,0.27914411467317,-2.50520435074595,0.999033758333874,0.999999997295422,0.884693483145942,"fxr1/vipas39/larp7",3
"GO:0006959","humoral immune response","2/1978","84/18773",0.0238095238095238,0.225973807116375,-2.43994861749992,0.999071325358023,0.999999997295422,0.884693483145942,"spns2/cxcl20",2
"GO:0070588","calcium ion transmembrane transport","7/1978","166/18773",0.0421686746987952,0.400218670435026,-2.66371171115898,0.999090793986652,0.999999997295422,0.884693483145942,"cacnb2a/smdt1b/micu2/atp2a2b/orai1b/bcl2l10/p2rx7",7
"GO:0035082","axoneme assembly","1/1978","63/18773",0.0158730158730159,0.15064920474425,-2.31738873259664,0.999112057067875,0.999999997295422,0.884693483145942,"gas8",1
"GO:0007156","homophilic cell adhesion via plasma membrane adhesion molecules","7/1978","167/18773",0.0419161676646707,0.397822151450385,-2.68247025721406,0.999158858726756,0.999999997295422,0.884693483145942,"dsc2l/pcdh12/robo4/tenm4/pcdh2g28/pcdh1b/cdh5",7
"GO:0098542","defense response to other organism","27/1978","431/18773",0.0626450116009281,0.594557534269071,-2.92228747886059,0.999317409629507,0.999999997295422,0.884693483145942,"sod2/rnf213a/cxcl20/trim44/tnfrsf1a/adam15/hsp90b1/pqbp1/jagn1b/akirin2/sqstm1/traf6/pycard/parp1/trim105/cybc1/pias4a/otud4/foxo3b/serinc5/rab14/cnpy3/ankhd1/h2ax1/nedd8/ch25h/nfkb2",27
"GO:0035195","miRNA-mediated post-transcriptional gene silencing","3/1978","106/18773",0.0283018867924528,0.268610374496824,-2.59145025692901,0.999336910458032,0.999999997295422,0.884693483145942,"tnrc6c1/dicer1/ago3b",3
"GO:0051260","protein homooligomerization","2/1978","90/18773",0.0222222222222222,0.21090888664195,-2.57515581817679,0.999494440531728,0.999999997295422,0.884693483145942,"gnmt/tnfaip1",2
"GO:0002253","activation of immune response","4/1978","127/18773",0.031496062992126,0.298925981067331,-2.72051613356343,0.999529327824112,0.999999997295422,0.884693483145942,"il10rb/pycard/otud4/slc39a6",4
"GO:0006816","calcium ion transport","8/1978","190/18773",0.0421052631578947,0.399616837847906,-2.85447210466881,0.999557123968513,0.999999997295422,0.884693483145942,"cacnb2a/smdt1b/micu2/atp2a2b/orai1b/lgals3b/bcl2l10/p2rx7",8
"GO:0001578","microtubule bundle formation","1/1978","71/18773",0.0140845070422535,0.133674646463208,-2.50983161063503,0.999636837708864,0.999999997295422,0.884693483145942,"gas8",1
"GO:0030335","positive regulation of cell migration","4/1978","131/18773",0.0305343511450382,0.289798470195046,-2.79929979134574,0.999671872531559,0.999999997295422,0.884693483145942,"cxcl12a/kdr/sema3ab/pdgfab",4
"GO:0007193","adenylate cyclase-inhibiting G protein-coupled receptor signaling pathway","1/1978","73/18773",0.0136986301369863,0.130012327382024,-2.55583102669853,0.999709596254706,0.999999997295422,0.884693483145942,"gnai2b",1
"GO:0050778","positive regulation of immune response","6/1978","165/18773",0.0363636363636364,0.345123632686828,-2.89954500466464,0.999709812349322,0.999999997295422,0.884693483145942,"b2m/akirin2/il10rb/pycard/otud4/slc39a6",6
"GO:0002684","positive regulation of immune system process","11/1978","240/18773",0.0458333333333333,0.434999578699023,-3.02315171103565,0.999735835894962,0.999999997295422,0.884693483145942,"b2m/si:dkey-192g7.3/si:dkey-169i5.4/ddx46/akirin2/cd276/il10rb/fam49bb/pycard/otud4/slc39a6",11
"GO:0007601","visual perception","6/1978","167/18773",0.0359281437125748,0.340990415528902,-2.93563373980049,0.999754423058835,0.999999997295422,0.884693483145942,"pdcl/rb1/lamc1/pde6d/crygm2d21/dhdds",6
"GO:0050953","sensory perception of light stimulus","6/1978","170/18773",0.0352941176470588,0.334972937607804,-2.98917057637227,0.999809053689853,0.999999997295422,0.884693483145942,"pdcl/rb1/lamc1/pde6d/crygm2d21/dhdds",6
"GO:0035725","sodium ion transmembrane transport","3/1978","120/18773",0.025,0.237272497472194,-2.87649813470962,0.999825782592974,0.999999997295422,0.884693483145942,"ap1b1/slc9a7/atp1b3a",3
"GO:2000147","positive regulation of cell motility","4/1978","139/18773",0.0287769784172662,0.273119421550727,-2.95186051590317,0.999841714611844,0.999999997295422,0.884693483145942,"cxcl12a/kdr/sema3ab/pdgfab",4
"GO:1903530","regulation of secretion by cell","2/1978","103/18773",0.0194174757281553,0.184289318425005,-2.84879379705588,0.999866360559768,0.999999997295422,0.884693483145942,"cplane2/zgc:101559",2
"GO:0040017","positive regulation of locomotion","4/1978","144/18773",0.0277777777777778,0.263636108302438,-3.04408917923964,0.999900110185425,0.999999997295422,0.884693483145942,"cxcl12a/kdr/sema3ab/pdgfab",4
"GO:0042391","regulation of membrane potential","6/1978","178/18773",0.0337078651685393,0.319917974119812,-3.12861136795724,0.99990306445666,0.999999997295422,0.884693483145942,"scn4bb/chrnb2/chrng/piezo1/tsc2/slmapa",6
"GO:0051046","regulation of secretion","2/1978","108/18773",0.0185185185185185,0.175757405534959,-2.94802625335844,0.999920217204825,0.999999997295422,0.884693483145942,"cplane2/zgc:101559",2
"GO:0050906","detection of stimulus involved in sensory perception","5/1978","168/18773",0.0297619047619048,0.282467258895469,-3.20597357773533,0.999945489058761,0.999999997295422,0.884693483145942,"ap1b1/myo7aa/ppef1/lamc1/dhdds",5
"GO:0099536","synaptic signaling","21/1978","402/18773",0.0522388059701493,0.495793278300107,-3.50698308620413,0.999955300097514,0.999999997295422,0.884693483145942,"stxbp2/snapin/cacnb2a/si:ch211-51h9.6/snap29/fxr1/slc12a4/lin7c/stx2a/sncb/chrnb2/fmr1/rab3gap2/rab5aa/gria1a/stx3a/rab5ab/exoc4/pxk/chrng/ncdn",21
"GO:0007268","chemical synaptic transmission","20/1978","389/18773",0.051413881748072,0.487964005084204,-3.50214158025667,0.99995595841622,0.999999997295422,0.884693483145942,"stxbp2/snapin/cacnb2a/si:ch211-51h9.6/snap29/fxr1/slc12a4/lin7c/stx2a/sncb/chrnb2/fmr1/rab5aa/gria1a/stx3a/rab5ab/exoc4/pxk/chrng/ncdn",20
"GO:0098916","anterograde trans-synaptic signaling","20/1978","389/18773",0.051413881748072,0.487964005084204,-3.50214158025667,0.99995595841622,0.999999997295422,0.884693483145942,"stxbp2/snapin/cacnb2a/si:ch211-51h9.6/snap29/fxr1/slc12a4/lin7c/stx2a/sncb/chrnb2/fmr1/rab5aa/gria1a/stx3a/rab5ab/exoc4/pxk/chrng/ncdn",20
"GO:0099537","trans-synaptic signaling","20/1978","390/18773",0.0512820512820513,0.486712815327578,-3.51530444666762,0.999958711656327,0.999999997295422,0.884693483145942,"stxbp2/snapin/cacnb2a/si:ch211-51h9.6/snap29/fxr1/slc12a4/lin7c/stx2a/sncb/chrnb2/fmr1/rab5aa/gria1a/stx3a/rab5ab/exoc4/pxk/chrng/ncdn",20
"GO:0071805","potassium ion transmembrane transport","5/1978","174/18773",0.028735632183908,0.272727008588729,-3.30754452186228,0.999968212880706,0.999999997295422,0.884693483145942,"slc9a7/slc9a8/slc12a4/wnk1a/atp1b3a",5
"GO:0043410","positive regulation of MAPK cascade","3/1978","146/18773",0.0205479452054795,0.195018491073036,-3.35096033613437,0.999986330152406,0.999999997295422,0.884693483145942,"fgfr4/rassf2a/pdgfab",3
"GO:0006813","potassium ion transport","5/1978","192/18773",0.0260416666666667,0.247158851533536,-3.59830385042077,0.999993859187227,0.999999997295422,0.884693483145942,"slc9a7/slc9a8/slc12a4/wnk1a/atp1b3a",5
"GO:0007188","adenylate cyclase-modulating G protein-coupled receptor signaling pathway","7/1978","231/18773",0.0303030303030303,0.287603027239023,-3.73876509266176,0.999995870881528,0.999999997295422,0.884693483145942,"prkar2aa/calcrlb/prkar1ab/prkar1aa/gnai2b/adma/gnal",7
"GO:0051606","detection of stimulus","6/1978","232/18773",0.0258620689655172,0.245454307729856,-3.96863695260611,0.999999196748722,0.999999997295422,0.884693483145942,"ap1b1/myo7aa/ppef1/piezo1/lamc1/dhdds",6
"GO:0007600","sensory perception","12/1978","399/18773",0.0300751879699248,0.28544059846279,-4.95109593803209,0.999999997295422,0.999999997295422,0.884693483145942,"ap1b1/spns2/get1/myo7aa/pdcl/ppef1/myo6a/rb1/lamc1/pde6d/crygm2d21/dhdds",12
