"ID","Description","GeneRatio","BgRatio","RichFactor","FoldEnrichment","zScore","pvalue","p.adjust","qvalue","geneID","Count"
"GO:0006397","mRNA processing","55/1162","334/18773",0.164670658682635,2.66038061570491,7.86463431782788,2.45443138843103e-11,6.16798607912719e-08,5.65552664134267e-08,"rbm5/arglu1b/hnrnpl2/hnrnpl/srrt/rbm22/srpk1a/rbm6/luc7l/puf60a/sf1/hnrnpua/thoc7/zgc:77262/snrpb2/tra2b/prpf6/lsm3/arglu1a/paxbp1/ptbp2b/trnau1apb/rbfox2/wdr83/cstf3/xrn2/sf3b1/syf2/ssu72/srsf5b/coil/ncbp3/hnrnpa1a/lsm6/casc3/rprd2b/pnn/ptbp1b/prpf4ba/pan3/srrm1/rbmx2/rbm24a/cmtr1/srrm2/ptbp3/dhx8/ythdc1/sympk/zmat2/hnrnpub/lsm1/rbm15/phf5a/mettl3",55
"GO:0016071","mRNA metabolic process","66/1162","474/18773",0.139240506329114,2.24953702695048,7.07768044396158,4.7459107075338e-10,5.96323680401621e-07,5.46778870462709e-07,"rbm5/arglu1b/hnrnpl2/hnrnpl/exosc8/srrt/rbm22/srpk1a/rbm6/luc7l/puf60a/sf1/hnrnpua/thoc7/rida/zgc:77262/snrpb2/tra2b/prpf6/lsm3/arglu1a/paxbp1/ptbp2b/trnau1apb/rbfox2/wdr83/cstf3/xrn2/sf3b1/syf2/ssu72/srsf5b/coil/ncbp3/ythdf2/hnrnpa1a/lsm6/casc3/rprd2b/nbas/dcp2/pnn/ptbp1b/prpf4ba/pan3/srrm1/rbmx2/rbm24a/cmtr1/srrm2/igf2bp3/ptbp3/zfp36l1b/edc4/dhx8/tnrc6a/ythdc1/pde12/sympk/zmat2/zc3h14/hnrnpub/lsm1/rbm15/phf5a/mettl3",66
"GO:0032446","protein modification by small protein conjugation","59/1162","472/18773",0.125,2.01947074010327,5.76201895529319,2.00007856875181e-07,0.000132275996053539,0.000121286009743522,"ube2d1a/ndfip1/cul1a/uba2/ube2a/ube2d3/dcun1d1/nedd8l/lnx2b/rnf144ab/rnf20/arih2/uba52/anapc10/rnf168/rchy1/fbxw7/spsb4a/mycbp2/uba5/ube2al/trim71/ube2g1a/zbtb16a/ndfip2/ube2f/peli1b/rnft1/ube2q1/cblb/ube2e3/fbxl14b/spopla/n4bp1/ube2kb/uba3/trim33/fbxo45/pef1/ube2d2l/birc2/ube2z/fbxw11b/dda1/nedd4l/ube2q2/herc2/phf23b/trim35-28/rnf6/asb7/znf598/aktip/fzr1a/rnf2/ube2s/rnf220a/dcun1d4/ercc8",59
"GO:0008380","RNA splicing","45/1162","320/18773",0.140625,2.27190458261618,5.89470883942053,2.10546750582633e-07,0.000132275996053539,0.000121286009743522,"rbm5/arglu1b/hnrnpl2/hnrnpl/rbm22/srpk1a/rbm6/luc7l/puf60a/sf1/hnrnpua/thoc7/zgc:77262/snrpb2/tra2b/prpf6/lsm3/arglu1a/paxbp1/acin1b/ptbp2b/trnau1apb/rbfox2/wdr83/sf3b1/syf2/srsf5b/coil/hnrnpa1a/lsm6/casc3/pnn/ptbp1b/prpf4ba/srrm1/rbmx2/rbm24a/ptbp3/dhx8/ythdc1/zmat2/clk2a/hnrnpub/rbm15/phf5a",45
"GO:0006325","chromatin organization","49/1162","375/18773",0.130666666666667,2.11102008032129,5.58236929338175,5.86933953182991e-07,0.000294993004869771,0.000270483878635277,"hdgfl2/chd2/yeats4/rnf20/npm1b/hdac3/ino80/ing4/pbrm1l/cbx1b/rnf168/pole3/glyr1/kmt5b/hells/hat1/setd1a/mbd1a/eed/vps72a/kdm4b/dmap1/hdac8/brd4/cbx1a/ehmt1b/cxxc1b/brd3b/setd7/kmt2ca/kmt2ba/baz1b/nap1l4b/chaf1b/brd9/kmt2bb/smarca2/phf2/znf644a/smyd2a/arid1b/ppm1da/aebp2/brd2a/suz12b/rnf2/ing2/kmt2e/ing1",49
"GO:0006352","DNA-templated transcription initiation","16/1162","64/18773",0.25,4.03894148020654,6.25537521284145,1.21424881283852e-06,0.000458012865947279,0.000419959437685548,"gtf2a1/gtf2a2/tfam/dr1/vps72a/gtf2f2a/med18/tbpl1/gtf2e2/ccnh/mdc1/phf2/taf1/taf8/snapc5/zgc:162472",16
"GO:0000375","RNA splicing, via transesterification reactions","35/1162","238/18773",0.147058823529412,2.37584792953326,5.4869240182413,1.64031667072245e-06,0.000458012865947279,0.000419959437685548,"arglu1b/rbm22/srpk1a/rbm6/luc7l/puf60a/sf1/hnrnpua/zgc:77262/snrpb2/tra2b/prpf6/lsm3/arglu1a/paxbp1/trnau1apb/rbfox2/wdr83/sf3b1/syf2/srsf5b/coil/hnrnpa1a/lsm6/casc3/prpf4ba/srrm1/rbmx2/rbm24a/dhx8/ythdc1/zmat2/hnrnpub/rbm15/phf5a",35
"GO:0000377","RNA splicing, via transesterification reactions with bulged adenosine as nucleophile","35/1162","238/18773",0.147058823529412,2.37584792953326,5.4869240182413,1.64031667072245e-06,0.000458012865947279,0.000419959437685548,"arglu1b/rbm22/srpk1a/rbm6/luc7l/puf60a/sf1/hnrnpua/zgc:77262/snrpb2/tra2b/prpf6/lsm3/arglu1a/paxbp1/trnau1apb/rbfox2/wdr83/sf3b1/syf2/srsf5b/coil/hnrnpa1a/lsm6/casc3/prpf4ba/srrm1/rbmx2/rbm24a/dhx8/ythdc1/zmat2/hnrnpub/rbm15/phf5a",35
"GO:0000398","mRNA splicing, via spliceosome","35/1162","238/18773",0.147058823529412,2.37584792953326,5.4869240182413,1.64031667072245e-06,0.000458012865947279,0.000419959437685548,"arglu1b/rbm22/srpk1a/rbm6/luc7l/puf60a/sf1/hnrnpua/zgc:77262/snrpb2/tra2b/prpf6/lsm3/arglu1a/paxbp1/trnau1apb/rbfox2/wdr83/sf3b1/syf2/srsf5b/coil/hnrnpa1a/lsm6/casc3/prpf4ba/srrm1/rbmx2/rbm24a/dhx8/ythdc1/zmat2/hnrnpub/rbm15/phf5a",35
"GO:0016567","protein ubiquitination","51/1162","429/18773",0.118881118881119,1.92061552904926,4.95480137952427,5.76158087664295e-06,0.00144788527430037,0.00132758953041804,"ube2d1a/ndfip1/cul1a/ube2a/ube2d3/lnx2b/rnf144ab/rnf20/arih2/uba52/anapc10/rnf168/rchy1/fbxw7/spsb4a/mycbp2/ube2al/trim71/ube2g1a/zbtb16a/ndfip2/peli1b/rnft1/ube2q1/cblb/ube2e3/fbxl14b/spopla/n4bp1/ube2kb/trim33/fbxo45/pef1/ube2d2l/birc2/ube2z/fbxw11b/dda1/nedd4l/ube2q2/herc2/phf23b/trim35-28/rnf6/asb7/znf598/fzr1a/rnf2/ube2s/rnf220a/ercc8",51
"GO:0006367","transcription initiation at RNA polymerase II promoter","12/1162","43/18773",0.27906976744186,4.50858583837009,5.91648507738275,7.63002190022124e-06,0.00174311318502327,0.00159828879804634,"gtf2a1/gtf2a2/dr1/vps72a/gtf2f2a/med18/gtf2e2/ccnh/mdc1/phf2/taf1/taf8",12
"GO:0048514","blood vessel morphogenesis","51/1162","448/18773",0.113839285714286,1.83916085259405,4.61773024599285,1.91778191731602e-05,0.00401615496517931,0.00368247773421472,"yap1/marcksl1a/kdrl/bcar1/spred1/cxxc5a/s1pr1/hdac3/tal1/lpar1/fbxw7/plekhg5a/sdc2/pald1a/nrarpa/git1/perp/ets1/itga5/colec12/rbpjb/cemip2/smad5/nup153/calcrlb/sdf4/bmpr2b/tnfrsf19/ell/hspg2/kdr/hspa12b/sestd1/lpar2a/hs6st2/fbxw11b/esama/pdcd2l/rab13/marcksl1b/ptprb/basp1/vclb/arhgef7b/pdcd10b/hif1ab/pdgfba/ppp2r2ab/acvrl1/eif4e2/jcada",51
"GO:0000045","autophagosome assembly","15/1162","73/18773",0.205479452054795,3.31967792893688,5.10075713077129,3.33732897407881e-05,0.00645131362450773,0.00591531427065467,"emc6/atg3/map1lc3b/tp53inp2/rab1ba/atg13/tp53inp1/gabarapa/atg4a/mtm1/becn1/phf23b/gabarapl2/atg7/pik3c3",15
"GO:1905037","autophagosome organization","15/1162","74/18773",0.202702702702703,3.27481741638368,5.03639219172901,3.9492022975428e-05,0.00678060977314347,0.00621725125909944,"emc6/atg3/map1lc3b/tp53inp2/rab1ba/atg13/tp53inp1/gabarapa/atg4a/mtm1/becn1/phf23b/gabarapl2/atg7/pik3c3",15
"GO:0045944","positive regulation of transcription by RNA polymerase II","41/1162","344/18773",0.119186046511628,1.92554186847056,4.45031481581336,4.36619467365084e-05,0.00678060977314347,0.00621725125909944,"si:ch211-222l21.1/akirin2/med12/npm1b/jupa/znf451/pbx4/hnrnpua/mrtfbb/paxbp1/mef2d/hells/vdrb/thrap3b/smad3a/brd4/asxl1/med18/kmt2ca/meox2a/ssbp3b/ell2/ell/tet2/si:dkeyp-84f3.5/mdc1/bcl9/smad2/smarca2/mrtfab/ccnt2a/med19b/ss18/ppargc1b/raraa/mybl1/rxrbb/top2a/hnrnpub/nr1d2b/ppardb",41
"GO:1901873","regulation of post-translational protein modification","10/1162","36/18773",0.277777777777778,4.48771275578505,5.38032190068093,4.58696244104413e-05,0.00678060977314347,0.00621725125909944,"ndfip1/ndfip2/spopla/n4bp1/pef1/birc2/phf23b/fzr1a/ube2s/dcun1d4",10
"GO:1903320","regulation of protein modification by small protein conjugation or removal","10/1162","36/18773",0.277777777777778,4.48771275578505,5.38032190068093,4.58696244104413e-05,0.00678060977314347,0.00621725125909944,"ndfip1/ndfip2/spopla/n4bp1/pef1/birc2/phf23b/fzr1a/ube2s/dcun1d4",10
"GO:0000209","protein polyubiquitination","20/1162","122/18773",0.163934426229508,2.64848621652888,4.69224308308404,5.77657007672796e-05,0.00806473366823187,0.00739468532044299,"ube2d1a/ube2a/ube2d3/lnx2b/anapc10/rnf168/fbxw7/ube2al/trim71/ube2g1a/peli1b/ube2q1/ube2e3/ube2kb/ube2d2l/dda1/ube2q2/znf598/ube2s/ercc8",20
"GO:0045116","protein neddylation","6/1162","13/18773",0.461538461538462,7.45650734807361,5.98162574728951,6.53070172026802e-05,0.00863771232791239,0.00792005876214221,"dcun1d1/nedd8l/ube2f/uba3/aktip/dcun1d4",6
"GO:0000122","negative regulation of transcription by RNA polymerase II","30/1162","227/18773",0.13215859030837,2.13512324944839,4.41974433734236,7.04819269884952e-05,0.00885605412610442,0.00812025990409558,"hic1l/hexim1/hdac3/tgif1/id4/dr1/gatad2ab/vdrb/mbd1a/eed/dmap1/zbtb16a/ehmt1b/uri1/mier2/ddit3/nr2f1a/smad2/prdm1a/cops2/smyd2a/raraa/skia/dnmt3ba/mier1a/brms1la/rnf2/nr1d2b/sin3ab/ppardb",30
"GO:0006338","chromatin remodeling","34/1162","273/18773",0.124542124542125,2.01207341138494,4.32686956113531,8.05344118726653e-05,0.00962606635281513,0.00882629662442136,"hdgfl2/chd2/yeats4/npm1b/hdac3/ino80/pbrm1l/cbx1b/rnf168/pole3/glyr1/hells/hat1/mbd1a/eed/vps72a/kdm4b/dmap1/hdac8/brd4/cbx1a/ehmt1b/cxxc1b/brd3b/baz1b/nap1l4b/chaf1b/smarca2/phf2/znf644a/arid1b/ppm1da/brd2a/rnf2",34
"GO:1901875","positive regulation of post-translational protein modification","8/1162","25/18773",0.32,5.16984509466437,5.35893860884726,8.81016817010537e-05,0.00962606635281513,0.00882629662442136,"ndfip1/ndfip2/pef1/birc2/phf23b/fzr1a/ube2s/dcun1d4",8
"GO:1903322","positive regulation of protein modification by small protein conjugation or removal","8/1162","25/18773",0.32,5.16984509466437,5.35893860884726,8.81016817010537e-05,0.00962606635281513,0.00882629662442136,"ndfip1/ndfip2/pef1/birc2/phf23b/fzr1a/ube2s/dcun1d4",8
"GO:0007005","mitochondrion organization","29/1162","221/18773",0.131221719457014,2.11998738327583,4.30209729092671,0.00010494923479169,0.0105028657640967,0.00963024824914972,"atg3/fam162a/tomm70a/immt/rhot1a/ndufa11/uqcc2/mtx2/tfam/coa3a/micos13/letm2/fis1/sdhaf3/ndufaf5/mcl1b/mtm1/dnajc11a/dnm1l/coa5/stoml2/slc25a5/cox16/surf1/agk/bnip3lb/cox19/mtfr2/mtfr1",29
"GO:0051145","smooth muscle cell differentiation","6/1162","14/18773",0.428571428571429,6.92389968035407,5.69551761857725,0.000108301820020447,0.0105028657640967,0.00963024824914972,"foxo1a/mrtfbb/foxc1a/mrtfab/pdgfba/rbpms2b",6
"GO:0001501","skeletal system development","47/1162","430/18773",0.109302325581395,1.76586278669495,4.12682773540751,0.000108664747260849,0.0105028657640967,0.00963024824914972,"yap1/marcksl1a/uba2/kras/med12/pbx4/wls/lpar1/marcksa/vdrb/rap1aa/foxc1a/atg13/itga5/ptpn11b/akt2/mbtps1/sulf2b/nbas/and2/slc10a7/hspg2/col2a1b/bcl9/ece1/kif5ba/col1a1b/prdm1a/atp2b1a/rbm24a/ogna/col1a2/wnt9a/marcksl1b/col1a1a/lrp5/sparc/skia/loxl3b/sumf1/pygo2/acvr2aa/myhz2/tsku/rnf2/bmp6/sema3d",47
"GO:0051216","cartilage development","27/1162","201/18773",0.134328358208955,2.17017751175277,4.28436800235691,0.000120740215931247,0.0112377838013046,0.0103041065369786,"yap1/marcksl1a/uba2/wls/lpar1/marcksa/rap1aa/foxc1a/atg13/itga5/mbtps1/sulf2b/and2/slc10a7/kif5ba/prdm1a/ogna/wnt9a/marcksl1b/lrp5/sparc/skia/sumf1/acvr2aa/tsku/rnf2/sema3d",27
"GO:0031396","regulation of protein ubiquitination","9/1162","34/18773",0.264705882352941,4.27652627315987,4.91186289606924,0.000165552542278535,0.0147864644451142,0.0135579494713197,"ndfip1/ndfip2/spopla/n4bp1/pef1/birc2/phf23b/fzr1a/ube2s",9
"GO:0033365","protein localization to organelle","39/1162","342/18773",0.114035087719298,1.84232418395386,4.03816631395868,0.000170635682016838,0.0147864644451142,0.0135579494713197,"emc6/tomm70a/arl1/terfa/vps36/tomm5/tor1/bcap31/cse1l/emc3/nup35/tmco1/kpnb1/nup98/stam/ezrb/scarb2a/camlg/luzp1/arf6a/get1/nup153/emc10/rab11fip3/sec62/scrib/ipo8/pex19/nup88/arl5a/sec63/grpel1/efcab7/bicd2/agk/rab3gap2/aup1/vps37a/dnlz",39
"GO:0007033","vacuole organization","18/1162","114/18773",0.157894736842105,2.5509104085515,4.26639716633609,0.000216918460866228,0.0176563301253548,0.0161893759375046,"emc6/atg3/vps4b/map1lc3b/tp53inp2/rab1ba/atg13/tp53inp1/gabarapa/atg4a/mtm1/becn1/phf23b/gabarapl2/tmem251/atg7/aktip/pik3c3",18
"GO:0051253","negative regulation of RNA metabolic process","42/1162","382/18773",0.109947643979058,1.77628839967199,3.9374806625365,0.00021780590285953,0.0176563301253548,0.0161893759375046,"hic1l/hexim1/hdac3/tgif1/rnf168/id4/dr1/gatad2ab/vdrb/mbd1a/eed/dmap1/zbtb16a/zcchc17/ehmt1b/uri1/mier2/ddit3/nbas/ccdc85b/nr2f1a/smad2/prdm1a/rbm24a/cops2/smyd2a/rcor2/igf2bp3/raraa/skia/dnmt3ba/rcor1/rxrbb/cry2/runx1t1/hif1ab/mier1a/brms1la/rnf2/nr1d2b/sin3ab/ppardb",42
"GO:0006413","translational initiation","16/1162","97/18773",0.164948453608247,2.6648686054971,4.22269998433308,0.00028700355427214,0.022538747871434,0.0206661440888722,"eif4g3a/eif4eb/eif4e1c/eif3eb/eif2a/eif4e2rs1/eif4enif1/eif3jb/eif1ad/paip1/eif4a1a/eif4e2/eif2s1b/eif4ebp2/dhx29/mettl3",16
"GO:0031398","positive regulation of protein ubiquitination","7/1162","23/18773",0.304347826086957,4.91697223677318,4.82814276642762,0.000348154721488622,0.0265125095485123,0.0243097507285038,"ndfip1/ndfip2/pef1/birc2/phf23b/fzr1a/ube2s",7
"GO:0016236","macroautophagy","19/1162","129/18773",0.147286821705426,2.37953141469533,4.03852923375184,0.000367726904283487,0.0271793444254236,0.0249211824605744,"emc6/atg3/map1lc3b/arl8ba/tp53inp2/rab1ba/atg13/tp53inp1/gabarapa/atg4a/mtm1/vti1b/becn1/phf23b/gabarapl2/ilrun/atg7/rab3gap2/pik3c3",19
"GO:0061448","connective tissue development","27/1162","216/18773",0.125,2.01947074010327,3.87091901650172,0.000395215571554001,0.0283764780375773,0.0260188537182469,"yap1/marcksl1a/uba2/wls/lpar1/marcksa/rap1aa/foxc1a/atg13/itga5/mbtps1/sulf2b/and2/slc10a7/kif5ba/prdm1a/ogna/wnt9a/marcksl1b/lrp5/sparc/skia/sumf1/acvr2aa/tsku/rnf2/sema3d",27
"GO:0043484","regulation of RNA splicing","17/1162","110/18773",0.154545454545455,2.49680018776404,4.04422930467083,0.000416048428357451,0.0287569711375329,0.0263677340231049,"arglu1b/hnrnpl2/hnrnpl/rbm22/puf60a/sf1/tra2b/arglu1a/ptbp2b/rbfox2/ptbp1b/srrm1/rbm24a/ptbp3/ythdc1/clk2a/rbm15",17
"GO:0045892","negative regulation of DNA-templated transcription","38/1162","346/18773",0.109826589595376,1.77433267338553,3.73426079110117,0.000434844768494329,0.0287569711375329,0.0263677340231049,"hic1l/hexim1/hdac3/tgif1/rnf168/id4/dr1/gatad2ab/vdrb/mbd1a/eed/dmap1/zbtb16a/ehmt1b/uri1/mier2/ddit3/ccdc85b/nr2f1a/smad2/prdm1a/cops2/smyd2a/rcor2/raraa/skia/dnmt3ba/rcor1/rxrbb/cry2/runx1t1/hif1ab/mier1a/brms1la/rnf2/nr1d2b/sin3ab/ppardb",38
"GO:1902679","negative regulation of RNA biosynthetic process","38/1162","346/18773",0.109826589595376,1.77433267338553,3.73426079110117,0.000434844768494329,0.0287569711375329,0.0263677340231049,"hic1l/hexim1/hdac3/tgif1/rnf168/id4/dr1/gatad2ab/vdrb/mbd1a/eed/dmap1/zbtb16a/ehmt1b/uri1/mier2/ddit3/ccdc85b/nr2f1a/smad2/prdm1a/cops2/smyd2a/rcor2/raraa/skia/dnmt3ba/rcor1/rxrbb/cry2/runx1t1/hif1ab/mier1a/brms1la/rnf2/nr1d2b/sin3ab/ppardb",38
"GO:0071816","tail-anchored membrane protein insertion into ER membrane","5/1162","12/18773",0.416666666666667,6.73156913367757,5.10155407905022,0.000494311738091612,0.0318514204570313,0.0292050848767217,"emc6/emc3/camlg/get1/emc10",5
"GO:0051246","regulation of protein metabolic process","46/1162","448/18773",0.102678571428571,1.65885096508483,3.62552187660925,0.000522631522153488,0.0328343253792929,0.0301063263682628,"nck1a/ndfip1/larp4ab/nedd8l/prrc1/ddx6/gsk3ab/hsp90ab1/rida/uqcc2/ngdn/prkar1aa/serpinb1l3/cnppd1/coa3a/ndfip2/rnft1/casc3/spopla/mcl1b/n4bp1/tarbp2/pef1/birc2/rbm24a/styx/caprin1a/eif2a/dda1/igf2bp3/eif4enif1/becn1/phf23b/svbp/tnrc6a/paip1/znf598/serpinh2/fzr1a/atraid/ube2s/itm2bb/eif4ebp2/dcun1d4/dhx29/mettl3",46
"GO:0001525","angiogenesis","38/1162","360/18773",0.105555555555556,1.70533084719832,3.47094858006011,0.000926027498728052,0.0567587098610633,0.0520429831762698,"kdrl/bcar1/cxxc5a/s1pr1/hdac3/tal1/lpar1/fbxw7/plekhg5a/sdc2/pald1a/nrarpa/git1/itga5/rbpjb/cemip2/nup153/calcrlb/sdf4/bmpr2b/tnfrsf19/hspg2/kdr/hspa12b/lpar2a/hs6st2/fbxw11b/esama/rab13/ptprb/basp1/arhgef7b/pdcd10b/hif1ab/pdgfba/acvrl1/eif4e2/jcada",38
"GO:0032784","regulation of DNA-templated transcription elongation","7/1162","27/18773",0.259259259259259,4.18853190539938,4.25877475508852,0.00101438991429741,0.0605433421674645,0.0555131740233229,"zmynd11/rnf168/brd4/ell2/ell/trim33/ccnt2a",7
"GO:0007369","gastrulation","31/1162","277/18773",0.111913357400722,1.80804600557982,3.48019350505038,0.0010359585010748,0.0605433421674645,0.0555131740233229,"cyt1/fdx1/ctnnd1/s1pr1/pigp/tal1/lpar1/plekhg5a/diaph2/sdc2/pfn1/ezrb/cyth3a/itga5/dusp1/csrp1a/sdc4/smad5/churc1/ptprea/alkbh4/scrib/celsr1a/acvr1ba/arhgef7b/csk/mapkapk2a/dyrk1b/ift74/bbs7/swap70b",31
"GO:0040029","epigenetic regulation of gene expression","17/1162","120/18773",0.141666666666667,2.28873350545037,3.63785785858947,0.00114463633857816,0.0644168553553381,0.059064861194561,"hdac3/cbx1b/pole3/hells/hat1/mbd1a/eed/vps72a/hdac8/cbx1a/ehmt1b/cxxc1b/smarca2/phf2/znf644a/ppm1da/rnf2",17
"GO:0045934","negative regulation of nucleobase-containing compound metabolic process","43/1162","427/18773",0.100702576112412,1.62692724729631,3.36609769611637,0.00115350516951461,0.0644168553553381,0.059064861194561,"hic1l/terfa/hexim1/hdac3/tgif1/rnf168/id4/dr1/gatad2ab/vdrb/mbd1a/eed/dmap1/zbtb16a/zcchc17/ehmt1b/uri1/mier2/ddit3/nbas/ccdc85b/nr2f1a/smad2/prdm1a/rbm24a/cops2/smyd2a/rcor2/igf2bp3/raraa/skia/dnmt3ba/rcor1/rxrbb/cry2/runx1t1/hif1ab/mier1a/brms1la/rnf2/nr1d2b/sin3ab/ppardb",43
"GO:0031401","positive regulation of protein modification process","9/1162","44/18773",0.204545454545455,3.30458848380535,3.93123276713357,0.00128057348494705,0.0676257483349141,0.0620071472993599,"ndfip1/prrc1/ndfip2/pef1/birc2/phf23b/fzr1a/ube2s/dcun1d4",9
"GO:0003158","endothelium development","12/1162","71/18773",0.169014084507042,2.73055198661851,3.75263328663056,0.00128237148944939,0.0676257483349141,0.0620071472993599,"marcksl1a/tal1/tcf7l1a/ets1/itga5/add1/tnfrsf19/kdr/tjp1b/marcksl1b/ppp2r2ab/mettl3",12
"GO:1903311","regulation of mRNA metabolic process","22/1162","176/18773",0.125,2.01947074010327,3.49040628674256,0.00130950050022457,0.0676257483349141,0.0620071472993599,"arglu1b/srpk1a/puf60a/sf1/tra2b/arglu1a/rbfox2/ythdf2/nbas/dcp2/pan3/srrm1/rbm24a/igf2bp3/zfp36l1b/tnrc6a/ythdc1/pde12/zc3h14/lsm1/rbm15/mettl3",22
"GO:0034243","regulation of transcription elongation by RNA polymerase II","6/1162","21/18773",0.285714285714286,4.61593312023605,4.25865606917193,0.00134551827168552,0.0676257483349141,0.0620071472993599,"zmynd11/rnf168/brd4/ell2/ell/trim33",6
"GO:0035196","miRNA processing","6/1162","21/18773",0.285714285714286,4.61593312023605,4.25865606917193,0.00134551827168552,0.0676257483349141,0.0620071472993599,"srrt/zc3h7a/tarbp2/zc3h7bb/dgcr8/mettl3",6
"GO:0090150","establishment of protein localization to membrane","18/1162","133/18773",0.135338345864662,2.18649463590128,3.52723969933779,0.00142002205668625,0.0699708907539717,0.0641574464826876,"emc6/tomm70a/stx3a/emc3/tmco1/camlg/get1/naca/emc10/sec62/scrib/pex19/sec63/agk/rab3gap2/nsfb/exoc4/vps37a",18
"GO:0046488","phosphatidylinositol metabolic process","16/1162","114/18773",0.140350877192982,2.26747591871244,3.48669764428526,0.00174298464224616,0.0810506564415981,0.0743166636440649,"pigf/pip4k2ca/bpnt1/pigp/si:ch211-160o17.2/dpm2/mtmr6/pik3cb/mtm1/impa1/inpp5l/zgc:154055/inpp5b/pigl/pik3c3/ip6k2b",16
"GO:0045048","protein insertion into ER membrane","6/1162","22/18773",0.272727272727273,4.40611797840713,4.10605855501025,0.00175417057327065,0.0810506564415981,0.0743166636440649,"emc6/emc3/tmco1/camlg/get1/emc10",6
"GO:0061061","muscle structure development","43/1162","437/18773",0.0983981693363844,1.58969779083644,3.20393906247767,0.00180740195764769,0.0810506564415981,0.0743166636440649,"hdgfl2/hnrnpl2/atf3/foxo1a/tomm70a/wasla/ctsd/pbx4/gsk3ab/hsp90ab1/uqcc2/spry4/mrtfbb/mef2d/kmt5b/marcksa/dag1/rbfox2/myo18ab/dpm2/foxc1a/csrp1a/cemip2/tgfbi/naca/dock1/hspg2/mtm1/kif5ba/nr2f1a/prdm1a/hs6st2/rbm24a/mrtfab/smyd2a/dyrk3/pdgfba/fut8a/myhz2/rbpms2b/icam3/rnf2/tnnt3a",43
"GO:0003401","axis elongation","10/1162","55/18773",0.181818181818182,2.93741198560476,3.6960678376446,0.00180931681602379,0.0810506564415981,0.0743166636440649,"ctnnd1/dvl3a/pigp/itga5/creb1a/fcho2/ppp1cb/smad2/tax1bp3/swap70b",10
"GO:0007029","endoplasmic reticulum organization","10/1162","55/18773",0.181818181818182,2.93741198560476,3.6960678376446,0.00180931681602379,0.0810506564415981,0.0743166636440649,"emc6/vapb/emc3/reep1/tmco1/camlg/get1/rtn1a/emc10/lnpa",10
"GO:0051247","positive regulation of protein metabolic process","19/1162","147/18773",0.129251700680272,2.08816022105916,3.40218591327258,0.00183839531124994,0.0810506564415981,0.0743166636440649,"nck1a/ndfip1/larp4ab/prrc1/gsk3ab/uqcc2/coa3a/ndfip2/rnft1/pef1/birc2/dda1/becn1/phf23b/fzr1a/ube2s/dcun1d4/dhx29/mettl3",19
"GO:0060348","bone development","12/1162","75/18773",0.16,2.58492254733219,3.53270543119945,0.00208504104889489,0.0903397957909115,0.0828340264252436,"wls/rap1aa/akt2/sulf2b/kif5ba/prdm1a/atp2b1a/ogna/wnt9a/col1a1a/tsku/bmp6",12
"GO:0003406","retinal pigment epithelium development","5/1162","16/18773",0.3125,5.04867685025818,4.16157518129971,0.00221408252947082,0.0935570061164755,0.085783938839703,"yap1/ctsd/tyrp1b/atp6v0d1/nsfb",5
"GO:0016032","viral process","4/1162","10/18773",0.4,6.46230636833047,4.43804032543416,0.0022679467368149,0.0935570061164755,0.085783938839703,"mvb12ba/n4bp1/mvb12a/tarbp2",4
"GO:0016055","Wnt signaling pathway","31/1162","291/18773",0.106529209621993,1.72106097438354,3.18427326756918,0.002270981843655,0.0935570061164755,0.085783938839703,"adnpa/ctnnbip1/bambia/dvl3a/otud5b/jupa/csnk1g2b/gsk3ab/wls/id4/tcf7l1a/otud5a/csrp1a/cemip2/ddit3/sulf2b/tet2/ppm1bb/jade1/bcl9/mesd/fbxw11b/wnt9a/lrp5/gid8a/pygo2/tax1bp3/ppm1ab/tcf7l2/amer2/ap2m1b",31
"GO:0009185","ribonucleoside diphosphate metabolic process","10/1162","57/18773",0.175438596491228,2.83434489839055,3.56269163473188,0.00238847481927397,0.0967805034038092,0.0887396158715472,"aldoaa/gapdhs/bpgm/cmpk/pgam1a/tpi1b/ak3/eno3/ak1/eno1a",10
"GO:0000422","autophagy of mitochondrion","9/1162","48/18773",0.1875,3.02920611015491,3.61578163931083,0.00242625217446875,0.0967805034038092,0.0887396158715472,"atg3/map1lc3b/atg13/gabarapa/fundc2/atg4a/becn1/gabarapl2/atg7",9
"GO:0006661","phosphatidylinositol biosynthetic process","11/1162","67/18773",0.164179104477612,2.65243918103116,3.48047684321924,0.00255687079009124,0.100397129617176,0.0920557592024626,"pigf/pip4k2ca/bpnt1/pigp/si:ch211-160o17.2/dpm2/pik3cb/impa1/pigl/pik3c3/ip6k2b",11
"GO:0007179","transforming growth factor beta receptor signaling pathway","10/1162","58/18773",0.172413793103448,2.78547688290106,3.49815976994536,0.00272918521079228,0.101214932889282,0.0928056163087269,"bambia/hsp90ab1/tgif1/smad3a/rlim/smad5/ppm1bb/smad2/skia/acvrl1",10
"GO:0071559","response to transforming growth factor beta","10/1162","58/18773",0.172413793103448,2.78547688290106,3.49815976994536,0.00272918521079228,0.101214932889282,0.0928056163087269,"bambia/hsp90ab1/tgif1/smad3a/rlim/smad5/ppm1bb/smad2/skia/acvrl1",10
"GO:0071560","cellular response to transforming growth factor beta stimulus","10/1162","58/18773",0.172413793103448,2.78547688290106,3.49815976994536,0.00272918521079228,0.101214932889282,0.0928056163087269,"bambia/hsp90ab1/tgif1/smad3a/rlim/smad5/ppm1bb/smad2/skia/acvrl1",10
"GO:0060028","convergent extension involved in axis elongation","8/1162","40/18773",0.2,3.23115318416523,3.62845754538329,0.00273880439175137,0.101214932889282,0.0928056163087269,"dvl3a/pigp/creb1a/fcho2/ppp1cb/smad2/tax1bp3/swap70b",8
"GO:0006487","protein N-linked glycosylation","9/1162","49/18773",0.183673469387755,2.9673855772946,3.54204875941693,0.002811997249794,0.102051266110121,0.0935724638260226,"rpn2/tusc3/mgat2/magt1/si:ch73-91k6.2/fut8a/stt3a/mgat1a/zgc:92907",9
"GO:0006417","regulation of translation","20/1162","164/18773",0.121951219512195,1.97021535619831,3.20549333732508,0.00284265365209251,0.102051266110121,0.0935724638260226,"nck1a/larp4ab/ddx6/rida/uqcc2/ngdn/coa3a/casc3/tarbp2/rbm24a/caprin1a/eif2a/igf2bp3/eif4enif1/tnrc6a/paip1/znf598/eif4ebp2/dhx29/mettl3",20
"GO:0033617","mitochondrial cytochrome c oxidase assembly","5/1162","17/18773",0.294117647058824,4.75169585906652,3.97510221813948,0.00297829578554365,0.103198115057068,0.09462402825724,"coa3a/coa5/cox16/surf1/cox19",5
"GO:0060395","SMAD protein signal transduction","5/1162","17/18773",0.294117647058824,4.75169585906652,3.97510221813948,0.00297829578554365,0.103198115057068,0.09462402825724,"zmynd11/smad3a/smad6a/smad5/smad2",5
"GO:0010629","negative regulation of gene expression","42/1162","436/18773",0.0963302752293578,1.55628937769426,3.01888241463694,0.00299779641829127,0.103198115057068,0.09462402825724,"yap1/exosc8/srrt/ddx6/rida/cbx1b/pole3/hells/helz/hat1/mbd1a/eed/xrn2/cbx1a/ythdf2/casc3/nbas/dcp2/n4bp1/zc3h7a/mov10a/tarbp2/pan3/prdm1a/smarca2/rbm24a/caprin1a/phf2/zc3h7bb/igf2bp3/eif4enif1/dgcr8/zfp36l1b/edc4/ppm1da/tnrc6a/ythdc1/pde12/zc3h14/eif4ebp2/lsm1/mettl3",42
"GO:0019941","modification-dependent protein catabolic process","41/1162","424/18773",0.0966981132075472,1.56223208196668,3.00786735209726,0.00311846303190381,0.105901318907761,0.0971026397843164,"ube2d1a/ndfip1/cul1a/ube2a/ube2d3/vps36/nedd8l/rnf144ab/gsk3ab/hsp90ab1/arih2/klhl4/uba52/anapc10/rnf168/rchy1/spsb4a/ube2al/trim71/stam/ube2g1a/rmnd5b/ndfip2/fbxl14b/spopla/n4bp1/ubap1/fbxo45/ube2d2l/styx/dda1/nedd4l/gid8a/rnf6/znf598/fzr1a/ubl7b/appbp2/ube2s/vps37a/ercc8",41
"GO:0043632","modification-dependent macromolecule catabolic process","41/1162","426/18773",0.0962441314553991,1.55489765904665,2.97578458672352,0.00338949572518151,0.113570703431749,0.104134823051541,"ube2d1a/ndfip1/cul1a/ube2a/ube2d3/vps36/nedd8l/rnf144ab/gsk3ab/hsp90ab1/arih2/klhl4/uba52/anapc10/rnf168/rchy1/spsb4a/ube2al/trim71/stam/ube2g1a/rmnd5b/ndfip2/fbxl14b/spopla/n4bp1/ubap1/fbxo45/ube2d2l/styx/dda1/nedd4l/gid8a/rnf6/znf598/fzr1a/ubl7b/appbp2/ube2s/vps37a/ercc8",41
"GO:0006839","mitochondrial transport","14/1162","101/18773",0.138613861386139,2.2394130979363,3.20809837442458,0.00369200404578499,0.122079028513917,0.11193624454603,"slc25a20/tomm70a/rhot1a/slc25a18/letm2/slc25a28/slc25a5/grpel1/slc25a24/agk/bnip3lb/sfxn2/sfxn4/dnlz",14
"GO:0006368","transcription elongation by RNA polymerase II","8/1162","42/18773",0.19047619047619,3.07728874682403,3.4618429355185,0.00376762850532129,0.122961693946395,0.112745574820893,"zmynd11/pbrm1l/rnf168/glyr1/brd4/ell2/ell/trim33",8
"GO:0008535","respiratory chain complex IV assembly","5/1162","18/18773",0.277777777777778,4.48771275578505,3.80263600772014,0.00391600439403665,0.126165628746335,0.115683314690232,"coa3a/coa5/cox16/surf1/cox19",5
"GO:0042692","muscle cell differentiation","31/1162","303/18773",0.102310231023102,1.65290014371489,2.94307248845549,0.00417997721299176,0.130927857032042,0.120049879172781,"hnrnpl2/foxo1a/tomm70a/wasla/pbx4/gsk3ab/spry4/mrtfbb/mef2d/dag1/rbfox2/myo18ab/foxc1a/csrp1a/tgfbi/naca/dock1/mtm1/nr2f1a/prdm1a/rbm24a/mrtfab/smyd2a/dyrk3/pdgfba/fut8a/myhz2/rbpms2b/icam3/rnf2/tnnt3a",31
"GO:0000423","mitophagy","7/1162","34/18773",0.205882352941176,3.32618710134656,3.48720295821097,0.00420791237242594,0.130927857032042,0.120049879172781,"map1lc3b/atg13/gabarapa/atg4a/becn1/gabarapl2/atg7",7
"GO:0046031","ADP metabolic process","9/1162","52/18773",0.173076923076923,2.7961902555276,3.33162271480767,0.00426586085136863,0.130927857032042,0.120049879172781,"aldoaa/gapdhs/bpgm/pgam1a/tpi1b/ak3/eno3/ak1/eno1a",9
"GO:0031399","regulation of protein modification process","13/1162","92/18773",0.141304347826087,2.28287996707326,3.16844523625895,0.00427221817613507,0.130927857032042,0.120049879172781,"ndfip1/prrc1/prkar1aa/cnppd1/ndfip2/spopla/n4bp1/pef1/birc2/phf23b/fzr1a/ube2s/dcun1d4",13
"GO:0017004","cytochrome complex assembly","6/1162","26/18773",0.230769230769231,3.72825367403681,3.57578881247116,0.00437781499425204,0.131114357177729,0.120220884186252,"uqcc2/coa3a/coa5/cox16/surf1/cox19",6
"GO:0060349","bone morphogenesis","8/1162","43/18773",0.186046511627907,3.00572389224673,3.38222749121638,0.00438265260761212,0.131114357177729,0.120220884186252,"wls/rap1aa/kif5ba/prdm1a/atp2b1a/wnt9a/tsku/bmp6",8
"GO:0006354","DNA-templated transcription elongation","9/1162","53/18773",0.169811320754717,2.74343194881954,3.26479819105875,0.00486243985862745,0.140001796190188,0.128369921402527,"zmynd11/pbrm1l/rnf168/glyr1/brd4/ell2/ell/trim33/ccnt2a",9
"GO:0009135","purine nucleoside diphosphate metabolic process","9/1162","53/18773",0.169811320754717,2.74343194881954,3.26479819105875,0.00486243985862745,0.140001796190188,0.128369921402527,"aldoaa/gapdhs/bpgm/pgam1a/tpi1b/ak3/eno3/ak1/eno1a",9
"GO:0009179","purine ribonucleoside diphosphate metabolic process","9/1162","53/18773",0.169811320754717,2.74343194881954,3.26479819105875,0.00486243985862745,0.140001796190188,0.128369921402527,"aldoaa/gapdhs/bpgm/pgam1a/tpi1b/ak3/eno3/ak1/eno1a",9
"GO:0018193","peptidyl-amino acid modification","18/1162","149/18773",0.120805369127517,1.95170326560316,2.99588087465152,0.00496470162248803,0.140001796190188,0.128369921402527,"kdrl/uba2/ppig/senp3b/ntmt1/setd7/ndufaf5/lias/senp3a/cwc27/smyd2a/dph2/loxl3b/nktr/tpst1l/zdhhc8b/si:dkey-100n23.3/ppil3",18
"GO:0030199","collagen fibril organization","7/1162","35/18773",0.2,3.23115318416523,3.39365837612498,0.00498414368768817,0.140001796190188,0.128369921402527,"crtap/col2a1b/col1a1a/loxl3b/lum/plod3/serpinh2",7
"GO:0016311","dephosphorylation","22/1162","196/18773",0.112244897959184,1.81340229723559,2.94043760323061,0.00501399190494108,0.140001796190188,0.128369921402527,"ptpn11b/dusp1/mtmr6/plpp5/ssh2a/ppm1bb/ptprea/mtm1/hdhd2/styx/inpp5l/ptpn2b/si:ch211-121a2.2/ptprb/zgc:154055/dusp12/ppm1da/ppm1ab/si:ch211-203d1.3/inpp5b/ptp4a2b/ppp1r26",22
"GO:0017015","regulation of transforming growth factor beta receptor signaling pathway","6/1162","27/18773",0.222222222222222,3.59017020462804,3.45957067582508,0.00533879358852479,0.144262239655514,0.132276391231248,"bambia/hsp90ab1/tgif1/rlim/ppm1bb/skia",6
"GO:0051205","protein insertion into membrane","6/1162","27/18773",0.222222222222222,3.59017020462804,3.45957067582508,0.00533879358852479,0.144262239655514,0.132276391231248,"emc6/emc3/tmco1/camlg/get1/emc10",6
"GO:1903844","regulation of cellular response to transforming growth factor beta stimulus","6/1162","27/18773",0.222222222222222,3.59017020462804,3.45957067582508,0.00533879358852479,0.144262239655514,0.132276391231248,"bambia/hsp90ab1/tgif1/rlim/ppm1bb/skia",6
"GO:0055113","epiboly involved in gastrulation with mouth forming second","9/1162","54/18773",0.166666666666667,2.69262765347103,3.19950886594028,0.00552180059139966,0.147620051980717,0.135355223903403,"fdx1/diaph2/sdc2/pfn1/cyth3a/sdc4/alkbh4/arhgef7b/mapkapk2a",9
"GO:0006511","ubiquitin-dependent protein catabolic process","39/1162","414/18773",0.0942028985507246,1.52191997804884,2.75832800629375,0.00598466523662669,0.158036470140283,0.144906206939527,"ube2d1a/ndfip1/cul1a/ube2a/ube2d3/vps36/rnf144ab/gsk3ab/hsp90ab1/arih2/klhl4/anapc10/rnf168/rchy1/spsb4a/ube2al/trim71/stam/ube2g1a/rmnd5b/ndfip2/fbxl14b/spopla/n4bp1/ubap1/fbxo45/ube2d2l/styx/dda1/nedd4l/gid8a/rnf6/znf598/fzr1a/ubl7b/appbp2/ube2s/vps37a/ercc8",39
"GO:0072657","protein localization to membrane","26/1162","248/18773",0.104838709677419,1.69374965298984,2.82498300358281,0.00603720697710592,0.158036470140283,0.144906206939527,"emc6/tomm70a/stx3a/ehd2b/emc3/tmco1/dag1/camlg/fcho2/get1/naca/emc10/sec62/scrib/vti1b/mesd/pex19/rab13/arl5a/sec63/efcab7/agk/rab3gap2/nsfb/exoc4/vps37a",26
"GO:0045446","endothelial cell differentiation","9/1162","55/18773",0.163636363636364,2.64367078704428,3.13568759603499,0.00624815611266883,0.161473290896164,0.148057483725345,"tal1/tcf7l1a/ets1/itga5/add1/tnfrsf19/kdr/tjp1b/mettl3",9
"GO:0060350","endochondral bone morphogenesis","5/1162","20/18773",0.25,4.03894148020654,3.49275631376958,0.00639176955164564,0.161473290896164,0.148057483725345,"wls/rap1aa/prdm1a/wnt9a/tsku",5
"GO:0072089","stem cell proliferation","6/1162","28/18773",0.214285714285714,3.46194984017703,3.348743024019,0.00644544801123305,0.161473290896164,0.148057483725345,"tfec/tgif1/ythdf2/tet2/klf6a/mettl3",6
"GO:0000956","nuclear-transcribed mRNA catabolic process","12/1162","86/18773",0.13953488372093,2.25429291918505,2.99464076130489,0.00655258561942356,0.161473290896164,0.148057483725345,"exosc8/xrn2/casc3/nbas/dcp2/pan3/rbm24a/zfp36l1b/edc4/tnrc6a/pde12/lsm1",12
"GO:0006401","RNA catabolic process","20/1162","177/18773",0.112994350282486,1.82551027353968,2.83442960294422,0.00672967056020121,0.161473290896164,0.148057483725345,"exosc8/rida/xrn2/zcchc17/ythdf2/casc3/nbas/dcp2/pan3/rbm24a/rnaseh2a/igf2bp3/zfp36l1b/edc4/tnrc6a/ythdc1/pde12/zc3h14/lsm1/mettl3",20
"GO:0002011","morphogenesis of an epithelial sheet","14/1162","108/18773",0.12962962962963,2.09426595269969,2.92945678373158,0.00674735847341201,0.161473290896164,0.148057483725345,"fdx1/tfec/diaph2/sdc2/pfn1/phactr4b/foxc1a/ezrb/cyth3a/sdc4/alkbh4/rhoca/arhgef7b/mapkapk2a",14
"GO:0072594","establishment of protein localization to organelle","21/1162","189/18773",0.111111111111111,1.79508510231402,2.82189758588682,0.00674966663600135,0.161473290896164,0.148057483725345,"tomm70a/vps36/tomm5/cse1l/nup35/kpnb1/nup98/stam/scarb2a/nup153/sec62/scrib/ipo8/pex19/nup88/sec63/grpel1/agk/rab3gap2/vps37a/dnlz",21
"GO:0008637","apoptotic mitochondrial changes","7/1162","37/18773",0.189189189189189,3.05649625529144,3.21630091630452,0.00685310397318625,0.161473290896164,0.148057483725345,"atg3/fam162a/rhot1a/mcl1b/dnm1l/slc25a5/bnip3lb",7
"GO:0046854","phosphatidylinositol phosphate biosynthetic process","7/1162","37/18773",0.189189189189189,3.05649625529144,3.21630091630452,0.00685310397318625,0.161473290896164,0.148057483725345,"pip4k2ca/bpnt1/si:ch211-160o17.2/pik3cb/impa1/pik3c3/ip6k2b",7
"GO:0009895","negative regulation of catabolic process","11/1162","76/18773",0.144736842105263,2.33833454117221,3.00297590267298,0.00687530526298827,0.161473290896164,0.148057483725345,"hsp90ab1/zcchc17/nbas/n4bp1/mtm1/rbm24a/styx/igf2bp3/zgc:154055/phf23b/atraid",11
"GO:0050684","regulation of mRNA processing","11/1162","76/18773",0.144736842105263,2.33833454117221,3.00297590267298,0.00687530526298827,0.161473290896164,0.148057483725345,"arglu1b/srpk1a/puf60a/sf1/tra2b/arglu1a/rbfox2/srrm1/rbm24a/ythdc1/rbm15",11
"GO:0141188","nucleic acid catabolic process","21/1162","190/18773",0.110526315789474,1.78563728598605,2.79580773425808,0.00715961466478452,0.166593626412995,0.152752402545939,"exosc8/rida/xrn2/zcchc17/ythdf2/casc3/nbas/dcp2/pan3/rbm24a/rnaseh2a/igf2bp3/zfp36l1b/edc4/dnase1l4.1/tnrc6a/ythdc1/pde12/zc3h14/lsm1/mettl3",21
"GO:0014033","neural crest cell differentiation","19/1162","167/18773",0.11377245508982,1.83808115266884,2.7943714120481,0.00755974314611758,0.174290225010949,0.159809538839704,"med12/rtf1/tfec/pbx4/phactr4b/nrarpa/sf3b1/foxc1a/sema4c/hspg2/pnn/prdm1a/pef1/lrp5/hif1ab/acvr2aa/plod3/rnf2/sema3d",19
"GO:0048024","regulation of mRNA splicing, via spliceosome","10/1162","67/18773",0.149253731343284,2.41130834639196,2.97259110934058,0.00785815377658616,0.179523094914191,0.164607642267436,"arglu1b/puf60a/sf1/tra2b/arglu1a/rbfox2/srrm1/rbm24a/ythdc1/rbm15",10
"GO:0048762","mesenchymal cell differentiation","21/1162","193/18773",0.10880829015544,1.75788126599663,2.71846220809857,0.00851287548667088,0.192728433315351,0.176715831582006,"med12/rtf1/tfec/pbx4/phactr4b/nrarpa/sf3b1/foxc1a/sema4c/hspg2/pnn/prdm1a/pef1/lrp5/hif1ab/acvr2aa/plod3/rock1/rnf2/hsbp1b/sema3d",21
"GO:0009132","nucleoside diphosphate metabolic process","10/1162","68/18773",0.147058823529412,2.37584792953326,2.91952610569368,0.00871587895369081,0.19529511898163,0.179069267367913,"aldoaa/gapdhs/bpgm/cmpk/pgam1a/tpi1b/ak3/eno3/ak1/eno1a",10
"GO:0030099","myeloid cell differentiation","25/1162","243/18773",0.102880658436214,1.66211583547594,2.6684909250142,0.00881368284183986,0.19529511898163,0.179069267367913,"adnpa/med12/wasla/tal1/snx3/sf3b1/brd4/asxl1/adnp2b/clpxa/tet2/lpar2a/trim33/ak3/sbds/sparc/sumf1/cicb/trim35-28/pithd1/brd2a/hax1/slc40a1/sfxn4/klf6a",25
"GO:0031424","keratinization","4/1162","14/18773",0.285714285714286,4.61593312023605,3.47652929744929,0.00885938860481727,0.19529511898163,0.179069267367913,"krt4/krt8/zgc:136930/tgm1l1",4
"GO:0006402","mRNA catabolic process","18/1162","158/18773",0.113924050632911,1.84053029477766,2.72531510038625,0.00904070773571804,0.19586649219555,0.179593168750312,"exosc8/rida/xrn2/ythdf2/casc3/nbas/dcp2/pan3/rbm24a/igf2bp3/zfp36l1b/edc4/tnrc6a/ythdc1/pde12/zc3h14/lsm1/mettl3",18
"GO:0030111","regulation of Wnt signaling pathway","20/1162","182/18773",0.10989010989011,1.77535889239848,2.69993568440045,0.00907493302844072,0.19586649219555,0.179593168750312,"ctnnbip1/bambia/dvl3a/otud5b/jupa/csnk1g2b/gsk3ab/id4/tcf7l1a/otud5a/cemip2/sulf2b/ppm1bb/jade1/bcl9/lrp5/gid8a/pygo2/ppm1ab/amer2",20
"GO:0045103","intermediate filament-based process","7/1162","39/18773",0.17948717948718,2.89975285758418,3.05056638445955,0.00919707364865693,0.19586649219555,0.179593168750312,"krt4/krt8/krt18a.1/dspa/agfg1a/krt18b/zgc:136930",7
"GO:0045104","intermediate filament cytoskeleton organization","7/1162","39/18773",0.17948717948718,2.89975285758418,3.05056638445955,0.00919707364865693,0.19586649219555,0.179593168750312,"krt4/krt8/krt18a.1/dspa/agfg1a/krt18b/zgc:136930",7
"GO:0034655","nucleobase-containing compound catabolic process","29/1162","295/18773",0.0983050847457627,1.58819393797952,2.61559440169762,0.00937396472071964,0.197956078514021,0.181509144393236,"aldoaa/gapdhs/exosc8/rida/bpgm/xrn2/zcchc17/ythdf2/dnph1/casc3/nbas/dcp2/pgam1a/pan3/rbm24a/tpi1b/rnaseh2a/igf2bp3/eno3/zfp36l1b/edc4/dnase1l4.1/tnrc6a/ythdc1/pde12/zc3h14/eno1a/lsm1/mettl3",29
"GO:0018208","peptidyl-proline modification","5/1162","22/18773",0.227272727272727,3.67176498200595,3.22079961143114,0.00979653263644568,0.202790320458833,0.185941739369756,"ppig/ntmt1/cwc27/nktr/ppil3",5
"GO:0007006","mitochondrial membrane organization","8/1162","49/18773",0.163265306122449,2.63767606870631,2.94844516216527,0.00983145046043908,0.202790320458833,0.185941739369756,"tomm70a/immt/rhot1a/micos13/dnajc11a/slc25a5/agk/bnip3lb",8
"GO:0000380","alternative mRNA splicing, via spliceosome","9/1162","59/18773",0.152542372881356,2.46443886927857,2.8938783382313,0.00990990445517067,0.202790320458833,0.185941739369756,"arglu1b/puf60a/hnrnpua/arglu1a/rbfox2/rbm24a/ythdc1/hnrnpub/rbm15",9
"GO:0048863","stem cell differentiation","27/1162","271/18773",0.0996309963099631,1.60961505484246,2.59655376131431,0.0100557303915084,0.202790320458833,0.185941739369756,"atf3/med12/rtf1/tfec/pbx4/tal1/cdca7a/gpr182/phactr4b/nrarpa/sf3b1/foxc1a/sema4c/ythdf2/hspg2/pnn/prdm1a/pef1/rbm24a/wnt9a/lrp5/hif1ab/acvr2aa/plod3/rnf2/mettl3/sema3d",27
"GO:0090504","epiboly","11/1162","80/18773",0.1375,2.2214178141136,2.81213437109851,0.0100583653773245,0.202790320458833,0.185941739369756,"fdx1/diaph2/sdc2/pfn1/ezrb/cyth3a/sdc4/alkbh4/rhoca/arhgef7b/mapkapk2a",11
"GO:0006886","intracellular protein transport","36/1162","388/18773",0.0927835051546392,1.49898859059212,2.55117934163681,0.0100870632938138,0.202790320458833,0.185941739369756,"tomm70a/arl1/vps36/bcap31/cse1l/stx4/stx3a/wls/nup35/rab1ba/copg2/tmed5/kpnb1/ap1s1/nup98/stam/scarb2a/arf6a/nup153/stx18/snx9a/ap2b1/sec62/scrib/copz1/vti1b/ipo8/pex19/arfip1/nup88/arl5a/agk/appbp2/vps33b/vps37a/ap2m1b",36
"GO:0035329","hippo signaling","6/1162","31/18773",0.193548387096774,3.12692243628893,3.04432392614248,0.0107567874949933,0.214538150594588,0.196713515677028,"yap1/wwc3/mob1a/si:dkey-6n21.12/sav1/ajuba",6
"GO:0043473","pigmentation","18/1162","161/18773",0.111801242236025,1.8062346992228,2.63902940916384,0.0108804438989677,0.215295712740991,0.197408136716455,"aldoaa/med12/rtf1/tfec/tyrp1b/mycbp2/hps5/nrarpa/sf3b1/prdm1a/trim33/bnc2/atp6v0d1/uvrag/inpp5b/nsfb/mfsd12a/bbs7",18
"GO:0007034","vacuolar transport","13/1162","103/18773",0.12621359223301,2.03907725214311,2.71619295738399,0.0109852135114829,0.215670637143411,0.197751910992073,"ndfip1/vps36/arl8ba/stam/scarb2a/ndfip2/mvb12a/vti1b/becn1/atp6v0d1/chmp4bb/aktip/vps37a",13
"GO:0048066","developmental pigmentation","12/1162","92/18773",0.130434782608696,2.10727381575993,2.73473476617044,0.0110956010424981,0.216149189300758,0.198190703239726,"med12/tfec/tyrp1b/mycbp2/hps5/nrarpa/sf3b1/prdm1a/trim33/bnc2/uvrag/nsfb",12
"GO:0010608","post-transcriptional regulation of gene expression","31/1162","325/18773",0.0953846153846154,1.54101151860188,2.52720152800572,0.0111937905393759,0.216384581734243,0.198406538386184,"nck1a/larp4ab/ddx6/rida/uqcc2/helz/ngdn/coa3a/zcchc17/ythdf2/casc3/dcp2/mov10a/tarbp2/pan3/rbm24a/caprin1a/eif2a/igf2bp3/eif4enif1/zfp36l1b/tnrc6a/ythdc1/pde12/zc3h14/paip1/znf598/eif4ebp2/dhx29/lsm1/mettl3",31
"GO:0072148","epithelial cell fate commitment","4/1162","15/18773",0.266666666666667,4.30820424555364,3.2923879739828,0.0114979867031482,0.218897277159177,0.200710469642674,"tcf7l1a/foxc1a/rbpjb/mettl3",4
"GO:0072530","purine-containing compound transmembrane transport","4/1162","15/18773",0.266666666666667,4.30820424555364,3.2923879739828,0.0114979867031482,0.218897277159177,0.200710469642674,"lrrc8aa/slc25a5/slc25a24/shoc2",4
"GO:0070936","protein K48-linked ubiquitination","5/1162","23/18773",0.217391304347826,3.51212302626656,3.09649593728981,0.0118926774070876,0.221379987585267,0.202986907166586,"ube2d1a/lnx2b/peli1b/ube2e3/ube2d2l",5
"GO:0071425","hematopoietic stem cell proliferation","5/1162","23/18773",0.217391304347826,3.51212302626656,3.09649593728981,0.0118926774070876,0.221379987585267,0.202986907166586,"tfec/ythdf2/tet2/klf6a/mettl3",5
"GO:1904263","positive regulation of TORC1 signaling","5/1162","23/18773",0.217391304347826,3.51212302626656,3.09649593728981,0.0118926774070876,0.221379987585267,0.202986907166586,"lamtor2/otud5b/mios/otud5a/pim1",5
"GO:0040007","growth","37/1162","406/18773",0.0911330049261084,1.4723234952477,2.471438351348,0.0120157310359952,0.221439000457083,0.20304101702748,"yap1/lamtor2/hnrnpr/ctnnd1/dspa/dbnlb/tmem59l/dvl3a/pigp/tgif1/mycbp2/kmt5b/wwc3/rap1aa/hbegfa/tubb5/itga5/creb1a/fcho2/dnph1/ppp1cb/bmpr2b/ssna1/smad2/ubap1/taf1/acvr1ba/col1a1a/lrp5/becn1/tax1bp3/pard6gb/pdgfba/tsku/swap70b/klf6a/sema3d",37
"GO:0000288","nuclear-transcribed mRNA catabolic process, deadenylation-dependent decay","7/1162","41/18773",0.170731707317073,2.75830149867764,2.89507306190284,0.0120793286929183,0.221439000457083,0.20304101702748,"dcp2/pan3/rbm24a/zfp36l1b/tnrc6a/pde12/lsm1",7
"GO:0048705","skeletal system morphogenesis","24/1162","237/18773",0.10126582278481,1.63602692869126,2.53109236897435,0.012160199786342,0.221439000457083,0.20304101702748,"kras/med12/pbx4/wls/vdrb/rap1aa/itga5/ptpn11b/nbas/hspg2/bcl9/ece1/kif5ba/prdm1a/atp2b1a/rbm24a/wnt9a/lrp5/loxl3b/pygo2/tsku/rnf2/bmp6/sema3d",24
"GO:0048589","developmental growth","35/1162","381/18773",0.0918635170603675,1.48412547829112,2.45229253451521,0.0127580046592515,0.230653710134526,0.211490134033333,"yap1/hnrnpr/ctnnd1/dspa/dbnlb/tmem59l/dvl3a/pigp/tgif1/mycbp2/kmt5b/wwc3/rap1aa/hbegfa/tubb5/itga5/creb1a/fcho2/ppp1cb/bmpr2b/ssna1/smad2/ubap1/taf1/acvr1ba/col1a1a/lrp5/becn1/tax1bp3/pard6gb/pdgfba/tsku/swap70b/klf6a/sema3d",35
"GO:0007264","small GTPase-mediated signal transduction","29/1162","304/18773",0.0953947368421053,1.54117503849986,2.44353850020573,0.0137903387473619,0.247536580515145,0.226970312165227,"kras/rhot1a/dock6/arhgap5/spry4/stambpa/plekhg5a/gdi1/diaph2/stard8/phactr4b/rap1aa/git1/cyth3a/rac1b/ralgapa2/dock7/sipa1l3/dock1/ralbp1/rhoca/rasgef1bb/nras/rab12/tax1bp3/rassf1/rock1/shoc2/ralab",29
"GO:0006284","base-excision repair","5/1162","24/18773",0.208333333333333,3.36578456683878,2.9789148466576,0.0142735389477128,0.254392931741861,0.233257011993605,"polb/fam168a/tdg.2/pole/tdg.1",5
"GO:0006027","glycosaminoglycan catabolic process","4/1162","16/18773",0.25,4.03894148020654,3.12368309677353,0.0145926214277073,0.254567975954053,0.233417512875541,"hyal2b/cemip2/hyal2a/lygl1",4
"GO:0043162","ubiquitin-dependent protein catabolic process via the multivesicular body sorting pathway","4/1162","16/18773",0.25,4.03894148020654,3.12368309677353,0.0145926214277073,0.254567975954053,0.233417512875541,"vps36/stam/ubap1/vps37a",4
"GO:1901679","nucleotide transmembrane transport","4/1162","16/18773",0.25,4.03894148020654,3.12368309677353,0.0145926214277073,0.254567975954053,0.233417512875541,"lrrc8aa/slc25a5/slc25a24/shoc2",4
"GO:0044272","sulfur compound biosynthetic process","13/1162","107/18773",0.121495327102804,1.9628500651471,2.565613608341,0.0148365087078523,0.254567975954053,0.233417512875541,"bckdk/pdha1a/cth/chpf2/lias/gclm/hs6st2/elovl1b/pank2/enoph1/ppcs/glceb/coasy",13
"GO:0046474","glycerophospholipid biosynthetic process","13/1162","107/18773",0.121495327102804,1.9628500651471,2.565613608341,0.0148365087078523,0.254567975954053,0.233417512875541,"pigf/pcyt2/pip4k2ca/bpnt1/pigp/gpat3/si:ch211-160o17.2/dpm2/pik3cb/impa1/pigl/pik3c3/ip6k2b",13
"GO:0022613","ribonucleoprotein complex biogenesis","30/1162","319/18773",0.0940438871473354,1.51935102703694,2.40313078218895,0.0149089404992707,0.254567975954053,0.233417512875541,"exosc8/srpk1a/utp23/rbm34/nat10/luc7l/puf60a/npm1b/prpf6/trnau1apb/ngdn/sf3b1/kri1/coil/riok1/ythdf2/lsm6/wdr46/wdr75/eif3eb/tarbp2/pno1/ddx49/grwd1/sbds/nup88/eif3jb/rcl1/pwp1/pih1d1",30
"GO:0033108","mitochondrial respiratory chain complex assembly","9/1162","63/18773",0.142857142857143,2.30796656011802,2.67113814969211,0.0149924633669717,0.254567975954053,0.233417512875541,"ndufa11/uqcc2/coa3a/sdhaf3/ndufaf5/coa5/cox16/surf1/cox19",9
"GO:0006403","RNA localization","11/1162","85/18773",0.129411764705882,2.09074617798927,2.58891670782971,0.0155022073900322,0.261450770962084,0.239728459436614,"stau2/thoc7/nup35/nup58/nup98/ncbp3/nup153/casc3/eif4eb/igf2bp3/nup88",11
"GO:0048732","gland development","26/1162","268/18773",0.0970149253731343,1.56735042515478,2.4029269330432,0.0156058956006019,0.261450770962084,0.239728459436614,"yap1/kdrl/med12/lnx2b/hdac3/tal1/cdca7a/rbp4/eed/foxc1a/itga5/arf6a/mbtps1/rbpjb/ppp1cb/gmnn/sbds/lrp5/raraa/sec63/rcl1/tcf7l2/vps33b/rbm15/klf6a/sema3d",26
"GO:0061013","regulation of mRNA catabolic process","13/1162","108/18773",0.12037037037037,1.94467552750685,2.52898861163749,0.0159434450557231,0.265336936589616,0.243291747835328,"ythdf2/nbas/dcp2/pan3/rbm24a/igf2bp3/zfp36l1b/tnrc6a/ythdc1/pde12/zc3h14/lsm1/mettl3",13
"GO:1901137","carbohydrate derivative biosynthetic process","40/1162","455/18773",0.0879120879120879,1.42028711391878,2.33119752802803,0.0161303724005638,0.266681748964585,0.244524828149821,"pigf/pigp/atp5mea/uck2a/dpm2/cmpk/uap1l1/b3gnt3.4/rpn2/si:dkey-199f5.8/dnph1/extl2/chpf2/rrm1/dhodh/tmtc3/hs6st2/tpi1b/tusc3/mgat2/ak3/magt1/trmt12/pofut1/si:ch73-91k6.2/nme7/pgm3/galnt7/cad/st3gal3a/fut8a/b3gnt2b/stt3a/mgat1a/ak1/pigl/zgc:92907/glceb/itm2bb/ogt.1",40
"GO:0001702","gastrulation with mouth forming second","9/1162","64/18773",0.140625,2.27190458261618,2.61809595578522,0.0165179228612738,0.269673984677635,0.247268457687119,"fdx1/diaph2/sdc2/pfn1/cyth3a/sdc4/alkbh4/arhgef7b/mapkapk2a",9
"GO:0006457","protein folding","17/1162","156/18773",0.108974358974359,1.76056423496183,2.45024593407234,0.0165259823479331,0.269673984677635,0.247268457687119,"tor1/hsp90ab1/ppig/fkbp9/erp44/pfdn2/vbp1/clpxa/hspb1/mesd/cwc27/dnajc3a/nktr/grpel1/arl2/dnlz/ppil3",17
"GO:0060560","developmental growth involved in morphogenesis","18/1162","169/18773",0.106508875739645,1.72073246494006,2.41757858584472,0.0172614253369298,0.279857818527126,0.256606180390759,"hnrnpr/ctnnd1/dbnlb/tmem59l/dvl3a/pigp/mycbp2/itga5/creb1a/fcho2/ppp1cb/ssna1/smad2/ubap1/tax1bp3/pard6gb/swap70b/sema3d",18
"GO:0061024","membrane organization","34/1162","377/18773",0.0901856763925729,1.45701867720979,2.3025509658427,0.0179098382170653,0.287118311938461,0.263263444753928,"plscr3b/emc6/tomm70a/vapb/tor1/immt/rhot1a/arl8ba/stx4/stx3a/emc3/tmco1/dag1/triap1/micos13/camlg/fcho2/get1/tmem30aa/bin3/snx9a/emc10/dnajc11a/vti1b/mesd/pef1/slc25a5/uvrag/chmp4bb/agk/bnip3lb/mtss1la/si:ch211-200p22.4/syt2a",34
"GO:0002574","thrombocyte differentiation","4/1162","17/18773",0.235294117647059,3.80135668725321,2.96817215457088,0.0181662600868346,0.287118311938461,0.263263444753928,"wasla/brd4/lpar2a/brd2a",4
"GO:0032786","positive regulation of DNA-templated transcription, elongation","4/1162","17/18773",0.235294117647059,3.80135668725321,2.96817215457088,0.0181662600868346,0.287118311938461,0.263263444753928,"brd4/ell2/ell/ccnt2a",4
"GO:0070897","transcription preinitiation complex assembly","4/1162","17/18773",0.235294117647059,3.80135668725321,2.96817215457088,0.0181662600868346,0.287118311938461,0.263263444753928,"gtf2a2/dr1/taf1/zgc:162472",4
"GO:0043487","regulation of RNA stability","13/1162","110/18773",0.118181818181818,1.90931779064309,2.45690085172347,0.018344462065509,0.2881227073164,0.264184391193415,"zcchc17/ythdf2/dcp2/pan3/rbm24a/igf2bp3/zfp36l1b/tnrc6a/ythdc1/pde12/zc3h14/lsm1/mettl3",13
"GO:0061053","somite development","17/1162","158/18773",0.107594936708861,1.73827861173446,2.39377671614364,0.0185224316870464,0.289110998941289,0.265090571840108,"aldoaa/rtf1/prrc1/naa50/foxc1a/itga5/creb1a/smarcd1/rbpjb/meox2a/kif22/churc1/mob1a/elp3/rbm24a/ascc1/loxl3b",17
"GO:0002040","sprouting angiogenesis","16/1162","146/18773",0.10958904109589,1.770494895433,2.40071753563953,0.0187141462834644,0.290300306236704,0.266181067020816,"kdrl/bcar1/cxxc5a/s1pr1/sdc2/nrarpa/itga5/rbpjb/cemip2/sdf4/bmpr2b/tnfrsf19/hspa12b/fbxw11b/esama/jcada",16
"GO:0000381","regulation of alternative mRNA splicing, via spliceosome","7/1162","45/18773",0.155555555555556,2.51311914323963,2.61035762397759,0.0197021034382517,0.298606224934025,0.273796898812734,"arglu1b/puf60a/arglu1a/rbfox2/rbm24a/ythdc1/rbm15",7
"GO:0009220","pyrimidine ribonucleotide biosynthetic process","5/1162","26/18773",0.192307692307692,3.10687806169734,2.76138215223627,0.0199486583017985,0.298606224934025,0.273796898812734,"uck2a/cmpk/dhodh/nme7/cad",5
"GO:0015931","nucleobase-containing compound transport","15/1162","135/18773",0.111111111111111,1.79508510231402,2.38148129561082,0.0199567754469565,0.298606224934025,0.273796898812734,"thoc7/nup35/nup58/nup98/ncbp3/nup153/casc3/eif4eb/lrrc8aa/igf2bp3/nup88/slc25a5/slc29a1a/slc25a24/shoc2",15
"GO:0006022","aminoglycan metabolic process","10/1162","77/18773",0.12987012987013,2.09815141828911,2.48027347031698,0.0200019917799445,0.298606224934025,0.273796898812734,"hyal2b/b3gnt3.4/cemip2/hyal2a/chpf2/lygl1/sumf1/b3gnt2b/glceb/dse",10
"GO:0006914","autophagy","23/1162","235/18773",0.0978723404255319,1.58120262203831,2.30301297837824,0.0200304536359948,0.298606224934025,0.273796898812734,"emc6/atg3/map1lc3b/arl8ba/gsk3ab/tp53inp2/rab1ba/atg13/tp53inp1/gabarapa/fundc2/atg4a/mtm1/vti1b/depdc5/becn1/zgc:154055/phf23b/gabarapl2/ilrun/atg7/rab3gap2/pik3c3",23
"GO:0061919","process utilizing autophagic mechanism","23/1162","235/18773",0.0978723404255319,1.58120262203831,2.30301297837824,0.0200304536359948,0.298606224934025,0.273796898812734,"emc6/atg3/map1lc3b/arl8ba/gsk3ab/tp53inp2/rab1ba/atg13/tp53inp1/gabarapa/fundc2/atg4a/mtm1/vti1b/depdc5/becn1/zgc:154055/phf23b/gabarapl2/ilrun/atg7/rab3gap2/pik3c3",23
"GO:0002819","regulation of adaptive immune response","3/1162","10/18773",0.3,4.84672977624785,3.12540907024486,0.0204378315513937,0.298606224934025,0.273796898812734,"kmt5b/brd4/loxl3b",3
"GO:0002822","regulation of adaptive immune response based on somatic recombination of immune receptors built from immunoglobulin superfamily domains","3/1162","10/18773",0.3,4.84672977624785,3.12540907024486,0.0204378315513937,0.298606224934025,0.273796898812734,"kmt5b/brd4/loxl3b",3
"GO:0055012","ventricular cardiac muscle cell differentiation","3/1162","10/18773",0.3,4.84672977624785,3.12540907024486,0.0204378315513937,0.298606224934025,0.273796898812734,"tomm70a/pbx4/icam3",3
"GO:1903051","negative regulation of proteolysis involved in protein catabolic process","3/1162","10/18773",0.3,4.84672977624785,3.12540907024486,0.0204378315513937,0.298606224934025,0.273796898812734,"hsp90ab1/n4bp1/styx",3
"GO:0009199","ribonucleoside triphosphate metabolic process","13/1162","112/18773",0.116071428571429,1.87522283009589,2.38630812978101,0.0210084257224268,0.30398483149457,0.278728630549192,"aldoaa/gapdhs/bpgm/atp5mea/atp6v1aa/uck2a/pgam1a/tpi1b/ak3/eno3/nme7/ak1/eno1a",13
"GO:0018205","peptidyl-lysine modification","8/1162","56/18773",0.142857142857143,2.30796656011802,2.51790222964703,0.0212091778611188,0.30398483149457,0.278728630549192,"uba2/senp3b/setd7/lias/senp3a/smyd2a/loxl3b/si:dkey-100n23.3",8
"GO:0001945","lymph vessel development","10/1162","78/18773",0.128205128205128,2.07125204113156,2.43524442215764,0.021715541451282,0.30398483149457,0.278728630549192,"kdrl/bcar1/spred1/foxo1a/lpar1/prox3/smad5/bmpr2b/itga9/cad",10
"GO:1903313","positive regulation of mRNA metabolic process","10/1162","78/18773",0.128205128205128,2.07125204113156,2.43524442215764,0.021715541451282,0.30398483149457,0.278728630549192,"tra2b/ythdf2/dcp2/pan3/rbm24a/zfp36l1b/tnrc6a/pde12/lsm1/mettl3",10
"GO:0042274","ribosomal small subunit biogenesis","9/1162","67/18773",0.134328358208955,2.17017751175277,2.46470537546193,0.021773684707132,0.30398483149457,0.278728630549192,"nat10/npm1b/ngdn/kri1/riok1/lsm6/wdr46/wdr75/pno1",9
"GO:0051028","mRNA transport","9/1162","67/18773",0.134328358208955,2.17017751175277,2.46470537546193,0.021773684707132,0.30398483149457,0.278728630549192,"thoc7/nup35/nup58/nup98/ncbp3/casc3/eif4eb/igf2bp3/nup88",9
"GO:0061157","mRNA destabilization","9/1162","67/18773",0.134328358208955,2.17017751175277,2.46470537546193,0.021773684707132,0.30398483149457,0.278728630549192,"ythdf2/dcp2/pan3/rbm24a/zfp36l1b/tnrc6a/pde12/lsm1/mettl3",9
"GO:0097250","mitochondrial respirasome assembly","9/1162","67/18773",0.134328358208955,2.17017751175277,2.46470537546193,0.021773684707132,0.30398483149457,0.278728630549192,"ndufa11/uqcc2/coa3a/sdhaf3/ndufaf5/coa5/cox16/surf1/cox19",9
"GO:0032434","regulation of proteasomal ubiquitin-dependent protein catabolic process","6/1162","36/18773",0.166666666666667,2.69262765347103,2.61113293190869,0.0219075975989472,0.30416460091798,0.278893464054059,"gsk3ab/hsp90ab1/n4bp1/styx/dda1/fzr1a",6
"GO:0000266","mitochondrial fission","4/1162","18/18773",0.222222222222222,3.59017020462804,2.82404979306429,0.0222377617133483,0.305374290631936,0.280002648205461,"fis1/dnm1l/mtfr2/mtfr1",4
"GO:0039022","pronephric duct development","4/1162","18/18773",0.222222222222222,3.59017020462804,2.82404979306429,0.0222377617133483,0.305374290631936,0.280002648205461,"yap1/rbpjb/atp6v0d1/inpp5b",4
"GO:0009894","regulation of catabolic process","28/1162","303/18773",0.0924092409240924,1.49294206529087,2.22203080321806,0.0223659663197486,0.305465616095262,0.280086386006462,"gsk3ab/hsp90ab1/atg13/zcchc17/ythdf2/rnft1/nbas/dcp2/n4bp1/mtm1/pan3/rbm24a/styx/dda1/igf2bp3/depdc5/becn1/zgc:154055/phf23b/zfp36l1b/tnrc6a/ythdc1/pde12/zc3h14/fzr1a/atraid/lsm1/mettl3",28
"GO:0060485","mesenchyme development","24/1162","251/18773",0.0956175298804781,1.5447744306766,2.23190633337585,0.0228776763016227,0.306419787062345,0.280961280867687,"med12/rtf1/tfec/pbx4/tal1/phactr4b/nrarpa/sf3b1/foxc1a/sema4c/rbpjb/cemip2/hspg2/pnn/prdm1a/pef1/lrp5/hif1ab/acvr2aa/plod3/rock1/rnf2/hsbp1b/sema3d",24
"GO:0051668","localization within membrane","29/1162","317/18773",0.0914826498422713,1.47797227666864,2.20460037027686,0.0229757560477655,0.306419787062345,0.280961280867687,"emc6/tomm70a/stx3a/ehd2b/emc3/tmco1/dag1/snx3/camlg/fcho2/get1/naca/emc10/rab11fip3/sec62/scrib/vti1b/mesd/pex19/rab13/rab12/arl5a/sec63/efcab7/agk/rab3gap2/nsfb/exoc4/vps37a",29
"GO:0009218","pyrimidine ribonucleotide metabolic process","5/1162","27/18773",0.185185185185185,2.9918085038567,2.66036659656164,0.0232690821002698,0.306419787062345,0.280961280867687,"uck2a/cmpk/dhodh/nme7/cad",5
"GO:0032008","positive regulation of TOR signaling","5/1162","27/18773",0.185185185185185,2.9918085038567,2.66036659656164,0.0232690821002698,0.306419787062345,0.280961280867687,"lamtor2/otud5b/mios/otud5a/pim1",5
"GO:0048010","vascular endothelial growth factor receptor signaling pathway","5/1162","27/18773",0.185185185185185,2.9918085038567,2.66036659656164,0.0232690821002698,0.306419787062345,0.280961280867687,"kdrl/spred1/kdr/cad/mapkapk2a",5
"GO:0030203","glycosaminoglycan metabolic process","8/1162","57/18773",0.140350877192982,2.26747591871244,2.46171036689061,0.0233789971321726,0.306419787062345,0.280961280867687,"hyal2b/cemip2/hyal2a/chpf2/lygl1/sumf1/glceb/dse",8
"GO:0050657","nucleic acid transport","10/1162","79/18773",0.126582278481013,2.04503366086407,2.39088690933763,0.0235332347405621,0.306419787062345,0.280961280867687,"thoc7/nup35/nup58/nup98/ncbp3/nup153/casc3/eif4eb/igf2bp3/nup88",10
"GO:0050658","RNA transport","10/1162","79/18773",0.126582278481013,2.04503366086407,2.39088690933763,0.0235332347405621,0.306419787062345,0.280961280867687,"thoc7/nup35/nup58/nup98/ncbp3/nup153/casc3/eif4eb/igf2bp3/nup88",10
"GO:0051236","establishment of RNA localization","10/1162","79/18773",0.126582278481013,2.04503366086407,2.39088690933763,0.0235332347405621,0.306419787062345,0.280961280867687,"thoc7/nup35/nup58/nup98/ncbp3/nup153/casc3/eif4eb/igf2bp3/nup88",10
"GO:0050779","RNA destabilization","9/1162","68/18773",0.132352941176471,2.13826313657993,2.41537518141358,0.0237655533813857,0.307849668285682,0.282272362191282,"ythdf2/dcp2/pan3/rbm24a/zfp36l1b/tnrc6a/pde12/lsm1/mettl3",9
"GO:0071363","cellular response to growth factor stimulus","27/1162","292/18773",0.0924657534246575,1.4938550680216,2.18471371667183,0.0243858316745325,0.314264589733848,0.28815430788422,"yap1/spred1/zmynd11/bambia/hsp90ab1/tgif1/spry4/smad3a/foxc1a/smad6a/rlim/cemip2/smad5/bmpr2b/sulf2b/ppm1bb/kdr/churc1/smad2/tob1a/acvr1ba/skia/cad/acvr2aa/mapkapk2a/acvrl1/bmp6",27
"GO:0043542","endothelial cell migration","7/1162","47/18773",0.148936170212766,2.40617790310177,2.47932247211003,0.0245555168683795,0.314836805562437,0.288678981873699,"plekhg5a/itga5/hspg2/rab13/acvrl1/klf6a/sema3d",7
"GO:0070918","regulatory ncRNA processing","6/1162","37/18773",0.162162162162162,2.61985393310695,2.53340489968119,0.0248213705587718,0.315746823794852,0.289513392375198,"srrt/zc3h7a/tarbp2/zc3h7bb/dgcr8/mettl3",6
"GO:0009205","purine ribonucleoside triphosphate metabolic process","12/1162","103/18773",0.116504854368932,1.88222515582441,2.30617478164869,0.0252786300430743,0.315746823794852,0.289513392375198,"aldoaa/gapdhs/bpgm/atp5mea/atp6v1aa/pgam1a/tpi1b/ak3/eno3/nme7/ak1/eno1a",12
"GO:0010498","proteasomal protein catabolic process","30/1162","333/18773",0.0900900900900901,1.45547440728164,2.15413028241735,0.0252809024183289,0.315746823794852,0.289513392375198,"cul1a/ube2a/gsk3ab/hsp90ab1/klhl4/anapc10/man1a1/spsb4a/tmub1/ube2al/trim71/ube2g1a/rmnd5b/jkamp/derl1/rnft1/fbxl14b/spopla/n4bp1/fbxo45/styx/dda1/gid8a/znf598/aup1/fzr1a/appbp2/ube2s/tmub2/ercc8",30
"GO:0070848","response to growth factor","27/1162","293/18773",0.0921501706484642,1.48875658656077,2.16591684054601,0.025338717554254,0.315746823794852,0.289513392375198,"yap1/spred1/zmynd11/bambia/hsp90ab1/tgif1/spry4/smad3a/foxc1a/smad6a/rlim/cemip2/smad5/bmpr2b/sulf2b/ppm1bb/kdr/churc1/smad2/tob1a/acvr1ba/skia/cad/acvr2aa/mapkapk2a/acvrl1/bmp6",27
"GO:0006650","glycerophospholipid metabolic process","19/1162","189/18773",0.100529100529101,1.62412461637935,2.21512859834447,0.0253974204678738,0.315746823794852,0.289513392375198,"pigf/pcyt2/pip4k2ca/bpnt1/pigp/gpat3/si:ch211-160o17.2/dpm2/mboat2b/mtmr6/pik3cb/mtm1/impa1/inpp5l/zgc:154055/inpp5b/pigl/pik3c3/ip6k2b",19
"GO:0035051","cardiocyte differentiation","10/1162","80/18773",0.125,2.01947074010327,2.3471810181958,0.0254582160781675,0.315746823794852,0.289513392375198,"atf3/tomm70a/pbx4/gsk3ab/rbfox2/itga5/nr2f1a/icam3/rnf2/sema3d",10
"GO:0051640","organelle localization","26/1162","280/18773",0.0928571428571429,1.50017826407672,2.1660400080819,0.025582385189039,0.315746823794852,0.289513392375198,"vapb/npm1b/rhot1a/arl8ba/stx4/clasp1a/stx3a/mad1l1/copg2/diaph2/pam/dctn2/nup98/tacc1/tbc1d23/mtm1/scrib/kif5ba/dnm1l/pef1/nup88/inpp5b/kifbp/exoc4/si:ch211-200p22.4/bbs7",26
"GO:0061014","positive regulation of mRNA catabolic process","9/1162","69/18773",0.130434782608696,2.10727381575993,2.3668931718748,0.0258838523834299,0.315746823794852,0.289513392375198,"ythdf2/dcp2/pan3/rbm24a/zfp36l1b/tnrc6a/pde12/lsm1/mettl3",9
"GO:0048701","embryonic cranial skeleton morphogenesis","18/1162","177/18773",0.101694915254237,1.64295924618571,2.20763178762291,0.0262227182933202,0.315746823794852,0.289513392375198,"kras/med12/pbx4/wls/vdrb/itga5/ptpn11b/nbas/hspg2/bcl9/ece1/prdm1a/rbm24a/wnt9a/lrp5/loxl3b/pygo2/rnf2",18
"GO:0021986","habenula development","4/1162","19/18773",0.210526315789474,3.40121387806867,2.68984353064797,0.0268218969810696,0.315746823794852,0.289513392375198,"med12/wls/mycbp2/tcf7l2",4
"GO:0042177","negative regulation of protein catabolic process","4/1162","19/18773",0.210526315789474,3.40121387806867,2.68984353064797,0.0268218969810696,0.315746823794852,0.289513392375198,"hsp90ab1/n4bp1/styx/atraid",4
"GO:0072176","nephric duct development","4/1162","19/18773",0.210526315789474,3.40121387806867,2.68984353064797,0.0268218969810696,0.315746823794852,0.289513392375198,"yap1/rbpjb/atp6v0d1/inpp5b",4
"GO:0002063","chondrocyte development","3/1162","11/18773",0.272727272727273,4.40611797840713,2.90257059771991,0.0268306522412322,0.315746823794852,0.289513392375198,"atg13/sulf2b/tsku",3
"GO:0015936","coenzyme A metabolic process","3/1162","11/18773",0.272727272727273,4.40611797840713,2.90257059771991,0.0268306522412322,0.315746823794852,0.289513392375198,"pank2/ppcs/coasy",3
"GO:0051123","RNA polymerase II preinitiation complex assembly","3/1162","11/18773",0.272727272727273,4.40611797840713,2.90257059771991,0.0268306522412322,0.315746823794852,0.289513392375198,"gtf2a2/dr1/taf1",3
"GO:0070979","protein K11-linked ubiquitination","3/1162","11/18773",0.272727272727273,4.40611797840713,2.90257059771991,0.0268306522412322,0.315746823794852,0.289513392375198,"anapc10/ube2e3/ube2s",3
"GO:1902667","regulation of axon guidance","3/1162","11/18773",0.272727272727273,4.40611797840713,2.90257059771991,0.0268306522412322,0.315746823794852,0.289513392375198,"mycbp2/reep1/rbpms2b",3
"GO:0110020","regulation of actomyosin structure organization","5/1162","28/18773",0.178571428571429,2.88495820014753,2.5639192644386,0.0269263938587561,0.315746823794852,0.289513392375198,"alkbh4/rbm24a/smyd2a/rock1/rnf2",5
"GO:0043488","regulation of mRNA stability","12/1162","104/18773",0.115384615384615,1.8641268370184,2.26986465954424,0.027028151416355,0.315746823794852,0.289513392375198,"ythdf2/dcp2/pan3/rbm24a/igf2bp3/zfp36l1b/tnrc6a/ythdc1/pde12/zc3h14/lsm1/mettl3",12
"GO:0006096","glycolytic process","7/1162","48/18773",0.145833333333333,2.35604919678715,2.4163034810549,0.0272650460658507,0.315746823794852,0.289513392375198,"aldoaa/gapdhs/bpgm/pgam1a/tpi1b/eno3/eno1a",7
"GO:0046032","ADP catabolic process","7/1162","48/18773",0.145833333333333,2.35604919678715,2.4163034810549,0.0272650460658507,0.315746823794852,0.289513392375198,"aldoaa/gapdhs/bpgm/pgam1a/tpi1b/eno3/eno1a",7
"GO:1990542","mitochondrial transmembrane transport","10/1162","81/18773",0.123456790123457,1.99453900257113,2.30410767689738,0.0274935398465999,0.316153301882539,0.289886098737461,"tomm70a/slc25a18/letm2/slc25a28/slc25a5/grpel1/slc25a24/sfxn2/sfxn4/dnlz",10
"GO:0016197","endosomal transport","18/1162","178/18773",0.101123595505618,1.63372913806107,2.18213650136484,0.0275517600924298,0.316153301882539,0.289886098737461,"arl1/vps4b/vps36/ehd2b/snx3/stam/ezrb/snx9a/rab11fip3/mvb12a/tbc1d23/scrib/vti1b/rab13/becn1/rab12/chmp4bb/aktip",18
"GO:0007265","Ras protein signal transduction","8/1162","59/18773",0.135593220338983,2.19061232824762,2.35276958173357,0.0281769622664129,0.321857755343162,0.295116604790324,"kras/spry4/stambpa/rasgef1bb/nras/rassf1/shoc2/ralab",8
"GO:0090407","organophosphate biosynthetic process","33/1162","377/18773",0.0875331564986737,1.41416518670362,2.08664656001593,0.0283923455151233,0.322850517101832,0.296026884175303,"pigf/pcyt2/pip4k2ca/bpnt1/pigp/atp5mea/gpat3/bckdk/pdha1a/uck2a/si:ch211-160o17.2/dpm2/cmpk/uap1l1/pik3cb/rrm1/dhodh/tpi1b/impa1/ak3/elovl1b/pank2/serinc5/nme7/pgm3/cad/ak1/pigl/ppcs/pik3c3/ip6k2b/coasy/itpkcb",33
"GO:0048706","embryonic skeletal system development","21/1162","218/18773",0.0963302752293578,1.55628937769426,2.12209519945673,0.0295743306196157,0.333944775408502,0.306199389854529,"kras/med12/pbx4/wls/vdrb/itga5/ptpn11b/sulf2b/nbas/hspg2/bcl9/ece1/prdm1a/rbm24a/wnt9a/lrp5/loxl3b/pygo2/myhz2/rnf2/sema3d",21
"GO:0009896","positive regulation of catabolic process","15/1162","142/18773",0.105633802816901,1.70659499163657,2.17101574111445,0.0298727344171447,0.333944775408502,0.306199389854529,"gsk3ab/ythdf2/rnft1/dcp2/pan3/rbm24a/dda1/depdc5/becn1/zfp36l1b/tnrc6a/pde12/fzr1a/lsm1/mettl3",15
"GO:0009137","purine nucleoside diphosphate catabolic process","7/1162","49/18773",0.142857142857143,2.30796656011802,2.35484156491361,0.0301706453334193,0.333944775408502,0.306199389854529,"aldoaa/gapdhs/bpgm/pgam1a/tpi1b/eno3/eno1a",7
"GO:0009181","purine ribonucleoside diphosphate catabolic process","7/1162","49/18773",0.142857142857143,2.30796656011802,2.35484156491361,0.0301706453334193,0.333944775408502,0.306199389854529,"aldoaa/gapdhs/bpgm/pgam1a/tpi1b/eno3/eno1a",7
"GO:0061136","regulation of proteasomal protein catabolic process","7/1162","49/18773",0.142857142857143,2.30796656011802,2.35484156491361,0.0301706453334193,0.333944775408502,0.306199389854529,"gsk3ab/hsp90ab1/rnft1/n4bp1/styx/dda1/fzr1a",7
"GO:0008654","phospholipid biosynthetic process","14/1162","130/18773",0.107692307692308,1.73985171455051,2.17432665160285,0.0304049880772452,0.333944775408502,0.306199389854529,"pigf/pcyt2/pip4k2ca/bpnt1/pigp/gpat3/si:ch211-160o17.2/dpm2/pik3cb/impa1/serinc5/pigl/pik3c3/ip6k2b",14
"GO:0019318","hexose metabolic process","11/1162","94/18773",0.117021276595745,1.8905683524371,2.22341587329704,0.030468296590813,0.333944775408502,0.306199389854529,"gapdhs/foxo1a/bckdk/pdha1a/fuca2/fuca1.2/galm/tpi1b/pfkfb4b/pofut1/fbp1a",11
"GO:0009101","glycoprotein biosynthetic process","23/1162","245/18773",0.0938775510204082,1.51666373950613,2.09094727752164,0.0306704184036176,0.333944775408502,0.306199389854529,"dpm2/b3gnt3.4/rpn2/si:dkey-199f5.8/extl2/chpf2/tmtc3/hs6st2/tusc3/mgat2/magt1/pofut1/si:ch73-91k6.2/galnt7/st3gal3a/fut8a/b3gnt2b/stt3a/mgat1a/zgc:92907/glceb/itm2bb/ogt.1",23
"GO:0051146","striated muscle cell differentiation","23/1162","245/18773",0.0938775510204082,1.51666373950613,2.09094727752164,0.0306704184036176,0.333944775408502,0.306199389854529,"hnrnpl2/tomm70a/wasla/pbx4/gsk3ab/spry4/mef2d/dag1/rbfox2/myo18ab/csrp1a/naca/dock1/mtm1/nr2f1a/prdm1a/rbm24a/smyd2a/fut8a/myhz2/icam3/rnf2/tnnt3a",23
"GO:0033333","fin development","13/1162","118/18773",0.110169491525424,1.77987251670119,2.18289738682925,0.0307347385970107,0.333944775408502,0.306199389854529,"uba2/med12/sufu/foxc1a/and2/col2a1b/prdm1a/trim33/smyd2a/col1a1a/zmat2/rnf2/bbs7",13
"GO:0071985","multivesicular body sorting pathway","5/1162","29/18773",0.172413793103448,2.78547688290106,2.471658245917,0.0309298934093722,0.333944775408502,0.306199389854529,"vps36/pdcd6ip/stam/mvb12a/chmp4bb",5
"GO:0009100","glycoprotein metabolic process","26/1162","285/18773",0.0912280701754386,1.47385934716309,2.07058585952363,0.0309626473021014,0.333944775408502,0.306199389854529,"dpm2/b3gnt3.4/rpn2/si:dkey-199f5.8/extl2/sulf2b/chpf2/tmtc3/hs6st2/tusc3/mgat2/magt1/pofut1/si:ch73-91k6.2/galnt7/st3gal3a/fut8a/chst14/b3gnt2b/stt3a/mgat1a/zgc:92907/glceb/itm2bb/ogt.1/dse",26
"GO:0045727","positive regulation of translation","6/1162","39/18773",0.153846153846154,2.48550244935787,2.38537545447152,0.0313980937234204,0.334037673889829,0.306284569981291,"nck1a/larp4ab/uqcc2/coa3a/dhx29/mettl3",6
"GO:2000736","regulation of stem cell differentiation","6/1162","39/18773",0.153846153846154,2.48550244935787,2.38537545447152,0.0313980937234204,0.334037673889829,0.306284569981291,"cdca7a/gpr182/ythdf2/rbm24a/rnf2/mettl3",6
"GO:0006026","aminoglycan catabolic process","4/1162","20/18773",0.2,3.23115318416523,2.56433841248255,0.0319294288384256,0.334037673889829,0.306284569981291,"hyal2b/cemip2/hyal2a/lygl1",4
"GO:0009411","response to UV","4/1162","20/18773",0.2,3.23115318416523,2.56433841248255,0.0319294288384256,0.334037673889829,0.306284569981291,"perp/ercc1/mettl3/ercc8",4
"GO:0018279","protein N-linked glycosylation via asparagine","4/1162","20/18773",0.2,3.23115318416523,2.56433841248255,0.0319294288384256,0.334037673889829,0.306284569981291,"tusc3/magt1/stt3a/zgc:92907",4
"GO:0051646","mitochondrion localization","4/1162","20/18773",0.2,3.23115318416523,2.56433841248255,0.0319294288384256,0.334037673889829,0.306284569981291,"rhot1a/mtm1/dnm1l/kifbp",4
"GO:0009144","purine nucleoside triphosphate metabolic process","12/1162","107/18773",0.11214953271028,1.81186159859733,2.16328921900478,0.0328035294638139,0.334037673889829,0.306284569981291,"aldoaa/gapdhs/bpgm/atp5mea/atp6v1aa/pgam1a/tpi1b/ak3/eno3/nme7/ak1/eno1a",12
"GO:0032006","regulation of TOR signaling","9/1162","72/18773",0.125,2.01947074010327,2.2262550977977,0.0330332779875572,0.334037673889829,0.306284569981291,"lamtor2/otud5b/gsk3ab/mios/fbxw7/otud5a/depdc5/grk5l/pim1",9
"GO:0006606","protein import into nucleus","7/1162","50/18773",0.14,2.26180722891566,2.2948622551459,0.0332774342861174,0.334037673889829,0.306284569981291,"cse1l/nup35/kpnb1/nup98/nup153/ipo8/nup88",7
"GO:0009191","ribonucleoside diphosphate catabolic process","7/1162","50/18773",0.14,2.26180722891566,2.2948622551459,0.0332774342861174,0.334037673889829,0.306284569981291,"aldoaa/gapdhs/bpgm/pgam1a/tpi1b/eno3/eno1a",7
"GO:0006790","sulfur compound metabolic process","21/1162","221/18773",0.0950226244343891,1.53516327754457,2.05567001995497,0.0336225610847138,0.334037673889829,0.306284569981291,"sult1st1/bckdk/pdha1a/cth/acot15/chpf2/lias/gclm/hs6st2/gstm.1/elovl1b/pank2/enoph1/gsta.1/sumf1/tpst1l/thtpa/ppcs/glceb/coasy/dse",21
"GO:0006206","pyrimidine nucleobase metabolic process","3/1162","12/18773",0.25,4.03894148020654,2.70490051550597,0.0341614334220796,0.334037673889829,0.306284569981291,"cmpk/dhodh/cad",3
"GO:0006222","UMP biosynthetic process","3/1162","12/18773",0.25,4.03894148020654,2.70490051550597,0.0341614334220796,0.334037673889829,0.306284569981291,"uck2a/dhodh/cad",3
"GO:0009173","pyrimidine ribonucleoside monophosphate metabolic process","3/1162","12/18773",0.25,4.03894148020654,2.70490051550597,0.0341614334220796,0.334037673889829,0.306284569981291,"uck2a/dhodh/cad",3
"GO:0009174","pyrimidine ribonucleoside monophosphate biosynthetic process","3/1162","12/18773",0.25,4.03894148020654,2.70490051550597,0.0341614334220796,0.334037673889829,0.306284569981291,"uck2a/dhodh/cad",3
"GO:0030325","adrenal gland development","3/1162","12/18773",0.25,4.03894148020654,2.70490051550597,0.0341614334220796,0.334037673889829,0.306284569981291,"foxc1a/itga5/rbpjb",3
"GO:0035794","positive regulation of mitochondrial membrane permeability","3/1162","12/18773",0.25,4.03894148020654,2.70490051550597,0.0341614334220796,0.334037673889829,0.306284569981291,"rhot1a/slc25a5/bnip3lb",3
"GO:0046049","UMP metabolic process","3/1162","12/18773",0.25,4.03894148020654,2.70490051550597,0.0341614334220796,0.334037673889829,0.306284569981291,"uck2a/dhodh/cad",3
"GO:0061028","establishment of endothelial barrier","3/1162","12/18773",0.25,4.03894148020654,2.70490051550597,0.0341614334220796,0.334037673889829,0.306284569981291,"add1/tnfrsf19/tjp1b",3
"GO:0071786","endoplasmic reticulum tubular network organization","3/1162","12/18773",0.25,4.03894148020654,2.70490051550597,0.0341614334220796,0.334037673889829,0.306284569981291,"reep1/rtn1a/lnpa",3
"GO:0097345","mitochondrial outer membrane permeabilization","3/1162","12/18773",0.25,4.03894148020654,2.70490051550597,0.0341614334220796,0.334037673889829,0.306284569981291,"rhot1a/slc25a5/bnip3lb",3
"GO:1902110","positive regulation of mitochondrial membrane permeability involved in apoptotic process","3/1162","12/18773",0.25,4.03894148020654,2.70490051550597,0.0341614334220796,0.334037673889829,0.306284569981291,"rhot1a/slc25a5/bnip3lb",3
"GO:1902686","mitochondrial outer membrane permeabilization involved in programmed cell death","3/1162","12/18773",0.25,4.03894148020654,2.70490051550597,0.0341614334220796,0.334037673889829,0.306284569981291,"rhot1a/slc25a5/bnip3lb",3
"GO:1905710","positive regulation of membrane permeability","3/1162","12/18773",0.25,4.03894148020654,2.70490051550597,0.0341614334220796,0.334037673889829,0.306284569981291,"rhot1a/slc25a5/bnip3lb",3
"GO:2000058","regulation of ubiquitin-dependent protein catabolic process","6/1162","40/18773",0.15,2.42336488812392,2.31477565269872,0.035074167400794,0.341633266194555,0.313249091963843,"gsk3ab/hsp90ab1/n4bp1/styx/dda1/fzr1a",6
"GO:0006221","pyrimidine nucleotide biosynthetic process","5/1162","30/18773",0.166666666666667,2.69262765347103,2.38324579240304,0.0352872917262819,0.342382100803654,0.313935710582528,"uck2a/cmpk/dhodh/nme7/cad",5
"GO:0006090","pyruvate metabolic process","9/1162","73/18773",0.123287671232877,1.99180675736213,2.18089128962855,0.0356924322099146,0.344981085167366,0.316318761568838,"aldoaa/gapdhs/bpgm/bckdk/pdha1a/pgam1a/tpi1b/eno3/eno1a",9
"GO:0019364","pyridine nucleotide catabolic process","7/1162","51/18773",0.137254901960784,2.21745806756438,2.2362961069791,0.0365900874351975,0.349574661102481,0.320530685971194,"aldoaa/gapdhs/bpgm/pgam1a/tpi1b/eno3/eno1a",7
"GO:0051170","import into nucleus","7/1162","51/18773",0.137254901960784,2.21745806756438,2.2362961069791,0.0365900874351975,0.349574661102481,0.320530685971194,"cse1l/nup35/kpnb1/nup98/nup153/ipo8/nup88",7
"GO:0072526","pyridine-containing compound catabolic process","7/1162","51/18773",0.137254901960784,2.21745806756438,2.2362961069791,0.0365900874351975,0.349574661102481,0.320530685971194,"aldoaa/gapdhs/bpgm/pgam1a/tpi1b/eno3/eno1a",7
"GO:0141091","transforming growth factor beta receptor superfamily signaling pathway","19/1162","197/18773",0.0964467005076142,1.55817031723704,2.02297295940739,0.0367241187946896,0.349574661102481,0.320530685971194,"yap1/zmynd11/bambia/hsp90ab1/tgif1/smad3a/smad6a/rlim/smad5/bmpr2b/ppm1bb/smad2/tob1a/acvr1ba/skia/prex1/acvr2aa/acvrl1/bmp6",19
"GO:0000413","protein peptidyl-prolyl isomerization","4/1162","21/18773",0.19047619047619,3.07728874682403,2.44652155748589,0.0375672419588474,0.353582318511549,0.324205372158159,"ppig/cwc27/nktr/ppil3",4
"GO:0030216","keratinocyte differentiation","4/1162","21/18773",0.19047619047619,3.07728874682403,2.44652155748589,0.0375672419588474,0.353582318511549,0.324205372158159,"krt4/krt8/zgc:136930/tgm1l1",4
"GO:0035924","cellular response to vascular endothelial growth factor stimulus","4/1162","21/18773",0.19047619047619,3.07728874682403,2.44652155748589,0.0375672419588474,0.353582318511549,0.324205372158159,"cemip2/kdr/cad/mapkapk2a",4
"GO:0009968","negative regulation of signal transduction","39/1162","470/18773",0.0829787234042553,1.34058483172813,1.92078793753398,0.0383307775283244,0.354941910841673,0.325452004453651,"uacaa/spred1/nck1a/ctnnbip1/zmynd11/bambia/otud5b/jupa/gsk3ab/sufu/spry4/stambpa/fbxw7/tcf7l1a/plekha1a/phactr4b/otud5a/strn3/foxc1a/lgals3b/dusp1/smad6a/ythdf2/uri1/cblb/sulf2b/ppm1bb/churc1/ptpn2b/si:ch211-121a2.2/depdc5/skia/grk5l/slc25a5/mosmob/rnf2/amer2/ajuba/mettl3",39
"GO:0006486","protein glycosylation","19/1162","198/18773",0.095959595959596,1.55030077018029,1.99956088602608,0.038365495849914,0.354941910841673,0.325452004453651,"dpm2/b3gnt3.4/rpn2/si:dkey-199f5.8/extl2/tmtc3/tusc3/mgat2/magt1/pofut1/si:ch73-91k6.2/galnt7/st3gal3a/fut8a/b3gnt2b/stt3a/mgat1a/zgc:92907/ogt.1",19
"GO:0043413","macromolecule glycosylation","19/1162","198/18773",0.095959595959596,1.55030077018029,1.99956088602608,0.038365495849914,0.354941910841673,0.325452004453651,"dpm2/b3gnt3.4/rpn2/si:dkey-199f5.8/extl2/tmtc3/tusc3/mgat2/magt1/pofut1/si:ch73-91k6.2/galnt7/st3gal3a/fut8a/b3gnt2b/stt3a/mgat1a/zgc:92907/ogt.1",19
"GO:0048704","embryonic skeletal system morphogenesis","19/1162","198/18773",0.095959595959596,1.55030077018029,1.99956088602608,0.038365495849914,0.354941910841673,0.325452004453651,"kras/med12/pbx4/wls/vdrb/itga5/ptpn11b/nbas/hspg2/bcl9/ece1/prdm1a/rbm24a/wnt9a/lrp5/loxl3b/pygo2/rnf2/sema3d",19
"GO:0009141","nucleoside triphosphate metabolic process","13/1162","122/18773",0.10655737704918,1.72151604074377,2.05371972029154,0.0388121596534568,0.354941910841673,0.325452004453651,"aldoaa/gapdhs/bpgm/atp5mea/atp6v1aa/uck2a/pgam1a/tpi1b/ak3/eno3/nme7/ak1/eno1a",13
"GO:0006644","phospholipid metabolic process","23/1162","251/18773",0.0916334661354582,1.48040882939841,1.96820454222182,0.0388389067856031,0.354941910841673,0.325452004453651,"pigf/pcyt2/pip4k2ca/bpnt1/pigp/gpat3/si:ch211-160o17.2/dpm2/mboat2b/mtmr6/plpp5/pik3cb/mtm1/gde1/impa1/inpp5l/serinc5/zgc:154055/inpp5b/plpp2a/pigl/pik3c3/ip6k2b",23
"GO:0007528","neuromuscular junction development","6/1162","41/18773",0.146341463414634,2.36425842743797,2.24627450168245,0.0390161397507155,0.354941910841673,0.325452004453651,"mycbp2/ppfibp1a/mtm1/mesd/ascc1/ppfibp1b",6
"GO:0030490","maturation of SSU-rRNA","6/1162","41/18773",0.146341463414634,2.36425842743797,2.24627450168245,0.0390161397507155,0.354941910841673,0.325452004453651,"nat10/ngdn/kri1/riok1/lsm6/wdr46",6
"GO:1903510","mucopolysaccharide metabolic process","6/1162","41/18773",0.146341463414634,2.36425842743797,2.24627450168245,0.0390161397507155,0.354941910841673,0.325452004453651,"hyal2b/cemip2/hyal2a/chpf2/glceb/dse",6
"GO:0033043","regulation of organelle organization","40/1162","485/18773",0.0824742268041237,1.33243430274855,1.90528488358996,0.0393501792073339,0.354941910841673,0.325452004453651,"fam162a/terfa/dbnlb/gsk3ab/clasp1a/mad1l1/plekhg2/pfn1/arpc5la/dync1li1/ezrb/rac1b/add1/fam49bb/ssh2a/mcl1b/rab11fip3/alkbh4/mtm1/pan3/rbm24a/phldb2b/arfip1/smyd2a/tinf2/rhoca/mlst8/phf23b/lnpa/grk5l/slc25a5/hax1/bicd2/si:ch211-203d1.3/rock1/ift74/rnf2/phldb1b/syt2a/arpin",40
"GO:0001756","somitogenesis","12/1162","110/18773",0.109090909090909,1.76244719136285,2.06006873848663,0.0394111570385341,0.354941910841673,0.325452004453651,"aldoaa/rtf1/prrc1/naa50/foxc1a/itga5/creb1a/rbpjb/kif22/churc1/mob1a/rbm24a",12
"GO:0060215","primitive hemopoiesis","8/1162","63/18773",0.126984126984127,2.05152583121602,2.14743315983122,0.0397249998820424,0.354941910841673,0.325452004453651,"tal1/lpar1/smad3a/tet2/trim33/kat8/cicb/dhx8",8
"GO:0003007","heart morphogenesis","24/1162","265/18773",0.090566037735849,1.46316370603709,1.95049140152285,0.0397793000137135,0.354941910841673,0.325452004453651,"yap1/cxxc5a/pbx4/gsk3ab/tal1/mef2d/rbfox2/vdrb/ccm2l/csrp1a/setd7/cemip2/smad5/bmpr2b/nr2f1a/rbm24a/zfpm1/skia/pdcd10b/atp6v0d1/grk5l/rbpms2b/bnip3lb/bbs7",24
"GO:0001667","ameboidal-type cell migration","20/1162","212/18773",0.0943396226415094,1.5241288604553,1.97138590702142,0.039911341721821,0.354941910841673,0.325452004453651,"cyt1/ctnnd1/s1pr1/pbx4/diaph2/phactr4b/nrarpa/foxc1a/ezrb/tns1b/sema4c/csrp1a/smad5/churc1/celsr1a/lrp5/hif1ab/acvr2aa/plod3/sema3d",20
"GO:0009408","response to heat","5/1162","31/18773",0.161290322580645,2.60576869690745,2.29838191578599,0.0400046963861451,0.354941910841673,0.325452004453651,"ddx6/hsp90ab1/hsbp1a/hspb1/hsbp1b",5
"GO:0072583","clathrin-dependent endocytosis","5/1162","31/18773",0.161290322580645,2.60576869690745,2.29838191578599,0.0400046963861451,0.354941910841673,0.325452004453651,"smap1/fcho2/gpr107/si:ch211-200p22.4/ap2m1b",5
"GO:0030282","bone mineralization","7/1162","52/18773",0.134615384615385,2.17481464318814,2.17907826795585,0.0401128144365441,0.354941910841673,0.325452004453651,"foxc1a/slc10a7/atp2b1a/col1a1a/lrp5/atraid/slc40a1",7
"GO:0010256","endomembrane system organization","25/1162","279/18773",0.0896057347670251,1.44764927605969,1.93504420078253,0.0405975261291236,0.357680194884846,0.327962781579127,"plscr3b/emc6/arl1/vapb/tor1/stx3a/emc3/agfg1a/reep1/tmed5/tmco1/dag1/myo18ab/camlg/get1/bin3/rtn1a/snx9a/emc10/vti1b/pdcd10b/lnpa/mtss1la/aktip/syt2a",25
"GO:0045017","glycerolipid biosynthetic process","13/1162","123/18773",0.105691056910569,1.70751997537187,2.02217236807643,0.0410463107875672,0.357680194884846,0.327962781579127,"pigf/pcyt2/pip4k2ca/bpnt1/pigp/gpat3/si:ch211-160o17.2/dpm2/pik3cb/impa1/pigl/pik3c3/ip6k2b",13
"GO:0031507","heterochromatin formation","9/1162","75/18773",0.12,1.93869191049914,2.09229278492198,0.0414429632518234,0.357680194884846,0.327962781579127,"cbx1b/pole3/hells/hat1/mbd1a/eed/cbx1a/smarca2/phf2",9
"GO:0048703","embryonic viscerocranium morphogenesis","12/1162","111/18773",0.108108108108108,1.74656928873796,2.02637045964876,0.0418073486869754,0.357680194884846,0.327962781579127,"med12/wls/itga5/ptpn11b/nbas/hspg2/bcl9/ece1/prdm1a/lrp5/loxl3b/pygo2",12
"GO:0016052","carbohydrate catabolic process","10/1162","87/18773",0.114942528735632,1.85698458860071,2.05797831495892,0.0421800737323677,0.357680194884846,0.327962781579127,"aldoaa/gapdhs/atg3/bpgm/galm/pgam1a/tpi1b/eno3/eno1a/enosf1",10
"GO:0045814","negative regulation of gene expression, epigenetic","10/1162","87/18773",0.114942528735632,1.85698458860071,2.05797831495892,0.0421800737323677,0.357680194884846,0.327962781579127,"cbx1b/pole3/hells/hat1/mbd1a/eed/cbx1a/smarca2/phf2/ppm1da",10
"GO:0032968","positive regulation of transcription elongation by RNA polymerase II","3/1162","13/18773",0.230769230769231,3.72825367403681,2.52758829843582,0.0424149216377573,0.357680194884846,0.327962781579127,"brd4/ell2/ell",3
"GO:0036010","protein localization to endosome","3/1162","13/18773",0.230769230769231,3.72825367403681,2.52758829843582,0.0424149216377573,0.357680194884846,0.327962781579127,"ezrb/arf6a/scrib",3
"GO:0038066","p38MAPK cascade","3/1162","13/18773",0.230769230769231,3.72825367403681,2.52758829843582,0.0424149216377573,0.357680194884846,0.327962781579127,"dusp1/rell1/map3k4",3
"GO:0042407","cristae formation","3/1162","13/18773",0.230769230769231,3.72825367403681,2.52758829843582,0.0424149216377573,0.357680194884846,0.327962781579127,"immt/micos13/dnajc11a",3
"GO:0046578","regulation of Ras protein signal transduction","3/1162","13/18773",0.230769230769231,3.72825367403681,2.52758829843582,0.0424149216377573,0.357680194884846,0.327962781579127,"spry4/stambpa/shoc2",3
"GO:0060351","cartilage development involved in endochondral bone morphogenesis","3/1162","13/18773",0.230769230769231,3.72825367403681,2.52758829843582,0.0424149216377573,0.357680194884846,0.327962781579127,"rap1aa/prdm1a/tsku",3
"GO:0070534","protein K63-linked ubiquitination","3/1162","13/18773",0.230769230769231,3.72825367403681,2.52758829843582,0.0424149216377573,0.357680194884846,0.327962781579127,"rnf168/ube2e3/znf598",3
"GO:1902108","regulation of mitochondrial membrane permeability involved in apoptotic process","3/1162","13/18773",0.230769230769231,3.72825367403681,2.52758829843582,0.0424149216377573,0.357680194884846,0.327962781579127,"rhot1a/slc25a5/bnip3lb",3
"GO:0060562","epithelial tube morphogenesis","24/1162","267/18773",0.0898876404494382,1.45220367827651,1.91161209922117,0.0427982757723847,0.35777077786292,0.328045838583338,"marcksl1a/cxxc5a/gsk3ab/vdrb/phactr4b/nrarpa/cemip2/smad5/bmpr2b/ccdc85b/scrib/hs6st2/rbm24a/zfpm1/marcksl1b/sparc/skia/atp6v0d1/grk5l/pard6gb/ppp2r2ab/inpp5b/bnip3lb/bbs7",24
"GO:0014032","neural crest cell development","15/1162","149/18773",0.100671140939597,1.62641938800263,1.97191491492742,0.0430091274821582,0.35777077786292,0.328045838583338,"med12/rtf1/pbx4/phactr4b/nrarpa/sf3b1/foxc1a/sema4c/prdm1a/pef1/lrp5/hif1ab/acvr2aa/plod3/sema3d",15
"GO:0048864","stem cell development","15/1162","149/18773",0.100671140939597,1.62641938800263,1.97191491492742,0.0430091274821582,0.35777077786292,0.328045838583338,"med12/rtf1/pbx4/phactr4b/nrarpa/sf3b1/foxc1a/sema4c/prdm1a/pef1/lrp5/hif1ab/acvr2aa/plod3/sema3d",15
"GO:1903432","regulation of TORC1 signaling","6/1162","42/18773",0.142857142857143,2.30796656011802,2.17975223856666,0.0432285515874285,0.35777077786292,0.328045838583338,"lamtor2/otud5b/mios/otud5a/depdc5/pim1",6
"GO:0002285","lymphocyte activation involved in immune response","4/1162","22/18773",0.181818181818182,2.93741198560476,2.33554066785203,0.0437385106971589,0.35777077786292,0.328045838583338,"rnf168/kmt5b/brd4/loxl3b",4
"GO:0014029","neural crest formation","4/1162","22/18773",0.181818181818182,2.93741198560476,2.33554066785203,0.0437385106971589,0.35777077786292,0.328045838583338,"tfec/pef1/rnf2/hsbp1b",4
"GO:0021538","epithalamus development","4/1162","22/18773",0.181818181818182,2.93741198560476,2.33554066785203,0.0437385106971589,0.35777077786292,0.328045838583338,"med12/wls/mycbp2/tcf7l2",4
"GO:0045109","intermediate filament organization","4/1162","22/18773",0.181818181818182,2.93741198560476,2.33554066785203,0.0437385106971589,0.35777077786292,0.328045838583338,"krt4/krt8/agfg1a/zgc:136930",4
"GO:1902532","negative regulation of intracellular signal transduction","18/1162","188/18773",0.0957446808510638,1.54682865199399,1.93559830107907,0.0437530876995449,0.35777077786292,0.328045838583338,"uacaa/spred1/nck1a/gsk3ab/spry4/stambpa/plekha1a/strn3/foxc1a/dusp1/smad6a/uri1/ptpn2b/si:ch211-121a2.2/depdc5/grk5l/rnf2/ajuba",18
"GO:1903050","regulation of proteolysis involved in protein catabolic process","7/1162","53/18773",0.132075471698113,2.13378040463742,2.12314809111098,0.0438493432478231,0.35777077786292,0.328045838583338,"gsk3ab/hsp90ab1/rnft1/n4bp1/styx/dda1/fzr1a",7
"GO:0046034","ATP metabolic process","10/1162","88/18773",0.113636363636364,1.83588249100297,2.01886064219569,0.0450638647652353,0.363149543151497,0.332977715860107,"aldoaa/gapdhs/bpgm/atp5mea/atp6v1aa/pgam1a/tpi1b/eno3/ak1/eno1a",10
"GO:0002366","leukocyte activation involved in immune response","5/1162","32/18773",0.15625,2.52433842512909,2.21679908969982,0.045086612599788,0.363149543151497,0.332977715860107,"rnf168/kmt5b/brd4/loxl3b/myd88",5
"GO:0006220","pyrimidine nucleotide metabolic process","5/1162","32/18773",0.15625,2.52433842512909,2.21679908969982,0.045086612599788,0.363149543151497,0.332977715860107,"uck2a/cmpk/dhodh/nme7/cad",5
"GO:0072528","pyrimidine-containing compound biosynthetic process","5/1162","32/18773",0.15625,2.52433842512909,2.21679908969982,0.045086612599788,0.363149543151497,0.332977715860107,"uck2a/cmpk/dhodh/nme7/cad",5
"GO:0048736","appendage development","13/1162","125/18773",0.104,1.68019965576592,1.95993474647219,0.0457830662239864,0.367580975785552,0.337040968435535,"uba2/med12/sufu/foxc1a/and2/col2a1b/prdm1a/trim33/smyd2a/col1a1a/zmat2/rnf2/bbs7",13
"GO:0006470","protein dephosphorylation","14/1162","138/18773",0.101449275362319,1.63899074559106,1.93524405188706,0.0467900096897356,0.373301918638421,0.342286593880036,"ptpn11b/dusp1/ssh2a/ppm1bb/ptprea/styx/ptpn2b/si:ch211-121a2.2/ptprb/dusp12/ppm1da/ppm1ab/si:ch211-203d1.3/ptp4a2b",14
"GO:1904888","cranial skeletal system development","23/1162","256/18773",0.08984375,1.45149459444923,1.8683298507757,0.0467927196064874,0.373301918638421,0.342286593880036,"kras/med12/josd1/pbx4/wls/vdrb/bptf/itga5/ptpn11b/nbas/hspg2/bcl9/ece1/prdm1a/rbm24a/taok2a/wnt9a/lrp5/loxl3b/sumf1/pygo2/mosmob/rnf2",23
"GO:0007178","cell surface receptor protein serine/threonine kinase signaling pathway","19/1162","203/18773",0.0935960591133005,1.51211602214629,1.88441589481134,0.047384211131903,0.375402197630245,0.34421237380887,"yap1/zmynd11/bambia/hsp90ab1/tgif1/smad3a/smad6a/rlim/smad5/bmpr2b/ppm1bb/smad2/tob1a/acvr1ba/skia/prex1/acvr2aa/acvrl1/bmp6",19
"GO:0032956","regulation of actin cytoskeleton organization","19/1162","203/18773",0.0935960591133005,1.51211602214629,1.88441589481134,0.047384211131903,0.375402197630245,0.34421237380887,"dbnlb/plekhg2/pfn1/arpc5la/rac1b/add1/fam49bb/ssh2a/alkbh4/rbm24a/arfip1/smyd2a/rhoca/mlst8/hax1/si:ch211-203d1.3/rock1/rnf2/arpin",19
"GO:0055013","cardiac muscle cell development","6/1162","43/18773",0.13953488372093,2.25429291918505,2.1150986981332,0.0477151041549595,0.375402197630245,0.34421237380887,"tomm70a/pbx4/gsk3ab/rbfox2/icam3/rnf2",6
"GO:0010628","positive regulation of gene expression","16/1162","164/18773",0.0975609756097561,1.57617228495865,1.90361491269657,0.0477363848008443,0.375402197630245,0.34421237380887,"nck1a/rbm22/larp4ab/uqcc2/tra2b/kmt5b/vps72a/coa3a/zbtb16a/sulf2b/nbas/rbm24a/phf2/igf2bp3/dhx29/mettl3",16
"GO:0006986","response to unfolded protein","7/1162","54/18773",0.12962962962963,2.09426595269969,2.06844878741027,0.0478029061845118,0.375402197630245,0.34421237380887,"nck1a/vapb/jkamp/derl1/herpud2/dnajc3a/sec63",7
"GO:0030218","erythrocyte differentiation","13/1162","126/18773",0.103174603174603,1.66686473786302,1.92923383070043,0.0482884681807957,0.377364408799246,0.346011557107902,"adnpa/tal1/snx3/adnp2b/clpxa/tet2/lpar2a/trim33/sparc/cicb/slc40a1/sfxn4/klf6a",13
"GO:0051493","regulation of cytoskeleton organization","25/1162","284/18773",0.0880281690140845,1.42216249303047,1.84140124694738,0.0483530997347223,0.377364408799246,0.346011557107902,"dbnlb/gsk3ab/clasp1a/plekhg2/pfn1/arpc5la/dync1li1/rac1b/add1/fam49bb/ssh2a/alkbh4/rbm24a/phldb2b/arfip1/smyd2a/rhoca/mlst8/hax1/bicd2/si:ch211-203d1.3/rock1/rnf2/phldb1b/arpin",25
"GO:0060537","muscle tissue development","23/1162","257/18773",0.0894941634241245,1.44584675556032,1.84860836749509,0.0485157467507365,0.377461521933749,0.346100601718632,"hnrnpl2/foxo1a/tomm70a/pbx4/gsk3ab/uqcc2/spry4/marcksa/dag1/rbfox2/myo18ab/csrp1a/cemip2/hspg2/mtm1/kif5ba/nr2f1a/rbm24a/smyd2a/fut8a/myhz2/icam3/rnf2",23
"GO:0007519","skeletal muscle tissue development","15/1162","152/18773",0.0986842105263158,1.59431900534469,1.88975820949883,0.0497352143035593,0.378907719927661,0.34742664415425,"hnrnpl2/pbx4/uqcc2/spry4/marcksa/dag1/rbfox2/myo18ab/hspg2/mtm1/kif5ba/rbm24a/smyd2a/fut8a/myhz2",15
"GO:0046486","glycerolipid metabolic process","21/1162","231/18773",0.0909090909090909,1.46870599280238,1.84117274004955,0.050111572665944,0.378907719927661,0.34742664415425,"pigf/pcyt2/pip4k2ca/bpnt1/pigp/gpat3/si:ch211-160o17.2/dpm2/mboat2b/mtmr6/pik3cb/mtm1/impa1/inpp5l/abhd6a/zgc:154055/inpp5b/agk/pigl/pik3c3/ip6k2b",21
"GO:0001966","thigmotaxis","5/1162","33/18773",0.151515151515152,2.4478433213373,2.13825783506823,0.0505359583246354,0.378907719927661,0.34742664415425,"aldoaa/reep1/kif22/ascc1/depdc5",5
"GO:0002263","cell activation involved in immune response","5/1162","33/18773",0.151515151515152,2.4478433213373,2.13825783506823,0.0505359583246354,0.378907719927661,0.34742664415425,"rnf168/kmt5b/brd4/loxl3b/myd88",5
"GO:0007007","inner mitochondrial membrane organization","5/1162","33/18773",0.151515151515152,2.4478433213373,2.13825783506823,0.0505359583246354,0.378907719927661,0.34742664415425,"tomm70a/immt/micos13/dnajc11a/agk",5
"GO:0032922","circadian regulation of gene expression","5/1162","33/18773",0.151515151515152,2.4478433213373,2.13825783506823,0.0505359583246354,0.378907719927661,0.34742664415425,"nfil3-5/hdac3/mycbp2/ppp1cb/cry2",5
"GO:0032924","activin receptor signaling pathway","5/1162","33/18773",0.151515151515152,2.4478433213373,2.13825783506823,0.0505359583246354,0.378907719927661,0.34742664415425,"smad3a/smad2/acvr1ba/prex1/acvr2aa",5
"GO:0005996","monosaccharide metabolic process","11/1162","102/18773",0.107843137254902,1.74228848165772,1.93088027572755,0.0506263470270543,0.378907719927661,0.34742664415425,"gapdhs/foxo1a/bckdk/pdha1a/fuca2/fuca1.2/galm/tpi1b/pfkfb4b/pofut1/fbp1a",11
"GO:0061515","myeloid cell development","9/1162","78/18773",0.115384615384615,1.8641268370184,1.9643930457887,0.0511880271781619,0.378907719927661,0.34742664415425,"adnpa/tal1/sf3b1/adnp2b/clpxa/ak3/sumf1/slc40a1/klf6a",9
"GO:0031929","TOR signaling","10/1162","90/18773",0.111111111111111,1.79508510231402,1.94212819023363,0.051224755892497,0.378907719927661,0.34742664415425,"lamtor2/otud5b/gsk3ab/mios/fbxw7/otud5a/depdc5/mlst8/grk5l/pim1",10
"GO:0009129","pyrimidine nucleoside monophosphate metabolic process","3/1162","14/18773",0.214285714285714,3.46194984017703,2.36703513688531,0.051566430646741,0.378907719927661,0.34742664415425,"uck2a/dhodh/cad",3
"GO:0009130","pyrimidine nucleoside monophosphate biosynthetic process","3/1162","14/18773",0.214285714285714,3.46194984017703,2.36703513688531,0.051566430646741,0.378907719927661,0.34742664415425,"uck2a/dhodh/cad",3
"GO:0035330","regulation of hippo signaling","3/1162","14/18773",0.214285714285714,3.46194984017703,2.36703513688531,0.051566430646741,0.378907719927661,0.34742664415425,"wwc3/si:dkey-6n21.12/ajuba",3
"GO:0035914","skeletal muscle cell differentiation","3/1162","14/18773",0.214285714285714,3.46194984017703,2.36703513688531,0.051566430646741,0.378907719927661,0.34742664415425,"uqcc2/marcksa/rbm24a",3
"GO:0040037","negative regulation of fibroblast growth factor receptor signaling pathway","3/1162","14/18773",0.214285714285714,3.46194984017703,2.36703513688531,0.051566430646741,0.378907719927661,0.34742664415425,"spry4/sulf2b/churc1",3
"GO:0045176","apical protein localization","3/1162","14/18773",0.214285714285714,3.46194984017703,2.36703513688531,0.051566430646741,0.378907719927661,0.34742664415425,"atp6v1aa/atp6v0d1/pard6gb",3
"GO:0045580","regulation of T cell differentiation","3/1162","14/18773",0.214285714285714,3.46194984017703,2.36703513688531,0.051566430646741,0.378907719927661,0.34742664415425,"brd4/loxl3b/mettl3",3
"GO:0046902","regulation of mitochondrial membrane permeability","3/1162","14/18773",0.214285714285714,3.46194984017703,2.36703513688531,0.051566430646741,0.378907719927661,0.34742664415425,"rhot1a/slc25a5/bnip3lb",3
"GO:0098508","endothelial to hematopoietic transition","3/1162","14/18773",0.214285714285714,3.46194984017703,2.36703513688531,0.051566430646741,0.378907719927661,0.34742664415425,"ythdf2/tet2/mettl3",3
"GO:0001889","liver development","16/1162","166/18773",0.0963855421686747,1.55718225742903,1.85216414219624,0.05226287900085,0.381792485259116,0.350071732352694,"yap1/hdac3/rbp4/eed/foxc1a/arf6a/mbtps1/ppp1cb/gmnn/lrp5/raraa/sec63/rcl1/vps33b/rbm15/klf6a",16
"GO:0060026","convergent extension","16/1162","166/18773",0.0963855421686747,1.55718225742903,1.85216414219624,0.05226287900085,0.381792485259116,0.350071732352694,"dvl3a/pigp/diaph2/pfn1/rap1aa/creb1a/fcho2/csrp1a/smad5/ppp1cb/ptprea/scrib/smad2/tax1bp3/csk/swap70b",16
"GO:0032970","regulation of actin filament-based process","19/1162","206/18773",0.0922330097087379,1.49009491502766,1.81680897346946,0.0534728697366112,0.388530430933628,0.356249864206635,"dbnlb/plekhg2/pfn1/arpc5la/rac1b/add1/fam49bb/ssh2a/alkbh4/rbm24a/arfip1/smyd2a/rhoca/mlst8/hax1/si:ch211-203d1.3/rock1/rnf2/arpin",19
"GO:0048871","multicellular organismal-level homeostasis","25/1162","287/18773",0.0871080139372822,1.40729668299879,1.78606259600424,0.0534944405503522,0.388530430933628,0.356249864206635,"adnpa/prrc1/tfec/tal1/emc3/snx3/dctn2/adnp2b/clpxa/sulf2b/tet2/tjp1b/lpar2a/celsr1a/trim33/ppargc1b/lrp5/sparc/cicb/ift74/tsku/tcf7l2/slc40a1/sfxn4/klf6a",25
"GO:0070646","protein modification by small protein removal","10/1162","91/18773",0.10989010989011,1.77535889239848,1.90448743894283,0.0545054194022244,0.394532114670609,0.361752905528709,"otub1a/josd1/stambpa/senp3b/otud5a/usp42/senp3a/usp49/cops2/si:dkey-100n23.3",10
"GO:0090287","regulation of cellular response to growth factor stimulus","16/1162","167/18773",0.0958083832335329,1.54785781277376,1.82669447344931,0.0546347695604345,0.394532114670609,0.361752905528709,"spred1/zmynd11/bambia/hsp90ab1/tgif1/spry4/foxc1a/smad6a/rlim/cemip2/smad5/sulf2b/ppm1bb/churc1/skia/cad",16
"GO:0055001","muscle cell development","22/1162","247/18773",0.0890688259109312,1.43897510225982,1.78387271851222,0.0550188325531932,0.396167123799927,0.363252071961816,"hnrnpl2/tomm70a/pbx4/gsk3ab/spry4/mef2d/dag1/rbfox2/myo18ab/csrp1a/tgfbi/naca/mtm1/rbm24a/smyd2a/dyrk3/pdgfba/fut8a/myhz2/icam3/rnf2/tnnt3a",22
"GO:0010648","negative regulation of cell communication","39/1162","484/18773",0.0805785123966942,1.30180758452938,1.72792217721905,0.0554107402575102,0.396715641786676,0.363755017015114,"uacaa/spred1/nck1a/ctnnbip1/zmynd11/bambia/otud5b/jupa/gsk3ab/sufu/spry4/stambpa/fbxw7/tcf7l1a/plekha1a/phactr4b/otud5a/strn3/foxc1a/lgals3b/dusp1/smad6a/ythdf2/uri1/cblb/sulf2b/ppm1bb/churc1/ptpn2b/si:ch211-121a2.2/depdc5/skia/grk5l/slc25a5/mosmob/rnf2/amer2/ajuba/mettl3",39
"GO:0023057","negative regulation of signaling","39/1162","484/18773",0.0805785123966942,1.30180758452938,1.72792217721905,0.0554107402575102,0.396715641786676,0.363755017015114,"uacaa/spred1/nck1a/ctnnbip1/zmynd11/bambia/otud5b/jupa/gsk3ab/sufu/spry4/stambpa/fbxw7/tcf7l1a/plekha1a/phactr4b/otud5a/strn3/foxc1a/lgals3b/dusp1/smad6a/ythdf2/uri1/cblb/sulf2b/ppm1bb/churc1/ptpn2b/si:ch211-121a2.2/depdc5/skia/grk5l/slc25a5/mosmob/rnf2/amer2/ajuba/mettl3",39
"GO:0043409","negative regulation of MAPK cascade","5/1162","34/18773",0.147058823529412,2.37584792953326,2.06254302035269,0.0563540919757592,0.399561535539552,0.36636446323165,"spred1/spry4/dusp1/ptpn2b/si:ch211-121a2.2",5
"GO:0046856","phosphatidylinositol dephosphorylation","5/1162","34/18773",0.147058823529412,2.37584792953326,2.06254302035269,0.0563540919757592,0.399561535539552,0.36636446323165,"mtmr6/mtm1/inpp5l/zgc:154055/inpp5b",5
"GO:0034101","erythrocyte homeostasis","13/1162","129/18773",0.10077519379845,1.62810044163364,1.8387417410354,0.0563680502470267,0.399561535539552,0.36636446323165,"adnpa/tal1/snx3/adnp2b/clpxa/tet2/lpar2a/trim33/sparc/cicb/slc40a1/sfxn4/klf6a",13
"GO:0014902","myotube differentiation","11/1162","104/18773",0.105769230769231,1.70878293393354,1.86181155832978,0.0568067072640461,0.399561535539552,0.36636446323165,"hnrnpl2/wasla/pbx4/spry4/dag1/rbfox2/myo18ab/dock1/mtm1/rbm24a/myhz2",11
"GO:0051052","regulation of DNA metabolic process","11/1162","104/18773",0.105769230769231,1.70878293393354,1.86181155832978,0.0568067072640461,0.399561535539552,0.36636446323165,"hdgfl2/terfa/rnf168/fam168a/kmt5b/tfam/gmnn/ppp4r3b/tinf2/dbf4/pdgfba",11
"GO:0002244","hematopoietic progenitor cell differentiation","14/1162","142/18773",0.0985915492957746,1.59282199219413,1.82144777696678,0.0569507051447576,0.399561535539552,0.36636446323165,"atf3/cxxc1a/tal1/cdca7a/ing4/gpr182/sf3b1/smarcd1/ythdf2/tet2/wnt9a/hif1ab/myd88/mettl3",14
"GO:0060538","skeletal muscle organ development","16/1162","168/18773",0.0952380952380952,1.53864437341202,1.80139212392015,0.0570802193627931,0.399561535539552,0.36636446323165,"hnrnpl2/pbx4/uqcc2/spry4/marcksa/dag1/rbfox2/myo18ab/cemip2/hspg2/mtm1/kif5ba/rbm24a/smyd2a/fut8a/myhz2",16
"GO:0097190","apoptotic signaling pathway","16/1162","168/18773",0.0952380952380952,1.53864437341202,1.80139212392015,0.0570802193627931,0.399561535539552,0.36636446323165,"uacaa/nck1a/fam162a/rhot1a/casp8ap2/lgals3b/uri1/dedd1/ddit3/siva1/mcl1b/dedd/slc25a5/pin1/bnip3lb/rnf2",16
"GO:0030336","negative regulation of cell migration","6/1162","45/18773",0.133333333333333,2.15410212277682,1.99099937932786,0.05752119708002,0.400391487490486,0.367125459658899,"srgap1a/smad5/tnfrsf19/churc1/stk24b/arpin",6
"GO:0043249","erythrocyte maturation","4/1162","24/18773",0.166666666666667,2.69262765347103,2.13129873170385,0.0576767681940135,0.400391487490486,0.367125459658899,"adnpa/adnp2b/slc40a1/klf6a",4
"GO:0045739","positive regulation of DNA repair","4/1162","24/18773",0.166666666666667,2.69262765347103,2.13129873170385,0.0576767681940135,0.400391487490486,0.367125459658899,"hdgfl2/rnf168/fam168a/kmt5b",4
"GO:1902115","regulation of organelle assembly","8/1162","68/18773",0.117647058823529,1.90067834362661,1.91122425713347,0.0581007204812429,0.402223445094665,0.36880521134824,"ezrb/rab11fip3/mtm1/pan3/phf23b/grk5l/ift74/rnf2",8
"GO:0060070","canonical Wnt signaling pathway","18/1162","195/18773",0.0923076923076923,1.49130146961472,1.77146353885905,0.0585712133640592,0.404366646109563,0.370770347177344,"bambia/dvl3a/otud5b/jupa/csnk1g2b/gsk3ab/tcf7l1a/otud5a/ppm1bb/jade1/bcl9/wnt9a/lrp5/gid8a/pygo2/ppm1ab/tcf7l2/amer2",18
"GO:0060828","regulation of canonical Wnt signaling pathway","13/1162","130/18773",0.1,1.61557659208262,1.80909845033104,0.059252834932558,0.40795171009731,0.374057550590827,"bambia/otud5b/csnk1g2b/gsk3ab/tcf7l1a/otud5a/ppm1bb/jade1/bcl9/gid8a/pygo2/ppm1ab/amer2",13
"GO:0006412","translation","38/1162","473/18773",0.080338266384778,1.29792622619745,1.68569923312684,0.0600909647292306,0.412591787881302,0.378312113293891,"zgc:171772/faua/nck1a/larp4ab/eef1a1l1/ddx6/rida/uqcc2/uba52/gatc/trnau1apb/ngdn/coa3a/eif4g3a/ell2/casc3/ell/eif4eb/eif4e1c/eif3eb/tarbp2/rbm24a/caprin1a/eif2a/eif4e2rs1/igf2bp3/eif4enif1/eif3jb/eif1ad/tnrc6a/paip1/znf598/eif4a1a/eif4e2/eif2s1b/eif4ebp2/dhx29/mettl3",38
"GO:0006974","DNA damage response","37/1162","459/18773",0.0806100217864924,1.30231664285527,1.68439181475719,0.0604523937285073,0.41394241264234,0.3795505230796,"hdgfl2/uacaa/susd6/polb/ube2a/terfa/ino80/rnf168/pole3/fam168a/kmt5b/zgc:86598/ube2al/dmap1/csnk2a1/gtf2h3/uri1/baz1b/rev3l/mcl1b/tdg.2/cenpx/ercc1/rbm24a/ascc1/ppp4r3b/pole/rnaseh2a/ikbkg/tdg.1/smyd2a/pin1/slf2/vrk3/xrcc6/mettl3/ercc8",37
"GO:0055007","cardiac muscle cell differentiation","7/1162","57/18773",0.12280701754386,1.98404142887339,1.91121973296997,0.060990475299792,0.414904665208639,0.380432828090439,"tomm70a/pbx4/gsk3ab/rbfox2/nr2f1a/icam3/rnf2",7
"GO:0006984","ER-nucleus signaling pathway","3/1162","15/18773",0.2,3.23115318416523,2.22048621137347,0.0615835416326392,0.414904665208639,0.380432828090439,"nck1a/tmco1/ddit3",3
"GO:0030512","negative regulation of transforming growth factor beta receptor signaling pathway","3/1162","15/18773",0.2,3.23115318416523,2.22048621137347,0.0615835416326392,0.414904665208639,0.380432828090439,"bambia/ppm1bb/skia",3
"GO:0046112","nucleobase biosynthetic process","3/1162","15/18773",0.2,3.23115318416523,2.22048621137347,0.0615835416326392,0.414904665208639,0.380432828090439,"cmpk/dhodh/cad",3
"GO:0050777","negative regulation of immune response","3/1162","15/18773",0.2,3.23115318416523,2.22048621137347,0.0615835416326392,0.414904665208639,0.380432828090439,"ythdf2/loxl3b/mettl3",3
"GO:0070373","negative regulation of ERK1 and ERK2 cascade","3/1162","15/18773",0.2,3.23115318416523,2.22048621137347,0.0615835416326392,0.414904665208639,0.380432828090439,"spred1/spry4/ptpn2b",3
"GO:0061008","hepaticobiliary system development","16/1162","170/18773",0.0941176470588235,1.52054267490129,1.75128019112305,0.0621949195186083,0.41608221677735,0.381512544254349,"yap1/hdac3/rbp4/eed/foxc1a/arf6a/mbtps1/ppp1cb/gmnn/lrp5/raraa/sec63/rcl1/vps33b/rbm15/klf6a",16
"GO:0035282","segmentation","13/1162","131/18773",0.099236641221374,1.60324394634153,1.779707770508,0.0622351125664265,0.41608221677735,0.381512544254349,"aldoaa/rtf1/prrc1/naa50/dctn2/foxc1a/itga5/creb1a/rbpjb/kif22/churc1/mob1a/rbm24a",13
"GO:0034504","protein localization to nucleus","8/1162","69/18773",0.115942028985507,1.8731322806755,1.86639546953973,0.0623258835104641,0.41608221677735,0.381512544254349,"tor1/cse1l/nup35/kpnb1/nup98/nup153/ipo8/nup88",8
"GO:0055002","striated muscle cell development","19/1162","210/18773",0.0904761904761905,1.46171215474141,1.72831620088115,0.0624206111122408,0.41608221677735,0.381512544254349,"hnrnpl2/tomm70a/pbx4/gsk3ab/spry4/mef2d/dag1/rbfox2/myo18ab/csrp1a/naca/mtm1/rbm24a/smyd2a/fut8a/myhz2/icam3/rnf2/tnnt3a",19
"GO:0072527","pyrimidine-containing compound metabolic process","6/1162","46/18773",0.130434782608696,2.10727381575993,1.93137305830994,0.0628438992917338,0.416693189762868,0.382072755310666,"uck2a/cmpk/dhodh/nme7/cad/thtpa",6
"GO:2000146","negative regulation of cell motility","6/1162","46/18773",0.130434782608696,2.10727381575993,1.93137305830994,0.0628438992917338,0.416693189762868,0.382072755310666,"srgap1a/smad5/tnfrsf19/churc1/stk24b/arpin",6
"GO:0006891","intra-Golgi vesicle-mediated transport","4/1162","25/18773",0.16,2.58492254733219,2.03688684785894,0.0654334354008657,0.43158588756529,0.395728111873173,"copg2/copz1/vti1b/nsfb",4
"GO:0046660","female sex differentiation","4/1162","25/18773",0.16,2.58492254733219,2.03688684785894,0.0654334354008657,0.43158588756529,0.395728111873173,"tfam/ythdf2/bmpr2b/rbpms2b",4
"GO:0017148","negative regulation of translation","7/1162","58/18773",0.120689655172414,1.94983381803074,1.86094285632533,0.0658342559977698,0.433092893514124,0.397109910110548,"ddx6/rida/rbm24a/caprin1a/eif4enif1/tnrc6a/eif4ebp2",7
"GO:0042074","cell migration involved in gastrulation","9/1162","82/18773",0.109756097560976,1.77319382057848,1.80237585212849,0.0663557089569365,0.435383542059481,0.39921024297577,"cyt1/ctnnd1/s1pr1/diaph2/ezrb/csrp1a/smad5/churc1/celsr1a",9
"GO:0070085","glycosylation","19/1162","212/18773",0.089622641509434,1.44792241743253,1.68475351729038,0.0672609079001349,0.43988312070383,0.403335979735139,"dpm2/b3gnt3.4/rpn2/si:dkey-199f5.8/extl2/tmtc3/tusc3/mgat2/magt1/pofut1/si:ch73-91k6.2/galnt7/st3gal3a/fut8a/b3gnt2b/stt3a/mgat1a/zgc:92907/ogt.1",19
"GO:1903047","mitotic cell cycle process","27/1162","322/18773",0.0838509316770186,1.3546760244171,1.64898285993339,0.067391564453233,0.43988312070383,0.403335979735139,"cdk8/ccni/clasp1a/naa50/mad1l1/pdcd6ip/ccnd2a/diaph2/dctn2/dync1li1/smc4/snx9a/tacc1/mcl1b/plk2a/scrib/cntrl/rhoca/dlgap5/ccnjl/prc1a/ccng2/chmp4bb/rock1/ube2s/cdk2/swap70b",27
"GO:1902903","regulation of supramolecular fiber organization","16/1162","172/18773",0.0930232558139535,1.50286194612336,1.7018104147916,0.0676127550875629,0.440183558380947,0.403611455922212,"dbnlb/clasp1a/plekhg2/pfn1/arpc5la/add1/fam49bb/ssh2a/rbm24a/arfip1/smyd2a/hax1/si:ch211-203d1.3/rock1/rnf2/arpin",16
"GO:0042254","ribosome biogenesis","20/1162","226/18773",0.0884955752212389,1.4297137983032,1.66941000188341,0.068392092007326,0.442178676149259,0.405440811816754,"exosc8/utp23/rbm34/nat10/npm1b/ngdn/kri1/riok1/ythdf2/lsm6/wdr46/wdr75/pno1/ddx49/grwd1/sbds/nup88/rcl1/pwp1/pih1d1",20
"GO:0040013","negative regulation of locomotion","6/1162","47/18773",0.127659574468085,2.06243820265866,1.87325295417416,0.0684470772073465,0.442178676149259,0.405440811816754,"srgap1a/smad5/tnfrsf19/churc1/stk24b/arpin",6
"GO:0055006","cardiac cell development","6/1162","47/18773",0.127659574468085,2.06243820265866,1.87325295417416,0.0684470772073465,0.442178676149259,0.405440811816754,"tomm70a/pbx4/gsk3ab/rbfox2/icam3/rnf2",6
"GO:0000245","spliceosomal complex assembly","5/1162","36/18773",0.138888888888889,2.24385637789252,1.91883568971563,0.069094601875728,0.44294575131047,0.406144155494008,"srpk1a/luc7l/puf60a/trnau1apb/sf3b1",5
"GO:0043534","blood vessel endothelial cell migration","5/1162","36/18773",0.138888888888889,2.24385637789252,1.91883568971563,0.069094601875728,0.44294575131047,0.406144155494008,"plekhg5a/itga5/hspg2/acvrl1/sema3d",5
"GO:0051054","positive regulation of DNA metabolic process","5/1162","36/18773",0.138888888888889,2.24385637789252,1.91883568971563,0.069094601875728,0.44294575131047,0.406144155494008,"hdgfl2/rnf168/fam168a/kmt5b/dbf4",5
"GO:0043161","proteasome-mediated ubiquitin-dependent protein catabolic process","23/1162","268/18773",0.0858208955223881,1.38650229917538,1.63697204266353,0.0705738719526941,0.451277710476133,0.413783864214403,"cul1a/ube2a/gsk3ab/hsp90ab1/klhl4/anapc10/spsb4a/ube2al/trim71/ube2g1a/rmnd5b/fbxl14b/spopla/n4bp1/fbxo45/styx/dda1/gid8a/znf598/fzr1a/appbp2/ube2s/ercc8",23
"GO:0009134","nucleoside diphosphate catabolic process","7/1162","59/18773",0.11864406779661,1.91678578721666,1.81166082523583,0.0709035070769909,0.452234805290553,0.414661439998752,"aldoaa/gapdhs/bpgm/pgam1a/tpi1b/eno3/eno1a",7
"GO:0048916","posterior lateral line development","8/1162","71/18773",0.112676056338028,1.820367991079,1.77893542315639,0.0713377980047371,0.452762584963963,0.415145369755635,"yap1/ctnnd1/hdac3/smad5/tnfrsf19/atp2b1a/lrp5/gpr156",8
"GO:0003159","morphogenesis of an endothelium","3/1162","16/18773",0.1875,3.02920611015491,2.08579101224734,0.0724276001414696,0.452762584963963,0.415145369755635,"marcksl1a/marcksl1b/ppp2r2ab",3
"GO:0019748","secondary metabolic process","3/1162","16/18773",0.1875,3.02920611015491,2.08579101224734,0.0724276001414696,0.452762584963963,0.415145369755635,"arl1/tyrp1b/mfsd12a",3
"GO:0031145","anaphase-promoting complex-dependent catabolic process","3/1162","16/18773",0.1875,3.02920611015491,2.08579101224734,0.0724276001414696,0.452762584963963,0.415145369755635,"anapc10/fzr1a/ube2s",3
"GO:0042058","regulation of epidermal growth factor receptor signaling pathway","3/1162","16/18773",0.1875,3.02920611015491,2.08579101224734,0.0724276001414696,0.452762584963963,0.415145369755635,"cblb/mvb12ba/mvb12a",3
"GO:0061154","endothelial tube morphogenesis","3/1162","16/18773",0.1875,3.02920611015491,2.08579101224734,0.0724276001414696,0.452762584963963,0.415145369755635,"marcksl1a/marcksl1b/ppp2r2ab",3
"GO:0072554","blood vessel lumenization","3/1162","16/18773",0.1875,3.02920611015491,2.08579101224734,0.0724276001414696,0.452762584963963,0.415145369755635,"marcksl1a/marcksl1b/ppp2r2ab",3
"GO:0090559","regulation of membrane permeability","3/1162","16/18773",0.1875,3.02920611015491,2.08579101224734,0.0724276001414696,0.452762584963963,0.415145369755635,"rhot1a/slc25a5/bnip3lb",3
"GO:0007517","muscle organ development","20/1162","228/18773",0.087719298245614,1.41717244919528,1.62793084526778,0.0733702345241341,0.456198599302741,0.41829590712451,"hdgfl2/hnrnpl2/pbx4/hsp90ab1/uqcc2/spry4/kmt5b/marcksa/dag1/rbfox2/myo18ab/cemip2/hspg2/mtm1/kif5ba/hs6st2/rbm24a/smyd2a/fut8a/myhz2",20
"GO:0035418","protein localization to synapse","4/1162","26/18773",0.153846153846154,2.48550244935787,1.94697549200138,0.0737033948734233,0.456198599302741,0.41829590712451,"stau2/stx3a/tjp1b/scrib",4
"GO:0071453","cellular response to oxygen levels","4/1162","26/18773",0.153846153846154,2.48550244935787,1.94697549200138,0.0737033948734233,0.456198599302741,0.41829590712451,"fam162a/ndrg1a/atp6v0d1/hif1ab",4
"GO:0097352","autophagosome maturation","4/1162","26/18773",0.153846153846154,2.48550244935787,1.94697549200138,0.0737033948734233,0.456198599302741,0.41829590712451,"map1lc3b/gabarapa/phf23b/gabarapl2",4
"GO:0006364","rRNA processing","15/1162","161/18773",0.093167701863354,1.50519558268567,1.65364502591162,0.0742131475851106,0.458225159413717,0.420154093013855,"exosc8/utp23/rbm34/nat10/ngdn/kri1/riok1/ythdf2/lsm6/wdr46/wdr75/ddx49/rcl1/pwp1/pih1d1",15
"GO:0048915","posterior lateral line system development","9/1162","84/18773",0.107142857142857,1.73097492008852,1.72470735632938,0.0748960092731233,0.46130801790039,0.422980816044548,"yap1/ctnnd1/hdac3/smad5/tnfrsf19/atp2b1a/lrp5/gpr156/kifbp",9
"GO:0048919","posterior lateral line neuromast development","5/1162","37/18773",0.135135135135135,2.18321161092245,1.85050888305787,0.0760122942690025,0.464772946787978,0.426157865632976,"smad5/tnfrsf19/atp2b1a/lrp5/gpr156",5
"GO:0060037","pharyngeal system development","5/1162","37/18773",0.135135135135135,2.18321161092245,1.85050888305787,0.0760122942690025,0.464772946787978,0.426157865632976,"itga5/smad5/prdm1a/wnt9a/sparc",5
"GO:0042176","regulation of protein catabolic process","8/1162","72/18773",0.111111111111111,1.79508510231402,1.7362560714889,0.0761258630068844,0.464772946787978,0.426157865632976,"gsk3ab/hsp90ab1/rnft1/n4bp1/styx/dda1/fzr1a/atraid",8
"GO:0090288","negative regulation of cellular response to growth factor stimulus","7/1162","60/18773",0.116666666666667,1.88483935742972,1.76333438508548,0.076198350209569,0.464772946787978,0.426157865632976,"zmynd11/bambia/spry4/smad6a/sulf2b/churc1/skia",7
"GO:0035162","embryonic hemopoiesis","10/1162","97/18773",0.103092783505155,1.66554287843569,1.68805387588184,0.0770773265370496,0.468995936047471,0.430029993091886,"yap1/tal1/lpar1/smad3a/tet2/trim33/kat8/cicb/dhx8/slc40a1",10
"GO:0009952","anterior/posterior pattern specification","22/1162","258/18773",0.0852713178294574,1.37762345061308,1.56882058575794,0.0797512835422574,0.484094143820514,0.443873785085181,"aldoaa/rtf1/prrc1/naa50/wls/tgif1/tcf7l1a/bptf/dctn2/foxc1a/itga5/ccm2l/creb1a/rbpjb/kif22/churc1/mob1a/smad2/rbm24a/foxl2b/brd2a/rnf2",22
"GO:0035050","embryonic heart tube development","17/1162","190/18773",0.0894736842105263,1.44551589817918,1.58543492790185,0.0810058309676415,0.490524465594417,0.449769851586981,"kdrl/cxxc5a/gsk3ab/tal1/vdrb/cemip2/smad5/bmpr2b/rbm24a/zfpm1/skia/atp6v0d1/grk5l/pard6gb/bnip3lb/bbs7/sema3d",17
"GO:0006479","protein methylation","4/1162","27/18773",0.148148148148148,2.39344680308536,1.8611625172982,0.082474579703537,0.49347290189283,0.45247332072943,"ntmt1/setd7/icmt/smyd2a",4
"GO:0006506","GPI anchor biosynthetic process","4/1162","27/18773",0.148148148148148,2.39344680308536,1.8611625172982,0.082474579703537,0.49347290189283,0.45247332072943,"pigf/pigp/dpm2/pigl",4
"GO:0008213","protein alkylation","4/1162","27/18773",0.148148148148148,2.39344680308536,1.8611625172982,0.082474579703537,0.49347290189283,0.45247332072943,"ntmt1/setd7/icmt/smyd2a",4
"GO:0045324","late endosome to vacuole transport","4/1162","27/18773",0.148148148148148,2.39344680308536,1.8611625172982,0.082474579703537,0.49347290189283,0.45247332072943,"vps36/stam/becn1/chmp4bb",4
"GO:0048702","embryonic neurocranium morphogenesis","4/1162","27/18773",0.148148148148148,2.39344680308536,1.8611625172982,0.082474579703537,0.49347290189283,0.45247332072943,"med12/prdm1a/rbm24a/wnt9a",4
"GO:0043588","skin development","5/1162","38/18773",0.131578947368421,2.12575867379292,1.78433576153271,0.0832895279198427,0.494838808977396,0.453725743125859,"krt4/krt8/dspa/zgc:136930/tgm1l1",5
"GO:1902414","protein localization to cell junction","5/1162","38/18773",0.131578947368421,2.12575867379292,1.78433576153271,0.0832895279198427,0.494838808977396,0.453725743125859,"stau2/stx3a/tjp1b/scrib/arhgef7b",5
"GO:0048246","macrophage chemotaxis","3/1162","17/18773",0.176470588235294,2.85101751543991,1.96124209100228,0.084055030153177,0.494838808977396,0.453725743125859,"lgals3b/cyba/trim33",3
"GO:0051347","positive regulation of transferase activity","3/1162","17/18773",0.176470588235294,2.85101751543991,1.96124209100228,0.084055030153177,0.494838808977396,0.453725743125859,"prrc1/fzr1a/ube2s",3
"GO:0060232","delamination","3/1162","17/18773",0.176470588235294,2.85101751543991,1.96124209100228,0.084055030153177,0.494838808977396,0.453725743125859,"ythdf2/tet2/mettl3",3
"GO:1901184","regulation of ERBB signaling pathway","3/1162","17/18773",0.176470588235294,2.85101751543991,1.96124209100228,0.084055030153177,0.494838808977396,0.453725743125859,"cblb/mvb12ba/mvb12a",3
"GO:0010970","transport along microtubule","9/1162","86/18773",0.104651162790698,1.69071968938878,1.64910229886608,0.0840812460936523,0.494838808977396,0.453725743125859,"stau2/rhot1a/arl8a/arl8ba/copg2/kif5ba/ift52/ift74/kifbp",9
"GO:0048484","enteric nervous system development","6/1162","50/18773",0.12,1.93869191049914,1.7072089818874,0.0869303797101896,0.510411318251651,0.468004429871139,"phactr4b/nup98/tubb5/rnf2/kifbp/sema3d",6
"GO:0014706","striated muscle tissue development","21/1162","247/18773",0.0850202429149798,1.37356714306619,1.51807296499906,0.0873323253036765,0.511148414567353,0.468680285457907,"hnrnpl2/tomm70a/pbx4/gsk3ab/uqcc2/spry4/marcksa/dag1/rbfox2/myo18ab/cemip2/hspg2/mtm1/kif5ba/nr2f1a/rbm24a/smyd2a/fut8a/myhz2/icam3/rnf2",21
"GO:0035966","response to topologically incorrect protein","7/1162","62/18773",0.112903225806452,1.82403808783521,1.66940211465792,0.0874627211555757,0.511148414567353,0.468680285457907,"nck1a/vapb/jkamp/derl1/herpud2/dnajc3a/sec63",7
"GO:0048881","mechanosensory lateral line system development","9/1162","87/18773",0.103448275862069,1.67128612974064,1.61203867200768,0.0889159967507235,0.517235879246685,0.474261980719624,"yap1/ctnnd1/hdac3/smad5/tnfrsf19/atp2b1a/lrp5/gpr156/kifbp",9
"GO:0098876","vesicle-mediated transport to the plasma membrane","9/1162","87/18773",0.103448275862069,1.67128612974064,1.61203867200768,0.0889159967507235,0.517235879246685,0.474261980719624,"stx3a/ehd2b/snx3/rab11fip3/scrib/rab13/rab12/nsfb/exoc4",9
"GO:0002262","myeloid cell homeostasis","13/1162","139/18773",0.0935251798561151,1.51097091345856,1.55316237686823,0.0896914142464321,0.520541625869016,0.477293073502953,"adnpa/tal1/snx3/adnp2b/clpxa/tet2/lpar2a/trim33/sparc/cicb/slc40a1/sfxn4/klf6a",13
"GO:0071826","protein-RNA complex organization","12/1162","126/18773",0.0952380952380952,1.53864437341202,1.55829344228477,0.0904225639357261,0.523575813756866,0.480075169670882,"srpk1a/luc7l/puf60a/prpf6/trnau1apb/sf3b1/coil/eif3eb/tarbp2/eif3jb/dyrk3/pih1d1",12
"GO:0002183","cytoplasmic translational initiation","4/1162","28/18773",0.142857142857143,2.30796656011802,1.77909550485821,0.091732610677667,0.524880855420237,0.481271783573795,"eif3eb/eif3jb/eif4a1a/mettl3",4
"GO:0006505","GPI anchor metabolic process","4/1162","28/18773",0.142857142857143,2.30796656011802,1.77909550485821,0.091732610677667,0.524880855420237,0.481271783573795,"pigf/pigp/dpm2/pigl",4
"GO:0032509","endosome transport via multivesicular body sorting pathway","4/1162","28/18773",0.142857142857143,2.30796656011802,1.77909550485821,0.091732610677667,0.524880855420237,0.481271783573795,"vps36/stam/mvb12a/chmp4bb",4
"GO:1902017","regulation of cilium assembly","4/1162","28/18773",0.142857142857143,2.30796656011802,1.77909550485821,0.091732610677667,0.524880855420237,0.481271783573795,"ezrb/rab11fip3/grk5l/ift74",4
"GO:1905517","macrophage migration","4/1162","28/18773",0.142857142857143,2.30796656011802,1.77909550485821,0.091732610677667,0.524880855420237,0.481271783573795,"lgals3b/cyba/trim33/hif1ab",4
"GO:0007015","actin filament organization","27/1162","333/18773",0.0810810810810811,1.30992696655347,1.46577514195604,0.0919011446020312,0.524880855420237,0.481271783573795,"marcksl1a/wasla/dbnlb/coro1cb/marcksa/plekhg2/diaph2/pfn1/arpc5la/xirp2a/rac1b/sdc4/add1/fam49bb/ssh2a/myo1b/cnn3a/cfl2/cd2ap/arfip1/marcksl1b/rhoca/cfl1l/hax1/si:ch211-203d1.3/rock1/arpin",27
"GO:0048562","embryonic organ morphogenesis","37/1162","477/18773",0.0775681341719078,1.25317261859658,1.43867989838523,0.0926992418512652,0.527630937541062,0.483793378548342,"kras/med12/cxxc5a/tfec/pbx4/gsk3ab/wls/tcf7l1a/vdrb/phactr4b/foxc1a/itga5/ptpn11b/cemip2/smad5/bmpr2b/nbas/hspg2/bcl9/ece1/prdm1a/hs6st2/rbm24a/zfpm1/wnt9a/lrp5/sparc/skia/loxl3b/pygo2/atp6v0d1/lum/grk5l/bnip3lb/rnf2/bbs7/sema3d",37
"GO:0007052","mitotic spindle organization","7/1162","63/18773",0.111111111111111,1.79508510231402,1.62372816997033,0.0934299363147676,0.527630937541062,0.483793378548342,"clasp1a/dctn2/dync1li1/tacc1/plk2a/dlgap5/prc1a",7
"GO:0048483","autonomic nervous system development","7/1162","63/18773",0.111111111111111,1.79508510231402,1.62372816997033,0.0934299363147676,0.527630937541062,0.483793378548342,"phactr4b/nup98/tubb5/cad/rnf2/kifbp/sema3d",7
"GO:0001946","lymphangiogenesis","6/1162","51/18773",0.117647058823529,1.90067834362661,1.65441712298322,0.0936424186801884,0.527630937541062,0.483793378548342,"kdrl/bcar1/lpar1/prox3/itga9/cad",6
"GO:0046839","phospholipid dephosphorylation","6/1162","51/18773",0.117647058823529,1.90067834362661,1.65441712298322,0.0936424186801884,0.527630937541062,0.483793378548342,"mtmr6/plpp5/mtm1/inpp5l/zgc:154055/inpp5b",6
"GO:0048821","erythrocyte development","6/1162","51/18773",0.117647058823529,1.90067834362661,1.65441712298322,0.0936424186801884,0.527630937541062,0.483793378548342,"adnpa/tal1/adnp2b/clpxa/slc40a1/klf6a",6
"GO:1902850","microtubule cytoskeleton organization involved in mitosis","9/1162","88/18773",0.102272727272727,1.65229424190268,1.57545012161704,0.0939118092553993,0.527965048453733,0.484099730272152,"clasp1a/diaph2/dctn2/dync1li1/tacc1/plk2a/scrib/dlgap5/prc1a",9
"GO:0010669","epithelial structure maintenance","3/1162","18/18773",0.166666666666667,2.69262765347103,1.84546357840843,0.0964184838411428,0.539642872812454,0.494807317145145,"prrc1/sulf2b/tcf7l2",3
"GO:0030212","hyaluronan metabolic process","3/1162","18/18773",0.166666666666667,2.69262765347103,1.84546357840843,0.0964184838411428,0.539642872812454,0.494807317145145,"hyal2b/cemip2/hyal2a",3
"GO:0001947","heart looping","13/1162","141/18773",0.0921985815602837,1.48953870192014,1.49876374414637,0.0975718102774018,0.544884353838024,0.499613316250837,"cxxc5a/gsk3ab/vdrb/cemip2/smad5/bmpr2b/rbm24a/zfpm1/skia/atp6v0d1/grk5l/bnip3lb/bbs7",13
"GO:0005975","carbohydrate metabolic process","28/1162","350/18773",0.08,1.29246127366609,1.41869337734563,0.0987850375692673,0.548326036972502,0.502769051430585,"aldoaa/gapdhs/atg3/foxo1a/bpgm/bckdk/man1a1/pdha1a/fuca2/hyal2b/fuca1.2/hdac8/si:dkey-199f5.8/ppp1cb/galm/hyal2a/pgam1a/tpi1b/pfkfb4b/mgat2/eno3/pofut1/si:ch73-91k6.2/pgm3/chst14/fbp1a/eno1a/enosf1",28
"GO:0042752","regulation of circadian rhythm","5/1162","40/18773",0.125,2.01947074010327,1.65793470635643,0.0988986860101979,0.548326036972502,0.502769051430585,"hdac3/ppp1cb/pspc1/gna11b/cry2",5
"GO:0006091","generation of precursor metabolites and energy","21/1162","251/18773",0.0836653386454183,1.35167762684203,1.44080095991374,0.0989027406052635,0.548326036972502,0.502769051430585,"aldoaa/gapdhs/atg3/fdx1/slc25a18/uqcc2/bpgm/reep1/hdac8/ppp1cb/pgam1a/tpi1b/cox6c/ndufa7/uqcrq/eno3/eno1a/mtfr2/sfxn4/mtfr1/mdh2",21
"GO:0051248","negative regulation of protein metabolic process","16/1162","182/18773",0.0879120879120879,1.42028711391878,1.46351346155687,0.0993942736725004,0.548326036972502,0.502769051430585,"ddx6/hsp90ab1/rida/serpinb1l3/spopla/mcl1b/n4bp1/rbm24a/styx/caprin1a/eif4enif1/tnrc6a/serpinh2/atraid/itm2bb/eif4ebp2",16
"GO:0006913","nucleocytoplasmic transport","11/1162","115/18773",0.0956521739130435,1.54533413155729,1.50676451693255,0.0995686730272552,0.548326036972502,0.502769051430585,"npm1b/cse1l/thoc7/nup35/nup58/rangap1b/kpnb1/nup98/nup153/ipo8/nup88",11
"GO:0051169","nuclear transport","11/1162","115/18773",0.0956521739130435,1.54533413155729,1.50676451693255,0.0995686730272552,0.548326036972502,0.502769051430585,"npm1b/cse1l/thoc7/nup35/nup58/rangap1b/kpnb1/nup98/nup153/ipo8/nup88",11
"GO:0009123","nucleoside monophosphate metabolic process","6/1162","52/18773",0.115384615384615,1.8641268370184,1.60280604452994,0.100624540972838,0.548326036972502,0.502769051430585,"uck2a/dnph1/dhodh/ak3/cad/ak1",6
"GO:0038202","TORC1 signaling","6/1162","52/18773",0.115384615384615,1.8641268370184,1.60280604452994,0.100624540972838,0.548326036972502,0.502769051430585,"lamtor2/otud5b/mios/otud5a/depdc5/pim1",6
"GO:0001841","neural tube formation","4/1162","29/18773",0.137931034482759,2.22838150632085,1.70046406554238,0.101461045440594,0.548326036972502,0.502769051430585,"phactr4b/ccdc85b/scrib/pard6gb",4
"GO:0008286","insulin receptor signaling pathway","4/1162","29/18773",0.137931034482759,2.22838150632085,1.70046406554238,0.101461045440594,0.548326036972502,0.502769051430585,"pik3r1/gsk3ab/pik3r2/pik3r3b",4
"GO:0010453","regulation of cell fate commitment","4/1162","29/18773",0.137931034482759,2.22838150632085,1.70046406554238,0.101461045440594,0.548326036972502,0.502769051430585,"brd4/churc1/loxl3b/rnf2",4
"GO:0015868","purine ribonucleotide transport","4/1162","29/18773",0.137931034482759,2.22838150632085,1.70046406554238,0.101461045440594,0.548326036972502,0.502769051430585,"lrrc8aa/slc25a5/slc25a24/shoc2",4
"GO:0051147","regulation of muscle cell differentiation","4/1162","29/18773",0.137931034482759,2.22838150632085,1.70046406554238,0.101461045440594,0.548326036972502,0.502769051430585,"hnrnpl2/prdm1a/rbm24a/rbpms2b",4
"GO:0180046","GPI anchored protein biosynthesis","4/1162","29/18773",0.137931034482759,2.22838150632085,1.70046406554238,0.101461045440594,0.548326036972502,0.502769051430585,"pigf/pigp/dpm2/pigl",4
"GO:1901800","positive regulation of proteasomal protein catabolic process","4/1162","29/18773",0.137931034482759,2.22838150632085,1.70046406554238,0.101461045440594,0.548326036972502,0.502769051430585,"gsk3ab/rnft1/dda1/fzr1a",4
"GO:0009755","hormone-mediated signaling pathway","9/1162","90/18773",0.1,1.61557659208262,1.50364866509525,0.104384024194522,0.56156317152601,0.514906395153805,"tgif1/strn3/foxc1a/adipor2/adipor1b/raraa/rxrbb/nr1d2b/ppardb",9
"GO:0032259","methylation","18/1162","211/18773",0.0853080568720379,1.37821699798517,1.41917585893152,0.10458080552096,0.56156317152601,0.514906395153805,"kmt5b/setd1a/ntmt1/dmap1/setd7/kmt2ca/kmt2ba/ndufaf5/kmt2bb/prdm1a/trmt11/cmtr1/icmt/trmt2a/smyd2a/trmt12/dnmt3ba/mettl3",18
"GO:0051656","establishment of organelle localization","18/1162","211/18773",0.0853080568720379,1.37821699798517,1.41917585893152,0.10458080552096,0.56156317152601,0.514906395153805,"npm1b/rhot1a/clasp1a/mad1l1/copg2/diaph2/dctn2/tacc1/tbc1d23/scrib/kif5ba/pef1/nup88/inpp5b/kifbp/exoc4/si:ch211-200p22.4/bbs7",18
"GO:0009154","purine ribonucleotide catabolic process","7/1162","65/18773",0.107692307692308,1.73985171455051,1.53480784560061,0.106024949043462,0.568103831441835,0.520903632490492,"aldoaa/gapdhs/bpgm/pgam1a/tpi1b/eno3/eno1a",7
"GO:0006626","protein targeting to mitochondrion","5/1162","41/18773",0.121951219512195,1.97021535619831,1.59747594146206,0.107215706324015,0.573261851047339,0.525633104464207,"tomm70a/tomm5/grpel1/agk/dnlz",5
"GO:0009266","response to temperature stimulus","6/1162","53/18773",0.113207547169811,1.82895463254636,1.5523230411371,0.107872438554755,0.575507723146282,0.527692381078271,"ddx6/hsp90ab1/hsbp1a/hspb1/cry2/hsbp1b",6
"GO:0001959","regulation of cytokine-mediated signaling pathway","3/1162","19/18773",0.157894736842105,2.5509104085515,1.7373322581378,0.109467843877407,0.575507723146282,0.527692381078271,"ythdf2/cpne1/mettl3",3
"GO:0008625","extrinsic apoptotic signaling pathway via death domain receptors","3/1162","19/18773",0.157894736842105,2.5509104085515,1.7373322581378,0.109467843877407,0.575507723146282,0.527692381078271,"casp8ap2/dedd1/dedd",3
"GO:0021952","central nervous system projection neuron axonogenesis","3/1162","19/18773",0.157894736842105,2.5509104085515,1.7373322581378,0.109467843877407,0.575507723146282,0.527692381078271,"mycbp2/kif22/kifbp",3
"GO:0032511","late endosome to vacuole transport via multivesicular body sorting pathway","3/1162","19/18773",0.157894736842105,2.5509104085515,1.7373322581378,0.109467843877407,0.575507723146282,0.527692381078271,"vps36/stam/chmp4bb",3
"GO:0035469","determination of pancreatic left/right asymmetry","3/1162","19/18773",0.157894736842105,2.5509104085515,1.7373322581378,0.109467843877407,0.575507723146282,0.527692381078271,"foxc1a/gmnn/grk5l",3
"GO:0060759","regulation of response to cytokine stimulus","3/1162","19/18773",0.157894736842105,2.5509104085515,1.7373322581378,0.109467843877407,0.575507723146282,0.527692381078271,"ythdf2/cpne1/mettl3",3
"GO:1902742","apoptotic process involved in development","3/1162","19/18773",0.157894736842105,2.5509104085515,1.7373322581378,0.109467843877407,0.575507723146282,0.527692381078271,"perp/scrib/pdcd2l",3
"GO:0060027","convergent extension involved in gastrulation","9/1162","91/18773",0.0989010989010989,1.59782300315863,1.46841212680845,0.109858505208311,0.576355790372621,0.528469987695842,"pigp/diaph2/pfn1/csrp1a/smad5/ptprea/scrib/csk/swap70b",9
"GO:0015865","purine nucleotide transport","4/1162","30/18773",0.133333333333333,2.15410212277682,1.62499355512175,0.111641622935104,0.580860038169598,0.532600005677111,"lrrc8aa/slc25a5/slc25a24/shoc2",4
"GO:0030278","regulation of ossification","4/1162","30/18773",0.133333333333333,2.15410212277682,1.62499355512175,0.111641622935104,0.580860038169598,0.532600005677111,"foxc1a/col1a1a/lrp5/atraid",4
"GO:0051503","adenine nucleotide transport","4/1162","30/18773",0.133333333333333,2.15410212277682,1.62499355512175,0.111641622935104,0.580860038169598,0.532600005677111,"lrrc8aa/slc25a5/slc25a24/shoc2",4
"GO:1903052","positive regulation of proteolysis involved in protein catabolic process","4/1162","30/18773",0.133333333333333,2.15410212277682,1.62499355512175,0.111641622935104,0.580860038169598,0.532600005677111,"gsk3ab/rnft1/dda1/fzr1a",4
"GO:0051604","protein maturation","28/1162","355/18773",0.0788732394366197,1.2742575937553,1.34004052336674,0.111967797528069,0.581279759339415,0.532984854836526,"pigf/metap1/tor1/hsp90ab1/zmpste24/pigp/naa50/ppig/fkbp9/erp44/pfdn2/dpm2/vbp1/clpxa/hspb1/atg4a/ece1/lias/mesd/cwc27/dnajc3a/nktr/pcsk7/grpel1/arl2/pigl/dnlz/ppil3",28
"GO:0006006","glucose metabolic process","7/1162","66/18773",0.106060606060606,1.71349032493611,1.49150361833715,0.112647529963508,0.581279759339415,0.532984854836526,"gapdhs/foxo1a/bckdk/pdha1a/galm/tpi1b/fbp1a",7
"GO:0009261","ribonucleotide catabolic process","7/1162","66/18773",0.106060606060606,1.71349032493611,1.49150361833715,0.112647529963508,0.581279759339415,0.532984854836526,"aldoaa/gapdhs/bpgm/pgam1a/tpi1b/eno3/eno1a",7
"GO:0050931","pigment cell differentiation","7/1162","66/18773",0.106060606060606,1.71349032493611,1.49150361833715,0.112647529963508,0.581279759339415,0.532984854836526,"med12/tfec/tyrp1b/nrarpa/sf3b1/uvrag/nsfb",7
"GO:0048469","cell maturation","8/1162","79/18773",0.10126582278481,1.63602692869126,1.45513825510348,0.114879313480277,0.583078579361039,0.534634222138067,"lyz/adnpa/dctn2/adnp2b/ythdf2/slc40a1/klf6a/mettl3",8
"GO:0032456","endocytic recycling","6/1162","54/18773",0.111111111111111,1.79508510231402,1.50291874814526,0.115381130101035,0.583078579361039,0.534634222138067,"ehd2b/snx3/rab11fip3/scrib/rab13/rab12",6
"GO:0036303","lymph vessel morphogenesis","6/1162","54/18773",0.111111111111111,1.79508510231402,1.50291874814526,0.115381130101035,0.583078579361039,0.534634222138067,"kdrl/bcar1/lpar1/prox3/itga9/cad",6
"GO:0007249","canonical NF-kappaB signal transduction","9/1162","92/18773",0.0978260869565217,1.58045536181995,1.43360335590489,0.115490211889347,0.583078579361039,0.534634222138067,"grk4/brd4/map3k14a/tnfrsf19/ppm1bb/ikbkg/cpne1/ppm1ab/myd88",9
"GO:0001935","endothelial cell proliferation","5/1162","42/18773",0.119047619047619,1.92330546676502,1.53870689009074,0.115862619126256,0.583078579361039,0.534634222138067,"nrarpa/hspg2/nr2f1a/arhgef7b/jcada",5
"GO:1901532","regulation of hematopoietic progenitor cell differentiation","5/1162","42/18773",0.119047619047619,1.92330546676502,1.53870689009074,0.115862619126256,0.583078579361039,0.534634222138067,"cdca7a/gpr182/ythdf2/myd88/mettl3",5
"GO:0030177","positive regulation of Wnt signaling pathway","7/1162","67/18773",0.104477611940299,1.68791584247437,1.44893390770463,0.119482591402515,0.583078579361039,0.534634222138067,"bambia/dvl3a/csnk1g2b/sulf2b/ppm1bb/gid8a/ppm1ab",7
"GO:0031214","biomineral tissue development","7/1162","67/18773",0.104477611940299,1.68791584247437,1.44893390770463,0.119482591402515,0.583078579361039,0.534634222138067,"foxc1a/slc10a7/atp2b1a/col1a1a/lrp5/atraid/slc40a1",7
"GO:0071824","protein-DNA complex organization","9/1162","93/18773",0.0967741935483871,1.56346121814447,1.39921159828149,0.121277576077099,0.583078579361039,0.534634222138067,"chd2/gtf2a2/dr1/nap1l4b/chaf1b/cenpx/taf1/dlgap5/zgc:162472",9
"GO:0008154","actin polymerization or depolymerization","12/1162","133/18773",0.0902255639097744,1.45766309060086,1.36055180802628,0.121656271179371,0.583078579361039,0.534634222138067,"dbnlb/plekhg2/diaph2/pfn1/arpc5la/add1/fam49bb/ssh2a/cfl2/cfl1l/hax1/si:ch211-203d1.3",12
"GO:0060041","retina development in camera-type eye","24/1162","301/18773",0.079734219269103,1.28816738239145,1.29460546993182,0.12214297403282,0.583078579361039,0.534634222138067,"yap1/marcksl1a/uba2/itga6b/ctsd/sf1/pbx4/emc3/tyrp1b/marcksa/nfyc/hbegfa/dmap1/foxc1a/itga5/get1/adipor1b/chaf1b/znf644a/marcksl1b/atp6v0d1/cad/nsfb/rnf2",24
"GO:0006446","regulation of translational initiation","4/1162","31/18773",0.129032258064516,2.08461495752596,1.5524399054295,0.122254500942357,0.583078579361039,0.534634222138067,"paip1/eif4ebp2/dhx29/mettl3",4
"GO:0007173","epidermal growth factor receptor signaling pathway","4/1162","31/18773",0.129032258064516,2.08461495752596,1.5524399054295,0.122254500942357,0.583078579361039,0.534634222138067,"hbegfa/cblb/mvb12ba/mvb12a",4
"GO:2001242","regulation of intrinsic apoptotic signaling pathway","4/1162","31/18773",0.129032258064516,2.08461495752596,1.5524399054295,0.122254500942357,0.583078579361039,0.534634222138067,"nck1a/uri1/pin1/rnf2",4
"GO:0000082","G1/S transition of mitotic cell cycle","6/1162","55/18773",0.109090909090909,1.76244719136285,1.45454687120615,0.123144995561181,0.583078579361039,0.534634222138067,"cdk8/ccni/ccnd2a/ccnjl/ccng2/cdk2",6
"GO:0008045","motor neuron axon guidance","6/1162","55/18773",0.109090909090909,1.76244719136285,1.45454687120615,0.123144995561181,0.583078579361039,0.534634222138067,"reep1/foxc1a/rac1b/hif1ab/plod3/pin1",6
"GO:0008585","female gonad development","3/1162","20/18773",0.15,2.42336488812392,1.63592051119553,0.123151093590168,0.583078579361039,0.534634222138067,"tfam/ythdf2/bmpr2b",3
"GO:0030150","protein import into mitochondrial matrix","3/1162","20/18773",0.15,2.42336488812392,1.63592051119553,0.123151093590168,0.583078579361039,0.534634222138067,"tomm70a/grpel1/dnlz",3
"GO:0045022","early endosome to late endosome transport","3/1162","20/18773",0.15,2.42336488812392,1.63592051119553,0.123151093590168,0.583078579361039,0.534634222138067,"ezrb/becn1/aktip",3
"GO:0045454","cell redox homeostasis","3/1162","20/18773",0.15,2.42336488812392,1.63592051119553,0.123151093590168,0.583078579361039,0.534634222138067,"selenot1a/gclm/prdx4",3
"GO:0048844","artery morphogenesis","3/1162","20/18773",0.15,2.42336488812392,1.63592051119553,0.123151093590168,0.583078579361039,0.534634222138067,"kdrl/tal1/acvrl1",3
"GO:0098927","vesicle-mediated transport between endosomal compartments","3/1162","20/18773",0.15,2.42336488812392,1.63592051119553,0.123151093590168,0.583078579361039,0.534634222138067,"ezrb/becn1/aktip",3
"GO:0001709","cell fate determination","2/1162","10/18773",0.2,3.23115318416523,1.81277781505555,0.123841706209533,0.583078579361039,0.534634222138067,"prdm1a/acvr1ba",2
"GO:0006582","melanin metabolic process","2/1162","10/18773",0.2,3.23115318416523,1.81277781505555,0.123841706209533,0.583078579361039,0.534634222138067,"tyrp1b/mfsd12a",2
"GO:0006620","post-translational protein targeting to endoplasmic reticulum membrane","2/1162","10/18773",0.2,3.23115318416523,1.81277781505555,0.123841706209533,0.583078579361039,0.534634222138067,"sec62/sec63",2
"GO:0014004","microglia differentiation","2/1162","10/18773",0.2,3.23115318416523,1.81277781505555,0.123841706209533,0.583078579361039,0.534634222138067,"sumf1/trim35-28",2
"GO:0014020","primary neural tube formation","2/1162","10/18773",0.2,3.23115318416523,1.81277781505555,0.123841706209533,0.583078579361039,0.534634222138067,"phactr4b/ccdc85b",2
"GO:0021999","neural plate anterior/posterior regionalization","2/1162","10/18773",0.2,3.23115318416523,1.81277781505555,0.123841706209533,0.583078579361039,0.534634222138067,"bptf/smad2",2
"GO:0031397","negative regulation of protein ubiquitination","2/1162","10/18773",0.2,3.23115318416523,1.81277781505555,0.123841706209533,0.583078579361039,0.534634222138067,"spopla/n4bp1",2
"GO:0036372","opsin transport","2/1162","10/18773",0.2,3.23115318416523,1.81277781505555,0.123841706209533,0.583078579361039,0.534634222138067,"dync1li1/ift74",2
"GO:0038203","TORC2 signaling","2/1162","10/18773",0.2,3.23115318416523,1.81277781505555,0.123841706209533,0.583078579361039,0.534634222138067,"otud5b/otud5a",2
"GO:0044550","secondary metabolite biosynthetic process","2/1162","10/18773",0.2,3.23115318416523,1.81277781505555,0.123841706209533,0.583078579361039,0.534634222138067,"tyrp1b/mfsd12a",2
"GO:0046632","alpha-beta T cell differentiation","2/1162","10/18773",0.2,3.23115318416523,1.81277781505555,0.123841706209533,0.583078579361039,0.534634222138067,"brd4/loxl3b",2
"GO:0048823","nucleate erythrocyte development","2/1162","10/18773",0.2,3.23115318416523,1.81277781505555,0.123841706209533,0.583078579361039,0.534634222138067,"tal1/slc40a1",2
"GO:0051382","kinetochore assembly","2/1162","10/18773",0.2,3.23115318416523,1.81277781505555,0.123841706209533,0.583078579361039,0.534634222138067,"cenpx/dlgap5",2
"GO:0060211","regulation of nuclear-transcribed mRNA poly(A) tail shortening","2/1162","10/18773",0.2,3.23115318416523,1.81277781505555,0.123841706209533,0.583078579361039,0.534634222138067,"rbm24a/tnrc6a",2
"GO:0060839","endothelial cell fate commitment","2/1162","10/18773",0.2,3.23115318416523,1.81277781505555,0.123841706209533,0.583078579361039,0.534634222138067,"tcf7l1a/mettl3",2
"GO:0061158","3'-UTR-mediated mRNA destabilization","2/1162","10/18773",0.2,3.23115318416523,1.81277781505555,0.123841706209533,0.583078579361039,0.534634222138067,"rbm24a/zfp36l1b",2
"GO:0090329","regulation of DNA-templated DNA replication","2/1162","10/18773",0.2,3.23115318416523,1.81277781505555,0.123841706209533,0.583078579361039,0.534634222138067,"gmnn/dbf4",2
"GO:0150105","protein localization to cell-cell junction","2/1162","10/18773",0.2,3.23115318416523,1.81277781505555,0.123841706209533,0.583078579361039,0.534634222138067,"tjp1b/arhgef7b",2
"GO:1900151","regulation of nuclear-transcribed mRNA catabolic process, deadenylation-dependent decay","2/1162","10/18773",0.2,3.23115318416523,1.81277781505555,0.123841706209533,0.583078579361039,0.534634222138067,"rbm24a/zfp36l1b",2
"GO:1901874","negative regulation of post-translational protein modification","2/1162","10/18773",0.2,3.23115318416523,1.81277781505555,0.123841706209533,0.583078579361039,0.534634222138067,"spopla/n4bp1",2
"GO:1902946","protein localization to early endosome","2/1162","10/18773",0.2,3.23115318416523,1.81277781505555,0.123841706209533,0.583078579361039,0.534634222138067,"ezrb/scrib",2
"GO:1903321","negative regulation of protein modification by small protein conjugation or removal","2/1162","10/18773",0.2,3.23115318416523,1.81277781505555,0.123841706209533,0.583078579361039,0.534634222138067,"spopla/n4bp1",2
"GO:1905477","positive regulation of protein localization to membrane","2/1162","10/18773",0.2,3.23115318416523,1.81277781505555,0.123841706209533,0.583078579361039,0.534634222138067,"mesd/efcab7",2
"GO:2000514","regulation of CD4-positive, alpha-beta T cell activation","2/1162","10/18773",0.2,3.23115318416523,1.81277781505555,0.123841706209533,0.583078579361039,0.534634222138067,"brd4/loxl3b",2
"GO:0001837","epithelial to mesenchymal transition","5/1162","43/18773",0.116279069767442,1.8785774326542,1.48153430159161,0.124829397411953,0.583078579361039,0.534634222138067,"tfec/pef1/rock1/rnf2/hsbp1b",5
"GO:0006282","regulation of DNA repair","5/1162","43/18773",0.116279069767442,1.8785774326542,1.48153430159161,0.124829397411953,0.583078579361039,0.534634222138067,"hdgfl2/rnf168/fam168a/kmt5b/ppp4r3b",5
"GO:0006997","nucleus organization","5/1162","43/18773",0.116279069767442,1.8785774326542,1.48153430159161,0.124829397411953,0.583078579361039,0.534634222138067,"tor1/nup35/agfg1a/coil/phf2",5
"GO:0140056","organelle localization by membrane tethering","5/1162","43/18773",0.116279069767442,1.8785774326542,1.48153430159161,0.124829397411953,0.583078579361039,0.534634222138067,"vapb/stx4/stx3a/pam/exoc4",5
"GO:0170036","import into the mitochondrion","5/1162","43/18773",0.116279069767442,1.8785774326542,1.48153430159161,0.124829397411953,0.583078579361039,0.534634222138067,"tomm70a/slc25a28/grpel1/sfxn2/dnlz",5
"GO:0021915","neural tube development","10/1162","107/18773",0.0934579439252336,1.50988466549777,1.35864044033234,0.125909808483537,0.587034042150516,0.538261050230373,"wls/tcf7l1a/phactr4b/creb1a/ccdc85b/scrib/celsr1a/foxl2b/pard6gb/brd2a",10
"GO:0051301","cell division","25/1162","317/18773",0.0788643533123028,1.2741140316109,1.26432415662135,0.12732597694697,0.592537370495809,0.543307141397502,"ccni/arl8ba/anapc10/cdca7a/pdcd6ip/dctn3/ccnd2a/anxa11a/sdc4/ythdf2/snx9a/ppp1cb/rab11fip3/spc25/rhoca/birc6/si:dkey-6i22.5/becn1/gnai1/dhx8/pard6gb/chmp4bb/rock1/fzr1a/ube2s",25
"GO:0034976","response to endoplasmic reticulum stress","12/1162","135/18773",0.0888888888888889,1.43606808185121,1.30613437167812,0.131577895129597,0.61119269955763,0.560412515689635,"nck1a/man1a1/tmco1/tmub1/jkamp/derl1/rnft1/ddit3/herpud2/sec63/aup1/tmub2",12
"GO:0001838","embryonic epithelial tube formation","4/1162","32/18773",0.125,2.01947074010327,1.48258534416014,0.133278484991295,0.613576272882665,0.562598052795005,"phactr4b/ccdc85b/scrib/pard6gb",4
"GO:0040036","regulation of fibroblast growth factor receptor signaling pathway","4/1162","32/18773",0.125,2.01947074010327,1.48258534416014,0.133278484991295,0.613576272882665,0.562598052795005,"spry4/foxc1a/sulf2b/churc1",4
"GO:1902036","regulation of hematopoietic stem cell differentiation","4/1162","32/18773",0.125,2.01947074010327,1.48258534416014,0.133278484991295,0.613576272882665,0.562598052795005,"cdca7a/gpr182/ythdf2/mettl3",4
"GO:1902369","negative regulation of RNA catabolic process","4/1162","32/18773",0.125,2.01947074010327,1.48258534416014,0.133278484991295,0.613576272882665,0.562598052795005,"zcchc17/nbas/rbm24a/igf2bp3",4
"GO:0001894","tissue homeostasis","9/1162","95/18773",0.0947368421052632,1.5305462451309,1.33163803305034,0.133311836448044,0.613576272882665,0.562598052795005,"prrc1/emc3/dctn2/sulf2b/tjp1b/celsr1a/lrp5/ift74/tcf7l2",9
"GO:0022406","membrane docking","5/1162","44/18773",0.113636363636364,1.83588249100297,1.42587219418808,0.134105134097958,0.615032971595764,0.563933723510641,"vapb/stx4/stx3a/pam/exoc4",5
"GO:0048741","skeletal muscle fiber development","8/1162","82/18773",0.0975609756097561,1.57617228495865,1.34310309451026,0.13421532579472,0.615032971595764,0.563933723510641,"hnrnpl2/pbx4/spry4/dag1/rbfox2/myo18ab/mtm1/myhz2",8
"GO:0022618","protein-RNA complex assembly","11/1162","122/18773",0.0901639344262295,1.45666741909088,1.29985590235082,0.134607295812841,0.615032971595764,0.563933723510641,"srpk1a/luc7l/puf60a/prpf6/trnau1apb/sf3b1/coil/eif3eb/tarbp2/eif3jb/pih1d1",11
"GO:0051056","regulation of small GTPase mediated signal transduction","11/1162","122/18773",0.0901639344262295,1.45666741909088,1.29985590235082,0.134607295812841,0.615032971595764,0.563933723510641,"dock6/spry4/stambpa/diaph2/stard8/git1/cyth3a/ralgapa2/dock7/sipa1l3/shoc2",11
"GO:0110053","regulation of actin filament organization","12/1162","136/18773",0.0882352941176471,1.42550875771996,1.27925252510794,0.136701203649652,0.615550923440897,0.564408641972113,"dbnlb/plekhg2/pfn1/arpc5la/add1/fam49bb/ssh2a/arfip1/hax1/si:ch211-203d1.3/rock1/arpin",12
"GO:0001755","neural crest cell migration","10/1162","109/18773",0.091743119266055,1.48218035970882,1.2968409956526,0.137326817733826,0.615550923440897,0.564408641972113,"pbx4/phactr4b/nrarpa/foxc1a/sema4c/lrp5/hif1ab/acvr2aa/plod3/sema3d",10
"GO:0021700","developmental maturation","10/1162","109/18773",0.091743119266055,1.48218035970882,1.2968409956526,0.137326817733826,0.615550923440897,0.564408641972113,"lyz/adnpa/dctn2/adnp2b/ythdf2/col1a1a/nsfb/slc40a1/klf6a/mettl3",10
"GO:0000289","nuclear-transcribed mRNA poly(A) tail shortening","3/1162","21/18773",0.142857142857143,2.30796656011802,1.54045430164287,0.137415068862055,0.615550923440897,0.564408641972113,"pan3/rbm24a/tnrc6a",3
"GO:0006376","mRNA splice site recognition","3/1162","21/18773",0.142857142857143,2.30796656011802,1.54045430164287,0.137415068862055,0.615550923440897,0.564408641972113,"luc7l/puf60a/trnau1apb",3
"GO:0010507","negative regulation of autophagy","3/1162","21/18773",0.142857142857143,2.30796656011802,1.54045430164287,0.137415068862055,0.615550923440897,0.564408641972113,"mtm1/zgc:154055/phf23b",3
"GO:0038092","nodal signaling pathway","3/1162","21/18773",0.142857142857143,2.30796656011802,1.54045430164287,0.137415068862055,0.615550923440897,0.564408641972113,"smad3a/smad2/prex1",3
"GO:0044804","nucleophagy","3/1162","21/18773",0.142857142857143,2.30796656011802,1.54045430164287,0.137415068862055,0.615550923440897,0.564408641972113,"atg3/atg13/atg4a",3
"GO:0045619","regulation of lymphocyte differentiation","3/1162","21/18773",0.142857142857143,2.30796656011802,1.54045430164287,0.137415068862055,0.615550923440897,0.564408641972113,"brd4/loxl3b/mettl3",3
"GO:0046545","development of primary female sexual characteristics","3/1162","21/18773",0.142857142857143,2.30796656011802,1.54045430164287,0.137415068862055,0.615550923440897,0.564408641972113,"tfam/ythdf2/bmpr2b",3
"GO:0071248","cellular response to metal ion","3/1162","21/18773",0.142857142857143,2.30796656011802,1.54045430164287,0.137415068862055,0.615550923440897,0.564408641972113,"hvcn1/cpne1/slc25a24",3
"GO:0044843","cell cycle G1/S phase transition","6/1162","57/18773",0.105263157894737,1.70060693903433,1.36072909904934,0.139412793243868,0.620708534228433,0.569137739093992,"cdk8/ccni/ccnd2a/ccnjl/ccng2/cdk2",6
"GO:0097191","extrinsic apoptotic signaling pathway","6/1162","57/18773",0.105263157894737,1.70060693903433,1.36072909904934,0.139412793243868,0.620708534228433,0.569137739093992,"casp8ap2/lgals3b/dedd1/siva1/mcl1b/dedd",6
"GO:0000910","cytokinesis","9/1162","96/18773",0.09375,1.51460305507745,1.29843659043075,0.13955444561841,0.620708534228433,0.569137739093992,"pdcd6ip/dctn3/anxa11a/snx9a/rab11fip3/rhoca/birc6/chmp4bb/rock1",9
"GO:0071695","anatomical structure maturation","9/1162","96/18773",0.09375,1.51460305507745,1.29843659043075,0.13955444561841,0.620708534228433,0.569137739093992,"lyz/adnpa/dctn2/adnp2b/ythdf2/col1a1a/slc40a1/klf6a/mettl3",9
"GO:0014904","myotube cell development","8/1162","83/18773",0.0963855421686747,1.55718225742903,1.30676652966925,0.141006781792347,0.62246932170844,0.570752233740245,"hnrnpl2/pbx4/spry4/dag1/rbfox2/myo18ab/mtm1/myhz2",8
"GO:0032200","telomere organization","5/1162","45/18773",0.111111111111111,1.79508510231402,1.37164113467813,0.1436781262252,0.62246932170844,0.570752233740245,"terfa/hat1/rif1/tinf2/xrcc6",5
"GO:0016072","rRNA metabolic process","15/1162","179/18773",0.0837988826815642,1.35383513303013,1.22182043136521,0.143752546855704,0.62246932170844,0.570752233740245,"exosc8/utp23/rbm34/nat10/ngdn/kri1/riok1/ythdf2/lsm6/wdr46/wdr75/ddx49/rcl1/pwp1/pih1d1",15
"GO:0006000","fructose metabolic process","2/1162","11/18773",0.181818181818182,2.93741198560476,1.650992449685,0.145399718202489,0.62246932170844,0.570752233740245,"pfkfb4b/fbp1a",2
"GO:0007035","vacuolar acidification","2/1162","11/18773",0.181818181818182,2.93741198560476,1.650992449685,0.145399718202489,0.62246932170844,0.570752233740245,"atp6v0d1/atp6v0a2b",2
"GO:0015866","ADP transport","2/1162","11/18773",0.181818181818182,2.93741198560476,1.650992449685,0.145399718202489,0.62246932170844,0.570752233740245,"slc25a5/slc25a24",2
"GO:0016233","telomere capping","2/1162","11/18773",0.181818181818182,2.93741198560476,1.650992449685,0.145399718202489,0.62246932170844,0.570752233740245,"terfa/tinf2",2
"GO:0016556","mRNA modification","2/1162","11/18773",0.181818181818182,2.93741198560476,1.650992449685,0.145399718202489,0.62246932170844,0.570752233740245,"cmtr1/mettl3",2
"GO:0030201","heparan sulfate proteoglycan metabolic process","2/1162","11/18773",0.181818181818182,2.93741198560476,1.650992449685,0.145399718202489,0.62246932170844,0.570752233740245,"sulf2b/hs6st2",2
"GO:0033962","P-body assembly","2/1162","11/18773",0.181818181818182,2.93741198560476,1.650992449685,0.145399718202489,0.62246932170844,0.570752233740245,"ddx6/pan3",2
"GO:0034063","stress granule assembly","2/1162","11/18773",0.181818181818182,2.93741198560476,1.650992449685,0.145399718202489,0.62246932170844,0.570752233740245,"ddx6/ythdf2",2
"GO:0034644","cellular response to UV","2/1162","11/18773",0.181818181818182,2.93741198560476,1.650992449685,0.145399718202489,0.62246932170844,0.570752233740245,"ercc1/mettl3",2
"GO:0045824","negative regulation of innate immune response","2/1162","11/18773",0.181818181818182,2.93741198560476,1.650992449685,0.145399718202489,0.62246932170844,0.570752233740245,"ythdf2/mettl3",2
"GO:0045911","positive regulation of DNA recombination","2/1162","11/18773",0.181818181818182,2.93741198560476,1.650992449685,0.145399718202489,0.62246932170844,0.570752233740245,"hdgfl2/kmt5b",2
"GO:0046349","amino sugar biosynthetic process","2/1162","11/18773",0.181818181818182,2.93741198560476,1.650992449685,0.145399718202489,0.62246932170844,0.570752233740245,"uap1l1/pgm3",2
"GO:0051149","positive regulation of muscle cell differentiation","2/1162","11/18773",0.181818181818182,2.93741198560476,1.650992449685,0.145399718202489,0.62246932170844,0.570752233740245,"prdm1a/rbm24a",2
"GO:0051155","positive regulation of striated muscle cell differentiation","2/1162","11/18773",0.181818181818182,2.93741198560476,1.650992449685,0.145399718202489,0.62246932170844,0.570752233740245,"prdm1a/rbm24a",2
"GO:0051383","kinetochore organization","2/1162","11/18773",0.181818181818182,2.93741198560476,1.650992449685,0.145399718202489,0.62246932170844,0.570752233740245,"cenpx/dlgap5",2
"GO:0060217","hemangioblast cell differentiation","2/1162","11/18773",0.181818181818182,2.93741198560476,1.650992449685,0.145399718202489,0.62246932170844,0.570752233740245,"tal1/lpar1",2
"GO:0060297","regulation of sarcomere organization","2/1162","11/18773",0.181818181818182,2.93741198560476,1.650992449685,0.145399718202489,0.62246932170844,0.570752233740245,"rbm24a/smyd2a",2
"GO:0060606","tube closure","2/1162","11/18773",0.181818181818182,2.93741198560476,1.650992449685,0.145399718202489,0.62246932170844,0.570752233740245,"phactr4b/ccdc85b",2
"GO:2000765","regulation of cytoplasmic translation","2/1162","11/18773",0.181818181818182,2.93741198560476,1.650992449685,0.145399718202489,0.62246932170844,0.570752233740245,"rbm24a/mettl3",2
"GO:0090497","mesenchymal cell migration","10/1162","111/18773",0.0900900900900901,1.45547440728164,1.23626821778559,0.149268535020939,0.637945286577583,0.584942397352014,"pbx4/phactr4b/nrarpa/foxc1a/sema4c/lrp5/hif1ab/acvr2aa/plod3/sema3d",10
"GO:0006275","regulation of DNA replication","3/1162","22/18773",0.136363636363636,2.20305898920357,1.45028172427292,0.152206104361775,0.647197868462167,0.593426239999867,"gmnn/dbf4/pdgfba",3
"GO:0006903","vesicle targeting","3/1162","22/18773",0.136363636363636,2.20305898920357,1.45028172427292,0.152206104361775,0.647197868462167,0.593426239999867,"tbc1d23/pef1/exoc4",3
"GO:0036342","post-anal tail morphogenesis","3/1162","22/18773",0.136363636363636,2.20305898920357,1.45028172427292,0.152206104361775,0.647197868462167,0.593426239999867,"rtf1/dvl3a/smad5",3
"GO:0060249","anatomical structure homeostasis","9/1162","98/18773",0.0918367346938776,1.4836927886473,1.23315785435428,0.152478271728982,0.647259960903602,0.593483173568176,"prrc1/emc3/dctn2/sulf2b/tjp1b/celsr1a/lrp5/ift74/tcf7l2",9
"GO:1901136","carbohydrate derivative catabolic process","13/1162","153/18773",0.0849673202614379,1.37271213706366,1.18903801774963,0.153332551093484,0.647375611424948,0.593589215410062,"aldoaa/gapdhs/bpgm/fuca2/hyal2b/fuca1.2/cemip2/hyal2a/pgam1a/tpi1b/lygl1/eno3/eno1a",13
"GO:0035265","organ growth","5/1162","46/18773",0.108695652173913,1.75606151313328,1.31876760391781,0.153535958778062,0.647375611424948,0.593589215410062,"yap1/wwc3/rap1aa/tsku/klf6a",5
"GO:0070585","protein localization to mitochondrion","5/1162","46/18773",0.108695652173913,1.75606151313328,1.31876760391781,0.153535958778062,0.647375611424948,0.593589215410062,"tomm70a/tomm5/grpel1/agk/dnlz",5
"GO:0072655","establishment of protein localization to mitochondrion","5/1162","46/18773",0.108695652173913,1.75606151313328,1.31876760391781,0.153535958778062,0.647375611424948,0.593589215410062,"tomm70a/tomm5/grpel1/agk/dnlz",5
"GO:0048638","regulation of developmental growth","8/1162","85/18773",0.0941176470588235,1.52054267490129,1.23552266822939,0.155088711242557,0.651968798976436,0.597800783697162,"yap1/dbnlb/mycbp2/kmt5b/wwc3/becn1/pard6gb/sema3d",8
"GO:0006890","retrograde vesicle-mediated transport, Golgi to endoplasmic reticulum","4/1162","34/18773",0.117647058823529,1.90067834362661,1.35021305142356,0.156469534665397,0.651968798976436,0.597800783697162,"ergic2/stx18/nbas/copz1",4
"GO:0010565","regulation of cellular ketone metabolic process","4/1162","34/18773",0.117647058823529,1.90067834362661,1.35021305142356,0.156469534665397,0.651968798976436,0.597800783697162,"bckdk/si:dkeyp-120h9.1/rcor1/ppardb",4
"GO:0034332","adherens junction organization","4/1162","34/18773",0.117647058823529,1.90067834362661,1.35021305142356,0.156469534665397,0.651968798976436,0.597800783697162,"jupa/add1/csk/rock1",4
"GO:0006029","proteoglycan metabolic process","6/1162","59/18773",0.101694915254237,1.64295924618571,1.27055206873809,0.15661950567826,0.651968798976436,0.597800783697162,"sulf2b/chpf2/hs6st2/chst14/glceb/dse",6
"GO:0048048","embryonic eye morphogenesis","6/1162","59/18773",0.101694915254237,1.64295924618571,1.27055206873809,0.15661950567826,0.651968798976436,0.597800783697162,"tfec/tcf7l1a/phactr4b/foxc1a/hs6st2/lum",6
"GO:0006195","purine nucleotide catabolic process","7/1162","72/18773",0.0972222222222222,1.57069946452477,1.24625704518011,0.156700817581284,0.651968798976436,0.597800783697162,"aldoaa/gapdhs/bpgm/pgam1a/tpi1b/eno3/eno1a",7
"GO:0051168","nuclear export","7/1162","72/18773",0.0972222222222222,1.57069946452477,1.24625704518011,0.156700817581284,0.651968798976436,0.597800783697162,"npm1b/cse1l/thoc7/rangap1b/nup98/nup153/nup88",7
"GO:0048872","homeostasis of number of cells","14/1162","168/18773",0.0833333333333333,1.34631382673551,1.15817973913712,0.158494696514925,0.658342433623153,0.603644872851104,"adnpa/tfec/tal1/snx3/adnp2b/clpxa/tet2/lpar2a/trim33/sparc/cicb/slc40a1/sfxn4/klf6a",14
"GO:0031016","pancreas development","14/1162","169/18773",0.0828402366863905,1.33834747273116,1.13493098263245,0.163625577782406,0.661976677641683,0.606977170233793,"yap1/pepd/lnx2b/pbx4/zfand3/eed/foxc1a/zgc:153115/gmnn/sbds/grk5l/rcl1/tcf7l2/klf6a",14
"GO:0032869","cellular response to insulin stimulus","5/1162","47/18773",0.106382978723404,1.71869850221555,1.26718343623828,0.16366558753648,0.661976677641683,0.606977170233793,"pik3r1/gsk3ab/pik3r2/rab13/pik3r3b",5
"GO:0090263","positive regulation of canonical Wnt signaling pathway","5/1162","47/18773",0.106382978723404,1.71869850221555,1.26718343623828,0.16366558753648,0.661976677641683,0.606977170233793,"bambia/csnk1g2b/ppm1bb/gid8a/ppm1ab",5
"GO:1902105","regulation of leukocyte differentiation","5/1162","47/18773",0.106382978723404,1.71869850221555,1.26718343623828,0.16366558753648,0.661976677641683,0.606977170233793,"med12/brd4/asxl1/loxl3b/mettl3",5
"GO:0033339","pectoral fin development","7/1162","73/18773",0.0958904109589041,1.54918303350388,1.2076026759143,0.164718843736698,0.661976677641683,0.606977170233793,"med12/foxc1a/prdm1a/col1a1a/zmat2/rnf2/bbs7",7
"GO:0035675","neuromast hair cell development","3/1162","23/18773",0.130434782608696,2.10727381575993,1.364849108152,0.167470585518097,0.661976677641683,0.606977170233793,"lrp5/gpr156/atp6v0d1",3
"GO:0000054","ribosomal subunit export from nucleus","2/1162","12/18773",0.166666666666667,2.69262765347103,1.50657373373385,0.167647375158571,0.661976677641683,0.606977170233793,"npm1b/nup88",2
"GO:0000479","endonucleolytic cleavage of tricistronic rRNA transcript (SSU-rRNA, 5.8S rRNA, LSU-rRNA)","2/1162","12/18773",0.166666666666667,2.69262765347103,1.50657373373385,0.167647375158571,0.661976677641683,0.606977170233793,"kri1/rcl1",2
"GO:0000712","resolution of meiotic recombination intermediates","2/1162","12/18773",0.166666666666667,2.69262765347103,1.50657373373385,0.167647375158571,0.661976677641683,0.606977170233793,"cenpx/top2a",2
"GO:0006086","acetyl-CoA biosynthetic process from pyruvate","2/1162","12/18773",0.166666666666667,2.69262765347103,1.50657373373385,0.167647375158571,0.661976677641683,0.606977170233793,"bckdk/pdha1a",2
"GO:0006312","mitotic recombination","2/1162","12/18773",0.166666666666667,2.69262765347103,1.50657373373385,0.167647375158571,0.661976677641683,0.606977170233793,"terfa/ercc1",2
"GO:0006356","regulation of transcription by RNA polymerase I","2/1162","12/18773",0.166666666666667,2.69262765347103,1.50657373373385,0.167647375158571,0.661976677641683,0.606977170233793,"wdr75/ubtf",2
"GO:0010002","cardioblast differentiation","2/1162","12/18773",0.166666666666667,2.69262765347103,1.50657373373385,0.167647375158571,0.661976677641683,0.606977170233793,"atf3/sema3d",2
"GO:0010996","response to auditory stimulus","2/1162","12/18773",0.166666666666667,2.69262765347103,1.50657373373385,0.167647375158571,0.661976677641683,0.606977170233793,"stx4/get1",2
"GO:0016203","muscle attachment","2/1162","12/18773",0.166666666666667,2.69262765347103,1.50657373373385,0.167647375158571,0.661976677641683,0.606977170233793,"dag1/cemip2",2
"GO:0016447","somatic recombination of immunoglobulin gene segments","2/1162","12/18773",0.166666666666667,2.69262765347103,1.50657373373385,0.167647375158571,0.661976677641683,0.606977170233793,"rnf168/kmt5b",2
"GO:0030309","poly-N-acetyllactosamine metabolic process","2/1162","12/18773",0.166666666666667,2.69262765347103,1.50657373373385,0.167647375158571,0.661976677641683,0.606977170233793,"b3gnt3.4/b3gnt2b",2
"GO:0030311","poly-N-acetyllactosamine biosynthetic process","2/1162","12/18773",0.166666666666667,2.69262765347103,1.50657373373385,0.167647375158571,0.661976677641683,0.606977170233793,"b3gnt3.4/b3gnt2b",2
"GO:0033750","ribosome localization","2/1162","12/18773",0.166666666666667,2.69262765347103,1.50657373373385,0.167647375158571,0.661976677641683,0.606977170233793,"npm1b/nup88",2
"GO:0034103","regulation of tissue remodeling","2/1162","12/18773",0.166666666666667,2.69262765347103,1.50657373373385,0.167647375158571,0.661976677641683,0.606977170233793,"s1pr1/lrp5",2
"GO:0034643","establishment of mitochondrion localization, microtubule-mediated","2/1162","12/18773",0.166666666666667,2.69262765347103,1.50657373373385,0.167647375158571,0.661976677641683,0.606977170233793,"rhot1a/kifbp",2
"GO:0035710","CD4-positive, alpha-beta T cell activation","2/1162","12/18773",0.166666666666667,2.69262765347103,1.50657373373385,0.167647375158571,0.661976677641683,0.606977170233793,"brd4/loxl3b",2
"GO:0042795","snRNA transcription by RNA polymerase II","2/1162","12/18773",0.166666666666667,2.69262765347103,1.50657373373385,0.167647375158571,0.661976677641683,0.606977170233793,"ell2/ell",2
"GO:0047497","mitochondrion transport along microtubule","2/1162","12/18773",0.166666666666667,2.69262765347103,1.50657373373385,0.167647375158571,0.661976677641683,0.606977170233793,"rhot1a/kifbp",2
"GO:0048070","regulation of developmental pigmentation","2/1162","12/18773",0.166666666666667,2.69262765347103,1.50657373373385,0.167647375158571,0.661976677641683,0.606977170233793,"tfec/hps5",2
"GO:0048385","regulation of retinoic acid receptor signaling pathway","2/1162","12/18773",0.166666666666667,2.69262765347103,1.50657373373385,0.167647375158571,0.661976677641683,0.606977170233793,"tgif1/foxc1a",2
"GO:0048922","posterior lateral line neuromast deposition","2/1162","12/18773",0.166666666666667,2.69262765347103,1.50657373373385,0.167647375158571,0.661976677641683,0.606977170233793,"smad5/tnfrsf19",2
"GO:0051452","intracellular pH reduction","2/1162","12/18773",0.166666666666667,2.69262765347103,1.50657373373385,0.167647375158571,0.661976677641683,0.606977170233793,"atp6v0d1/atp6v0a2b",2
"GO:0051642","centrosome localization","2/1162","12/18773",0.166666666666667,2.69262765347103,1.50657373373385,0.167647375158571,0.661976677641683,0.606977170233793,"ints13/dlgap5",2
"GO:0051654","establishment of mitochondrion localization","2/1162","12/18773",0.166666666666667,2.69262765347103,1.50657373373385,0.167647375158571,0.661976677641683,0.606977170233793,"rhot1a/kifbp",2
"GO:2000785","regulation of autophagosome assembly","2/1162","12/18773",0.166666666666667,2.69262765347103,1.50657373373385,0.167647375158571,0.661976677641683,0.606977170233793,"mtm1/phf23b",2
"GO:0040008","regulation of growth","10/1162","114/18773",0.087719298245614,1.41717244919528,1.14759907813277,0.168128225231976,0.661976677641683,0.606977170233793,"yap1/lamtor2/dbnlb/mycbp2/kmt5b/wwc3/dnph1/becn1/pard6gb/sema3d",10
"GO:0006862","nucleotide transport","4/1162","35/18773",0.114285714285714,1.84637324809442,1.28736192705584,0.168589364779418,0.661976677641683,0.606977170233793,"lrrc8aa/slc25a5/slc25a24/shoc2",4
"GO:0008088","axo-dendritic transport","4/1162","35/18773",0.114285714285714,1.84637324809442,1.28736192705584,0.168589364779418,0.661976677641683,0.606977170233793,"stau2/arl8a/arl8ba/kif5ba",4
"GO:0046148","pigment biosynthetic process","4/1162","35/18773",0.114285714285714,1.84637324809442,1.28736192705584,0.168589364779418,0.661976677641683,0.606977170233793,"tyrp1b/snx3/iba57/mfsd12a",4
"GO:0060218","hematopoietic stem cell differentiation","8/1162","87/18773",0.0919540229885057,1.48558767088057,1.16609902905644,0.169810063009279,0.664692660969344,0.609467499470917,"tal1/cdca7a/gpr182/sf3b1/ythdf2/wnt9a/hif1ab/mettl3",8
"GO:0065004","protein-DNA complex assembly","8/1162","87/18773",0.0919540229885057,1.48558767088057,1.16609902905644,0.169810063009279,0.664692660969344,0.609467499470917,"gtf2a2/dr1/nap1l4b/chaf1b/cenpx/taf1/dlgap5/zgc:162472",8
"GO:0009798","axis specification","7/1162","74/18773",0.0945945945945946,1.52824812764572,1.16952891524796,0.17291532201067,0.673707399400755,0.617733259592541,"yap1/dctn2/itga5/ccm2l/prdm1a/atp6v0d1/rnf2",7
"GO:0072073","kidney epithelium development","7/1162","74/18773",0.0945945945945946,1.52824812764572,1.16952891524796,0.17291532201067,0.673707399400755,0.617733259592541,"yap1/foxc1a/rbpjb/bnc2/atp6v0d1/inpp5b/ift74",7
"GO:0009913","epidermal cell differentiation","9/1162","101/18773",0.0891089108910891,1.43962270581619,1.13791994794745,0.172917338883202,0.673707399400755,0.617733259592541,"krt4/krt8/dctn2/rbm24a/zgc:136930/lrp5/gpr156/atp6v0d1/tgm1l1",9
"GO:0039019","pronephric nephron development","5/1162","48/18773",0.104166666666667,1.68289228341939,1.21682532279897,0.174053420446155,0.676441072508043,0.620239808875995,"foxc1a/rbpjb/cd2ap/bnc2/ift74",5
"GO:0010639","negative regulation of organelle organization","10/1162","115/18773",0.0869565217391304,1.40484921050662,1.11860305416342,0.17465770639433,0.676441072508043,0.620239808875995,"terfa/mad1l1/add1/ssh2a/mcl1b/mtm1/phf23b/slc25a5/si:ch211-203d1.3/arpin",10
"GO:0080135","regulation of cellular response to stress","10/1162","115/18773",0.0869565217391304,1.40484921050662,1.11860305416342,0.17465770639433,0.676441072508043,0.620239808875995,"hdgfl2/nck1a/rnf168/fam168a/kmt5b/rnft1/ndrg1a/ppp4r3b/smyd2a/pin1",10
"GO:1901293","nucleoside phosphate biosynthetic process","17/1162","214/18773",0.0794392523364486,1.28340196567311,1.0710229751348,0.174695684861807,0.676441072508043,0.620239808875995,"atp5mea/bckdk/pdha1a/uck2a/cmpk/uap1l1/rrm1/dhodh/ak3/elovl1b/pank2/nme7/pgm3/cad/ak1/ppcs/coasy",17
"GO:0009259","ribonucleotide metabolic process","16/1162","200/18773",0.08,1.29246127366609,1.06809200373564,0.176482799329581,0.682309653408055,0.625620806044457,"aldoaa/gapdhs/bpgm/atp5mea/atp6v1aa/uck2a/cmpk/dhodh/pgam1a/tpi1b/ak3/eno3/nme7/cad/ak1/eno1a",16
"GO:0051726","regulation of cell cycle","34/1162","465/18773",0.0731182795698925,1.18128180926471,1.01677902772518,0.177667121594272,0.685833297337027,0.628851692408215,"npm1b/hsp90ab1/mad1l1/ccnd2a/zgc:86598/phactr4b/cnppd1/dync1li1/ywhae1/gas1a/csnk2a1/tfdp2/ythdf2/ddit3/mcl1b/rab11fip3/scrib/ints13/birc2/gmnn/chordc1b/birc6/dyrk3/dlgap5/tfdp1a/dbf4/chmp4bb/gas1b/pim1/cdk2/swap70b/mettl3/ccndbp1/sema3d",34
"GO:0048193","Golgi vesicle transport","15/1162","186/18773",0.0806451612903226,1.30288434845372,1.0663382373187,0.178107911067815,0.686480338210765,0.629444974697202,"trappc6bl/bcap31/ergic2/copg2/tmed5/snx3/yipf6/stx18/yif1a/nbas/copz1/vti1b/pef1/nsfb/exoc4",15
"GO:0003143","embryonic heart tube morphogenesis","13/1162","158/18773",0.0822784810126582,1.32927187956165,1.0676231791732,0.180654705649203,0.694222566857199,0.636543949923726,"cxxc5a/gsk3ab/vdrb/cemip2/smad5/bmpr2b/rbm24a/zfpm1/skia/atp6v0d1/grk5l/bnip3lb/bbs7",13
"GO:0006303","double-strand break repair via nonhomologous end joining","3/1162","24/18773",0.125,2.01947074010327,1.28368261675011,0.183155416564394,0.694222566857199,0.636543949923726,"polb/kmt5b/xrcc6",3
"GO:0015740","C4-dicarboxylate transport","3/1162","24/18773",0.125,2.01947074010327,1.28368261675011,0.183155416564394,0.694222566857199,0.636543949923726,"slc25a18/slc25a11/lrrc8aa",3
"GO:0021602","cranial nerve morphogenesis","3/1162","24/18773",0.125,2.01947074010327,1.28368261675011,0.183155416564394,0.694222566857199,0.636543949923726,"tuba1a/cad/klf6a",3
"GO:0021955","central nervous system neuron axonogenesis","3/1162","24/18773",0.125,2.01947074010327,1.28368261675011,0.183155416564394,0.694222566857199,0.636543949923726,"mycbp2/kif22/kifbp",3
"GO:0032465","regulation of cytokinesis","3/1162","24/18773",0.125,2.01947074010327,1.28368261675011,0.183155416564394,0.694222566857199,0.636543949923726,"rab11fip3/birc6/chmp4bb",3
"GO:0043113","receptor clustering","3/1162","24/18773",0.125,2.01947074010327,1.28368261675011,0.183155416564394,0.694222566857199,0.636543949923726,"dag1/scrib/mesd",3
"GO:0050821","protein stabilization","3/1162","24/18773",0.125,2.01947074010327,1.28368261675011,0.183155416564394,0.694222566857199,0.636543949923726,"hsp90ab1/bag2/dnlz",3
"GO:0051153","regulation of striated muscle cell differentiation","3/1162","24/18773",0.125,2.01947074010327,1.28368261675011,0.183155416564394,0.694222566857199,0.636543949923726,"hnrnpl2/prdm1a/rbm24a",3
"GO:0071456","cellular response to hypoxia","3/1162","24/18773",0.125,2.01947074010327,1.28368261675011,0.183155416564394,0.694222566857199,0.636543949923726,"fam162a/ndrg1a/hif1ab",3
"GO:1903008","organelle disassembly","3/1162","24/18773",0.125,2.01947074010327,1.28368261675011,0.183155416564394,0.694222566857199,0.636543949923726,"ufsp2/dyrk3/znf598",3
"GO:0008593","regulation of Notch signaling pathway","6/1162","62/18773",0.0967741935483871,1.56346121814447,1.14150469861074,0.184047983131039,0.696555092783584,0.638682680839955,"fbxw7/foxc1a/ythdf2/pofut1/cad/mettl3",6
"GO:0009161","ribonucleoside monophosphate metabolic process","5/1162","49/18773",0.102040816326531,1.64854754294145,1.16763437041028,0.184685397058298,0.696868472683937,0.638970023961773,"uck2a/dhodh/ak3/cad/ak1",5
"GO:0048596","embryonic camera-type eye morphogenesis","5/1162","49/18773",0.102040816326531,1.64854754294145,1.16763437041028,0.184685397058298,0.696868472683937,0.638970023961773,"tfec/tcf7l1a/phactr4b/foxc1a/lum",5
"GO:0006888","endoplasmic reticulum to Golgi vesicle-mediated transport","8/1162","89/18773",0.0898876404494382,1.45220367827651,1.09839992075959,0.185136361571862,0.697522753568351,0.63956994473417,"trappc6bl/bcap31/ergic2/copg2/tmed5/yipf6/yif1a/pef1",8
"GO:0036503","ERAD pathway","7/1162","76/18773",0.0921052631578947,1.48803107165504,1.09505172499854,0.189818628622369,0.700611567004388,0.64240212795468,"man1a1/tmub1/jkamp/derl1/rnft1/aup1/tmub2",7
"GO:0002562","somatic diversification of immune receptors via germline recombination within a single locus","2/1162","13/18773",0.153846153846154,2.48550244935787,1.37624248215126,0.190416912162355,0.700611567004388,0.64240212795468,"rnf168/kmt5b",2
"GO:0009083","branched-chain amino acid catabolic process","2/1162","13/18773",0.153846153846154,2.48550244935787,1.37624248215126,0.190416912162355,0.700611567004388,0.64240212795468,"mccc2/bckdha",2
"GO:0016445","somatic diversification of immunoglobulins","2/1162","13/18773",0.153846153846154,2.48550244935787,1.37624248215126,0.190416912162355,0.700611567004388,0.64240212795468,"rnf168/kmt5b",2
"GO:0030388","fructose 1,6-bisphosphate metabolic process","2/1162","13/18773",0.153846153846154,2.48550244935787,1.37624248215126,0.190416912162355,0.700611567004388,0.64240212795468,"aldoaa/fbp1a",2
"GO:0031365","N-terminal protein amino acid modification","2/1162","13/18773",0.153846153846154,2.48550244935787,1.37624248215126,0.190416912162355,0.700611567004388,0.64240212795468,"naa50/ntmt1",2
"GO:0033120","positive regulation of RNA splicing","2/1162","13/18773",0.153846153846154,2.48550244935787,1.37624248215126,0.190416912162355,0.700611567004388,0.64240212795468,"rbm22/tra2b",2
"GO:0034394","protein localization to cell surface","2/1162","13/18773",0.153846153846154,2.48550244935787,1.37624248215126,0.190416912162355,0.700611567004388,0.64240212795468,"unc50/tax1bp3",2
"GO:0043363","nucleate erythrocyte differentiation","2/1162","13/18773",0.153846153846154,2.48550244935787,1.37624248215126,0.190416912162355,0.700611567004388,0.64240212795468,"tal1/slc40a1",2
"GO:0046688","response to copper ion","2/1162","13/18773",0.153846153846154,2.48550244935787,1.37624248215126,0.190416912162355,0.700611567004388,0.64240212795468,"atp6v0d1/slc40a1",2
"GO:0048008","platelet-derived growth factor receptor signaling pathway","2/1162","13/18773",0.153846153846154,2.48550244935787,1.37624248215126,0.190416912162355,0.700611567004388,0.64240212795468,"foxc1a/pdgfba",2
"GO:0048814","regulation of dendrite morphogenesis","2/1162","13/18773",0.153846153846154,2.48550244935787,1.37624248215126,0.190416912162355,0.700611567004388,0.64240212795468,"dbnlb/nedd4l",2
"GO:0048923","posterior lateral line neuromast hair cell differentiation","2/1162","13/18773",0.153846153846154,2.48550244935787,1.37624248215126,0.190416912162355,0.700611567004388,0.64240212795468,"lrp5/gpr156",2
"GO:0060384","innervation","2/1162","13/18773",0.153846153846154,2.48550244935787,1.37624248215126,0.190416912162355,0.700611567004388,0.64240212795468,"sulf2b/fbxo45",2
"GO:0061842","microtubule organizing center localization","2/1162","13/18773",0.153846153846154,2.48550244935787,1.37624248215126,0.190416912162355,0.700611567004388,0.64240212795468,"ints13/dlgap5",2
"GO:0070536","protein K63-linked deubiquitination","2/1162","13/18773",0.153846153846154,2.48550244935787,1.37624248215126,0.190416912162355,0.700611567004388,0.64240212795468,"stambpa/otud5a",2
"GO:0051129","negative regulation of cellular component organization","13/1162","160/18773",0.08125,1.31265598106713,1.02019894950782,0.192202530664228,0.706147601694744,0.647478208100946,"terfa/mad1l1/lgals3b/add1/ssh2a/mcl1b/mtm1/phf2/phf23b/slc25a5/si:ch211-203d1.3/rock1/arpin",13
"GO:0009267","cellular response to starvation","6/1162","63/18773",0.0952380952380952,1.53864437341202,1.10002318010944,0.193586724901173,0.706686126721052,0.647971990446471,"map1lc3b/mios/gabarapa/depdc5/becn1/gabarapl2",6
"GO:0060216","definitive hemopoiesis","6/1162","63/18773",0.0952380952380952,1.53864437341202,1.10002318010944,0.193586724901173,0.706686126721052,0.647971990446471,"tfec/tal1/sf3b1/kri1/smarcd1/naca",6
"GO:0072175","epithelial tube formation","6/1162","63/18773",0.0952380952380952,1.53864437341202,1.10002318010944,0.193586724901173,0.706686126721052,0.647971990446471,"phactr4b/smad5/ccdc85b/scrib/sparc/pard6gb",6
"GO:0002062","chondrocyte differentiation","4/1162","37/18773",0.108108108108108,1.74656928873796,1.16761286643454,0.193755169642183,0.706686126721052,0.647971990446471,"atg13/sulf2b/tsku/rnf2",4
"GO:0048384","retinoic acid receptor signaling pathway","4/1162","37/18773",0.108108108108108,1.74656928873796,1.16761286643454,0.193755169642183,0.706686126721052,0.647971990446471,"tgif1/foxc1a/raraa/rxrbb",4
"GO:0030705","cytoskeleton-dependent intracellular transport","9/1162","104/18773",0.0865384615384615,1.3980951277638,1.04570535590085,0.194541191922509,0.707499298554652,0.648717600911527,"stau2/rhot1a/arl8a/arl8ba/copg2/kif5ba/ift52/ift74/kifbp",9
"GO:0030833","regulation of actin filament polymerization","9/1162","104/18773",0.0865384615384615,1.3980951277638,1.04570535590085,0.194541191922509,0.707499298554652,0.648717600911527,"dbnlb/plekhg2/pfn1/arpc5la/add1/fam49bb/ssh2a/hax1/si:ch211-203d1.3",9
"GO:0021903","rostrocaudal neural tube patterning","5/1162","50/18773",0.1,1.61557659208262,1.1195557086289,0.195547065652532,0.7101297340821,0.651129489980823,"wls/tcf7l1a/creb1a/foxl2b/brd2a",5
"GO:1903706","regulation of hemopoiesis","7/1162","77/18773",0.0909090909090909,1.46870599280238,1.05861452251957,0.198512314570473,0.712865110939442,0.653637601460381,"med12/brd4/asxl1/lpar2a/loxl3b/pithd1/mettl3",7
"GO:0030500","regulation of bone mineralization","3/1162","25/18773",0.12,1.93869191049914,1.20637390761187,0.199208413995785,0.712865110939442,0.653637601460381,"foxc1a/lrp5/atraid",3
"GO:0032436","positive regulation of proteasomal ubiquitin-dependent protein catabolic process","3/1162","25/18773",0.12,1.93869191049914,1.20637390761187,0.199208413995785,0.712865110939442,0.653637601460381,"gsk3ab/dda1/fzr1a",3
"GO:0036294","cellular response to decreased oxygen levels","3/1162","25/18773",0.12,1.93869191049914,1.20637390761187,0.199208413995785,0.712865110939442,0.653637601460381,"fam162a/ndrg1a/hif1ab",3
"GO:0045746","negative regulation of Notch signaling pathway","3/1162","25/18773",0.12,1.93869191049914,1.20637390761187,0.199208413995785,0.712865110939442,0.653637601460381,"fbxw7/ythdf2/mettl3",3
"GO:0048771","tissue remodeling","3/1162","25/18773",0.12,1.93869191049914,1.20637390761187,0.199208413995785,0.712865110939442,0.653637601460381,"s1pr1/col1a1a/lrp5",3
"GO:0061386","closure of optic fissure","3/1162","25/18773",0.12,1.93869191049914,1.20637390761187,0.199208413995785,0.712865110939442,0.653637601460381,"tfec/phactr4b/foxc1a",3
"GO:0070167","regulation of biomineral tissue development","3/1162","25/18773",0.12,1.93869191049914,1.20637390761187,0.199208413995785,0.712865110939442,0.653637601460381,"foxc1a/lrp5/atraid",3
"GO:0061371","determination of heart left/right asymmetry","17/1162","219/18773",0.0776255707762557,1.25410055093171,0.971572505500173,0.199319021807259,0.712865110939442,0.653637601460381,"yap1/cxxc5a/gsk3ab/vdrb/foxc1a/cemip2/smad5/bmpr2b/rbm24a/gmnn/zfpm1/skia/dnmt3ba/atp6v0d1/grk5l/bnip3lb/bbs7",17
"GO:0030198","extracellular matrix organization","15/1162","190/18773",0.0789473684210526,1.27545520427575,0.980248524723731,0.199420681651583,0.712865110939442,0.653637601460381,"crtap/ap1s1/itga5/cemip2/tgfbi/sulf2b/col2a1b/col1a1b/col1a2/col1a1a/loxl3b/lum/plod3/col4a2/serpinh2",15
"GO:0043062","extracellular structure organization","15/1162","190/18773",0.0789473684210526,1.27545520427575,0.980248524723731,0.199420681651583,0.712865110939442,0.653637601460381,"crtap/ap1s1/itga5/cemip2/tgfbi/sulf2b/col2a1b/col1a1b/col1a2/col1a1a/loxl3b/lum/plod3/col4a2/serpinh2",15
"GO:0007266","Rho protein signal transduction","8/1162","91/18773",0.0879120879120879,1.42028711391878,1.03233681467406,0.201029687370451,0.716872156547398,0.657311726676966,"dock6/arhgap5/plekhg5a/stard8/phactr4b/dock7/tax1bp3/rock1",8
"GO:0006605","protein targeting","11/1162","133/18773",0.0827067669172932,1.33619116638412,0.999437159474356,0.201112164888944,0.716872156547398,0.657311726676966,"tomm70a/tomm5/scarb2a/naca/sec62/sec63/grpel1/agk/exoc4/vps37a/dnlz",11
"GO:0019693","ribose phosphate metabolic process","16/1162","205/18773",0.0780487804878049,1.26093782796692,0.96493428616431,0.202154506758469,0.719566962441974,0.659782637981645,"aldoaa/gapdhs/bpgm/atp5mea/atp6v1aa/uck2a/cmpk/dhodh/pgam1a/tpi1b/ak3/eno3/nme7/cad/ak1/eno1a",16
"GO:0045229","external encapsulating structure organization","15/1162","191/18773",0.0785340314136126,1.26877742833713,0.959024226533191,0.204927774992752,0.725233662529892,0.664978527353733,"crtap/ap1s1/itga5/cemip2/tgfbi/sulf2b/col2a1b/col1a1b/col1a2/col1a1a/loxl3b/lum/plod3/col4a2/serpinh2",15
"GO:0002520","immune system development","4/1162","38/18773",0.105263157894737,1.70060693903433,1.11046714113694,0.20675112749187,0.725233662529892,0.664978527353733,"cdca7a/rnf168/kmt5b/sema3d",4
"GO:0008630","intrinsic apoptotic signaling pathway in response to DNA damage","4/1162","38/18773",0.105263157894737,1.70060693903433,1.11046714113694,0.20675112749187,0.725233662529892,0.664978527353733,"uacaa/uri1/mcl1b/pin1",4
"GO:0061035","regulation of cartilage development","4/1162","38/18773",0.105263157894737,1.70060693903433,1.11046714113694,0.20675112749187,0.725233662529892,0.664978527353733,"uba2/atg13/sumf1/rnf2",4
"GO:0070972","protein localization to endoplasmic reticulum","4/1162","38/18773",0.105263157894737,1.70060693903433,1.11046714113694,0.20675112749187,0.725233662529892,0.664978527353733,"bcap31/sec62/sec63/rab3gap2",4
"GO:0031101","fin regeneration","8/1162","92/18773",0.0869565217391304,1.40484921050662,0.999892885816379,0.209176304082937,0.725233662529892,0.664978527353733,"yap1/dspa/tubb5/bmpr2b/acvr1ba/col1a1a/lrp5/sema3d",8
"GO:0008064","regulation of actin polymerization or depolymerization","9/1162","106/18773",0.0849056603773585,1.37171597440977,0.98581000694015,0.209565707210978,0.725233662529892,0.664978527353733,"dbnlb/plekhg2/pfn1/arpc5la/add1/fam49bb/ssh2a/hax1/si:ch211-203d1.3",9
"GO:0010038","response to metal ion","6/1162","65/18773",0.0923076923076923,1.49130146961472,1.01919524587154,0.213200765524621,0.725233662529892,0.664978527353733,"hvcn1/cpne1/atp6v0d1/slc25a24/tcf7l2/slc40a1",6
"GO:0030162","regulation of proteolysis","14/1162","178/18773",0.0786516853932584,1.27067821849195,0.932033553803171,0.213448502198439,0.725233662529892,0.664978527353733,"nedd8l/gsk3ab/hsp90ab1/serpinb1l3/rnft1/spopla/mcl1b/n4bp1/styx/dda1/becn1/svbp/serpinh2/fzr1a",14
"GO:0000097","sulfur amino acid biosynthetic process","2/1162","14/18773",0.142857142857143,2.30796656011802,1.25754097632133,0.213558659081624,0.725233662529892,0.664978527353733,"cth/enoph1",2
"GO:0002200","somatic diversification of immune receptors","2/1162","14/18773",0.142857142857143,2.30796656011802,1.25754097632133,0.213558659081624,0.725233662529892,0.664978527353733,"rnf168/kmt5b",2
"GO:0002832","negative regulation of response to biotic stimulus","2/1162","14/18773",0.142857142857143,2.30796656011802,1.25754097632133,0.213558659081624,0.725233662529892,0.664978527353733,"ythdf2/mettl3",2
"GO:0006271","DNA strand elongation involved in DNA replication","2/1162","14/18773",0.142857142857143,2.30796656011802,1.25754097632133,0.213558659081624,0.725233662529892,0.664978527353733,"pole3/pole",2
"GO:0007530","sex determination","2/1162","14/18773",0.142857142857143,2.30796656011802,1.25754097632133,0.213558659081624,0.725233662529892,0.664978527353733,"igf2bp3/mettl3",2
"GO:0008089","anterograde axonal transport","2/1162","14/18773",0.142857142857143,2.30796656011802,1.25754097632133,0.213558659081624,0.725233662529892,0.664978527353733,"arl8a/arl8ba",2
"GO:0009301","snRNA transcription","2/1162","14/18773",0.142857142857143,2.30796656011802,1.25754097632133,0.213558659081624,0.725233662529892,0.664978527353733,"ell2/ell",2
"GO:0016444","somatic cell DNA recombination","2/1162","14/18773",0.142857142857143,2.30796656011802,1.25754097632133,0.213558659081624,0.725233662529892,0.664978527353733,"rnf168/kmt5b",2
"GO:0018212","peptidyl-tyrosine modification","2/1162","14/18773",0.142857142857143,2.30796656011802,1.25754097632133,0.213558659081624,0.725233662529892,0.664978527353733,"kdrl/tpst1l",2
"GO:0021594","rhombomere formation","2/1162","14/18773",0.142857142857143,2.30796656011802,1.25754097632133,0.213558659081624,0.725233662529892,0.664978527353733,"med12/spry4",2
"GO:0030204","chondroitin sulfate metabolic process","2/1162","14/18773",0.142857142857143,2.30796656011802,1.25754097632133,0.213558659081624,0.725233662529892,0.664978527353733,"chpf2/dse",2
"GO:0032233","positive regulation of actin filament bundle assembly","2/1162","14/18773",0.142857142857143,2.30796656011802,1.25754097632133,0.213558659081624,0.725233662529892,0.664978527353733,"pfn1/rock1",2
"GO:0032958","inositol phosphate biosynthetic process","2/1162","14/18773",0.142857142857143,2.30796656011802,1.25754097632133,0.213558659081624,0.725233662529892,0.664978527353733,"ip6k2b/itpkcb",2
"GO:0034067","protein localization to Golgi apparatus","2/1162","14/18773",0.142857142857143,2.30796656011802,1.25754097632133,0.213558659081624,0.725233662529892,0.664978527353733,"arl1/arl5a",2
"GO:0035435","phosphate ion transmembrane transport","2/1162","14/18773",0.142857142857143,2.30796656011802,1.25754097632133,0.213558659081624,0.725233662529892,0.664978527353733,"slc20a2/slc25a11",2
"GO:0044088","regulation of vacuole organization","2/1162","14/18773",0.142857142857143,2.30796656011802,1.25754097632133,0.213558659081624,0.725233662529892,0.664978527353733,"mtm1/phf23b",2
"GO:0045685","regulation of glial cell differentiation","2/1162","14/18773",0.142857142857143,2.30796656011802,1.25754097632133,0.213558659081624,0.725233662529892,0.664978527353733,"eed/swap70b",2
"GO:0048268","clathrin coat assembly","2/1162","14/18773",0.142857142857143,2.30796656011802,1.25754097632133,0.213558659081624,0.725233662529892,0.664978527353733,"fcho2/si:ch211-200p22.4",2
"GO:0060021","roof of mouth development","2/1162","14/18773",0.142857142857143,2.30796656011802,1.25754097632133,0.213558659081624,0.725233662529892,0.664978527353733,"smad5/loxl3b",2
"GO:0060897","neural plate regionalization","2/1162","14/18773",0.142857142857143,2.30796656011802,1.25754097632133,0.213558659081624,0.725233662529892,0.664978527353733,"bptf/smad2",2
"GO:0070059","intrinsic apoptotic signaling pathway in response to endoplasmic reticulum stress","2/1162","14/18773",0.142857142857143,2.30796656011802,1.25754097632133,0.213558659081624,0.725233662529892,0.664978527353733,"nck1a/ddit3",2
"GO:0071277","cellular response to calcium ion","2/1162","14/18773",0.142857142857143,2.30796656011802,1.25754097632133,0.213558659081624,0.725233662529892,0.664978527353733,"cpne1/slc25a24",2
"GO:0090151","establishment of protein localization to mitochondrial membrane","2/1162","14/18773",0.142857142857143,2.30796656011802,1.25754097632133,0.213558659081624,0.725233662529892,0.664978527353733,"tomm70a/agk",2
"GO:0120305","regulation of pigmentation","2/1162","14/18773",0.142857142857143,2.30796656011802,1.25754097632133,0.213558659081624,0.725233662529892,0.664978527353733,"tfec/hps5",2
"GO:2000781","positive regulation of double-strand break repair","2/1162","14/18773",0.142857142857143,2.30796656011802,1.25754097632133,0.213558659081624,0.725233662529892,0.664978527353733,"hdgfl2/kmt5b",2
"GO:0000462","maturation of SSU-rRNA from tricistronic rRNA transcript (SSU-rRNA, 5.8S rRNA, LSU-rRNA)","3/1162","26/18773",0.115384615384615,1.8641268370184,1.13256883176649,0.21557863388131,0.726313995191259,0.665969101922075,"ngdn/kri1/wdr46",3
"GO:0007031","peroxisome organization","3/1162","26/18773",0.115384615384615,1.8641268370184,1.13256883176649,0.21557863388131,0.726313995191259,0.665969101922075,"fis1/dnm1l/pex19",3
"GO:0031330","negative regulation of cellular catabolic process","3/1162","26/18773",0.115384615384615,1.8641268370184,1.13256883176649,0.21557863388131,0.726313995191259,0.665969101922075,"mtm1/zgc:154055/phf23b",3
"GO:0046928","regulation of neurotransmitter secretion","3/1162","26/18773",0.115384615384615,1.8641268370184,1.13256883176649,0.21557863388131,0.726313995191259,0.665969101922075,"rap1aa/caskb/syt2a",3
"GO:2000060","positive regulation of ubiquitin-dependent protein catabolic process","3/1162","26/18773",0.115384615384615,1.8641268370184,1.13256883176649,0.21557863388131,0.726313995191259,0.665969101922075,"gsk3ab/dda1/fzr1a",3
"GO:0030855","epithelial cell differentiation","22/1162","296/18773",0.0743243243243243,1.20076638600735,0.894308700097339,0.215610919384274,0.726313995191259,0.665969101922075,"krt4/krt8/tal1/tcf7l1a/dctn2/foxc1a/ezrb/ets1/itga5/rbpjb/add1/sipa1l3/tnfrsf19/kdr/tjp1b/rbm24a/zgc:136930/lrp5/gpr156/atp6v0d1/tgm1l1/mettl3",22
"GO:0021675","nerve development","7/1162","79/18773",0.0886075949367089,1.43152356260485,0.987263927986403,0.216349217675339,0.727825413678886,0.667354946087956,"dag1/sulf2b/fbxo45/tuba1a/cad/kifbp/klf6a",7
"GO:0031647","regulation of protein stability","5/1162","52/18773",0.0961538461538462,1.55343903084867,1.02653382110403,0.217900159495797,0.732062969001254,0.671240429406557,"hsp90ab1/usp42/bag2/mosmob/dnlz",5
"GO:0003170","heart valve development","4/1162","39/18773",0.102564102564103,1.65700163290525,1.05499359449547,0.219988899641338,0.733199077982338,0.672282146188593,"yap1/jupa/id4/cemip2",4
"GO:0030901","midbrain development","4/1162","39/18773",0.102564102564103,1.65700163290525,1.05499359449547,0.219988899641338,0.733199077982338,0.672282146188593,"med12/pbx4/tcf7l1a/taf1",4
"GO:0038127","ERBB signaling pathway","4/1162","39/18773",0.102564102564103,1.65700163290525,1.05499359449547,0.219988899641338,0.733199077982338,0.672282146188593,"hbegfa/cblb/mvb12ba/mvb12a",4
"GO:0045732","positive regulation of protein catabolic process","4/1162","39/18773",0.102564102564103,1.65700163290525,1.05499359449547,0.219988899641338,0.733199077982338,0.672282146188593,"gsk3ab/rnft1/dda1/fzr1a",4
"GO:0048599","oocyte development","4/1162","39/18773",0.102564102564103,1.65700163290525,1.05499359449547,0.219988899641338,0.733199077982338,0.672282146188593,"dctn2/ythdf2/smad2/mettl3",4
"GO:0060840","artery development","4/1162","39/18773",0.102564102564103,1.65700163290525,1.05499359449547,0.219988899641338,0.733199077982338,0.672282146188593,"kdrl/tal1/rbpjb/acvrl1",4
"GO:0030832","regulation of actin filament length","9/1162","108/18773",0.0833333333333333,1.34631382673551,0.927115923261132,0.225038991173408,0.747528137923073,0.685420694038832,"dbnlb/plekhg2/pfn1/arpc5la/add1/fam49bb/ssh2a/hax1/si:ch211-203d1.3",9
"GO:0002573","myeloid leukocyte differentiation","7/1162","80/18773",0.0875,1.41362951807229,0.952320959487672,0.225478045581253,0.747528137923073,0.685420694038832,"med12/wasla/asxl1/sbds/sumf1/trim35-28/hax1",7
"GO:0009166","nucleotide catabolic process","7/1162","80/18773",0.0875,1.41362951807229,0.952320959487672,0.225478045581253,0.747528137923073,0.685420694038832,"aldoaa/gapdhs/bpgm/pgam1a/tpi1b/eno3/eno1a",7
"GO:1902600","proton transmembrane transport","7/1162","80/18773",0.0875,1.41362951807229,0.952320959487672,0.225478045581253,0.747528137923073,0.685420694038832,"atp5mea/atp6v1aa/atp6v0cb/hvcn1/atp6v1e1a/atp6v0d1/atp6v0a2b",7
"GO:0006753","nucleoside phosphate metabolic process","28/1162","389/18773",0.0719794344473008,1.16288289404404,0.833866641410021,0.229100828093927,0.749910363673335,0.687604995530999,"aldoaa/gapdhs/bpgm/atp5mea/bckdk/atp6v1aa/pdha1a/uck2a/cmpk/acot15/uap1l1/dnph1/rrm1/dhodh/pgam1a/tpi1b/ak3/elovl1b/pank2/eno3/guk1a/nme7/pgm3/cad/ak1/ppcs/eno1a/coasy",28
"GO:0030041","actin filament polymerization","10/1162","123/18773",0.0813008130081301,1.31347690413221,0.895952560538121,0.230848971442991,0.749910363673335,0.687604995530999,"dbnlb/plekhg2/diaph2/pfn1/arpc5la/add1/fam49bb/ssh2a/hax1/si:ch211-203d1.3",10
"GO:0031099","regeneration","17/1162","225/18773",0.0755555555555556,1.22065786957353,0.855319679412351,0.230892800820881,0.749910363673335,0.687604995530999,"yap1/pepd/dspa/tgif1/mycbp2/hbegfa/tubb5/csrp1a/smad5/bmpr2b/acvr1ba/col1a1a/lrp5/becn1/pdgfba/top2a/sema3d",17
"GO:0000184","nuclear-transcribed mRNA catabolic process, nonsense-mediated decay","3/1162","27/18773",0.111111111111111,1.79508510231402,1.06195843803476,0.232216640653532,0.749910363673335,0.687604995530999,"casc3/nbas/dcp2",3
"GO:0003171","atrioventricular valve development","3/1162","27/18773",0.111111111111111,1.79508510231402,1.06195843803476,0.232216640653532,0.749910363673335,0.687604995530999,"jupa/id4/cemip2",3
"GO:0006094","gluconeogenesis","3/1162","27/18773",0.111111111111111,1.79508510231402,1.06195843803476,0.232216640653532,0.749910363673335,0.687604995530999,"foxo1a/tpi1b/fbp1a",3
"GO:0010212","response to ionizing radiation","3/1162","27/18773",0.111111111111111,1.79508510231402,1.06195843803476,0.232216640653532,0.749910363673335,0.687604995530999,"rnf168/badb/xrcc6",3
"GO:0019827","stem cell population maintenance","3/1162","27/18773",0.111111111111111,1.79508510231402,1.06195843803476,0.232216640653532,0.749910363673335,0.687604995530999,"tal1/celsr1a/mettl3",3
"GO:0030225","macrophage differentiation","3/1162","27/18773",0.111111111111111,1.79508510231402,1.06195843803476,0.232216640653532,0.749910363673335,0.687604995530999,"wasla/sumf1/trim35-28",3
"GO:0034308","primary alcohol metabolic process","3/1162","27/18773",0.111111111111111,1.79508510231402,1.06195843803476,0.232216640653532,0.749910363673335,0.687604995530999,"gde1/thtpa/rdh10b",3
"GO:0040001","establishment of mitotic spindle localization","3/1162","27/18773",0.111111111111111,1.79508510231402,1.06195843803476,0.232216640653532,0.749910363673335,0.687604995530999,"clasp1a/diaph2/scrib",3
"GO:0048333","mesodermal cell differentiation","3/1162","27/18773",0.111111111111111,1.79508510231402,1.06195843803476,0.232216640653532,0.749910363673335,0.687604995530999,"tal1/lpar1/churc1",3
"GO:0072599","establishment of protein localization to endoplasmic reticulum","3/1162","27/18773",0.111111111111111,1.79508510231402,1.06195843803476,0.232216640653532,0.749910363673335,0.687604995530999,"sec62/sec63/rab3gap2",3
"GO:1902373","negative regulation of mRNA catabolic process","3/1162","27/18773",0.111111111111111,1.79508510231402,1.06195843803476,0.232216640653532,0.749910363673335,0.687604995530999,"nbas/rbm24a/igf2bp3",3
"GO:0009994","oocyte differentiation","4/1162","40/18773",0.1,1.61557659208262,1.00109376001414,0.233443367822576,0.749910363673335,0.687604995530999,"dctn2/ythdf2/smad2/mettl3",4
"GO:0060900","embryonic camera-type eye formation","4/1162","40/18773",0.1,1.61557659208262,1.00109376001414,0.233443367822576,0.749910363673335,0.687604995530999,"tfec/tcf7l1a/phactr4b/foxc1a",4
"GO:0072666","establishment of protein localization to vacuole","4/1162","40/18773",0.1,1.61557659208262,1.00109376001414,0.233443367822576,0.749910363673335,0.687604995530999,"vps36/stam/scarb2a/vps37a",4
"GO:0007229","integrin-mediated signaling pathway","6/1162","67/18773",0.0895522388059701,1.44678500783518,0.941048173825976,0.233463318360557,0.749910363673335,0.687604995530999,"itga6b/phactr4b/itga5/itga9/cib1/loxl3b",6
"GO:0007051","spindle organization","8/1162","95/18773",0.0842105263157895,1.36048555122747,0.90479628267122,0.23435122473582,0.749910363673335,0.687604995530999,"clasp1a/ntmt1/dctn2/dync1li1/tacc1/plk2a/dlgap5/prc1a",8
"GO:1901292","nucleoside phosphate catabolic process","8/1162","95/18773",0.0842105263157895,1.36048555122747,0.90479628267122,0.23435122473582,0.749910363673335,0.687604995530999,"aldoaa/gapdhs/bpgm/dnph1/pgam1a/tpi1b/eno3/eno1a",8
"GO:0002377","immunoglobulin production","2/1162","15/18773",0.133333333333333,2.15410212277682,1.14858444876414,0.236939446381467,0.749910363673335,0.687604995530999,"rnf168/kmt5b",2
"GO:0008078","mesodermal cell migration","2/1162","15/18773",0.133333333333333,2.15410212277682,1.14858444876414,0.236939446381467,0.749910363673335,0.687604995530999,"ctnnd1/s1pr1",2
"GO:0009649","entrainment of circadian clock","2/1162","15/18773",0.133333333333333,2.15410212277682,1.14858444876414,0.236939446381467,0.749910363673335,0.687604995530999,"gna11b/cry2",2
"GO:0021603","cranial nerve formation","2/1162","15/18773",0.133333333333333,2.15410212277682,1.14858444876414,0.236939446381467,0.749910363673335,0.687604995530999,"tuba1a/klf6a",2
"GO:0030947","regulation of vascular endothelial growth factor receptor signaling pathway","2/1162","15/18773",0.133333333333333,2.15410212277682,1.14858444876414,0.236939446381467,0.749910363673335,0.687604995530999,"spred1/cad",2
"GO:0032204","regulation of telomere maintenance","2/1162","15/18773",0.133333333333333,2.15410212277682,1.14858444876414,0.236939446381467,0.749910363673335,0.687604995530999,"terfa/tinf2",2
"GO:0032790","ribosome disassembly","2/1162","15/18773",0.133333333333333,2.15410212277682,1.14858444876414,0.236939446381467,0.749910363673335,0.687604995530999,"ufsp2/znf598",2
"GO:0060837","blood vessel endothelial cell differentiation","2/1162","15/18773",0.133333333333333,2.15410212277682,1.14858444876414,0.236939446381467,0.749910363673335,0.687604995530999,"ets1/mettl3",2
"GO:0060896","neural plate pattern specification","2/1162","15/18773",0.133333333333333,2.15410212277682,1.14858444876414,0.236939446381467,0.749910363673335,0.687604995530999,"bptf/smad2",2
"GO:0062237","protein localization to postsynapse","2/1162","15/18773",0.133333333333333,2.15410212277682,1.14858444876414,0.236939446381467,0.749910363673335,0.687604995530999,"stx3a/scrib",2
"GO:0097320","plasma membrane tubulation","2/1162","15/18773",0.133333333333333,2.15410212277682,1.14858444876414,0.236939446381467,0.749910363673335,0.687604995530999,"bin3/snx9a",2
"GO:0098877","neurotransmitter receptor transport to plasma membrane","2/1162","15/18773",0.133333333333333,2.15410212277682,1.14858444876414,0.236939446381467,0.749910363673335,0.687604995530999,"stx3a/scrib",2
"GO:0098969","neurotransmitter receptor transport to postsynaptic membrane","2/1162","15/18773",0.133333333333333,2.15410212277682,1.14858444876414,0.236939446381467,0.749910363673335,0.687604995530999,"stx3a/scrib",2
"GO:1903539","protein localization to postsynaptic membrane","2/1162","15/18773",0.133333333333333,2.15410212277682,1.14858444876414,0.236939446381467,0.749910363673335,0.687604995530999,"stx3a/scrib",2
"GO:1903540","establishment of protein localization to postsynaptic membrane","2/1162","15/18773",0.133333333333333,2.15410212277682,1.14858444876414,0.236939446381467,0.749910363673335,0.687604995530999,"stx3a/scrib",2
"GO:1904375","regulation of protein localization to cell periphery","2/1162","15/18773",0.133333333333333,2.15410212277682,1.14858444876414,0.236939446381467,0.749910363673335,0.687604995530999,"vti1b/efcab7",2
"GO:0006260","DNA replication","11/1162","139/18773",0.079136690647482,1.27851384984955,0.846578976668369,0.242448020056725,0.766379716229623,0.702706012451733,"polb/pole3/orc6/nfia/sulf2b/cenpx/gmnn/pole/rnaseh2a/dbf4/pdgfba",11
"GO:0016331","morphogenesis of embryonic epithelium","6/1162","68/18773",0.0882352941176471,1.42550875771996,0.902922408573256,0.243812051170697,0.767799538200735,0.70400787028354,"tfec/phactr4b/foxc1a/ccdc85b/scrib/pard6gb",6
"GO:0031669","cellular response to nutrient levels","6/1162","68/18773",0.0882352941176471,1.42550875771996,0.902922408573256,0.243812051170697,0.767799538200735,0.70400787028354,"map1lc3b/mios/gabarapa/depdc5/becn1/gabarapl2",6
"GO:0001704","formation of primary germ layer","7/1162","82/18773",0.0853658536585366,1.37915074933882,0.883830336892024,0.244119311986624,0.767799538200735,0.70400787028354,"tal1/lpar1/itga5/dusp1/churc1/acvr1ba/dyrk1b",7
"GO:0060173","limb development","7/1162","82/18773",0.0853658536585366,1.37915074933882,0.883830336892024,0.244119311986624,0.767799538200735,0.70400787028354,"med12/foxc1a/prdm1a/col1a1a/zmat2/rnf2/bbs7",7
"GO:0000281","mitotic cytokinesis","4/1162","41/18773",0.0975609756097561,1.57617228495865,0.948677381241665,0.247089601498096,0.774659383715157,0.710297774081085,"pdcd6ip/snx9a/rhoca/rock1",4
"GO:0001503","ossification","9/1162","111/18773",0.0810810810810811,1.30992696655347,0.841217096854001,0.249013596242591,0.774659383715157,0.710297774081085,"wls/foxc1a/slc10a7/atp2b1a/wnt9a/col1a1a/lrp5/atraid/slc40a1",9
"GO:0001885","endothelial cell development","3/1162","28/18773",0.107142857142857,1.73097492008852,0.994271745277818,0.249074724250635,0.774659383715157,0.710297774081085,"add1/tnfrsf19/tjp1b",3
"GO:0019319","hexose biosynthetic process","3/1162","28/18773",0.107142857142857,1.73097492008852,0.994271745277818,0.249074724250635,0.774659383715157,0.710297774081085,"foxo1a/tpi1b/fbp1a",3
"GO:0042398","cellular modified amino acid biosynthetic process","3/1162","28/18773",0.107142857142857,1.73097492008852,0.994271745277818,0.249074724250635,0.774659383715157,0.710297774081085,"gclm/gch1/aldh9a1a.1",3
"GO:0043489","RNA stabilization","3/1162","28/18773",0.107142857142857,1.73097492008852,0.994271745277818,0.249074724250635,0.774659383715157,0.710297774081085,"zcchc17/rbm24a/igf2bp3",3
"GO:0060415","muscle tissue morphogenesis","3/1162","28/18773",0.107142857142857,1.73097492008852,0.994271745277818,0.249074724250635,0.774659383715157,0.710297774081085,"rbfox2/myo18ab/cemip2",3
"GO:1905330","regulation of morphogenesis of an epithelium","3/1162","28/18773",0.107142857142857,1.73097492008852,0.994271745277818,0.249074724250635,0.774659383715157,0.710297774081085,"fdx1/pigp/alkbh4",3
"GO:1905475","regulation of protein localization to membrane","3/1162","28/18773",0.107142857142857,1.73097492008852,0.994271745277818,0.249074724250635,0.774659383715157,0.710297774081085,"vti1b/mesd/efcab7",3
"GO:0032868","response to insulin","5/1162","55/18773",0.0909090909090909,1.46870599280238,0.894166629596543,0.252776720480971,0.781465028300009,0.716537980165757,"pik3r1/gsk3ab/pik3r2/rab13/pik3r3b",5
"GO:0008544","epidermis development","10/1162","126/18773",0.0793650793650794,1.28220364451001,0.816412665453467,0.253513453140539,0.781465028300009,0.716537980165757,"krt4/krt8/dspa/dctn2/rbm24a/zgc:136930/lrp5/gpr156/atp6v0d1/tgm1l1",10
"GO:0048882","lateral line development","10/1162","126/18773",0.0793650793650794,1.28220364451001,0.816412665453467,0.253513453140539,0.781465028300009,0.716537980165757,"yap1/ctnnd1/hdac3/smad5/tnfrsf19/scrib/atp2b1a/lrp5/gpr156/atp6v0d1",10
"GO:0043122","regulation of canonical NF-kappaB signal transduction","7/1162","83/18773",0.0843373493975904,1.3625344752504,0.850256647249347,0.253616518715045,0.781465028300009,0.716537980165757,"brd4/tnfrsf19/ppm1bb/ikbkg/cpne1/ppm1ab/myd88",7
"GO:0006493","protein O-linked glycosylation","6/1162","69/18773",0.0869565217391304,1.40484921050662,0.865400064869576,0.254291783711262,0.781465028300009,0.716537980165757,"b3gnt3.4/tmtc3/pofut1/galnt7/b3gnt2b/ogt.1",6
"GO:0048738","cardiac muscle tissue development","9/1162","112/18773",0.0803571428571429,1.29823119006639,0.81313179791221,0.257190706310175,0.781465028300009,0.716537980165757,"tomm70a/pbx4/gsk3ab/rbfox2/cemip2/nr2f1a/rbm24a/icam3/rnf2",9
"GO:0042246","tissue regeneration","12/1162","156/18773",0.0769230769230769,1.24275122467894,0.782051237645296,0.259397426173918,0.781465028300009,0.716537980165757,"yap1/dspa/tgif1/hbegfa/tubb5/bmpr2b/acvr1ba/col1a1a/lrp5/becn1/pdgfba/sema3d",12
"GO:0003157","endocardium development","2/1162","16/18773",0.125,2.01947074010327,1.04789892772116,0.260441138701467,0.781465028300009,0.716537980165757,"tal1/itga5",2
"GO:0010458","exit from mitosis","2/1162","16/18773",0.125,2.01947074010327,1.04789892772116,0.260441138701467,0.781465028300009,0.716537980165757,"ube2s/swap70b",2
"GO:0010824","regulation of centrosome duplication","2/1162","16/18773",0.125,2.01947074010327,1.04789892772116,0.260441138701467,0.781465028300009,0.716537980165757,"npm1b/chordc1b",2
"GO:0014074","response to purine-containing compound","2/1162","16/18773",0.125,2.01947074010327,1.04789892772116,0.260441138701467,0.781465028300009,0.716537980165757,"p2rx1/rap1aa",2
"GO:0016237","microautophagy","2/1162","16/18773",0.125,2.01947074010327,1.04789892772116,0.260441138701467,0.781465028300009,0.716537980165757,"atg13/atg4a",2
"GO:0019228","neuronal action potential","2/1162","16/18773",0.125,2.01947074010327,1.04789892772116,0.260441138701467,0.781465028300009,0.716537980165757,"depdc5/cacna1ha",2
"GO:0022616","DNA strand elongation","2/1162","16/18773",0.125,2.01947074010327,1.04789892772116,0.260441138701467,0.781465028300009,0.716537980165757,"pole3/pole",2
"GO:0032231","regulation of actin filament bundle assembly","2/1162","16/18773",0.125,2.01947074010327,1.04789892772116,0.260441138701467,0.781465028300009,0.716537980165757,"pfn1/rock1",2
"GO:0034340","response to type I interferon","2/1162","16/18773",0.125,2.01947074010327,1.04789892772116,0.260441138701467,0.781465028300009,0.716537980165757,"ythdf2/mettl3",2
"GO:0034727","piecemeal microautophagy of the nucleus","2/1162","16/18773",0.125,2.01947074010327,1.04789892772116,0.260441138701467,0.781465028300009,0.716537980165757,"atg13/atg4a",2
"GO:0045445","myoblast differentiation","2/1162","16/18773",0.125,2.01947074010327,1.04789892772116,0.260441138701467,0.781465028300009,0.716537980165757,"atf3/rbm24a",2
"GO:0046039","GTP metabolic process","2/1162","16/18773",0.125,2.01947074010327,1.04789892772116,0.260441138701467,0.781465028300009,0.716537980165757,"ak3/nme7",2
"GO:0046605","regulation of centrosome cycle","2/1162","16/18773",0.125,2.01947074010327,1.04789892772116,0.260441138701467,0.781465028300009,0.716537980165757,"npm1b/chordc1b",2
"GO:0046620","regulation of organ growth","2/1162","16/18773",0.125,2.01947074010327,1.04789892772116,0.260441138701467,0.781465028300009,0.716537980165757,"yap1/wwc3",2
"GO:0046634","regulation of alpha-beta T cell activation","2/1162","16/18773",0.125,2.01947074010327,1.04789892772116,0.260441138701467,0.781465028300009,0.716537980165757,"brd4/loxl3b",2
"GO:0046683","response to organophosphorus","2/1162","16/18773",0.125,2.01947074010327,1.04789892772116,0.260441138701467,0.781465028300009,0.716537980165757,"p2rx1/rap1aa",2
"GO:0048885","neuromast deposition","2/1162","16/18773",0.125,2.01947074010327,1.04789892772116,0.260441138701467,0.781465028300009,0.716537980165757,"smad5/tnfrsf19",2
"GO:0060337","type I interferon-mediated signaling pathway","2/1162","16/18773",0.125,2.01947074010327,1.04789892772116,0.260441138701467,0.781465028300009,0.716537980165757,"ythdf2/mettl3",2
"GO:0071357","cellular response to type I interferon","2/1162","16/18773",0.125,2.01947074010327,1.04789892772116,0.260441138701467,0.781465028300009,0.716537980165757,"ythdf2/mettl3",2
"GO:0097009","energy homeostasis","2/1162","16/18773",0.125,2.01947074010327,1.04789892772116,0.260441138701467,0.781465028300009,0.716537980165757,"ppargc1b/tsku",2
"GO:2000300","regulation of synaptic vesicle exocytosis","2/1162","16/18773",0.125,2.01947074010327,1.04789892772116,0.260441138701467,0.781465028300009,0.716537980165757,"rap1aa/syt2a",2
"GO:0030968","endoplasmic reticulum unfolded protein response","4/1162","42/18773",0.0952380952380952,1.53864437341202,0.897661541614819,0.260902968063553,0.781465028300009,0.716537980165757,"nck1a/derl1/herpud2/sec63",4
"GO:0036465","synaptic vesicle recycling","4/1162","42/18773",0.0952380952380952,1.53864437341202,0.897661541614819,0.260902968063553,0.781465028300009,0.716537980165757,"sh3gl1b/git1/fcho2/si:ch211-200p22.4",4
"GO:0051338","regulation of transferase activity","4/1162","42/18773",0.0952380952380952,1.53864437341202,0.897661541614819,0.260902968063553,0.781465028300009,0.716537980165757,"prrc1/cnppd1/fzr1a/ube2s",4
"GO:0031032","actomyosin structure organization","13/1162","171/18773",0.0760233918128655,1.22821612263591,0.770071207918745,0.261254776022379,0.781587204933617,0.716650005905999,"mef2d/myo18ab/csrp1a/sdc4/naca/cnn3a/alkbh4/rbm24a/smyd2a/fut8a/rock1/rnf2/tnnt3a",13
"GO:0007623","circadian rhythm","7/1162","84/18773",0.0833333333333333,1.34631382673551,0.817114223969532,0.263221128554723,0.78397077543678,0.718835540423948,"nfil3-5/hdac3/mycbp2/ppp1cb/pspc1/gna11b/cry2",7
"GO:0097193","intrinsic apoptotic signaling pathway","7/1162","84/18773",0.0833333333333333,1.34631382673551,0.817114223969532,0.263221128554723,0.78397077543678,0.718835540423948,"uacaa/nck1a/uri1/ddit3/mcl1b/pin1/rnf2",7
"GO:0001822","kidney development","16/1162","216/18773",0.0740740740740741,1.19672340154268,0.746956558993856,0.264111596092751,0.78397077543678,0.718835540423948,"yap1/med12/cxxc5a/dnmbp/grk4/foxc1a/ezrb/rbpjb/sulf2b/cd2ap/elovl1b/bnc2/atp6v0d1/pard6gb/inpp5b/ift74",16
"GO:0048925","lateral line system development","11/1162","142/18773",0.0774647887323944,1.25150299386682,0.772743884523751,0.264207611818741,0.78397077543678,0.718835540423948,"yap1/ctnnd1/hdac3/smad5/tnfrsf19/scrib/atp2b1a/lrp5/gpr156/atp6v0d1/kifbp",11
"GO:0035148","tube formation","6/1162","70/18773",0.0857142857142857,1.38477993607081,0.828461115908037,0.264891944369499,0.78397077543678,0.718835540423948,"phactr4b/smad5/ccdc85b/scrib/sparc/pard6gb",6
"GO:1990266","neutrophil migration","6/1162","70/18773",0.0857142857142857,1.38477993607081,0.828461115908037,0.264891944369499,0.78397077543678,0.718835540423948,"cul1a/lgals3b/cyba/rac1b/trim33/myd88",6
"GO:0043604","amide biosynthetic process","9/1162","113/18773",0.079646017699115,1.28674241847288,0.785310988150307,0.265452724599596,0.78397077543678,0.718835540423948,"bckdk/pdha1a/gclm/elovl1b/pank2/cers5/agk/ppcs/coasy",9
"GO:0046364","monosaccharide biosynthetic process","3/1162","29/18773",0.103448275862069,1.67128612974064,0.929269885167758,0.26610707180564,0.78397077543678,0.718835540423948,"foxo1a/tpi1b/fbp1a",3
"GO:0048644","muscle organ morphogenesis","3/1162","29/18773",0.103448275862069,1.67128612974064,0.929269885167758,0.26610707180564,0.78397077543678,0.718835540423948,"rbfox2/myo18ab/cemip2",3
"GO:0051588","regulation of neurotransmitter transport","3/1162","29/18773",0.103448275862069,1.67128612974064,0.929269885167758,0.26610707180564,0.78397077543678,0.718835540423948,"rap1aa/caskb/syt2a",3
"GO:0098727","maintenance of cell number","3/1162","29/18773",0.103448275862069,1.67128612974064,0.929269885167758,0.26610707180564,0.78397077543678,0.718835540423948,"tal1/celsr1a/mettl3",3
"GO:1903312","negative regulation of mRNA metabolic process","3/1162","29/18773",0.103448275862069,1.67128612974064,0.929269885167758,0.26610707180564,0.78397077543678,0.718835540423948,"nbas/rbm24a/igf2bp3",3
"GO:2000779","regulation of double-strand break repair","3/1162","29/18773",0.103448275862069,1.67128612974064,0.929269885167758,0.26610707180564,0.78397077543678,0.718835540423948,"hdgfl2/kmt5b/ppp4r3b",3
"GO:0030509","BMP signaling pathway","10/1162","128/18773",0.078125,1.26216921256454,0.764489999887714,0.269026359277576,0.789793505682883,0.724174496382948,"yap1/zmynd11/bambia/smad6a/smad5/bmpr2b/tob1a/skia/acvrl1/bmp6",10
"GO:0071772","response to BMP","10/1162","128/18773",0.078125,1.26216921256454,0.764489999887714,0.269026359277576,0.789793505682883,0.724174496382948,"yap1/zmynd11/bambia/smad6a/smad5/bmpr2b/tob1a/skia/acvrl1/bmp6",10
"GO:0071773","cellular response to BMP stimulus","10/1162","128/18773",0.078125,1.26216921256454,0.764489999887714,0.269026359277576,0.789793505682883,0.724174496382948,"yap1/zmynd11/bambia/smad6a/smad5/bmpr2b/tob1a/skia/acvrl1/bmp6",10
"GO:0072523","purine-containing compound catabolic process","7/1162","85/18773",0.0823529411764706,1.33047484053863,0.784391321695947,0.272925319851969,0.796143776476663,0.729997162840562,"aldoaa/gapdhs/bpgm/pgam1a/tpi1b/eno3/eno1a",7
"GO:0000723","telomere maintenance","4/1162","43/18773",0.0930232558139535,1.50286194612336,0.84796990505002,0.274859231720127,0.796143776476663,0.729997162840562,"terfa/rif1/tinf2/xrcc6",4
"GO:0006023","aminoglycan biosynthetic process","4/1162","43/18773",0.0930232558139535,1.50286194612336,0.84796990505002,0.274859231720127,0.796143776476663,0.729997162840562,"b3gnt3.4/chpf2/b3gnt2b/glceb",4
"GO:0007548","sex differentiation","4/1162","43/18773",0.0930232558139535,1.50286194612336,0.84796990505002,0.274859231720127,0.796143776476663,0.729997162840562,"tfam/ythdf2/bmpr2b/rbpms2b",4
"GO:0009948","anterior/posterior axis specification","4/1162","43/18773",0.0930232558139535,1.50286194612336,0.84796990505002,0.274859231720127,0.796143776476663,0.729997162840562,"dctn2/itga5/ccm2l/rnf2",4
"GO:0031348","negative regulation of defense response","4/1162","43/18773",0.0930232558139535,1.50286194612336,0.84796990505002,0.274859231720127,0.796143776476663,0.729997162840562,"uacaa/ythdf2/mettl3/ppardb",4
"GO:0042440","pigment metabolic process","4/1162","43/18773",0.0930232558139535,1.50286194612336,0.84796990505002,0.274859231720127,0.796143776476663,0.729997162840562,"tyrp1b/snx3/iba57/mfsd12a",4
"GO:0007492","endoderm development","6/1162","71/18773",0.0845070422535211,1.36527599330925,0.792086491419297,0.275601926178182,0.796143776476663,0.729997162840562,"yap1/med12/itga5/dusp1/acvr1ba/dyrk1b",6
"GO:0072001","renal system development","16/1162","218/18773",0.073394495412844,1.18574428776706,0.708564781572402,0.276072717552464,0.796143776476663,0.729997162840562,"yap1/med12/cxxc5a/dnmbp/grk4/foxc1a/ezrb/rbpjb/sulf2b/cd2ap/elovl1b/bnc2/atp6v0d1/pard6gb/inpp5b/ift74",16
"GO:2000026","regulation of multicellular organismal development","31/1162","446/18773",0.0695067264573991,1.12293440256863,0.674934305045308,0.276269774112583,0.796143776476663,0.729997162840562,"bcar1/uba2/adnpa/med12/s1pr1/dbnlb/tal1/fbxw7/tfam/foxc1a/atg13/brd4/zbtb16a/asxl1/cemip2/ythdf2/add1/kdr/lpar2a/igf2bp3/basp1/lrp5/becn1/loxl3b/sumf1/hif1ab/pithd1/rnf2/atraid/swap70b/mettl3",31
"GO:0009142","nucleoside triphosphate biosynthetic process","5/1162","57/18773",0.087719298245614,1.41717244919528,0.810238465128701,0.276747003379296,0.796143776476663,0.729997162840562,"atp5mea/uck2a/ak3/nme7/ak1",5
"GO:0070372","regulation of ERK1 and ERK2 cascade","5/1162","57/18773",0.087719298245614,1.41717244919528,0.810238465128701,0.276747003379296,0.796143776476663,0.729997162840562,"spred1/spry4/styx/ptpn2b/pdgfba",5
"GO:0141193","nuclear receptor-mediated signaling pathway","5/1162","57/18773",0.087719298245614,1.41717244919528,0.810238465128701,0.276747003379296,0.796143776476663,0.729997162840562,"tgif1/strn3/foxc1a/raraa/rxrbb",5
"GO:1901264","carbohydrate derivative transport","5/1162","57/18773",0.087719298245614,1.41717244919528,0.810238465128701,0.276747003379296,0.796143776476663,0.729997162840562,"lrrc8aa/slc25a5/slc29a1a/slc25a24/shoc2",5
"GO:0007219","Notch signaling pathway","10/1162","129/18773",0.0775193798449612,1.2523849551028,0.738847994677182,0.276892025722485,0.796143776476663,0.729997162840562,"fbxw7/nrarpa/foxc1a/rbpjb/ythdf2/tet2/pofut1/hif1ab/cad/mettl3",10
"GO:0010927","cellular component assembly involved in morphogenesis","10/1162","129/18773",0.0775193798449612,1.2523849551028,0.738847994677182,0.276892025722485,0.796143776476663,0.729997162840562,"mef2d/agfg1a/myo18ab/csrp1a/naca/rbm24a/smyd2a/fut8a/rnf2/tnnt3a",10
"GO:0032989","cellular anatomical entity morphogenesis","10/1162","129/18773",0.0775193798449612,1.2523849551028,0.738847994677182,0.276892025722485,0.796143776476663,0.729997162840562,"mef2d/agfg1a/myo18ab/csrp1a/naca/rbm24a/smyd2a/fut8a/rnf2/tnnt3a",10
"GO:0045333","cellular respiration","10/1162","129/18773",0.0775193798449612,1.2523849551028,0.738847994677182,0.276892025722485,0.796143776476663,0.729997162840562,"slc25a18/uqcc2/reep1/cox6c/ndufa7/uqcrq/mtfr2/sfxn4/mtfr1/mdh2",10
"GO:0000578","embryonic axis specification","3/1162","30/18773",0.1,1.61557659208262,0.866741317840467,0.283269899457922,0.799092594618551,0.732700982101497,"dctn2/itga5/prdm1a",3
"GO:0002072","optic cup morphogenesis involved in camera-type eye development","3/1162","30/18773",0.1,1.61557659208262,0.866741317840467,0.283269899457922,0.799092594618551,0.732700982101497,"tfec/phactr4b/foxc1a",3
"GO:0008406","gonad development","3/1162","30/18773",0.1,1.61557659208262,0.866741317840467,0.283269899457922,0.799092594618551,0.732700982101497,"tfam/ythdf2/bmpr2b",3
"GO:0039021","pronephric glomerulus development","3/1162","30/18773",0.1,1.61557659208262,0.866741317840467,0.283269899457922,0.799092594618551,0.732700982101497,"foxc1a/rbpjb/cd2ap",3
"GO:0048608","reproductive structure development","3/1162","30/18773",0.1,1.61557659208262,0.866741317840467,0.283269899457922,0.799092594618551,0.732700982101497,"tfam/ythdf2/bmpr2b",3
"GO:0061458","reproductive system development","3/1162","30/18773",0.1,1.61557659208262,0.866741317840467,0.283269899457922,0.799092594618551,0.732700982101497,"tfam/ythdf2/bmpr2b",3
"GO:0001732","formation of cytoplasmic translation initiation complex","2/1162","17/18773",0.117647058823529,1.90067834362661,0.954312027433683,0.283959286507905,0.799092594618551,0.732700982101497,"eif3eb/eif3jb",2
"GO:0001964","startle response","2/1162","17/18773",0.117647058823529,1.90067834362661,0.954312027433683,0.283959286507905,0.799092594618551,0.732700982101497,"stx4/get1",2
"GO:0006241","CTP biosynthetic process","2/1162","17/18773",0.117647058823529,1.90067834362661,0.954312027433683,0.283959286507905,0.799092594618551,0.732700982101497,"uck2a/nme7",2
"GO:0008354","germ cell migration","2/1162","17/18773",0.117647058823529,1.90067834362661,0.954312027433683,0.283959286507905,0.799092594618551,0.732700982101497,"stau2/igf2bp3",2
"GO:0009209","pyrimidine ribonucleoside triphosphate biosynthetic process","2/1162","17/18773",0.117647058823529,1.90067834362661,0.954312027433683,0.283959286507905,0.799092594618551,0.732700982101497,"uck2a/nme7",2
"GO:0009226","nucleotide-sugar biosynthetic process","2/1162","17/18773",0.117647058823529,1.90067834362661,0.954312027433683,0.283959286507905,0.799092594618551,0.732700982101497,"uap1l1/pgm3",2
"GO:0046849","bone remodeling","2/1162","17/18773",0.117647058823529,1.90067834362661,0.954312027433683,0.283959286507905,0.799092594618551,0.732700982101497,"col1a1a/lrp5",2
"GO:0048015","phosphatidylinositol-mediated signaling","2/1162","17/18773",0.117647058823529,1.90067834362661,0.954312027433683,0.283959286507905,0.799092594618551,0.732700982101497,"pik3cb/pik3c3",2
"GO:0050918","positive chemotaxis","2/1162","17/18773",0.117647058823529,1.90067834362661,0.954312027433683,0.283959286507905,0.799092594618551,0.732700982101497,"lgals3b/scrib",2
"GO:0050935","iridophore differentiation","2/1162","17/18773",0.117647058823529,1.90067834362661,0.954312027433683,0.283959286507905,0.799092594618551,0.732700982101497,"med12/tfec",2
"GO:0051125","regulation of actin nucleation","2/1162","17/18773",0.117647058823529,1.90067834362661,0.954312027433683,0.283959286507905,0.799092594618551,0.732700982101497,"arfip1/arpin",2
"GO:0051592","response to calcium ion","2/1162","17/18773",0.117647058823529,1.90067834362661,0.954312027433683,0.283959286507905,0.799092594618551,0.732700982101497,"cpne1/slc25a24",2
"GO:1901658","glycosyl compound catabolic process","2/1162","17/18773",0.117647058823529,1.90067834362661,0.954312027433683,0.283959286507905,0.799092594618551,0.732700982101497,"fuca2/fuca1.2",2
"GO:0033059","cellular pigmentation","5/1162","58/18773",0.0862068965517241,1.39273844145053,0.769464913911976,0.28890213346559,0.810371377282511,0.743042681161713,"tyrp1b/atp6v0d1/inpp5b/nsfb/bbs7",5
"GO:0030917","midbrain-hindbrain boundary development","4/1162","44/18773",0.0909090909090909,1.46870599280238,0.799532050951709,0.288934641482344,0.810371377282511,0.743042681161713,"wls/creb1a/foxl2b/brd2a",4
"GO:0046173","polyol biosynthetic process","4/1162","44/18773",0.0909090909090909,1.46870599280238,0.799532050951709,0.288934641482344,0.810371377282511,0.743042681161713,"gch1/impa1/ip6k2b/itpkcb",4
"GO:0032271","regulation of protein polymerization","9/1162","116/18773",0.0775862068965517,1.25346459730548,0.70338276871995,0.290699709815699,0.814412899405632,0.746748418455161,"dbnlb/plekhg2/pfn1/arpc5la/add1/fam49bb/ssh2a/hax1/si:ch211-203d1.3",9
"GO:0019362","pyridine nucleotide metabolic process","7/1162","87/18773",0.0804597701149425,1.2998892120205,0.720159386105195,0.292600952156033,0.817006880853456,0.749126882186615,"aldoaa/gapdhs/bpgm/pgam1a/tpi1b/eno3/eno1a",7
"GO:0046496","nicotinamide nucleotide metabolic process","7/1162","87/18773",0.0804597701149425,1.2998892120205,0.720159386105195,0.292600952156033,0.817006880853456,0.749126882186615,"aldoaa/gapdhs/bpgm/pgam1a/tpi1b/eno3/eno1a",7
"GO:0048675","axon extension","7/1162","87/18773",0.0804597701149425,1.2998892120205,0.720159386105195,0.292600952156033,0.817006880853456,0.749126882186615,"hnrnpr/dbnlb/tmem59l/mycbp2/ssna1/ubap1/sema3d",7
"GO:0048793","pronephros development","11/1162","146/18773",0.0753424657534247,1.21721524061019,0.67680193630353,0.294157938830521,0.820442730611654,0.752277268648883,"yap1/cxxc5a/grk4/foxc1a/rbpjb/cd2ap/bnc2/atp6v0d1/pard6gb/inpp5b/ift74",11
"GO:0022411","cellular component disassembly","12/1162","161/18773",0.0745341614906832,1.20415646614853,0.668260642659407,0.294909967571441,0.821628324287175,0.753364358751179,"sh3gl1b/map1lc3b/ufsp2/gabarapa/add1/cfl2/dyrk3/phf23b/gabarapl2/cfl1l/znf598/nsfb",12
"GO:0070507","regulation of microtubule cytoskeleton organization","6/1162","73/18773",0.0821917808219178,1.32787117157475,0.720958369057174,0.297308933462729,0.8224201738997,0.754090418525328,"gsk3ab/clasp1a/dync1li1/phldb2b/bicd2/phldb1b",6
"GO:0030261","chromosome condensation","3/1162","31/18773",0.0967741935483871,1.56346121814447,0.806497895073012,0.300521549298875,0.8224201738997,0.754090418525328,"smc4/cntrl/top2a",3
"GO:0038061","non-canonical NF-kappaB signal transduction","3/1162","31/18773",0.0967741935483871,1.56346121814447,0.806497895073012,0.300521549298875,0.8224201738997,0.754090418525328,"uacaa/cul1a/myd88",3
"GO:0045137","development of primary sexual characteristics","3/1162","31/18773",0.0967741935483871,1.56346121814447,0.806497895073012,0.300521549298875,0.8224201738997,0.754090418525328,"tfam/ythdf2/bmpr2b",3
"GO:0048886","neuromast hair cell differentiation","3/1162","31/18773",0.0967741935483871,1.56346121814447,0.806497895073012,0.300521549298875,0.8224201738997,0.754090418525328,"lrp5/gpr156/atp6v0d1",3
"GO:0021532","neural tube patterning","5/1162","59/18773",0.0847457627118644,1.36913270515476,0.729443312240357,0.30115052492738,0.8224201738997,0.754090418525328,"wls/tcf7l1a/creb1a/foxl2b/brd2a",5
"GO:0031076","embryonic camera-type eye development","5/1162","59/18773",0.0847457627118644,1.36913270515476,0.729443312240357,0.30115052492738,0.8224201738997,0.754090418525328,"tfec/tcf7l1a/phactr4b/foxc1a/lum",5
"GO:0045862","positive regulation of proteolysis","5/1162","59/18773",0.0847457627118644,1.36913270515476,0.729443312240357,0.30115052492738,0.8224201738997,0.754090418525328,"gsk3ab/rnft1/dda1/becn1/fzr1a",5
"GO:0043085","positive regulation of catalytic activity","7/1162","88/18773",0.0795454545454545,1.28511774370208,0.688629080459734,0.302556599642447,0.8224201738997,0.754090418525328,"prrc1/phactr4b/ralgapa2/scrib/becn1/fzr1a/ube2s",7
"GO:0048884","neuromast development","7/1162","88/18773",0.0795454545454545,1.28511774370208,0.688629080459734,0.302556599642447,0.8224201738997,0.754090418525328,"smad5/tnfrsf19/scrib/atp2b1a/lrp5/gpr156/atp6v0d1",7
"GO:0030514","negative regulation of BMP signaling pathway","4/1162","45/18773",0.0888888888888889,1.43606808185121,0.752282890028399,0.303106008824505,0.8224201738997,0.754090418525328,"zmynd11/bambia/smad6a/skia",4
"GO:0033627","cell adhesion mediated by integrin","4/1162","45/18773",0.0888888888888889,1.43606808185121,0.752282890028399,0.303106008824505,0.8224201738997,0.754090418525328,"itga6b/itga5/sdc4/itga9",4
"GO:0034620","cellular response to unfolded protein","4/1162","45/18773",0.0888888888888889,1.43606808185121,0.752282890028399,0.303106008824505,0.8224201738997,0.754090418525328,"nck1a/derl1/herpud2/sec63",4
"GO:0071806","protein transmembrane transport","4/1162","45/18773",0.0888888888888889,1.43606808185121,0.752282890028399,0.303106008824505,0.8224201738997,0.754090418525328,"tomm70a/sec62/grpel1/dnlz",4
"GO:2001234","negative regulation of apoptotic signaling pathway","4/1162","45/18773",0.0888888888888889,1.43606808185121,0.752282890028399,0.303106008824505,0.8224201738997,0.754090418525328,"lgals3b/uri1/slc25a5/rnf2",4
"GO:0001569","branching involved in blood vessel morphogenesis","2/1162","18/18773",0.111111111111111,1.79508510231402,0.866877363752567,0.307401886841251,0.8224201738997,0.754090418525328,"nrarpa/hs6st2",2
"GO:0002286","T cell activation involved in immune response","2/1162","18/18773",0.111111111111111,1.79508510231402,0.866877363752567,0.307401886841251,0.8224201738997,0.754090418525328,"brd4/loxl3b",2
"GO:0003181","atrioventricular valve morphogenesis","2/1162","18/18773",0.111111111111111,1.79508510231402,0.866877363752567,0.307401886841251,0.8224201738997,0.754090418525328,"jupa/cemip2",2
"GO:0006085","acetyl-CoA biosynthetic process","2/1162","18/18773",0.111111111111111,1.79508510231402,0.866877363752567,0.307401886841251,0.8224201738997,0.754090418525328,"bckdk/pdha1a",2
"GO:0009208","pyrimidine ribonucleoside triphosphate metabolic process","2/1162","18/18773",0.111111111111111,1.79508510231402,0.866877363752567,0.307401886841251,0.8224201738997,0.754090418525328,"uck2a/nme7",2
"GO:0010171","body morphogenesis","2/1162","18/18773",0.111111111111111,1.79508510231402,0.866877363752567,0.307401886841251,0.8224201738997,0.754090418525328,"tcf7l1a/trim71",2
"GO:0015810","aspartate transmembrane transport","2/1162","18/18773",0.111111111111111,1.79508510231402,0.866877363752567,0.307401886841251,0.8224201738997,0.754090418525328,"slc25a18/lrrc8aa",2
"GO:0021554","optic nerve development","2/1162","18/18773",0.111111111111111,1.79508510231402,0.866877363752567,0.307401886841251,0.8224201738997,0.754090418525328,"tuba1a/klf6a",2
"GO:0030168","platelet activation","2/1162","18/18773",0.111111111111111,1.79508510231402,0.866877363752567,0.307401886841251,0.8224201738997,0.754090418525328,"bambia/esama",2
"GO:0030878","thyroid gland development","2/1162","18/18773",0.111111111111111,1.79508510231402,0.866877363752567,0.307401886841251,0.8224201738997,0.754090418525328,"kdrl/tal1",2
"GO:0032438","melanosome organization","2/1162","18/18773",0.111111111111111,1.79508510231402,0.866877363752567,0.307401886841251,0.8224201738997,0.754090418525328,"tyrp1b/atp6v0d1",2
"GO:0034508","centromere complex assembly","2/1162","18/18773",0.111111111111111,1.79508510231402,0.866877363752567,0.307401886841251,0.8224201738997,0.754090418525328,"cenpx/dlgap5",2
"GO:0038084","vascular endothelial growth factor signaling pathway","2/1162","18/18773",0.111111111111111,1.79508510231402,0.866877363752567,0.307401886841251,0.8224201738997,0.754090418525328,"cemip2/cad",2
"GO:0039020","pronephric nephron tubule development","2/1162","18/18773",0.111111111111111,1.79508510231402,0.866877363752567,0.307401886841251,0.8224201738997,0.754090418525328,"bnc2/ift74",2
"GO:0042541","hemoglobin biosynthetic process","2/1162","18/18773",0.111111111111111,1.79508510231402,0.866877363752567,0.307401886841251,0.8224201738997,0.754090418525328,"snx3/slc40a1",2
"GO:0043270","positive regulation of monoatomic ion transport","2/1162","18/18773",0.111111111111111,1.79508510231402,0.866877363752567,0.307401886841251,0.8224201738997,0.754090418525328,"lgals3b/fxyd6l",2
"GO:0046033","AMP metabolic process","2/1162","18/18773",0.111111111111111,1.79508510231402,0.866877363752567,0.307401886841251,0.8224201738997,0.754090418525328,"ak3/ak1",2
"GO:0046036","CTP metabolic process","2/1162","18/18773",0.111111111111111,1.79508510231402,0.866877363752567,0.307401886841251,0.8224201738997,0.754090418525328,"uck2a/nme7",2
"GO:0060541","respiratory system development","2/1162","18/18773",0.111111111111111,1.79508510231402,0.866877363752567,0.307401886841251,0.8224201738997,0.754090418525328,"marcksa/loxl3b",2
"GO:0099175","regulation of postsynapse organization","2/1162","18/18773",0.111111111111111,1.79508510231402,0.866877363752567,0.307401886841251,0.8224201738997,0.754090418525328,"dbnlb/abhd17c",2
"GO:0140719","constitutive heterochromatin formation","2/1162","18/18773",0.111111111111111,1.79508510231402,0.866877363752567,0.307401886841251,0.8224201738997,0.754090418525328,"hat1/mbd1a",2
"GO:1901989","positive regulation of cell cycle phase transition","2/1162","18/18773",0.111111111111111,1.79508510231402,0.866877363752567,0.307401886841251,0.8224201738997,0.754090418525328,"ccnd2a/dyrk3",2
"GO:0002088","lens development in camera-type eye","9/1162","118/18773",0.076271186440678,1.23221943463928,0.649992384895495,0.307865867237728,0.8224201738997,0.754090418525328,"sufu/itga5/sipa1l3/rbm42/copz1/cryba1l1/rbm24a/crybb1/crygm2d20",9
"GO:0009880","embryonic pattern specification","6/1162","74/18773",0.0810810810810811,1.30992696655347,0.686171005687824,0.308284840355558,0.8224201738997,0.754090418525328,"prrc1/dctn2/itga5/smad5/smad2/prdm1a",6
"GO:0071375","cellular response to peptide hormone stimulus","6/1162","74/18773",0.0810810810810811,1.30992696655347,0.686171005687824,0.308284840355558,0.8224201738997,0.754090418525328,"pik3r1/gsk3ab/pik3r2/ghrb/rab13/pik3r3b",6
"GO:0051050","positive regulation of transport","7/1162","89/18773",0.0786516853932584,1.27067821849195,0.657475708459634,0.312580278502131,0.832994952148309,0.763786604499821,"lgals3b/ezrb/akt2/fxyd6l/zdhhc8b/cacna1ha/syt2a",7
"GO:0070371","ERK1 and ERK2 cascade","5/1162","60/18773",0.0833333333333333,1.34631382673551,0.690144570972895,0.313477373591758,0.834500677792465,0.765167228805038,"spred1/spry4/styx/ptpn2b/pdgfba",5
"GO:0007281","germ cell development","9/1162","119/18773",0.0756302521008403,1.22186464947425,0.623651444681156,0.316534464412124,0.839840255631785,0.770063174472941,"stau2/agfg1a/dctn2/ythdf2/kif5ba/smad2/igf2bp3/kif26ab/mettl3",9
"GO:0030239","myofibril assembly","9/1162","119/18773",0.0756302521008403,1.22186464947425,0.623651444681156,0.316534464412124,0.839840255631785,0.770063174472941,"mef2d/myo18ab/csrp1a/naca/rbm24a/smyd2a/fut8a/rnf2/tnnt3a",9
"GO:0099111","microtubule-based transport","9/1162","119/18773",0.0756302521008403,1.22186464947425,0.623651444681156,0.316534464412124,0.839840255631785,0.770063174472941,"stau2/rhot1a/arl8a/arl8ba/copg2/kif5ba/ift52/ift74/kifbp",9
"GO:0030593","neutrophil chemotaxis","4/1162","46/18773",0.0869565217391304,1.40484921050662,0.706162149525683,0.317350775495594,0.839840255631785,0.770063174472941,"cul1a/lgals3b/trim33/myd88",4
"GO:0006383","transcription by RNA polymerase III","3/1162","32/18773",0.09375,1.51460305507745,0.748371598620457,0.317822555951384,0.839840255631785,0.770063174472941,"polr3glb/snapc5/zgc:162472",3
"GO:0010508","positive regulation of autophagy","3/1162","32/18773",0.09375,1.51460305507745,0.748371598620457,0.317822555951384,0.839840255631785,0.770063174472941,"gsk3ab/depdc5/becn1",3
"GO:0048813","dendrite morphogenesis","3/1162","32/18773",0.09375,1.51460305507745,0.748371598620457,0.317822555951384,0.839840255631785,0.770063174472941,"dbnlb/nedd4l/rbpms2b",3
"GO:0003333","amino acid transmembrane transport","6/1162","75/18773",0.08,1.29246127366609,0.65188013864451,0.319328385861708,0.84116586338624,0.771278645758887,"slc25a18/si:dkeyp-120h9.1/slc36a4/lrrc8aa/sfxn2/mfsd12a",6
"GO:0042180","cellular ketone metabolic process","6/1162","75/18773",0.08,1.29246127366609,0.65188013864451,0.319328385861708,0.84116586338624,0.771278645758887,"bckdk/pdss2/si:dkeyp-120h9.1/tpi1b/rcor1/ppardb",6
"GO:0097530","granulocyte migration","6/1162","75/18773",0.08,1.29246127366609,0.65188013864451,0.319328385861708,0.84116586338624,0.771278645758887,"cul1a/lgals3b/cyba/rac1b/trim33/myd88",6
"GO:0030178","negative regulation of Wnt signaling pathway","7/1162","90/18773",0.0777777777777778,1.25655957161981,0.626689614818501,0.322664127668285,0.847842413083901,0.777400482644212,"ctnnbip1/otud5b/jupa/gsk3ab/tcf7l1a/otud5a/amer2",7
"GO:0048285","organelle fission","14/1162","196/18773",0.0714285714285714,1.15398328005901,0.556647342272218,0.328881296180954,0.847842413083901,0.777400482644212,"clasp1a/mad1l1/smc4/fis1/mcl1b/dnm1l/cntrl/cenpx/prc1a/top2a/ube2s/mtfr2/mtfr1/swap70b",14
"GO:0042490","mechanoreceptor differentiation","6/1162","76/18773",0.0789473684210526,1.27545520427575,0.618070680579934,0.330429222196509,0.847842413083901,0.777400482644212,"vdrb/dctn2/atp2b1a/lrp5/gpr156/atp6v0d1",6
"GO:0042594","response to starvation","6/1162","76/18773",0.0789473684210526,1.27545520427575,0.618070680579934,0.330429222196509,0.847842413083901,0.777400482644212,"map1lc3b/mios/gabarapa/depdc5/becn1/gabarapl2",6
"GO:0000096","sulfur amino acid metabolic process","2/1162","19/18773",0.105263157894737,1.70060693903433,0.784820985627623,0.330688244836998,0.847842413083901,0.777400482644212,"cth/enoph1",2
"GO:0007097","nuclear migration","2/1162","19/18773",0.105263157894737,1.70060693903433,0.784820985627623,0.330688244836998,0.847842413083901,0.777400482644212,"dctn2/tacc1",2
"GO:0010830","regulation of myotube differentiation","2/1162","19/18773",0.105263157894737,1.70060693903433,0.784820985627623,0.330688244836998,0.847842413083901,0.777400482644212,"hnrnpl2/rbm24a",2
"GO:0010833","telomere maintenance via telomere lengthening","2/1162","19/18773",0.105263157894737,1.70060693903433,0.784820985627623,0.330688244836998,0.847842413083901,0.777400482644212,"terfa/tinf2",2
"GO:0020027","hemoglobin metabolic process","2/1162","19/18773",0.105263157894737,1.70060693903433,0.784820985627623,0.330688244836998,0.847842413083901,0.777400482644212,"snx3/slc40a1",2
"GO:0021593","rhombomere morphogenesis","2/1162","19/18773",0.105263157894737,1.70060693903433,0.784820985627623,0.330688244836998,0.847842413083901,0.777400482644212,"med12/spry4",2
"GO:0030856","regulation of epithelial cell differentiation","2/1162","19/18773",0.105263157894737,1.70060693903433,0.784820985627623,0.330688244836998,0.847842413083901,0.777400482644212,"tal1/add1",2
"GO:0032330","regulation of chondrocyte differentiation","2/1162","19/18773",0.105263157894737,1.70060693903433,0.784820985627623,0.330688244836998,0.847842413083901,0.777400482644212,"atg13/rnf2",2
"GO:0036065","fucosylation","2/1162","19/18773",0.105263157894737,1.70060693903433,0.784820985627623,0.330688244836998,0.847842413083901,0.777400482644212,"pofut1/fut8a",2
"GO:0043114","regulation of vascular permeability","2/1162","19/18773",0.105263157894737,1.70060693903433,0.784820985627623,0.330688244836998,0.847842413083901,0.777400482644212,"foxc1a/tjp1b",2
"GO:0045292","mRNA cis splicing, via spliceosome","2/1162","19/18773",0.105263157894737,1.70060693903433,0.784820985627623,0.330688244836998,0.847842413083901,0.777400482644212,"rbm22/prpf4ba",2
"GO:0046189","phenol-containing compound biosynthetic process","2/1162","19/18773",0.105263157894737,1.70060693903433,0.784820985627623,0.330688244836998,0.847842413083901,0.777400482644212,"tyrp1b/mfsd12a",2
"GO:0048753","pigment granule organization","2/1162","19/18773",0.105263157894737,1.70060693903433,0.784820985627623,0.330688244836998,0.847842413083901,0.777400482644212,"tyrp1b/atp6v0d1",2
"GO:0051014","actin filament severing","2/1162","19/18773",0.105263157894737,1.70060693903433,0.784820985627623,0.330688244836998,0.847842413083901,0.777400482644212,"cfl2/cfl1l",2
"GO:0051647","nucleus localization","2/1162","19/18773",0.105263157894737,1.70060693903433,0.784820985627623,0.330688244836998,0.847842413083901,0.777400482644212,"dctn2/tacc1",2
"GO:0060996","dendritic spine development","2/1162","19/18773",0.105263157894737,1.70060693903433,0.784820985627623,0.330688244836998,0.847842413083901,0.777400482644212,"dbnlb/arf6a",2
"GO:1901222","regulation of non-canonical NF-kappaB signal transduction","2/1162","19/18773",0.105263157894737,1.70060693903433,0.784820985627623,0.330688244836998,0.847842413083901,0.777400482644212,"uacaa/myd88",2
"GO:1903670","regulation of sprouting angiogenesis","2/1162","19/18773",0.105263157894737,1.70060693903433,0.784820985627623,0.330688244836998,0.847842413083901,0.777400482644212,"bcar1/cemip2",2
"GO:1905952","regulation of lipid localization","2/1162","19/18773",0.105263157894737,1.70060693903433,0.784820985627623,0.330688244836998,0.847842413083901,0.777400482644212,"zdhhc8b/ppardb",2
"GO:2001243","negative regulation of intrinsic apoptotic signaling pathway","2/1162","19/18773",0.105263157894737,1.70060693903433,0.784820985627623,0.330688244836998,0.847842413083901,0.777400482644212,"uri1/rnf2",2
"GO:0009628","response to abiotic stimulus","26/1162","381/18773",0.068241469816273,1.10249321244483,0.519169824740764,0.331192293511878,0.847842413083901,0.777400482644212,"fam162a/ddx6/stx4/hsp90ab1/rnf168/hvcn1/hsbp1a/perp/tefa/get1/ddit3/ndrg1a/hspb1/ercc1/gna11b/col1a2/atp6v0d1/cry2/hif1ab/badb/hsbp1b/pim1/xrcc6/ajuba/mettl3/ercc8",26
"GO:0001706","endoderm formation","4/1162","47/18773",0.0851063829787234,1.37495880177244,0.661113918302398,0.33164707204993,0.847842413083901,0.777400482644212,"itga5/dusp1/acvr1ba/dyrk1b",4
"GO:0006405","RNA export from nucleus","4/1162","47/18773",0.0851063829787234,1.37495880177244,0.661113918302398,0.33164707204993,0.847842413083901,0.777400482644212,"thoc7/nup98/nup153/nup88",4
"GO:0071674","mononuclear cell migration","4/1162","47/18773",0.0851063829787234,1.37495880177244,0.661113918302398,0.33164707204993,0.847842413083901,0.777400482644212,"lgals3b/cyba/trim33/hif1ab",4
"GO:1901657","glycosyl compound metabolic process","4/1162","47/18773",0.0851063829787234,1.37495880177244,0.661113918302398,0.33164707204993,0.847842413083901,0.777400482644212,"fuca2/fuca1.2/dnph1/trmt12",4
"GO:0015748","organophosphate ester transport","9/1162","121/18773",0.0743801652892562,1.20166853956558,0.571655601359114,0.334017685274819,0.849844582212307,0.77923630404538,"plscr3b/prelid3b/triap1/tmem30aa/lrrc8aa/slc25a5/slc25a24/apoeb/shoc2",9
"GO:0006289","nucleotide-excision repair","3/1162","33/18773",0.0909090909090909,1.46870599280238,0.692211820632238,0.335135686817507,0.849844582212307,0.77923630404538,"gtf2h3/pole/ercc8",3
"GO:0006360","transcription by RNA polymerase I","3/1162","33/18773",0.0909090909090909,1.46870599280238,0.692211820632238,0.335135686817507,0.849844582212307,0.77923630404538,"wdr75/ubtf/taf1a",3
"GO:0009112","nucleobase metabolic process","3/1162","33/18773",0.0909090909090909,1.46870599280238,0.692211820632238,0.335135686817507,0.849844582212307,0.77923630404538,"cmpk/dhodh/cad",3
"GO:0035384","thioester biosynthetic process","3/1162","33/18773",0.0909090909090909,1.46870599280238,0.692211820632238,0.335135686817507,0.849844582212307,0.77923630404538,"bckdk/pdha1a/elovl1b",3
"GO:0060536","cartilage morphogenesis","3/1162","33/18773",0.0909090909090909,1.46870599280238,0.692211820632238,0.335135686817507,0.849844582212307,0.77923630404538,"wls/rap1aa/wnt9a",3
"GO:0060914","heart formation","3/1162","33/18773",0.0909090909090909,1.46870599280238,0.692211820632238,0.335135686817507,0.849844582212307,0.77923630404538,"yap1/mef2d/cemip2",3
"GO:0071616","acyl-CoA biosynthetic process","3/1162","33/18773",0.0909090909090909,1.46870599280238,0.692211820632238,0.335135686817507,0.849844582212307,0.77923630404538,"bckdk/pdha1a/elovl1b",3
"GO:0016579","protein deubiquitination","6/1162","77/18773",0.0779220779220779,1.25889085097347,0.584728206587105,0.341577129883216,0.864384324125072,0.792568029618524,"otub1a/josd1/stambpa/otud5a/usp42/usp49",6
"GO:0016049","cell growth","10/1162","137/18773",0.072992700729927,1.17925298692162,0.54089960223027,0.341901320406017,0.864384324125072,0.792568029618524,"lamtor2/hnrnpr/dbnlb/tmem59l/mycbp2/dnph1/ssna1/ubap1/pard6gb/sema3d",10
"GO:0032984","protein-containing complex disassembly","10/1162","137/18773",0.072992700729927,1.17925298692162,0.54089960223027,0.341901320406017,0.864384324125072,0.792568029618524,"sh3gl1b/map1lc3b/gabarapa/add1/cfl2/dyrk3/phf23b/gabarapl2/cfl1l/nsfb",10
"GO:0072524","pyridine-containing compound metabolic process","7/1162","92/18773",0.0760869565217391,1.2292430591933,0.566182415727865,0.342981133245314,0.866080911399726,0.79412365805349,"aldoaa/gapdhs/bpgm/pgam1a/tpi1b/eno3/eno1a",7
"GO:0032886","regulation of microtubule-based process","8/1162","107/18773",0.0747663551401869,1.20790773239822,0.553991661659899,0.343261674394798,0.866080911399726,0.79412365805349,"npm1b/gsk3ab/clasp1a/dync1li1/phldb2b/chordc1b/bicd2/phldb1b",8
"GO:0032535","regulation of cellular component size","13/1162","183/18773",0.0710382513661202,1.14767736049585,0.515663152867308,0.34467955727371,0.866441075867625,0.794453898705356,"dbnlb/arhgap5/plekhg2/pfn1/arpc5la/add1/fam49bb/ssh2a/hspb1/pard6gb/hax1/si:ch211-203d1.3/sema3d",13
"GO:0045637","regulation of myeloid cell differentiation","4/1162","48/18773",0.0833333333333333,1.34631382673551,0.617086243671006,0.345973767650273,0.866441075867625,0.794453898705356,"med12/asxl1/lpar2a/pithd1",4
"GO:0072665","protein localization to vacuole","4/1162","48/18773",0.0833333333333333,1.34631382673551,0.617086243671006,0.345973767650273,0.866441075867625,0.794453898705356,"vps36/stam/scarb2a/vps37a",4
"GO:0044772","mitotic cell cycle phase transition","10/1162","138/18773",0.072463768115942,1.17070767542219,0.51700437878278,0.350225934888177,0.866441075867625,0.794453898705356,"cdk8/ccni/mad1l1/ccnd2a/ccnjl/ccng2/chmp4bb/ube2s/cdk2/swap70b",10
"GO:0090090","negative regulation of canonical Wnt signaling pathway","5/1162","63/18773",0.0793650793650794,1.28220364451001,0.576318190248554,0.350784495608331,0.866441075867625,0.794453898705356,"otud5b/gsk3ab/tcf7l1a/otud5a/amer2",5
"GO:0022412","cellular process involved in reproduction in multicellular organism","9/1162","123/18773",0.0731707317073171,1.18212921371899,0.520545958025351,0.351662314349368,0.866441075867625,0.794453898705356,"stau2/agfg1a/dctn2/ythdf2/kif5ba/smad2/igf2bp3/kif26ab/mettl3",9
"GO:0048511","rhythmic process","9/1162","123/18773",0.0731707317073171,1.18212921371899,0.520545958025351,0.351662314349368,0.866441075867625,0.794453898705356,"nfil3-5/hdac3/mycbp2/ppp1cb/pspc1/dnm1l/gna11b/cry2/top2a",9
"GO:0140694","non-membrane-bounded organelle assembly","18/1162","261/18773",0.0689655172413793,1.11419075316042,0.477189466573243,0.35198250645104,0.866441075867625,0.794453898705356,"ddx6/clasp1a/mef2d/myo18ab/csrp1a/ythdf2/naca/pan3/cenpx/rbm24a/smyd2a/sbds/dlgap5/prc1a/fut8a/aup1/rnf2/tnnt3a",18
"GO:0002697","regulation of immune effector process","3/1162","34/18773",0.0882352941176471,1.42550875771996,0.637883082494418,0.352425959606421,0.866441075867625,0.794453898705356,"kmt5b/brd4/loxl3b",3
"GO:0048278","vesicle docking","3/1162","34/18773",0.0882352941176471,1.42550875771996,0.637883082494418,0.352425959606421,0.866441075867625,0.794453898705356,"stx4/stx3a/exoc4",3
"GO:0048488","synaptic vesicle endocytosis","3/1162","34/18773",0.0882352941176471,1.42550875771996,0.637883082494418,0.352425959606421,0.866441075867625,0.794453898705356,"sh3gl1b/fcho2/si:ch211-200p22.4",3
"GO:0051293","establishment of spindle localization","3/1162","34/18773",0.0882352941176471,1.42550875771996,0.637883082494418,0.352425959606421,0.866441075867625,0.794453898705356,"clasp1a/diaph2/scrib",3
"GO:0051653","spindle localization","3/1162","34/18773",0.0882352941176471,1.42550875771996,0.637883082494418,0.352425959606421,0.866441075867625,0.794453898705356,"clasp1a/diaph2/scrib",3
"GO:0140238","presynaptic endocytosis","3/1162","34/18773",0.0882352941176471,1.42550875771996,0.637883082494418,0.352425959606421,0.866441075867625,0.794453898705356,"sh3gl1b/fcho2/si:ch211-200p22.4",3
"GO:0045595","regulation of cell differentiation","32/1162","479/18773",0.0668058455114822,1.07929960222638,0.451596696627992,0.352458819171114,0.866441075867625,0.794453898705356,"hnrnpl2/adnpa/med12/dbnlb/tfec/uqcc2/tal1/cdca7a/gpr182/eed/atg13/brd4/zbtb16a/asxl1/ythdf2/add1/churc1/ptbp1b/smad2/lpar2a/prdm1a/rbm24a/foxl2b/loxl3b/pithd1/rbpms2b/myd88/mosmob/rnf2/atraid/swap70b/mettl3",32
"GO:0021510","spinal cord development","7/1162","93/18773",0.0752688172043011,1.21602539189014,0.536443723405451,0.353198854802536,0.866441075867625,0.794453898705356,"arf6a/smarcd1/loxl3b/pard6gb/surf1/brd2a/rnf220a",7
"GO:0032880","regulation of protein localization","7/1162","93/18773",0.0752688172043011,1.21602539189014,0.536443723405451,0.353198854802536,0.866441075867625,0.794453898705356,"uqcc2/ezrb/rab11fip3/vti1b/mesd/tax1bp3/efcab7",7
"GO:0001556","oocyte maturation","2/1162","20/18773",0.1,1.61557659208262,0.707502609908498,0.353747928308867,0.866441075867625,0.794453898705356,"ythdf2/mettl3",2
"GO:0006513","protein monoubiquitination","2/1162","20/18773",0.1,1.61557659208262,0.707502609908498,0.353747928308867,0.866441075867625,0.794453898705356,"pef1/znf598",2
"GO:0009081","branched-chain amino acid metabolic process","2/1162","20/18773",0.1,1.61557659208262,0.707502609908498,0.353747928308867,0.866441075867625,0.794453898705356,"mccc2/bckdha",2
"GO:0009148","pyrimidine nucleoside triphosphate biosynthetic process","2/1162","20/18773",0.1,1.61557659208262,0.707502609908498,0.353747928308867,0.866441075867625,0.794453898705356,"uck2a/nme7",2
"GO:0019217","regulation of fatty acid metabolic process","2/1162","20/18773",0.1,1.61557659208262,0.707502609908498,0.353747928308867,0.866441075867625,0.794453898705356,"bckdk/ppardb",2
"GO:0030307","positive regulation of cell growth","2/1162","20/18773",0.1,1.61557659208262,0.707502609908498,0.353747928308867,0.866441075867625,0.794453898705356,"dbnlb/dnph1",2
"GO:0031124","mRNA 3'-end processing","2/1162","20/18773",0.1,1.61557659208262,0.707502609908498,0.353747928308867,0.866441075867625,0.794453898705356,"cstf3/rprd2b",2
"GO:0035622","intrahepatic bile duct development","2/1162","20/18773",0.1,1.61557659208262,0.707502609908498,0.353747928308867,0.866441075867625,0.794453898705356,"arf6a/vps33b",2
"GO:0043647","inositol phosphate metabolic process","2/1162","20/18773",0.1,1.61557659208262,0.707502609908498,0.353747928308867,0.866441075867625,0.794453898705356,"ip6k2b/itpkcb",2
"GO:0048538","thymus development","2/1162","20/18773",0.1,1.61557659208262,0.707502609908498,0.353747928308867,0.866441075867625,0.794453898705356,"cdca7a/sema3d",2
"GO:0070050","neuron cellular homeostasis","2/1162","20/18773",0.1,1.61557659208262,0.707502609908498,0.353747928308867,0.866441075867625,0.794453898705356,"hdac8/gch1",2
"GO:0070306","lens fiber cell differentiation","2/1162","20/18773",0.1,1.61557659208262,0.707502609908498,0.353747928308867,0.866441075867625,0.794453898705356,"itga5/rbm24a",2
"GO:0106027","neuron projection organization","2/1162","20/18773",0.1,1.61557659208262,0.707502609908498,0.353747928308867,0.866441075867625,0.794453898705356,"dbnlb/kifbp",2
"GO:0009117","nucleotide metabolic process","19/1162","277/18773",0.0685920577617329,1.10815722922634,0.465825069462065,0.355113588349166,0.86893909203647,0.796744370313457,"aldoaa/gapdhs/bpgm/atp5mea/atp6v1aa/uck2a/cmpk/dnph1/rrm1/dhodh/pgam1a/tpi1b/ak3/eno3/guk1a/nme7/cad/ak1/eno1a",19
"GO:0001707","mesoderm formation","4/1162","49/18773",0.0816326530612245,1.31883803435316,0.574030773158616,0.360310511702893,0.878668068541811,0.805665026928613,"tal1/lpar1/churc1/acvr1ba",4
"GO:0021954","central nervous system neuron development","4/1162","49/18773",0.0816326530612245,1.31883803435316,0.574030773158616,0.360310511702893,0.878668068541811,0.805665026928613,"med12/mycbp2/kif22/kifbp",4
"GO:0043648","dicarboxylic acid metabolic process","4/1162","49/18773",0.0816326530612245,1.31883803435316,0.574030773158616,0.360310511702893,0.878668068541811,0.805665026928613,"sdhaf3/glud1b/nit2/mdh2",4
"GO:0050776","regulation of immune response","15/1162","216/18773",0.0694444444444444,1.12192818894626,0.462959971947687,0.360488172967213,0.878668068541811,0.805665026928613,"akirin2/il10rb/otud5b/kmt5b/otud5a/brd4/ythdf2/n4bp1/gch1/si:dkey-52l18.4/loxl3b/csk/mapkapk2a/myd88/mettl3",15
"GO:0008033","tRNA processing","8/1162","109/18773",0.073394495412844,1.18574428776706,0.499565779141392,0.362207520915443,0.882003391531499,0.808723238763672,"nat10/dus4l/thumpd1/lsm6/elp3/trmt11/trmt12/ptcd1",8
"GO:0019751","polyol metabolic process","5/1162","64/18773",0.078125,1.26216921256454,0.539650666038804,0.363282536487507,0.883764776566414,0.810338281317729,"gch1/tpi1b/impa1/ip6k2b/itpkcb",5
"GO:0032870","cellular response to hormone stimulus","16/1162","232/18773",0.0689655172413793,1.11419075316042,0.449546562523848,0.364085208037058,0.883897070988585,0.810459584222679,"pik3r1/gsk3ab/tgif1/strn3/foxc1a/adipor2/pik3r2/adipor1b/nfe2l2a/ghrb/rab13/raraa/rxrbb/pik3r3b/nr1d2b/ppardb",16
"GO:0009953","dorsal/ventral pattern formation","11/1162","155/18773",0.0709677419354839,1.14653822663928,0.470561721402292,0.364392107259918,0.883897070988585,0.810459584222679,"yap1/bambia/hdac3/gsk3ab/smad5/tob1a/acvr1ba/skia/gid8a/acvrl1/zmat2",11
"GO:0051258","protein polymerization","11/1162","155/18773",0.0709677419354839,1.14653822663928,0.470561721402292,0.364392107259918,0.883897070988585,0.810459584222679,"dbnlb/plekhg2/diaph2/pfn1/arpc5la/add1/fam49bb/ssh2a/hax1/si:ch211-203d1.3/ube2s",11
"GO:0015980","energy derivation by oxidation of organic compounds","13/1162","186/18773",0.0698924731182796,1.12916643532656,0.454744887512431,0.36636433270836,0.885120933708,0.811581763833041,"atg3/slc25a18/uqcc2/reep1/hdac8/ppp1cb/cox6c/ndufa7/uqcrq/mtfr2/sfxn4/mtfr1/mdh2",13
"GO:0035270","endocrine system development","9/1162","125/18773",0.072,1.16321514629948,0.470289912191582,0.369428664935859,0.885120933708,0.811581763833041,"kdrl/pepd/med12/tal1/zfand3/foxc1a/itga5/zgc:153115/rbpjb",9
"GO:0032007","negative regulation of TOR signaling","3/1162","35/18773",0.0857142857142857,1.38477993607081,0.58526311069946,0.369660640371453,0.885120933708,0.811581763833041,"gsk3ab/depdc5/grk5l",3
"GO:0043094","cellular metabolic compound salvage","3/1162","35/18773",0.0857142857142857,1.38477993607081,0.58526311069946,0.369660640371453,0.885120933708,0.811581763833041,"uck2a/dnph1/enoph1",3
"GO:0044743","protein transmembrane import into intracellular organelle","3/1162","35/18773",0.0857142857142857,1.38477993607081,0.58526311069946,0.369660640371453,0.885120933708,0.811581763833041,"tomm70a/grpel1/dnlz",3
"GO:0045494","photoreceptor cell maintenance","3/1162","35/18773",0.0857142857142857,1.38477993607081,0.58526311069946,0.369660640371453,0.885120933708,0.811581763833041,"emc3/dctn2/ift74",3
"GO:0048588","developmental cell growth","8/1162","110/18773",0.0727272727272727,1.1749647942419,0.472740285539269,0.371719784607145,0.885120933708,0.811581763833041,"hnrnpr/dbnlb/tmem59l/mycbp2/ssna1/ubap1/pard6gb/sema3d",8
"GO:0080134","regulation of response to stress","21/1162","311/18773",0.067524115755627,1.09090380815868,0.415230481145618,0.371827882179083,0.885120933708,0.811581763833041,"hdgfl2/uacaa/nck1a/akirin2/rnf168/fam168a/kmt5b/brd4/ythdf2/rnft1/ndrg1a/n4bp1/gch1/ppp4r3b/smyd2a/dpp9/mapkapk2a/pin1/myd88/mettl3/ppardb",21
"GO:0031017","exocrine pancreas development","4/1162","50/18773",0.08,1.29246127366609,0.531902435370396,0.374637767881185,0.885120933708,0.811581763833041,"lnx2b/eed/sbds/tcf7l2",4
"GO:0035272","exocrine system development","4/1162","50/18773",0.08,1.29246127366609,0.531902435370396,0.374637767881185,0.885120933708,0.811581763833041,"lnx2b/eed/sbds/tcf7l2",4
"GO:0071216","cellular response to biotic stimulus","4/1162","50/18773",0.08,1.29246127366609,0.531902435370396,0.374637767881185,0.885120933708,0.811581763833041,"tmco1/nfkbib/ddit3/myd88",4
"GO:0043414","macromolecule methylation","6/1162","80/18773",0.075,1.21168244406196,0.487367606584963,0.375203458294168,0.885120933708,0.811581763833041,"ntmt1/setd7/icmt/smyd2a/trmt12/mettl3",6
"GO:0002181","cytoplasmic translation","5/1162","65/18773",0.0769230769230769,1.24275122467894,0.503582646142466,0.375789350734414,0.885120933708,0.811581763833041,"eif3eb/rbm24a/eif3jb/eif4a1a/mettl3",5
"GO:0006612","protein targeting to membrane","5/1162","65/18773",0.0769230769230769,1.24275122467894,0.503582646142466,0.375789350734414,0.885120933708,0.811581763833041,"naca/sec62/sec63/exoc4/vps37a",5
"GO:0090101","negative regulation of transmembrane receptor protein serine/threonine kinase signaling pathway","5/1162","65/18773",0.0769230769230769,1.24275122467894,0.503582646142466,0.375789350734414,0.885120933708,0.811581763833041,"zmynd11/bambia/smad6a/ppm1bb/skia",5
"GO:0000466","maturation of 5.8S rRNA from tricistronic rRNA transcript (SSU-rRNA, 5.8S rRNA, LSU-rRNA)","2/1162","21/18773",0.0952380952380952,1.53864437341202,0.634387045799853,0.376519808250637,0.885120933708,0.811581763833041,"exosc8/kri1",2
"GO:0001836","release of cytochrome c from mitochondria","2/1162","21/18773",0.0952380952380952,1.53864437341202,0.634387045799853,0.376519808250637,0.885120933708,0.811581763833041,"fam162a/mcl1b",2
"GO:0002699","positive regulation of immune effector process","2/1162","21/18773",0.0952380952380952,1.53864437341202,0.634387045799853,0.376519808250637,0.885120933708,0.811581763833041,"kmt5b/brd4",2
"GO:0006623","protein targeting to vacuole","2/1162","21/18773",0.0952380952380952,1.53864437341202,0.634387045799853,0.376519808250637,0.885120933708,0.811581763833041,"scarb2a/vps37a",2
"GO:0015867","ATP transport","2/1162","21/18773",0.0952380952380952,1.53864437341202,0.634387045799853,0.376519808250637,0.885120933708,0.811581763833041,"slc25a5/slc25a24",2
"GO:0019915","lipid storage","2/1162","21/18773",0.0952380952380952,1.53864437341202,0.634387045799853,0.376519808250637,0.885120933708,0.811581763833041,"aup1/ppardb",2
"GO:0021546","rhombomere development","2/1162","21/18773",0.0952380952380952,1.53864437341202,0.634387045799853,0.376519808250637,0.885120933708,0.811581763833041,"med12/spry4",2
"GO:0031644","regulation of nervous system process","2/1162","21/18773",0.0952380952380952,1.53864437341202,0.634387045799853,0.376519808250637,0.885120933708,0.811581763833041,"fbxw7/depdc5",2
"GO:0034198","cellular response to amino acid starvation","2/1162","21/18773",0.0952380952380952,1.53864437341202,0.634387045799853,0.376519808250637,0.885120933708,0.811581763833041,"mios/depdc5",2
"GO:0045839","negative regulation of mitotic nuclear division","2/1162","21/18773",0.0952380952380952,1.53864437341202,0.634387045799853,0.376519808250637,0.885120933708,0.811581763833041,"mad1l1/mcl1b",2
"GO:0045879","negative regulation of smoothened signaling pathway","2/1162","21/18773",0.0952380952380952,1.53864437341202,0.634387045799853,0.376519808250637,0.885120933708,0.811581763833041,"sufu/mosmob",2
"GO:0046631","alpha-beta T cell activation","2/1162","21/18773",0.0952380952380952,1.53864437341202,0.634387045799853,0.376519808250637,0.885120933708,0.811581763833041,"brd4/loxl3b",2
"GO:0048264","determination of ventral identity","2/1162","21/18773",0.0952380952380952,1.53864437341202,0.634387045799853,0.376519808250637,0.885120933708,0.811581763833041,"smad5/acvrl1",2
"GO:0050773","regulation of dendrite development","2/1162","21/18773",0.0952380952380952,1.53864437341202,0.634387045799853,0.376519808250637,0.885120933708,0.811581763833041,"dbnlb/nedd4l",2
"GO:0050830","defense response to Gram-positive bacterium","2/1162","21/18773",0.0952380952380952,1.53864437341202,0.634387045799853,0.376519808250637,0.885120933708,0.811581763833041,"lygl1/myd88",2
"GO:0070654","sensory epithelium regeneration","2/1162","21/18773",0.0952380952380952,1.53864437341202,0.634387045799853,0.376519808250637,0.885120933708,0.811581763833041,"tgif1/hbegfa",2
"GO:1990399","epithelium regeneration","2/1162","21/18773",0.0952380952380952,1.53864437341202,0.634387045799853,0.376519808250637,0.885120933708,0.811581763833041,"tgif1/hbegfa",2
"GO:2001251","negative regulation of chromosome organization","2/1162","21/18773",0.0952380952380952,1.53864437341202,0.634387045799853,0.376519808250637,0.885120933708,0.811581763833041,"terfa/mad1l1",2
"GO:1990778","protein localization to cell periphery","8/1162","111/18773",0.0720720720720721,1.16437952582531,0.446165975922415,0.381250362344197,0.895403888384082,0.821010372032905,"stx3a/ehd2b/fcho2/scrib/vti1b/rab13/efcab7/nsfb",8
"GO:0055086","nucleobase-containing small molecule metabolic process","28/1162","423/18773",0.066193853427896,1.06941240137856,0.370898901513121,0.383935240907425,0.89849851135251,0.823847882108046,"aldoaa/gapdhs/bpgm/atp5mea/bckdk/atp6v1aa/pdha1a/uck2a/cmpk/acot15/uap1l1/dnph1/rrm1/dhodh/pgam1a/tpi1b/ak3/elovl1b/pank2/eno3/guk1a/nme7/pgm3/cad/ak1/ppcs/eno1a/coasy",28
"GO:0006898","receptor-mediated endocytosis","7/1162","96/18773",0.0729166666666667,1.17802459839357,0.449188263206416,0.383998169993074,0.89849851135251,0.823847882108046,"smap1/scarb2a/fcho2/ralbp1/gpr107/si:ch211-200p22.4/ap2m1b",7
"GO:0010506","regulation of autophagy","7/1162","96/18773",0.0729166666666667,1.17802459839357,0.449188263206416,0.383998169993074,0.89849851135251,0.823847882108046,"gsk3ab/atg13/mtm1/depdc5/becn1/zgc:154055/phf23b",7
"GO:0097529","myeloid leukocyte migration","7/1162","96/18773",0.0729166666666667,1.17802459839357,0.449188263206416,0.383998169993074,0.89849851135251,0.823847882108046,"cul1a/lgals3b/cyba/rac1b/trim33/hif1ab/myd88",7
"GO:0006749","glutathione metabolic process","3/1162","36/18773",0.0833333333333333,1.34631382673551,0.534241205329509,0.386809224937732,0.901034003607021,0.826172716147934,"gclm/gstm.1/gsta.1",3
"GO:0010951","negative regulation of endopeptidase activity","3/1162","36/18773",0.0833333333333333,1.34631382673551,0.534241205329509,0.386809224937732,0.901034003607021,0.826172716147934,"serpinb1l3/mcl1b/serpinh2",3
"GO:0031331","positive regulation of cellular catabolic process","3/1162","36/18773",0.0833333333333333,1.34631382673551,0.534241205329509,0.386809224937732,0.901034003607021,0.826172716147934,"gsk3ab/depdc5/becn1",3
"GO:0072384","organelle transport along microtubule","3/1162","36/18773",0.0833333333333333,1.34631382673551,0.534241205329509,0.386809224937732,0.901034003607021,0.826172716147934,"rhot1a/copg2/kifbp",3
"GO:0044087","regulation of cellular component biogenesis","20/1162","298/18773",0.0671140939597315,1.08427959200176,0.376707842166092,0.386874528409063,0.901034003607021,0.826172716147934,"dbnlb/mycbp2/plekhg2/pfn1/arpc5la/ezrb/cemip2/add1/fam49bb/ssh2a/rab11fip3/mtm1/pan3/phf23b/grk5l/hax1/si:ch211-203d1.3/rock1/ift74/rnf2",20
"GO:0015914","phospholipid transport","5/1162","66/18773",0.0757575757575758,1.22392166066865,0.468093196836635,0.388292077099469,0.902491488135946,0.827509107390867,"plscr3b/prelid3b/triap1/tmem30aa/apoeb",5
"GO:0007041","lysosomal transport","4/1162","51/18773",0.0784313725490196,1.26711889575107,0.490659154991465,0.38893684108684,0.902491488135946,0.827509107390867,"arl8ba/scarb2a/mvb12a/aktip",4
"GO:0015695","organic cation transport","4/1162","51/18773",0.0784313725490196,1.26711889575107,0.490659154991465,0.38893684108684,0.902491488135946,0.827509107390867,"slc25a20/slc36a4/sfxn2/mfsd12a",4
"GO:0071621","granulocyte chemotaxis","4/1162","51/18773",0.0784313725490196,1.26711889575107,0.490659154991465,0.38893684108684,0.902491488135946,0.827509107390867,"cul1a/lgals3b/trim33/myd88",4
"GO:1990138","neuron projection extension","7/1162","97/18773",0.0721649484536082,1.16588001490498,0.420730821656216,0.394288769759196,0.913082251294283,0.837219950188781,"hnrnpr/dbnlb/tmem59l/mycbp2/ssna1/ubap1/sema3d",7
"GO:0050900","leukocyte migration","9/1162","128/18773",0.0703125,1.13595229130809,0.396439254442464,0.396220939386271,0.913082251294283,0.837219950188781,"cul1a/itga6b/hsp90ab1/lgals3b/cyba/rac1b/trim33/hif1ab/myd88",9
"GO:0070121","Kupffer's vesicle development","6/1162","82/18773",0.0731707317073171,1.18212921371899,0.424557579273789,0.397676657108512,0.913082251294283,0.837219950188781,"yap1/jupa/sdc2/gmnn/inpp5b/bbs7",6
"GO:0000966","RNA 5'-end processing","2/1162","22/18773",0.0909090909090909,1.46870599280238,0.56502278069381,0.398951178639524,0.913082251294283,0.837219950188781,"ncbp3/cmtr1",2
"GO:0003179","heart valve morphogenesis","2/1162","22/18773",0.0909090909090909,1.46870599280238,0.56502278069381,0.398951178639524,0.913082251294283,0.837219950188781,"jupa/cemip2",2
"GO:0006817","phosphate ion transport","2/1162","22/18773",0.0909090909090909,1.46870599280238,0.56502278069381,0.398951178639524,0.913082251294283,0.837219950188781,"slc20a2/slc25a11",2
"GO:0030038","contractile actin filament bundle assembly","2/1162","22/18773",0.0909090909090909,1.46870599280238,0.56502278069381,0.398951178639524,0.913082251294283,0.837219950188781,"sdc4/rock1",2
"GO:0031400","negative regulation of protein modification process","2/1162","22/18773",0.0909090909090909,1.46870599280238,0.56502278069381,0.398951178639524,0.913082251294283,0.837219950188781,"spopla/n4bp1",2
"GO:0033344","cholesterol efflux","2/1162","22/18773",0.0909090909090909,1.46870599280238,0.56502278069381,0.398951178639524,0.913082251294283,0.837219950188781,"zdhhc8b/apoeb",2
"GO:0034764","positive regulation of transmembrane transport","2/1162","22/18773",0.0909090909090909,1.46870599280238,0.56502278069381,0.398951178639524,0.913082251294283,0.837219950188781,"akt2/fxyd6l",2
"GO:0043149","stress fiber assembly","2/1162","22/18773",0.0909090909090909,1.46870599280238,0.56502278069381,0.398951178639524,0.913082251294283,0.837219950188781,"sdc4/rock1",2
"GO:0055008","cardiac muscle tissue morphogenesis","2/1162","22/18773",0.0909090909090909,1.46870599280238,0.56502278069381,0.398951178639524,0.913082251294283,0.837219950188781,"rbfox2/cemip2",2
"GO:0140888","interferon-mediated signaling pathway","2/1162","22/18773",0.0909090909090909,1.46870599280238,0.56502278069381,0.398951178639524,0.913082251294283,0.837219950188781,"ythdf2/mettl3",2
"GO:1901659","glycosyl compound biosynthetic process","2/1162","22/18773",0.0909090909090909,1.46870599280238,0.56502278069381,0.398951178639524,0.913082251294283,0.837219950188781,"dnph1/trmt12",2
"GO:1990928","response to amino acid starvation","2/1162","22/18773",0.0909090909090909,1.46870599280238,0.56502278069381,0.398951178639524,0.913082251294283,0.837219950188781,"mios/depdc5",2
"GO:0002521","leukocyte differentiation","10/1162","144/18773",0.0694444444444444,1.12192818894626,0.377274042907665,0.400665632123426,0.915596168887308,0.839525002071048,"med12/wasla/brd4/asxl1/sbds/loxl3b/sumf1/trim35-28/hax1/mettl3",10
"GO:0050673","epithelial cell proliferation","5/1162","67/18773",0.0746268656716418,1.20565417319598,0.433162439947323,0.40077826732035,0.915596168887308,0.839525002071048,"nrarpa/hspg2/nr2f1a/arhgef7b/jcada",5
"GO:0045332","phospholipid translocation","3/1162","37/18773",0.0810810810810811,1.30992696655347,0.48471684981121,0.403843406287339,0.920924210526392,0.844410370009539,"plscr3b/triap1/tmem30aa",3
"GO:0048262","determination of dorsal/ventral asymmetry","3/1162","37/18773",0.0810810810810811,1.30992696655347,0.48471684981121,0.403843406287339,0.920924210526392,0.844410370009539,"smad5/gid8a/acvrl1",3
"GO:0019220","regulation of phosphate metabolic process","6/1162","83/18773",0.072289156626506,1.16788669307177,0.393746764829442,0.408902122437873,0.929928537272738,0.852666583487978,"prrc1/bckdk/prkar1aa/cnppd1/ppp1r14bb/ppp1r26",6
"GO:0051174","regulation of phosphorus metabolic process","6/1162","83/18773",0.072289156626506,1.16788669307177,0.393746764829442,0.408902122437873,0.929928537272738,0.852666583487978,"prrc1/bckdk/prkar1aa/cnppd1/ppp1r14bb/ppp1r26",6
"GO:0070482","response to oxygen levels","6/1162","83/18773",0.072289156626506,1.16788669307177,0.393746764829442,0.408902122437873,0.929928537272738,0.852666583487978,"fam162a/ddit3/ndrg1a/atp6v0d1/hif1ab/ajuba",6
"GO:0060047","heart contraction","13/1162","192/18773",0.0677083333333333,1.0938799842226,0.335857776822333,0.41022757064364,0.932099353551055,0.854657040200749,"dspa/vapb/mios/erp44/ccm2l/smyd2a/skia/surf1/rbpms2b/bicd2/bnip3lb/icam3/taf1a",13
"GO:0006400","tRNA modification","5/1162","68/18773",0.0735294117647059,1.18792396476663,0.39877148429315,0.413235903522703,0.933598409886118,0.856031549308108,"nat10/dus4l/thumpd1/elp3/trmt12",5
"GO:0030595","leukocyte chemotaxis","5/1162","68/18773",0.0735294117647059,1.18792396476663,0.39877148429315,0.413235903522703,0.933598409886118,0.856031549308108,"cul1a/lgals3b/cyba/trim33/myd88",5
"GO:0033334","fin morphogenesis","5/1162","68/18773",0.0735294117647059,1.18792396476663,0.39877148429315,0.413235903522703,0.933598409886118,0.856031549308108,"uba2/med12/col2a1b/prdm1a/col1a1a",5
"GO:0090092","regulation of transmembrane receptor protein serine/threonine kinase signaling pathway","9/1162","130/18773",0.0692307692307692,1.11847610221104,0.348185645243788,0.414121922817736,0.933598409886118,0.856031549308108,"zmynd11/bambia/hsp90ab1/tgif1/smad6a/rlim/smad5/ppm1bb/skia",9
"GO:0045088","regulation of innate immune response","7/1162","99/18773",0.0707070707070707,1.14232688329074,0.364713792511458,0.414863395461403,0.933598409886118,0.856031549308108,"akirin2/ythdf2/n4bp1/gch1/mapkapk2a/myd88/mettl3",7
"GO:0035967","cellular response to topologically incorrect protein","4/1162","53/18773",0.0754716981132075,1.21930308836424,0.41067294118933,0.417379980943966,0.933598409886118,0.856031549308108,"nck1a/derl1/herpud2/sec63",4
"GO:0042147","retrograde transport, endosome to Golgi","4/1162","53/18773",0.0754716981132075,1.21930308836424,0.41067294118933,0.417379980943966,0.933598409886118,0.856031549308108,"arl1/snx3/tbc1d23/vti1b",4
"GO:0045216","cell-cell junction organization","8/1162","115/18773",0.0695652173913043,1.1238793684053,0.342280128625162,0.419440306940779,0.933598409886118,0.856031549308108,"dspa/jupa/add1/tjp1b/cldn11b/rab13/csk/rock1",8
"GO:0034204","lipid translocation","3/1162","38/18773",0.0789473684210526,1.27545520427575,0.436598520741161,0.420737030184093,0.933598409886118,0.856031549308108,"plscr3b/triap1/tmem30aa",3
"GO:0097120","receptor localization to synapse","3/1162","38/18773",0.0789473684210526,1.27545520427575,0.436598520741161,0.420737030184093,0.933598409886118,0.856031549308108,"stx3a/scrib/kif5ba",3
"GO:1903829","positive regulation of protein localization","3/1162","38/18773",0.0789473684210526,1.27545520427575,0.436598520741161,0.420737030184093,0.933598409886118,0.856031549308108,"ezrb/mesd/efcab7",3
"GO:0007520","myoblast fusion","2/1162","23/18773",0.0869565217391304,1.40484921050662,0.4990256935831,0.420996949412993,0.933598409886118,0.856031549308108,"wasla/dock1",2
"GO:0009147","pyrimidine nucleoside triphosphate metabolic process","2/1162","23/18773",0.0869565217391304,1.40484921050662,0.4990256935831,0.420996949412993,0.933598409886118,0.856031549308108,"uck2a/nme7",2
"GO:0014866","skeletal myofibril assembly","2/1162","23/18773",0.0869565217391304,1.40484921050662,0.4990256935831,0.420996949412993,0.933598409886118,0.856031549308108,"mef2d/myo18ab",2
"GO:0032011","ARF protein signal transduction","2/1162","23/18773",0.0869565217391304,1.40484921050662,0.4990256935831,0.420996949412993,0.933598409886118,0.856031549308108,"git1/cyth3a",2
"GO:0032012","regulation of ARF protein signal transduction","2/1162","23/18773",0.0869565217391304,1.40484921050662,0.4990256935831,0.420996949412993,0.933598409886118,0.856031549308108,"git1/cyth3a",2
"GO:0032506","cytokinetic process","2/1162","23/18773",0.0869565217391304,1.40484921050662,0.4990256935831,0.420996949412993,0.933598409886118,0.856031549308108,"anxa11a/snx9a",2
"GO:0043525","positive regulation of neuron apoptotic process","2/1162","23/18773",0.0869565217391304,1.40484921050662,0.4990256935831,0.420996949412993,0.933598409886118,0.856031549308108,"gsk3ab/mcl1b",2
"GO:0043954","cellular component maintenance","2/1162","23/18773",0.0869565217391304,1.40484921050662,0.4990256935831,0.420996949412993,0.933598409886118,0.856031549308108,"jupa/lnpa",2
"GO:0048754","branching morphogenesis of an epithelial tube","2/1162","23/18773",0.0869565217391304,1.40484921050662,0.4990256935831,0.420996949412993,0.933598409886118,0.856031549308108,"nrarpa/hs6st2",2
"GO:0050654","chondroitin sulfate proteoglycan metabolic process","2/1162","23/18773",0.0869565217391304,1.40484921050662,0.4990256935831,0.420996949412993,0.933598409886118,0.856031549308108,"chpf2/dse",2
"GO:0051923","sulfation","2/1162","23/18773",0.0869565217391304,1.40484921050662,0.4990256935831,0.420996949412993,0.933598409886118,0.856031549308108,"sult1st1/tpst1l",2
"GO:0061009","common bile duct development","2/1162","23/18773",0.0869565217391304,1.40484921050662,0.4990256935831,0.420996949412993,0.933598409886118,0.856031549308108,"arf6a/vps33b",2
"GO:0071910","determination of liver left/right asymmetry","2/1162","23/18773",0.0869565217391304,1.40484921050662,0.4990256935831,0.420996949412993,0.933598409886118,0.856031549308108,"foxc1a/gmnn",2
"GO:1901616","organic hydroxy compound catabolic process","2/1162","23/18773",0.0869565217391304,1.40484921050662,0.4990256935831,0.420996949412993,0.933598409886118,0.856031549308108,"tpi1b/ldhd",2
"GO:1901796","regulation of signal transduction by p53 class mediator","2/1162","23/18773",0.0869565217391304,1.40484921050662,0.4990256935831,0.420996949412993,0.933598409886118,0.856031549308108,"smyd2a/rnf2",2
"GO:0031503","protein-containing complex localization","7/1162","100/18773",0.07,1.13090361445783,0.33714049330085,0.425133668689998,0.933598409886118,0.856031549308108,"npm1b/stx3a/scrib/kif5ba/nup88/ift52/ift74",7
"GO:0035315","hair cell differentiation","5/1162","69/18773",0.072463768115942,1.17070767542219,0.364902362534501,0.425653412882972,0.933598409886118,0.856031549308108,"dctn2/rbm24a/lrp5/gpr156/atp6v0d1",5
"GO:0009725","response to hormone","19/1162","289/18773",0.0657439446366782,1.06214378026193,0.273473304195945,0.426802703023732,0.933598409886118,0.856031549308108,"pik3r1/gsk3ab/hsp90ab1/tgif1/tyrp1b/strn3/pora/foxc1a/adipor2/pik3r2/adipor1b/nfe2l2a/ghrb/rab13/raraa/rxrbb/pik3r3b/nr1d2b/ppardb",19
"GO:0009247","glycolipid biosynthetic process","4/1162","54/18773",0.0740740740740741,1.19672340154268,0.371858669615256,0.431491017962241,0.933598409886118,0.856031549308108,"pigf/pigp/dpm2/pigl",4
"GO:0042325","regulation of phosphorylation","4/1162","54/18773",0.0740740740740741,1.19672340154268,0.371858669615256,0.431491017962241,0.933598409886118,0.856031549308108,"prrc1/prkar1aa/cnppd1/ppp1r14bb",4
"GO:0050807","regulation of synapse organization","4/1162","54/18773",0.0740740740740741,1.19672340154268,0.371858669615256,0.431491017962241,0.933598409886118,0.856031549308108,"dbnlb/mycbp2/abhd17c/sparc",4
"GO:0060284","regulation of cell development","17/1162","259/18773",0.0656370656370656,1.06041706816233,0.251492899061144,0.437200103387935,0.933598409886118,0.856031549308108,"hnrnpl2/adnpa/med12/dbnlb/atg13/brd4/zbtb16a/asxl1/ythdf2/add1/smad2/lpar2a/loxl3b/pithd1/rnf2/swap70b/mettl3",17
"GO:0045010","actin nucleation","3/1162","39/18773",0.0769230769230769,1.24275122467894,0.389802664507446,0.437466041062657,0.933598409886118,0.856031549308108,"arpc5la/arfip1/arpin",3
"GO:0071897","DNA biosynthetic process","3/1162","39/18773",0.0769230769230769,1.24275122467894,0.389802664507446,0.437466041062657,0.933598409886118,0.856031549308108,"polb/terfa/rev3l",3
"GO:0007009","plasma membrane organization","5/1162","70/18773",0.0714285714285714,1.15398328005901,0.331537972929521,0.438019679691701,0.933598409886118,0.856031549308108,"plscr3b/dag1/bin3/snx9a/mtss1la",5
"GO:0071214","cellular response to abiotic stimulus","5/1162","70/18773",0.0714285714285714,1.15398328005901,0.331537972929521,0.438019679691701,0.933598409886118,0.856031549308108,"hvcn1/tefa/ercc1/badb/mettl3",5
"GO:0104004","cellular response to environmental stimulus","5/1162","70/18773",0.0714285714285714,1.15398328005901,0.331537972929521,0.438019679691701,0.933598409886118,0.856031549308108,"hvcn1/tefa/ercc1/badb/mettl3",5
"GO:0009150","purine ribonucleotide metabolic process","12/1162","180/18773",0.0666666666666667,1.07705106138841,0.266812684045656,0.438178537685489,0.933598409886118,0.856031549308108,"aldoaa/gapdhs/bpgm/atp5mea/atp6v1aa/pgam1a/tpi1b/ak3/eno3/nme7/ak1/eno1a",12
"GO:0003015","heart process","13/1162","196/18773",0.0663265306122449,1.07155590291194,0.258673559652419,0.439608663812799,0.933598409886118,0.856031549308108,"dspa/vapb/mios/erp44/ccm2l/smyd2a/skia/surf1/rbpms2b/bicd2/bnip3lb/icam3/taf1a",13
"GO:0016050","vesicle organization","13/1162","196/18773",0.0663265306122449,1.07155590291194,0.258673559652419,0.439608663812799,0.933598409886118,0.856031549308108,"arl8ba/stx4/stx3a/tyrp1b/agfg1a/vti1b/pef1/atp6v0d1/uvrag/chmp4bb/aktip/si:ch211-200p22.4/syt2a",13
"GO:0000819","sister chromatid segregation","6/1162","86/18773",0.0697674418604651,1.12714645959252,0.303563836427272,0.442429229841891,0.933598409886118,0.856031549308108,"clasp1a/mad1l1/smc4/cntrl/prc1a/top2a",6
"GO:0016051","carbohydrate biosynthetic process","6/1162","86/18773",0.0697674418604651,1.12714645959252,0.303563836427272,0.442429229841891,0.933598409886118,0.856031549308108,"foxo1a/tpi1b/mgat2/si:ch73-91k6.2/chst14/fbp1a",6
"GO:0051402","neuron apoptotic process","6/1162","86/18773",0.0697674418604651,1.12714645959252,0.303563836427272,0.442429229841891,0.933598409886118,0.856031549308108,"fam162a/gsk3ab/dync1li1/arf6a/mcl1b/hif1ab",6
"GO:0006541","glutamine metabolic process","2/1162","24/18773",0.0833333333333333,1.34631382673551,0.43606650179637,0.442618906944684,0.933598409886118,0.856031549308108,"cad/nit2",2
"GO:0006783","heme biosynthetic process","2/1162","24/18773",0.0833333333333333,1.34631382673551,0.43606650179637,0.442618906944684,0.933598409886118,0.856031549308108,"snx3/iba57",2
"GO:0009225","nucleotide-sugar metabolic process","2/1162","24/18773",0.0833333333333333,1.34631382673551,0.43606650179637,0.442618906944684,0.933598409886118,0.856031549308108,"uap1l1/pgm3",2
"GO:0042181","ketone biosynthetic process","2/1162","24/18773",0.0833333333333333,1.34631382673551,0.43606650179637,0.442618906944684,0.933598409886118,0.856031549308108,"pdss2/tpi1b",2
"GO:0045927","positive regulation of growth","2/1162","24/18773",0.0833333333333333,1.34631382673551,0.43606650179637,0.442618906944684,0.933598409886118,0.856031549308108,"dbnlb/dnph1",2
"GO:0046425","regulation of receptor signaling pathway via JAK-STAT","2/1162","24/18773",0.0833333333333333,1.34631382673551,0.43606650179637,0.442618906944684,0.933598409886118,0.856031549308108,"ghrb/ptpn2b",2
"GO:0048534","hematopoietic or lymphoid organ development","2/1162","24/18773",0.0833333333333333,1.34631382673551,0.43606650179637,0.442618906944684,0.933598409886118,0.856031549308108,"cdca7a/sema3d",2
"GO:1904892","regulation of receptor signaling pathway via STAT","2/1162","24/18773",0.0833333333333333,1.34631382673551,0.43606650179637,0.442618906944684,0.933598409886118,0.856031549308108,"ghrb/ptpn2b",2
"GO:1905897","regulation of response to endoplasmic reticulum stress","2/1162","24/18773",0.0833333333333333,1.34631382673551,0.43606650179637,0.442618906944684,0.933598409886118,0.856031549308108,"nck1a/rnft1",2
"GO:0009308","amine metabolic process","4/1162","55/18773",0.0727272727272727,1.1749647942419,0.333786387986932,0.445507825607831,0.933598409886118,0.856031549308108,"sult1st1/si:dkeyp-120h9.1/gde1/srm",4
"GO:0035107","appendage morphogenesis","5/1162","71/18773",0.0704225352112676,1.13772999442438,0.298662025550752,0.450324054957877,0.933598409886118,0.856031549308108,"uba2/med12/col2a1b/prdm1a/col1a1a",5
"GO:0006897","endocytosis","20/1162","309/18773",0.0647249190938511,1.04568064212467,0.207976790705619,0.451290969410478,0.933598409886118,0.856031549308108,"sh3gl1b/smap1/csnk1g2b/ehd2b/anxa11a/lgals3b/rabep2/scarb2a/colec12/fcho2/bin3/snx9a/myo1b/ralbp1/dnm1l/lrp5/gpr107/pik3c3/si:ch211-200p22.4/ap2m1b",20
"GO:0006281","DNA repair","22/1162","341/18773",0.0645161290322581,1.04230747876298,0.202523037294098,0.451899493044815,0.933598409886118,0.856031549308108,"hdgfl2/polb/ube2a/ino80/rnf168/fam168a/kmt5b/ube2al/dmap1/gtf2h3/rev3l/tdg.2/cenpx/ercc1/ascc1/ppp4r3b/pole/rnaseh2a/tdg.1/slf2/xrcc6/ercc8",22
"GO:0044770","cell cycle phase transition","12/1162","182/18773",0.0659340659340659,1.06521533543909,0.227091238713293,0.453480783414342,0.933598409886118,0.856031549308108,"cdk8/ccni/mad1l1/ccnd2a/dyrk3/ccnjl/dbf4/ccng2/chmp4bb/ube2s/cdk2/swap70b",12
"GO:0045765","regulation of angiogenesis","6/1162","87/18773",0.0689655172413793,1.11419075316042,0.274219743153952,0.453527620781583,0.933598409886118,0.856031549308108,"bcar1/s1pr1/cemip2/kdr/basp1/hif1ab",6
"GO:0048645","animal organ formation","3/1162","40/18773",0.075,1.21168244406196,0.344252813671856,0.454008419974015,0.933598409886118,0.856031549308108,"yap1/mef2d/cemip2",3
"GO:0003006","developmental process involved in reproduction","13/1162","198/18773",0.0656565656565657,1.06073210591283,0.220674856532548,0.454279841880416,0.933598409886118,0.856031549308108,"stau2/agfg1a/tfam/dctn2/ythdf2/bmpr2b/kif5ba/smad2/strbp/igf2bp3/kif26ab/rbpms2b/mettl3",13
"GO:0006935","chemotaxis","14/1162","214/18773",0.0654205607476635,1.05691926584844,0.21510733458286,0.454943025507282,0.933598409886118,0.856031549308108,"cul1a/s1pr1/mycbp2/reep1/lgals3b/cyba/rac1b/sema4c/scrib/trim33/rab13/rbpms2b/myd88/sema3d",14
"GO:0042330","taxis","14/1162","214/18773",0.0654205607476635,1.05691926584844,0.21510733458286,0.454943025507282,0.933598409886118,0.856031549308108,"cul1a/s1pr1/mycbp2/reep1/lgals3b/cyba/rac1b/sema4c/scrib/trim33/rab13/rbpms2b/myd88/sema3d",14
"GO:0002064","epithelial cell development","7/1162","103/18773",0.0679611650485437,1.0979646742309,0.256083902972165,0.455797301223567,0.933598409886118,0.856031549308108,"foxc1a/itga5/rbpjb/add1/sipa1l3/tnfrsf19/tjp1b",7
"GO:0140014","mitotic nuclear division","8/1162","119/18773",0.0672268907563025,1.08610191064378,0.242028557005569,0.457473034358741,0.933598409886118,0.856031549308108,"clasp1a/mad1l1/smc4/mcl1b/cntrl/prc1a/ube2s/swap70b",8
"GO:0007169","cell surface receptor protein tyrosine kinase signaling pathway","22/1162","342/18773",0.064327485380117,1.03925979607654,0.188214453567015,0.457489578791302,0.933598409886118,0.856031549308108,"kdrl/bcar1/spred1/nck1a/pik3r1/gsk3ab/spry4/hbegfa/foxc1a/pik3r2/cemip2/cblb/sulf2b/mvb12ba/kdr/churc1/mvb12a/ghrb/cad/pdgfba/pik3r3b/mapkapk2a",22
"GO:0016358","dendrite development","4/1162","56/18773",0.0714285714285714,1.15398328005901,0.296425654914269,0.459416108897579,0.933598409886118,0.856031549308108,"dbnlb/arf6a/nedd4l/rbpms2b",4
"GO:0043123","positive regulation of canonical NF-kappaB signal transduction","4/1162","56/18773",0.0714285714285714,1.15398328005901,0.296425654914269,0.459416108897579,0.933598409886118,0.856031549308108,"brd4/tnfrsf19/ikbkg/myd88",4
"GO:0045597","positive regulation of cell differentiation","12/1162","183/18773",0.0655737704918033,1.05939448661155,0.20739501387492,0.461115957178597,0.933598409886118,0.856031549308108,"dbnlb/tfec/tal1/brd4/add1/smad2/prdm1a/rbm24a/pithd1/myd88/atraid/swap70b",12
"GO:0002440","production of molecular mediator of immune response","2/1162","25/18773",0.08,1.29246127366609,0.375860967364789,0.463785036766327,0.933598409886118,0.856031549308108,"rnf168/kmt5b",2
"GO:0006779","porphyrin-containing compound biosynthetic process","2/1162","25/18773",0.08,1.29246127366609,0.375860967364789,0.463785036766327,0.933598409886118,0.856031549308108,"snx3/iba57",2
"GO:0010821","regulation of mitochondrion organization","2/1162","25/18773",0.08,1.29246127366609,0.375860967364789,0.463785036766327,0.933598409886118,0.856031549308108,"fam162a/slc25a5",2
"GO:0033014","tetrapyrrole biosynthetic process","2/1162","25/18773",0.08,1.29246127366609,0.375860967364789,0.463785036766327,0.933598409886118,0.856031549308108,"snx3/iba57",2
"GO:0042158","lipoprotein biosynthetic process","2/1162","25/18773",0.08,1.29246127366609,0.375860967364789,0.463785036766327,0.933598409886118,0.856031549308108,"zdhhc8b/apoeb",2
"GO:0042659","regulation of cell fate specification","2/1162","25/18773",0.08,1.29246127366609,0.375860967364789,0.463785036766327,0.933598409886118,0.856031549308108,"churc1/rnf2",2
"GO:0044380","protein localization to cytoskeleton","2/1162","25/18773",0.08,1.29246127366609,0.375860967364789,0.463785036766327,0.933598409886118,0.856031549308108,"luzp1/rab11fip3",2
"GO:0045005","DNA-templated DNA replication maintenance of fidelity","2/1162","25/18773",0.08,1.29246127366609,0.375860967364789,0.463785036766327,0.933598409886118,0.856031549308108,"cenpx/pole",2
"GO:0048255","mRNA stabilization","2/1162","25/18773",0.08,1.29246127366609,0.375860967364789,0.463785036766327,0.933598409886118,0.856031549308108,"rbm24a/igf2bp3",2
"GO:0048489","synaptic vesicle transport","2/1162","25/18773",0.08,1.29246127366609,0.375860967364789,0.463785036766327,0.933598409886118,0.856031549308108,"kif5ba/si:ch211-200p22.4",2
"GO:0043434","response to peptide hormone","6/1162","88/18773",0.0681818181818182,1.10152949460178,0.245218559881082,0.464574280864935,0.933598409886118,0.856031549308108,"pik3r1/gsk3ab/pik3r2/ghrb/rab13/pik3r3b",6
"GO:0043254","regulation of protein-containing complex assembly","9/1162","136/18773",0.0661764705882353,1.06913156828997,0.207837633644701,0.467613375803617,0.933598409886118,0.856031549308108,"dbnlb/plekhg2/pfn1/arpc5la/add1/fam49bb/ssh2a/hax1/si:ch211-203d1.3",9
"GO:1901615","organic hydroxy compound metabolic process","15/1162","232/18773",0.0646551724137931,1.0445538310879,0.175399680433795,0.469082225936666,0.933598409886118,0.856031549308108,"sult1st1/tyrp1b/dpm2/gch1/gde1/tpi1b/impa1/apoeb/thtpa/mfsd12a/rdh10b/ip6k2b/ldhd/hsd17b7/itpkcb",15
"GO:0006835","dicarboxylic acid transport","3/1162","41/18773",0.0731707317073171,1.18212921371899,0.299878821021272,0.470344116169482,0.933598409886118,0.856031549308108,"slc25a18/slc25a11/lrrc8aa",3
"GO:0006900","vesicle budding from membrane","3/1162","41/18773",0.0731707317073171,1.18212921371899,0.299878821021272,0.470344116169482,0.933598409886118,0.856031549308108,"pef1/chmp4bb/si:ch211-200p22.4",3
"GO:0090068","positive regulation of cell cycle process","3/1162","41/18773",0.0731707317073171,1.18212921371899,0.299878821021272,0.470344116169482,0.933598409886118,0.856031549308108,"ccnd2a/dyrk3/dbf4",3
"GO:0097035","regulation of membrane lipid distribution","3/1162","41/18773",0.0731707317073171,1.18212921371899,0.299878821021272,0.470344116169482,0.933598409886118,0.856031549308108,"plscr3b/triap1/tmem30aa",3
"GO:0000394","RNA splicing, via endonucleolytic cleavage and ligation","1/1162","10/18773",0.1,1.61557659208262,0.500146559866249,0.472242204938067,0.933598409886118,0.856031549308108,"dhx8",1
"GO:0002275","myeloid cell activation involved in immune response","1/1162","10/18773",0.1,1.61557659208262,0.500146559866249,0.472242204938067,0.933598409886118,0.856031549308108,"myd88",1
"GO:0003382","epithelial cell morphogenesis","1/1162","10/18773",0.1,1.61557659208262,0.500146559866249,0.472242204938067,0.933598409886118,0.856031549308108,"sipa1l3",1
"GO:0006390","mitochondrial transcription","1/1162","10/18773",0.1,1.61557659208262,0.500146559866249,0.472242204938067,0.933598409886118,0.856031549308108,"tfam",1
"GO:0006729","tetrahydrobiopterin biosynthetic process","1/1162","10/18773",0.1,1.61557659208262,0.500146559866249,0.472242204938067,0.933598409886118,0.856031549308108,"gch1",1
"GO:0007164","establishment of tissue polarity","1/1162","10/18773",0.1,1.61557659208262,0.500146559866249,0.472242204938067,0.933598409886118,0.856031549308108,"scrib",1
"GO:0007213","G protein-coupled acetylcholine receptor signaling pathway","1/1162","10/18773",0.1,1.61557659208262,0.500146559866249,0.472242204938067,0.933598409886118,0.856031549308108,"gna11b",1
"GO:0008210","estrogen metabolic process","1/1162","10/18773",0.1,1.61557659208262,0.500146559866249,0.472242204938067,0.933598409886118,0.856031549308108,"hsd17b12b",1
"GO:0009080","pyruvate family amino acid catabolic process","1/1162","10/18773",0.1,1.61557659208262,0.500146559866249,0.472242204938067,0.933598409886118,0.856031549308108,"mccc2",1
"GO:0009086","methionine biosynthetic process","1/1162","10/18773",0.1,1.61557659208262,0.500146559866249,0.472242204938067,0.933598409886118,0.856031549308108,"enoph1",1
"GO:0019400","alditol metabolic process","1/1162","10/18773",0.1,1.61557659208262,0.500146559866249,0.472242204938067,0.933598409886118,0.856031549308108,"tpi1b",1
"GO:0021592","fourth ventricle development","1/1162","10/18773",0.1,1.61557659208262,0.500146559866249,0.472242204938067,0.933598409886118,0.856031549308108,"foxl2b",1
"GO:0030242","autophagy of peroxisome","1/1162","10/18773",0.1,1.61557659208262,0.500146559866249,0.472242204938067,0.933598409886118,0.856031549308108,"pik3c3",1
"GO:0032328","alanine transport","1/1162","10/18773",0.1,1.61557659208262,0.500146559866249,0.472242204938067,0.933598409886118,0.856031549308108,"slc36a4",1
"GO:0032368","regulation of lipid transport","1/1162","10/18773",0.1,1.61557659208262,0.500146559866249,0.472242204938067,0.933598409886118,0.856031549308108,"zdhhc8b",1
"GO:0032525","somite rostral/caudal axis specification","1/1162","10/18773",0.1,1.61557659208262,0.500146559866249,0.472242204938067,0.933598409886118,0.856031549308108,"itga5",1
"GO:0033143","regulation of intracellular steroid hormone receptor signaling pathway","1/1162","10/18773",0.1,1.61557659208262,0.500146559866249,0.472242204938067,0.933598409886118,0.856031549308108,"strn3",1
"GO:0034334","adherens junction maintenance","1/1162","10/18773",0.1,1.61557659208262,0.500146559866249,0.472242204938067,0.933598409886118,0.856031549308108,"jupa",1
"GO:0034389","lipid droplet organization","1/1162","10/18773",0.1,1.61557659208262,0.500146559866249,0.472242204938067,0.933598409886118,0.856031549308108,"aup1",1
"GO:0034694","response to prostaglandin","1/1162","10/18773",0.1,1.61557659208262,0.500146559866249,0.472242204938067,0.933598409886118,0.856031549308108,"nfe2l2a",1
"GO:0035493","SNARE complex assembly","1/1162","10/18773",0.1,1.61557659208262,0.500146559866249,0.472242204938067,0.933598409886118,0.856031549308108,"uvrag",1
"GO:0042693","muscle cell fate commitment","1/1162","10/18773",0.1,1.61557659208262,0.500146559866249,0.472242204938067,0.933598409886118,0.856031549308108,"prdm1a",1
"GO:0045658","regulation of neutrophil differentiation","1/1162","10/18773",0.1,1.61557659208262,0.500146559866249,0.472242204938067,0.933598409886118,0.856031549308108,"asxl1",1
"GO:0045956","positive regulation of calcium ion-dependent exocytosis","1/1162","10/18773",0.1,1.61557659208262,0.500146559866249,0.472242204938067,0.933598409886118,0.856031549308108,"cacna1ha",1
"GO:0046146","tetrahydrobiopterin metabolic process","1/1162","10/18773",0.1,1.61557659208262,0.500146559866249,0.472242204938067,0.933598409886118,0.856031549308108,"gch1",1
"GO:0046850","regulation of bone remodeling","1/1162","10/18773",0.1,1.61557659208262,0.500146559866249,0.472242204938067,0.933598409886118,0.856031549308108,"lrp5",1
"GO:0048532","anatomical structure arrangement","1/1162","10/18773",0.1,1.61557659208262,0.500146559866249,0.472242204938067,0.933598409886118,0.856031549308108,"exosc8",1
"GO:0050932","regulation of pigment cell differentiation","1/1162","10/18773",0.1,1.61557659208262,0.500146559866249,0.472242204938067,0.933598409886118,0.856031549308108,"tfec",1
"GO:0051315","attachment of mitotic spindle microtubules to kinetochore","1/1162","10/18773",0.1,1.61557659208262,0.500146559866249,0.472242204938067,0.933598409886118,0.856031549308108,"mad1l1",1
"GO:0051496","positive regulation of stress fiber assembly","1/1162","10/18773",0.1,1.61557659208262,0.500146559866249,0.472242204938067,0.933598409886118,0.856031549308108,"rock1",1
"GO:0051898","negative regulation of phosphatidylinositol 3-kinase/protein kinase B signal transduction","1/1162","10/18773",0.1,1.61557659208262,0.500146559866249,0.472242204938067,0.933598409886118,0.856031549308108,"plekha1a",1
"GO:0060729","intestinal epithelial structure maintenance","1/1162","10/18773",0.1,1.61557659208262,0.500146559866249,0.472242204938067,0.933598409886118,0.856031549308108,"tcf7l2",1
"GO:0070142","synaptic vesicle budding","1/1162","10/18773",0.1,1.61557659208262,0.500146559866249,0.472242204938067,0.933598409886118,0.856031549308108,"si:ch211-200p22.4",1
"GO:0071108","protein K48-linked deubiquitination","1/1162","10/18773",0.1,1.61557659208262,0.500146559866249,0.472242204938067,0.933598409886118,0.856031549308108,"otud5a",1
"GO:0071539","protein localization to centrosome","1/1162","10/18773",0.1,1.61557659208262,0.500146559866249,0.472242204938067,0.933598409886118,0.856031549308108,"rab11fip3",1
"GO:0072178","nephric duct morphogenesis","1/1162","10/18773",0.1,1.61557659208262,0.500146559866249,0.472242204938067,0.933598409886118,0.856031549308108,"inpp5b",1
"GO:0097475","motor neuron migration","1/1162","10/18773",0.1,1.61557659208262,0.500146559866249,0.472242204938067,0.933598409886118,0.856031549308108,"scrib",1
"GO:0098887","neurotransmitter receptor transport, endosome to postsynaptic membrane","1/1162","10/18773",0.1,1.61557659208262,0.500146559866249,0.472242204938067,0.933598409886118,0.856031549308108,"scrib",1
"GO:0099638","endosome to plasma membrane protein transport","1/1162","10/18773",0.1,1.61557659208262,0.500146559866249,0.472242204938067,0.933598409886118,0.856031549308108,"scrib",1
"GO:0099639","neurotransmitter receptor transport, endosome to plasma membrane","1/1162","10/18773",0.1,1.61557659208262,0.500146559866249,0.472242204938067,0.933598409886118,0.856031549308108,"scrib",1
"GO:1902106","negative regulation of leukocyte differentiation","1/1162","10/18773",0.1,1.61557659208262,0.500146559866249,0.472242204938067,0.933598409886118,0.856031549308108,"loxl3b",1
"GO:1903307","positive regulation of regulated secretory pathway","1/1162","10/18773",0.1,1.61557659208262,0.500146559866249,0.472242204938067,0.933598409886118,0.856031549308108,"cacna1ha",1
"GO:1905508","protein localization to microtubule organizing center","1/1162","10/18773",0.1,1.61557659208262,0.500146559866249,0.472242204938067,0.933598409886118,0.856031549308108,"rab11fip3",1
"GO:2000641","regulation of early endosome to late endosome transport","1/1162","10/18773",0.1,1.61557659208262,0.500146559866249,0.472242204938067,0.933598409886118,0.856031549308108,"ezrb",1
"GO:0006720","isoprenoid metabolic process","4/1162","57/18773",0.0701754385964912,1.13373795935622,0.259747831208064,0.473202456483864,0.933598409886118,0.856031549308108,"pdss2/dpm2/rcor1/rdh10b",4
"GO:0048332","mesoderm morphogenesis","4/1162","57/18773",0.0701754385964912,1.13373795935622,0.259747831208064,0.473202456483864,0.933598409886118,0.856031549308108,"tal1/lpar1/churc1/acvr1ba",4
"GO:0071478","cellular response to radiation","4/1162","57/18773",0.0701754385964912,1.13373795935622,0.259747831208064,0.473202456483864,0.933598409886118,0.856031549308108,"tefa/ercc1/badb/mettl3",4
"GO:0001558","regulation of cell growth","5/1162","73/18773",0.0684931506849315,1.10655930964563,0.23431406220005,0.474706910036538,0.933598409886118,0.856031549308108,"lamtor2/dbnlb/dnph1/pard6gb/sema3d",5
"GO:0000165","MAPK cascade","17/1162","265/18773",0.0641509433962264,1.0364076251096,0.153321080215343,0.4754414279476,0.933598409886118,0.856031549308108,"kdrl/spred1/pigp/spry4/map3k14a/ptpn11b/dusp1/csrp1a/rell1/tnfrsf19/kdr/styx/taok2a/ptpn2b/si:ch211-121a2.2/map3k4/pdgfba",17
"GO:0060341","regulation of cellular localization","8/1162","121/18773",0.0661157024793388,1.06814981294718,0.193179473539871,0.476326115459721,0.933598409886118,0.856031549308108,"uqcc2/ezrb/rab11fip3/vti1b/mesd/tax1bp3/pard6gb/efcab7",8
"GO:0006066","alcohol metabolic process","11/1162","170/18773",0.0647058823529412,1.04537308899463,0.152650293237599,0.484369199712149,0.933598409886118,0.856031549308108,"dpm2/gch1/gde1/tpi1b/impa1/apoeb/thtpa/rdh10b/ip6k2b/hsd17b7/itpkcb",11
"GO:0000387","spliceosomal snRNP assembly","2/1162","26/18773",0.0769230769230769,1.24275122467894,0.318162171531598,0.484468903673412,0.933598409886118,0.856031549308108,"prpf6/coil",2
"GO:0006270","DNA replication initiation","2/1162","26/18773",0.0769230769230769,1.24275122467894,0.318162171531598,0.484468903673412,0.933598409886118,0.856031549308108,"orc6/gmnn",2
"GO:0015012","heparan sulfate proteoglycan biosynthetic process","2/1162","26/18773",0.0769230769230769,1.24275122467894,0.318162171531598,0.484468903673412,0.933598409886118,0.856031549308108,"hs6st2/glceb",2
"GO:0016241","regulation of macroautophagy","2/1162","26/18773",0.0769230769230769,1.24275122467894,0.318162171531598,0.484468903673412,0.933598409886118,0.856031549308108,"mtm1/phf23b",2
"GO:0022600","digestive system process","2/1162","26/18773",0.0769230769230769,1.24275122467894,0.318162171531598,0.484468903673412,0.933598409886118,0.856031549308108,"shank3b/tcf7l2",2
"GO:0031100","animal organ regeneration","2/1162","26/18773",0.0769230769230769,1.24275122467894,0.318162171531598,0.484468903673412,0.933598409886118,0.856031549308108,"pepd/top2a",2
"GO:0035118","embryonic pectoral fin morphogenesis","2/1162","26/18773",0.0769230769230769,1.24275122467894,0.318162171531598,0.484468903673412,0.933598409886118,0.856031549308108,"med12/prdm1a",2
"GO:0045047","protein targeting to ER","2/1162","26/18773",0.0769230769230769,1.24275122467894,0.318162171531598,0.484468903673412,0.933598409886118,0.856031549308108,"sec62/sec63",2
"GO:0051784","negative regulation of nuclear division","2/1162","26/18773",0.0769230769230769,1.24275122467894,0.318162171531598,0.484468903673412,0.933598409886118,0.856031549308108,"mad1l1/mcl1b",2
"GO:0061138","morphogenesis of a branching epithelium","2/1162","26/18773",0.0769230769230769,1.24275122467894,0.318162171531598,0.484468903673412,0.933598409886118,0.856031549308108,"nrarpa/hs6st2",2
"GO:0061951","establishment of protein localization to plasma membrane","2/1162","26/18773",0.0769230769230769,1.24275122467894,0.318162171531598,0.484468903673412,0.933598409886118,0.856031549308108,"scrib/nsfb",2
"GO:0085029","extracellular matrix assembly","2/1162","26/18773",0.0769230769230769,1.24275122467894,0.318162171531598,0.484468903673412,0.933598409886118,0.856031549308108,"itga5/cemip2",2
"GO:0009060","aerobic respiration","7/1162","106/18773",0.0660377358490566,1.06689020231871,0.177396279287537,0.48611037642242,0.933598409886118,0.856031549308108,"uqcc2/cox6c/ndufa7/uqcrq/mtfr2/mtfr1/mdh2",7
"GO:0000018","regulation of DNA recombination","3/1162","42/18773",0.0714285714285714,1.15398328005901,0.256616193138899,0.486454973716092,0.933598409886118,0.856031549308108,"hdgfl2/terfa/kmt5b",3
"GO:0009156","ribonucleoside monophosphate biosynthetic process","3/1162","42/18773",0.0714285714285714,1.15398328005901,0.256616193138899,0.486454973716092,0.933598409886118,0.856031549308108,"uck2a/dhodh/cad",3
"GO:0015804","neutral amino acid transport","3/1162","42/18773",0.0714285714285714,1.15398328005901,0.256616193138899,0.486454973716092,0.933598409886118,0.856031549308108,"slc36a4/sfxn2/mfsd12a",3
"GO:0018958","phenol-containing compound metabolic process","3/1162","42/18773",0.0714285714285714,1.15398328005901,0.256616193138899,0.486454973716092,0.933598409886118,0.856031549308108,"sult1st1/tyrp1b/mfsd12a",3
"GO:1902749","regulation of cell cycle G2/M phase transition","3/1162","42/18773",0.0714285714285714,1.15398328005901,0.256616193138899,0.486454973716092,0.933598409886118,0.856031549308108,"dyrk3/chmp4bb/cdk2",3
"GO:0006261","DNA-templated DNA replication","6/1162","90/18773",0.0666666666666667,1.07705106138841,0.188210089680127,0.486483061353726,0.933598409886118,0.856031549308108,"pole3/orc6/cenpx/gmnn/pole/dbf4",6
"GO:0061640","cytoskeleton-dependent cytokinesis","5/1162","74/18773",0.0675675675675676,1.09160580546123,0.202813096127692,0.486766480303276,0.933598409886118,0.856031549308108,"pdcd6ip/dctn3/snx9a/rhoca/rock1",5
"GO:0009260","ribonucleotide biosynthetic process","8/1162","123/18773",0.0650406504065041,1.05078152330577,0.145139355512581,0.495018802537867,0.933598409886118,0.856031549308108,"atp5mea/uck2a/cmpk/dhodh/ak3/nme7/cad/ak1",8
"GO:0002831","regulation of response to biotic stimulus","7/1162","107/18773",0.0654205607476635,1.05691926584844,0.151667272323679,0.496109785564353,0.933598409886118,0.856031549308108,"akirin2/ythdf2/n4bp1/gch1/mapkapk2a/myd88/mettl3",7
"GO:2001233","regulation of apoptotic signaling pathway","6/1162","91/18773",0.0659340659340659,1.06521533543909,0.1601861904053,0.497331254082711,0.933598409886118,0.856031549308108,"nck1a/lgals3b/uri1/slc25a5/pin1/rnf2",6
"GO:0007030","Golgi organization","5/1162","75/18773",0.0666666666666667,1.07705106138841,0.171742589885353,0.498726344191959,0.933598409886118,0.856031549308108,"arl1/tmed5/myo18ab/vti1b/pdcd10b",5
"GO:0031347","regulation of defense response","11/1162","172/18773",0.063953488372093,1.03321758795981,0.112416613704942,0.500155666194086,0.933598409886118,0.856031549308108,"uacaa/akirin2/brd4/ythdf2/n4bp1/gch1/dpp9/mapkapk2a/myd88/mettl3/ppardb",11
"GO:0071599","otic vesicle development","4/1162","59/18773",0.0677966101694915,1.09530616412381,0.18833455574262,0.500360063705587,0.933598409886118,0.856031549308108,"vdrb/smad5/rbm24a/sparc",4
"GO:0044782","cilium organization","23/1162","366/18773",0.0628415300546448,1.0152530496694,0.075695846370812,0.501161981244214,0.933598409886118,0.856031549308108,"yap1/parvaa/ehd2b/dnmbp/pam/grk4/orc6/ezrb/kifap3a/rab11fip3/kifap3b/gmnn/gorab/sav1/atp6v0d1/grk5l/ift52/chmp4bb/inpp5b/ift74/bbs7/tmem138/pih1d1",23
"GO:0017156","calcium-ion regulated exocytosis","3/1162","43/18773",0.0697674418604651,1.12714645959252,0.214405508508429,0.502324654365789,0.933598409886118,0.856031549308108,"sdf4/cacna1ha/syt2a",3
"GO:0035850","epithelial cell differentiation involved in kidney development","3/1162","43/18773",0.0697674418604651,1.12714645959252,0.214405508508429,0.502324654365789,0.933598409886118,0.856031549308108,"foxc1a/ezrb/rbpjb",3
"GO:0050920","regulation of chemotaxis","3/1162","43/18773",0.0697674418604651,1.12714645959252,0.214405508508429,0.502324654365789,0.933598409886118,0.856031549308108,"mycbp2/reep1/rbpms2b",3
"GO:0072331","signal transduction by p53 class mediator","3/1162","43/18773",0.0697674418604651,1.12714645959252,0.214405508508429,0.502324654365789,0.933598409886118,0.856031549308108,"uri1/smyd2a/rnf2",3
"GO:0099173","postsynapse organization","3/1162","43/18773",0.0697674418604651,1.12714645959252,0.214405508508429,0.502324654365789,0.933598409886118,0.856031549308108,"dbnlb/abhd17c/mesd",3
"GO:1903305","regulation of regulated secretory pathway","3/1162","43/18773",0.0697674418604651,1.12714645959252,0.214405508508429,0.502324654365789,0.933598409886118,0.856031549308108,"rap1aa/cacna1ha/syt2a",3
"GO:0000768","syncytium formation by plasma membrane fusion","2/1162","27/18773",0.0740740740740741,1.19672340154268,0.262754358771318,0.504649084715003,0.933598409886118,0.856031549308108,"wasla/dock1",2
"GO:0006024","glycosaminoglycan biosynthetic process","2/1162","27/18773",0.0740740740740741,1.19672340154268,0.262754358771318,0.504649084715003,0.933598409886118,0.856031549308108,"chpf2/glceb",2
"GO:0006084","acetyl-CoA metabolic process","2/1162","27/18773",0.0740740740740741,1.19672340154268,0.262754358771318,0.504649084715003,0.933598409886118,0.856031549308108,"bckdk/pdha1a",2
"GO:0006949","syncytium formation","2/1162","27/18773",0.0740740740740741,1.19672340154268,0.262754358771318,0.504649084715003,0.933598409886118,0.856031549308108,"wasla/dock1",2
"GO:0030916","otic vesicle formation","2/1162","27/18773",0.0740740740740741,1.19672340154268,0.262754358771318,0.504649084715003,0.933598409886118,0.856031549308108,"smad5/sparc",2
"GO:0043281","regulation of cysteine-type endopeptidase activity involved in apoptotic process","2/1162","27/18773",0.0740740740740741,1.19672340154268,0.262754358771318,0.504649084715003,0.933598409886118,0.856031549308108,"mcl1b/becn1",2
"GO:0060319","primitive erythrocyte differentiation","2/1162","27/18773",0.0740740740740741,1.19672340154268,0.262754358771318,0.504649084715003,0.933598409886118,0.856031549308108,"tet2/cicb",2
"GO:0072332","intrinsic apoptotic signaling pathway by p53 class mediator","2/1162","27/18773",0.0740740740740741,1.19672340154268,0.262754358771318,0.504649084715003,0.933598409886118,0.856031549308108,"uri1/rnf2",2
"GO:0140253","cell-cell fusion","2/1162","27/18773",0.0740740740740741,1.19672340154268,0.262754358771318,0.504649084715003,0.933598409886118,0.856031549308108,"wasla/dock1",2
"GO:1905515","non-motile cilium assembly","2/1162","27/18773",0.0740740740740741,1.19672340154268,0.262754358771318,0.504649084715003,0.933598409886118,0.856031549308108,"gorab/bbs7",2
"GO:0002706","regulation of lymphocyte mediated immunity","1/1162","11/18773",0.0909090909090909,1.46870599280238,0.399414301650091,0.504926453611625,0.933598409886118,0.856031549308108,"kmt5b",1
"GO:0006002","fructose 6-phosphate metabolic process","1/1162","11/18773",0.0909090909090909,1.46870599280238,0.399414301650091,0.504926453611625,0.933598409886118,0.856031549308108,"fbp1a",1
"GO:0006473","protein acetylation","1/1162","11/18773",0.0909090909090909,1.46870599280238,0.399414301650091,0.504926453611625,0.933598409886118,0.856031549308108,"naa50",1
"GO:0006851","mitochondrial calcium ion transmembrane transport","1/1162","11/18773",0.0909090909090909,1.46870599280238,0.399414301650091,0.504926453611625,0.933598409886118,0.856031549308108,"letm2",1
"GO:0006896","Golgi to vacuole transport","1/1162","11/18773",0.0909090909090909,1.46870599280238,0.399414301650091,0.504926453611625,0.933598409886118,0.856031549308108,"vti1b",1
"GO:0006901","vesicle coating","1/1162","11/18773",0.0909090909090909,1.46870599280238,0.399414301650091,0.504926453611625,0.933598409886118,0.856031549308108,"pef1",1
"GO:0007314","oocyte anterior/posterior axis specification","1/1162","11/18773",0.0909090909090909,1.46870599280238,0.399414301650091,0.504926453611625,0.933598409886118,0.856031549308108,"dctn2",1
"GO:0007315","pole plasm assembly","1/1162","11/18773",0.0909090909090909,1.46870599280238,0.399414301650091,0.504926453611625,0.933598409886118,0.856031549308108,"dctn2",1
"GO:0008358","maternal determination of anterior/posterior axis, embryo","1/1162","11/18773",0.0909090909090909,1.46870599280238,0.399414301650091,0.504926453611625,0.933598409886118,0.856031549308108,"dctn2",1
"GO:0010559","regulation of glycoprotein biosynthetic process","1/1162","11/18773",0.0909090909090909,1.46870599280238,0.399414301650091,0.504926453611625,0.933598409886118,0.856031549308108,"itm2bb",1
"GO:0016075","rRNA catabolic process","1/1162","11/18773",0.0909090909090909,1.46870599280238,0.399414301650091,0.504926453611625,0.933598409886118,0.856031549308108,"exosc8",1
"GO:0018108","peptidyl-tyrosine phosphorylation","1/1162","11/18773",0.0909090909090909,1.46870599280238,0.399414301650091,0.504926453611625,0.933598409886118,0.856031549308108,"kdrl",1
"GO:0019320","hexose catabolic process","1/1162","11/18773",0.0909090909090909,1.46870599280238,0.399414301650091,0.504926453611625,0.933598409886118,0.856031549308108,"galm",1
"GO:0030277","maintenance of gastrointestinal epithelium","1/1162","11/18773",0.0909090909090909,1.46870599280238,0.399414301650091,0.504926453611625,0.933598409886118,0.856031549308108,"tcf7l2",1
"GO:0031033","myosin filament organization","1/1162","11/18773",0.0909090909090909,1.46870599280238,0.399414301650091,0.504926453611625,0.933598409886118,0.856031549308108,"mef2d",1
"GO:0032350","regulation of hormone metabolic process","1/1162","11/18773",0.0909090909090909,1.46870599280238,0.399414301650091,0.504926453611625,0.933598409886118,0.856031549308108,"rcor1",1
"GO:0032388","positive regulation of intracellular transport","1/1162","11/18773",0.0909090909090909,1.46870599280238,0.399414301650091,0.504926453611625,0.933598409886118,0.856031549308108,"ezrb",1
"GO:0033700","phospholipid efflux","1/1162","11/18773",0.0909090909090909,1.46870599280238,0.399414301650091,0.504926453611625,0.933598409886118,0.856031549308108,"apoeb",1
"GO:0034453","microtubule anchoring","1/1162","11/18773",0.0909090909090909,1.46870599280238,0.399414301650091,0.504926453611625,0.933598409886118,0.856031549308108,"bicd2",1
"GO:0035176","social behavior","1/1162","11/18773",0.0909090909090909,1.46870599280238,0.399414301650091,0.504926453611625,0.933598409886118,0.856031549308108,"arid1b",1
"GO:0035338","long-chain fatty-acyl-CoA biosynthetic process","1/1162","11/18773",0.0909090909090909,1.46870599280238,0.399414301650091,0.504926453611625,0.933598409886118,0.856031549308108,"elovl1b",1
"GO:0036089","cleavage furrow formation","1/1162","11/18773",0.0909090909090909,1.46870599280238,0.399414301650091,0.504926453611625,0.933598409886118,0.856031549308108,"snx9a",1
"GO:0042982","amyloid precursor protein metabolic process","1/1162","11/18773",0.0909090909090909,1.46870599280238,0.399414301650091,0.504926453611625,0.933598409886118,0.856031549308108,"itm2bb",1
"GO:0043516","regulation of DNA damage response, signal transduction by p53 class mediator","1/1162","11/18773",0.0909090909090909,1.46870599280238,0.399414301650091,0.504926453611625,0.933598409886118,0.856031549308108,"smyd2a",1
"GO:0045217","cell-cell junction maintenance","1/1162","11/18773",0.0909090909090909,1.46870599280238,0.399414301650091,0.504926453611625,0.933598409886118,0.856031549308108,"jupa",1
"GO:0045638","negative regulation of myeloid cell differentiation","1/1162","11/18773",0.0909090909090909,1.46870599280238,0.399414301650091,0.504926453611625,0.933598409886118,0.856031549308108,"lpar2a",1
"GO:0046209","nitric oxide metabolic process","1/1162","11/18773",0.0909090909090909,1.46870599280238,0.399414301650091,0.504926453611625,0.933598409886118,0.856031549308108,"pora",1
"GO:0046323","D-glucose import","1/1162","11/18773",0.0909090909090909,1.46870599280238,0.399414301650091,0.504926453611625,0.933598409886118,0.856031549308108,"akt2",1
"GO:0050864","regulation of B cell activation","1/1162","11/18773",0.0909090909090909,1.46870599280238,0.399414301650091,0.504926453611625,0.933598409886118,0.856031549308108,"kmt5b",1
"GO:0051231","spindle elongation","1/1162","11/18773",0.0909090909090909,1.46870599280238,0.399414301650091,0.504926453611625,0.933598409886118,0.856031549308108,"prc1a",1
"GO:0051703","biological process involved in intraspecies interaction between organisms","1/1162","11/18773",0.0909090909090909,1.46870599280238,0.399414301650091,0.504926453611625,0.933598409886118,0.856031549308108,"arid1b",1
"GO:0060236","regulation of mitotic spindle organization","1/1162","11/18773",0.0909090909090909,1.46870599280238,0.399414301650091,0.504926453611625,0.933598409886118,0.856031549308108,"dync1li1",1
"GO:0060323","head morphogenesis","1/1162","11/18773",0.0909090909090909,1.46870599280238,0.399414301650091,0.504926453611625,0.933598409886118,0.856031549308108,"tcf7l1a",1
"GO:0061001","regulation of dendritic spine morphogenesis","1/1162","11/18773",0.0909090909090909,1.46870599280238,0.399414301650091,0.504926453611625,0.933598409886118,0.856031549308108,"dbnlb",1
"GO:1903018","regulation of glycoprotein metabolic process","1/1162","11/18773",0.0909090909090909,1.46870599280238,0.399414301650091,0.504926453611625,0.933598409886118,0.856031549308108,"itm2bb",1
"GO:1903573","negative regulation of response to endoplasmic reticulum stress","1/1162","11/18773",0.0909090909090909,1.46870599280238,0.399414301650091,0.504926453611625,0.933598409886118,0.856031549308108,"nck1a",1
"GO:1903707","negative regulation of hemopoiesis","1/1162","11/18773",0.0909090909090909,1.46870599280238,0.399414301650091,0.504926453611625,0.933598409886118,0.856031549308108,"loxl3b",1
"GO:2000738","positive regulation of stem cell differentiation","1/1162","11/18773",0.0909090909090909,1.46870599280238,0.399414301650091,0.504926453611625,0.933598409886118,0.856031549308108,"rbm24a",1
"GO:0046467","membrane lipid biosynthetic process","7/1162","108/18773",0.0648148148148148,1.04713297634984,0.126179579072953,0.506047726906758,0.933598409886118,0.856031549308108,"pigf/pigp/dpm2/elovl1b/cers5/agk/pigl",7
"GO:0007059","chromosome segregation","12/1162","189/18773",0.0634920634920635,1.02576291560801,0.091437141946268,0.50653730038232,0.933598409886118,0.856031549308108,"arl8ba/clasp1a/mad1l1/ntmt1/smc4/spc25/cntrl/birc6/si:dkey-6i22.5/dlgap5/prc1a/top2a",12
"GO:0006906","vesicle fusion","6/1162","92/18773",0.0652173913043478,1.05363690787997,0.132471945639351,0.508099867164389,0.933598409886118,0.856031549308108,"arl8ba/stx4/stx3a/vti1b/uvrag/syt2a",6
"GO:0030258","lipid modification","8/1162","125/18773",0.064,1.03396901893287,0.097878703621431,0.513515244695833,0.933598409886118,0.856031549308108,"mboat2b/mtmr6/plpp5/mtm1/inpp5l/zgc:154055/acad11/inpp5b",8
"GO:0050803","regulation of synapse structure or activity","4/1162","60/18773",0.0666666666666667,1.07705106138841,0.153549663916604,0.513708827285146,0.933598409886118,0.856031549308108,"dbnlb/mycbp2/abhd17c/sparc",4
"GO:0009799","specification of symmetry","21/1162","336/18773",0.0625,1.00973537005164,0.0462533617502259,0.51422466299363,0.933598409886118,0.856031549308108,"yap1/cxxc5a/gsk3ab/vdrb/foxc1a/rbpjb/cemip2/smad5/bmpr2b/rbm24a/gmnn/zfpm1/skia/dnmt3ba/gid8a/atp6v0d1/grk5l/acvrl1/bnip3lb/tcf7l2/bbs7",21
"GO:0009855","determination of bilateral symmetry","21/1162","336/18773",0.0625,1.00973537005164,0.0462533617502259,0.51422466299363,0.933598409886118,0.856031549308108,"yap1/cxxc5a/gsk3ab/vdrb/foxc1a/rbpjb/cemip2/smad5/bmpr2b/rbm24a/gmnn/zfpm1/skia/dnmt3ba/gid8a/atp6v0d1/grk5l/acvrl1/bnip3lb/tcf7l2/bbs7",21
"GO:0000226","microtubule cytoskeleton organization","24/1162","385/18773",0.0623376623376623,1.00711268077877,0.0362211940725178,0.516195579256077,0.933598409886118,0.856031549308108,"npm1b/gsk3ab/clasp1a/map7d1b/diaph2/txndc9/ntmt1/dctn2/dync1li1/tubb5/tacc1/plk2a/scrib/phldb2b/chordc1b/mark2b/dlgap5/tuba1a/pard6gb/prc1a/bicd2/phldb1b/kifbp/pih1d1",24
"GO:0002429","immune response-activating cell surface receptor signaling pathway","3/1162","44/18773",0.0681818181818182,1.10152949460178,0.173191907715336,0.517938557747505,0.933598409886118,0.856031549308108,"si:dkey-52l18.4/csk/myd88",3
"GO:0009124","nucleoside monophosphate biosynthetic process","3/1162","44/18773",0.0681818181818182,1.10152949460178,0.173191907715336,0.517938557747505,0.933598409886118,0.856031549308108,"uck2a/dhodh/cad",3
"GO:0009306","protein secretion","3/1162","44/18773",0.0681818181818182,1.10152949460178,0.173191907715336,0.517938557747505,0.933598409886118,0.856031549308108,"uqcc2/wls/copg2",3
"GO:0035592","establishment of protein localization to extracellular region","3/1162","44/18773",0.0681818181818182,1.10152949460178,0.173191907715336,0.517938557747505,0.933598409886118,0.856031549308108,"uqcc2/wls/copg2",3
"GO:0051051","negative regulation of transport","3/1162","44/18773",0.0681818181818182,1.10152949460178,0.173191907715336,0.517938557747505,0.933598409886118,0.856031549308108,"rap1aa/lgals3b/arl6ip5a",3
"GO:0060119","inner ear receptor cell development","3/1162","44/18773",0.0681818181818182,1.10152949460178,0.173191907715336,0.517938557747505,0.933598409886118,0.856031549308108,"vdrb/dctn2/atp2b1a",3
"GO:0061005","cell differentiation involved in kidney development","3/1162","44/18773",0.0681818181818182,1.10152949460178,0.173191907715336,0.517938557747505,0.933598409886118,0.856031549308108,"foxc1a/ezrb/rbpjb",3
"GO:0030902","hindbrain development","9/1162","142/18773",0.0633802816901408,1.02395699498194,0.0736079562284006,0.520083373784534,0.933598409886118,0.856031549308108,"exosc8/med12/pbx4/spry4/foxl2b/raraa/acvr2aa/brd2a/sema3d",9
"GO:0000070","mitotic sister chromatid segregation","5/1162","77/18773",0.0649350649350649,1.04907570914456,0.110841890654636,0.522314443379724,0.933598409886118,0.856031549308108,"clasp1a/mad1l1/smc4/cntrl/prc1a",5
"GO:0046390","ribose phosphate biosynthetic process","8/1162","126/18773",0.0634920634920635,1.02576291560801,0.0745318886221618,0.522679314187797,0.933598409886118,0.856031549308108,"atp5mea/uck2a/cmpk/dhodh/ak3/nme7/cad/ak1",8
"GO:0009314","response to radiation","11/1162","175/18773",0.0628571428571429,1.01550528645193,0.0529336723594572,0.523594230928665,0.933598409886118,0.856031549308108,"rnf168/perp/tefa/ercc1/gna11b/cry2/badb/pim1/xrcc6/mettl3/ercc8",11
"GO:0002761","regulation of myeloid leukocyte differentiation","2/1162","28/18773",0.0714285714285714,1.15398328005901,0.209447985697426,0.524308650904569,0.933598409886118,0.856031549308108,"med12/asxl1",2
"GO:0008299","isoprenoid biosynthetic process","2/1162","28/18773",0.0714285714285714,1.15398328005901,0.209447985697426,0.524308650904569,0.933598409886118,0.856031549308108,"pdss2/rcor1",2
"GO:0032401","establishment of melanosome localization","2/1162","28/18773",0.0714285714285714,1.15398328005901,0.209447985697426,0.524308650904569,0.933598409886118,0.856031549308108,"inpp5b/bbs7",2
"GO:0032402","melanosome transport","2/1162","28/18773",0.0714285714285714,1.15398328005901,0.209447985697426,0.524308650904569,0.933598409886118,0.856031549308108,"inpp5b/bbs7",2
"GO:0032474","otolith morphogenesis","2/1162","28/18773",0.0714285714285714,1.15398328005901,0.209447985697426,0.524308650904569,0.933598409886118,0.856031549308108,"lrp5/sparc",2
"GO:0042558","pteridine-containing compound metabolic process","2/1162","28/18773",0.0714285714285714,1.15398328005901,0.209447985697426,0.524308650904569,0.933598409886118,0.856031549308108,"mycbp2/gch1",2
"GO:0043543","protein acylation","2/1162","28/18773",0.0714285714285714,1.15398328005901,0.209447985697426,0.524308650904569,0.933598409886118,0.856031549308108,"naa50/zdhhc8b",2
"GO:0045766","positive regulation of angiogenesis","2/1162","28/18773",0.0714285714285714,1.15398328005901,0.209447985697426,0.524308650904569,0.933598409886118,0.856031549308108,"kdr/basp1",2
"GO:0048368","lateral mesoderm development","2/1162","28/18773",0.0714285714285714,1.15398328005901,0.209447985697426,0.524308650904569,0.933598409886118,0.856031549308108,"tal1/rbpjb",2
"GO:0051904","pigment granule transport","2/1162","28/18773",0.0714285714285714,1.15398328005901,0.209447985697426,0.524308650904569,0.933598409886118,0.856031549308108,"inpp5b/bbs7",2
"GO:0060973","cell migration involved in heart development","2/1162","28/18773",0.0714285714285714,1.15398328005901,0.209447985697426,0.524308650904569,0.933598409886118,0.856031549308108,"sdc2/cemip2",2
"GO:0097479","synaptic vesicle localization","2/1162","28/18773",0.0714285714285714,1.15398328005901,0.209447985697426,0.524308650904569,0.933598409886118,0.856031549308108,"kif5ba/si:ch211-200p22.4",2
"GO:0099637","neurotransmitter receptor transport","2/1162","28/18773",0.0714285714285714,1.15398328005901,0.209447985697426,0.524308650904569,0.933598409886118,0.856031549308108,"stx3a/scrib",2
"GO:0031329","regulation of cellular catabolic process","7/1162","110/18773",0.0636363636363636,1.02809419496166,0.0759081723024286,0.525719067989495,0.933598409886118,0.856031549308108,"gsk3ab/atg13/mtm1/depdc5/becn1/zgc:154055/phf23b",7
"GO:0017157","regulation of exocytosis","4/1162","61/18773",0.0655737704918033,1.05939448661155,0.119348584936158,0.526890631358259,0.933598409886118,0.856031549308108,"rap1aa/ralab/cacna1ha/syt2a",4
"GO:0031123","RNA 3'-end processing","4/1162","61/18773",0.0655737704918033,1.05939448661155,0.119348584936158,0.526890631358259,0.933598409886118,0.856031549308108,"exosc8/cstf3/rprd2b/ptcd1",4
"GO:0032102","negative regulation of response to external stimulus","4/1162","61/18773",0.0655737704918033,1.05939448661155,0.119348584936158,0.526890631358259,0.933598409886118,0.856031549308108,"uacaa/ythdf2/mettl3/ppardb",4
"GO:0036269","swimming behavior","6/1162","94/18773",0.0638297872340425,1.03121910132933,0.0779424120066092,0.529373840335678,0.933598409886118,0.856031549308108,"vapb/reep1/gch1/depdc5/arid1b/surf1",6
"GO:0045596","negative regulation of cell differentiation","6/1162","94/18773",0.0638297872340425,1.03121910132933,0.0779424120066092,0.529373840335678,0.933598409886118,0.856031549308108,"gpr182/ythdf2/lpar2a/foxl2b/loxl3b/rbpms2b",6
"GO:0090174","organelle membrane fusion","6/1162","94/18773",0.0638297872340425,1.03121910132933,0.0779424120066092,0.529373840335678,0.933598409886118,0.856031549308108,"arl8ba/stx4/stx3a/vti1b/uvrag/syt2a",6
"GO:0032101","regulation of response to external stimulus","15/1162","241/18773",0.0622406639004149,1.00554559673192,0.0222567623654031,0.529467562249957,0.933598409886118,0.856031549308108,"uacaa/akirin2/mycbp2/reep1/brd4/ythdf2/n4bp1/gch1/becn1/dpp9/rbpms2b/mapkapk2a/myd88/mettl3/ppardb",15
"GO:0016073","snRNA metabolic process","3/1162","45/18773",0.0666666666666667,1.07705106138841,0.132924645378669,0.533283739813434,0.933598409886118,0.856031549308108,"exosc8/ell2/ell",3
"GO:0030865","cortical cytoskeleton organization","3/1162","45/18773",0.0666666666666667,1.07705106138841,0.132924645378669,0.533283739813434,0.933598409886118,0.856031549308108,"rac1b/rab13/rock1",3
"GO:0071692","protein localization to extracellular region","3/1162","45/18773",0.0666666666666667,1.07705106138841,0.132924645378669,0.533283739813434,0.933598409886118,0.856031549308108,"uqcc2/wls/copg2",3
"GO:0046165","alcohol biosynthetic process","5/1162","78/18773",0.0641025641025641,1.03562602056578,0.0809875403129649,0.533927621722081,0.933598409886118,0.856031549308108,"gch1/impa1/ip6k2b/hsd17b7/itpkcb",5
"GO:0006183","GTP biosynthetic process","1/1162","12/18773",0.0833333333333333,1.34631382673551,0.308246951961731,0.535588188016448,0.933598409886118,0.856031549308108,"nme7",1
"GO:0006488","dolichol-linked oligosaccharide biosynthetic process","1/1162","12/18773",0.0833333333333333,1.34631382673551,0.308246951961731,0.535588188016448,0.933598409886118,0.856031549308108,"zgc:92907",1
"GO:0006555","methionine metabolic process","1/1162","12/18773",0.0833333333333333,1.34631382673551,0.308246951961731,0.535588188016448,0.933598409886118,0.856031549308108,"enoph1",1
"GO:0006611","protein export from nucleus","1/1162","12/18773",0.0833333333333333,1.34631382673551,0.308246951961731,0.535588188016448,0.933598409886118,0.856031549308108,"cse1l",1
"GO:0007028","cytoplasm organization","1/1162","12/18773",0.0833333333333333,1.34631382673551,0.308246951961731,0.535588188016448,0.933598409886118,0.856031549308108,"dctn2",1
"GO:0007308","oocyte construction","1/1162","12/18773",0.0833333333333333,1.34631382673551,0.308246951961731,0.535588188016448,0.933598409886118,0.856031549308108,"dctn2",1
"GO:0007309","oocyte axis specification","1/1162","12/18773",0.0833333333333333,1.34631382673551,0.308246951961731,0.535588188016448,0.933598409886118,0.856031549308108,"dctn2",1
"GO:0007501","mesodermal cell fate specification","1/1162","12/18773",0.0833333333333333,1.34631382673551,0.308246951961731,0.535588188016448,0.933598409886118,0.856031549308108,"churc1",1
"GO:0009437","carnitine metabolic process","1/1162","12/18773",0.0833333333333333,1.34631382673551,0.308246951961731,0.535588188016448,0.933598409886118,0.856031549308108,"aldh9a1a.1",1
"GO:0018195","peptidyl-arginine modification","1/1162","12/18773",0.0833333333333333,1.34631382673551,0.308246951961731,0.535588188016448,0.933598409886118,0.856031549308108,"ndufaf5",1
"GO:0018198","peptidyl-cysteine modification","1/1162","12/18773",0.0833333333333333,1.34631382673551,0.308246951961731,0.535588188016448,0.933598409886118,0.856031549308108,"zdhhc8b",1
"GO:0018345","protein palmitoylation","1/1162","12/18773",0.0833333333333333,1.34631382673551,0.308246951961731,0.535588188016448,0.933598409886118,0.856031549308108,"zdhhc8b",1
"GO:0021654","rhombomere boundary formation","1/1162","12/18773",0.0833333333333333,1.34631382673551,0.308246951961731,0.535588188016448,0.933598409886118,0.856031549308108,"med12",1
"GO:0021692","cerebellar Purkinje cell layer morphogenesis","1/1162","12/18773",0.0833333333333333,1.34631382673551,0.308246951961731,0.535588188016448,0.933598409886118,0.856031549308108,"exosc8",1
"GO:0030206","chondroitin sulfate biosynthetic process","1/1162","12/18773",0.0833333333333333,1.34631382673551,0.308246951961731,0.535588188016448,0.933598409886118,0.856031549308108,"chpf2",1
"GO:0031125","rRNA 3'-end processing","1/1162","12/18773",0.0833333333333333,1.34631382673551,0.308246951961731,0.535588188016448,0.933598409886118,0.856031549308108,"exosc8",1
"GO:0031445","regulation of heterochromatin formation","1/1162","12/18773",0.0833333333333333,1.34631382673551,0.308246951961731,0.535588188016448,0.933598409886118,0.856031549308108,"phf2",1
"GO:0032479","regulation of type I interferon production","1/1162","12/18773",0.0833333333333333,1.34631382673551,0.308246951961731,0.535588188016448,0.933598409886118,0.856031549308108,"zbtb16a",1
"GO:0032606","type I interferon production","1/1162","12/18773",0.0833333333333333,1.34631382673551,0.308246951961731,0.535588188016448,0.933598409886118,0.856031549308108,"zbtb16a",1
"GO:0033209","tumor necrosis factor-mediated signaling pathway","1/1162","12/18773",0.0833333333333333,1.34631382673551,0.308246951961731,0.535588188016448,0.933598409886118,0.856031549308108,"cpne1",1
"GO:0033564","anterior/posterior axon guidance","1/1162","12/18773",0.0833333333333333,1.34631382673551,0.308246951961731,0.535588188016448,0.933598409886118,0.856031549308108,"scrib",1
"GO:0033674","positive regulation of kinase activity","1/1162","12/18773",0.0833333333333333,1.34631382673551,0.308246951961731,0.535588188016448,0.933598409886118,0.856031549308108,"prrc1",1
"GO:0035844","cloaca development","1/1162","12/18773",0.0833333333333333,1.34631382673551,0.308246951961731,0.535588188016448,0.933598409886118,0.856031549308108,"pard6gb",1
"GO:0045444","fat cell differentiation","1/1162","12/18773",0.0833333333333333,1.34631382673551,0.308246951961731,0.535588188016448,0.933598409886118,0.856031549308108,"tmem18",1
"GO:0045639","positive regulation of myeloid cell differentiation","1/1162","12/18773",0.0833333333333333,1.34631382673551,0.308246951961731,0.535588188016448,0.933598409886118,0.856031549308108,"pithd1",1
"GO:0045860","positive regulation of protein kinase activity","1/1162","12/18773",0.0833333333333333,1.34631382673551,0.308246951961731,0.535588188016448,0.933598409886118,0.856031549308108,"prrc1",1
"GO:0046365","monosaccharide catabolic process","1/1162","12/18773",0.0833333333333333,1.34631382673551,0.308246951961731,0.535588188016448,0.933598409886118,0.856031549308108,"galm",1
"GO:0046548","retinal rod cell development","1/1162","12/18773",0.0833333333333333,1.34631382673551,0.308246951961731,0.535588188016448,0.933598409886118,0.856031549308108,"adipor1b",1
"GO:0048799","animal organ maturation","1/1162","12/18773",0.0833333333333333,1.34631382673551,0.308246951961731,0.535588188016448,0.933598409886118,0.856031549308108,"col1a1a",1
"GO:0048918","posterior lateral line nerve development","1/1162","12/18773",0.0833333333333333,1.34631382673551,0.308246951961731,0.535588188016448,0.933598409886118,0.856031549308108,"kifbp",1
"GO:0050796","regulation of insulin secretion","1/1162","12/18773",0.0833333333333333,1.34631382673551,0.308246951961731,0.535588188016448,0.933598409886118,0.856031549308108,"uqcc2",1
"GO:0050848","regulation of calcium-mediated signaling","1/1162","12/18773",0.0833333333333333,1.34631382673551,0.308246951961731,0.535588188016448,0.933598409886118,0.856031549308108,"ndufa7",1
"GO:0051057","positive regulation of small GTPase mediated signal transduction","1/1162","12/18773",0.0833333333333333,1.34631382673551,0.308246951961731,0.535588188016448,0.933598409886118,0.856031549308108,"shoc2",1
"GO:0051255","spindle midzone assembly","1/1162","12/18773",0.0833333333333333,1.34631382673551,0.308246951961731,0.535588188016448,0.933598409886118,0.856031549308108,"prc1a",1
"GO:0051492","regulation of stress fiber assembly","1/1162","12/18773",0.0833333333333333,1.34631382673551,0.308246951961731,0.535588188016448,0.933598409886118,0.856031549308108,"rock1",1
"GO:0055010","ventricular cardiac muscle tissue morphogenesis","1/1162","12/18773",0.0833333333333333,1.34631382673551,0.308246951961731,0.535588188016448,0.933598409886118,0.856031549308108,"rbfox2",1
"GO:0070527","platelet aggregation","1/1162","12/18773",0.0833333333333333,1.34631382673551,0.308246951961731,0.535588188016448,0.933598409886118,0.856031549308108,"esama",1
"GO:0071027","nuclear RNA surveillance","1/1162","12/18773",0.0833333333333333,1.34631382673551,0.308246951961731,0.535588188016448,0.933598409886118,0.856031549308108,"exosc8",1
"GO:0071679","commissural neuron axon guidance","1/1162","12/18773",0.0833333333333333,1.34631382673551,0.308246951961731,0.535588188016448,0.933598409886118,0.856031549308108,"scrib",1
"GO:0072014","proximal tubule development","1/1162","12/18773",0.0833333333333333,1.34631382673551,0.308246951961731,0.535588188016448,0.933598409886118,0.856031549308108,"ift74",1
"GO:0072344","rescue of stalled ribosome","1/1162","12/18773",0.0833333333333333,1.34631382673551,0.308246951961731,0.535588188016448,0.933598409886118,0.856031549308108,"znf598",1
"GO:0090224","regulation of spindle organization","1/1162","12/18773",0.0833333333333333,1.34631382673551,0.308246951961731,0.535588188016448,0.933598409886118,0.856031549308108,"dync1li1",1
"GO:1902107","positive regulation of leukocyte differentiation","1/1162","12/18773",0.0833333333333333,1.34631382673551,0.308246951961731,0.535588188016448,0.933598409886118,0.856031549308108,"brd4",1
"GO:1903053","regulation of extracellular matrix organization","1/1162","12/18773",0.0833333333333333,1.34631382673551,0.308246951961731,0.535588188016448,0.933598409886118,0.856031549308108,"cemip2",1
"GO:1903828","negative regulation of protein localization","1/1162","12/18773",0.0833333333333333,1.34631382673551,0.308246951961731,0.535588188016448,0.933598409886118,0.856031549308108,"tax1bp3",1
"GO:2001057","reactive nitrogen species metabolic process","1/1162","12/18773",0.0833333333333333,1.34631382673551,0.308246951961731,0.535588188016448,0.933598409886118,0.856031549308108,"pora",1
"GO:0001570","vasculogenesis","4/1162","62/18773",0.0645161290322581,1.04230747876298,0.0857098665163702,0.539896296827095,0.933598409886118,0.856031549308108,"yap1/tal1/colec12/ell",4
"GO:0021545","cranial nerve development","4/1162","62/18773",0.0645161290322581,1.04230747876298,0.0857098665163702,0.539896296827095,0.933598409886118,0.856031549308108,"tuba1a/cad/kifbp/klf6a",4
"GO:0072009","nephron epithelium development","4/1162","62/18773",0.0645161290322581,1.04230747876298,0.0857098665163702,0.539896296827095,0.933598409886118,0.856031549308108,"foxc1a/rbpjb/bnc2/ift74",4
"GO:0007368","determination of left/right symmetry","19/1162","308/18773",0.0616883116883117,0.996621923687328,-0.0153545285692393,0.540257173356867,0.933598409886118,0.856031549308108,"yap1/cxxc5a/gsk3ab/vdrb/foxc1a/rbpjb/cemip2/smad5/bmpr2b/rbm24a/gmnn/zfpm1/skia/dnmt3ba/atp6v0d1/grk5l/bnip3lb/tcf7l2/bbs7",19
"GO:0002224","toll-like receptor signaling pathway","2/1162","29/18773",0.0689655172413793,1.11419075316042,0.158075704793136,0.543434693800786,0.933598409886118,0.856031549308108,"mapkapk2a/myd88",2
"GO:0010257","NADH dehydrogenase complex assembly","2/1162","29/18773",0.0689655172413793,1.11419075316042,0.158075704793136,0.543434693800786,0.933598409886118,0.856031549308108,"ndufa11/ndufaf5",2
"GO:0032981","mitochondrial respiratory chain complex I assembly","2/1162","29/18773",0.0689655172413793,1.11419075316042,0.158075704793136,0.543434693800786,0.933598409886118,0.856031549308108,"ndufa11/ndufaf5",2
"GO:0050728","negative regulation of inflammatory response","2/1162","29/18773",0.0689655172413793,1.11419075316042,0.158075704793136,0.543434693800786,0.933598409886118,0.856031549308108,"uacaa/ppardb",2
"GO:0051058","negative regulation of small GTPase mediated signal transduction","2/1162","29/18773",0.0689655172413793,1.11419075316042,0.158075704793136,0.543434693800786,0.933598409886118,0.856031549308108,"spry4/stambpa",2
"GO:0060059","embryonic retina morphogenesis in camera-type eye","2/1162","29/18773",0.0689655172413793,1.11419075316042,0.158075704793136,0.543434693800786,0.933598409886118,0.856031549308108,"pbx4/foxc1a",2
"GO:0090307","mitotic spindle assembly","2/1162","29/18773",0.0689655172413793,1.11419075316042,0.158075704793136,0.543434693800786,0.933598409886118,0.856031549308108,"clasp1a/prc1a",2
"GO:0098930","axonal transport","2/1162","29/18773",0.0689655172413793,1.11419075316042,0.158075704793136,0.543434693800786,0.933598409886118,0.856031549308108,"arl8a/arl8ba",2
"GO:1904018","positive regulation of vasculature development","2/1162","29/18773",0.0689655172413793,1.11419075316042,0.158075704793136,0.543434693800786,0.933598409886118,0.856031549308108,"kdr/basp1",2
"GO:2000116","regulation of cysteine-type endopeptidase activity","2/1162","29/18773",0.0689655172413793,1.11419075316042,0.158075704793136,0.543434693800786,0.933598409886118,0.856031549308108,"mcl1b/becn1",2
"GO:0044093","positive regulation of molecular function","7/1162","112/18773",0.0625,1.00973537005164,0.0265436319778109,0.545086223868413,0.933598409886118,0.856031549308108,"prrc1/phactr4b/ralgapa2/scrib/becn1/fzr1a/ube2s",7
"GO:1901617","organic hydroxy compound biosynthetic process","7/1162","112/18773",0.0625,1.00973537005164,0.0265436319778109,0.545086223868413,0.933598409886118,0.856031549308108,"tyrp1b/gch1/impa1/mfsd12a/ip6k2b/hsd17b7/itpkcb",7
"GO:0001666","response to hypoxia","5/1162","79/18773",0.0632911392405063,1.02251683043204,0.0515152737522502,0.545410971004607,0.933598409886118,0.856031549308108,"fam162a/ddit3/ndrg1a/hif1ab/ajuba",5
"GO:0019216","regulation of lipid metabolic process","5/1162","79/18773",0.0632911392405063,1.02251683043204,0.0515152737522502,0.545410971004607,0.933598409886118,0.856031549308108,"bckdk/lactb/ddit3/rcor1/ppardb",5
"GO:0001895","retina homeostasis","3/1162","46/18773",0.0652173913043478,1.05363690787997,0.0935566951335552,0.548348830347236,0.933598409886118,0.856031549308108,"emc3/dctn2/ift74",3
"GO:0030318","melanocyte differentiation","3/1162","46/18773",0.0652173913043478,1.05363690787997,0.0935566951335552,0.548348830347236,0.933598409886118,0.856031549308108,"tyrp1b/sf3b1/uvrag",3
"GO:0030851","granulocyte differentiation","3/1162","46/18773",0.0652173913043478,1.05363690787997,0.0935566951335552,0.548348830347236,0.933598409886118,0.856031549308108,"asxl1/sbds/hax1",3
"GO:0031146","SCF-dependent proteasomal ubiquitin-dependent protein catabolic process","3/1162","46/18773",0.0652173913043478,1.05363690787997,0.0935566951335552,0.548348830347236,0.933598409886118,0.856031549308108,"cul1a/fbxl14b/styx",3
"GO:0035023","regulation of Rho protein signal transduction","3/1162","46/18773",0.0652173913043478,1.05363690787997,0.0935566951335552,0.548348830347236,0.933598409886118,0.856031549308108,"dock6/stard8/dock7",3
"GO:0090257","regulation of muscle system process","3/1162","46/18773",0.0652173913043478,1.05363690787997,0.0935566951335552,0.548348830347236,0.933598409886118,0.856031549308108,"erp44/hspb1/tnnt3a",3
"GO:0045861","negative regulation of proteolysis","6/1162","96/18773",0.0625,1.00973537005164,0.0245640995942478,0.550259010678081,0.933598409886118,0.856031549308108,"hsp90ab1/serpinb1l3/mcl1b/n4bp1/styx/serpinh2",6
"GO:1901342","regulation of vasculature development","6/1162","96/18773",0.0625,1.00973537005164,0.0245640995942478,0.550259010678081,0.933598409886118,0.856031549308108,"bcar1/s1pr1/cemip2/kdr/basp1/hif1ab",6
"GO:0045165","cell fate commitment","12/1162","195/18773",0.0615384615384615,0.994200979743148,-0.0209092656575474,0.550907844470037,0.933598409886118,0.856031549308108,"tfec/tcf7l1a/foxc1a/brd4/rbpjb/churc1/prdm1a/wnt9a/acvr1ba/loxl3b/rnf2/mettl3",12
"GO:0006414","translational elongation","4/1162","63/18773",0.0634920634920635,1.02576291560801,0.0526132003876652,0.552717435892773,0.933598409886118,0.856031549308108,"eef1a1l1/ell2/ell/znf598",4
"GO:0048840","otolith development","4/1162","63/18773",0.0634920634920635,1.02576291560801,0.0526132003876652,0.552717435892773,0.933598409886118,0.856031549308108,"atp2b1a/lrp5/sparc/pcsk7",4
"GO:0052548","regulation of endopeptidase activity","4/1162","63/18773",0.0634920634920635,1.02576291560801,0.0526132003876652,0.552717435892773,0.933598409886118,0.856031549308108,"serpinb1l3/mcl1b/becn1/serpinh2",4
"GO:0051650","establishment of vesicle localization","7/1162","113/18773",0.0619469026548673,1.00079965881224,0.00219005215680276,0.554644726796486,0.933598409886118,0.856031549308108,"tbc1d23/kif5ba/pef1/inpp5b/exoc4/si:ch211-200p22.4/bbs7",7
"GO:0030522","intracellular receptor signaling pathway","5/1162","80/18773",0.0625,1.00973537005164,0.022414253682254,0.556758138518637,0.933598409886118,0.856031549308108,"tgif1/strn3/foxc1a/raraa/rxrbb",5
"GO:0036293","response to decreased oxygen levels","5/1162","80/18773",0.0625,1.00973537005164,0.022414253682254,0.556758138518637,0.933598409886118,0.856031549308108,"fam162a/ddit3/ndrg1a/hif1ab/ajuba",5
"GO:0010564","regulation of cell cycle process","14/1162","229/18773",0.0611353711790393,0.987688746251381,-0.0481487085379121,0.558611504509462,0.933598409886118,0.856031549308108,"npm1b/mad1l1/ccnd2a/dync1li1/ythdf2/mcl1b/rab11fip3/chordc1b/birc6/dyrk3/dbf4/chmp4bb/cdk2/swap70b",14
"GO:0040011","locomotion","26/1162","426/18773",0.0610328638497653,0.986032661834461,-0.0749035231144729,0.559148916345937,0.933598409886118,0.856031549308108,"kdrl/chd2/cul1a/s1pr1/mycbp2/slka/reep1/srgap1a/lgals3b/cyba/rac1b/sema4c/smad5/tnfrsf19/kdr/churc1/scrib/trim33/rab13/stk24b/pdgfba/rbpms2b/myd88/klf6a/arpin/sema3d",26
"GO:1903131","mononuclear cell differentiation","6/1162","97/18773",0.0618556701030928,0.999325727061412,-0.00171019641899072,0.560542762826579,0.933598409886118,0.856031549308108,"wasla/brd4/loxl3b/sumf1/trim35-28/mettl3",6
"GO:0000460","maturation of 5.8S rRNA","2/1162","30/18773",0.0666666666666667,1.07705106138841,0.108489080559182,0.562017893396705,0.933598409886118,0.856031549308108,"exosc8/kri1",2
"GO:0006893","Golgi to plasma membrane transport","2/1162","30/18773",0.0666666666666667,1.07705106138841,0.108489080559182,0.562017893396705,0.933598409886118,0.856031549308108,"nsfb/exoc4",2
"GO:0007040","lysosome organization","2/1162","30/18773",0.0666666666666667,1.07705106138841,0.108489080559182,0.562017893396705,0.933598409886118,0.856031549308108,"tmem251/aktip",2
"GO:0009311","oligosaccharide metabolic process","2/1162","30/18773",0.0666666666666667,1.07705106138841,0.108489080559182,0.562017893396705,0.933598409886118,0.856031549308108,"mgat2/si:ch73-91k6.2",2
"GO:0034314","Arp2/3 complex-mediated actin nucleation","2/1162","30/18773",0.0666666666666667,1.07705106138841,0.108489080559182,0.562017893396705,0.933598409886118,0.856031549308108,"arpc5la/arfip1",2
"GO:0042073","intraciliary transport","2/1162","30/18773",0.0666666666666667,1.07705106138841,0.108489080559182,0.562017893396705,0.933598409886118,0.856031549308108,"ift52/ift74",2
"GO:0042168","heme metabolic process","2/1162","30/18773",0.0666666666666667,1.07705106138841,0.108489080559182,0.562017893396705,0.933598409886118,0.856031549308108,"snx3/iba57",2
"GO:0042476","odontogenesis","2/1162","30/18773",0.0666666666666667,1.07705106138841,0.108489080559182,0.562017893396705,0.933598409886118,0.856031549308108,"vps4b/atp2b1a",2
"GO:0060872","semicircular canal development","2/1162","30/18773",0.0666666666666667,1.07705106138841,0.108489080559182,0.562017893396705,0.933598409886118,0.856031549308108,"wls/sparc",2
"GO:0072080","nephron tubule development","2/1162","30/18773",0.0666666666666667,1.07705106138841,0.108489080559182,0.562017893396705,0.933598409886118,0.856031549308108,"bnc2/ift74",2
"GO:0080171","lytic vacuole organization","2/1162","30/18773",0.0666666666666667,1.07705106138841,0.108489080559182,0.562017893396705,0.933598409886118,0.856031549308108,"tmem251/aktip",2
"GO:0022407","regulation of cell-cell adhesion","7/1162","114/18773",0.0614035087719298,0.992020714436694,-0.0219502049434756,0.564114400592411,0.933598409886118,0.856031549308108,"nrarpa/brd4/ythdf2/fam49bb/tet2/loxl3b/mettl3",7
"GO:0000002","mitochondrial genome maintenance","1/1162","13/18773",0.0769230769230769,1.24275122467894,0.224896665866696,0.564352461004289,0.933598409886118,0.856031549308108,"tfam",1
"GO:0001541","ovarian follicle development","1/1162","13/18773",0.0769230769230769,1.24275122467894,0.224896665866696,0.564352461004289,0.933598409886118,0.856031549308108,"bmpr2b",1
"GO:0002702","positive regulation of production of molecular mediator of immune response","1/1162","13/18773",0.0769230769230769,1.24275122467894,0.224896665866696,0.564352461004289,0.933598409886118,0.856031549308108,"kmt5b",1
"GO:0002703","regulation of leukocyte mediated immunity","1/1162","13/18773",0.0769230769230769,1.24275122467894,0.224896665866696,0.564352461004289,0.933598409886118,0.856031549308108,"kmt5b",1
"GO:0002791","regulation of peptide secretion","1/1162","13/18773",0.0769230769230769,1.24275122467894,0.224896665866696,0.564352461004289,0.933598409886118,0.856031549308108,"uqcc2",1
"GO:0003229","ventricular cardiac muscle tissue development","1/1162","13/18773",0.0769230769230769,1.24275122467894,0.224896665866696,0.564352461004289,0.933598409886118,0.856031549308108,"rbfox2",1
"GO:0006904","vesicle docking involved in exocytosis","1/1162","13/18773",0.0769230769230769,1.24275122467894,0.224896665866696,0.564352461004289,0.933598409886118,0.856031549308108,"exoc4",1
"GO:0007064","mitotic sister chromatid cohesion","1/1162","13/18773",0.0769230769230769,1.24275122467894,0.224896665866696,0.564352461004289,0.933598409886118,0.856031549308108,"naa50",1
"GO:0007398","ectoderm development","1/1162","13/18773",0.0769230769230769,1.24275122467894,0.224896665866696,0.564352461004289,0.933598409886118,0.856031549308108,"amer2",1
"GO:0009078","pyruvate family amino acid metabolic process","1/1162","13/18773",0.0769230769230769,1.24275122467894,0.224896665866696,0.564352461004289,0.933598409886118,0.856031549308108,"mccc2",1
"GO:0010454","negative regulation of cell fate commitment","1/1162","13/18773",0.0769230769230769,1.24275122467894,0.224896665866696,0.564352461004289,0.933598409886118,0.856031549308108,"loxl3b",1
"GO:0010717","regulation of epithelial to mesenchymal transition","1/1162","13/18773",0.0769230769230769,1.24275122467894,0.224896665866696,0.564352461004289,0.933598409886118,0.856031549308108,"rnf2",1
"GO:0019367","fatty acid elongation, saturated fatty acid","1/1162","13/18773",0.0769230769230769,1.24275122467894,0.224896665866696,0.564352461004289,0.933598409886118,0.856031549308108,"elovl1b",1
"GO:0019368","fatty acid elongation, unsaturated fatty acid","1/1162","13/18773",0.0769230769230769,1.24275122467894,0.224896665866696,0.564352461004289,0.933598409886118,0.856031549308108,"elovl1b",1
"GO:0019985","translesion synthesis","1/1162","13/18773",0.0769230769230769,1.24275122467894,0.224896665866696,0.564352461004289,0.933598409886118,0.856031549308108,"rev3l",1
"GO:0021680","cerebellar Purkinje cell layer development","1/1162","13/18773",0.0769230769230769,1.24275122467894,0.224896665866696,0.564352461004289,0.933598409886118,0.856031549308108,"exosc8",1
"GO:0022011","myelination in peripheral nervous system","1/1162","13/18773",0.0769230769230769,1.24275122467894,0.224896665866696,0.564352461004289,0.933598409886118,0.856031549308108,"dock1",1
"GO:0033336","caudal fin development","1/1162","13/18773",0.0769230769230769,1.24275122467894,0.224896665866696,0.564352461004289,0.933598409886118,0.856031549308108,"smyd2a",1
"GO:0034248","regulation of amide metabolic process","1/1162","13/18773",0.0769230769230769,1.24275122467894,0.224896665866696,0.564352461004289,0.933598409886118,0.856031549308108,"bckdk",1
"GO:0034612","response to tumor necrosis factor","1/1162","13/18773",0.0769230769230769,1.24275122467894,0.224896665866696,0.564352461004289,0.933598409886118,0.856031549308108,"cpne1",1
"GO:0034625","fatty acid elongation, monounsaturated fatty acid","1/1162","13/18773",0.0769230769230769,1.24275122467894,0.224896665866696,0.564352461004289,0.933598409886118,0.856031549308108,"elovl1b",1
"GO:0034626","fatty acid elongation, polyunsaturated fatty acid","1/1162","13/18773",0.0769230769230769,1.24275122467894,0.224896665866696,0.564352461004289,0.933598409886118,0.856031549308108,"elovl1b",1
"GO:0035701","hematopoietic stem cell migration","1/1162","13/18773",0.0769230769230769,1.24275122467894,0.224896665866696,0.564352461004289,0.933598409886118,0.856031549308108,"klf6a",1
"GO:0042554","superoxide anion generation","1/1162","13/18773",0.0769230769230769,1.24275122467894,0.224896665866696,0.564352461004289,0.933598409886118,0.856031549308108,"cyba",1
"GO:0042572","retinol metabolic process","1/1162","13/18773",0.0769230769230769,1.24275122467894,0.224896665866696,0.564352461004289,0.933598409886118,0.856031549308108,"rdh10b",1
"GO:0042573","retinoic acid metabolic process","1/1162","13/18773",0.0769230769230769,1.24275122467894,0.224896665866696,0.564352461004289,0.933598409886118,0.856031549308108,"rcor1",1
"GO:0043174","nucleoside salvage","1/1162","13/18773",0.0769230769230769,1.24275122467894,0.224896665866696,0.564352461004289,0.933598409886118,0.856031549308108,"dnph1",1
"GO:0043248","proteasome assembly","1/1162","13/18773",0.0769230769230769,1.24275122467894,0.224896665866696,0.564352461004289,0.933598409886118,0.856031549308108,"psmg3",1
"GO:0045661","regulation of myoblast differentiation","1/1162","13/18773",0.0769230769230769,1.24275122467894,0.224896665866696,0.564352461004289,0.933598409886118,0.856031549308108,"rbm24a",1
"GO:0045667","regulation of osteoblast differentiation","1/1162","13/18773",0.0769230769230769,1.24275122467894,0.224896665866696,0.564352461004289,0.933598409886118,0.856031549308108,"atraid",1
"GO:0046636","negative regulation of alpha-beta T cell activation","1/1162","13/18773",0.0769230769230769,1.24275122467894,0.224896665866696,0.564352461004289,0.933598409886118,0.856031549308108,"loxl3b",1
"GO:0046949","fatty-acyl-CoA biosynthetic process","1/1162","13/18773",0.0769230769230769,1.24275122467894,0.224896665866696,0.564352461004289,0.933598409886118,0.856031549308108,"elovl1b",1
"GO:0048199","vesicle targeting, to, from or within Golgi","1/1162","13/18773",0.0769230769230769,1.24275122467894,0.224896665866696,0.564352461004289,0.933598409886118,0.856031549308108,"pef1",1
"GO:0048898","anterior lateral line system development","1/1162","13/18773",0.0769230769230769,1.24275122467894,0.224896665866696,0.564352461004289,0.933598409886118,0.856031549308108,"lrp5",1
"GO:0050853","B cell receptor signaling pathway","1/1162","13/18773",0.0769230769230769,1.24275122467894,0.224896665866696,0.564352461004289,0.933598409886118,0.856031549308108,"si:dkey-52l18.4",1
"GO:0060158","phospholipase C-activating dopamine receptor signaling pathway","1/1162","13/18773",0.0769230769230769,1.24275122467894,0.224896665866696,0.564352461004289,0.933598409886118,0.856031549308108,"gna11b",1
"GO:0062013","positive regulation of small molecule metabolic process","1/1162","13/18773",0.0769230769230769,1.24275122467894,0.224896665866696,0.564352461004289,0.933598409886118,0.856031549308108,"ppardb",1
"GO:0071356","cellular response to tumor necrosis factor","1/1162","13/18773",0.0769230769230769,1.24275122467894,0.224896665866696,0.564352461004289,0.933598409886118,0.856031549308108,"cpne1",1
"GO:0072498","embryonic skeletal joint development","1/1162","13/18773",0.0769230769230769,1.24275122467894,0.224896665866696,0.564352461004289,0.933598409886118,0.856031549308108,"sema3d",1
"GO:0090087","regulation of peptide transport","1/1162","13/18773",0.0769230769230769,1.24275122467894,0.224896665866696,0.564352461004289,0.933598409886118,0.856031549308108,"uqcc2",1
"GO:0090162","establishment of epithelial cell polarity","1/1162","13/18773",0.0769230769230769,1.24275122467894,0.224896665866696,0.564352461004289,0.933598409886118,0.856031549308108,"sipa1l3",1
"GO:0090276","regulation of peptide hormone secretion","1/1162","13/18773",0.0769230769230769,1.24275122467894,0.224896665866696,0.564352461004289,0.933598409886118,0.856031549308108,"uqcc2",1
"GO:0090594","inflammatory response to wounding","1/1162","13/18773",0.0769230769230769,1.24275122467894,0.224896665866696,0.564352461004289,0.933598409886118,0.856031549308108,"myd88",1
"GO:1901797","negative regulation of signal transduction by p53 class mediator","1/1162","13/18773",0.0769230769230769,1.24275122467894,0.224896665866696,0.564352461004289,0.933598409886118,0.856031549308108,"rnf2",1
"GO:1902117","positive regulation of organelle assembly","1/1162","13/18773",0.0769230769230769,1.24275122467894,0.224896665866696,0.564352461004289,0.933598409886118,0.856031549308108,"pan3",1
"GO:1902253","regulation of intrinsic apoptotic signaling pathway by p53 class mediator","1/1162","13/18773",0.0769230769230769,1.24275122467894,0.224896665866696,0.564352461004289,0.933598409886118,0.856031549308108,"rnf2",1
"GO:0022408","negative regulation of cell-cell adhesion","4/1162","64/18773",0.0625,1.00973537005164,0.0200393436022,0.565346429186458,0.933598409886118,0.856031549308108,"ythdf2/tet2/loxl3b/mettl3",4
"GO:0001816","cytokine production","5/1162","81/18773",0.0617283950617284,0.997269501285565,-0.00632590882149634,0.567963229618092,0.933598409886118,0.856031549308108,"hic1l/zbtb16a/sulf2b/aep1/n4bp1",5
"GO:0060627","regulation of vesicle-mediated transport","9/1162","148/18773",0.0608108108108108,0.982445224915105,-0.0550737076443963,0.570737054572929,0.933598409886118,0.856031549308108,"smap1/rap1aa/lgals3b/ezrb/rab11fip3/tmem251/ralab/cacna1ha/syt2a",9
"GO:0046434","organophosphate catabolic process","8/1162","132/18773",0.0606060606060606,0.979137328534919,-0.0617857908122627,0.576245889418829,0.933598409886118,0.856031549308108,"aldoaa/gapdhs/bpgm/dnph1/pgam1a/tpi1b/eno3/eno1a",8
"GO:0007409","axonogenesis","27/1162","446/18773",0.0605381165919283,0.978039640946875,-0.120566736132232,0.576658105884542,0.933598409886118,0.856031549308108,"aldoaa/exosc8/hnrnpr/dbnlb/tmem59l/pbx4/mycbp2/reep1/dag1/foxc1a/rac1b/sema4c/dock7/ssna1/kif22/elp3/scrib/kif5ba/ubap1/ascc1/pard6gb/hif1ab/rbpms2b/plod3/pin1/kifbp/sema3d",27
"GO:0001932","regulation of protein phosphorylation","3/1162","48/18773",0.0625,1.00973537005164,0.0173471645430397,0.577600629069869,0.933598409886118,0.856031549308108,"prrc1/prkar1aa/cnppd1",3
"GO:0030042","actin filament depolymerization","3/1162","48/18773",0.0625,1.00973537005164,0.0173471645430397,0.577600629069869,0.933598409886118,0.856031549308108,"add1/cfl2/cfl1l",3
"GO:0031290","retinal ganglion cell axon guidance","3/1162","48/18773",0.0625,1.00973537005164,0.0173471645430397,0.577600629069869,0.933598409886118,0.856031549308108,"mycbp2/rbpms2b/sema3d",3
"GO:0045787","positive regulation of cell cycle","3/1162","48/18773",0.0625,1.00973537005164,0.0173471645430397,0.577600629069869,0.933598409886118,0.856031549308108,"ccnd2a/dyrk3/dbf4",3
"GO:0045214","sarcomere organization","4/1162","65/18773",0.0615384615384615,0.994200979743148,-0.0120299535866046,0.577776401543969,0.933598409886118,0.856031549308108,"csrp1a/rbm24a/smyd2a/tnnt3a",4
"GO:0050905","neuromuscular process","4/1162","65/18773",0.0615384615384615,0.994200979743148,-0.0120299535866046,0.577776401543969,0.933598409886118,0.856031549308108,"stx4/mycbp2/reep1/get1",4
"GO:0006778","porphyrin-containing compound metabolic process","2/1162","31/18773",0.0645161290322581,1.04230747876298,0.0605558847165231,0.580052124024142,0.933598409886118,0.856031549308108,"snx3/iba57",2
"GO:0007131","reciprocal meiotic recombination","2/1162","31/18773",0.0645161290322581,1.04230747876298,0.0605558847165231,0.580052124024142,0.933598409886118,0.856031549308108,"cenpx/top2a",2
"GO:0007586","digestion","2/1162","31/18773",0.0645161290322581,1.04230747876298,0.0605558847165231,0.580052124024142,0.933598409886118,0.856031549308108,"shank3b/tcf7l2",2
"GO:0017158","regulation of calcium ion-dependent exocytosis","2/1162","31/18773",0.0645161290322581,1.04230747876298,0.0605558847165231,0.580052124024142,0.933598409886118,0.856031549308108,"cacna1ha/syt2a",2
"GO:0043549","regulation of kinase activity","2/1162","31/18773",0.0645161290322581,1.04230747876298,0.0605558847165231,0.580052124024142,0.933598409886118,0.856031549308108,"prrc1/cnppd1",2
"GO:0045859","regulation of protein kinase activity","2/1162","31/18773",0.0645161290322581,1.04230747876298,0.0605558847165231,0.580052124024142,0.933598409886118,0.856031549308108,"prrc1/cnppd1",2
"GO:0051905","establishment of pigment granule localization","2/1162","31/18773",0.0645161290322581,1.04230747876298,0.0605558847165231,0.580052124024142,0.933598409886118,0.856031549308108,"inpp5b/bbs7",2
"GO:0060795","cell fate commitment involved in formation of primary germ layer","2/1162","31/18773",0.0645161290322581,1.04230747876298,0.0605558847165231,0.580052124024142,0.933598409886118,0.856031549308108,"churc1/acvr1ba",2
"GO:0072348","sulfur compound transport","2/1162","31/18773",0.0645161290322581,1.04230747876298,0.0605558847165231,0.580052124024142,0.933598409886118,0.856031549308108,"slc25a11/mfsd12a",2
"GO:0140527","reciprocal homologous recombination","2/1162","31/18773",0.0645161290322581,1.04230747876298,0.0605558847165231,0.580052124024142,0.933598409886118,0.856031549308108,"cenpx/top2a",2
"GO:0048284","organelle fusion","7/1162","116/18773",0.0603448275862069,0.974916909015372,-0.0696074093675444,0.582772190722105,0.933598409886118,0.856031549308108,"arl8ba/stx4/stx3a/mcl1b/vti1b/uvrag/syt2a",7
"GO:0008283","cell population proliferation","27/1162","448/18773",0.0602678571428571,0.973673392549791,-0.144869927048445,0.586205544737549,0.933598409886118,0.856031549308108,"foxo1a/tfec/wls/tgif1/tcf7l1a/nrarpa/hbegfa/atg13/asxl1/si:dkey-42i9.4/ptpn11b/ythdf2/tet2/hspg2/mob1a/scrib/ghrb/nr2f1a/smyd2a/sav1/arhgef7b/pdgfba/atraid/jcada/klf6a/mettl3/sema3d",27
"GO:0051093","negative regulation of developmental process","9/1162","150/18773",0.06,0.96934595524957,-0.0968221948150103,0.587101664251493,0.933598409886118,0.856031549308108,"fdx1/s1pr1/gpr182/wwc3/ythdf2/lpar2a/foxl2b/loxl3b/rbpms2b",9
"GO:0006399","tRNA metabolic process","10/1162","167/18773",0.0598802395209581,0.967411132983602,-0.108659403748269,0.58932240502735,0.933598409886118,0.856031549308108,"exosc8/nat10/dtd1/dus4l/thumpd1/lsm6/elp3/trmt11/trmt12/ptcd1",10
"GO:0006637","acyl-CoA metabolic process","4/1162","66/18773",0.0606060606060606,0.979137328534919,-0.043612013913621,0.590001196669421,0.933598409886118,0.856031549308108,"bckdk/pdha1a/acot15/elovl1b",4
"GO:0016482","cytosolic transport","4/1162","66/18773",0.0606060606060606,0.979137328534919,-0.043612013913621,0.590001196669421,0.933598409886118,0.856031549308108,"arl1/snx3/tbc1d23/vti1b",4
"GO:0035383","thioester metabolic process","4/1162","66/18773",0.0606060606060606,0.979137328534919,-0.043612013913621,0.590001196669421,0.933598409886118,0.856031549308108,"bckdk/pdha1a/acot15/elovl1b",4
"GO:0042445","hormone metabolic process","4/1162","66/18773",0.0606060606060606,0.979137328534919,-0.043612013913621,0.590001196669421,0.933598409886118,0.856031549308108,"hsd17b12b/ece1/rcor1/rdh10b",4
"GO:0050727","regulation of inflammatory response","4/1162","66/18773",0.0606060606060606,0.979137328534919,-0.043612013913621,0.590001196669421,0.933598409886118,0.856031549308108,"uacaa/brd4/dpp9/ppardb",4
"GO:0062012","regulation of small molecule metabolic process","4/1162","66/18773",0.0606060606060606,0.979137328534919,-0.043612013913621,0.590001196669421,0.933598409886118,0.856031549308108,"bckdk/si:dkeyp-120h9.1/rcor1/ppardb",4
"GO:1901698","response to nitrogen compound","16/1162","267/18773",0.0599250936329588,0.968135785517673,-0.134700403518942,0.590227277514939,0.933598409886118,0.856031549308108,"p2rx1/pik3r1/gsk3ab/man1a1/tmub1/rap1aa/jkamp/derl1/pik3r2/rnft1/ghrb/rab13/gna11b/pik3r3b/aup1/tmub2",16
"GO:0001710","mesodermal cell fate commitment","1/1162","14/18773",0.0714285714285714,1.15398328005901,0.148046815757352,0.591336599613725,0.933598409886118,0.856031549308108,"churc1",1
"GO:0002700","regulation of production of molecular mediator of immune response","1/1162","14/18773",0.0714285714285714,1.15398328005901,0.148046815757352,0.591336599613725,0.933598409886118,0.856031549308108,"kmt5b",1
"GO:0006278","RNA-templated DNA biosynthetic process","1/1162","14/18773",0.0714285714285714,1.15398328005901,0.148046815757352,0.591336599613725,0.933598409886118,0.856031549308108,"terfa",1
"GO:0006298","mismatch repair","1/1162","14/18773",0.0714285714285714,1.15398328005901,0.148046815757352,0.591336599613725,0.933598409886118,0.856031549308108,"rnaseh2a",1
"GO:0006308","DNA catabolic process","1/1162","14/18773",0.0714285714285714,1.15398328005901,0.148046815757352,0.591336599613725,0.933598409886118,0.856031549308108,"dnase1l4.1",1
"GO:0006525","arginine metabolic process","1/1162","14/18773",0.0714285714285714,1.15398328005901,0.148046815757352,0.591336599613725,0.933598409886118,0.856031549308108,"si:dkeyp-120h9.1",1
"GO:0006577","amino-acid betaine metabolic process","1/1162","14/18773",0.0714285714285714,1.15398328005901,0.148046815757352,0.591336599613725,0.933598409886118,0.856031549308108,"aldh9a1a.1",1
"GO:0006882","intracellular zinc ion homeostasis","1/1162","14/18773",0.0714285714285714,1.15398328005901,0.148046815757352,0.591336599613725,0.933598409886118,0.856031549308108,"metap1",1
"GO:0007004","telomere maintenance via telomerase","1/1162","14/18773",0.0714285714285714,1.15398328005901,0.148046815757352,0.591336599613725,0.933598409886118,0.856031549308108,"terfa",1
"GO:0007080","mitotic metaphase chromosome alignment","1/1162","14/18773",0.0714285714285714,1.15398328005901,0.148046815757352,0.591336599613725,0.933598409886118,0.856031549308108,"mad1l1",1
"GO:0007351","tripartite regional subdivision","1/1162","14/18773",0.0714285714285714,1.15398328005901,0.148046815757352,0.591336599613725,0.933598409886118,0.856031549308108,"dctn2",1
"GO:0008595","anterior/posterior axis specification, embryo","1/1162","14/18773",0.0714285714285714,1.15398328005901,0.148046815757352,0.591336599613725,0.933598409886118,0.856031549308108,"dctn2",1
"GO:0009070","serine family amino acid biosynthetic process","1/1162","14/18773",0.0714285714285714,1.15398328005901,0.148046815757352,0.591336599613725,0.933598409886118,0.856031549308108,"cth",1
"GO:0016114","terpenoid biosynthetic process","1/1162","14/18773",0.0714285714285714,1.15398328005901,0.148046815757352,0.591336599613725,0.933598409886118,0.856031549308108,"rcor1",1
"GO:0018149","peptide cross-linking","1/1162","14/18773",0.0714285714285714,1.15398328005901,0.148046815757352,0.591336599613725,0.933598409886118,0.856031549308108,"tgm1l1",1
"GO:0021511","spinal cord patterning","1/1162","14/18773",0.0714285714285714,1.15398328005901,0.148046815757352,0.591336599613725,0.933598409886118,0.856031549308108,"rnf220a",1
"GO:0031632","positive regulation of synaptic vesicle fusion to presynaptic active zone membrane","1/1162","14/18773",0.0714285714285714,1.15398328005901,0.148046815757352,0.591336599613725,0.933598409886118,0.856031549308108,"syt2a",1
"GO:0032836","glomerular basement membrane development","1/1162","14/18773",0.0714285714285714,1.15398328005901,0.148046815757352,0.591336599613725,0.933598409886118,0.856031549308108,"sulf2b",1
"GO:0042771","intrinsic apoptotic signaling pathway in response to DNA damage by p53 class mediator","1/1162","14/18773",0.0714285714285714,1.15398328005901,0.148046815757352,0.591336599613725,0.933598409886118,0.856031549308108,"uri1",1
"GO:0043001","Golgi to plasma membrane protein transport","1/1162","14/18773",0.0714285714285714,1.15398328005901,0.148046815757352,0.591336599613725,0.933598409886118,0.856031549308108,"nsfb",1
"GO:0043153","entrainment of circadian clock by photoperiod","1/1162","14/18773",0.0714285714285714,1.15398328005901,0.148046815757352,0.591336599613725,0.933598409886118,0.856031549308108,"cry2",1
"GO:0045646","regulation of erythrocyte differentiation","1/1162","14/18773",0.0714285714285714,1.15398328005901,0.148046815757352,0.591336599613725,0.933598409886118,0.856031549308108,"lpar2a",1
"GO:0045921","positive regulation of exocytosis","1/1162","14/18773",0.0714285714285714,1.15398328005901,0.148046815757352,0.591336599613725,0.933598409886118,0.856031549308108,"cacna1ha",1
"GO:0046164","alcohol catabolic process","1/1162","14/18773",0.0714285714285714,1.15398328005901,0.148046815757352,0.591336599613725,0.933598409886118,0.856031549308108,"tpi1b",1
"GO:0046427","positive regulation of receptor signaling pathway via JAK-STAT","1/1162","14/18773",0.0714285714285714,1.15398328005901,0.148046815757352,0.591336599613725,0.933598409886118,0.856031549308108,"ghrb",1
"GO:0046500","S-adenosylmethionine metabolic process","1/1162","14/18773",0.0714285714285714,1.15398328005901,0.148046815757352,0.591336599613725,0.933598409886118,0.856031549308108,"enoph1",1
"GO:0048670","regulation of collateral sprouting","1/1162","14/18773",0.0714285714285714,1.15398328005901,0.148046815757352,0.591336599613725,0.933598409886118,0.856031549308108,"pard6gb",1
"GO:0048892","lateral line nerve development","1/1162","14/18773",0.0714285714285714,1.15398328005901,0.148046815757352,0.591336599613725,0.933598409886118,0.856031549308108,"kifbp",1
"GO:0050679","positive regulation of epithelial cell proliferation","1/1162","14/18773",0.0714285714285714,1.15398328005901,0.148046815757352,0.591336599613725,0.933598409886118,0.856031549308108,"jcada",1
"GO:0055117","regulation of cardiac muscle contraction","1/1162","14/18773",0.0714285714285714,1.15398328005901,0.148046815757352,0.591336599613725,0.933598409886118,0.856031549308108,"erp44",1
"GO:0061300","cerebellum vasculature development","1/1162","14/18773",0.0714285714285714,1.15398328005901,0.148046815757352,0.591336599613725,0.933598409886118,0.856031549308108,"foxc1a",1
"GO:0071025","RNA surveillance","1/1162","14/18773",0.0714285714285714,1.15398328005901,0.148046815757352,0.591336599613725,0.933598409886118,0.856031549308108,"exosc8",1
"GO:0097006","regulation of plasma lipoprotein particle levels","1/1162","14/18773",0.0714285714285714,1.15398328005901,0.148046815757352,0.591336599613725,0.933598409886118,0.856031549308108,"apoeb",1
"GO:0099502","calcium-dependent activation of synaptic vesicle fusion","1/1162","14/18773",0.0714285714285714,1.15398328005901,0.148046815757352,0.591336599613725,0.933598409886118,0.856031549308108,"syt2a",1
"GO:1901534","positive regulation of hematopoietic progenitor cell differentiation","1/1162","14/18773",0.0714285714285714,1.15398328005901,0.148046815757352,0.591336599613725,0.933598409886118,0.856031549308108,"myd88",1
"GO:1901634","positive regulation of synaptic vesicle membrane organization","1/1162","14/18773",0.0714285714285714,1.15398328005901,0.148046815757352,0.591336599613725,0.933598409886118,0.856031549308108,"syt2a",1
"GO:1902275","regulation of chromatin organization","1/1162","14/18773",0.0714285714285714,1.15398328005901,0.148046815757352,0.591336599613725,0.933598409886118,0.856031549308108,"phf2",1
"GO:1902358","sulfate transmembrane transport","1/1162","14/18773",0.0714285714285714,1.15398328005901,0.148046815757352,0.591336599613725,0.933598409886118,0.856031549308108,"slc25a11",1
"GO:1903076","regulation of protein localization to plasma membrane","1/1162","14/18773",0.0714285714285714,1.15398328005901,0.148046815757352,0.591336599613725,0.933598409886118,0.856031549308108,"vti1b",1
"GO:1904894","positive regulation of receptor signaling pathway via STAT","1/1162","14/18773",0.0714285714285714,1.15398328005901,0.148046815757352,0.591336599613725,0.933598409886118,0.856031549308108,"ghrb",1
"GO:0006576","biogenic amine metabolic process","3/1162","49/18773",0.0612244897959184,0.989128525764867,-0.0195728240930474,0.591771723680758,0.933598409886118,0.856031549308108,"sult1st1/gde1/srm",3
"GO:0007254","JNK cascade","3/1162","49/18773",0.0612244897959184,0.989128525764867,-0.0195728240930474,0.591771723680758,0.933598409886118,0.856031549308108,"pigp/csrp1a/tnfrsf19",3
"GO:0030217","T cell differentiation","3/1162","49/18773",0.0612244897959184,0.989128525764867,-0.0195728240930474,0.591771723680758,0.933598409886118,0.856031549308108,"brd4/loxl3b/mettl3",3
"GO:0034728","nucleosome organization","3/1162","49/18773",0.0612244897959184,0.989128525764867,-0.0195728240930474,0.591771723680758,0.933598409886118,0.856031549308108,"chd2/nap1l4b/chaf1b",3
"GO:0060972","left/right pattern formation","19/1162","317/18773",0.0599369085173502,0.968326664024281,-0.146090163861914,0.591814346829305,0.933598409886118,0.856031549308108,"yap1/cxxc5a/gsk3ab/vdrb/foxc1a/rbpjb/cemip2/smad5/bmpr2b/rbm24a/gmnn/zfpm1/skia/dnmt3ba/atp6v0d1/grk5l/bnip3lb/tcf7l2/bbs7",19
"GO:0006865","amino acid transport","7/1162","117/18773",0.0598290598290598,0.966584285861394,-0.0931323881713744,0.59195329612547,0.933598409886118,0.856031549308108,"slc25a18/si:dkeyp-120h9.1/slc36a4/lrrc8aa/sfxn2/mfsd12a/sfxn4",7
"GO:0072521","purine-containing compound metabolic process","20/1162","334/18773",0.0598802395209581,0.967411132983602,-0.154361909246621,0.594241084426167,0.933598409886118,0.856031549308108,"aldoaa/gapdhs/bpgm/atp5mea/bckdk/atp6v1aa/pdha1a/acot15/pgam1a/tpi1b/ak3/elovl1b/pank2/eno3/guk1a/nme7/ak1/ppcs/eno1a/coasy",20
"GO:0022603","regulation of anatomical structure morphogenesis","18/1162","301/18773",0.0598006644518272,0.966125536793591,-0.152182613431414,0.595070766718616,0.933598409886118,0.856031549308108,"bcar1/fdx1/s1pr1/dbnlb/parvaa/pigp/ezrb/rac1b/cemip2/kdr/churc1/alkbh4/basp1/palm1b/nedd4l/pard6gb/hif1ab/rnf2",18
"GO:0050790","regulation of catalytic activity","13/1162","218/18773",0.0596330275229358,0.963417233810735,-0.139553469158196,0.595945313568888,0.933598409886118,0.856031549308108,"prrc1/serpinb1l3/phactr4b/cnppd1/ralgapa2/mcl1b/scrib/becn1/svbp/serpinh2/fzr1a/ppp1r26/ube2s",13
"GO:0001763","morphogenesis of a branching structure","2/1162","32/18773",0.0625,1.00973537005164,0.0141578530807737,0.597534095228992,0.933598409886118,0.856031549308108,"nrarpa/hs6st2",2
"GO:0003206","cardiac chamber morphogenesis","2/1162","32/18773",0.0625,1.00973537005164,0.0141578530807737,0.597534095228992,0.933598409886118,0.856031549308108,"rbfox2/nr2f1a",2
"GO:0006879","intracellular iron ion homeostasis","2/1162","32/18773",0.0625,1.00973537005164,0.0141578530807737,0.597534095228992,0.933598409886118,0.856031549308108,"atp6v0d1/slc40a1",2
"GO:0010324","membrane invagination","2/1162","32/18773",0.0625,1.00973537005164,0.0141578530807737,0.597534095228992,0.933598409886118,0.856031549308108,"fcho2/snx9a",2
"GO:0030866","cortical actin cytoskeleton organization","2/1162","32/18773",0.0625,1.00973537005164,0.0141578530807737,0.597534095228992,0.933598409886118,0.856031549308108,"rab13/rock1",2
"GO:0035088","establishment or maintenance of apical/basal cell polarity","2/1162","32/18773",0.0625,1.00973537005164,0.0141578530807737,0.597534095228992,0.933598409886118,0.856031549308108,"dctn2/scrib",2
"GO:0035825","homologous recombination","2/1162","32/18773",0.0625,1.00973537005164,0.0141578530807737,0.597534095228992,0.933598409886118,0.856031549308108,"cenpx/top2a",2
"GO:0051924","regulation of calcium ion transport","2/1162","32/18773",0.0625,1.00973537005164,0.0141578530807737,0.597534095228992,0.933598409886118,0.856031549308108,"lgals3b/homer3b",2
"GO:0061245","establishment or maintenance of bipolar cell polarity","2/1162","32/18773",0.0625,1.00973537005164,0.0141578530807737,0.597534095228992,0.933598409886118,0.856031549308108,"dctn2/scrib",2
"GO:0061512","protein localization to cilium","2/1162","32/18773",0.0625,1.00973537005164,0.0141578530807737,0.597534095228992,0.933598409886118,0.856031549308108,"rab11fip3/efcab7",2
"GO:0007018","microtubule-based movement","15/1162","252/18773",0.0595238095238095,0.96165273338251,-0.157423221590279,0.600245641516734,0.933598409886118,0.856031549308108,"stau2/rhot1a/arl8a/arl8ba/copg2/dync1li1/kifap3a/kif22/kifap3b/kif5ba/kif26ab/ift52/ift74/kifbp/mettl3",15
"GO:0051276","chromosome organization","15/1162","252/18773",0.0595238095238095,0.96165273338251,-0.157423221590279,0.600245641516734,0.933598409886118,0.856031549308108,"terfa/clasp1a/naa50/mad1l1/hat1/nup98/smc4/rif1/cntrl/cenpx/tinf2/dlgap5/prc1a/top2a/xrcc6",15
"GO:0072006","nephron development","6/1162","101/18773",0.0594059405940594,0.959748470544128,-0.104187107938827,0.600513020782843,0.933598409886118,0.856031549308108,"foxc1a/rbpjb/sulf2b/cd2ap/bnc2/ift74",6
"GO:0022900","electron transport chain","5/1162","84/18773",0.0595238095238095,0.96165273338251,-0.0904789083903192,0.600673785047144,0.933598409886118,0.856031549308108,"fdx1/slc25a18/cox6c/ndufa7/uqcrq",5
"GO:0120032","regulation of plasma membrane bounded cell projection assembly","4/1162","67/18773",0.0597014925373134,0.964523338556786,-0.074723293931329,0.602015350913807,0.933598409886118,0.856031549308108,"ezrb/rab11fip3/grk5l/ift74",4
"GO:0030166","proteoglycan biosynthetic process","3/1162","50/18773",0.06,0.96934595524957,-0.0557508378881046,0.605631337880731,0.933598409886118,0.856031549308108,"chpf2/hs6st2/glceb",3
"GO:0051302","regulation of cell division","3/1162","50/18773",0.06,0.96934595524957,-0.0557508378881046,0.605631337880731,0.933598409886118,0.856031549308108,"rab11fip3/birc6/chmp4bb",3
"GO:0061387","regulation of extent of cell growth","3/1162","50/18773",0.06,0.96934595524957,-0.0557508378881046,0.605631337880731,0.933598409886118,0.856031549308108,"dbnlb/pard6gb/sema3d",3
"GO:0071482","cellular response to light stimulus","3/1162","50/18773",0.06,0.96934595524957,-0.0557508378881046,0.605631337880731,0.933598409886118,0.856031549308108,"tefa/ercc1/mettl3",3
"GO:0048592","eye morphogenesis","15/1162","253/18773",0.0592885375494071,0.957851734436334,-0.173374733063989,0.606452915153468,0.933598409886118,0.856031549308108,"tfec/pbx4/marcksa/tcf7l1a/phactr4b/dctn2/foxc1a/itga5/adipor1b/kif22/hs6st2/znf644a/lum/rnf2/pim1",15
"GO:0010638","positive regulation of organelle organization","7/1162","119/18773",0.0588235294117647,0.950339171813304,-0.139594330670019,0.610003954214389,0.933598409886118,0.856031549308108,"fam162a/pfn1/pan3/rbm24a/lnpa/rock1/syt2a",7
"GO:0099003","vesicle-mediated transport in synapse","7/1162","119/18773",0.0588235294117647,0.950339171813304,-0.139594330670019,0.610003954214389,0.933598409886118,0.856031549308108,"sh3gl1b/stx3a/rap1aa/git1/fcho2/si:ch211-200p22.4/syt2a",7
"GO:0099504","synaptic vesicle cycle","7/1162","119/18773",0.0588235294117647,0.950339171813304,-0.139594330670019,0.610003954214389,0.933598409886118,0.856031549308108,"sh3gl1b/stx3a/rap1aa/git1/fcho2/si:ch211-200p22.4/syt2a",7
"GO:0072659","protein localization to plasma membrane","6/1162","102/18773",0.0588235294117647,0.950339171813304,-0.129180387398497,0.610194647819474,0.933598409886118,0.856031549308108,"ehd2b/fcho2/scrib/vti1b/rab13/nsfb",6
"GO:0022604","regulation of cell morphogenesis","5/1162","85/18773",0.0588235294117647,0.950339171813304,-0.117871371370933,0.611260470929445,0.933598409886118,0.856031549308108,"dbnlb/parvaa/ezrb/rac1b/palm1b",5
"GO:0060491","regulation of cell projection assembly","4/1162","68/18773",0.0588235294117647,0.950339171813304,-0.105379439986956,0.61381406637575,0.933598409886118,0.856031549308108,"ezrb/rab11fip3/grk5l/ift74",4
"GO:1902904","negative regulation of supramolecular fiber organization","4/1162","68/18773",0.0588235294117647,0.950339171813304,-0.105379439986956,0.61381406637575,0.933598409886118,0.856031549308108,"add1/ssh2a/si:ch211-203d1.3/arpin",4
"GO:0008038","neuron recognition","2/1162","33/18773",0.0606060606060606,0.979137328534919,-0.0308111865857558,0.614463024803927,0.933598409886118,0.856031549308108,"mycbp2/sema3d",2
"GO:0032400","melanosome localization","2/1162","33/18773",0.0606060606060606,0.979137328534919,-0.0308111865857558,0.614463024803927,0.933598409886118,0.856031549308108,"inpp5b/bbs7",2
"GO:0034599","cellular response to oxidative stress","2/1162","33/18773",0.0606060606060606,0.979137328534919,-0.0308111865857558,0.614463024803927,0.933598409886118,0.856031549308108,"reep1/nfe2l2a",2
"GO:0035113","embryonic appendage morphogenesis","2/1162","33/18773",0.0606060606060606,0.979137328534919,-0.0308111865857558,0.614463024803927,0.933598409886118,0.856031549308108,"med12/prdm1a",2
"GO:0035138","pectoral fin morphogenesis","2/1162","33/18773",0.0606060606060606,0.979137328534919,-0.0308111865857558,0.614463024803927,0.933598409886118,0.856031549308108,"med12/prdm1a",2
"GO:0046890","regulation of lipid biosynthetic process","2/1162","33/18773",0.0606060606060606,0.979137328534919,-0.0308111865857558,0.614463024803927,0.933598409886118,0.856031549308108,"ddit3/rcor1",2
"GO:0061318","renal filtration cell differentiation","2/1162","33/18773",0.0606060606060606,0.979137328534919,-0.0308111865857558,0.614463024803927,0.933598409886118,0.856031549308108,"foxc1a/rbpjb",2
"GO:0061326","renal tubule development","2/1162","33/18773",0.0606060606060606,0.979137328534919,-0.0308111865857558,0.614463024803927,0.933598409886118,0.856031549308108,"bnc2/ift74",2
"GO:0070509","calcium ion import","2/1162","33/18773",0.0606060606060606,0.979137328534919,-0.0308111865857558,0.614463024803927,0.933598409886118,0.856031549308108,"lgals3b/cacna1ha",2
"GO:0072010","glomerular epithelium development","2/1162","33/18773",0.0606060606060606,0.979137328534919,-0.0308111865857558,0.614463024803927,0.933598409886118,0.856031549308108,"foxc1a/rbpjb",2
"GO:0072112","podocyte differentiation","2/1162","33/18773",0.0606060606060606,0.979137328534919,-0.0308111865857558,0.614463024803927,0.933598409886118,0.856031549308108,"foxc1a/rbpjb",2
"GO:0072311","glomerular epithelial cell differentiation","2/1162","33/18773",0.0606060606060606,0.979137328534919,-0.0308111865857558,0.614463024803927,0.933598409886118,0.856031549308108,"foxc1a/rbpjb",2
"GO:0000272","polysaccharide catabolic process","1/1162","15/18773",0.0666666666666667,1.07705106138841,0.0766826861548143,0.616650681987458,0.933598409886118,0.856031549308108,"atg3",1
"GO:0001655","urogenital system development","1/1162","15/18773",0.0666666666666667,1.07705106138841,0.0766826861548143,0.616650681987458,0.933598409886118,0.856031549308108,"pard6gb",1
"GO:0005980","glycogen catabolic process","1/1162","15/18773",0.0666666666666667,1.07705106138841,0.0766826861548143,0.616650681987458,0.933598409886118,0.856031549308108,"atg3",1
"GO:0006614","SRP-dependent cotranslational protein targeting to membrane","1/1162","15/18773",0.0666666666666667,1.07705106138841,0.0766826861548143,0.616650681987458,0.933598409886118,0.856031549308108,"sec63",1
"GO:0006767","water-soluble vitamin metabolic process","1/1162","15/18773",0.0666666666666667,1.07705106138841,0.0766826861548143,0.616650681987458,0.933598409886118,0.856031549308108,"thtpa",1
"GO:0007216","G protein-coupled glutamate receptor signaling pathway","1/1162","15/18773",0.0666666666666667,1.07705106138841,0.0766826861548143,0.616650681987458,0.933598409886118,0.856031549308108,"homer3b",1
"GO:0007350","blastoderm segmentation","1/1162","15/18773",0.0666666666666667,1.07705106138841,0.0766826861548143,0.616650681987458,0.933598409886118,0.856031549308108,"dctn2",1
"GO:0007413","axonal fasciculation","1/1162","15/18773",0.0666666666666667,1.07705106138841,0.0766826861548143,0.616650681987458,0.933598409886118,0.856031549308108,"sema3d",1
"GO:0009251","glucan catabolic process","1/1162","15/18773",0.0666666666666667,1.07705106138841,0.0766826861548143,0.616650681987458,0.933598409886118,0.856031549308108,"atg3",1
"GO:0009262","deoxyribonucleotide metabolic process","1/1162","15/18773",0.0666666666666667,1.07705106138841,0.0766826861548143,0.616650681987458,0.933598409886118,0.856031549308108,"rrm1",1
"GO:0010043","response to zinc ion","1/1162","15/18773",0.0666666666666667,1.07705106138841,0.0766826861548143,0.616650681987458,0.933598409886118,0.856031549308108,"hvcn1",1
"GO:0031641","regulation of myelination","1/1162","15/18773",0.0666666666666667,1.07705106138841,0.0766826861548143,0.616650681987458,0.933598409886118,0.856031549308108,"fbxw7",1
"GO:0032292","peripheral nervous system axon ensheathment","1/1162","15/18773",0.0666666666666667,1.07705106138841,0.0766826861548143,0.616650681987458,0.933598409886118,0.856031549308108,"dock1",1
"GO:0034315","regulation of Arp2/3 complex-mediated actin nucleation","1/1162","15/18773",0.0666666666666667,1.07705106138841,0.0766826861548143,0.616650681987458,0.933598409886118,0.856031549308108,"arfip1",1
"GO:0034767","positive regulation of monoatomic ion transmembrane transport","1/1162","15/18773",0.0666666666666667,1.07705106138841,0.0766826861548143,0.616650681987458,0.933598409886118,0.856031549308108,"fxyd6l",1
"GO:0035268","protein mannosylation","1/1162","15/18773",0.0666666666666667,1.07705106138841,0.0766826861548143,0.616650681987458,0.933598409886118,0.856031549308108,"tmtc3",1
"GO:0035269","protein O-linked mannosylation","1/1162","15/18773",0.0666666666666667,1.07705106138841,0.0766826861548143,0.616650681987458,0.933598409886118,0.856031549308108,"tmtc3",1
"GO:0042559","pteridine-containing compound biosynthetic process","1/1162","15/18773",0.0666666666666667,1.07705106138841,0.0766826861548143,0.616650681987458,0.933598409886118,0.856031549308108,"gch1",1
"GO:0046653","tetrahydrofolate metabolic process","1/1162","15/18773",0.0666666666666667,1.07705106138841,0.0766826861548143,0.616650681987458,0.933598409886118,0.856031549308108,"gch1",1
"GO:0048640","negative regulation of developmental growth","1/1162","15/18773",0.0666666666666667,1.07705106138841,0.0766826861548143,0.616650681987458,0.933598409886118,0.856031549308108,"wwc3",1
"GO:0048742","regulation of skeletal muscle fiber development","1/1162","15/18773",0.0666666666666667,1.07705106138841,0.0766826861548143,0.616650681987458,0.933598409886118,0.856031549308108,"hnrnpl2",1
"GO:0060997","dendritic spine morphogenesis","1/1162","15/18773",0.0666666666666667,1.07705106138841,0.0766826861548143,0.616650681987458,0.933598409886118,0.856031549308108,"dbnlb",1
"GO:0071763","nuclear membrane organization","1/1162","15/18773",0.0666666666666667,1.07705106138841,0.0766826861548143,0.616650681987458,0.933598409886118,0.856031549308108,"tor1",1
"GO:0072662","protein localization to peroxisome","1/1162","15/18773",0.0666666666666667,1.07705106138841,0.0766826861548143,0.616650681987458,0.933598409886118,0.856031549308108,"pex19",1
"GO:0072663","establishment of protein localization to peroxisome","1/1162","15/18773",0.0666666666666667,1.07705106138841,0.0766826861548143,0.616650681987458,0.933598409886118,0.856031549308108,"pex19",1
"GO:0097502","mannosylation","1/1162","15/18773",0.0666666666666667,1.07705106138841,0.0766826861548143,0.616650681987458,0.933598409886118,0.856031549308108,"tmtc3",1
"GO:0106030","neuron projection fasciculation","1/1162","15/18773",0.0666666666666667,1.07705106138841,0.0766826861548143,0.616650681987458,0.933598409886118,0.856031549308108,"sema3d",1
"GO:1901992","positive regulation of mitotic cell cycle phase transition","1/1162","15/18773",0.0666666666666667,1.07705106138841,0.0766826861548143,0.616650681987458,0.933598409886118,0.856031549308108,"ccnd2a",1
"GO:1903531","negative regulation of secretion by cell","1/1162","15/18773",0.0666666666666667,1.07705106138841,0.0766826861548143,0.616650681987458,0.933598409886118,0.856031549308108,"rap1aa",1
"GO:1903708","positive regulation of hemopoiesis","1/1162","15/18773",0.0666666666666667,1.07705106138841,0.0766826861548143,0.616650681987458,0.933598409886118,0.856031549308108,"brd4",1
"GO:1904064","positive regulation of cation transmembrane transport","1/1162","15/18773",0.0666666666666667,1.07705106138841,0.0766826861548143,0.616650681987458,0.933598409886118,0.856031549308108,"fxyd6l",1
"GO:0090066","regulation of anatomical structure size","14/1162","238/18773",0.0588235294117647,0.950339171813304,-0.198048915940715,0.617266253447434,0.933598409886118,0.856031549308108,"dbnlb/arhgap5/plekhg2/pfn1/arpc5la/add1/fam49bb/ssh2a/hspb1/pard6gb/acvrl1/hax1/si:ch211-203d1.3/sema3d",14
"GO:0009451","RNA modification","7/1162","120/18773",0.0583333333333333,0.942419678714859,-0.162538665597937,0.618867729648863,0.933598409886118,0.856031549308108,"nat10/dus4l/thumpd1/elp3/cmtr1/trmt12/mettl3",7
"GO:0002768","immune response-regulating cell surface receptor signaling pathway","3/1162","51/18773",0.0588235294117647,0.950339171813304,-0.0912198290044146,0.619174743930349,0.933598409886118,0.856031549308108,"si:dkey-52l18.4/csk/myd88",3
"GO:0009201","ribonucleoside triphosphate biosynthetic process","3/1162","51/18773",0.0588235294117647,0.950339171813304,-0.0912198290044146,0.619174743930349,0.933598409886118,0.856031549308108,"atp5mea/uck2a/nme7",3
"GO:0044839","cell cycle G2/M phase transition","3/1162","51/18773",0.0588235294117647,0.950339171813304,-0.0912198290044146,0.619174743930349,0.933598409886118,0.856031549308108,"dyrk3/chmp4bb/cdk2",3
"GO:0061025","membrane fusion","6/1162","103/18773",0.058252427184466,0.941112577912204,-0.15393427276314,0.619744999155304,0.933598409886118,0.856031549308108,"arl8ba/stx4/stx3a/vti1b/uvrag/syt2a",6
"GO:1903530","regulation of secretion by cell","6/1162","103/18773",0.058252427184466,0.941112577912204,-0.15393427276314,0.619744999155304,0.933598409886118,0.856031549308108,"uqcc2/rap1aa/caskb/ralab/cacna1ha/syt2a",6
"GO:0048593","camera-type eye morphogenesis","12/1162","205/18773",0.0585365853658537,0.94570337097519,-0.200786062248611,0.621276650034481,0.933598409886118,0.856031549308108,"tfec/pbx4/marcksa/tcf7l1a/phactr4b/foxc1a/itga5/adipor1b/znf644a/lum/rnf2/pim1",12
"GO:0009165","nucleotide biosynthetic process","9/1162","155/18773",0.0580645161290323,0.93807673088668,-0.198847227628529,0.626682240172265,0.933598409886118,0.856031549308108,"atp5mea/uck2a/cmpk/rrm1/dhodh/ak3/nme7/cad/ak1",9
"GO:0043065","positive regulation of apoptotic process","8/1162","138/18773",0.0579710144927536,0.936566140337749,-0.192115457769359,0.62687901959575,0.933598409886118,0.856031549308108,"nck1a/gsk3ab/ing4/mcl1b/scrib/sav1/badb/bnip3lb",8
"GO:0043068","positive regulation of programmed cell death","8/1162","138/18773",0.0579710144927536,0.936566140337749,-0.192115457769359,0.62687901959575,0.933598409886118,0.856031549308108,"nck1a/gsk3ab/ing4/mcl1b/scrib/sav1/badb/bnip3lb",8
"GO:0009066","aspartate family amino acid metabolic process","2/1162","34/18773",0.0588235294117647,0.950339171813304,-0.0744468864347181,0.630840341378771,0.933598409886118,0.856031549308108,"enoph1/nit2",2
"GO:0009126","purine nucleoside monophosphate metabolic process","2/1162","34/18773",0.0588235294117647,0.950339171813304,-0.0744468864347181,0.630840341378771,0.933598409886118,0.856031549308108,"ak3/ak1",2
"GO:0009167","purine ribonucleoside monophosphate metabolic process","2/1162","34/18773",0.0588235294117647,0.950339171813304,-0.0744468864347181,0.630840341378771,0.933598409886118,0.856031549308108,"ak3/ak1",2
"GO:0019226","transmission of nerve impulse","2/1162","34/18773",0.0588235294117647,0.950339171813304,-0.0744468864347181,0.630840341378771,0.933598409886118,0.856031549308108,"depdc5/cacna1ha",2
"GO:0030223","neutrophil differentiation","2/1162","34/18773",0.0588235294117647,0.950339171813304,-0.0744468864347181,0.630840341378771,0.933598409886118,0.856031549308108,"asxl1/hax1",2
"GO:0050000","chromosome localization","2/1162","34/18773",0.0588235294117647,0.950339171813304,-0.0744468864347181,0.630840341378771,0.933598409886118,0.856031549308108,"mad1l1/nup98",2
"GO:0071600","otic vesicle morphogenesis","2/1162","34/18773",0.0588235294117647,0.950339171813304,-0.0744468864347181,0.630840341378771,0.933598409886118,0.856031549308108,"smad5/sparc",2
"GO:0099072","regulation of postsynaptic membrane neurotransmitter receptor levels","2/1162","34/18773",0.0588235294117647,0.950339171813304,-0.0744468864347181,0.630840341378771,0.933598409886118,0.856031549308108,"stx3a/scrib",2
"GO:0000280","nuclear division","10/1162","173/18773",0.0578034682080925,0.933859301781859,-0.224492420704691,0.634162531974041,0.933598409886118,0.856031549308108,"clasp1a/mad1l1/smc4/mcl1b/cntrl/cenpx/prc1a/top2a/ube2s/swap70b",10
"GO:0006887","exocytosis","10/1162","173/18773",0.0578034682080925,0.933859301781859,-0.224492420704691,0.634162531974041,0.933598409886118,0.856031549308108,"stx4/stx3a/rap1aa/sdf4/rab13/rab12/ralab/cacna1ha/exoc4/syt2a",10
"GO:0002460","adaptive immune response based on somatic recombination of immune receptors built from immunoglobulin superfamily domains","4/1162","70/18773",0.0571428571428571,0.923186624047209,-0.165385170048994,0.636749153442377,0.933598409886118,0.856031549308108,"rnf168/kmt5b/brd4/loxl3b",4
"GO:0008360","regulation of cell shape","4/1162","70/18773",0.0571428571428571,0.923186624047209,-0.165385170048994,0.636749153442377,0.933598409886118,0.856031549308108,"parvaa/ezrb/rac1b/palm1b",4
"GO:0048477","oogenesis","4/1162","70/18773",0.0571428571428571,0.923186624047209,-0.165385170048994,0.636749153442377,0.933598409886118,0.856031549308108,"dctn2/ythdf2/smad2/mettl3",4
"GO:0001936","regulation of endothelial cell proliferation","1/1162","16/18773",0.0625,1.00973537005164,0.0100068431949736,0.64039798487319,0.933598409886118,0.856031549308108,"jcada",1
"GO:0002098","tRNA wobble uridine modification","1/1162","16/18773",0.0625,1.00973537005164,0.0100068431949736,0.64039798487319,0.933598409886118,0.856031549308108,"elp3",1
"GO:0006346","DNA methylation-dependent heterochromatin formation","1/1162","16/18773",0.0625,1.00973537005164,0.0100068431949736,0.64039798487319,0.933598409886118,0.856031549308108,"mbd1a",1
"GO:0006353","DNA-templated transcription termination","1/1162","16/18773",0.0625,1.00973537005164,0.0100068431949736,0.64039798487319,0.933598409886118,0.856031549308108,"ssu72",1
"GO:0006613","cotranslational protein targeting to membrane","1/1162","16/18773",0.0625,1.00973537005164,0.0100068431949736,0.64039798487319,0.933598409886118,0.856031549308108,"sec63",1
"GO:0006883","intracellular sodium ion homeostasis","1/1162","16/18773",0.0625,1.00973537005164,0.0100068431949736,0.64039798487319,0.933598409886118,0.856031549308108,"atp6v1aa",1
"GO:0006942","regulation of striated muscle contraction","1/1162","16/18773",0.0625,1.00973537005164,0.0100068431949736,0.64039798487319,0.933598409886118,0.856031549308108,"erp44",1
"GO:0007094","mitotic spindle assembly checkpoint signaling","1/1162","16/18773",0.0625,1.00973537005164,0.0100068431949736,0.64039798487319,0.933598409886118,0.856031549308108,"mad1l1",1
"GO:0008645","hexose transmembrane transport","1/1162","16/18773",0.0625,1.00973537005164,0.0100068431949736,0.64039798487319,0.933598409886118,0.856031549308108,"akt2",1
"GO:0009067","aspartate family amino acid biosynthetic process","1/1162","16/18773",0.0625,1.00973537005164,0.0100068431949736,0.64039798487319,0.933598409886118,0.856031549308108,"enoph1",1
"GO:0014823","response to activity","1/1162","16/18773",0.0625,1.00973537005164,0.0100068431949736,0.64039798487319,0.933598409886118,0.856031549308108,"myhz2",1
"GO:0030330","DNA damage response, signal transduction by p53 class mediator","1/1162","16/18773",0.0625,1.00973537005164,0.0100068431949736,0.64039798487319,0.933598409886118,0.856031549308108,"smyd2a",1
"GO:0030497","fatty acid elongation","1/1162","16/18773",0.0625,1.00973537005164,0.0100068431949736,0.64039798487319,0.933598409886118,0.856031549308108,"elovl1b",1
"GO:0030852","regulation of granulocyte differentiation","1/1162","16/18773",0.0625,1.00973537005164,0.0100068431949736,0.64039798487319,0.933598409886118,0.856031549308108,"asxl1",1
"GO:0031577","spindle checkpoint signaling","1/1162","16/18773",0.0625,1.00973537005164,0.0100068431949736,0.64039798487319,0.933598409886118,0.856031549308108,"mad1l1",1
"GO:0033046","negative regulation of sister chromatid segregation","1/1162","16/18773",0.0625,1.00973537005164,0.0100068431949736,0.64039798487319,0.933598409886118,0.856031549308108,"mad1l1",1
"GO:0033048","negative regulation of mitotic sister chromatid segregation","1/1162","16/18773",0.0625,1.00973537005164,0.0100068431949736,0.64039798487319,0.933598409886118,0.856031549308108,"mad1l1",1
"GO:0035336","long-chain fatty-acyl-CoA metabolic process","1/1162","16/18773",0.0625,1.00973537005164,0.0100068431949736,0.64039798487319,0.933598409886118,0.856031549308108,"elovl1b",1
"GO:0038034","signal transduction in absence of ligand","1/1162","16/18773",0.0625,1.00973537005164,0.0100068431949736,0.64039798487319,0.933598409886118,0.856031549308108,"mcl1b",1
"GO:0045773","positive regulation of axon extension","1/1162","16/18773",0.0625,1.00973537005164,0.0100068431949736,0.64039798487319,0.933598409886118,0.856031549308108,"dbnlb",1
"GO:0045834","positive regulation of lipid metabolic process","1/1162","16/18773",0.0625,1.00973537005164,0.0100068431949736,0.64039798487319,0.933598409886118,0.856031549308108,"ppardb",1
"GO:0045841","negative regulation of mitotic metaphase/anaphase transition","1/1162","16/18773",0.0625,1.00973537005164,0.0100068431949736,0.64039798487319,0.933598409886118,0.856031549308108,"mad1l1",1
"GO:0046337","phosphatidylethanolamine metabolic process","1/1162","16/18773",0.0625,1.00973537005164,0.0100068431949736,0.64039798487319,0.933598409886118,0.856031549308108,"pcyt2",1
"GO:0048263","determination of dorsal identity","1/1162","16/18773",0.0625,1.00973537005164,0.0100068431949736,0.64039798487319,0.933598409886118,0.856031549308108,"gid8a",1
"GO:0048668","collateral sprouting","1/1162","16/18773",0.0625,1.00973537005164,0.0100068431949736,0.64039798487319,0.933598409886118,0.856031549308108,"pard6gb",1
"GO:0048859","formation of anatomical boundary","1/1162","16/18773",0.0625,1.00973537005164,0.0100068431949736,0.64039798487319,0.933598409886118,0.856031549308108,"med12",1
"GO:0048936","peripheral nervous system neuron axonogenesis","1/1162","16/18773",0.0625,1.00973537005164,0.0100068431949736,0.64039798487319,0.933598409886118,0.856031549308108,"sema3d",1
"GO:0051445","regulation of meiotic cell cycle","1/1162","16/18773",0.0625,1.00973537005164,0.0100068431949736,0.64039798487319,0.933598409886118,0.856031549308108,"mettl3",1
"GO:0060030","dorsal convergence","1/1162","16/18773",0.0625,1.00973537005164,0.0100068431949736,0.64039798487319,0.933598409886118,0.856031549308108,"smad5",1
"GO:0060396","growth hormone receptor signaling pathway","1/1162","16/18773",0.0625,1.00973537005164,0.0100068431949736,0.64039798487319,0.933598409886118,0.856031549308108,"ghrb",1
"GO:0060416","response to growth hormone","1/1162","16/18773",0.0625,1.00973537005164,0.0100068431949736,0.64039798487319,0.933598409886118,0.856031549308108,"ghrb",1
"GO:0061074","regulation of neural retina development","1/1162","16/18773",0.0625,1.00973537005164,0.0100068431949736,0.64039798487319,0.933598409886118,0.856031549308108,"uba2",1
"GO:0071173","spindle assembly checkpoint signaling","1/1162","16/18773",0.0625,1.00973537005164,0.0100068431949736,0.64039798487319,0.933598409886118,0.856031549308108,"mad1l1",1
"GO:0071174","mitotic spindle checkpoint signaling","1/1162","16/18773",0.0625,1.00973537005164,0.0100068431949736,0.64039798487319,0.933598409886118,0.856031549308108,"mad1l1",1
"GO:0071378","cellular response to growth hormone stimulus","1/1162","16/18773",0.0625,1.00973537005164,0.0100068431949736,0.64039798487319,0.933598409886118,0.856031549308108,"ghrb",1
"GO:0097061","dendritic spine organization","1/1162","16/18773",0.0625,1.00973537005164,0.0100068431949736,0.64039798487319,0.933598409886118,0.856031549308108,"dbnlb",1
"GO:0097192","extrinsic apoptotic signaling pathway in absence of ligand","1/1162","16/18773",0.0625,1.00973537005164,0.0100068431949736,0.64039798487319,0.933598409886118,0.856031549308108,"mcl1b",1
"GO:1901570","fatty acid derivative biosynthetic process","1/1162","16/18773",0.0625,1.00973537005164,0.0100068431949736,0.64039798487319,0.933598409886118,0.856031549308108,"elovl1b",1
"GO:1904659","D-glucose transmembrane transport","1/1162","16/18773",0.0625,1.00973537005164,0.0100068431949736,0.64039798487319,0.933598409886118,0.856031549308108,"akt2",1
"GO:2000816","negative regulation of mitotic sister chromatid separation","1/1162","16/18773",0.0625,1.00973537005164,0.0100068431949736,0.64039798487319,0.933598409886118,0.856031549308108,"mad1l1",1
"GO:0051648","vesicle localization","7/1162","123/18773",0.056910569105691,0.919433832892546,-0.230267247000189,0.644782356342674,0.933598409886118,0.856031549308108,"tbc1d23/kif5ba/pef1/inpp5b/exoc4/si:ch211-200p22.4/bbs7",7
"GO:0040012","regulation of locomotion","18/1162","310/18773",0.0580645161290323,0.93807673088668,-0.282390392021299,0.645216358541009,0.933598409886118,0.856031549308108,"kdrl/s1pr1/mycbp2/slka/reep1/srgap1a/rac1b/sema4c/smad5/tnfrsf19/kdr/churc1/stk24b/pdgfba/rbpms2b/klf6a/arpin/sema3d",18
"GO:0003205","cardiac chamber development","3/1162","53/18773",0.0566037735849057,0.914477316273179,-0.160152108784555,0.645299405432404,0.933598409886118,0.856031549308108,"pbx4/rbfox2/nr2f1a",3
"GO:0005977","glycogen metabolic process","3/1162","53/18773",0.0566037735849057,0.914477316273179,-0.160152108784555,0.645299405432404,0.933598409886118,0.856031549308108,"atg3/hdac8/ppp1cb",3
"GO:0006892","post-Golgi vesicle-mediated transport","3/1162","53/18773",0.0566037735849057,0.914477316273179,-0.160152108784555,0.645299405432404,0.933598409886118,0.856031549308108,"vti1b/nsfb/exoc4",3
"GO:0044042","glucan metabolic process","3/1162","53/18773",0.0566037735849057,0.914477316273179,-0.160152108784555,0.645299405432404,0.933598409886118,0.856031549308108,"atg3/hdac8/ppp1cb",3
"GO:0051017","actin filament bundle assembly","3/1162","53/18773",0.0566037735849057,0.914477316273179,-0.160152108784555,0.645299405432404,0.933598409886118,0.856031549308108,"pfn1/sdc4/rock1",3
"GO:0060113","inner ear receptor cell differentiation","3/1162","53/18773",0.0566037735849057,0.914477316273179,-0.160152108784555,0.645299405432404,0.933598409886118,0.856031549308108,"vdrb/dctn2/atp2b1a",3
"GO:1902905","positive regulation of supramolecular fiber organization","3/1162","53/18773",0.0566037735849057,0.914477316273179,-0.160152108784555,0.645299405432404,0.933598409886118,0.856031549308108,"pfn1/rbm24a/rock1",3
"GO:0008610","lipid biosynthetic process","23/1162","394/18773",0.0583756345177665,0.943103086748735,-0.293185309925171,0.645614600234804,0.933598409886118,0.856031549308108,"pigf/pcyt2/pip4k2ca/bpnt1/pigp/gpat3/si:ch211-160o17.2/pdss2/dpm2/ddit3/pik3cb/hsd17b12b/lias/impa1/elovl1b/serinc5/rcor1/cers5/agk/pigl/pik3c3/ip6k2b/hsd17b7",23
"GO:0006040","amino sugar metabolic process","2/1162","35/18773",0.0571428571428571,0.923186624047209,-0.116835705656918,0.646669414167093,0.933598409886118,0.856031549308108,"uap1l1/pgm3",2
"GO:0008333","endosome to lysosome transport","2/1162","35/18773",0.0571428571428571,0.923186624047209,-0.116835705656918,0.646669414167093,0.933598409886118,0.856031549308108,"mvb12a/aktip",2
"GO:0032386","regulation of intracellular transport","2/1162","35/18773",0.0571428571428571,0.923186624047209,-0.116835705656918,0.646669414167093,0.933598409886118,0.856031549308108,"ezrb/rab11fip3",2
"GO:0033013","tetrapyrrole metabolic process","2/1162","35/18773",0.0571428571428571,0.923186624047209,-0.116835705656918,0.646669414167093,0.933598409886118,0.856031549308108,"snx3/iba57",2
"GO:0051494","negative regulation of cytoskeleton organization","4/1162","71/18773",0.0563380281690141,0.910183995539502,-0.194762440317792,0.647879010068318,0.933598409886118,0.856031549308108,"add1/ssh2a/si:ch211-203d1.3/arpin",4
"GO:0050808","synapse organization","11/1162","192/18773",0.0572916666666667,0.925590755880665,-0.26620076166281,0.648021874125872,0.933598409886118,0.856031549308108,"dbnlb/mycbp2/ppfibp1a/tjp1b/mtm1/abhd17c/mesd/fbxo45/ascc1/ppfibp1b/sparc",11
"GO:0031047","regulatory ncRNA-mediated gene silencing","9/1162","158/18773",0.0569620253164557,0.920265147388832,-0.258530357797239,0.649434859450243,0.933598409886118,0.856031549308108,"srrt/helz/zc3h7a/mov10a/tarbp2/zc3h7bb/dgcr8/tnrc6a/mettl3",9
"GO:0055123","digestive system development","9/1162","158/18773",0.0569620253164557,0.920265147388832,-0.258530357797239,0.649434859450243,0.933598409886118,0.856031549308108,"yap1/lnx2b/sdc2/eed/sbds/pard6gb/tcf7l2/bbs7/klf6a",9
"GO:0060271","cilium assembly","20/1162","345/18773",0.0579710144927536,0.936566140337749,-0.305462506482505,0.65228340944363,0.933598409886118,0.856031549308108,"yap1/parvaa/ehd2b/dnmbp/pam/orc6/ezrb/rab11fip3/gmnn/gorab/sav1/atp6v0d1/grk5l/ift52/chmp4bb/inpp5b/ift74/bbs7/tmem138/pih1d1",20
"GO:0043408","regulation of MAPK cascade","13/1162","227/18773",0.0572687224669604,0.92522007476097,-0.291164991363447,0.654169229793788,0.933598409886118,0.856031549308108,"kdrl/spred1/pigp/spry4/dusp1/rell1/tnfrsf19/kdr/styx/taok2a/ptpn2b/si:ch211-121a2.2/pdgfba",13
"GO:0042060","wound healing","6/1162","107/18773",0.0560747663551402,0.905930799298663,-0.250657117012541,0.656578309004952,0.933598409886118,0.856031549308108,"dspa/bambia/sdc4/esama/rhoca/proza",6
"GO:0007605","sensory perception of sound","3/1162","54/18773",0.0555555555555556,0.897542551157009,-0.193671369649748,0.657876369401237,0.933598409886118,0.856031549308108,"get1/atp2b1a/lrp5",3
"GO:0008543","fibroblast growth factor receptor signaling pathway","4/1162","72/18773",0.0555555555555556,0.897542551157009,-0.223740033746285,0.658780342207874,0.933598409886118,0.856031549308108,"spry4/foxc1a/sulf2b/churc1",4
"GO:0032835","glomerulus development","4/1162","72/18773",0.0555555555555556,0.897542551157009,-0.223740033746285,0.658780342207874,0.933598409886118,0.856031549308108,"foxc1a/rbpjb/sulf2b/cd2ap",4
"GO:0045055","regulated exocytosis","5/1162","90/18773",0.0555555555555556,0.897542551157009,-0.250269435458248,0.661657464772591,0.933598409886118,0.856031549308108,"stx3a/rap1aa/sdf4/cacna1ha/syt2a",5
"GO:0001523","retinoid metabolic process","2/1162","36/18773",0.0555555555555556,0.897542551157009,-0.158056036863552,0.661955307651173,0.933598409886118,0.856031549308108,"rcor1/rdh10b",2
"GO:0006406","mRNA export from nucleus","2/1162","36/18773",0.0555555555555556,0.897542551157009,-0.158056036863552,0.661955307651173,0.933598409886118,0.856031549308108,"thoc7/nup88",2
"GO:0042113","B cell activation","2/1162","36/18773",0.0555555555555556,0.897542551157009,-0.158056036863552,0.661955307651173,0.933598409886118,0.856031549308108,"rnf168/kmt5b",2
"GO:0046328","regulation of JNK cascade","2/1162","36/18773",0.0555555555555556,0.897542551157009,-0.158056036863552,0.661955307651173,0.933598409886118,0.856031549308108,"pigp/tnfrsf19",2
"GO:0051298","centrosome duplication","2/1162","36/18773",0.0555555555555556,0.897542551157009,-0.158056036863552,0.661955307651173,0.933598409886118,0.856031549308108,"npm1b/chordc1b",2
"GO:0072522","purine-containing compound biosynthetic process","10/1162","177/18773",0.0564971751412429,0.91275513676984,-0.299559473662323,0.662555421732845,0.933598409886118,0.856031549308108,"atp5mea/bckdk/pdha1a/ak3/elovl1b/pank2/nme7/ak1/ppcs/coasy",10
"GO:0000463","maturation of LSU-rRNA from tricistronic rRNA transcript (SSU-rRNA, 5.8S rRNA, LSU-rRNA)","1/1162","17/18773",0.0588235294117647,0.950339171813304,-0.0526180361349169,0.662675403521021,0.933598409886118,0.856031549308108,"rbm34",1
"GO:0000731","DNA synthesis involved in DNA repair","1/1162","17/18773",0.0588235294117647,0.950339171813304,-0.0526180361349169,0.662675403521021,0.933598409886118,0.856031549308108,"rev3l",1
"GO:0001818","negative regulation of cytokine production","1/1162","17/18773",0.0588235294117647,0.950339171813304,-0.0526180361349169,0.662675403521021,0.933598409886118,0.856031549308108,"n4bp1",1
"GO:0001941","postsynaptic membrane organization","1/1162","17/18773",0.0588235294117647,0.950339171813304,-0.0526180361349169,0.662675403521021,0.933598409886118,0.856031549308108,"mesd",1
"GO:0006595","polyamine metabolic process","1/1162","17/18773",0.0588235294117647,0.950339171813304,-0.0526180361349169,0.662675403521021,0.933598409886118,0.856031549308108,"srm",1
"GO:0006743","ubiquinone metabolic process","1/1162","17/18773",0.0588235294117647,0.950339171813304,-0.0526180361349169,0.662675403521021,0.933598409886118,0.856031549308108,"pdss2",1
"GO:0006744","ubiquinone biosynthetic process","1/1162","17/18773",0.0588235294117647,0.950339171813304,-0.0526180361349169,0.662675403521021,0.933598409886118,0.856031549308108,"pdss2",1
"GO:0009163","nucleoside biosynthetic process","1/1162","17/18773",0.0588235294117647,0.950339171813304,-0.0526180361349169,0.662675403521021,0.933598409886118,0.856031549308108,"dnph1",1
"GO:0009309","amine biosynthetic process","1/1162","17/18773",0.0588235294117647,0.950339171813304,-0.0526180361349169,0.662675403521021,0.933598409886118,0.856031549308108,"srm",1
"GO:0014013","regulation of gliogenesis","1/1162","17/18773",0.0588235294117647,0.950339171813304,-0.0526180361349169,0.662675403521021,0.933598409886118,0.856031549308108,"swap70b",1
"GO:0033260","nuclear DNA replication","1/1162","17/18773",0.0588235294117647,0.950339171813304,-0.0526180361349169,0.662675403521021,0.933598409886118,0.856031549308108,"dbf4",1
"GO:0034109","homotypic cell-cell adhesion","1/1162","17/18773",0.0588235294117647,0.950339171813304,-0.0526180361349169,0.662675403521021,0.933598409886118,0.856031549308108,"esama",1
"GO:0034404","nucleobase-containing small molecule biosynthetic process","1/1162","17/18773",0.0588235294117647,0.950339171813304,-0.0526180361349169,0.662675403521021,0.933598409886118,0.856031549308108,"dnph1",1
"GO:0042401","biogenic amine biosynthetic process","1/1162","17/18773",0.0588235294117647,0.950339171813304,-0.0526180361349169,0.662675403521021,0.933598409886118,0.856031549308108,"srm",1
"GO:0045931","positive regulation of mitotic cell cycle","1/1162","17/18773",0.0588235294117647,0.950339171813304,-0.0526180361349169,0.662675403521021,0.933598409886118,0.856031549308108,"ccnd2a",1
"GO:0051048","negative regulation of secretion","1/1162","17/18773",0.0588235294117647,0.950339171813304,-0.0526180361349169,0.662675403521021,0.933598409886118,0.856031549308108,"rap1aa",1
"GO:0051289","protein homotetramerization","1/1162","17/18773",0.0588235294117647,0.950339171813304,-0.0526180361349169,0.662675403521021,0.933598409886118,0.856031549308108,"aldh9a1a.1",1
"GO:0051985","negative regulation of chromosome segregation","1/1162","17/18773",0.0588235294117647,0.950339171813304,-0.0526180361349169,0.662675403521021,0.933598409886118,0.856031549308108,"mad1l1",1
"GO:0060974","cell migration involved in heart formation","1/1162","17/18773",0.0588235294117647,0.950339171813304,-0.0526180361349169,0.662675403521021,0.933598409886118,0.856031549308108,"cemip2",1
"GO:0072337","modified amino acid transport","1/1162","17/18773",0.0588235294117647,0.950339171813304,-0.0526180361349169,0.662675403521021,0.933598409886118,0.856031549308108,"slc25a20",1
"GO:0086010","membrane depolarization during action potential","1/1162","17/18773",0.0588235294117647,0.950339171813304,-0.0526180361349169,0.662675403521021,0.933598409886118,0.856031549308108,"cacna1ha",1
"GO:0090114","COPII-coated vesicle budding","1/1162","17/18773",0.0588235294117647,0.950339171813304,-0.0526180361349169,0.662675403521021,0.933598409886118,0.856031549308108,"pef1",1
"GO:0097720","calcineurin-mediated signaling","1/1162","17/18773",0.0588235294117647,0.950339171813304,-0.0526180361349169,0.662675403521021,0.933598409886118,0.856031549308108,"ndufa7",1
"GO:0120178","steroid hormone biosynthetic process","1/1162","17/18773",0.0588235294117647,0.950339171813304,-0.0526180361349169,0.662675403521021,0.933598409886118,0.856031549308108,"hsd17b12b",1
"GO:1901661","quinone metabolic process","1/1162","17/18773",0.0588235294117647,0.950339171813304,-0.0526180361349169,0.662675403521021,0.933598409886118,0.856031549308108,"pdss2",1
"GO:1901663","quinone biosynthetic process","1/1162","17/18773",0.0588235294117647,0.950339171813304,-0.0526180361349169,0.662675403521021,0.933598409886118,0.856031549308108,"pdss2",1
"GO:1902100","negative regulation of metaphase/anaphase transition of cell cycle","1/1162","17/18773",0.0588235294117647,0.950339171813304,-0.0526180361349169,0.662675403521021,0.933598409886118,0.856031549308108,"mad1l1",1
"GO:1905819","negative regulation of chromosome separation","1/1162","17/18773",0.0588235294117647,0.950339171813304,-0.0526180361349169,0.662675403521021,0.933598409886118,0.856031549308108,"mad1l1",1
"GO:2000050","regulation of non-canonical Wnt signaling pathway","1/1162","17/18773",0.0588235294117647,0.950339171813304,-0.0526180361349169,0.662675403521021,0.933598409886118,0.856031549308108,"dvl3a",1
"GO:0010001","glial cell differentiation","9/1162","160/18773",0.05625,0.908761833046472,-0.297710863433074,0.664159582356775,0.933598409886118,0.856031549308108,"itga6b/eed/dctn2/itga5/dock1/sumf1/trim35-28/swap70b/mettl3",9
"GO:0051046","regulation of secretion","6/1162","108/18773",0.0555555555555556,0.897542551157009,-0.274288593021137,0.665433049128375,0.933598409886118,0.856031549308108,"uqcc2/rap1aa/caskb/ralab/cacna1ha/syt2a",6
"GO:0006664","glycolipid metabolic process","4/1162","73/18773",0.0547945205479452,0.885247447716502,-0.252330244657074,0.669451265812009,0.933598409886118,0.856031549308108,"pigf/pigp/dpm2/pigl",4
"GO:0008361","regulation of cell size","4/1162","73/18773",0.0547945205479452,0.885247447716502,-0.252330244657074,0.669451265812009,0.933598409886118,0.856031549308108,"dbnlb/arhgap5/pard6gb/sema3d",4
"GO:0042552","myelination","4/1162","73/18773",0.0547945205479452,0.885247447716502,-0.252330244657074,0.669451265812009,0.933598409886118,0.856031549308108,"exosc8/fbxw7/dock1/sec63",4
"GO:0044344","cellular response to fibroblast growth factor stimulus","4/1162","73/18773",0.0547945205479452,0.885247447716502,-0.252330244657074,0.669451265812009,0.933598409886118,0.856031549308108,"spry4/foxc1a/sulf2b/churc1",4
"GO:0071774","response to fibroblast growth factor","4/1162","73/18773",0.0547945205479452,0.885247447716502,-0.252330244657074,0.669451265812009,0.933598409886118,0.856031549308108,"spry4/foxc1a/sulf2b/churc1",4
"GO:1903509","liposaccharide metabolic process","4/1162","73/18773",0.0547945205479452,0.885247447716502,-0.252330244657074,0.669451265812009,0.933598409886118,0.856031549308108,"pigf/pigp/dpm2/pigl",4
"GO:2000241","regulation of reproductive process","4/1162","73/18773",0.0547945205479452,0.885247447716502,-0.252330244657074,0.669451265812009,0.933598409886118,0.856031549308108,"tfam/ythdf2/smad2/mettl3",4
"GO:0061564","axon development","29/1162","500/18773",0.058,0.937034423407917,-0.366563811795783,0.669955675324251,0.933598409886118,0.856031549308108,"aldoaa/exosc8/hnrnpr/dbnlb/tmem59l/pbx4/mycbp2/reep1/dag1/foxc1a/nfia/rac1b/sema4c/dock7/ssna1/kif22/elp3/scrib/kif5ba/ubap1/ascc1/svbp/pard6gb/hif1ab/rbpms2b/plod3/pin1/kifbp/sema3d",29
"GO:0006638","neutral lipid metabolic process","3/1162","55/18773",0.0545454545454545,0.881223595681427,-0.226593853622679,0.670128400773933,0.933598409886118,0.856031549308108,"gpat3/abhd6a/sbds",3
"GO:0009612","response to mechanical stimulus","3/1162","55/18773",0.0545454545454545,0.881223595681427,-0.226593853622679,0.670128400773933,0.933598409886118,0.856031549308108,"stx4/get1/col1a2",3
"GO:0030837","negative regulation of actin filament polymerization","3/1162","55/18773",0.0545454545454545,0.881223595681427,-0.226593853622679,0.670128400773933,0.933598409886118,0.856031549308108,"add1/ssh2a/si:ch211-203d1.3",3
"GO:0033044","regulation of chromosome organization","3/1162","55/18773",0.0545454545454545,0.881223595681427,-0.226593853622679,0.670128400773933,0.933598409886118,0.856031549308108,"terfa/mad1l1/tinf2",3
"GO:0051495","positive regulation of cytoskeleton organization","3/1162","55/18773",0.0545454545454545,0.881223595681427,-0.226593853622679,0.670128400773933,0.933598409886118,0.856031549308108,"pfn1/rbm24a/rock1",3
"GO:0002757","immune response-activating signaling pathway","5/1162","91/18773",0.0549450549450549,0.88767944619924,-0.275889121729082,0.671211314231305,0.933598409886118,0.856031549308108,"il10rb/si:dkey-52l18.4/csk/mapkapk2a/myd88",5
"GO:0006518","peptide metabolic process","2/1162","37/18773",0.0540540540540541,0.873284644368982,-0.198179166812118,0.676704559157678,0.933598409886118,0.856031549308108,"pam/gclm",2
"GO:0007088","regulation of mitotic nuclear division","2/1162","37/18773",0.0540540540540541,0.873284644368982,-0.198179166812118,0.676704559157678,0.933598409886118,0.856031549308108,"mad1l1/mcl1b",2
"GO:0016101","diterpenoid metabolic process","2/1162","37/18773",0.0540540540540541,0.873284644368982,-0.198179166812118,0.676704559157678,0.933598409886118,0.856031549308108,"rcor1/rdh10b",2
"GO:0031629","synaptic vesicle fusion to presynaptic active zone membrane","2/1162","37/18773",0.0540540540540541,0.873284644368982,-0.198179166812118,0.676704559157678,0.933598409886118,0.856031549308108,"stx3a/syt2a",2
"GO:0051875","pigment granule localization","2/1162","37/18773",0.0540540540540541,0.873284644368982,-0.198179166812118,0.676704559157678,0.933598409886118,0.856031549308108,"inpp5b/bbs7",2
"GO:0099500","vesicle fusion to plasma membrane","2/1162","37/18773",0.0540540540540541,0.873284644368982,-0.198179166812118,0.676704559157678,0.933598409886118,0.856031549308108,"stx3a/syt2a",2
"GO:0006163","purine nucleotide metabolic process","13/1162","231/18773",0.0562770562770563,0.909198947925282,-0.356685052922462,0.678537391384459,0.933598409886118,0.856031549308108,"aldoaa/gapdhs/bpgm/atp5mea/atp6v1aa/pgam1a/tpi1b/ak3/eno3/guk1a/nme7/ak1/eno1a",13
"GO:0032272","negative regulation of protein polymerization","3/1162","56/18773",0.0535714285714286,0.865487460044259,-0.258943488768922,0.682055511634859,0.933598409886118,0.856031549308108,"add1/ssh2a/si:ch211-203d1.3",3
"GO:0031667","response to nutrient levels","6/1162","110/18773",0.0545454545454545,0.881223595681427,-0.320923940934411,0.682705494777885,0.933598409886118,0.856031549308108,"map1lc3b/mios/gabarapa/depdc5/becn1/gabarapl2",6
"GO:0046903","secretion","15/1162","266/18773",0.056390977443609,0.911039431625535,-0.375350227192596,0.682831577066775,0.933598409886118,0.856031549308108,"cse1l/stx4/stx3a/uqcc2/wls/copg2/rap1aa/sdf4/caskb/rab13/rab12/ralab/cacna1ha/exoc4/syt2a",15
"GO:0032940","secretion by cell","14/1162","249/18773",0.0562248995983936,0.908356316833599,-0.373939334547176,0.683518021684187,0.933598409886118,0.856031549308108,"stx4/stx3a/uqcc2/wls/copg2/rap1aa/sdf4/caskb/rab13/rab12/ralab/cacna1ha/exoc4/syt2a",14
"GO:0001934","positive regulation of protein phosphorylation","1/1162","18/18773",0.0555555555555556,0.897542551157009,-0.111708850903292,0.683573845678654,0.933598409886118,0.856031549308108,"prrc1",1
"GO:0002042","cell migration involved in sprouting angiogenesis","1/1162","18/18773",0.0555555555555556,0.897542551157009,-0.111708850903292,0.683573845678654,0.933598409886118,0.856031549308108,"itga5",1
"GO:0002089","lens morphogenesis in camera-type eye","1/1162","18/18773",0.0555555555555556,0.897542551157009,-0.111708850903292,0.683573845678654,0.933598409886118,0.856031549308108,"itga5",1
"GO:0002097","tRNA wobble base modification","1/1162","18/18773",0.0555555555555556,0.897542551157009,-0.111708850903292,0.683573845678654,0.933598409886118,0.856031549308108,"elp3",1
"GO:0006301","postreplication repair","1/1162","18/18773",0.0555555555555556,0.897542551157009,-0.111708850903292,0.683573845678654,0.933598409886118,0.856031549308108,"rev3l",1
"GO:0006760","folic acid-containing compound metabolic process","1/1162","18/18773",0.0555555555555556,0.897542551157009,-0.111708850903292,0.683573845678654,0.933598409886118,0.856031549308108,"gch1",1
"GO:0008053","mitochondrial fusion","1/1162","18/18773",0.0555555555555556,0.897542551157009,-0.111708850903292,0.683573845678654,0.933598409886118,0.856031549308108,"mcl1b",1
"GO:0008608","attachment of spindle microtubules to kinetochore","1/1162","18/18773",0.0555555555555556,0.897542551157009,-0.111708850903292,0.683573845678654,0.933598409886118,0.856031549308108,"mad1l1",1
"GO:0010563","negative regulation of phosphorus metabolic process","1/1162","18/18773",0.0555555555555556,0.897542551157009,-0.111708850903292,0.683573845678654,0.933598409886118,0.856031549308108,"ppp1r26",1
"GO:0010569","regulation of double-strand break repair via homologous recombination","1/1162","18/18773",0.0555555555555556,0.897542551157009,-0.111708850903292,0.683573845678654,0.933598409886118,0.856031549308108,"hdgfl2",1
"GO:0015919","peroxisomal membrane transport","1/1162","18/18773",0.0555555555555556,0.897542551157009,-0.111708850903292,0.683573845678654,0.933598409886118,0.856031549308108,"pex19",1
"GO:0030032","lamellipodium assembly","1/1162","18/18773",0.0555555555555556,0.897542551157009,-0.111708850903292,0.683573845678654,0.933598409886118,0.856031549308108,"arhgef7b",1
"GO:0031340","positive regulation of vesicle fusion","1/1162","18/18773",0.0555555555555556,0.897542551157009,-0.111708850903292,0.683573845678654,0.933598409886118,0.856031549308108,"syt2a",1
"GO:0033047","regulation of mitotic sister chromatid segregation","1/1162","18/18773",0.0555555555555556,0.897542551157009,-0.111708850903292,0.683573845678654,0.933598409886118,0.856031549308108,"mad1l1",1
"GO:0034312","diol biosynthetic process","1/1162","18/18773",0.0555555555555556,0.897542551157009,-0.111708850903292,0.683573845678654,0.933598409886118,0.856031549308108,"gch1",1
"GO:0042327","positive regulation of phosphorylation","1/1162","18/18773",0.0555555555555556,0.897542551157009,-0.111708850903292,0.683573845678654,0.933598409886118,0.856031549308108,"prrc1",1
"GO:0043574","peroxisomal transport","1/1162","18/18773",0.0555555555555556,0.897542551157009,-0.111708850903292,0.683573845678654,0.933598409886118,0.856031549308108,"pex19",1
"GO:0045936","negative regulation of phosphate metabolic process","1/1162","18/18773",0.0555555555555556,0.897542551157009,-0.111708850903292,0.683573845678654,0.933598409886118,0.856031549308108,"ppp1r26",1
"GO:0046330","positive regulation of JNK cascade","1/1162","18/18773",0.0555555555555556,0.897542551157009,-0.111708850903292,0.683573845678654,0.933598409886118,0.856031549308108,"tnfrsf19",1
"GO:0046461","neutral lipid catabolic process","1/1162","18/18773",0.0555555555555556,0.897542551157009,-0.111708850903292,0.683573845678654,0.933598409886118,0.856031549308108,"abhd6a",1
"GO:0046464","acylglycerol catabolic process","1/1162","18/18773",0.0555555555555556,0.897542551157009,-0.111708850903292,0.683573845678654,0.933598409886118,0.856031549308108,"abhd6a",1
"GO:0048168","regulation of neuronal synaptic plasticity","1/1162","18/18773",0.0555555555555556,0.897542551157009,-0.111708850903292,0.683573845678654,0.933598409886118,0.856031549308108,"ncdn",1
"GO:0048846","axon extension involved in axon guidance","1/1162","18/18773",0.0555555555555556,0.897542551157009,-0.111708850903292,0.683573845678654,0.933598409886118,0.856031549308108,"hnrnpr",1
"GO:0050708","regulation of protein secretion","1/1162","18/18773",0.0555555555555556,0.897542551157009,-0.111708850903292,0.683573845678654,0.933598409886118,0.856031549308108,"uqcc2",1
"GO:0055090","acylglycerol homeostasis","1/1162","18/18773",0.0555555555555556,0.897542551157009,-0.111708850903292,0.683573845678654,0.933598409886118,0.856031549308108,"apoeb",1
"GO:0060221","retinal rod cell differentiation","1/1162","18/18773",0.0555555555555556,0.897542551157009,-0.111708850903292,0.683573845678654,0.933598409886118,0.856031549308108,"adipor1b",1
"GO:0061484","hematopoietic stem cell homeostasis","1/1162","18/18773",0.0555555555555556,0.897542551157009,-0.111708850903292,0.683573845678654,0.933598409886118,0.856031549308108,"tfec",1
"GO:0072698","protein localization to microtubule cytoskeleton","1/1162","18/18773",0.0555555555555556,0.897542551157009,-0.111708850903292,0.683573845678654,0.933598409886118,0.856031549308108,"rab11fip3",1
"GO:1902284","neuron projection extension involved in neuron projection guidance","1/1162","18/18773",0.0555555555555556,0.897542551157009,-0.111708850903292,0.683573845678654,0.933598409886118,0.856031549308108,"hnrnpr",1
"GO:1904262","negative regulation of TORC1 signaling","1/1162","18/18773",0.0555555555555556,0.897542551157009,-0.111708850903292,0.683573845678654,0.933598409886118,0.856031549308108,"depdc5",1
"GO:0009967","positive regulation of signal transduction","27/1162","471/18773",0.0573248407643312,0.926126708837168,-0.417075764201167,0.689276843008734,0.935657703452862,0.857919749034836,"kdrl/nck1a/lamtor2/bambia/dvl3a/otud5b/csnk1g2b/hsp90ab1/mios/otud5a/brd4/cemip2/rell1/tnfrsf19/sulf2b/ppm1bb/ghrb/ikbkg/si:dkey-6n21.12/cpne1/loxl3b/gid8a/pdgfba/ppm1ab/shoc2/myd88/pim1",27
"GO:0010720","positive regulation of cell development","5/1162","93/18773",0.0537634408602151,0.868589565635815,-0.326324151470585,0.68977887849324,0.935657703452862,0.857919749034836,"dbnlb/brd4/add1/smad2/swap70b",5
"GO:1905039","carboxylic acid transmembrane transport","5/1162","93/18773",0.0537634408602151,0.868589565635815,-0.326324151470585,0.68977887849324,0.935657703452862,0.857919749034836,"slc25a18/slc25a11/lrrc8aa/sfxn2/mfsd12a",5
"GO:0007272","ensheathment of neurons","4/1162","75/18773",0.0533333333333333,0.861640849110729,-0.308394958873804,0.690096821889722,0.935657703452862,0.857919749034836,"exosc8/fbxw7/dock1/sec63",4
"GO:0008366","axon ensheathment","4/1162","75/18773",0.0533333333333333,0.861640849110729,-0.308394958873804,0.690096821889722,0.935657703452862,0.857919749034836,"exosc8/fbxw7/dock1/sec63",4
"GO:0003146","heart jogging","2/1162","38/18773",0.0526315789473684,0.850303469517166,-0.237270099654614,0.690924977433989,0.935657703452862,0.857919749034836,"vdrb/bmpr2b",2
"GO:0006937","regulation of muscle contraction","2/1162","38/18773",0.0526315789473684,0.850303469517166,-0.237270099654614,0.690924977433989,0.935657703452862,0.857919749034836,"erp44/tnnt3a",2
"GO:0048499","synaptic vesicle membrane organization","2/1162","38/18773",0.0526315789473684,0.850303469517166,-0.237270099654614,0.690924977433989,0.935657703452862,0.857919749034836,"stx3a/syt2a",2
"GO:0050919","negative chemotaxis","2/1162","38/18773",0.0526315789473684,0.850303469517166,-0.237270099654614,0.690924977433989,0.935657703452862,0.857919749034836,"sema4c/sema3d",2
"GO:0051453","regulation of intracellular pH","2/1162","38/18773",0.0526315789473684,0.850303469517166,-0.237270099654614,0.690924977433989,0.935657703452862,0.857919749034836,"atp6v0d1/atp6v0a2b",2
"GO:0062197","cellular response to chemical stress","2/1162","38/18773",0.0526315789473684,0.850303469517166,-0.237270099654614,0.690924977433989,0.935657703452862,0.857919749034836,"reep1/nfe2l2a",2
"GO:0032787","monocarboxylic acid metabolic process","18/1162","319/18773",0.0564263322884013,0.911610616222166,-0.408993605321427,0.692069012312204,0.935657703452862,0.857919749034836,"aldoaa/gapdhs/bpgm/bckdk/decr2/pdha1a/hsd17b12b/lias/pgam1a/tpi1b/elovl1b/eno3/rcor1/acad11/eno1a/ldhd/dse/ppardb",18
"GO:0006112","energy reserve metabolic process","3/1162","57/18773",0.0526315789473684,0.850303469517166,-0.290742802712572,0.693658459143248,0.935657703452862,0.857919749034836,"atg3/hdac8/ppp1cb",3
"GO:0009064","glutamine family amino acid metabolic process","3/1162","57/18773",0.0526315789473684,0.850303469517166,-0.290742802712572,0.693658459143248,0.935657703452862,0.857919749034836,"glud1b/cad/nit2",3
"GO:0045664","regulation of neuron differentiation","3/1162","57/18773",0.0526315789473684,0.850303469517166,-0.290742802712572,0.693658459143248,0.935657703452862,0.857919749034836,"eed/prdm1a/mosmob",3
"GO:0048667","cell morphogenesis involved in neuron differentiation","28/1162","489/18773",0.0572597137014315,0.92507453125385,-0.431235613877796,0.693912096448356,0.935657703452862,0.857919749034836,"aldoaa/exosc8/hnrnpr/dbnlb/tmem59l/pbx4/mycbp2/reep1/dag1/foxc1a/rac1b/sema4c/dock7/ssna1/kif22/elp3/scrib/kif5ba/ubap1/ascc1/nedd4l/pard6gb/hif1ab/rbpms2b/plod3/pin1/kifbp/sema3d",28
"GO:0030510","regulation of BMP signaling pathway","5/1162","94/18773",0.0531914893617021,0.859349251107774,-0.351152280251476,0.698790397490855,0.935657703452862,0.857919749034836,"zmynd11/bambia/smad6a/smad5/skia",5
"GO:0007498","mesoderm development","6/1162","112/18773",0.0535714285714286,0.865487460044259,-0.366750450989389,0.699386589907144,0.935657703452862,0.857919749034836,"tal1/lpar1/smad3a/rbpjb/churc1/acvr1ba",6
"GO:0007162","negative regulation of cell adhesion","4/1162","76/18773",0.0526315789473684,0.850303469517166,-0.335891408257286,0.700070075650727,0.935657703452862,0.857919749034836,"ythdf2/tet2/loxl3b/mettl3",4
"GO:0009950","dorsal/ventral axis specification","1/1162","19/18773",0.0526315789473684,0.850303469517166,-0.167690286882551,0.703178601280968,0.935657703452862,0.857919749034836,"yap1",1
"GO:0010562","positive regulation of phosphorus metabolic process","1/1162","19/18773",0.0526315789473684,0.850303469517166,-0.167690286882551,0.703178601280968,0.935657703452862,0.857919749034836,"prrc1",1
"GO:0017121","plasma membrane phospholipid scrambling","1/1162","19/18773",0.0526315789473684,0.850303469517166,-0.167690286882551,0.703178601280968,0.935657703452862,0.857919749034836,"plscr3b",1
"GO:0019432","triglyceride biosynthetic process","1/1162","19/18773",0.0526315789473684,0.850303469517166,-0.167690286882551,0.703178601280968,0.935657703452862,0.857919749034836,"gpat3",1
"GO:0021696","cerebellar cortex morphogenesis","1/1162","19/18773",0.0526315789473684,0.850303469517166,-0.167690286882551,0.703178601280968,0.935657703452862,0.857919749034836,"exosc8",1
"GO:0032482","Rab protein signal transduction","1/1162","19/18773",0.0526315789473684,0.850303469517166,-0.167690286882551,0.703178601280968,0.935657703452862,0.857919749034836,"rab12",1
"GO:0034331","cell junction maintenance","1/1162","19/18773",0.0526315789473684,0.850303469517166,-0.167690286882551,0.703178601280968,0.935657703452862,0.857919749034836,"jupa",1
"GO:0035337","fatty-acyl-CoA metabolic process","1/1162","19/18773",0.0526315789473684,0.850303469517166,-0.167690286882551,0.703178601280968,0.935657703452862,0.857919749034836,"elovl1b",1
"GO:0042761","very long-chain fatty acid biosynthetic process","1/1162","19/18773",0.0526315789473684,0.850303469517166,-0.167690286882551,0.703178601280968,0.935657703452862,0.857919749034836,"elovl1b",1
"GO:0043112","receptor metabolic process","1/1162","19/18773",0.0526315789473684,0.850303469517166,-0.167690286882551,0.703178601280968,0.935657703452862,0.857919749034836,"mvb12a",1
"GO:0043280","positive regulation of cysteine-type endopeptidase activity involved in apoptotic process","1/1162","19/18773",0.0526315789473684,0.850303469517166,-0.167690286882551,0.703178601280968,0.935657703452862,0.857919749034836,"becn1",1
"GO:0044786","cell cycle DNA replication","1/1162","19/18773",0.0526315789473684,0.850303469517166,-0.167690286882551,0.703178601280968,0.935657703452862,0.857919749034836,"dbf4",1
"GO:0045937","positive regulation of phosphate metabolic process","1/1162","19/18773",0.0526315789473684,0.850303469517166,-0.167690286882551,0.703178601280968,0.935657703452862,0.857919749034836,"prrc1",1
"GO:0046460","neutral lipid biosynthetic process","1/1162","19/18773",0.0526315789473684,0.850303469517166,-0.167690286882551,0.703178601280968,0.935657703452862,0.857919749034836,"gpat3",1
"GO:0046463","acylglycerol biosynthetic process","1/1162","19/18773",0.0526315789473684,0.850303469517166,-0.167690286882551,0.703178601280968,0.935657703452862,0.857919749034836,"gpat3",1
"GO:0046777","protein autophosphorylation","1/1162","19/18773",0.0526315789473684,0.850303469517166,-0.167690286882551,0.703178601280968,0.935657703452862,0.857919749034836,"dyrk1b",1
"GO:0055003","cardiac myofibril assembly","1/1162","19/18773",0.0526315789473684,0.850303469517166,-0.167690286882551,0.703178601280968,0.935657703452862,0.857919749034836,"rnf2",1
"GO:2001056","positive regulation of cysteine-type endopeptidase activity","1/1162","19/18773",0.0526315789473684,0.850303469517166,-0.167690286882551,0.703178601280968,0.935657703452862,0.857919749034836,"becn1",1
"GO:0009416","response to light stimulus","8/1162","148/18773",0.0540540540540541,0.873284644368982,-0.397537673728615,0.703371406535667,0.935657703452862,0.857919749034836,"perp/tefa/ercc1/gna11b/cry2/pim1/mettl3/ercc8",8
"GO:0008015","blood circulation","16/1162","287/18773",0.0557491289198606,0.900669877119228,-0.435578841024776,0.703472090379918,0.935657703452862,0.857919749034836,"dspa/vapb/mios/erp44/foxc1a/ccm2l/tjp1b/smyd2a/skia/surf1/rbpms2b/acvrl1/bicd2/bnip3lb/icam3/taf1a",16
"GO:0030334","regulation of cell migration","15/1162","270/18773",0.0555555555555556,0.897542551157009,-0.435582751371146,0.704544792165791,0.935657703452862,0.857919749034836,"kdrl/s1pr1/slka/srgap1a/rac1b/sema4c/smad5/tnfrsf19/kdr/churc1/stk24b/pdgfba/klf6a/arpin/sema3d",15
"GO:0001819","positive regulation of cytokine production","2/1162","39/18773",0.0512820512820513,0.828500816452624,-0.275388265480581,0.704625460481087,0.935657703452862,0.857919749034836,"zbtb16a/sulf2b",2
"GO:0007259","cell surface receptor signaling pathway via JAK-STAT","2/1162","39/18773",0.0512820512820513,0.828500816452624,-0.275388265480581,0.704625460481087,0.935657703452862,0.857919749034836,"ghrb/ptpn2b",2
"GO:0010389","regulation of G2/M transition of mitotic cell cycle","2/1162","39/18773",0.0512820512820513,0.828500816452624,-0.275388265480581,0.704625460481087,0.935657703452862,0.857919749034836,"chmp4bb/cdk2",2
"GO:0030516","regulation of axon extension","2/1162","39/18773",0.0512820512820513,0.828500816452624,-0.275388265480581,0.704625460481087,0.935657703452862,0.857919749034836,"dbnlb/sema3d",2
"GO:0031102","neuron projection regeneration","2/1162","39/18773",0.0512820512820513,0.828500816452624,-0.275388265480581,0.704625460481087,0.935657703452862,0.857919749034836,"mycbp2/csrp1a",2
"GO:0043547","positive regulation of GTPase activity","2/1162","39/18773",0.0512820512820513,0.828500816452624,-0.275388265480581,0.704625460481087,0.935657703452862,0.857919749034836,"ralgapa2/scrib",2
"GO:0097696","cell surface receptor signaling pathway via STAT","2/1162","39/18773",0.0512820512820513,0.828500816452624,-0.275388265480581,0.704625460481087,0.935657703452862,0.857919749034836,"ghrb/ptpn2b",2
"GO:0007098","centrosome cycle","3/1162","58/18773",0.0517241379310345,0.835643064870319,-0.322013028501378,0.704938684245807,0.935657703452862,0.857919749034836,"npm1b/chordc1b/pard6gb",3
"GO:0051251","positive regulation of lymphocyte activation","3/1162","58/18773",0.0517241379310345,0.835643064870319,-0.322013028501378,0.704938684245807,0.935657703452862,0.857919749034836,"kmt5b/brd4/fam49bb",3
"GO:0140029","exocytic process","3/1162","58/18773",0.0517241379310345,0.835643064870319,-0.322013028501378,0.704938684245807,0.935657703452862,0.857919749034836,"stx3a/exoc4/syt2a",3
"GO:1903825","organic acid transmembrane transport","5/1162","95/18773",0.0526315789473684,0.850303469517166,-0.375728968466148,0.707619435788388,0.935657703452862,0.857919749034836,"slc25a18/slc25a11/lrrc8aa/sfxn2/mfsd12a",5
"GO:0060326","cell chemotaxis","7/1162","131/18773",0.0534351145038168,0.863285201876207,-0.403339958966775,0.708594378949634,0.935657703452862,0.857919749034836,"cul1a/lgals3b/cyba/rac1b/trim33/rab13/myd88",7
"GO:0051094","positive regulation of developmental process","15/1162","271/18773",0.0553505535055351,0.894230586023588,-0.450507197141703,0.709831543233648,0.935657703452862,0.857919749034836,"dbnlb/tfec/tal1/kmt5b/brd4/add1/kdr/smad2/prdm1a/rbm24a/basp1/pithd1/myd88/atraid/swap70b",15
"GO:0034330","cell junction organization","18/1162","323/18773",0.0557275541795666,0.900321320665235,-0.464164240896819,0.711715030962754,0.935657703452862,0.857919749034836,"dspa/dbnlb/jupa/mycbp2/add1/ppfibp1a/tjp1b/mtm1/abhd17c/cldn11b/mesd/fbxo45/ascc1/rab13/ppfibp1b/sparc/csk/rock1",18
"GO:0007626","locomotory behavior","9/1162","167/18773",0.0538922155688623,0.870670019685242,-0.431218383281198,0.712742506426161,0.935657703452862,0.857919749034836,"vapb/uba5/reep1/mtm1/gch1/depdc5/arid1b/surf1/vps37a",9
"GO:0002696","positive regulation of leukocyte activation","3/1162","59/18773",0.0508474576271186,0.821479623092856,-0.352774200755116,0.715898253203319,0.935657703452862,0.857919749034836,"kmt5b/brd4/fam49bb",3
"GO:0019646","aerobic electron transport chain","3/1162","59/18773",0.0508474576271186,0.821479623092856,-0.352774200755116,0.715898253203319,0.935657703452862,0.857919749034836,"cox6c/ndufa7/uqcrq",3
"GO:0050867","positive regulation of cell activation","3/1162","59/18773",0.0508474576271186,0.821479623092856,-0.352774200755116,0.715898253203319,0.935657703452862,0.857919749034836,"kmt5b/brd4/fam49bb",3
"GO:0061572","actin filament bundle organization","3/1162","59/18773",0.0508474576271186,0.821479623092856,-0.352774200755116,0.715898253203319,0.935657703452862,0.857919749034836,"pfn1/sdc4/rock1",3
"GO:0016485","protein processing","5/1162","96/18773",0.0520833333333333,0.841446141709696,-0.400060064017921,0.716265612992251,0.935657703452862,0.857919749034836,"metap1/zmpste24/atg4a/ece1/pcsk7",5
"GO:0051249","regulation of lymphocyte activation","5/1162","96/18773",0.0520833333333333,0.841446141709696,-0.400060064017921,0.716265612992251,0.935657703452862,0.857919749034836,"kmt5b/brd4/fam49bb/loxl3b/mettl3",5
"GO:1901990","regulation of mitotic cell cycle phase transition","5/1162","96/18773",0.0520833333333333,0.841446141709696,-0.400060064017921,0.716265612992251,0.935657703452862,0.857919749034836,"mad1l1/ccnd2a/chmp4bb/cdk2/swap70b",5
"GO:1901699","cellular response to nitrogen compound","8/1162","150/18773",0.0533333333333333,0.861640849110729,-0.437013672124048,0.717378593881714,0.935657703452862,0.857919749034836,"pik3r1/gsk3ab/rap1aa/pik3r2/ghrb/rab13/gna11b/pik3r3b",8
"GO:0006826","iron ion transport","2/1162","40/18773",0.05,0.807788296041308,-0.31258813267043,0.717815831034091,0.935657703452862,0.857919749034836,"slc25a28/slc40a1",2
"GO:0021575","hindbrain morphogenesis","2/1162","40/18773",0.05,0.807788296041308,-0.31258813267043,0.717815831034091,0.935657703452862,0.857919749034836,"exosc8/raraa",2
"GO:0030301","cholesterol transport","2/1162","40/18773",0.05,0.807788296041308,-0.31258813267043,0.717815831034091,0.935657703452862,0.857919749034836,"zdhhc8b/apoeb",2
"GO:0048546","digestive tract morphogenesis","2/1162","40/18773",0.05,0.807788296041308,-0.31258813267043,0.717815831034091,0.935657703452862,0.857919749034836,"pard6gb/bbs7",2
"GO:0022904","respiratory electron transport chain","4/1162","78/18773",0.0512820512820513,0.828500816452624,-0.38986383605597,0.719317271840234,0.935657703452862,0.857919749034836,"slc25a18/cox6c/ndufa7/uqcrq",4
"GO:0001738","morphogenesis of a polarized epithelium","1/1162","20/18773",0.05,0.807788296041308,-0.22091529137853,0.721569689332132,0.935657703452862,0.857919749034836,"scrib",1
"GO:0001757","somite specification","1/1162","20/18773",0.05,0.807788296041308,-0.22091529137853,0.721569689332132,0.935657703452862,0.857919749034836,"prrc1",1
"GO:0006536","glutamate metabolic process","1/1162","20/18773",0.05,0.807788296041308,-0.22091529137853,0.721569689332132,0.935657703452862,0.857919749034836,"glud1b",1
"GO:0006584","catecholamine metabolic process","1/1162","20/18773",0.05,0.807788296041308,-0.22091529137853,0.721569689332132,0.935657703452862,0.857919749034836,"sult1st1",1
"GO:0007157","heterophilic cell-cell adhesion via plasma membrane cell adhesion molecules","1/1162","20/18773",0.05,0.807788296041308,-0.22091529137853,0.721569689332132,0.935657703452862,0.857919749034836,"si:ch73-22o12.1",1
"GO:0007214","gamma-aminobutyric acid signaling pathway","1/1162","20/18773",0.05,0.807788296041308,-0.22091529137853,0.721569689332132,0.935657703452862,0.857919749034836,"gpr156",1
"GO:0009712","catechol-containing compound metabolic process","1/1162","20/18773",0.05,0.807788296041308,-0.22091529137853,0.721569689332132,0.935657703452862,0.857919749034836,"sult1st1",1
"GO:0009743","response to carbohydrate","1/1162","20/18773",0.05,0.807788296041308,-0.22091529137853,0.721569689332132,0.935657703452862,0.857919749034836,"hif1ab",1
"GO:0009746","response to hexose","1/1162","20/18773",0.05,0.807788296041308,-0.22091529137853,0.721569689332132,0.935657703452862,0.857919749034836,"hif1ab",1
"GO:0009749","response to glucose","1/1162","20/18773",0.05,0.807788296041308,-0.22091529137853,0.721569689332132,0.935657703452862,0.857919749034836,"hif1ab",1
"GO:0014044","Schwann cell development","1/1162","20/18773",0.05,0.807788296041308,-0.22091529137853,0.721569689332132,0.935657703452862,0.857919749034836,"dock1",1
"GO:0016601","Rac protein signal transduction","1/1162","20/18773",0.05,0.807788296041308,-0.22091529137853,0.721569689332132,0.935657703452862,0.857919749034836,"rac1b",1
"GO:0016925","protein sumoylation","1/1162","20/18773",0.05,0.807788296041308,-0.22091529137853,0.721569689332132,0.935657703452862,0.857919749034836,"uba2",1
"GO:0030073","insulin secretion","1/1162","20/18773",0.05,0.807788296041308,-0.22091529137853,0.721569689332132,0.935657703452862,0.857919749034836,"uqcc2",1
"GO:0030518","nuclear receptor-mediated steroid hormone signaling pathway","1/1162","20/18773",0.05,0.807788296041308,-0.22091529137853,0.721569689332132,0.935657703452862,0.857919749034836,"strn3",1
"GO:0031640","killing of cells of another organism","1/1162","20/18773",0.05,0.807788296041308,-0.22091529137853,0.721569689332132,0.935657703452862,0.857919749034836,"lygl1",1
"GO:0034284","response to monosaccharide","1/1162","20/18773",0.05,0.807788296041308,-0.22091529137853,0.721569689332132,0.935657703452862,0.857919749034836,"hif1ab",1
"GO:0034472","snRNA 3'-end processing","1/1162","20/18773",0.05,0.807788296041308,-0.22091529137853,0.721569689332132,0.935657703452862,0.857919749034836,"exosc8",1
"GO:0036302","atrioventricular canal development","1/1162","20/18773",0.05,0.807788296041308,-0.22091529137853,0.721569689332132,0.935657703452862,0.857919749034836,"id4",1
"GO:0042744","hydrogen peroxide catabolic process","1/1162","20/18773",0.05,0.807788296041308,-0.22091529137853,0.721569689332132,0.935657703452862,0.857919749034836,"prdx4",1
"GO:0046470","phosphatidylcholine metabolic process","1/1162","20/18773",0.05,0.807788296041308,-0.22091529137853,0.721569689332132,0.935657703452862,0.857919749034836,"mboat2b",1
"GO:0046883","regulation of hormone secretion","1/1162","20/18773",0.05,0.807788296041308,-0.22091529137853,0.721569689332132,0.935657703452862,0.857919749034836,"uqcc2",1
"GO:0048639","positive regulation of developmental growth","1/1162","20/18773",0.05,0.807788296041308,-0.22091529137853,0.721569689332132,0.935657703452862,0.857919749034836,"dbnlb",1
"GO:0050650","chondroitin sulfate proteoglycan biosynthetic process","1/1162","20/18773",0.05,0.807788296041308,-0.22091529137853,0.721569689332132,0.935657703452862,0.857919749034836,"chpf2",1
"GO:0060841","venous blood vessel development","1/1162","20/18773",0.05,0.807788296041308,-0.22091529137853,0.721569689332132,0.935657703452862,0.857919749034836,"mios",1
"GO:0071229","cellular response to acid chemical","1/1162","20/18773",0.05,0.807788296041308,-0.22091529137853,0.721569689332132,0.935657703452862,0.857919749034836,"lamtor2",1
"GO:0071230","cellular response to amino acid stimulus","1/1162","20/18773",0.05,0.807788296041308,-0.22091529137853,0.721569689332132,0.935657703452862,0.857919749034836,"lamtor2",1
"GO:0071577","zinc ion transmembrane transport","1/1162","20/18773",0.05,0.807788296041308,-0.22091529137853,0.721569689332132,0.935657703452862,0.857919749034836,"slc30a6",1
"GO:0141061","disruption of cell in another organism","1/1162","20/18773",0.05,0.807788296041308,-0.22091529137853,0.721569689332132,0.935657703452862,0.857919749034836,"lygl1",1
"GO:1990798","pancreas regeneration","1/1162","20/18773",0.05,0.807788296041308,-0.22091529137853,0.721569689332132,0.935657703452862,0.857919749034836,"pepd",1
"GO:0048565","digestive tract development","6/1162","115/18773",0.0521739130434783,0.842909526303974,-0.434042796913096,0.72328426555032,0.937397297229476,0.859514810830135,"yap1/sdc2/eed/pard6gb/bbs7/klf6a",6
"GO:0002764","immune response-regulating signaling pathway","5/1162","97/18773",0.0515463917525773,0.832771439217843,-0.424151214494198,0.72472881137082,0.938381152724617,0.860416923917393,"il10rb/si:dkey-52l18.4/csk/mapkapk2a/myd88",5
"GO:0042775","mitochondrial ATP synthesis coupled electron transport","3/1162","60/18773",0.05,0.807788296041308,-0.383045243139688,0.726539801935854,0.938381152724617,0.860416923917393,"cox6c/ndufa7/uqcrq",3
"GO:0002682","regulation of immune system process","23/1162","412/18773",0.0558252427184466,0.901899553832529,-0.517175274412852,0.726587861643571,0.938381152724617,0.860416923917393,"akirin2/med12/hic1l/il10rb/otud5b/kmt5b/otud5a/brd4/zbtb16a/asxl1/rac1b/ythdf2/fam49bb/n4bp1/gch1/lpar2a/si:dkey-52l18.4/loxl3b/csk/pithd1/mapkapk2a/myd88/mettl3",23
"GO:0006119","oxidative phosphorylation","4/1162","79/18773",0.0506329113924051,0.818013464345628,-0.416359053364826,0.728592274551467,0.938381152724617,0.860416923917393,"uqcc2/cox6c/ndufa7/uqcrq",4
"GO:0007292","female gamete generation","4/1162","79/18773",0.0506329113924051,0.818013464345628,-0.416359053364826,0.728592274551467,0.938381152724617,0.860416923917393,"dctn2/ythdf2/smad2/mettl3",4
"GO:0030641","regulation of cellular pH","2/1162","41/18773",0.048780487804878,0.788086142479325,-0.34891973919912,0.730506688206635,0.938381152724617,0.860416923917393,"atp6v0d1/atp6v0a2b",2
"GO:0032543","mitochondrial translation","2/1162","41/18773",0.048780487804878,0.788086142479325,-0.34891973919912,0.730506688206635,0.938381152724617,0.860416923917393,"uqcc2/coa3a",2
"GO:0060219","camera-type eye photoreceptor cell differentiation","2/1162","41/18773",0.048780487804878,0.788086142479325,-0.34891973919912,0.730506688206635,0.938381152724617,0.860416923917393,"adipor1b/znf644a",2
"GO:1901888","regulation of cell junction assembly","2/1162","41/18773",0.048780487804878,0.788086142479325,-0.34891973919912,0.730506688206635,0.938381152724617,0.860416923917393,"mycbp2/rock1",2
"GO:0010817","regulation of hormone levels","5/1162","98/18773",0.0510204081632653,0.824273771470723,-0.448007876100351,0.733009162509901,0.938381152724617,0.860416923917393,"uqcc2/hsd17b12b/ece1/rcor1/rdh10b",5
"GO:0120035","regulation of plasma membrane bounded cell projection organization","11/1162","206/18773",0.0533980582524272,0.862686529752853,-0.509028633584517,0.735681337192009,0.938381152724617,0.860416923917393,"dbnlb/gsk3ab/mycbp2/reep1/ezrb/rab11fip3/nedd4l/grk5l/pard6gb/rbpms2b/ift74",11
"GO:0044057","regulation of system process","8/1162","153/18773",0.0522875816993464,0.844745930500714,-0.495296430374801,0.73755230747639,0.938381152724617,0.860416923917393,"vapb/fbxw7/erp44/hspb1/depdc5/skia/bnip3lb/tnnt3a",8
"GO:0001817","regulation of cytokine production","4/1162","80/18773",0.05,0.807788296041308,-0.442539099220455,0.737636176447932,0.938381152724617,0.860416923917393,"hic1l/zbtb16a/sulf2b/n4bp1",4
"GO:0007269","neurotransmitter secretion","4/1162","80/18773",0.05,0.807788296041308,-0.442539099220455,0.737636176447932,0.938381152724617,0.860416923917393,"stx3a/rap1aa/caskb/syt2a",4
"GO:0071466","cellular response to xenobiotic stimulus","4/1162","80/18773",0.05,0.807788296041308,-0.442539099220455,0.737636176447932,0.938381152724617,0.860416923917393,"sult1st1/tgfbi/nfe2l2a/cyp1a",4
"GO:0099643","signal release from synapse","4/1162","80/18773",0.05,0.807788296041308,-0.442539099220455,0.737636176447932,0.938381152724617,0.860416923917393,"stx3a/rap1aa/caskb/syt2a",4
"GO:0006310","DNA recombination","9/1162","171/18773",0.0526315789473684,0.850303469517166,-0.505122016440847,0.738360849637243,0.938381152724617,0.860416923917393,"hdgfl2/terfa/rnf168/kmt5b/rev3l/cenpx/ercc1/top2a/xrcc6",9
"GO:0009611","response to wounding","9/1162","171/18773",0.0526315789473684,0.850303469517166,-0.505122016440847,0.738360849637243,0.938381152724617,0.860416923917393,"dspa/bambia/mycbp2/hbegfa/sdc4/esama/rhoca/myd88/proza",9
"GO:0007163","establishment or maintenance of cell polarity","6/1162","117/18773",0.0512820512820513,0.828500816452624,-0.477982558354341,0.738461818076922,0.938381152724617,0.860416923917393,"parvaa/dctn2/rac1b/sipa1l3/scrib/pard6gb",6
"GO:0098813","nuclear chromosome segregation","6/1162","117/18773",0.0512820512820513,0.828500816452624,-0.477982558354341,0.738461818076922,0.938381152724617,0.860416923917393,"clasp1a/mad1l1/smc4/cntrl/prc1a/top2a",6
"GO:0001711","endodermal cell fate commitment","1/1162","21/18773",0.0476190476190476,0.769322186706008,-0.271680210043166,0.738822183386206,0.938381152724617,0.860416923917393,"acvr1ba",1
"GO:0003208","cardiac ventricle morphogenesis","1/1162","21/18773",0.0476190476190476,0.769322186706008,-0.271680210043166,0.738822183386206,0.938381152724617,0.860416923917393,"rbfox2",1
"GO:0003318","cell migration to the midline involved in heart development","1/1162","21/18773",0.0476190476190476,0.769322186706008,-0.271680210043166,0.738822183386206,0.938381152724617,0.860416923917393,"cemip2",1
"GO:0006636","unsaturated fatty acid biosynthetic process","1/1162","21/18773",0.0476190476190476,0.769322186706008,-0.271680210043166,0.738822183386206,0.938381152724617,0.860416923917393,"elovl1b",1
"GO:0007032","endosome organization","1/1162","21/18773",0.0476190476190476,0.769322186706008,-0.271680210043166,0.738822183386206,0.938381152724617,0.860416923917393,"aktip",1
"GO:0007379","segment specification","1/1162","21/18773",0.0476190476190476,0.769322186706008,-0.271680210043166,0.738822183386206,0.938381152724617,0.860416923917393,"prrc1",1
"GO:0010965","regulation of mitotic sister chromatid separation","1/1162","21/18773",0.0476190476190476,0.769322186706008,-0.271680210043166,0.738822183386206,0.938381152724617,0.860416923917393,"mad1l1",1
"GO:0014037","Schwann cell differentiation","1/1162","21/18773",0.0476190476190476,0.769322186706008,-0.271680210043166,0.738822183386206,0.938381152724617,0.860416923917393,"dock1",1
"GO:0015813","L-glutamate transmembrane transport","1/1162","21/18773",0.0476190476190476,0.769322186706008,-0.271680210043166,0.738822183386206,0.938381152724617,0.860416923917393,"slc25a18",1
"GO:0021695","cerebellar cortex development","1/1162","21/18773",0.0476190476190476,0.769322186706008,-0.271680210043166,0.738822183386206,0.938381152724617,0.860416923917393,"exosc8",1
"GO:0034311","diol metabolic process","1/1162","21/18773",0.0476190476190476,0.769322186706008,-0.271680210043166,0.738822183386206,0.938381152724617,0.860416923917393,"gch1",1
"GO:0036376","sodium ion export across plasma membrane","1/1162","21/18773",0.0476190476190476,0.769322186706008,-0.271680210043166,0.738822183386206,0.938381152724617,0.860416923917393,"fxyd6l",1
"GO:0043173","nucleotide salvage","1/1162","21/18773",0.0476190476190476,0.769322186706008,-0.271680210043166,0.738822183386206,0.938381152724617,0.860416923917393,"uck2a",1
"GO:0048259","regulation of receptor-mediated endocytosis","1/1162","21/18773",0.0476190476190476,0.769322186706008,-0.271680210043166,0.738822183386206,0.938381152724617,0.860416923917393,"smap1",1
"GO:1902305","regulation of sodium ion transmembrane transport","1/1162","21/18773",0.0476190476190476,0.769322186706008,-0.271680210043166,0.738822183386206,0.938381152724617,0.860416923917393,"fxyd6l",1
"GO:0007276","gamete generation","10/1162","189/18773",0.0529100529100529,0.854802429673342,-0.515331845596076,0.739675293947127,0.938381152724617,0.860416923917393,"stau2/agfg1a/dctn2/ythdf2/kif5ba/smad2/strbp/igf2bp3/kif26ab/mettl3",10
"GO:0006721","terpenoid metabolic process","2/1162","42/18773",0.0476190476190476,0.769322186706008,-0.384429155337022,0.742709273931162,0.938381152724617,0.860416923917393,"rcor1/rdh10b",2
"GO:0008643","carbohydrate transport","2/1162","42/18773",0.0476190476190476,0.769322186706008,-0.384429155337022,0.742709273931162,0.938381152724617,0.860416923917393,"akt2/mfsd12a",2
"GO:0043087","regulation of GTPase activity","2/1162","42/18773",0.0476190476190476,0.769322186706008,-0.384429155337022,0.742709273931162,0.938381152724617,0.860416923917393,"ralgapa2/scrib",2
"GO:0003013","circulatory system process","16/1162","295/18773",0.0542372881355932,0.876244931299046,-0.550316900558042,0.743097295795249,0.938381152724617,0.860416923917393,"dspa/vapb/mios/erp44/foxc1a/ccm2l/tjp1b/smyd2a/skia/surf1/rbpms2b/acvrl1/bicd2/bnip3lb/icam3/taf1a",16
"GO:0006302","double-strand break repair","8/1162","154/18773",0.051948051948052,0.839260567315645,-0.514482899193906,0.744052323718278,0.938381152724617,0.860416923917393,"hdgfl2/polb/rnf168/kmt5b/rev3l/ercc1/ppp4r3b/xrcc6",8
"GO:0006979","response to oxidative stress","4/1162","81/18773",0.0493827160493827,0.797815601028452,-0.468412625965272,0.746450355504028,0.938381152724617,0.860416923917393,"reep1/gpx8/nfe2l2a/prdx4",4
"GO:0051261","protein depolymerization","4/1162","81/18773",0.0493827160493827,0.797815601028452,-0.468412625965272,0.746450355504028,0.938381152724617,0.860416923917393,"sh3gl1b/add1/cfl2/cfl1l",4
"GO:0005976","polysaccharide metabolic process","3/1162","62/18773",0.0483870967741935,0.781730609072234,-0.442187549530814,0.746881916376636,0.938381152724617,0.860416923917393,"atg3/hdac8/ppp1cb",3
"GO:0031333","negative regulation of protein-containing complex assembly","3/1162","62/18773",0.0483870967741935,0.781730609072234,-0.442187549530814,0.746881916376636,0.938381152724617,0.860416923917393,"add1/ssh2a/si:ch211-203d1.3",3
"GO:0051345","positive regulation of hydrolase activity","3/1162","62/18773",0.0483870967741935,0.781730609072234,-0.442187549530814,0.746881916376636,0.938381152724617,0.860416923917393,"ralgapa2/scrib/becn1",3
"GO:0031344","regulation of cell projection organization","11/1162","209/18773",0.0526315789473684,0.850303469517166,-0.559004657384886,0.7524408280046,0.938381152724617,0.860416923917393,"dbnlb/gsk3ab/mycbp2/reep1/ezrb/rab11fip3/nedd4l/grk5l/pard6gb/rbpms2b/ift74",11
"GO:0006334","nucleosome assembly","2/1162","43/18773",0.0465116279069767,0.751430973061682,-0.419158888033163,0.754435352934351,0.938381152724617,0.860416923917393,"nap1l4b/chaf1b",2
"GO:0008589","regulation of smoothened signaling pathway","2/1162","43/18773",0.0465116279069767,0.751430973061682,-0.419158888033163,0.754435352934351,0.938381152724617,0.860416923917393,"sufu/mosmob",2
"GO:0009145","purine nucleoside triphosphate biosynthetic process","2/1162","43/18773",0.0465116279069767,0.751430973061682,-0.419158888033163,0.754435352934351,0.938381152724617,0.860416923917393,"atp5mea/nme7",2
"GO:0009206","purine ribonucleoside triphosphate biosynthetic process","2/1162","43/18773",0.0465116279069767,0.751430973061682,-0.419158888033163,0.754435352934351,0.938381152724617,0.860416923917393,"atp5mea/nme7",2
"GO:0033500","carbohydrate homeostasis","2/1162","43/18773",0.0465116279069767,0.751430973061682,-0.419158888033163,0.754435352934351,0.938381152724617,0.860416923917393,"yap1/akt2",2
"GO:0042593","glucose homeostasis","2/1162","43/18773",0.0465116279069767,0.751430973061682,-0.419158888033163,0.754435352934351,0.938381152724617,0.860416923917393,"yap1/akt2",2
"GO:0051783","regulation of nuclear division","2/1162","43/18773",0.0465116279069767,0.751430973061682,-0.419158888033163,0.754435352934351,0.938381152724617,0.860416923917393,"mad1l1/mcl1b",2
"GO:0000132","establishment of mitotic spindle orientation","1/1162","22/18773",0.0454545454545455,0.734352996401189,-0.3202361628853,0.755006516945572,0.938381152724617,0.860416923917393,"scrib",1
"GO:0000959","mitochondrial RNA metabolic process","1/1162","22/18773",0.0454545454545455,0.734352996401189,-0.3202361628853,0.755006516945572,0.938381152724617,0.860416923917393,"tfam",1
"GO:0001101","response to acid chemical","1/1162","22/18773",0.0454545454545455,0.734352996401189,-0.3202361628853,0.755006516945572,0.938381152724617,0.860416923917393,"lamtor2",1
"GO:0006120","mitochondrial electron transport, NADH to ubiquinone","1/1162","22/18773",0.0454545454545455,0.734352996401189,-0.3202361628853,0.755006516945572,0.938381152724617,0.860416923917393,"ndufa7",1
"GO:0006123","mitochondrial electron transport, cytochrome c to oxygen","1/1162","22/18773",0.0454545454545455,0.734352996401189,-0.3202361628853,0.755006516945572,0.938381152724617,0.860416923917393,"cox6c",1
"GO:0006829","zinc ion transport","1/1162","22/18773",0.0454545454545455,0.734352996401189,-0.3202361628853,0.755006516945572,0.938381152724617,0.860416923917393,"slc30a6",1
"GO:0006998","nuclear envelope organization","1/1162","22/18773",0.0454545454545455,0.734352996401189,-0.3202361628853,0.755006516945572,0.938381152724617,0.860416923917393,"tor1",1
"GO:0009648","photoperiodism","1/1162","22/18773",0.0454545454545455,0.734352996401189,-0.3202361628853,0.755006516945572,0.938381152724617,0.860416923917393,"cry2",1
"GO:0010950","positive regulation of endopeptidase activity","1/1162","22/18773",0.0454545454545455,0.734352996401189,-0.3202361628853,0.755006516945572,0.938381152724617,0.860416923917393,"becn1",1
"GO:0010952","positive regulation of peptidase activity","1/1162","22/18773",0.0454545454545455,0.734352996401189,-0.3202361628853,0.755006516945572,0.938381152724617,0.860416923917393,"becn1",1
"GO:0016226","iron-sulfur cluster assembly","1/1162","22/18773",0.0454545454545455,0.734352996401189,-0.3202361628853,0.755006516945572,0.938381152724617,0.860416923917393,"nubp2",1
"GO:0031163","metallo-sulfur cluster assembly","1/1162","22/18773",0.0454545454545455,0.734352996401189,-0.3202361628853,0.755006516945572,0.938381152724617,0.860416923917393,"nubp2",1
"GO:0031297","replication fork processing","1/1162","22/18773",0.0454545454545455,0.734352996401189,-0.3202361628853,0.755006516945572,0.938381152724617,0.860416923917393,"cenpx",1
"GO:0031630","regulation of synaptic vesicle fusion to presynaptic active zone membrane","1/1162","22/18773",0.0454545454545455,0.734352996401189,-0.3202361628853,0.755006516945572,0.938381152724617,0.860416923917393,"syt2a",1
"GO:0033338","medial fin development","1/1162","22/18773",0.0454545454545455,0.734352996401189,-0.3202361628853,0.755006516945572,0.938381152724617,0.860416923917393,"smyd2a",1
"GO:0043200","response to amino acid","1/1162","22/18773",0.0454545454545455,0.734352996401189,-0.3202361628853,0.755006516945572,0.938381152724617,0.860416923917393,"lamtor2",1
"GO:0045666","positive regulation of neuron differentiation","1/1162","22/18773",0.0454545454545455,0.734352996401189,-0.3202361628853,0.755006516945572,0.938381152724617,0.860416923917393,"prdm1a",1
"GO:0045995","regulation of embryonic development","1/1162","22/18773",0.0454545454545455,0.734352996401189,-0.3202361628853,0.755006516945572,0.938381152724617,0.860416923917393,"igf2bp3",1
"GO:0048752","semicircular canal morphogenesis","1/1162","22/18773",0.0454545454545455,0.734352996401189,-0.3202361628853,0.755006516945572,0.938381152724617,0.860416923917393,"sparc",1
"GO:0048934","peripheral nervous system neuron differentiation","1/1162","22/18773",0.0454545454545455,0.734352996401189,-0.3202361628853,0.755006516945572,0.938381152724617,0.860416923917393,"sema3d",1
"GO:0048935","peripheral nervous system neuron development","1/1162","22/18773",0.0454545454545455,0.734352996401189,-0.3202361628853,0.755006516945572,0.938381152724617,0.860416923917393,"sema3d",1
"GO:0051306","mitotic sister chromatid separation","1/1162","22/18773",0.0454545454545455,0.734352996401189,-0.3202361628853,0.755006516945572,0.938381152724617,0.860416923917393,"mad1l1",1
"GO:0051938","L-glutamate import","1/1162","22/18773",0.0454545454545455,0.734352996401189,-0.3202361628853,0.755006516945572,0.938381152724617,0.860416923917393,"slc25a18",1
"GO:0060029","convergent extension involved in organogenesis","1/1162","22/18773",0.0454545454545455,0.734352996401189,-0.3202361628853,0.755006516945572,0.938381152724617,0.860416923917393,"rap1aa",1
"GO:0061337","cardiac conduction","1/1162","22/18773",0.0454545454545455,0.734352996401189,-0.3202361628853,0.755006516945572,0.938381152724617,0.860416923917393,"skia",1
"GO:0065002","intracellular protein transmembrane transport","1/1162","22/18773",0.0454545454545455,0.734352996401189,-0.3202361628853,0.755006516945572,0.938381152724617,0.860416923917393,"sec62",1
"GO:1901632","regulation of synaptic vesicle membrane organization","1/1162","22/18773",0.0454545454545455,0.734352996401189,-0.3202361628853,0.755006516945572,0.938381152724617,0.860416923917393,"syt2a",1
"GO:2001237","negative regulation of extrinsic apoptotic signaling pathway","1/1162","22/18773",0.0454545454545455,0.734352996401189,-0.3202361628853,0.755006516945572,0.938381152724617,0.860416923917393,"lgals3b",1
"GO:0050863","regulation of T cell activation","4/1162","82/18773",0.048780487804878,0.788086142479325,-0.49398793596268,0.755036486593385,0.938381152724617,0.860416923917393,"brd4/fam49bb/loxl3b/mettl3",4
"GO:0042773","ATP synthesis coupled electron transport","3/1162","63/18773",0.0476190476190476,0.769322186706008,-0.471091789473224,0.756590140400829,0.938919023618412,0.860910106478189,"cox6c/ndufa7/uqcrq",3
"GO:0050954","sensory perception of mechanical stimulus","3/1162","63/18773",0.0476190476190476,0.769322186706008,-0.471091789473224,0.756590140400829,0.938919023618412,0.860910106478189,"get1/atp2b1a/lrp5",3
"GO:0140053","mitochondrial gene expression","3/1162","63/18773",0.0476190476190476,0.769322186706008,-0.471091789473224,0.756590140400829,0.938919023618412,0.860910106478189,"uqcc2/tfam/coa3a",3
"GO:0007411","axon guidance","15/1162","282/18773",0.0531914893617021,0.859349251107774,-0.611297658130911,0.764107574432563,0.94709953943032,0.86841095432717,"hnrnpr/pbx4/mycbp2/reep1/dag1/foxc1a/rac1b/sema4c/scrib/kif5ba/hif1ab/rbpms2b/plod3/pin1/sema3d",15
"GO:0097485","neuron projection guidance","15/1162","282/18773",0.0531914893617021,0.859349251107774,-0.611297658130911,0.764107574432563,0.94709953943032,0.86841095432717,"hnrnpr/pbx4/mycbp2/reep1/dag1/foxc1a/rac1b/sema4c/scrib/kif5ba/hif1ab/rbpms2b/plod3/pin1/sema3d",15
"GO:0006575","cellular modified amino acid metabolic process","5/1162","102/18773",0.0490196078431373,0.79194930984442,-0.541192520023706,0.764312720240624,0.94709953943032,0.86841095432717,"gclm/gch1/gstm.1/gsta.1/aldh9a1a.1",5
"GO:0006766","vitamin metabolic process","2/1162","44/18773",0.0454545454545455,0.734352996401189,-0.453148235521036,0.765697105086106,0.947373655921823,0.868662296191539,"rcor1/thtpa",2
"GO:0015918","sterol transport","2/1162","44/18773",0.0454545454545455,0.734352996401189,-0.453148235521036,0.765697105086106,0.947373655921823,0.868662296191539,"zdhhc8b/apoeb",2
"GO:0030900","forebrain development","8/1162","158/18773",0.0506329113924051,0.818013464345628,-0.59006874203985,0.768927549336276,0.947373655921823,0.868662296191539,"med12/wls/tgif1/mycbp2/tcf7l1a/tacc1/tcf7l2/mettl3",8
"GO:0006497","protein lipidation","1/1162","23/18773",0.0434782608695652,0.702424605253311,-0.366797720985804,0.770188770015235,0.947373655921823,0.868662296191539,"zdhhc8b",1
"GO:0007215","glutamate receptor signaling pathway","1/1162","23/18773",0.0434782608695652,0.702424605253311,-0.366797720985804,0.770188770015235,0.947373655921823,0.868662296191539,"homer3b",1
"GO:0007634","optokinetic behavior","1/1162","23/18773",0.0434782608695652,0.702424605253311,-0.366797720985804,0.770188770015235,0.947373655921823,0.868662296191539,"pim1",1
"GO:0015800","acidic amino acid transport","1/1162","23/18773",0.0434782608695652,0.702424605253311,-0.366797720985804,0.770188770015235,0.947373655921823,0.868662296191539,"slc25a18",1
"GO:0030071","regulation of mitotic metaphase/anaphase transition","1/1162","23/18773",0.0434782608695652,0.702424605253311,-0.366797720985804,0.770188770015235,0.947373655921823,0.868662296191539,"mad1l1",1
"GO:0030537","larval behavior","1/1162","23/18773",0.0434782608695652,0.702424605253311,-0.366797720985804,0.770188770015235,0.947373655921823,0.868662296191539,"nfe2l2a",1
"GO:0034502","protein localization to chromosome","1/1162","23/18773",0.0434782608695652,0.702424605253311,-0.366797720985804,0.770188770015235,0.947373655921823,0.868662296191539,"terfa",1
"GO:0043049","otic placode formation","1/1162","23/18773",0.0434782608695652,0.702424605253311,-0.366797720985804,0.770188770015235,0.947373655921823,0.868662296191539,"smad5",1
"GO:0043401","steroid hormone receptor signaling pathway","1/1162","23/18773",0.0434782608695652,0.702424605253311,-0.366797720985804,0.770188770015235,0.947373655921823,0.868662296191539,"strn3",1
"GO:0060117","auditory receptor cell development","1/1162","23/18773",0.0434782608695652,0.702424605253311,-0.366797720985804,0.770188770015235,0.947373655921823,0.868662296191539,"dctn2",1
"GO:0141060","disruption of anatomical structure in another organism","1/1162","23/18773",0.0434782608695652,0.702424605253311,-0.366797720985804,0.770188770015235,0.947373655921823,0.868662296191539,"lygl1",1
"GO:2000027","regulation of animal organ morphogenesis","1/1162","23/18773",0.0434782608695652,0.702424605253311,-0.366797720985804,0.770188770015235,0.947373655921823,0.868662296191539,"churc1",1
"GO:0008016","regulation of heart contraction","4/1162","84/18773",0.0476190476190476,0.769322186706008,-0.544275474570245,0.771532655905783,0.948296293118998,0.869508277226836,"vapb/erp44/skia/bnip3lb",4
"GO:0045087","innate immune response","14/1162","266/18773",0.0526315789473684,0.850303469517166,-0.631612721831525,0.771693561252826,0.948296293118998,0.869508277226836,"akirin2/ppp1r14bb/ythdf2/cybc1/n4bp1/gch1/serinc5/ptx3a/ilrun/trim35-28/mapkapk2a/myd88/si:ch211-66k16.27/mettl3",14
"GO:0016079","synaptic vesicle exocytosis","3/1162","65/18773",0.0461538461538462,0.745650734807361,-0.527642553315675,0.77510294788301,0.951555304362484,0.872496517582038,"stx3a/rap1aa/syt2a",3
"GO:0031023","microtubule organizing center organization","3/1162","65/18773",0.0461538461538462,0.745650734807361,-0.527642553315675,0.77510294788301,0.951555304362484,0.872496517582038,"npm1b/chordc1b/pard6gb",3
"GO:0006885","regulation of pH","2/1162","45/18773",0.0444444444444444,0.718034040925607,-0.48643359927106,0.776507029052277,0.951883982443108,0.872797887853881,"atp6v0d1/atp6v0a2b",2
"GO:0071222","cellular response to lipopolysaccharide","2/1162","45/18773",0.0444444444444444,0.718034040925607,-0.48643359927106,0.776507029052277,0.951883982443108,0.872797887853881,"nfkbib/myd88",2
"GO:0071526","semaphorin-plexin signaling pathway","2/1162","45/18773",0.0444444444444444,0.718034040925607,-0.48643359927106,0.776507029052277,0.951883982443108,0.872797887853881,"sema4c/sema3d",2
"GO:0010975","regulation of neuron projection development","7/1162","141/18773",0.049645390070922,0.802059301033923,-0.60601203119941,0.776925422664024,0.951893510997988,0.872806624740653,"dbnlb/gsk3ab/mycbp2/reep1/nedd4l/pard6gb/rbpms2b",7
"GO:0043066","negative regulation of apoptotic process","15/1162","285/18773",0.0526315789473684,0.850303469517166,-0.654117136431257,0.77765116517265,0.951893510997988,0.872806624740653,"yap1/si:ch211-222l21.1/lgals3b/akt2/uri1/mcl1b/hspb1/birc2/ube2z/birc6/tuba1a/slc25a5/hax1/rnf2/pim1",15
"GO:0140352","export from cell","15/1162","285/18773",0.0526315789473684,0.850303469517166,-0.654117136431257,0.77765116517265,0.951893510997988,0.872806624740653,"stx4/stx3a/uqcc2/wls/copg2/rap1aa/fxyd6l/sdf4/caskb/rab13/rab12/ralab/cacna1ha/exoc4/syt2a",15
"GO:0023061","signal release","6/1162","123/18773",0.048780487804878,0.788086142479325,-0.605673849512959,0.780386958246568,0.952837594795116,0.873672270511868,"stx3a/uqcc2/wls/rap1aa/caskb/syt2a",6
"GO:0030031","cell projection assembly","23/1162","426/18773",0.0539906103286385,0.872259662392023,-0.685041145082072,0.781154092259434,0.952837594795116,0.873672270511868,"yap1/parvaa/ehd2b/dnmbp/pam/orc6/ezrb/rac1b/rab11fip3/gmnn/gorab/sav1/arhgef7b/atp6v0d1/grk5l/ift52/chmp4bb/inpp5b/ift74/mtss1la/bbs7/tmem138/pih1d1",23
"GO:1901987","regulation of cell cycle phase transition","7/1162","142/18773",0.0492957746478873,0.796410996097064,-0.62552797206695,0.783054037588671,0.952837594795116,0.873672270511868,"mad1l1/ccnd2a/dyrk3/dbf4/chmp4bb/cdk2/swap70b",7
"GO:0032496","response to lipopolysaccharide","3/1162","66/18773",0.0454545454545455,0.734352996401189,-0.555317224663877,0.783917316988419,0.952837594795116,0.873672270511868,"otud5a/nfkbib/myd88",3
"GO:0002790","peptide secretion","1/1162","24/18773",0.0416666666666667,0.673156913367757,-0.411549613157373,0.784430937974824,0.952837594795116,0.873672270511868,"uqcc2",1
"GO:0009065","glutamine family amino acid catabolic process","1/1162","24/18773",0.0416666666666667,0.673156913367757,-0.411549613157373,0.784430937974824,0.952837594795116,0.873672270511868,"glud1b",1
"GO:0009069","serine family amino acid metabolic process","1/1162","24/18773",0.0416666666666667,0.673156913367757,-0.411549613157373,0.784430937974824,0.952837594795116,0.873672270511868,"cth",1
"GO:0010906","regulation of glucose metabolic process","1/1162","24/18773",0.0416666666666667,0.673156913367757,-0.411549613157373,0.784430937974824,0.952837594795116,0.873672270511868,"bckdk",1
"GO:0030072","peptide hormone secretion","1/1162","24/18773",0.0416666666666667,0.673156913367757,-0.411549613157373,0.784430937974824,0.952837594795116,0.873672270511868,"uqcc2",1
"GO:0034446","substrate adhesion-dependent cell spreading","1/1162","24/18773",0.0416666666666667,0.673156913367757,-0.411549613157373,0.784430937974824,0.952837594795116,0.873672270511868,"parvaa",1
"GO:0042743","hydrogen peroxide metabolic process","1/1162","24/18773",0.0416666666666667,0.673156913367757,-0.411549613157373,0.784430937974824,0.952837594795116,0.873672270511868,"prdx4",1
"GO:0051294","establishment of spindle orientation","1/1162","24/18773",0.0416666666666667,0.673156913367757,-0.411549613157373,0.784430937974824,0.952837594795116,0.873672270511868,"scrib",1
"GO:0097581","lamellipodium organization","1/1162","24/18773",0.0416666666666667,0.673156913367757,-0.411549613157373,0.784430937974824,0.952837594795116,0.873672270511868,"arhgef7b",1
"GO:1902099","regulation of metaphase/anaphase transition of cell cycle","1/1162","24/18773",0.0416666666666667,0.673156913367757,-0.411549613157373,0.784430937974824,0.952837594795116,0.873672270511868,"mad1l1",1
"GO:1905818","regulation of chromosome separation","1/1162","24/18773",0.0416666666666667,0.673156913367757,-0.411549613157373,0.784430937974824,0.952837594795116,0.873672270511868,"mad1l1",1
"GO:0042063","gliogenesis","9/1162","179/18773",0.0502793296089385,0.812301079818075,-0.64813907443142,0.784811781049616,0.952837594795116,0.873672270511868,"itga6b/eed/dctn2/itga5/dock1/sumf1/trim35-28/swap70b/mettl3",9
"GO:0002694","regulation of leukocyte activation","5/1162","105/18773",0.0476190476190476,0.769322186706008,-0.608860650808078,0.785909318924941,0.952837594795116,0.873672270511868,"kmt5b/brd4/fam49bb/loxl3b/mettl3",5
"GO:0051336","regulation of hydrolase activity","8/1162","161/18773",0.0496894409937888,0.802770977432356,-0.645585201676882,0.786407915776962,0.952837594795116,0.873672270511868,"serpinb1l3/ralgapa2/mcl1b/scrib/becn1/svbp/serpinh2/ppp1r26",8
"GO:0006081","cellular aldehyde metabolic process","2/1162","46/18773",0.0434782608695652,0.702424605253311,-0.519048759258573,0.786877856266142,0.952837594795116,0.873672270511868,"tpi1b/aldh9a1a.1",2
"GO:0007127","meiosis I","2/1162","46/18773",0.0434782608695652,0.702424605253311,-0.519048759258573,0.786877856266142,0.952837594795116,0.873672270511868,"cenpx/top2a",2
"GO:0071219","cellular response to molecule of bacterial origin","2/1162","46/18773",0.0434782608695652,0.702424605253311,-0.519048759258573,0.786877856266142,0.952837594795116,0.873672270511868,"nfkbib/myd88",2
"GO:0030903","notochord development","4/1162","86/18773",0.0465116279069767,0.751430973061682,-0.593461805198601,0.7871431941085,0.952837594795116,0.873672270511868,"hps5/scarb2a/bmpr2b/col2a1b",4
"GO:0050878","regulation of body fluid levels","4/1162","86/18773",0.0465116279069767,0.751430973061682,-0.593461805198601,0.7871431941085,0.952837594795116,0.873672270511868,"bambia/cse1l/esama/proza",4
"GO:0043603","amide metabolic process","13/1162","252/18773",0.0515873015873016,0.833432368931508,-0.683793537542603,0.789086179176584,0.954317452617528,0.875029176191078,"bckdk/pdha1a/acot15/ece1/gclm/gstm.1/elovl1b/pank2/gsta.1/cers5/agk/ppcs/coasy",13
"GO:0048609","multicellular organismal reproductive process","10/1162","198/18773",0.0505050505050505,0.815947773779099,-0.668768158214219,0.789125215495115,0.954317452617528,0.875029176191078,"stau2/agfg1a/dctn2/ythdf2/kif5ba/smad2/strbp/igf2bp3/kif26ab/mettl3",10
"GO:0072330","monocarboxylic acid biosynthetic process","4/1162","87/18773",0.0459770114942529,0.742793835440283,-0.617659542748534,0.794623084061608,0.958799256354108,0.879138614848741,"hsd17b12b/lias/elovl1b/rcor1",4
"GO:0043069","negative regulation of programmed cell death","15/1162","289/18773",0.0519031141868512,0.83853456336468,-0.710553594969414,0.794862622221437,0.958799256354108,0.879138614848741,"yap1/si:ch211-222l21.1/lgals3b/akt2/uri1/mcl1b/hspb1/birc2/ube2z/birc6/tuba1a/slc25a5/hax1/rnf2/pim1",15
"GO:0044283","small molecule biosynthetic process","16/1162","307/18773",0.0521172638436482,0.841994315091917,-0.717004387410863,0.795809290487988,0.958799256354108,0.879138614848741,"foxo1a/pdss2/cth/dnph1/hsd17b12b/lias/gch1/tpi1b/impa1/elovl1b/enoph1/rcor1/fbp1a/ip6k2b/hsd17b7/itpkcb",16
"GO:0000154","rRNA modification","1/1162","25/18773",0.04,0.646230636833046,-0.454651972882289,0.797791183858511,0.958799256354108,0.879138614848741,"nat10",1
"GO:0003140","determination of left/right asymmetry in lateral mesoderm","1/1162","25/18773",0.04,0.646230636833046,-0.454651972882289,0.797791183858511,0.958799256354108,0.879138614848741,"rbpjb",1
"GO:0006695","cholesterol biosynthetic process","1/1162","25/18773",0.04,0.646230636833046,-0.454651972882289,0.797791183858511,0.958799256354108,0.879138614848741,"hsd17b7",1
"GO:0006801","superoxide metabolic process","1/1162","25/18773",0.04,0.646230636833046,-0.454651972882289,0.797791183858511,0.958799256354108,0.879138614848741,"cyba",1
"GO:0015749","monosaccharide transmembrane transport","1/1162","25/18773",0.04,0.646230636833046,-0.454651972882289,0.797791183858511,0.958799256354108,0.879138614848741,"akt2",1
"GO:0042026","protein refolding","1/1162","25/18773",0.04,0.646230636833046,-0.454651972882289,0.797791183858511,0.958799256354108,0.879138614848741,"hspb1",1
"GO:0045926","negative regulation of growth","1/1162","25/18773",0.04,0.646230636833046,-0.454651972882289,0.797791183858511,0.958799256354108,0.879138614848741,"wwc3",1
"GO:0051016","barbed-end actin filament capping","1/1162","25/18773",0.04,0.646230636833046,-0.454651972882289,0.797791183858511,0.958799256354108,0.879138614848741,"add1",1
"GO:1902622","regulation of neutrophil migration","1/1162","25/18773",0.04,0.646230636833046,-0.454651972882289,0.797791183858511,0.958799256354108,0.879138614848741,"rac1b",1
"GO:1902653","secondary alcohol biosynthetic process","1/1162","25/18773",0.04,0.646230636833046,-0.454651972882289,0.797791183858511,0.958799256354108,0.879138614848741,"hsd17b7",1
"GO:0002237","response to molecule of bacterial origin","3/1162","68/18773",0.0441176470588235,0.712754378859978,-0.609530364267063,0.800688428814586,0.96136169212186,0.881488153833645,"otud5a/nfkbib/myd88",3
"GO:0008037","cell recognition","3/1162","68/18773",0.0441176470588235,0.712754378859978,-0.609530364267063,0.800688428814586,0.96136169212186,0.881488153833645,"mycbp2/colec12/sema3d",3
"GO:0021536","diencephalon development","4/1162","88/18773",0.0454545454545455,0.734352996401189,-0.641602481276221,0.801890017712937,0.961885257523919,0.88196821945666,"med12/wls/mycbp2/tcf7l2",4
"GO:0045930","negative regulation of mitotic cell cycle","4/1162","88/18773",0.0454545454545455,0.734352996401189,-0.641602481276221,0.801890017712937,0.961885257523919,0.88196821945666,"mad1l1/mcl1b/scrib/chmp4bb",4
"GO:1902533","positive regulation of intracellular signal transduction","15/1162","291/18773",0.0515463917525773,0.832771439217843,-0.738497096071441,0.80310652171874,0.962355576862309,0.88239946289886,"kdrl/nck1a/lamtor2/otud5b/mios/otud5a/brd4/rell1/tnfrsf19/ikbkg/si:dkey-6n21.12/pdgfba/shoc2/myd88/pim1",15
"GO:2000145","regulation of cell motility","15/1162","291/18773",0.0515463917525773,0.832771439217843,-0.738497096071441,0.80310652171874,0.962355576862309,0.88239946289886,"kdrl/s1pr1/slka/srgap1a/rac1b/sema4c/smad5/tnfrsf19/kdr/churc1/stk24b/pdgfba/klf6a/arpin/sema3d",15
"GO:0043583","ear development","10/1162","201/18773",0.0497512437810945,0.803769448797322,-0.718458427216161,0.803998054179151,0.962355576862309,0.88239946289886,"med12/wls/vdrb/dctn2/smad5/atp2b1a/rbm24a/lrp5/sparc/pcsk7",10
"GO:0050865","regulation of cell activation","5/1162","108/18773",0.0462962962962963,0.747952125964174,-0.674756765115227,0.805937581612535,0.962355576862309,0.88239946289886,"kmt5b/brd4/fam49bb/loxl3b/mettl3",5
"GO:0000086","G2/M transition of mitotic cell cycle","2/1162","48/18773",0.0416666666666667,0.673156913367757,-0.582391914584926,0.806353858887893,0.962355576862309,0.88239946289886,"chmp4bb/cdk2",2
"GO:0050778","positive regulation of immune response","8/1162","165/18773",0.0484848484848485,0.783309862827935,-0.718120949066805,0.808168966827302,0.962355576862309,0.88239946289886,"akirin2/il10rb/kmt5b/brd4/si:dkey-52l18.4/csk/mapkapk2a/myd88",8
"GO:0030098","lymphocyte differentiation","3/1162","69/18773",0.0434782608695652,0.702424605253311,-0.63609304213565,0.808656394510078,0.962355576862309,0.88239946289886,"brd4/loxl3b/mettl3",3
"GO:0072329","monocarboxylic acid catabolic process","3/1162","69/18773",0.0434782608695652,0.702424605253311,-0.63609304213565,0.808656394510078,0.962355576862309,0.88239946289886,"decr2/acad11/ldhd",3
"GO:1903037","regulation of leukocyte cell-cell adhesion","3/1162","69/18773",0.0434782608695652,0.702424605253311,-0.63609304213565,0.808656394510078,0.962355576862309,0.88239946289886,"brd4/fam49bb/loxl3b",3
"GO:0008285","negative regulation of cell population proliferation","4/1162","89/18773",0.0449438202247191,0.726101839138254,-0.665296928440238,0.808947168971355,0.962355576862309,0.88239946289886,"si:dkey-42i9.4/smyd2a/sav1/atraid",4
"GO:0051346","negative regulation of hydrolase activity","4/1162","89/18773",0.0449438202247191,0.726101839138254,-0.665296928440238,0.808947168971355,0.962355576862309,0.88239946289886,"serpinb1l3/mcl1b/serpinh2/ppp1r26",4
"GO:0000038","very long-chain fatty acid metabolic process","1/1162","26/18773",0.0384615384615385,0.621375612339468,-0.496244488703292,0.810324075065915,0.962355576862309,0.88239946289886,"elovl1b",1
"GO:0000470","maturation of LSU-rRNA","1/1162","26/18773",0.0384615384615385,0.621375612339468,-0.496244488703292,0.810324075065915,0.962355576862309,0.88239946289886,"rbm34",1
"GO:0007091","metaphase/anaphase transition of mitotic cell cycle","1/1162","26/18773",0.0384615384615385,0.621375612339468,-0.496244488703292,0.810324075065915,0.962355576862309,0.88239946289886,"mad1l1",1
"GO:0019933","cAMP-mediated signaling","1/1162","26/18773",0.0384615384615385,0.621375612339468,-0.496244488703292,0.810324075065915,0.962355576862309,0.88239946289886,"pde7a",1
"GO:0021587","cerebellum morphogenesis","1/1162","26/18773",0.0384615384615385,0.621375612339468,-0.496244488703292,0.810324075065915,0.962355576862309,0.88239946289886,"exosc8",1
"GO:0051047","positive regulation of secretion","1/1162","26/18773",0.0384615384615385,0.621375612339468,-0.496244488703292,0.810324075065915,0.962355576862309,0.88239946289886,"cacna1ha",1
"GO:0051963","regulation of synapse assembly","1/1162","26/18773",0.0384615384615385,0.621375612339468,-0.496244488703292,0.810324075065915,0.962355576862309,0.88239946289886,"mycbp2",1
"GO:1901568","fatty acid derivative metabolic process","1/1162","26/18773",0.0384615384615385,0.621375612339468,-0.496244488703292,0.810324075065915,0.962355576862309,0.88239946289886,"elovl1b",1
"GO:1903532","positive regulation of secretion by cell","1/1162","26/18773",0.0384615384615385,0.621375612339468,-0.496244488703292,0.810324075065915,0.962355576862309,0.88239946289886,"cacna1ha",1
"GO:2000045","regulation of G1/S transition of mitotic cell cycle","1/1162","26/18773",0.0384615384615385,0.621375612339468,-0.496244488703292,0.810324075065915,0.962355576862309,0.88239946289886,"ccnd2a",1
"GO:0090596","sensory organ morphogenesis","18/1162","347/18773",0.0518731988472622,0.838051258140838,-0.782155512835303,0.813006264224108,0.963906045903207,0.883821113151452,"tfec/pbx4/marcksa/tcf7l1a/phactr4b/dctn2/foxc1a/itga5/smad5/adipor1b/kif22/hs6st2/znf644a/lrp5/sparc/lum/rnf2/pim1",18
"GO:0032879","regulation of localization","23/1162","436/18773",0.0527522935779817,0.852253706832573,-0.801792563646751,0.815348728375409,0.963906045903207,0.883821113151452,"smap1/uqcc2/rap1aa/lgals3b/ezrb/akt2/fxyd6l/caskb/rab11fip3/vti1b/mesd/homer3b/tax1bp3/tmem251/pard6gb/zdhhc8b/slc25a5/efcab7/ralab/cacna1ha/arl6ip5a/syt2a/ppardb",23
"GO:0030100","regulation of endocytosis","2/1162","49/18773",0.0408163265306122,0.659419017176578,-0.613176421344711,0.815485013577559,0.963906045903207,0.883821113151452,"smap1/lgals3b",2
"GO:0007160","cell-matrix adhesion","4/1162","90/18773",0.0444444444444444,0.718034040925607,-0.688748960596622,0.815797852887577,0.963906045903207,0.883821113151452,"itga6b/myo18ab/itga5/itga9",4
"GO:0000041","transition metal ion transport","3/1162","70/18773",0.0428571428571429,0.692389968035407,-0.66230831302751,0.816353733662363,0.963906045903207,0.883821113151452,"slc25a28/slc30a6/slc40a1",3
"GO:0007596","blood coagulation","3/1162","70/18773",0.0428571428571429,0.692389968035407,-0.66230831302751,0.816353733662363,0.963906045903207,0.883821113151452,"bambia/esama/proza",3
"GO:0043491","phosphatidylinositol 3-kinase/protein kinase B signal transduction","3/1162","70/18773",0.0428571428571429,0.692389968035407,-0.66230831302751,0.816353733662363,0.963906045903207,0.883821113151452,"plekha1a/pik3cb/pdgfba",3
"GO:0001906","cell killing","1/1162","27/18773",0.037037037037037,0.598361700771339,-0.536449720492123,0.822080805464027,0.963906045903207,0.883821113151452,"lygl1",1
"GO:0006099","tricarboxylic acid cycle","1/1162","27/18773",0.037037037037037,0.598361700771339,-0.536449720492123,0.822080805464027,0.963906045903207,0.883821113151452,"mdh2",1
"GO:0015986","proton motive force-driven ATP synthesis","1/1162","27/18773",0.037037037037037,0.598361700771339,-0.536449720492123,0.822080805464027,0.963906045903207,0.883821113151452,"atp5mea",1
"GO:0016525","negative regulation of angiogenesis","1/1162","27/18773",0.037037037037037,0.598361700771339,-0.536449720492123,0.822080805464027,0.963906045903207,0.883821113151452,"s1pr1",1
"GO:0031338","regulation of vesicle fusion","1/1162","27/18773",0.037037037037037,0.598361700771339,-0.536449720492123,0.822080805464027,0.963906045903207,0.883821113151452,"syt2a",1
"GO:0042446","hormone biosynthetic process","1/1162","27/18773",0.037037037037037,0.598361700771339,-0.536449720492123,0.822080805464027,0.963906045903207,0.883821113151452,"hsd17b12b",1
"GO:0044784","metaphase/anaphase transition of cell cycle","1/1162","27/18773",0.037037037037037,0.598361700771339,-0.536449720492123,0.822080805464027,0.963906045903207,0.883821113151452,"mad1l1",1
"GO:0048794","swim bladder development","1/1162","27/18773",0.037037037037037,0.598361700771339,-0.536449720492123,0.822080805464027,0.963906045903207,0.883821113151452,"elovl1b",1
"GO:0050851","antigen receptor-mediated signaling pathway","1/1162","27/18773",0.037037037037037,0.598361700771339,-0.536449720492123,0.822080805464027,0.963906045903207,0.883821113151452,"si:dkey-52l18.4",1
"GO:0051304","chromosome separation","1/1162","27/18773",0.037037037037037,0.598361700771339,-0.536449720492123,0.822080805464027,0.963906045903207,0.883821113151452,"mad1l1",1
"GO:0051310","metaphase chromosome alignment","1/1162","27/18773",0.037037037037037,0.598361700771339,-0.536449720492123,0.822080805464027,0.963906045903207,0.883821113151452,"mad1l1",1
"GO:0061462","protein localization to lysosome","1/1162","27/18773",0.037037037037037,0.598361700771339,-0.536449720492123,0.822080805464027,0.963906045903207,0.883821113151452,"scarb2a",1
"GO:2000181","negative regulation of blood vessel morphogenesis","1/1162","27/18773",0.037037037037037,0.598361700771339,-0.536449720492123,0.822080805464027,0.963906045903207,0.883821113151452,"s1pr1",1
"GO:0009410","response to xenobiotic stimulus","4/1162","91/18773",0.043956043956044,0.710143556959392,-0.711964433863464,0.822445509837291,0.963906045903207,0.883821113151452,"sult1st1/tgfbi/nfe2l2a/cyp1a",4
"GO:0071407","cellular response to organic cyclic compound","4/1162","91/18773",0.043956043956044,0.710143556959392,-0.711964433863464,0.822445509837291,0.963906045903207,0.883821113151452,"rap1aa/strn3/gna11b/cyp1a",4
"GO:0006643","membrane lipid metabolic process","7/1162","149/18773",0.0469798657718121,0.758995714401229,-0.758660977670195,0.822466394572523,0.963906045903207,0.883821113151452,"pigf/pigp/dpm2/elovl1b/cers5/agk/pigl",7
"GO:0006633","fatty acid biosynthetic process","3/1162","71/18773",0.0422535211267606,0.682637996654627,-0.688186906186337,0.823786442056218,0.963906045903207,0.883821113151452,"hsd17b12b/lias/elovl1b",3
"GO:0007599","hemostasis","3/1162","71/18773",0.0422535211267606,0.682637996654627,-0.688186906186337,0.823786442056218,0.963906045903207,0.883821113151452,"bambia/esama/proza",3
"GO:0021591","ventricular system development","2/1162","50/18773",0.04,0.646230636833046,-0.643404111146606,0.824228916731593,0.963906045903207,0.883821113151452,"med12/foxl2b",2
"GO:0043297","apical junction assembly","2/1162","50/18773",0.04,0.646230636833046,-0.643404111146606,0.824228916731593,0.963906045903207,0.883821113151452,"cldn11b/rab13",2
"GO:0050870","positive regulation of T cell activation","2/1162","50/18773",0.04,0.646230636833046,-0.643404111146606,0.824228916731593,0.963906045903207,0.883821113151452,"brd4/fam49bb",2
"GO:0070830","bicellular tight junction assembly","2/1162","50/18773",0.04,0.646230636833046,-0.643404111146606,0.824228916731593,0.963906045903207,0.883821113151452,"cldn11b/rab13",2
"GO:1903039","positive regulation of leukocyte cell-cell adhesion","2/1162","50/18773",0.04,0.646230636833046,-0.643404111146606,0.824228916731593,0.963906045903207,0.883821113151452,"brd4/fam49bb",2
"GO:0002250","adaptive immune response","5/1162","111/18773",0.045045045045045,0.727737203640818,-0.738987386872345,0.824449618097722,0.963906045903207,0.883821113151452,"rnf168/kmt5b/brd4/orai1a/loxl3b",5
"GO:0030335","positive regulation of cell migration","6/1162","131/18773",0.0458015267175573,0.73995874446532,-0.767181247212572,0.828114682014221,0.963906045903207,0.883821113151452,"kdrl/s1pr1/sema4c/kdr/pdgfba/sema3d",6
"GO:0120031","plasma membrane bounded cell projection assembly","21/1162","405/18773",0.0518518518518519,0.837706381079875,-0.848133756803679,0.829106528142001,0.963906045903207,0.883821113151452,"yap1/parvaa/ehd2b/dnmbp/pam/orc6/ezrb/rab11fip3/gmnn/gorab/sav1/arhgef7b/atp6v0d1/grk5l/ift52/chmp4bb/inpp5b/ift74/bbs7/tmem138/pih1d1",21
"GO:0043523","regulation of neuron apoptotic process","3/1162","72/18773",0.0416666666666667,0.673156913367757,-0.713739060055083,0.830960620310493,0.963906045903207,0.883821113151452,"gsk3ab/arf6a/mcl1b",3
"GO:0015807","L-amino acid transport","2/1162","51/18773",0.0392156862745098,0.633559447875536,-0.673098813000294,0.832598474805113,0.963906045903207,0.883821113151452,"slc25a18/slc36a4",2
"GO:0042157","lipoprotein metabolic process","2/1162","51/18773",0.0392156862745098,0.633559447875536,-0.673098813000294,0.832598474805113,0.963906045903207,0.883821113151452,"zdhhc8b/apoeb",2
"GO:0042273","ribosomal large subunit biogenesis","2/1162","51/18773",0.0392156862745098,0.633559447875536,-0.673098813000294,0.832598474805113,0.963906045903207,0.883821113151452,"rbm34/npm1b",2
"GO:0170034","L-amino acid biosynthetic process","2/1162","51/18773",0.0392156862745098,0.633559447875536,-0.673098813000294,0.832598474805113,0.963906045903207,0.883821113151452,"cth/enoph1",2
"GO:0170038","proteinogenic amino acid biosynthetic process","2/1162","51/18773",0.0392156862745098,0.633559447875536,-0.673098813000294,0.832598474805113,0.963906045903207,0.883821113151452,"cth/enoph1",2
"GO:0002274","myeloid leukocyte activation","1/1162","28/18773",0.0357142857142857,0.576991640029506,-0.575375773882967,0.833109403781044,0.963906045903207,0.883821113151452,"myd88",1
"GO:0007212","G protein-coupled dopamine receptor signaling pathway","1/1162","28/18773",0.0357142857142857,0.576991640029506,-0.575375773882967,0.833109403781044,0.963906045903207,0.883821113151452,"gna11b",1
"GO:0007631","feeding behavior","1/1162","28/18773",0.0357142857142857,0.576991640029506,-0.575375773882967,0.833109403781044,0.963906045903207,0.883821113151452,"nfe2l2a",1
"GO:0021872","forebrain generation of neurons","1/1162","28/18773",0.0357142857142857,0.576991640029506,-0.575375773882967,0.833109403781044,0.963906045903207,0.883821113151452,"mettl3",1
"GO:0048920","posterior lateral line neuromast primordium migration","1/1162","28/18773",0.0357142857142857,0.576991640029506,-0.575375773882967,0.833109403781044,0.963906045903207,0.883821113151452,"ctnnd1",1
"GO:0050982","detection of mechanical stimulus","1/1162","28/18773",0.0357142857142857,0.576991640029506,-0.575375773882967,0.833109403781044,0.963906045903207,0.883821113151452,"stx4",1
"GO:0051085","chaperone cofactor-dependent protein refolding","1/1162","28/18773",0.0357142857142857,0.576991640029506,-0.575375773882967,0.833109403781044,0.963906045903207,0.883821113151452,"tor1",1
"GO:0051223","regulation of protein transport","1/1162","28/18773",0.0357142857142857,0.576991640029506,-0.575375773882967,0.833109403781044,0.963906045903207,0.883821113151452,"uqcc2",1
"GO:0072015","podocyte development","1/1162","28/18773",0.0357142857142857,0.576991640029506,-0.575375773882967,0.833109403781044,0.963906045903207,0.883821113151452,"foxc1a",1
"GO:0072114","pronephros morphogenesis","1/1162","28/18773",0.0357142857142857,0.576991640029506,-0.575375773882967,0.833109403781044,0.963906045903207,0.883821113151452,"inpp5b",1
"GO:0072310","glomerular epithelial cell development","1/1162","28/18773",0.0357142857142857,0.576991640029506,-0.575375773882967,0.833109403781044,0.963906045903207,0.883821113151452,"foxc1a",1
"GO:0090100","positive regulation of transmembrane receptor protein serine/threonine kinase signaling pathway","1/1162","28/18773",0.0357142857142857,0.576991640029506,-0.575375773882967,0.833109403781044,0.963906045903207,0.883821113151452,"hsp90ab1",1
"GO:0095500","acetylcholine receptor signaling pathway","1/1162","28/18773",0.0357142857142857,0.576991640029506,-0.575375773882967,0.833109403781044,0.963906045903207,0.883821113151452,"gna11b",1
"GO:1901343","negative regulation of vasculature development","1/1162","28/18773",0.0357142857142857,0.576991640029506,-0.575375773882967,0.833109403781044,0.963906045903207,0.883821113151452,"s1pr1",1
"GO:1902806","regulation of cell cycle G1/S phase transition","1/1162","28/18773",0.0357142857142857,0.576991640029506,-0.575375773882967,0.833109403781044,0.963906045903207,0.883821113151452,"ccnd2a",1
"GO:1905144","response to acetylcholine","1/1162","28/18773",0.0357142857142857,0.576991640029506,-0.575375773882967,0.833109403781044,0.963906045903207,0.883821113151452,"gna11b",1
"GO:1905145","cellular response to acetylcholine","1/1162","28/18773",0.0357142857142857,0.576991640029506,-0.575375773882967,0.833109403781044,0.963906045903207,0.883821113151452,"gna11b",1
"GO:0052547","regulation of peptidase activity","5/1162","113/18773",0.0442477876106195,0.7148568991516,-0.780930883836702,0.8359784407973,0.966780405763283,0.886456660404141,"serpinb1l3/mcl1b/becn1/svbp/serpinh2",5
"GO:0002833","positive regulation of response to biotic stimulus","3/1162","73/18773",0.0410958904109589,0.663935585787377,-0.738974551514198,0.837882449789,0.967287530408575,0.88692165123018,"akirin2/mapkapk2a/myd88",3
"GO:0045089","positive regulation of innate immune response","3/1162","73/18773",0.0410958904109589,0.663935585787377,-0.738974551514198,0.837882449789,0.967287530408575,0.88692165123018,"akirin2/mapkapk2a/myd88",3
"GO:0050817","coagulation","3/1162","73/18773",0.0410958904109589,0.663935585787377,-0.738974551514198,0.837882449789,0.967287530408575,0.88692165123018,"bambia/esama/proza",3
"GO:0002252","immune effector process","6/1162","133/18773",0.0451127819548872,0.728831545300428,-0.806136083285242,0.838657791450794,0.967287530408575,0.88692165123018,"rnf168/kmt5b/brd4/cybc1/loxl3b/myd88",6
"GO:0046513","ceramide biosynthetic process","2/1162","52/18773",0.0384615384615385,0.621375612339468,-0.702282849173706,0.840606481559996,0.967287530408575,0.88692165123018,"cers5/agk",2
"GO:0051896","regulation of phosphatidylinositol 3-kinase/protein kinase B signal transduction","2/1162","52/18773",0.0384615384615385,0.621375612339468,-0.702282849173706,0.840606481559996,0.967287530408575,0.88692165123018,"plekha1a/pdgfba",2
"GO:0061982","meiosis I cell cycle process","2/1162","52/18773",0.0384615384615385,0.621375612339468,-0.702282849173706,0.840606481559996,0.967287530408575,0.88692165123018,"cenpx/top2a",2
"GO:0009063","amino acid catabolic process","4/1162","94/18773",0.0425531914893617,0.68747940088622,-0.780246972509562,0.841206292447342,0.967287530408575,0.88692165123018,"mccc2/bckdha/glud1b/enosf1",4
"GO:0003094","glomerular filtration","1/1162","29/18773",0.0344827586206897,0.557095376580212,-0.613118475581485,0.843454929137482,0.967287530408575,0.88692165123018,"cd2ap",1
"GO:0021537","telencephalon development","1/1162","29/18773",0.0344827586206897,0.557095376580212,-0.613118475581485,0.843454929137482,0.967287530408575,0.88692165123018,"tacc1",1
"GO:0030488","tRNA methylation","1/1162","29/18773",0.0344827586206897,0.557095376580212,-0.613118475581485,0.843454929137482,0.967287530408575,0.88692165123018,"trmt12",1
"GO:0035987","endodermal cell differentiation","1/1162","29/18773",0.0344827586206897,0.557095376580212,-0.613118475581485,0.843454929137482,0.967287530408575,0.88692165123018,"acvr1ba",1
"GO:0046503","glycerolipid catabolic process","1/1162","29/18773",0.0344827586206897,0.557095376580212,-0.613118475581485,0.843454929137482,0.967287530408575,0.88692165123018,"abhd6a",1
"GO:0048883","neuromast primordium migration","1/1162","29/18773",0.0344827586206897,0.557095376580212,-0.613118475581485,0.843454929137482,0.967287530408575,0.88692165123018,"ctnnd1",1
"GO:0051084","'de novo' post-translational protein folding","1/1162","29/18773",0.0344827586206897,0.557095376580212,-0.613118475581485,0.843454929137482,0.967287530408575,0.88692165123018,"tor1",1
"GO:0055078","sodium ion homeostasis","1/1162","29/18773",0.0344827586206897,0.557095376580212,-0.613118475581485,0.843454929137482,0.967287530408575,0.88692165123018,"atp6v1aa",1
"GO:0098926","postsynaptic signal transduction","1/1162","29/18773",0.0344827586206897,0.557095376580212,-0.613118475581485,0.843454929137482,0.967287530408575,0.88692165123018,"gna11b",1
"GO:2000243","positive regulation of reproductive process","1/1162","29/18773",0.0344827586206897,0.557095376580212,-0.613118475581485,0.843454929137482,0.967287530408575,0.88692165123018,"smad2",1
"GO:0003407","neural retina development","6/1162","134/18773",0.0447761194029851,0.723392503917589,-0.825413121673102,0.843730309055152,0.967287530408575,0.88692165123018,"marcksl1a/uba2/marcksa/adipor1b/znf644a/marcksl1b",6
"GO:0030148","sphingolipid biosynthetic process","3/1162","74/18773",0.0405405405405405,0.654963483276736,-0.763902722992572,0.844558170354204,0.96779511267675,0.887387061658076,"elovl1b/cers5/agk",3
"GO:0001510","RNA methylation","2/1162","53/18773",0.0377358490566038,0.609651544182119,-0.730977158758439,0.848265582584607,0.968316661802533,0.887865278524617,"trmt12/mettl3",2
"GO:0002221","pattern recognition receptor signaling pathway","2/1162","53/18773",0.0377358490566038,0.609651544182119,-0.730977158758439,0.848265582584607,0.968316661802533,0.887865278524617,"mapkapk2a/myd88",2
"GO:0002758","innate immune response-activating signaling pathway","2/1162","53/18773",0.0377358490566038,0.609651544182119,-0.730977158758439,0.848265582584607,0.968316661802533,0.887865278524617,"mapkapk2a/myd88",2
"GO:0051225","spindle assembly","2/1162","53/18773",0.0377358490566038,0.609651544182119,-0.730977158758439,0.848265582584607,0.968316661802533,0.887865278524617,"clasp1a/prc1a",2
"GO:0061351","neural precursor cell proliferation","2/1162","53/18773",0.0377358490566038,0.609651544182119,-0.730977158758439,0.848265582584607,0.968316661802533,0.887865278524617,"tcf7l1a/sema3d",2
"GO:0051049","regulation of transport","17/1162","340/18773",0.05,0.807788296041308,-0.918729378119539,0.849951402205188,0.968316661802533,0.887865278524617,"smap1/uqcc2/rap1aa/lgals3b/ezrb/akt2/fxyd6l/caskb/rab11fip3/homer3b/tmem251/zdhhc8b/slc25a5/ralab/cacna1ha/arl6ip5a/syt2a",17
"GO:0007159","leukocyte cell-cell adhesion","3/1162","75/18773",0.04,0.646230636833046,-0.788532507632961,0.850994059873557,0.968316661802533,0.887865278524617,"brd4/fam49bb/loxl3b",3
"GO:0031018","endocrine pancreas development","3/1162","75/18773",0.04,0.646230636833046,-0.788532507632961,0.850994059873557,0.968316661802533,0.887865278524617,"pepd/zfand3/zgc:153115",3
"GO:1903046","meiotic cell cycle process","3/1162","75/18773",0.04,0.646230636833046,-0.788532507632961,0.850994059873557,0.968316661802533,0.887865278524617,"ythdf2/cenpx/top2a",3
"GO:0046530","photoreceptor cell differentiation","5/1162","116/18773",0.0431034482758621,0.696369220725266,-0.842597587455039,0.852102273461112,0.968316661802533,0.887865278524617,"tgif1/dctn2/adipor1b/znf644a/ift74",5
"GO:0001649","osteoblast differentiation","1/1162","30/18773",0.0333333333333333,0.538525530694205,-0.649763156722102,0.853159654507854,0.968316661802533,0.887865278524617,"atraid",1
"GO:0010972","negative regulation of G2/M transition of mitotic cell cycle","1/1162","30/18773",0.0333333333333333,0.538525530694205,-0.649763156722102,0.853159654507854,0.968316661802533,0.887865278524617,"chmp4bb",1
"GO:0033045","regulation of sister chromatid segregation","1/1162","30/18773",0.0333333333333333,0.538525530694205,-0.649763156722102,0.853159654507854,0.968316661802533,0.887865278524617,"mad1l1",1
"GO:0035845","photoreceptor cell outer segment organization","1/1162","30/18773",0.0333333333333333,0.538525530694205,-0.649763156722102,0.853159654507854,0.968316661802533,0.887865278524617,"ift74",1
"GO:0042255","ribosome assembly","1/1162","30/18773",0.0333333333333333,0.538525530694205,-0.649763156722102,0.853159654507854,0.968316661802533,0.887865278524617,"sbds",1
"GO:0045197","establishment or maintenance of epithelial cell apical/basal polarity","1/1162","30/18773",0.0333333333333333,0.538525530694205,-0.649763156722102,0.853159654507854,0.968316661802533,0.887865278524617,"scrib",1
"GO:0051262","protein tetramerization","1/1162","30/18773",0.0333333333333333,0.538525530694205,-0.649763156722102,0.853159654507854,0.968316661802533,0.887865278524617,"aldh9a1a.1",1
"GO:0060788","ectodermal placode formation","1/1162","30/18773",0.0333333333333333,0.538525530694205,-0.649763156722102,0.853159654507854,0.968316661802533,0.887865278524617,"smad5",1
"GO:0071103","DNA conformation change","1/1162","30/18773",0.0333333333333333,0.538525530694205,-0.649763156722102,0.853159654507854,0.968316661802533,0.887865278524617,"top2a",1
"GO:1902750","negative regulation of cell cycle G2/M phase transition","1/1162","30/18773",0.0333333333333333,0.538525530694205,-0.649763156722102,0.853159654507854,0.968316661802533,0.887865278524617,"chmp4bb",1
"GO:0001764","neuron migration","2/1162","54/18773",0.037037037037037,0.598361700771339,-0.759201408914751,0.855588244630121,0.968316661802533,0.887865278524617,"pbx4/scrib",2
"GO:0006639","acylglycerol metabolic process","2/1162","54/18773",0.037037037037037,0.598361700771339,-0.759201408914751,0.855588244630121,0.968316661802533,0.887865278524617,"gpat3/abhd6a",2
"GO:0043242","negative regulation of protein-containing complex disassembly","2/1162","54/18773",0.037037037037037,0.598361700771339,-0.759201408914751,0.855588244630121,0.968316661802533,0.887865278524617,"add1/phf23b",2
"GO:0120192","tight junction assembly","2/1162","54/18773",0.037037037037037,0.598361700771339,-0.759201408914751,0.855588244630121,0.968316661802533,0.887865278524617,"cldn11b/rab13",2
"GO:0120193","tight junction organization","2/1162","54/18773",0.037037037037037,0.598361700771339,-0.759201408914751,0.855588244630121,0.968316661802533,0.887865278524617,"cldn11b/rab13",2
"GO:0003018","vascular process in circulatory system","3/1162","76/18773",0.0394736842105263,0.637727602137875,-0.812872452675895,0.857196415389564,0.968316661802533,0.887865278524617,"foxc1a/tjp1b/acvrl1",3
"GO:0060042","retina morphogenesis in camera-type eye","6/1162","137/18773",0.0437956204379562,0.707551792152971,-0.882468526823397,0.858174564948379,0.968316661802533,0.887865278524617,"pbx4/marcksa/foxc1a/adipor1b/znf644a/rnf2",6
"GO:0007283","spermatogenesis","4/1162","97/18773",0.0412371134020619,0.666217151374275,-0.846592232569405,0.858272712815959,0.968316661802533,0.887865278524617,"agfg1a/ythdf2/strbp/mettl3",4
"GO:0007610","behavior","14/1162","288/18773",0.0486111111111111,0.785349732262383,-0.94294047783849,0.858475843896171,0.968316661802533,0.887865278524617,"aldoaa/vapb/uba5/reep1/kif22/nfe2l2a/mtm1/gch1/ascc1/depdc5/arid1b/surf1/pim1/vps37a",14
"GO:0002028","regulation of sodium ion transport","1/1162","31/18773",0.032258064516129,0.521153739381489,-0.685386125639965,0.862263238857311,0.968316661802533,0.887865278524617,"fxyd6l",1
"GO:0006458","'de novo' protein folding","1/1162","31/18773",0.032258064516129,0.521153739381489,-0.685386125639965,0.862263238857311,0.968316661802533,0.887865278524617,"tor1",1
"GO:0006754","ATP biosynthetic process","1/1162","31/18773",0.032258064516129,0.521153739381489,-0.685386125639965,0.862263238857311,0.968316661802533,0.887865278524617,"atp5mea",1
"GO:0007062","sister chromatid cohesion","1/1162","31/18773",0.032258064516129,0.521153739381489,-0.685386125639965,0.862263238857311,0.968316661802533,0.887865278524617,"naa50",1
"GO:0010976","positive regulation of neuron projection development","1/1162","31/18773",0.032258064516129,0.521153739381489,-0.685386125639965,0.862263238857311,0.968316661802533,0.887865278524617,"dbnlb",1
"GO:0015833","peptide transport","1/1162","31/18773",0.032258064516129,0.521153739381489,-0.685386125639965,0.862263238857311,0.968316661802533,0.887865278524617,"uqcc2",1
"GO:0016180","snRNA processing","1/1162","31/18773",0.032258064516129,0.521153739381489,-0.685386125639965,0.862263238857311,0.968316661802533,0.887865278524617,"exosc8",1
"GO:0033002","muscle cell proliferation","1/1162","31/18773",0.032258064516129,0.521153739381489,-0.685386125639965,0.862263238857311,0.968316661802533,0.887865278524617,"foxo1a",1
"GO:0042491","inner ear auditory receptor cell differentiation","1/1162","31/18773",0.032258064516129,0.521153739381489,-0.685386125639965,0.862263238857311,0.968316661802533,0.887865278524617,"dctn2",1
"GO:0045910","negative regulation of DNA recombination","1/1162","31/18773",0.032258064516129,0.521153739381489,-0.685386125639965,0.862263238857311,0.968316661802533,0.887865278524617,"terfa",1
"GO:0046879","hormone secretion","1/1162","31/18773",0.032258064516129,0.521153739381489,-0.685386125639965,0.862263238857311,0.968316661802533,0.887865278524617,"uqcc2",1
"GO:0048570","notochord morphogenesis","1/1162","31/18773",0.032258064516129,0.521153739381489,-0.685386125639965,0.862263238857311,0.968316661802533,0.887865278524617,"bmpr2b",1
"GO:0050678","regulation of epithelial cell proliferation","1/1162","31/18773",0.032258064516129,0.521153739381489,-0.685386125639965,0.862263238857311,0.968316661802533,0.887865278524617,"jcada",1
"GO:0071383","cellular response to steroid hormone stimulus","1/1162","31/18773",0.032258064516129,0.521153739381489,-0.685386125639965,0.862263238857311,0.968316661802533,0.887865278524617,"strn3",1
"GO:0099024","plasma membrane invagination","1/1162","31/18773",0.032258064516129,0.521153739381489,-0.685386125639965,0.862263238857311,0.968316661802533,0.887865278524617,"snx9a",1
"GO:0022409","positive regulation of cell-cell adhesion","2/1162","55/18773",0.0363636363636364,0.587482397120951,-0.78697409523229,0.86258672930394,0.968316661802533,0.887865278524617,"brd4/fam49bb",2
"GO:0170039","proteinogenic amino acid metabolic process","6/1162","138/18773",0.0434782608695652,0.702424605253311,-0.901235294321499,0.862738163858286,0.968316661802533,0.887865278524617,"mccc2/cth/enoph1/glud1b/cad/nit2",6
"GO:0001754","eye photoreceptor cell differentiation","3/1162","77/18773",0.038961038961039,0.629445425486734,-0.836930741210303,0.863171535866342,0.968370566800052,0.887914704892585,"dctn2/adipor1b/znf644a",3
"GO:2000147","positive regulation of cell motility","6/1162","139/18773",0.0431654676258993,0.697371190827029,-0.919879523831273,0.867179586461393,0.972158000525058,0.891387464405869,"kdrl/s1pr1/sema4c/kdr/pdgfba/sema3d",6
"GO:0010959","regulation of metal ion transport","3/1162","78/18773",0.0384615384615385,0.621375612339468,-0.860715212424905,0.868925706427386,0.972158000525058,0.891387464405869,"lgals3b/fxyd6l/homer3b",3
"GO:1901607","alpha-amino acid biosynthetic process","2/1162","56/18773",0.0357142857142857,0.576991640029506,-0.814312632452112,0.869273070699091,0.972158000525058,0.891387464405869,"cth/enoph1",2
"GO:0006690","icosanoid metabolic process","1/1162","32/18773",0.03125,0.504867685025818,-0.72005589245891,0.870802888651773,0.972158000525058,0.891387464405869,"mgst3a",1
"GO:0007286","spermatid development","1/1162","32/18773",0.03125,0.504867685025818,-0.72005589245891,0.870802888651773,0.972158000525058,0.891387464405869,"agfg1a",1
"GO:0009914","hormone transport","1/1162","32/18773",0.03125,0.504867685025818,-0.72005589245891,0.870802888651773,0.972158000525058,0.891387464405869,"uqcc2",1
"GO:0043467","regulation of generation of precursor metabolites and energy","1/1162","32/18773",0.03125,0.504867685025818,-0.72005589245891,0.870802888651773,0.972158000525058,0.891387464405869,"uqcc2",1
"GO:0048013","ephrin receptor signaling pathway","1/1162","32/18773",0.03125,0.504867685025818,-0.72005589245891,0.870802888651773,0.972158000525058,0.891387464405869,"nck1a",1
"GO:0048515","spermatid differentiation","1/1162","32/18773",0.03125,0.504867685025818,-0.72005589245891,0.870802888651773,0.972158000525058,0.891387464405869,"agfg1a",1
"GO:0050772","positive regulation of axonogenesis","1/1162","32/18773",0.03125,0.504867685025818,-0.72005589245891,0.870802888651773,0.972158000525058,0.891387464405869,"dbnlb",1
"GO:0051480","regulation of cytosolic calcium ion concentration","1/1162","32/18773",0.03125,0.504867685025818,-0.72005589245891,0.870802888651773,0.972158000525058,0.891387464405869,"atp2b1a",1
"GO:0042742","defense response to bacterium","4/1162","100/18773",0.04,0.646230636833046,-0.911128222905222,0.873749879250023,0.97489782083088,0.893899650155526,"zranb2/aep1/lygl1/myd88",4
"GO:0048839","inner ear development","9/1162","199/18773",0.0452261306532663,0.730662780338872,-0.981152508380138,0.874032944819726,0.97489782083088,0.893899650155526,"wls/vdrb/dctn2/smad5/atp2b1a/rbm24a/lrp5/sparc/pcsk7",9
"GO:0016064","immunoglobulin mediated immune response","2/1162","57/18773",0.0350877192982456,0.566868979678111,-0.841233436633208,0.875659056573849,0.975412770022199,0.894371815434936,"rnf168/kmt5b",2
"GO:0019724","B cell mediated immunity","2/1162","57/18773",0.0350877192982456,0.566868979678111,-0.841233436633208,0.875659056573849,0.975412770022199,0.894371815434936,"rnf168/kmt5b",2
"GO:0060048","cardiac muscle contraction","2/1162","57/18773",0.0350877192982456,0.566868979678111,-0.841233436633208,0.875659056573849,0.975412770022199,0.894371815434936,"erp44/icam3",2
"GO:1901605","alpha-amino acid metabolic process","7/1162","161/18773",0.0434782608695652,0.702424605253311,-0.974046662760954,0.876724543805698,0.976166937786318,0.895063324110101,"mccc2/cth/si:dkeyp-120h9.1/enoph1/glud1b/cad/nit2",7
"GO:0007632","visual behavior","1/1162","33/18773",0.0303030303030303,0.489568664267459,-0.75383419380375,0.878813509397018,0.976329950979092,0.895212793554876,"pim1",1
"GO:0043627","response to estrogen","1/1162","33/18773",0.0303030303030303,0.489568664267459,-0.75383419380375,0.878813509397018,0.976329950979092,0.895212793554876,"hsp90ab1",1
"GO:0051303","establishment of chromosome localization","1/1162","33/18773",0.0303030303030303,0.489568664267459,-0.75383419380375,0.878813509397018,0.976329950979092,0.895212793554876,"mad1l1",1
"GO:0051897","positive regulation of phosphatidylinositol 3-kinase/protein kinase B signal transduction","1/1162","33/18773",0.0303030303030303,0.489568664267459,-0.75383419380375,0.878813509397018,0.976329950979092,0.895212793554876,"pdgfba",1
"GO:0070201","regulation of establishment of protein localization","1/1162","33/18773",0.0303030303030303,0.489568664267459,-0.75383419380375,0.878813509397018,0.976329950979092,0.895212793554876,"uqcc2",1
"GO:0170033","L-amino acid metabolic process","6/1162","142/18773",0.0422535211267606,0.682637996654627,-0.975095936214625,0.879791785452025,0.976428351916918,0.895303018973395,"mccc2/cth/enoph1/glud1b/cad/nit2",6
"GO:0031589","cell-substrate adhesion","5/1162","122/18773",0.040983606557377,0.66212155413222,-0.961735551471324,0.88040453548403,0.976428351916918,0.895303018973395,"itga6b/parvaa/myo18ab/itga5/itga9",5
"GO:0007093","mitotic cell cycle checkpoint signaling","2/1162","58/18773",0.0344827586206897,0.557095376580212,-0.867751999708054,0.881756212728422,0.976428351916918,0.895303018973395,"mad1l1/chmp4bb",2
"GO:0072593","reactive oxygen species metabolic process","2/1162","58/18773",0.0344827586206897,0.557095376580212,-0.867751999708054,0.881756212728422,0.976428351916918,0.895303018973395,"cyba/prdx4",2
"GO:0140013","meiotic nuclear division","2/1162","58/18773",0.0344827586206897,0.557095376580212,-0.867751999708054,0.881756212728422,0.976428351916918,0.895303018973395,"cenpx/top2a",2
"GO:1901991","negative regulation of mitotic cell cycle phase transition","2/1162","58/18773",0.0344827586206897,0.557095376580212,-0.867751999708054,0.881756212728422,0.976428351916918,0.895303018973395,"mad1l1/chmp4bb",2
"GO:0048232","male gamete generation","4/1162","102/18773",0.0392156862745098,0.633559447875536,-0.953204652648916,0.883238027789882,0.976428351916918,0.895303018973395,"agfg1a/ythdf2/strbp/mettl3",4
"GO:0051321","meiotic cell cycle","4/1162","102/18773",0.0392156862745098,0.633559447875536,-0.953204652648916,0.883238027789882,0.976428351916918,0.895303018973395,"ythdf2/cenpx/top2a/mettl3",4
"GO:1903522","regulation of blood circulation","4/1162","102/18773",0.0392156862745098,0.633559447875536,-0.953204652648916,0.883238027789882,0.976428351916918,0.895303018973395,"vapb/erp44/skia/bnip3lb",4
"GO:0001508","action potential","3/1162","81/18773",0.037037037037037,0.598361700771339,-0.930499343109048,0.884924870018485,0.976428351916918,0.895303018973395,"gna11b/depdc5/cacna1ha",3
"GO:0003231","cardiac ventricle development","1/1162","34/18773",0.0294117647058824,0.475169585906652,-0.786776855363855,0.886327847821813,0.976428351916918,0.895303018973395,"rbfox2",1
"GO:0034219","carbohydrate transmembrane transport","1/1162","34/18773",0.0294117647058824,0.475169585906652,-0.786776855363855,0.886327847821813,0.976428351916918,0.895303018973395,"akt2",1
"GO:0048854","brain morphogenesis","1/1162","34/18773",0.0294117647058824,0.475169585906652,-0.786776855363855,0.886327847821813,0.976428351916918,0.895303018973395,"tgif1",1
"GO:0071867","response to monoamine","1/1162","34/18773",0.0294117647058824,0.475169585906652,-0.786776855363855,0.886327847821813,0.976428351916918,0.895303018973395,"gna11b",1
"GO:0071868","cellular response to monoamine stimulus","1/1162","34/18773",0.0294117647058824,0.475169585906652,-0.786776855363855,0.886327847821813,0.976428351916918,0.895303018973395,"gna11b",1
"GO:0071869","response to catecholamine","1/1162","34/18773",0.0294117647058824,0.475169585906652,-0.786776855363855,0.886327847821813,0.976428351916918,0.895303018973395,"gna11b",1
"GO:0071870","cellular response to catecholamine stimulus","1/1162","34/18773",0.0294117647058824,0.475169585906652,-0.786776855363855,0.886327847821813,0.976428351916918,0.895303018973395,"gna11b",1
"GO:1903350","response to dopamine","1/1162","34/18773",0.0294117647058824,0.475169585906652,-0.786776855363855,0.886327847821813,0.976428351916918,0.895303018973395,"gna11b",1
"GO:1903351","cellular response to dopamine","1/1162","34/18773",0.0294117647058824,0.475169585906652,-0.786776855363855,0.886327847821813,0.976428351916918,0.895303018973395,"gna11b",1
"GO:0019725","cellular homeostasis","15/1162","316/18773",0.0474683544303797,0.766887622824027,-1.07348170326798,0.886673099512299,0.976428351916918,0.895303018973395,"metap1/rhot1a/atp6v1aa/selenot1a/tmco1/hdac8/gclm/mtm1/gch1/atp2b1a/atp6v0d1/atp6v0a2b/slc40a1/ube2s/prdx4",15
"GO:0002218","activation of innate immune response","2/1162","59/18773",0.0338983050847458,0.547653082061904,-0.893882957252852,0.887575790255618,0.976623849386483,0.895482273779299,"mapkapk2a/myd88",2
"GO:0040017","positive regulation of locomotion","6/1162","144/18773",0.0416666666666667,0.673156913367757,-1.01132817403295,0.887627883803711,0.976623849386483,0.895482273779299,"kdrl/s1pr1/sema4c/kdr/pdgfba/sema3d",6
"GO:0007043","cell-cell junction assembly","3/1162","82/18773",0.0365853658536585,0.591064606859494,-0.953260693580915,0.889857340275135,0.977385920476397,0.896181029142285,"tjp1b/cldn11b/rab13",3
"GO:0003012","muscle system process","6/1162","145/18773",0.0413793103448276,0.668514451896255,-1.02927592300302,0.891380807442227,0.977385920476397,0.896181029142285,"erp44/sulf2b/hspb1/myhz2/icam3/tnnt3a",6
"GO:0006836","neurotransmitter transport","4/1162","104/18773",0.0384615384615385,0.621375612339468,-0.994560150171471,0.892099398018876,0.977385920476397,0.896181029142285,"stx3a/rap1aa/caskb/syt2a",4
"GO:0043086","negative regulation of catalytic activity","4/1162","104/18773",0.0384615384615385,0.621375612339468,-0.994560150171471,0.892099398018876,0.977385920476397,0.896181029142285,"serpinb1l3/mcl1b/serpinh2/ppp1r26",4
"GO:0071396","cellular response to lipid","4/1162","104/18773",0.0384615384615385,0.621375612339468,-0.994560150171471,0.892099398018876,0.977385920476397,0.896181029142285,"nfkbib/strn3/nfe2l2a/myd88",4
"GO:0045786","negative regulation of cell cycle","5/1162","125/18773",0.04,0.646230636833046,-1.01935492208902,0.892733586197103,0.977385920476397,0.896181029142285,"mad1l1/mcl1b/scrib/gmnn/chmp4bb",5
"GO:0006939","smooth muscle contraction","1/1162","35/18773",0.0285714285714286,0.461593312023605,-0.818934522013297,0.893376625282246,0.977385920476397,0.896181029142285,"sulf2b",1
"GO:0030317","flagellated sperm motility","1/1162","35/18773",0.0285714285714286,0.461593312023605,-0.818934522013297,0.893376625282246,0.977385920476397,0.896181029142285,"mettl3",1
"GO:0031103","axon regeneration","1/1162","35/18773",0.0285714285714286,0.461593312023605,-0.818934522013297,0.893376625282246,0.977385920476397,0.896181029142285,"mycbp2",1
"GO:0050879","multicellular organismal movement","1/1162","35/18773",0.0285714285714286,0.461593312023605,-0.818934522013297,0.893376625282246,0.977385920476397,0.896181029142285,"reep1",1
"GO:0050881","musculoskeletal movement","1/1162","35/18773",0.0285714285714286,0.461593312023605,-0.818934522013297,0.893376625282246,0.977385920476397,0.896181029142285,"reep1",1
"GO:0071697","ectodermal placode morphogenesis","1/1162","35/18773",0.0285714285714286,0.461593312023605,-0.818934522013297,0.893376625282246,0.977385920476397,0.896181029142285,"smad5",1
"GO:0097205","renal filtration","1/1162","35/18773",0.0285714285714286,0.461593312023605,-0.818934522013297,0.893376625282246,0.977385920476397,0.896181029142285,"cd2ap",1
"GO:0031349","positive regulation of defense response","3/1162","83/18773",0.036144578313253,0.583943346535885,-0.975782882430275,0.894599621065518,0.978298019032919,0.897017347126756,"akirin2/mapkapk2a/myd88",3
"GO:0098657","import into cell","22/1162","448/18773",0.0491071428571429,0.79336350504057,-1.13707829643205,0.895080388399104,0.978398006110025,0.897109026902149,"sh3gl1b/smap1/csnk1g2b/ehd2b/anxa11a/lgals3b/rabep2/scarb2a/colec12/fcho2/bin3/snx9a/myo1b/ralbp1/dnm1l/lrrc8aa/lrp5/gpr107/shoc2/pik3c3/si:ch211-200p22.4/ap2m1b",22
"GO:0009152","purine ribonucleotide biosynthetic process","4/1162","105/18773",0.0380952380952381,0.615457749364806,-1.01497687030071,0.896304945705764,0.979310577634167,0.897945778558314,"atp5mea/ak3/nme7/ak1",4
"GO:0009062","fatty acid catabolic process","2/1162","61/18773",0.0327868852459016,0.529697243305776,-0.945036681100178,0.898425781546278,0.980337455542924,0.89888733959556,"decr2/acad11",2
"GO:0016126","sterol biosynthetic process","1/1162","36/18773",0.0277777777777778,0.448771275578504,-0.850353279056612,0.899988662928848,0.980337455542924,0.89888733959556,"hsd17b7",1
"GO:0021522","spinal cord motor neuron differentiation","1/1162","36/18773",0.0277777777777778,0.448771275578504,-0.850353279056612,0.899988662928848,0.980337455542924,0.89888733959556,"surf1",1
"GO:0048678","response to axon injury","1/1162","36/18773",0.0277777777777778,0.448771275578504,-0.850353279056612,0.899988662928848,0.980337455542924,0.89888733959556,"mycbp2",1
"GO:0097722","sperm motility","1/1162","36/18773",0.0277777777777778,0.448771275578504,-0.850353279056612,0.899988662928848,0.980337455542924,0.89888733959556,"mettl3",1
"GO:0140115","export across plasma membrane","1/1162","36/18773",0.0277777777777778,0.448771275578504,-0.850353279056612,0.899988662928848,0.980337455542924,0.89888733959556,"fxyd6l",1
"GO:0002253","activation of immune response","5/1162","127/18773",0.0393700787401575,0.636053776410479,-1.0570914646105,0.900330198599269,0.980337455542924,0.89888733959556,"il10rb/si:dkey-52l18.4/csk/mapkapk2a/myd88",5
"GO:0021782","glial cell development","4/1162","106/18773",0.0377358490566038,0.609651544182119,-1.03522431219138,0.900365637641492,0.980337455542924,0.89888733959556,"itga6b/itga5/dock1/sumf1",4
"GO:0098609","cell-cell adhesion","22/1162","452/18773",0.0486725663716814,0.78634258906676,-1.18107892389241,0.90336477784302,0.981664177288629,0.900103832318181,"ctnnd1/dspa/si:ch73-22o12.1/itga6b/jupa/nrarpa/perp/brd4/itga5/pkp3b/ythdf2/fam49bb/itga9/tet2/tjp1b/scrib/celsr1a/esama/loxl3b/icam3/si:ch211-132g1.3/mettl3",22
"GO:0006909","phagocytosis","2/1162","62/18773",0.032258064516129,0.521153739381489,-0.970084965577999,0.9034772437186,0.981664177288629,0.900103832318181,"anxa11a/colec12",2
"GO:0050770","regulation of axonogenesis","2/1162","62/18773",0.032258064516129,0.521153739381489,-0.970084965577999,0.9034772437186,0.981664177288629,0.900103832318181,"dbnlb/pard6gb",2
"GO:0007416","synapse assembly","3/1162","85/18773",0.0352941176470588,0.570203503087982,-1.02013406443781,0.903537302852606,0.981664177288629,0.900103832318181,"mycbp2/tjp1b/fbxo45",3
"GO:0010466","negative regulation of peptidase activity","3/1162","85/18773",0.0352941176470588,0.570203503087982,-1.02013406443781,0.903537302852606,0.981664177288629,0.900103832318181,"serpinb1l3/mcl1b/serpinh2",3
"GO:0006641","triglyceride metabolic process","1/1162","37/18773",0.027027027027027,0.436642322184491,-0.881075183435446,0.906190999144714,0.981999991742418,0.900411746046517,"gpat3",1
"GO:0009116","nucleoside metabolic process","1/1162","37/18773",0.027027027027027,0.436642322184491,-0.881075183435446,0.906190999144714,0.981999991742418,0.900411746046517,"dnph1",1
"GO:0033559","unsaturated fatty acid metabolic process","1/1162","37/18773",0.027027027027027,0.436642322184491,-0.881075183435446,0.906190999144714,0.981999991742418,0.900411746046517,"elovl1b",1
"GO:0048167","regulation of synaptic plasticity","1/1162","37/18773",0.027027027027027,0.436642322184491,-0.881075183435446,0.906190999144714,0.981999991742418,0.900411746046517,"ncdn",1
"GO:0070286","axonemal dynein complex assembly","1/1162","37/18773",0.027027027027027,0.436642322184491,-0.881075183435446,0.906190999144714,0.981999991742418,0.900411746046517,"pih1d1",1
"GO:2001236","regulation of extrinsic apoptotic signaling pathway","1/1162","37/18773",0.027027027027027,0.436642322184491,-0.881075183435446,0.906190999144714,0.981999991742418,0.900411746046517,"lgals3b",1
"GO:0021953","central nervous system neuron differentiation","5/1162","129/18773",0.0387596899224806,0.626192477551402,-1.09430824925319,0.907455093785464,0.982160433555983,0.90055885775192,"med12/mycbp2/kif22/surf1/kifbp",5
"GO:0098661","inorganic anion transmembrane transport","3/1162","86/18773",0.0348837209302326,0.563573229796261,-1.04197462601154,0.907744318831308,0.982160433555983,0.90055885775192,"slc20a2/slc25a11/ano5b",3
"GO:0006816","calcium ion transport","8/1162","190/18773",0.0421052631578947,0.680242775613733,-1.13790388639968,0.907821798096276,0.982160433555983,0.90055885775192,"p2rx1/tmco1/lgals3b/letm2/atp2b1a/orai1a/homer3b/cacna1ha",8
"GO:0065009","regulation of molecular function","13/1162","287/18773",0.0452961672473868,0.731794275159373,-1.17612598670111,0.908224615887529,0.982160433555983,0.90055885775192,"prrc1/serpinb1l3/phactr4b/cnppd1/ralgapa2/mcl1b/scrib/becn1/svbp/serpinh2/fzr1a/ppp1r26/ube2s",13
"GO:0008652","amino acid biosynthetic process","2/1162","63/18773",0.0317460317460317,0.512881457804005,-0.994796779334113,0.908293214319182,0.982160433555983,0.90055885775192,"cth/enoph1",2
"GO:0030155","regulation of cell adhesion","7/1162","171/18773",0.0409356725146199,0.661347142957796,-1.14271862862064,0.910715473527074,0.984356122569264,0.902572120679464,"nrarpa/brd4/ythdf2/fam49bb/tet2/loxl3b/mettl3",7
"GO:0015850","organic hydroxy compound transport","3/1162","87/18773",0.0344827586206897,0.557095376580212,-1.06359918569978,0.911784362930226,0.984483941720462,0.902689320135754,"rbp4/zdhhc8b/apoeb",3
"GO:0051983","regulation of chromosome segregation","1/1162","38/18773",0.0263157894736842,0.425151734758583,-0.91113872005039,0.912008999731491,0.984483941720462,0.902689320135754,"mad1l1",1
"GO:0060993","kidney morphogenesis","1/1162","38/18773",0.0263157894736842,0.425151734758583,-0.91113872005039,0.912008999731491,0.984483941720462,0.902689320135754,"inpp5b",1
"GO:0007422","peripheral nervous system development","2/1162","64/18773",0.03125,0.504867685025818,-1.01918330127101,0.912883460948149,0.985004782036367,0.903166887083003,"dock1/sema3d",2
"GO:0044089","positive regulation of cellular component biogenesis","4/1162","110/18773",0.0363636363636364,0.587482397120951,-1.11458816740809,0.915237020737119,0.987120443395872,0.905106771354667,"pfn1/cemip2/pan3/rock1",4
"GO:0030048","actin filament-based movement","1/1162","39/18773",0.0256410256410256,0.414250408226312,-0.940579195468607,0.917466461290712,0.987829141912407,0.905756588538027,"myo1b",1
"GO:0061077","chaperone-mediated protein folding","1/1162","39/18773",0.0256410256410256,0.414250408226312,-0.940579195468607,0.917466461290712,0.987829141912407,0.905756588538027,"tor1",1
"GO:0070374","positive regulation of ERK1 and ERK2 cascade","1/1162","39/18773",0.0256410256410256,0.414250408226312,-0.940579195468607,0.917466461290712,0.987829141912407,0.905756588538027,"pdgfba",1
"GO:0170041","non-proteinogenic amino acid metabolic process","1/1162","39/18773",0.0256410256410256,0.414250408226312,-0.940579195468607,0.917466461290712,0.987829141912407,0.905756588538027,"cth",1
"GO:0016441","post-transcriptional gene silencing","4/1162","111/18773",0.036036036036036,0.582189762912655,-1.13403850780393,0.918630942331116,0.988624772116595,0.906486114798092,"helz/mov10a/tarbp2/tnrc6a",4
"GO:0046942","carboxylic acid transport","7/1162","174/18773",0.0402298850574713,0.649944606010248,-1.19160668028154,0.919199896584661,0.988624772116595,0.906486114798092,"slc25a18/slc25a11/fabp7a/slc36a4/lrrc8aa/sfxn2/mfsd12a",7
"GO:0002683","negative regulation of immune system process","3/1162","89/18773",0.0337078651685393,0.544576379353691,-1.1062211407402,0.919385631689806,0.988624772116595,0.906486114798092,"ythdf2/loxl3b/mettl3",3
"GO:0031110","regulation of microtubule polymerization or depolymerization","1/1162","40/18773",0.025,0.403894148020654,-0.969429079012717,0.922585708220369,0.98992424638009,0.907677623861611,"clasp1a",1
"GO:0050868","negative regulation of T cell activation","1/1162","40/18773",0.025,0.403894148020654,-0.969429079012717,0.922585708220369,0.98992424638009,0.907677623861611,"loxl3b",1
"GO:0051693","actin filament capping","1/1162","40/18773",0.025,0.403894148020654,-0.969429079012717,0.922585708220369,0.98992424638009,0.907677623861611,"add1",1
"GO:0051899","membrane depolarization","1/1162","40/18773",0.025,0.403894148020654,-0.969429079012717,0.922585708220369,0.98992424638009,0.907677623861611,"cacna1ha",1
"GO:1903038","negative regulation of leukocyte cell-cell adhesion","1/1162","40/18773",0.025,0.403894148020654,-0.969429079012717,0.922585708220369,0.98992424638009,0.907677623861611,"loxl3b",1
"GO:0009615","response to virus","3/1162","90/18773",0.0333333333333333,0.538525530694205,-1.127228485735,0.922957624062297,0.98992424638009,0.907677623861611,"atf3/serinc5/bnip3lb",3
"GO:0007346","regulation of mitotic cell cycle","12/1162","275/18773",0.0436363636363636,0.704978876545142,-1.2659699588672,0.924246443474986,0.990690384114927,0.908380107997393,"mad1l1/ccnd2a/dync1li1/ywhae1/mcl1b/scrib/ints13/dlgap5/chmp4bb/pim1/cdk2/swap70b",12
"GO:0015849","organic acid transport","7/1162","176/18773",0.0397727272727273,0.64255887185104,-1.22378672751814,0.924460386291088,0.990690384114927,0.908380107997393,"slc25a18/slc25a11/fabp7a/slc36a4/lrrc8aa/sfxn2/mfsd12a",7
"GO:0034097","response to cytokine","8/1162","197/18773",0.0406091370558376,0.656071712520859,-1.24649699932023,0.92620878422603,0.990869578737308,0.908544414457858,"il10rb/adipor2/ythdf2/adipor1b/ghrb/cpne1/mapkapk2a/mettl3",8
"GO:1901652","response to peptide","8/1162","197/18773",0.0406091370558376,0.656071712520859,-1.24649699932023,0.92620878422603,0.990869578737308,0.908544414457858,"il10rb/adipor2/ythdf2/adipor1b/ghrb/cpne1/mapkapk2a/mettl3",8
"GO:0019221","cytokine-mediated signaling pathway","7/1162","177/18773",0.0395480225988701,0.638928595738888,-1.23975619664429,0.926977020422148,0.990869578737308,0.908544414457858,"il10rb/adipor2/ythdf2/adipor1b/ghrb/cpne1/mettl3",7
"GO:0030834","regulation of actin filament depolymerization","1/1162","41/18773",0.024390243902439,0.394043071239662,-0.997718299419513,0.927387683720712,0.990869578737308,0.908544414457858,"add1",1
"GO:0030835","negative regulation of actin filament depolymerization","1/1162","41/18773",0.024390243902439,0.394043071239662,-0.997718299419513,0.927387683720712,0.990869578737308,0.908544414457858,"add1",1
"GO:0051053","negative regulation of DNA metabolic process","1/1162","41/18773",0.024390243902439,0.394043071239662,-0.997718299419513,0.927387683720712,0.990869578737308,0.908544414457858,"terfa",1
"GO:2001235","positive regulation of apoptotic signaling pathway","1/1162","41/18773",0.024390243902439,0.394043071239662,-0.997718299419513,0.927387683720712,0.990869578737308,0.908544414457858,"nck1a",1
"GO:0030010","establishment of cell polarity","2/1162","68/18773",0.0294117647058824,0.475169585906652,-1.11368128854717,0.92917187565439,0.991932422905473,0.909518953542664,"sipa1l3/scrib",2
"GO:0170040","proteinogenic amino acid catabolic process","2/1162","68/18773",0.0294117647058824,0.475169585906652,-1.11368128854717,0.92917187565439,0.991932422905473,0.909518953542664,"mccc2/glud1b",2
"GO:0001775","cell activation","10/1162","239/18773",0.0418410041841004,0.675973469490634,-1.29497465936742,0.930774034958573,0.993076091792301,0.910567602125096,"bambia/wls/rnf168/kmt5b/brd4/fam49bb/esama/loxl3b/myd88/mettl3",10
"GO:0006936","muscle contraction","5/1162","137/18773",0.0364963503649635,0.589626493460809,-1.23831055908681,0.931681245402159,0.993076091792301,0.910567602125096,"erp44/sulf2b/myhz2/icam3/tnnt3a",5
"GO:0006635","fatty acid beta-oxidation","1/1162","42/18773",0.0238095238095238,0.384661093353004,-1.02547450381294,0.931892035178994,0.993076091792301,0.910567602125096,"acad11",1
"GO:0120254","olefinic compound metabolic process","1/1162","42/18773",0.0238095238095238,0.384661093353004,-1.02547450381294,0.931892035178994,0.993076091792301,0.910567602125096,"rdh10b",1
"GO:0010876","lipid localization","12/1162","279/18773",0.043010752688172,0.694871652508652,-1.31897195166861,0.932219061097509,0.993076091792301,0.910567602125096,"plscr3b/rbp4/stard8/prelid3b/triap1/tmem30aa/fabp7a/clptm1l/zdhhc8b/apoeb/aup1/ppardb",12
"GO:0050767","regulation of neurogenesis","5/1162","138/18773",0.036231884057971,0.585353837711093,-1.25579521259757,0.934273090572981,0.994779647858979,0.912129620358685,"adnpa/dbnlb/zbtb16a/ythdf2/swap70b",5
"GO:0010721","negative regulation of cell development","1/1162","43/18773",0.0232558139534884,0.375715486530841,-1.05272328457475,0.936117194280057,0.994779647858979,0.912129620358685,"loxl3b",1
"GO:0035567","non-canonical Wnt signaling pathway","1/1162","43/18773",0.0232558139534884,0.375715486530841,-1.05272328457475,0.936117194280057,0.994779647858979,0.912129620358685,"dvl3a",1
"GO:0071696","ectodermal placode development","1/1162","43/18773",0.0232558139534884,0.375715486530841,-1.05272328457475,0.936117194280057,0.994779647858979,0.912129620358685,"smad5",1
"GO:0050769","positive regulation of neurogenesis","2/1162","70/18773",0.0285714285714286,0.461593312023605,-1.15923145600602,0.936193341498801,0.994779647858979,0.912129620358685,"dbnlb/swap70b",2
"GO:0055088","lipid homeostasis","2/1162","70/18773",0.0285714285714286,0.461593312023605,-1.15923145600602,0.936193341498801,0.994779647858979,0.912129620358685,"fis1/apoeb",2
"GO:0051130","positive regulation of cellular component organization","10/1162","242/18773",0.0413223140495868,0.66759363309199,-1.33688458874263,0.936758481418751,0.994959452157786,0.912294485841369,"fam162a/dbnlb/pfn1/cemip2/add1/pan3/rbm24a/lnpa/rock1/syt2a",10
"GO:0033993","response to lipid","7/1162","182/18773",0.0384615384615385,0.621375612339468,-1.31843653984118,0.938491004059982,0.996378493114801,0.913595627548663,"rbp4/otud5a/nfkbib/strn3/nfe2l2a/raraa/myd88",7
"GO:0002449","lymphocyte mediated immunity","2/1162","71/18773",0.028169014084507,0.455091997769751,-1.18161137205488,0.939451512497137,0.996556205531999,0.913758574951115,"rnf168/kmt5b",2
"GO:0043244","regulation of protein-containing complex disassembly","2/1162","71/18773",0.028169014084507,0.455091997769751,-1.18161137205488,0.939451512497137,0.996556205531999,0.913758574951115,"add1/phf23b",2
"GO:0051250","negative regulation of lymphocyte activation","1/1162","44/18773",0.0227272727272727,0.367176498200595,-1.07948837875741,0.940080452168288,0.996802606033294,0.913984503573787,"loxl3b",1
"GO:0001708","cell fate specification","4/1162","119/18773",0.0336134453781513,0.543050955321888,-1.28446299369678,0.941679286484511,0.99779741241292,0.914896657704937,"tfec/tcf7l1a/churc1/rnf2",4
"GO:0170035","L-amino acid catabolic process","2/1162","72/18773",0.0277777777777778,0.448771275578504,-1.20373808636388,0.942551252273898,0.99779741241292,0.914896657704937,"mccc2/glud1b",2
"GO:0071345","cellular response to cytokine stimulus","7/1162","184/18773",0.0380434782608696,0.614621529596648,-1.34938126081291,0.942628121022684,0.99779741241292,0.914896657704937,"il10rb/adipor2/ythdf2/adipor1b/ghrb/cpne1/mettl3",7
"GO:0046394","carboxylic acid biosynthetic process","6/1162","163/18773",0.0368098159509202,0.594690770091761,-1.33497593740171,0.942691748873361,0.99779741241292,0.914896657704937,"cth/hsd17b12b/lias/elovl1b/enoph1/rcor1",6
"GO:0003014","renal system process","1/1162","45/18773",0.0222222222222222,0.359017020462804,-1.10579184392079,0.943798029966379,0.99779741241292,0.914896657704937,"cd2ap",1
"GO:0006109","regulation of carbohydrate metabolic process","1/1162","45/18773",0.0222222222222222,0.359017020462804,-1.10579184392079,0.943798029966379,0.99779741241292,0.914896657704937,"bckdk",1
"GO:1902475","L-alpha-amino acid transmembrane transport","1/1162","45/18773",0.0222222222222222,0.359017020462804,-1.10579184392079,0.943798029966379,0.99779741241292,0.914896657704937,"slc25a18",1
"GO:0006941","striated muscle contraction","2/1162","73/18773",0.0273972602739726,0.442623723858251,-1.22561885837132,0.945499669245303,0.998854071226228,0.915865525337388,"erp44/icam3",2
"GO:0044092","negative regulation of molecular function","4/1162","121/18773",0.0330578512396694,0.534074906473592,-1.3207250377371,0.94642522665082,0.998854071226228,0.915865525337388,"serpinb1l3/mcl1b/serpinh2/ppp1r26",4
"GO:0016053","organic acid biosynthetic process","6/1162","165/18773",0.0363636363636364,0.587482397120951,-1.3671020580463,0.946784877700309,0.998854071226228,0.915865525337388,"cth/hsd17b12b/lias/elovl1b/enoph1/rcor1",6
"GO:0016054","organic acid catabolic process","6/1162","165/18773",0.0363636363636364,0.587482397120951,-1.3671020580463,0.946784877700309,0.998854071226228,0.915865525337388,"mccc2/decr2/bckdha/glud1b/acad11/ldhd",6
"GO:0046395","carboxylic acid catabolic process","6/1162","165/18773",0.0363636363636364,0.587482397120951,-1.3671020580463,0.946784877700309,0.998854071226228,0.915865525337388,"mccc2/decr2/bckdha/glud1b/acad11/ldhd",6
"GO:0015711","organic anion transport","10/1162","248/18773",0.0403225806451613,0.651442174226861,-1.41934475834515,0.947393304808943,0.999076531676405,0.916069502938258,"slc25a18/slc25a11/fabp7a/slc36a4/lrrc8aa/slc25a5/slc25a24/shoc2/sfxn2/mfsd12a",10
"GO:0008284","positive regulation of cell population proliferation","6/1162","167/18773",0.0359281437125748,0.580446679790161,-1.39889532187999,0.950613797369171,0.999957837139336,0.91687758623495,"tcf7l1a/hbegfa/atg13/ghrb/pdgfba/jcada",6
"GO:0007224","smoothened signaling pathway","2/1162","75/18773",0.0266666666666667,0.430820424555364,-1.26867005639212,0.950969614561741,0.999957837139336,0.91687758623495,"sufu/mosmob",2
"GO:0008203","cholesterol metabolic process","2/1162","75/18773",0.0266666666666667,0.430820424555364,-1.26867005639212,0.950969614561741,0.999957837139336,0.91687758623495,"apoeb/hsd17b7",2
"GO:0051960","regulation of nervous system development","6/1162","168/18773",0.0357142857142857,0.576991640029506,-1.41466979999504,0.952433674582464,0.999957837139336,0.91687758623495,"adnpa/dbnlb/fbxw7/zbtb16a/ythdf2/swap70b",6
"GO:0006520","amino acid metabolic process","9/1162","231/18773",0.038961038961039,0.629445425486734,-1.45561394940847,0.95265279459884,0.999957837139336,0.91687758623495,"mccc2/cth/bckdha/si:dkeyp-120h9.1/enoph1/glud1b/cad/nit2/enosf1",9
"GO:0006954","inflammatory response","9/1162","231/18773",0.038961038961039,0.629445425486734,-1.45561394940847,0.95265279459884,0.999957837139336,0.91687758623495,"uacaa/tusc2b/brd4/loxl3b/dpp9/mapkapk2a/myd88/si:ch211-66k16.27/ppardb",9
"GO:0006694","steroid biosynthetic process","2/1162","76/18773",0.0263157894736842,0.425151734758583,-1.28985349709451,0.953504025350179,0.999957837139336,0.91687758623495,"hsd17b12b/hsd17b7",2
"GO:0045785","positive regulation of cell adhesion","2/1162","76/18773",0.0263157894736842,0.425151734758583,-1.28985349709451,0.953504025350179,0.999957837139336,0.91687758623495,"brd4/fam49bb",2
"GO:0007602","phototransduction","1/1162","48/18773",0.0208333333333333,0.336578456683878,-1.18213099371289,0.953624204765571,0.999957837139336,0.91687758623495,"gna11b",1
"GO:0019395","fatty acid oxidation","1/1162","48/18773",0.0208333333333333,0.336578456683878,-1.18213099371289,0.953624204765571,0.999957837139336,0.91687758623495,"acad11",1
"GO:0021549","cerebellum development","1/1162","48/18773",0.0208333333333333,0.336578456683878,-1.18213099371289,0.953624204765571,0.999957837139336,0.91687758623495,"exosc8",1
"GO:1901880","negative regulation of protein depolymerization","1/1162","48/18773",0.0208333333333333,0.336578456683878,-1.18213099371289,0.953624204765571,0.999957837139336,0.91687758623495,"add1",1
"GO:0007189","adenylate cyclase-activating G protein-coupled receptor signaling pathway","5/1162","147/18773",0.0340136054421769,0.549515847647148,-1.40846063624309,0.953912910603076,0.999957837139336,0.91687758623495,"s1pr1/lpar1/prkar1aa/calcrlb/lpar2a",5
"GO:0015698","inorganic anion transport","4/1162","125/18773",0.032,0.516984509466437,-1.39176613065917,0.954872408686536,0.999957837139336,0.91687758623495,"slc20a2/slc25a11/ttyh2/ano5b",4
"GO:0042472","inner ear morphogenesis","3/1162","102/18773",0.0294117647058824,0.475169585906652,-1.36521678527412,0.955844643075096,0.999957837139336,0.91687758623495,"smad5/lrp5/sparc",3
"GO:0006672","ceramide metabolic process","2/1162","77/18773",0.025974025974026,0.419630283657822,-1.31081705714277,0.955912891736414,0.999957837139336,0.91687758623495,"cers5/agk",2
"GO:0051607","defense response to virus","2/1162","77/18773",0.025974025974026,0.419630283657822,-1.31081705714277,0.955912891736414,0.999957837139336,0.91687758623495,"serinc5/bnip3lb",2
"GO:0070661","leukocyte proliferation","1/1162","49/18773",0.0204081632653061,0.329709508588289,-1.20678001859637,0.956502104581988,0.999957837139336,0.91687758623495,"asxl1",1
"GO:1901701","cellular response to oxygen-containing compound","10/1162","255/18773",0.0392156862745098,0.633559447875536,-1.51336228798208,0.95778931458984,0.999957837139336,0.91687758623495,"pik3r1/gsk3ab/rap1aa/nfkbib/pik3r2/ghrb/rab13/gna11b/pik3r3b/myd88",10
"GO:0042471","ear morphogenesis","3/1162","103/18773",0.029126213592233,0.470556288956102,-1.38398879996905,0.957887630135577,0.999957837139336,0.91687758623495,"smad5/lrp5/sparc",3
"GO:0019722","calcium-mediated signaling","2/1162","78/18773",0.0256410256410256,0.414250408226312,-1.33156658879384,0.958202028191915,0.999957837139336,0.91687758623495,"erp44/ndufa7",2
"GO:0006164","purine nucleotide biosynthetic process","4/1162","127/18773",0.031496062992126,0.508843021128383,-1.42657847917292,0.958619103902207,0.999957837139336,0.91687758623495,"atp5mea/ak3/nme7/ak1",4
"GO:0002695","negative regulation of leukocyte activation","1/1162","50/18773",0.02,0.323115318416523,-1.23105738440511,0.959201557395261,0.999957837139336,0.91687758623495,"loxl3b",1
"GO:0008277","regulation of G protein-coupled receptor signaling pathway","1/1162","50/18773",0.02,0.323115318416523,-1.23105738440511,0.959201557395261,0.999957837139336,0.91687758623495,"git1",1
"GO:0050866","negative regulation of cell activation","1/1162","50/18773",0.02,0.323115318416523,-1.23105738440511,0.959201557395261,0.999957837139336,0.91687758623495,"loxl3b",1
"GO:0000075","cell cycle checkpoint signaling","2/1162","79/18773",0.0253164556962025,0.409006732172814,-1.35210770759898,0.960377011157901,0.999957837139336,0.91687758623495,"mad1l1/chmp4bb",2
"GO:0002443","leukocyte mediated immunity","2/1162","79/18773",0.0253164556962025,0.409006732172814,-1.35210770759898,0.960377011157901,0.999957837139336,0.91687758623495,"rnf168/kmt5b",2
"GO:0140546","defense response to symbiont","15/1162","358/18773",0.0418994413407821,0.676917566515063,-1.58538711917281,0.961483972806269,0.999957837139336,0.91687758623495,"akirin2/ppp1r14bb/ythdf2/cybc1/n4bp1/gch1/serinc5/ptx3a/ilrun/trim35-28/mapkapk2a/bnip3lb/myd88/si:ch211-66k16.27/mettl3",15
"GO:0032103","positive regulation of response to external stimulus","3/1162","105/18773",0.0285714285714286,0.461593312023605,-1.42109308979334,0.961710465167511,0.999957837139336,0.91687758623495,"akirin2/mapkapk2a/myd88",3
"GO:0006805","xenobiotic metabolic process","1/1162","51/18773",0.0196078431372549,0.316779723937768,-1.25497779699617,0.961733619047064,0.999957837139336,0.91687758623495,"sult1st1",1
"GO:0060294","cilium movement involved in cell motility","1/1162","51/18773",0.0196078431372549,0.316779723937768,-1.25497779699617,0.961733619047064,0.999957837139336,0.91687758623495,"mettl3",1
"GO:0014070","response to organic cyclic compound","5/1162","152/18773",0.0328947368421053,0.531439668448229,-1.48988291680477,0.962353229241276,0.999957837139336,0.91687758623495,"p2rx1/rap1aa/strn3/gna11b/cyp1a",5
"GO:0019953","sexual reproduction","12/1162","300/18773",0.04,0.646230636833046,-1.58664022442714,0.963275001864962,0.999957837139336,0.91687758623495,"stau2/agfg1a/dctn2/ythdf2/kif5ba/smad2/cenpx/strbp/igf2bp3/kif26ab/top2a/mettl3",12
"GO:0010948","negative regulation of cell cycle process","3/1162","106/18773",0.0283018867924528,0.45723865813659,-1.43943117601769,0.963497207716813,0.999957837139336,0.91687758623495,"mad1l1/mcl1b/chmp4bb",3
"GO:0022414","reproductive process","15/1162","360/18773",0.0416666666666667,0.673156913367757,-1.60840200305273,0.963570510450335,0.999957837139336,0.91687758623495,"stau2/agfg1a/tfam/dctn2/ythdf2/bmpr2b/kif5ba/smad2/cenpx/strbp/igf2bp3/kif26ab/rbpms2b/top2a/mettl3",15
"GO:0044282","small molecule catabolic process","8/1162","218/18773",0.036697247706422,0.592872143883529,-1.55308388704253,0.963616593736079,0.999957837139336,0.91687758623495,"mccc2/decr2/bckdha/galm/tpi1b/glud1b/acad11/ldhd",8
"GO:0002684","positive regulation of immune system process","9/1162","240/18773",0.0375,0.605841222030981,-1.57859342301679,0.964879580463065,0.999957837139336,0.91687758623495,"akirin2/il10rb/kmt5b/brd4/fam49bb/si:dkey-52l18.4/csk/mapkapk2a/myd88",9
"GO:0051241","negative regulation of multicellular organismal process","6/1162","176/18773",0.0340909090909091,0.550764747300892,-1.53806626180219,0.96494641132164,0.999957837139336,0.91687758623495,"s1pr1/fbxw7/wwc3/n4bp1/loxl3b/bnip3lb",6
"GO:0006869","lipid transport","10/1162","261/18773",0.0383141762452107,0.618994862866903,-1.59217478752228,0.965203146831816,0.999957837139336,0.91687758623495,"plscr3b/rbp4/stard8/prelid3b/triap1/tmem30aa/fabp7a/clptm1l/zdhhc8b/apoeb",10
"GO:0016125","sterol metabolic process","2/1162","82/18773",0.024390243902439,0.394043071239662,-1.41253345119915,0.966269383596744,0.999957837139336,0.91687758623495,"apoeb/hsd17b7",2
"GO:1902652","secondary alcohol metabolic process","2/1162","82/18773",0.024390243902439,0.394043071239662,-1.41253345119915,0.966269383596744,0.999957837139336,0.91687758623495,"apoeb/hsd17b7",2
"GO:0015908","fatty acid transport","1/1162","53/18773",0.0188679245283019,0.30482577209106,-1.30180220873232,0.966336412465767,0.999957837139336,0.91687758623495,"fabp7a",1
"GO:1901700","response to oxygen-containing compound","15/1162","364/18773",0.0412087912087912,0.66575958464943,-1.65409665556467,0.967446408385572,0.999957837139336,0.91687758623495,"p2rx1/pik3r1/gsk3ab/rbp4/rap1aa/otud5a/nfkbib/pik3r2/ghrb/rab13/gna11b/raraa/hif1ab/pik3r3b/myd88",15
"GO:0046649","lymphocyte activation","6/1162","178/18773",0.0337078651685393,0.544576379353691,-1.56817234132017,0.967564432493201,0.999957837139336,0.91687758623495,"rnf168/kmt5b/brd4/fam49bb/loxl3b/mettl3",6
"GO:0098656","monoatomic anion transmembrane transport","2/1162","83/18773",0.0240963855421687,0.389295564357257,-1.43229276485018,0.968039007362947,0.999957837139336,0.91687758623495,"lrrc8aa/ano5b",2
"GO:0035194","regulatory ncRNA-mediated post-transcriptional gene silencing","3/1162","109/18773",0.0275229357798165,0.444654107912647,-1.49362226213663,0.968397748494875,0.999957837139336,0.91687758623495,"helz/mov10a/tnrc6a",3
"GO:0043269","regulation of monoatomic ion transport","3/1162","110/18773",0.0272727272727273,0.440611797840713,-1.51142028064493,0.969888236189018,0.999957837139336,0.91687758623495,"lgals3b/fxyd6l/homer3b",3
"GO:0010842","retina layer formation","1/1162","55/18773",0.0181818181818182,0.293741198560476,-1.3473543368419,0.970385987042474,0.999957837139336,0.91687758623495,"marcksa",1
"GO:0034440","lipid oxidation","1/1162","55/18773",0.0181818181818182,0.293741198560476,-1.3473543368419,0.970385987042474,0.999957837139336,0.91687758623495,"acad11",1
"GO:0035150","regulation of tube size","1/1162","55/18773",0.0181818181818182,0.293741198560476,-1.3473543368419,0.970385987042474,0.999957837139336,0.91687758623495,"acvrl1",1
"GO:0035296","regulation of tube diameter","1/1162","55/18773",0.0181818181818182,0.293741198560476,-1.3473543368419,0.970385987042474,0.999957837139336,0.91687758623495,"acvrl1",1
"GO:0097746","blood vessel diameter maintenance","1/1162","55/18773",0.0181818181818182,0.293741198560476,-1.3473543368419,0.970385987042474,0.999957837139336,0.91687758623495,"acvrl1",1
"GO:1901879","regulation of protein depolymerization","1/1162","55/18773",0.0181818181818182,0.293741198560476,-1.3473543368419,0.970385987042474,0.999957837139336,0.91687758623495,"add1",1
"GO:0045321","leukocyte activation","7/1162","204/18773",0.0343137254901961,0.554364516891094,-1.64386790936621,0.972221576258412,0.999957837139336,0.91687758623495,"rnf168/kmt5b/brd4/fam49bb/loxl3b/myd88/mettl3",7
"GO:0007200","phospholipase C-activating G protein-coupled receptor signaling pathway","1/1162","56/18773",0.0178571428571429,0.288495820014753,-1.3696817761353,0.972224403703263,0.999957837139336,0.91687758623495,"gna11b",1
"GO:0042462","eye photoreceptor cell development","1/1162","56/18773",0.0178571428571429,0.288495820014753,-1.3696817761353,0.972224403703263,0.999957837139336,0.91687758623495,"adipor1b",1
"GO:0048545","response to steroid hormone","1/1162","56/18773",0.0178571428571429,0.288495820014753,-1.3696817761353,0.972224403703263,0.999957837139336,0.91687758623495,"strn3",1
"GO:0051962","positive regulation of nervous system development","2/1162","86/18773",0.0232558139534884,0.375715486530841,-1.49048744682447,0.972827339586893,0.999957837139336,0.91687758623495,"dbnlb/swap70b",2
"GO:1901606","alpha-amino acid catabolic process","2/1162","86/18773",0.0232558139534884,0.375715486530841,-1.49048744682447,0.972827339586893,0.999957837139336,0.91687758623495,"mccc2/glud1b",2
"GO:0098542","defense response to other organism","18/1162","431/18773",0.0417633410672854,0.674718762354689,-1.75485255564332,0.973818950338262,0.999957837139336,0.91687758623495,"akirin2/ppp1r14bb/ythdf2/cybc1/zranb2/aep1/n4bp1/gch1/lygl1/serinc5/ptx3a/ilrun/trim35-28/mapkapk2a/bnip3lb/myd88/si:ch211-66k16.27/mettl3",18
"GO:0006665","sphingolipid metabolic process","3/1162","113/18773",0.0265486725663717,0.42891413949096,-1.56405181983021,0.973970560410972,0.999957837139336,0.91687758623495,"elovl1b/cers5/agk",3
"GO:0001539","cilium or flagellum-dependent cell motility","1/1162","58/18773",0.0172413793103448,0.278547688290106,-1.41349097091473,0.975566198448908,0.999957837139336,0.91687758623495,"mettl3",1
"GO:0021517","ventral spinal cord development","1/1162","58/18773",0.0172413793103448,0.278547688290106,-1.41349097091473,0.975566198448908,0.999957837139336,0.91687758623495,"surf1",1
"GO:0042770","signal transduction in response to DNA damage","1/1162","58/18773",0.0172413793103448,0.278547688290106,-1.41349097091473,0.975566198448908,0.999957837139336,0.91687758623495,"smyd2a",1
"GO:0060285","cilium-dependent cell motility","1/1162","58/18773",0.0172413793103448,0.278547688290106,-1.41349097091473,0.975566198448908,0.999957837139336,0.91687758623495,"mettl3",1
"GO:0042110","T cell activation","4/1162","139/18773",0.0287769784172662,0.464914127218019,-1.62646292403113,0.975679753839969,0.999957837139336,0.91687758623495,"brd4/fam49bb/loxl3b/mettl3",4
"GO:0006631","fatty acid metabolic process","7/1162","208/18773",0.0336538461538462,0.543703660797034,-1.69979874191344,0.97611388837982,0.999957837139336,0.91687758623495,"bckdk/decr2/hsd17b12b/lias/elovl1b/acad11/ppardb",7
"GO:0034329","cell junction assembly","6/1162","186/18773",0.032258064516129,0.521153739381489,-1.68583183680953,0.976339711841525,0.999957837139336,0.91687758623495,"mycbp2/tjp1b/cldn11b/fbxo45/rab13/rock1",6
"GO:0042461","photoreceptor cell development","2/1162","89/18773",0.0224719101123595,0.363050919569127,-1.54714535304015,0.97691934331706,0.999957837139336,0.91687758623495,"adipor1b/ift74",2
"GO:0002685","regulation of leukocyte migration","1/1162","59/18773",0.0169491525423729,0.273826541030952,-1.43499171375059,0.97708327445224,0.999957837139336,0.91687758623495,"rac1b",1
"GO:0042886","amide transport","1/1162","59/18773",0.0169491525423729,0.273826541030952,-1.43499171375059,0.97708327445224,0.999957837139336,0.91687758623495,"uqcc2",1
"GO:0009581","detection of external stimulus","2/1162","90/18773",0.0222222222222222,0.359017020462804,-1.56570801087337,0.978145746027396,0.999957837139336,0.91687758623495,"stx4/gna11b",2
"GO:0009582","detection of abiotic stimulus","2/1162","90/18773",0.0222222222222222,0.359017020462804,-1.56570801087337,0.978145746027396,0.999957837139336,0.91687758623495,"stx4/gna11b",2
"GO:0051235","maintenance of location","2/1162","90/18773",0.0222222222222222,0.359017020462804,-1.56570801087337,0.978145746027396,0.999957837139336,0.91687758623495,"aup1/ppardb",2
"GO:0009583","detection of light stimulus","1/1162","60/18773",0.0166666666666667,0.269262765347103,-1.45623505725227,0.978506232402785,0.999957837139336,0.91687758623495,"gna11b",1
"GO:0070588","calcium ion transmembrane transport","5/1162","166/18773",0.0301204819277108,0.486619455446571,-1.70656014839841,0.97900346370502,0.999957837139336,0.91687758623495,"p2rx1/tmco1/letm2/atp2b1a/cacna1ha",5
"GO:0042127","regulation of cell population proliferation","12/1162","319/18773",0.0376175548589342,0.607740410814777,-1.81505579907661,0.97971295989491,0.999957837139336,0.91687758623495,"tgif1/tcf7l1a/hbegfa/atg13/si:dkey-42i9.4/ghrb/smyd2a/sav1/pdgfba/atraid/jcada/klf6a",12
"GO:1904062","regulation of monoatomic cation transmembrane transport","1/1162","62/18773",0.0161290322580645,0.260576869690745,-1.49798238162518,0.981092769909385,0.999957837139336,0.91687758623495,"fxyd6l",1
"GO:0000724","double-strand break repair via homologous recombination","2/1162","93/18773",0.021505376344086,0.347435826254326,-1.62047596378464,0.981457958722659,0.999957837139336,0.91687758623495,"hdgfl2/rev3l",2
"GO:0009617","response to bacterium","7/1162","215/18773",0.0325581395348837,0.526001681143177,-1.79554698647953,0.981739351601944,0.999957837139336,0.91687758623495,"ctsd/otud5a/nfkbib/zranb2/aep1/lygl1/myd88",7
"GO:0031109","microtubule polymerization or depolymerization","1/1162","63/18773",0.0158730158730159,0.256440728902003,-1.518501769195,0.982266956289872,0.999957837139336,0.91687758623495,"clasp1a",1
"GO:0035082","axoneme assembly","1/1162","63/18773",0.0158730158730159,0.256440728902003,-1.518501769195,0.982266956289872,0.999957837139336,0.91687758623495,"pih1d1",1
"GO:0048709","oligodendrocyte differentiation","1/1162","63/18773",0.0158730158730159,0.256440728902003,-1.518501769195,0.982266956289872,0.999957837139336,0.91687758623495,"swap70b",1
"GO:0043410","positive regulation of MAPK cascade","4/1162","146/18773",0.0273972602739726,0.442623723858251,-1.73667990276687,0.982311408542899,0.999957837139336,0.91687758623495,"kdrl/rell1/tnfrsf19/pdgfba",4
"GO:0000725","recombinational repair","2/1162","94/18773",0.0212765957446809,0.34373970044311,-1.63843635702573,0.9824496219248,0.999957837139336,0.91687758623495,"hdgfl2/rev3l",2
"GO:1901988","negative regulation of cell cycle phase transition","2/1162","94/18773",0.0212765957446809,0.34373970044311,-1.63843635702573,0.9824496219248,0.999957837139336,0.91687758623495,"mad1l1/chmp4bb",2
"GO:0021515","cell differentiation in spinal cord","1/1162","64/18773",0.015625,0.252433842512909,-1.53879462370761,0.983368281612756,0.999999111409938,0.916915431284208,"surf1",1
"GO:0022037","metencephalon development","1/1162","64/18773",0.015625,0.252433842512909,-1.53879462370761,0.983368281612756,0.999999111409938,0.916915431284208,"exosc8",1
"GO:0008202","steroid metabolic process","3/1162","124/18773",0.0241935483870968,0.390865304536117,-1.74808575331767,0.984879187091096,0.999999111409938,0.916915431284208,"hsd17b12b/apoeb/hsd17b7",3
"GO:0006874","intracellular calcium ion homeostasis","3/1162","126/18773",0.0238095238095238,0.384661093353004,-1.7801700534561,0.986320322735652,0.999999111409938,0.916915431284208,"atp6v1aa/tmco1/atp2b1a",3
"GO:0051240","positive regulation of multicellular organismal process","10/1162","292/18773",0.0342465753424658,0.553279654822814,-1.976199352443,0.98791762805241,0.999999111409938,0.916915431284208,"dbnlb/kmt5b/brd4/zbtb16a/fam49bb/sulf2b/kdr/basp1/atraid/swap70b",10
"GO:1902476","chloride transmembrane transport","1/1162","69/18773",0.0144927536231884,0.234141535084437,-1.6370884468058,0.987930667456095,0.999999111409938,0.916915431284208,"ano5b",1
"GO:0006821","chloride transport","2/1162","101/18773",0.0198019801980198,0.319916156848043,-1.76032984912053,0.988083158462384,0.999999111409938,0.916915431284208,"ttyh2/ano5b",2
"GO:0006820","monoatomic anion transport","3/1162","129/18773",0.0232558139534884,0.375715486530841,-1.82757074682533,0.988237503160007,0.999999111409938,0.916915431284208,"lrrc8aa/ttyh2/ano5b",3
"GO:0034762","regulation of transmembrane transport","2/1162","102/18773",0.0196078431372549,0.316779723937768,-1.77722891789933,0.98872792877013,0.999999111409938,0.916915431284208,"akt2/fxyd6l",2
"GO:0001578","microtubule bundle formation","1/1162","71/18773",0.0140845070422535,0.227545998884876,-1.67503583792343,0.989383754792562,0.999999111409938,0.916915431284208,"pih1d1",1
"GO:0006873","intracellular monoatomic ion homeostasis","7/1162","229/18773",0.0305676855895196,0.493844373125691,-1.97954978841445,0.989493497824562,0.999999111409938,0.916915431284208,"metap1/atp6v1aa/tmco1/atp2b1a/atp6v0d1/atp6v0a2b/slc40a1",7
"GO:0030003","intracellular monoatomic cation homeostasis","7/1162","229/18773",0.0305676855895196,0.493844373125691,-1.97954978841445,0.989493497824562,0.999999111409938,0.916915431284208,"metap1/atp6v1aa/tmco1/atp2b1a/atp6v0d1/atp6v0a2b/slc40a1",7
"GO:0007188","adenylate cyclase-modulating G protein-coupled receptor signaling pathway","7/1162","231/18773",0.0303030303030303,0.489568664267459,-2.00507839765147,0.990306851875764,0.999999111409938,0.916915431284208,"s1pr1/lpar1/prkar1aa/calcrlb/lpar2a/gna11b/gnai1",7
"GO:0050804","modulation of chemical synaptic transmission","4/1162","159/18773",0.0251572327044025,0.40643436278808,-1.9306955090902,0.990347636981863,0.999999111409938,0.916915431284208,"rap1aa/caskb/ncdn/syt2a",4
"GO:0099177","regulation of trans-synaptic signaling","4/1162","159/18773",0.0251572327044025,0.40643436278808,-1.9306955090902,0.990347636981863,0.999999111409938,0.916915431284208,"rap1aa/caskb/ncdn/syt2a",4
"GO:0044242","cellular lipid catabolic process","3/1162","137/18773",0.0218978102189781,0.353775896076485,-1.94999462361365,0.992169083142683,0.999999111409938,0.916915431284208,"decr2/abhd6a/acad11",3
"GO:0006814","sodium ion transport","4/1162","165/18773",0.0242424242424242,0.391654931413968,-2.0160831670258,0.992743567163183,0.999999111409938,0.916915431284208,"slc20a2/fxyd6l/slc10a7/cacna1ha",4
"GO:0055074","calcium ion homeostasis","3/1162","139/18773",0.0215827338129496,0.348685595413514,-1.97975462413106,0.992932757803823,0.999999111409938,0.916915431284208,"atp6v1aa/tmco1/atp2b1a",3
"GO:0051259","protein complex oligomerization","2/1162","111/18773",0.018018018018018,0.291094881456327,-1.9241407496671,0.993189875577314,0.999999111409938,0.916915431284208,"dnm1l/aldh9a1a.1",2
"GO:0015718","monocarboxylic acid transport","1/1162","80/18773",0.0125,0.201947074010327,-1.83739915792858,0.99404078069505,0.999999111409938,0.916915431284208,"fabp7a",1
"GO:0035725","sodium ion transmembrane transport","2/1162","120/18773",0.0166666666666667,0.269262765347103,-2.06273692769164,0.995907715176556,0.999999111409938,0.916915431284208,"fxyd6l/cacna1ha",2
"GO:0055082","intracellular chemical homeostasis","7/1162","253/18773",0.0276679841897233,0.446997476070289,-2.27474757710257,0.996100683045798,0.999999111409938,0.916915431284208,"metap1/atp6v1aa/tmco1/atp2b1a/atp6v0d1/atp6v0a2b/slc40a1",7
"GO:0042391","regulation of membrane potential","4/1162","178/18773",0.0224719101123595,0.363050919569127,-2.19322381510101,0.996132742406468,0.999999111409938,0.916915431284208,"tusc2b/gna11b/depdc5/cacna1ha",4
"GO:0031346","positive regulation of cell projection organization","1/1162","89/18773",0.0112359550561798,0.181525459784564,-1.98806956534011,0.996655870655484,0.999999111409938,0.916915431284208,"dbnlb",1
"GO:0034765","regulation of monoatomic ion transmembrane transport","1/1162","90/18773",0.0111111111111111,0.179508510231402,-2.00418753601175,0.996863849583889,0.999999111409938,0.916915431284208,"fxyd6l",1
"GO:0051260","protein homooligomerization","1/1162","90/18773",0.0111111111111111,0.179508510231402,-2.00418753601175,0.996863849583889,0.999999111409938,0.916915431284208,"aldh9a1a.1",1
"GO:0098739","import across plasma membrane","2/1162","125/18773",0.016,0.258492254733219,-2.13658854779948,0.996922634467738,0.999999111409938,0.916915431284208,"lrrc8aa/shoc2",2
"GO:0055080","monoatomic cation homeostasis","7/1162","272/18773",0.0257352941176471,0.41577338766832,-2.49307023986064,0.998280890319951,0.999999111409938,0.916915431284208,"metap1/atp6v1aa/tmco1/atp2b1a/atp6v0d1/atp6v0a2b/slc40a1",7
"GO:0098771","inorganic ion homeostasis","6/1162","248/18773",0.0241935483870968,0.390865304536117,-2.48042669882714,0.998356895725437,0.999999111409938,0.916915431284208,"metap1/atp6v1aa/tmco1/atp2b1a/atp6v0d1/slc40a1",6
"GO:0007156","homophilic cell adhesion via plasma membrane adhesion molecules","3/1162","167/18773",0.0179640718562874,0.290223339895081,-2.36657226047878,0.998373721819953,0.999999111409938,0.916915431284208,"si:ch73-22o12.1/celsr1a/esama",3
"GO:0007601","visual perception","3/1162","167/18773",0.0179640718562874,0.290223339895081,-2.36657226047878,0.998373721819953,0.999999111409938,0.916915431284208,"cryba1l1/crybb1/crygm2d20",3
"GO:0050953","sensory perception of light stimulus","3/1162","170/18773",0.0176470588235294,0.285101751543991,-2.40515754337912,0.998615025784223,0.999999111409938,0.916915431284208,"cryba1l1/crybb1/crygm2d20",3
"GO:0035195","miRNA-mediated post-transcriptional gene silencing","1/1162","106/18773",0.00943396226415094,0.15241288604553,-2.2478449036703,0.998877960376293,0.999999111409938,0.916915431284208,"tnrc6a",1
"GO:0050801","monoatomic ion homeostasis","7/1162","289/18773",0.0242214532871972,0.391316129570184,-2.67860739330013,0.99919228320485,0.999999111409938,0.916915431284208,"metap1/atp6v1aa/tmco1/atp2b1a/atp6v0d1/atp6v0a2b/slc40a1",7
"GO:0003341","cilium movement","1/1162","113/18773",0.00884955752212389,0.14297137983032,-2.34717275582371,0.999284534218715,0.999999111409938,0.916915431284208,"mettl3",1
"GO:0016042","lipid catabolic process","3/1162","198/18773",0.0151515151515152,0.24478433213373,-2.74413519262334,0.999698158086823,0.999999111409938,0.916915431284208,"decr2/abhd6a/acad11",3
"GO:0098742","cell-cell adhesion via plasma-membrane adhesion molecules","3/1162","198/18773",0.0151515151515152,0.24478433213373,-2.74413519262334,0.999698158086823,0.999999111409938,0.916915431284208,"si:ch73-22o12.1/celsr1a/esama",3
"GO:0048878","chemical homeostasis","11/1162","420/18773",0.0261904761904762,0.423127202688304,-3.07126648982568,0.999800961577313,0.999999111409938,0.916915431284208,"yap1/metap1/atp6v1aa/tmco1/akt2/fis1/atp2b1a/atp6v0d1/apoeb/atp6v0a2b/slc40a1",11
"GO:0099536","synaptic signaling","8/1162","402/18773",0.0199004975124378,0.321507779518929,-3.53230201178477,0.999985962710177,0.999999111409938,0.916915431284208,"stx3a/rap1aa/caskb/gna11b/ncdn/rab3gap2/exoc4/syt2a",8
"GO:0051606","detection of stimulus","2/1162","232/18773",0.00862068965517241,0.139273844145053,-3.3885097867369,0.99999452223644,0.999999111409938,0.916915431284208,"stx4/gna11b",2
"GO:0007268","chemical synaptic transmission","6/1162","389/18773",0.0154241645244216,0.249189191580866,-3.84371907698005,0.999998493067012,0.999999111409938,0.916915431284208,"stx3a/rap1aa/caskb/ncdn/exoc4/syt2a",6
"GO:0098916","anterograde trans-synaptic signaling","6/1162","389/18773",0.0154241645244216,0.249189191580866,-3.84371907698005,0.999998493067012,0.999999111409938,0.916915431284208,"stx3a/rap1aa/caskb/ncdn/exoc4/syt2a",6
"GO:0099537","trans-synaptic signaling","6/1162","390/18773",0.0153846153846154,0.248550244935787,-3.85203642698429,0.999998570382188,0.999999111409938,0.916915431284208,"stx3a/rap1aa/caskb/ncdn/exoc4/syt2a",6
"GO:0007600","sensory perception","6/1162","399/18773",0.0150375939849624,0.242943848433476,-3.92625961371103,0.999999111409938,0.999999111409938,0.916915431284208,"get1/cryba1l1/atp2b1a/crybb1/crygm2d20/lrp5",6
