"ID","Description","GeneRatio","BgRatio","RichFactor","FoldEnrichment","zScore","pvalue","p.adjust","qvalue","geneID","Count"
"GO:0048514","blood vessel morphogenesis","50/890","448/18773",0.111607142857143,2.35415830658106,6.47167264362755,1.73052554374292e-08,4.24497915880137e-05,3.90370130551691e-05,"bcar1/kdrl/yap1/nme2b.1/marcksl1a/marcksl1b/rack1/ptenb/tnfrsf19/fermt2/hs6st2/egfl7/hmga2/plekhg5a/map3k7/nrp1a/tspan18b/ppp4ca/yy1a/wnk1b/plcg1/thbs1b/calcrlb/eif3i/eif4e2/hapln1b/adgrg6/iars1/smad5/vhl/ptena/smo/lmo2/sirt1/fmnl3/ephb4a/plk2b/kdr/adgra2/sox11b/peak1/bmpr2b/isl2a/trim33l/ldb2a/colec12/cxxc5a/ephb4b/gdf6a/notch1b",50
"GO:0009968","negative regulation of signal transduction","48/890","470/18773",0.102127659574468,2.15420511594549,5.65328489220626,4.91820004983396e-07,0.000522107205936052,0.000480132058412239,"uacaa/slc25a5/cyp26b1/lgals3b/zmynd11/rack1/ptk7a/otud5a/arhgap29b/cnot9/smad6a/nck1b/dusp1/stk3/nlk1/chac1/tle3b/lmbr1l/churc1/ptpn2b/socs6b/tcf7l1a/axin1/sufu/tollip/usp4/chd8/eya1/sulf2b/vhl/phactr4b/nkiras2/gpatch3/skia/uri1/tnfaip8l1/cptp/chp1/si:ch211-121a2.2/sox11b/socs3b/jupa/rnf2/aida/ldb2a/spry4/gdf6a/mdm2",48
"GO:0022603","regulation of anatomical structure morphogenesis","35/890","301/18773",0.116279069767442,2.45270446825189,5.66804967809899,9.35517112081895e-07,0.000522107205936052,0.000480132058412239,"bcar1/nme2b.1/cxcl12a/rack1/ptenb/rhogc/pak2b/pard6gb/si:dkey-40c11.2/fermt2/palm1b/nrp1a/dbnlb/tspan18b/mief1/plcg1/churc1/thbs1b/parvaa/rhogb/adgrg6/myh10/iars1/arhgap35b/vhl/ptena/cfap20/sirt1/myh9b/ptk2ab/fmnl3/casp3a/kdr/sox11b/rnf2",35
"GO:0010648","negative regulation of cell communication","48/890","484/18773",0.0991735537190083,2.09189339771567,5.42922735568242,1.14718231047387e-06,0.000522107205936052,0.000480132058412239,"uacaa/slc25a5/cyp26b1/lgals3b/zmynd11/rack1/ptk7a/otud5a/arhgap29b/cnot9/smad6a/nck1b/dusp1/stk3/nlk1/chac1/tle3b/lmbr1l/churc1/ptpn2b/socs6b/tcf7l1a/axin1/sufu/tollip/usp4/chd8/eya1/sulf2b/vhl/phactr4b/nkiras2/gpatch3/skia/uri1/tnfaip8l1/cptp/chp1/si:ch211-121a2.2/sox11b/socs3b/jupa/rnf2/aida/ldb2a/spry4/gdf6a/mdm2",48
"GO:0023057","negative regulation of signaling","48/890","484/18773",0.0991735537190083,2.09189339771567,5.42922735568242,1.14718231047387e-06,0.000522107205936052,0.000480132058412239,"uacaa/slc25a5/cyp26b1/lgals3b/zmynd11/rack1/ptk7a/otud5a/arhgap29b/cnot9/smad6a/nck1b/dusp1/stk3/nlk1/chac1/tle3b/lmbr1l/churc1/ptpn2b/socs6b/tcf7l1a/axin1/sufu/tollip/usp4/chd8/eya1/sulf2b/vhl/phactr4b/nkiras2/gpatch3/skia/uri1/tnfaip8l1/cptp/chp1/si:ch211-121a2.2/sox11b/socs3b/jupa/rnf2/aida/ldb2a/spry4/gdf6a/mdm2",48
"GO:0001525","angiogenesis","39/890","360/18773",0.108333333333333,2.28510299625468,5.49233473455415,1.37435203087745e-06,0.000522107205936052,0.000480132058412239,"bcar1/kdrl/nme2b.1/rack1/ptenb/tnfrsf19/fermt2/hs6st2/hmga2/plekhg5a/nrp1a/tspan18b/ppp4ca/yy1a/wnk1b/plcg1/thbs1b/calcrlb/eif3i/eif4e2/hapln1b/adgrg6/iars1/vhl/ptena/sirt1/fmnl3/ephb4a/plk2b/kdr/adgra2/sox11b/peak1/bmpr2b/trim33l/ldb2a/cxxc5a/ephb4b/notch1b",39
"GO:0016071","mRNA metabolic process","47/890","474/18773",0.0991561181434599,2.0915256246148,5.36957009063437,1.48991049390639e-06,0.000522107205936052,0.000480132058412239,"cirbpb/pnrc2/ybx1/zgc:77262/zgc:162730/snrpb2/arglu1b/dis3l2/hnrnpub/rbpms2a/cnot9/ptbp1b/cstf3/sart1/hnrnpk/cnot3b/paxbp1/syf2/lsm5/sf3b4/larp7/fxr2/strap/pnn/igf2bp2b/cnot2/ythdf1/pcf11/bud31/smg6/rbm4.1/pan3/rbm7/arglu1a/thoc1/ssu72/rbm22/rbmx/sf1/luc7l3/zcrb1/zc3h14/cdk12/trnau1apb/cdc40/scaf11/zmat2",47
"GO:0032446","protein modification by small protein conjugation","46/890","472/18773",0.0974576271186441,2.05569891449248,5.18207568487834,3.07467882289656e-06,0.000942773394070658,0.000866978515456228,"uba52/anapc11/ube3a/ube2d3/rnf40/ube2ia/ube2e2/rnf20/mylipa/rnf170/ube2d1a/dcun1d5/zbtb16a/mkrn1/socs6b/rnf144b/tmem129/ube2q2/anapc13/fbxo45/anapc10/pias2/zgc:101783/mkrn4/asb8/dda1/vhl/n4bp1/fbxl14b/spopla/fzr1a/fbxl14a/ube2h/cnot4b/ube2f/sh3rf1/socs3b/ercc8/ube2z/rnf2/xiap/trim33l/rnf169/kbtbd8/wdr32/keap1b",46
"GO:0006397","mRNA processing","36/890","334/18773",0.107784431137725,2.27352486039158,5.23892361407878,3.90694211862486e-06,0.0010648587796652,0.000979248767276384,"cirbpb/ybx1/zgc:77262/snrpb2/arglu1b/hnrnpub/rbpms2a/ptbp1b/cstf3/sart1/hnrnpk/paxbp1/syf2/lsm5/sf3b4/larp7/strap/pnn/pcf11/bud31/rbm4.1/pan3/rbm7/arglu1a/thoc1/ssu72/rbm22/rbmx/sf1/luc7l3/zcrb1/cdk12/trnau1apb/cdc40/scaf11/zmat2",36
"GO:0033108","mitochondrial respiratory chain complex assembly","13/890","63/18773",0.206349206349206,4.3525771357232,5.94623744748625,6.46907777588385e-06,0.00157904268799625,0.0014520945267346,"uqcc1/uqcc2/aifm1/ndufb2/ndufaf1/chchd7/sdhaf4/pet100/cox20/sco1/zgc:193742/tmem223/ndufs8a",13
"GO:0016567","protein ubiquitination","42/890","429/18773",0.0979020979020979,2.06507425159111,4.9784207566528,7.34691594973083e-06,0.00157904268799625,0.0014520945267346,"uba52/anapc11/ube3a/ube2d3/rnf40/ube2e2/rnf20/mylipa/rnf170/ube2d1a/zbtb16a/mkrn1/socs6b/rnf144b/tmem129/ube2q2/anapc13/fbxo45/anapc10/zgc:101783/mkrn4/asb8/dda1/vhl/n4bp1/fbxl14b/spopla/fzr1a/fbxl14a/ube2h/cnot4b/sh3rf1/socs3b/ercc8/ube2z/rnf2/xiap/trim33l/rnf169/kbtbd8/wdr32/keap1b",42
"GO:0000375","RNA splicing, via transesterification reactions","28/890","238/18773",0.117647058823529,2.48155981493721,5.131466063503,9.01206589153996e-06,0.00157904268799625,0.0014520945267346,"cirbpb/ybx1/zgc:77262/snrpb2/arglu1b/hnrnpub/rbpms2a/sart1/hnrnpk/paxbp1/syf2/lsm5/sf3b4/larp7/strap/bud31/rbm4.1/rbm7/arglu1a/rbm22/rbmx/sf1/luc7l3/zcrb1/trnau1apb/cdc40/scaf11/zmat2",28
"GO:0000377","RNA splicing, via transesterification reactions with bulged adenosine as nucleophile","28/890","238/18773",0.117647058823529,2.48155981493721,5.131466063503,9.01206589153996e-06,0.00157904268799625,0.0014520945267346,"cirbpb/ybx1/zgc:77262/snrpb2/arglu1b/hnrnpub/rbpms2a/sart1/hnrnpk/paxbp1/syf2/lsm5/sf3b4/larp7/strap/bud31/rbm4.1/rbm7/arglu1a/rbm22/rbmx/sf1/luc7l3/zcrb1/trnau1apb/cdc40/scaf11/zmat2",28
"GO:0000398","mRNA splicing, via spliceosome","28/890","238/18773",0.117647058823529,2.48155981493721,5.131466063503,9.01206589153996e-06,0.00157904268799625,0.0014520945267346,"cirbpb/ybx1/zgc:77262/snrpb2/arglu1b/hnrnpub/rbpms2a/sart1/hnrnpk/paxbp1/syf2/lsm5/sf3b4/larp7/strap/bud31/rbm4.1/rbm7/arglu1a/rbm22/rbmx/sf1/luc7l3/zcrb1/trnau1apb/cdc40/scaf11/zmat2",28
"GO:0007005","mitochondrion organization","26/890","221/18773",0.117647058823529,2.48155981493721,4.94253833862286,1.86375694241489e-05,0.00304786385316248,0.00280282886147025,"slc25a5/slc25a36a/romo1/uqcc1/apoob/uqcc2/aifm1/mief1/ndufb2/ndufaf1/chchd7/bnip3lb/sdhaf4/pet100/cox20/slc25a1a/adgrg6/nme3/mtx2/sco1/zgc:193742/tmem223/fam162a/rrm2b/cep89/ndufs8a",26
"GO:0008380","RNA splicing","33/890","320/18773",0.103125,2.1752422752809,4.73041225828148,2.43703423788752e-05,0.0037362781159613,0.00343589761302168,"cirbpb/ybx1/zgc:77262/snrpb2/arglu1b/hnrnpub/rbpms2a/ptbp1b/sart1/hnrnpk/paxbp1/syf2/lsm5/sf3b4/larp7/strap/pnn/bud31/rbm4.1/rbm7/arglu1a/thoc1/rp9/rbm22/rbmx/sf1/luc7l3/zcrb1/cdk12/trnau1apb/cdc40/scaf11/zmat2",33
"GO:0031101","fin regeneration","15/890","92/18773",0.16304347826087,3.43911822178798,5.23186816547616,2.62267085157483e-05,0.0037843597640665,0.00348011370583582,"yap1/cxcl12a/chd4a/plcg1/dspb/axin1/mtrex/lrp5/lmo2/sirt1/krt5/lfng/fam53b/bmpr2b/notch1b",15
"GO:0002040","sprouting angiogenesis","19/890","146/18773",0.13013698630137,2.74501308296137,4.7220844068629,6.20442172317388e-05,0.00845524804830307,0.00777548289635183,"bcar1/kdrl/tnfrsf19/hmga2/nrp1a/tspan18b/eif3i/hapln1b/adgrg6/iars1/sirt1/fmnl3/plk2b/adgra2/sox11b/bmpr2b/trim33l/ldb2a/cxxc5a",19
"GO:0051253","negative regulation of RNA metabolic process","36/890","382/18773",0.0942408376963351,1.98784634390258,4.35159524879648,7.19517679046044e-05,0.00928935192999972,0.00854252845537769,"ybx1/brms1la/ncor1/dr1/hic1l/scml2/smad2/id1/mier2/zbtb16a/rcor1/igf2bp2b/scaf4a/pdcd4a/daxx/id2a/chd8/rbmx/flcn/pphln1/macroh2a2/bend3/sirt1/aurkb/skia/uri1/ldb1a/zbtb33/sox11b/gclc/rnf2/ldb2a/pcgf1/suds3/nr1d2b/bmi1b",36
"GO:0000122","negative regulation of transcription by RNA polymerase II","25/890","227/18773",0.110132158590308,2.32304608226501,4.47396785907446,8.02338654788445e-05,0.00984068360098027,0.00904953545900861,"brms1la/ncor1/dr1/hic1l/smad2/id1/mier2/zbtb16a/scaf4a/id2a/flcn/macroh2a2/bend3/aurkb/skia/uri1/ldb1a/zbtb33/sox11b/rnf2/ldb2a/pcgf1/suds3/nr1d2b/bmi1b",25
"GO:0044087","regulation of cellular component biogenesis","30/890","298/18773",0.100671140939597,2.12348239197647,4.36126289514158,8.74115029265258e-05,0.0102104960323223,0.00938961658002731,"thy1/si:dkey-40c11.2/tmsb4x/limch1b/arpc5lb/rock1/arpc5b/nck1b/add3a/nrp1a/dbnlb/rock2a/fam49a/arpc5la/capgb/man1a2/pan3/cyfip2/tprb/napab/pla2g6/limch1a/cptp/mmp14b/ppm1f/gpc4/rnf2/aida/snx30/si:ch211-13c6.2",30
"GO:0032956","regulation of actin cytoskeleton organization","23/890","203/18773",0.113300492610837,2.38987657054298,4.44169147730516,9.93297953681788e-05,0.0110752721835519,0.0101848684915793,"rhogc/si:dkey-40c11.2/tmsb4x/limch1b/arpc5lb/rock1/arpc5b/wasf2/nck1b/add3a/dbnlb/rock2a/fam49a/arpc5la/capgb/cyfip2/rhogb/gna12a/arap3/limch1a/ppm1f/rnf2/mlst8",23
"GO:0045892","negative regulation of DNA-templated transcription","33/890","346/18773",0.0953757225433526,2.01178476326557,4.23768776251167,0.000113127231398844,0.0115625457758901,0.0106329674073562,"brms1la/ncor1/dr1/hic1l/scml2/smad2/id1/mier2/zbtb16a/rcor1/scaf4a/pdcd4a/daxx/id2a/chd8/flcn/pphln1/macroh2a2/bend3/sirt1/aurkb/skia/uri1/ldb1a/zbtb33/sox11b/gclc/rnf2/ldb2a/pcgf1/suds3/nr1d2b/bmi1b",33
"GO:1902679","negative regulation of RNA biosynthetic process","33/890","346/18773",0.0953757225433526,2.01178476326557,4.23768776251167,0.000113127231398844,0.0115625457758901,0.0106329674073562,"brms1la/ncor1/dr1/hic1l/scml2/smad2/id1/mier2/zbtb16a/rcor1/scaf4a/pdcd4a/daxx/id2a/chd8/flcn/pphln1/macroh2a2/bend3/sirt1/aurkb/skia/uri1/ldb1a/zbtb33/sox11b/gclc/rnf2/ldb2a/pcgf1/suds3/nr1d2b/bmi1b",33
"GO:0032970","regulation of actin filament-based process","23/890","206/18773",0.111650485436893,2.35507254281662,4.36270025020102,0.000124108473400621,0.0117238129972975,0.0107812694458809,"rhogc/si:dkey-40c11.2/tmsb4x/limch1b/arpc5lb/rock1/arpc5b/wasf2/nck1b/add3a/dbnlb/rock2a/fam49a/arpc5la/capgb/cyfip2/rhogb/gna12a/arap3/limch1a/ppm1f/rnf2/mlst8",23
"GO:0007015","actin filament organization","32/890","333/18773",0.0960960960960961,2.02697978877754,4.2182628956383,0.000124263814891861,0.0117238129972975,0.0107812694458809,"marcksl1a/cnn2/marcksl1b/tpm4a/rhogc/si:dkey-40c11.2/tmsb4x/limch1b/arpc5lb/rock1/tpm2/marcksb/arpc5b/wasf2/nck1b/add3a/ppp1r9ba/dbnlb/arpc4/fam49a/arpc5la/fscn1a/capgb/cyfip2/rhogb/gna12a/myh10/limch1a/myh9b/arpc1a/fmnl3/ppm1f",32
"GO:0045934","negative regulation of nucleobase-containing compound metabolic process","38/890","427/18773",0.0889929742388759,1.87715180380496,4.0902334075421,0.000152502596952669,0.0137100039944399,0.0126077793293216,"ybx1/brms1la/pds5a/ncor1/dr1/hic1l/scml2/smad2/id1/mier2/zbtb16a/rcor1/igf2bp2b/scaf4a/pdcd4a/daxx/id2a/chd8/rbmx/flcn/pphln1/macroh2a2/bend3/sirt1/aurkb/skia/uri1/ldb1a/zbtb33/sox11b/gclc/rnf2/ldb2a/pcgf1/suds3/nr1d2b/rnf169/bmi1b",38
"GO:0017004","cytochrome complex assembly","7/890","26/18773",0.269230769230769,5.67895419187554,5.32598164599701,0.000156494134465681,0.0137100039944399,0.0126077793293216,"uqcc1/uqcc2/coa6/pet100/cox20/sco1/tmem223",7
"GO:1901342","regulation of vasculature development","14/890","96/18773",0.145833333333333,3.07610018726592,4.54946630215989,0.000167360285614428,0.014156371745248,0.0130182610552348,"bcar1/nme2b.1/ptenb/nrp1a/tspan18b/plcg1/thbs1b/adgrg6/iars1/vhl/ptena/sirt1/kdr/sox11b",14
"GO:0001667","ameboidal-type cell migration","23/890","212/18773",0.108490566037736,2.28841954632181,4.20876461694498,0.000190661633973574,0.0155897662712392,0.014336416898434,"cyt1/cxcl12a/plod3/nrp1a/rock2a/hmgcrb/plcg1/churc1/fscn1a/rcc2/gna12a/sema3fb/smad5/chd8/foxc1b/ctnnd1/phactr4b/lrp5/sema4c/mmp14b/gpc4/ryk/ocrl",23
"GO:0051493","regulation of cytoskeleton organization","28/890","284/18773",0.0985915492957746,2.07961702801076,4.0898019000958,0.000210740000185907,0.0166756522727751,0.015335002390438,"rhogc/si:dkey-40c11.2/tmsb4x/limch1b/arpc5lb/rock1/arpc5b/dync1li2/wasf2/nck1b/add3a/dbnlb/rock2a/fam49a/arpc5la/capgb/cyfip2/rhogb/gna12a/tprb/clasp1a/arap3/limch1a/taok1b/ppm1f/rnf2/mapre1b/mlst8",28
"GO:0045765","regulation of angiogenesis","13/890","87/18773",0.149425287356322,3.1518662017306,4.48793756228471,0.000221318304522028,0.0169654312810167,0.0156014844273259,"bcar1/nme2b.1/ptenb/nrp1a/tspan18b/thbs1b/adgrg6/iars1/vhl/ptena/sirt1/kdr/sox11b",13
"GO:0006325","chromatin organization","34/890","375/18773",0.0906666666666667,1.91245543071161,3.98173245214393,0.000235849371464468,0.0175314699455255,0.0161220160461995,"yeats4/glyr1/znhit1/rnf40/cbx1a/rnf20/kdm5c/ing3/kmt5aa/pbrm1l/chd6/smarcb1b/chd4a/daxx/carm1/ppm1da/chd8/ino80e/chd1l/npm1b/pphln1/macroh2a2/bend3/sirt1/babam2/kdm4b/ino80/kmt5b/rnf2/pcgf1/spty2d1/meaf6/bmi1b/si:ch211-13c6.2",34
"GO:0006338","chromatin remodeling","27/890","273/18773",0.0989010989010989,2.08614643783183,4.03286727587771,0.000257992804218312,0.0186134220219859,0.0171169838835865,"yeats4/glyr1/znhit1/cbx1a/kdm5c/pbrm1l/chd6/smarcb1b/chd4a/daxx/carm1/ppm1da/chd8/ino80e/chd1l/npm1b/pphln1/macroh2a2/bend3/sirt1/kdm4b/ino80/rnf2/pcgf1/spty2d1/bmi1b/si:ch211-13c6.2",27
"GO:0097250","mitochondrial respirasome assembly","11/890","67/18773",0.164179104477612,3.46307227905417,4.50561605430301,0.000287870326291846,0.0201755974398256,0.018553567195291,"uqcc1/uqcc2/ndufb2/ndufaf1/sdhaf4/pet100/cox20/sco1/zgc:193742/tmem223/ndufs8a",11
"GO:0048589","developmental growth","34/890","381/18773",0.089238845144357,1.88233802235395,3.88162066318848,0.000316397965186001,0.0215590057944794,0.0198257555378245,"yap1/cxcl12a/pard6gb/si:dkey-40c11.2/smad2/nrp1a/dbnlb/rap1aa/larp7/chd4a/plcg1/dspb/axin1/hapln1b/gna12a/ctnnd1/mtrex/lrp5/npr1a/lmo2/sirt1/krt5/casp3a/lfng/kmt5b/fam53b/gpc4/bmpr2b/isl2a/ryk/fzd2/pcgf1/fcho2/notch1b",34
"GO:0006913","nucleocytoplasmic transport","15/890","115/18773",0.130434782608696,2.75129457743039,4.20248010951944,0.000348721373416401,0.0225108823418535,0.0207011053526689,"chtopa/kpna3/kpnb1/nxt2/rangap1b/thoc1/ranbp3b/ranbp1/tprb/si:dkey-17o15.2/npm1b/eif4ea/nup58/tnpo1/fam53b",15
"GO:0051169","nuclear transport","15/890","115/18773",0.130434782608696,2.75129457743039,4.20248010951944,0.000348721373416401,0.0225108823418535,0.0207011053526689,"chtopa/kpna3/kpnb1/nxt2/rangap1b/thoc1/ranbp3b/ranbp1/tprb/si:dkey-17o15.2/npm1b/eif4ea/nup58/tnpo1/fam53b",15
"GO:0042246","tissue regeneration","18/890","156/18773",0.115384615384615,2.4338375108038,4.0117833856118,0.000438226578776313,0.0275633281471358,0.0253473564998013,"yap1/cxcl12a/larp7/chd4a/plcg1/dspb/axin1/hapln1b/mtrex/lrp5/lmo2/sirt1/krt5/lfng/fam53b/bmpr2b/fzd2/notch1b",18
"GO:0040007","growth","35/890","406/18773",0.0862068965517241,1.81838434715227,3.71904390857407,0.000493681417059472,0.0302750129011721,0.0278410335989066,"yap1/cxcl12a/pard6gb/si:dkey-40c11.2/smad2/nrp1a/dbnlb/rap1aa/larp7/chd4a/plcg1/socs6b/dspb/axin1/hapln1b/gna12a/ctnnd1/mtrex/lrp5/npr1a/lmo2/sirt1/krt5/casp3a/lfng/kmt5b/fam53b/gpc4/bmpr2b/isl2a/ryk/fzd2/pcgf1/fcho2/notch1b",35
"GO:0048863","stem cell differentiation","26/890","271/18773",0.0959409594095941,2.02370745055765,3.78687752174864,0.00053046044103421,0.0317370600452907,0.0291855385144111,"gpr182/meox1/plod3/fgfr4/nrp1a/atf3/hmgcrb/pnn/plcg1/tgfbr2b/fscn1a/esf1/rcc2/cdca7a/sema3fb/chd8/foxc1b/vhl/phactr4b/lrp5/smo/sema4c/rnf2/ocrl/kbtbd8/notch1b",26
"GO:1902532","negative regulation of intracellular signal transduction","20/890","188/18773",0.106382978723404,2.24396366244322,3.8241544482538,0.00062650699420217,0.0365909918280458,0.0336492353026379,"uacaa/cyp26b1/arhgap29b/cnot9/smad6a/nck1b/dusp1/ptpn2b/vhl/nkiras2/gpatch3/uri1/tnfaip8l1/cptp/chp1/si:ch211-121a2.2/rnf2/aida/spry4/mdm2",20
"GO:1903311","regulation of mRNA metabolic process","19/890","176/18773",0.107954545454545,2.27711312563841,3.7974699386539,0.00070843491445474,0.0402429041396882,0.0370075497549088,"cirbpb/ybx1/zgc:162730/arglu1b/dis3l2/rbpms2a/hnrnpk/cnot3b/larp7/fxr2/igf2bp2b/cnot2/ythdf1/pan3/rbm7/arglu1a/rbmx/sf1/zc3h14",19
"GO:0110053","regulation of actin filament organization","16/890","136/18773",0.117647058823529,2.48155981493721,3.86839425209431,0.00072184581416481,0.0402429041396882,0.0370075497549088,"si:dkey-40c11.2/tmsb4x/limch1b/arpc5lb/rock1/arpc5b/wasf2/nck1b/add3a/dbnlb/fam49a/arpc5la/capgb/cyfip2/limch1a/ppm1f",16
"GO:0051246","regulation of protein metabolic process","37/890","448/18773",0.0825892857142857,1.74207714686998,3.54646893758295,0.000772892212529629,0.0421312132741151,0.0387440470514853,"hsp90ab1/ybx1/rack1/timp2a/ube3a/cnot9/rnf121/crppa/caprin1a/ccnyl1/casp2/serbp1b/uqcc2/cast/nck1b/eif3k/fxr2/serpinh2/chac1/axin1/oaz2a/dda1/prkar1ab/itm2bb/n4bp1/larp4b/smo/spopla/dhx29/eif4ea/fzr1a/mknk1/sh3rf1/svbp/aida/xiap/kbtbd8",37
"GO:0033143","regulation of intracellular steroid hormone receptor signaling pathway","4/890","10/18773",0.4,8.43730337078652,5.24800748086527,0.000837436387664529,0.0437070523178955,0.040193195493059,"cnot9/pagr1/carm1/vhl",4
"GO:0051496","positive regulation of stress fiber assembly","4/890","10/18773",0.4,8.43730337078652,5.24800748086527,0.000837436387664529,0.0437070523178955,0.040193195493059,"limch1b/rock1/limch1a/ppm1f",4
"GO:0001732","formation of cytoplasmic translation initiation complex","5/890","17/18773",0.294117647058824,6.20389953734303,4.78865269521192,0.000909092446704792,0.0464584119118095,0.042723357747552,"eif3m/eif3ja/eif3k/eif3i/eif3ea",5
"GO:0031099","regeneration","22/890","225/18773",0.0977777777777778,2.06245193508115,3.5766965443719,0.00107548694863783,0.0538401935716038,0.0495116762820808,"yap1/cxcl12a/igfbp1a/larp7/chd4a/plcg1/dspb/axin1/hapln1b/smad5/ptena/mtrex/fhl1b/lrp5/lmo2/sirt1/krt5/lfng/fam53b/bmpr2b/fzd2/notch1b",22
"GO:0048024","regulation of mRNA splicing, via spliceosome","10/890","67/18773",0.149253731343284,3.14824752641288,3.92971762377166,0.00116096144001038,0.0569567682469091,0.0523776919145734,"cirbpb/ybx1/arglu1b/rbpms2a/hnrnpk/larp7/rbm7/arglu1a/rbmx/sf1",10
"GO:0008535","respiratory chain complex IV assembly","5/890","18/18773",0.277777777777778,5.85923845193508,4.60125198017895,0.00120997956101323,0.0581976443757932,0.0535188070020919,"coa6/pet100/cox20/sco1/tmem223",5
"GO:1902667","regulation of axon guidance","4/890","11/18773",0.363636363636364,7.67027579162411,4.93663087824959,0.00126675953729392,0.0589650237987483,0.0542244924585224,"rbpms2a/nrp1a/rbpms2b/reep1",4
"GO:0009894","regulation of catabolic process","27/890","303/18773",0.0891089108910891,1.87959728557125,3.44351385579214,0.00128477140122808,0.0589650237987483,0.0542244924585224,"hsp90ab1/ybx1/zgc:162730/dis3l2/dram2b/timp2a/ube3a/rnf121/sqstm1/cnot3b/fxr2/igf2bp2b/cnot2/ythdf1/axin1/pan3/ppp1r3b/oaz2a/dda1/n4bp1/cptp/fzr1a/sh3rf1/zc3h14/atg13/snx30/keap1b",27
"GO:0006081","cellular aldehyde metabolic process","8/890","46/18773",0.173913043478261,3.66839276990718,4.04226381210352,0.00129804781293616,0.0589650237987483,0.0542244924585224,"aldh2.1/bco1/esd/adh8b/akr1a1b/idh2/pnpo/aldh3a2a",8
"GO:1902903","regulation of supramolecular fiber organization","18/890","172/18773",0.104651162790698,2.20743402142671,3.54886577290433,0.00138298408489103,0.06168109018614,0.0567221989267269,"si:dkey-40c11.2/tmsb4x/limch1b/arpc5lb/rock1/arpc5b/wasf2/nck1b/add3a/dbnlb/fam49a/arpc5la/capgb/cyfip2/clasp1a/limch1a/ppm1f/rnf2",18
"GO:0051216","cartilage development","20/890","201/18773",0.0995024875621891,2.09883168427525,3.49405673530091,0.00143825539756096,0.0630007230395898,0.0579357390408484,"ogna/yap1/marcksl1a/cyp26b1/marcksl1b/sumf1/sox6/marcksb/nrp1a/rap1aa/foxc1b/sulf2b/dcaf7/lrp5/smo/skia/mmp14b/gpc4/rnf2/atg13",20
"GO:1903670","regulation of sprouting angiogenesis","5/890","19/18773",0.263157894736842,5.5508574807806,4.42744492364272,0.00157857974073084,0.0679343176142586,0.0624726940791539,"bcar1/tspan18b/adgrg6/iars1/sox11b",5
"GO:0033043","regulation of organelle organization","38/890","485/18773",0.0783505154639175,1.65266767056643,3.24870256516546,0.00172581120019986,0.0717997983248211,0.0660274069603671,"slc25a5/anapc11/rhogc/si:dkey-40c11.2/tmsb4x/limch1b/arpc5lb/rock1/arpc5b/dync1li2/wasf2/nck1b/add3a/dbnlb/rock2a/mief1/fam49a/arpc5la/capgb/man1a2/pan3/cyfip2/rhogb/gna12a/tprb/slc25a1a/clasp1a/arap3/limch1a/aurkb/taok1b/ppm1f/fam162a/rnf2/snx30/mapre1b/mlst8/si:ch211-13c6.2",38
"GO:0031290","retinal ganglion cell axon guidance","8/890","48/18773",0.166666666666667,3.51554307116105,3.89288479077534,0.00172694174527698,0.0717997983248211,0.0660274069603671,"cxcl12a/rbpms2a/nrp1a/cyfip2/rbpms2b/smo/lamc1/gdf6a",8
"GO:0051492","regulation of stress fiber assembly","4/890","12/18773",0.333333333333333,7.0310861423221,4.66217155896896,0.00182920215302336,0.0747838813561051,0.0687715827005099,"limch1b/rock1/limch1a/ppm1f",4
"GO:0045103","intermediate filament-based process","7/890","39/18773",0.17948717948718,3.78596946125036,3.88529039918192,0.00213929676862079,0.084640241506884,0.0778355343829264,"krt8/krt18a.1/krt4/krt18b/dspb/krt5/agfg1a",7
"GO:0045104","intermediate filament cytoskeleton organization","7/890","39/18773",0.17948717948718,3.78596946125036,3.88529039918192,0.00213929676862079,0.084640241506884,0.0778355343829264,"krt8/krt18a.1/krt4/krt18b/dspb/krt5/agfg1a",7
"GO:0060041","retina development in camera-type eye","26/890","301/18773",0.0863787375415282,1.82200903355855,3.2072511235975,0.00241368953400824,0.0926444425468735,0.0851962324878023,"yap1/marcksl1a/marcksl1b/itga6b/mcrs1/atp6v0b/marcksb/pbx2/sf3b4/adipor1b/cyfip2/kirrel1a/id2a/foxc1b/fzd4/rcbtb1/smo/lmo2/icn2/sf1/tyms/nfyc/sox11b/rnf2/ranbp9/gdf6a",26
"GO:2000058","regulation of ubiquitin-dependent protein catabolic process","7/890","40/18773",0.175,3.6913202247191,3.80120937727488,0.00248878815965346,0.0926444425468735,0.0851962324878023,"hsp90ab1/ube3a/axin1/dda1/n4bp1/fzr1a/sh3rf1",7
"GO:0014033","neural crest cell differentiation","17/890","167/18773",0.101796407185629,2.14721792370316,3.32206204005871,0.00248986070838276,0.0926444425468735,0.0851962324878023,"plod3/nrp1a/hmgcrb/pnn/fscn1a/esf1/rcc2/sema3fb/chd8/foxc1b/phactr4b/lrp5/smo/sema4c/rnf2/ocrl/kbtbd8",17
"GO:0034314","Arp2/3 complex-mediated actin nucleation","6/890","30/18773",0.2,4.21865168539326,3.93590985859249,0.00249267558422081,0.0926444425468735,0.0851962324878023,"arpc5lb/arpc5b/wasf2/arpc4/arpc5la/arpc1a",6
"GO:0001501","skeletal system development","34/890","430/18773",0.0790697674418605,1.66783903841129,3.12536636969717,0.00253990262583988,0.092990763301272,0.0855147105604849,"ogna/yap1/meox1/marcksl1a/cyp26b1/marcksl1b/sumf1/sox6/ece1/hoxa4a/ptk7a/marcksb/nrp1a/rap1aa/hmgcrb/bicra/fscn1a/ep300a/col1a2/hapln1b/foxc1b/sulf2b/dcaf7/lrp5/smo/skia/mmp14b/eif3ea/hoxb3a/gpc4/rnf2/atg13/gdf6a/ocrl",34
"GO:0030111","regulation of Wnt signaling pathway","18/890","182/18773",0.0989010989010989,2.08614643783183,3.28475353421864,0.00259482219358889,0.0936043947187287,0.0860790086820587,"rack1/ptk7a/otud5a/ccnyl1/stk3/nlk1/tle3b/lmbr1l/tcf7l1a/axin1/tollip/chd8/sulf2b/lrp5/adgra2/fam53b/jupa/xiap",18
"GO:0141091","transforming growth factor beta receptor superfamily signaling pathway","19/890","197/18773",0.0964467005076142,2.03437517823533,3.25585600994239,0.00266481846519395,0.0947362274655182,0.087119847000925,"yap1/hsp90ab1/zmynd11/rlim/smad6a/rbm14b/smad2/fstl1a/zdhhc13/tgfbr2b/fscn1a/rbm14a/id2a/smad5/flcn/skia/bmpr2b/ldb2a/gdf6a",19
"GO:0050684","regulation of mRNA processing","10/890","76/18773",0.131578947368421,2.7754287403903,3.4598252657946,0.00304899894847725,0.106752048041761,0.09816964788701,"cirbpb/ybx1/arglu1b/rbpms2a/hnrnpk/larp7/rbm7/arglu1a/rbmx/sf1",10
"GO:0016055","Wnt signaling pathway","25/890","291/18773",0.0859106529209622,1.81213560369126,3.11480346793841,0.00310886513930248,0.106752048041761,0.09816964788701,"rack1/fermt2/ptk7a/otud5a/med10/ccnyl1/rock2a/stk3/nlk1/tle3b/lmbr1l/tcf7l1a/axin1/tollip/chd8/sulf2b/fzd4/lrp5/adnpa/adgra2/fam53b/jupa/xiap/ryk/fzd2",25
"GO:0030038","contractile actin filament bundle assembly","5/890","22/18773",0.227272727272727,4.79392236976507,3.97207693323953,0.00317688524543357,0.106752048041761,0.09816964788701,"limch1b/rock1/gna12a/limch1a/ppm1f",5
"GO:0043149","stress fiber assembly","5/890","22/18773",0.227272727272727,4.79392236976507,3.97207693323953,0.00317688524543357,0.106752048041761,0.09816964788701,"limch1b/rock1/gna12a/limch1a/ppm1f",5
"GO:0071363","cellular response to growth factor stimulus","25/890","292/18773",0.0856164383561644,1.805929659843,3.09639187372254,0.00325184922840585,0.107750327422815,0.0990876699496184,"yap1/hsp90ab1/zmynd11/rlim/fgfr4/smad6a/rbm14b/smad2/nrp1a/fstl1a/zdhhc13/churc1/tgfbr2b/rbm14a/id2a/smad5/flcn/sulf2b/vhl/skia/kdr/bmpr2b/ldb2a/spry4/gdf6a",25
"GO:1903050","regulation of proteolysis involved in protein catabolic process","8/890","53/18773",0.150943396226415,3.18388806444774,3.55177523844658,0.00329444539613174,0.107750327422815,0.0990876699496184,"hsp90ab1/ube3a/rnf121/axin1/dda1/n4bp1/fzr1a/sh3rf1",8
"GO:0061448","connective tissue development","20/890","216/18773",0.0925925925925926,1.95307948397836,3.14291185073954,0.00335274766286686,0.107828279968501,0.0991593554498245,"ogna/yap1/marcksl1a/cyp26b1/marcksl1b/sumf1/sox6/marcksb/nrp1a/rap1aa/foxc1b/sulf2b/dcaf7/lrp5/smo/skia/mmp14b/gpc4/rnf2/atg13",20
"GO:0070848","response to growth factor","25/890","293/18773",0.0853242320819113,1.7997660773862,3.07805158472847,0.00340034620278621,0.107828279968501,0.0991593554498245,"yap1/hsp90ab1/zmynd11/rlim/fgfr4/smad6a/rbm14b/smad2/nrp1a/fstl1a/zdhhc13/churc1/tgfbr2b/rbm14a/id2a/smad5/flcn/sulf2b/vhl/skia/kdr/bmpr2b/ldb2a/spry4/gdf6a",25
"GO:0032233","positive regulation of actin filament bundle assembly","4/890","14/18773",0.285714285714286,6.02664526484751,4.19727574549877,0.00342870193132618,0.107828279968501,0.0991593554498245,"limch1b/rock1/limch1a/ppm1f",4
"GO:0030178","negative regulation of Wnt signaling pathway","11/890","90/18773",0.122222222222222,2.57806491885144,3.34774909259888,0.00347658176684554,0.107950064228761,0.0992713487854763,"rack1/ptk7a/otud5a/stk3/tle3b/lmbr1l/tcf7l1a/axin1/tollip/chd8/jupa",11
"GO:0007178","cell surface receptor protein serine/threonine kinase signaling pathway","19/890","203/18773",0.0935960591133005,1.97424586262246,3.11344160806989,0.00371811531667555,0.114006710897564,0.104841067416259,"yap1/hsp90ab1/zmynd11/rlim/smad6a/rbm14b/smad2/fstl1a/zdhhc13/tgfbr2b/fscn1a/rbm14a/id2a/smad5/flcn/skia/bmpr2b/ldb2a/gdf6a",19
"GO:0010638","positive regulation of organelle organization","13/890","119/18773",0.109243697478992,2.3043055424417,3.18417495463012,0.00421917851909476,0.127773393917771,0.117500969024302,"anapc11/limch1b/rock1/wasf2/nck1b/mief1/pan3/limch1a/aurkb/ppm1f/fam162a/snx30/si:ch211-13c6.2",13
"GO:2000026","regulation of multicellular organismal development","34/890","446/18773",0.0762331838565022,1.60800624779564,2.89907779338579,0.00450181783082992,0.133048853421864,0.122352304539255,"bcar1/nme2b.1/cxcl12a/sumf1/rack1/ptenb/sox6/si:dkey-40c11.2/nrp1a/dbnlb/id1/tspan18b/larp7/fxr2/zbtb16a/nlk1/fam49a/plcg1/thbs1b/hapln1b/znf16l/adgrg6/iars1/vhl/ptena/lrp5/sirt1/adnpa/kdr/sox11b/sh3rf1/rnf2/atg13/bmp2k",34
"GO:0006767","water-soluble vitamin metabolic process","4/890","15/18773",0.266666666666667,5.62486891385768,3.99743931353349,0.00450185684223998,0.133048853421864,0.122352304539255,"dhfr/thtpa/rgn/pnpo",4
"GO:0000423","mitophagy","6/890","34/18773",0.176470588235294,3.72233972240582,3.54436680798776,0.00480681684750544,0.13760854314522,0.12654541504933,"zgc:92606/sqstm1/gabarapa/map1lc3b/atg13/snx30",6
"GO:0051301","cell division","26/890","317/18773",0.082018927444795,1.73004643249566,2.92443121739675,0.00481646559917713,0.13760854314522,0.12654541504933,"dis3l2/anapc11/rack1/pds5a/pard6gb/ube2ia/rock1/kmt5aa/ppp1caa/rock2a/rcc2/cdca7a/pafah1b1a/anapc13/anapc10/myh10/stag1b/mtrex/babam2/aurkb/chmp4ba/fzr1a/bod1/cdc40/mapre1b/ccnb1",26
"GO:0048762","mesenchymal cell differentiation","18/890","193/18773",0.0932642487046632,1.96724689992432,3.01316721875573,0.0048444924985123,0.13760854314522,0.12654541504933,"plod3/rock1/nrp1a/hmgcrb/pnn/fscn1a/esf1/rcc2/sema3fb/chd8/foxc1b/phactr4b/lrp5/smo/sema4c/rnf2/ocrl/kbtbd8",18
"GO:0015931","nucleobase-containing compound transport","14/890","135/18773",0.103703703703704,2.18744902205576,3.08896005700545,0.0048805312897,0.13760854314522,0.12654541504933,"slc29a1a/slc25a5/ybx1/slc25a36a/chtopa/fxr2/nxt2/thoc1/tprb/si:dkey-17o15.2/slc25a25a/eif4ea/nup58/slc25a24",14
"GO:0043254","regulation of protein-containing complex assembly","14/890","136/18773",0.102941176470588,2.17136483807006,3.05846646285262,0.00521029941507495,0.145237096195214,0.133560665628058,"si:dkey-40c11.2/tmsb4x/arpc5lb/arpc5b/nck1b/add3a/dbnlb/fam49a/arpc5la/capgb/cyfip2/napab/cptp/aida",14
"GO:0042074","cell migration involved in gastrulation","10/890","82/18773",0.121951219512195,2.57234858865443,3.18324144402826,0.00530169344576224,0.146124202499492,0.134376452445517,"cyt1/cxcl12a/rock2a/churc1/gna12a/smad5/ctnnd1/mmp14b/gpc4/ryk",10
"GO:0001755","neural crest cell migration","12/890","109/18773",0.110091743119266,2.32219358828987,3.08841761418121,0.0055022228809758,0.149966141411485,0.137909516186329,"plod3/nrp1a/hmgcrb/fscn1a/rcc2/sema3fb/chd8/foxc1b/phactr4b/lrp5/sema4c/ocrl",12
"GO:0060026","convergent extension","16/890","166/18773",0.0963855421686747,2.03308514958711,2.98251112095051,0.00559747357637724,0.150885743767619,0.138755186514476,"rack1/ptenb/marcksb/smad2/ppp1caa/rock2a/rap1aa/usp4/smad5/ptk2ab/ephb4a/mmp14b/gpc4/ryk/fzd2/fcho2",16
"GO:0006353","DNA-templated transcription termination","4/890","16/18773",0.25,5.27331460674157,3.81481302893903,0.00577993983135475,0.151440990269999,0.139265793614096,"cavin1b/scaf4a/pcf11/ssu72",4
"GO:0032231","regulation of actin filament bundle assembly","4/890","16/18773",0.25,5.27331460674157,3.81481302893903,0.00577993983135475,0.151440990269999,0.139265793614096,"limch1b/rock1/limch1a/ppm1f",4
"GO:0061061","muscle structure development","33/890","437/18773",0.0755148741418764,1.59285475535443,2.79747886364981,0.00584547288494034,0.151440990269999,0.139265793614096,"hsp90ab1/meox1/naca/cxcl12a/tpm4a/rbpms2a/sox6/cited4b/fermt2/hs6st2/crppa/marcksb/pbx2/uqcc2/myo18ab/atf3/dock1/flot2b/myorg/axin1/carm1/tcf3a/fhl1b/rbpms2b/smo/acta1b/lamc1/kmt5b/gpc4/rnf2/myl9a/spry4/gdf6a",33
"GO:0043484","regulation of RNA splicing","12/890","110/18773",0.109090909090909,2.30108273748723,3.05309710293546,0.00591727960631543,0.151440990269999,0.139265793614096,"cirbpb/ybx1/arglu1b/rbpms2a/ptbp1b/hnrnpk/larp7/rbm7/arglu1a/rbm22/rbmx/sf1",12
"GO:0090287","regulation of cellular response to growth factor stimulus","16/890","167/18773",0.0958083832335329,2.02091098701473,2.95630809645376,0.00592675705907865,0.151440990269999,0.139265793614096,"hsp90ab1/zmynd11/rlim/smad6a/nrp1a/fstl1a/zdhhc13/churc1/smad5/flcn/sulf2b/vhl/skia/ldb2a/spry4/gdf6a",16
"GO:0097190","apoptotic signaling pathway","16/890","168/18773",0.0952380952380952,2.00888175494917,2.93028700850796,0.00627154140193657,0.153085463713238,0.140778058548059,"uacaa/slc25a5/lgals3b/pin1/casp2/nck1b/bnip3lb/tnfsf10/siva1/eya1/dedd1/uri1/fam162a/rnf2/mdm2/casp8ap2",16
"GO:0032535","regulation of cellular component size","17/890","183/18773",0.092896174863388,1.95948302327009,2.90973362426236,0.0063174572700438,0.153085463713238,0.140778058548059,"cxcl12a/hspb1/pard6gb/si:dkey-40c11.2/tmsb4x/arpc5lb/arpc5b/nck1b/add3a/dbnlb/fam49a/arpc5la/capgb/cyfip2/arhgap35b/casp3a/arhgap5",17
"GO:0090497","mesenchymal cell migration","12/890","111/18773",0.108108108108108,2.28035226237473,3.01815790691574,0.00635675782883326,0.153085463713238,0.140778058548059,"plod3/nrp1a/hmgcrb/fscn1a/rcc2/sema3fb/chd8/foxc1b/phactr4b/lrp5/sema4c/ocrl",12
"GO:0006406","mRNA export from nucleus","6/890","36/18773",0.166666666666667,3.51554307116105,3.37025737352448,0.00642514759737641,0.153085463713238,0.140778058548059,"chtopa/nxt2/thoc1/tprb/si:dkey-17o15.2/eif4ea",6
"GO:0032434","regulation of proteasomal ubiquitin-dependent protein catabolic process","6/890","36/18773",0.166666666666667,3.51554307116105,3.37025737352448,0.00642514759737641,0.153085463713238,0.140778058548059,"hsp90ab1/axin1/dda1/n4bp1/fzr1a/sh3rf1",6
"GO:0043534","blood vessel endothelial cell migration","6/890","36/18773",0.166666666666667,3.51554307116105,3.37025737352448,0.00642514759737641,0.153085463713238,0.140778058548059,"cnn2/plekhg5a/nrp1a/lmo2/sirt1/peak1",6
"GO:0061572","actin filament bundle organization","8/890","59/18773",0.135593220338983,2.86010283755475,3.19234438599082,0.00642796688237403,0.153085463713238,0.140778058548059,"limch1b/rock1/fscn1a/gna12a/myh10/limch1a/myh9b/ppm1f",8
"GO:0042176","regulation of protein catabolic process","9/890","72/18773",0.125,2.63665730337079,3.10399972236635,0.00679296119945424,0.15800493929221,0.145302029696486,"hsp90ab1/timp2a/rnf121/axin1/oaz2a/dda1/n4bp1/fzr1a/sh3rf1",9
"GO:0051168","nuclear export","9/890","72/18773",0.125,2.63665730337079,3.10399972236635,0.00679296119945424,0.15800493929221,0.145302029696486,"chtopa/nxt2/rangap1b/thoc1/ranbp3b/tprb/si:dkey-17o15.2/npm1b/eif4ea",9
"GO:0022604","regulation of cell morphogenesis","10/890","85/18773",0.117647058823529,2.48155981493721,3.05405833288964,0.00683289100551674,0.15800493929221,0.145302029696486,"rhogc/si:dkey-40c11.2/fermt2/palm1b/dbnlb/parvaa/rhogb/myh10/myh9b/fmnl3",10
"GO:0006974","DNA damage response","34/890","459/18773",0.0740740740740741,1.56246358718269,2.72169363694387,0.00692663586288064,0.15800493929221,0.145302029696486,"uacaa/pds5a/usp1/pin1/csnk2a1/rfc3/casp2/rnaseh2a/kmt5aa/rad23b/ppp4ca/ascc1/ikbkg/cenpx/gtf2h4/psme4b/nme3/id2a/eya1/vhl/chd1l/babam2/uri1/ino80/nabp1a/ercc5/gtf2h3/kmt5b/ttf2/ercc8/rrm2b/zgc:112496/msh2/rnf169",34
"GO:0000422","autophagy of mitochondrion","7/890","48/18773",0.145833333333333,3.07610018726592,3.21283262281932,0.00708656045130002,0.15800493929221,0.145302029696486,"fundc2/zgc:92606/sqstm1/gabarapa/map1lc3b/atg13/snx30",7
"GO:0045787","positive regulation of cell cycle","7/890","48/18773",0.145833333333333,3.07610018726592,3.21283262281932,0.00708656045130002,0.15800493929221,0.145302029696486,"anapc11/pagr1/rock2a/rcc2/ranbp1/aurkb/mdm2",7
"GO:0090288","negative regulation of cellular response to growth factor stimulus","8/890","60/18773",0.133333333333333,2.81243445692884,3.13686850893318,0.0071166175238324,0.15800493929221,0.145302029696486,"zmynd11/smad6a/churc1/sulf2b/skia/ldb2a/spry4/gdf6a",8
"GO:0033617","mitochondrial cytochrome c oxidase assembly","4/890","17/18773",0.235294117647059,4.96311962987442,3.64688122068073,0.00727866210355474,0.15800493929221,0.145302029696486,"pet100/cox20/sco1/tmem223",4
"GO:0035476","angioblast cell migration","4/890","17/18773",0.235294117647059,4.96311962987442,3.64688122068073,0.00727866210355474,0.15800493929221,0.145302029696486,"plcg1/smo/ephb4a/isl2a",4
"GO:0060395","SMAD protein signal transduction","4/890","17/18773",0.235294117647059,4.96311962987442,3.64688122068073,0.00727866210355474,0.15800493929221,0.145302029696486,"zmynd11/smad6a/smad2/smad5",4
"GO:0030509","BMP signaling pathway","13/890","128/18773",0.1015625,2.14228405898876,2.8928638528608,0.00776595968862573,0.164223268243094,0.151020432057395,"yap1/zmynd11/smad6a/rbm14b/fstl1a/zdhhc13/rbm14a/id2a/smad5/skia/bmpr2b/ldb2a/gdf6a",13
"GO:0071772","response to BMP","13/890","128/18773",0.1015625,2.14228405898876,2.8928638528608,0.00776595968862573,0.164223268243094,0.151020432057395,"yap1/zmynd11/smad6a/rbm14b/fstl1a/zdhhc13/rbm14a/id2a/smad5/skia/bmpr2b/ldb2a/gdf6a",13
"GO:0071773","cellular response to BMP stimulus","13/890","128/18773",0.1015625,2.14228405898876,2.8928638528608,0.00776595968862573,0.164223268243094,0.151020432057395,"yap1/zmynd11/smad6a/rbm14b/fstl1a/zdhhc13/rbm14a/id2a/smad5/skia/bmpr2b/ldb2a/gdf6a",13
"GO:0061136","regulation of proteasomal protein catabolic process","7/890","49/18773",0.142857142857143,3.01332263242376,3.14805410013423,0.00793770701963878,0.166420472813452,0.153040990940944,"hsp90ab1/rnf121/axin1/dda1/n4bp1/fzr1a/sh3rf1",7
"GO:0050770","regulation of axonogenesis","8/890","62/18773",0.129032258064516,2.72171076476984,3.02926751778028,0.00865907883913611,0.180006105020346,0.165534397433262,"cxcl12a/pak2b/pard6gb/si:dkey-40c11.2/nrp1a/dbnlb/arhgap35b/casp3a",8
"GO:0046330","positive regulation of JNK cascade","4/890","18/18773",0.222222222222222,4.68739076154806,3.49161997524737,0.00901257140142375,0.185780148299937,0.170844232757639,"tnfrsf19/axin1/taok1b/sh3rf1",4
"GO:0002183","cytoplasmic translational initiation","5/890","28/18773",0.178571428571429,3.7666532905297,3.26829401804647,0.00937601109849172,0.18716482181308,0.172117584545425,"eif3m/eif3ja/eif3k/eif3i/eif3ea",5
"GO:0110020","regulation of actomyosin structure organization","5/890","28/18773",0.178571428571429,3.7666532905297,3.26829401804647,0.00937601109849172,0.18716482181308,0.172117584545425,"limch1b/rock1/limch1a/ppm1f/rnf2",5
"GO:0090090","negative regulation of canonical Wnt signaling pathway","8/890","63/18773",0.126984126984127,2.67850900659889,2.97705696451583,0.00951795948287853,0.18716482181308,0.172117584545425,"ptk7a/otud5a/stk3/tle3b/lmbr1l/tcf7l1a/axin1/chd8",8
"GO:0045010","actin nucleation","6/890","39/18773",0.153846153846154,3.24511668107174,3.13102150161269,0.00954582586319756,0.18716482181308,0.172117584545425,"arpc5lb/arpc5b/wasf2/arpc4/arpc5la/arpc1a",6
"GO:0010629","negative regulation of gene expression","32/890","436/18773",0.073394495412844,1.54812905885991,2.58340214956241,0.00978908222252795,0.18716482181308,0.172117584545425,"yap1/pnrc2/ybx1/zgc:162730/dis3l2/rack1/cnot9/cbx1a/caprin1a/cnot3b/cast/eri1/fxr2/igf2bp2b/chac1/cnot2/ythdf1/smg6/pan3/ppm1da/rbmx/n4bp1/pphln1/macroh2a2/bend3/sirt1/gpatch3/cptp/zc3h14/spty2d1/bmi1b/si:ch211-13c6.2",32
"GO:0002275","myeloid cell activation involved in immune response","3/890","10/18773",0.3,6.32797752808989,3.75959733404566,0.00991904885271112,0.18716482181308,0.172117584545425,"ptenb/myd88/ptena",3
"GO:0008300","isoprenoid catabolic process","3/890","10/18773",0.3,6.32797752808989,3.75959733404566,0.00991904885271112,0.18716482181308,0.172117584545425,"cyp26b1/bco1/srd5a3",3
"GO:0048041","focal adhesion assembly","3/890","10/18773",0.3,6.32797752808989,3.75959733404566,0.00991904885271112,0.18716482181308,0.172117584545425,"thy1/limch1b/limch1a",3
"GO:0051893","regulation of focal adhesion assembly","3/890","10/18773",0.3,6.32797752808989,3.75959733404566,0.00991904885271112,0.18716482181308,0.172117584545425,"thy1/limch1b/limch1a",3
"GO:0090109","regulation of cell-substrate junction assembly","3/890","10/18773",0.3,6.32797752808989,3.75959733404566,0.00991904885271112,0.18716482181308,0.172117584545425,"thy1/limch1b/limch1a",3
"GO:0150116","regulation of cell-substrate junction organization","3/890","10/18773",0.3,6.32797752808989,3.75959733404566,0.00991904885271112,0.18716482181308,0.172117584545425,"thy1/limch1b/limch1a",3
"GO:0030833","regulation of actin filament polymerization","11/890","104/18773",0.105769230769231,2.23101771823682,2.80834548143824,0.010280383549615,0.192502143871799,0.177025809134793,"si:dkey-40c11.2/tmsb4x/arpc5lb/arpc5b/nck1b/add3a/dbnlb/fam49a/arpc5la/capgb/cyfip2",11
"GO:0060027","convergent extension involved in gastrulation","10/890","91/18773",0.10989010989011,2.31794048647981,2.81147936032862,0.0109025487569717,0.201082346622944,0.184916200919591,"rack1/ptenb/marcksb/rock2a/smad5/ptk2ab/mmp14b/gpc4/ryk/fzd2",10
"GO:0070646","protein modification by small protein removal","10/890","91/18773",0.10989010989011,2.31794048647981,2.81147936032862,0.0109025487569717,0.201082346622944,0.184916200919591,"cops8/usp1/otud5a/cops5/otud6b/usp12a/usp4/senp2/si:dkey-100n23.3/usp47",10
"GO:0001945","lymph vessel development","9/890","78/18773",0.115384615384615,2.4338375108038,2.83083523292443,0.011333228514926,0.203444693100096,0.187088625019205,"bcar1/kdrl/cxcl12a/prox3/arap3/smad5/ephb4a/bmpr2b/notch1b",9
"GO:0010628","positive regulation of gene expression","15/890","164/18773",0.0914634146341463,1.92926144149082,2.66641909598145,0.0113593797245397,0.203444693100096,0.187088625019205,"cirbpb/ybx1/uqcc2/kmt5aa/nck1b/fxr2/zbtb16a/yy1a/igf2bp2b/rbm22/rbmx/sulf2b/larp4b/dhx29/kmt5b",15
"GO:0014032","neural crest cell development","14/890","149/18773",0.0939597315436242,1.98191689917804,2.68448804981231,0.0113623819627856,0.203444693100096,0.187088625019205,"plod3/nrp1a/hmgcrb/fscn1a/esf1/rcc2/sema3fb/chd8/foxc1b/phactr4b/lrp5/sema4c/ocrl/kbtbd8",14
"GO:0048864","stem cell development","14/890","149/18773",0.0939597315436242,1.98191689917804,2.68448804981231,0.0113623819627856,0.203444693100096,0.187088625019205,"plod3/nrp1a/hmgcrb/fscn1a/esf1/rcc2/sema3fb/chd8/foxc1b/phactr4b/lrp5/sema4c/ocrl/kbtbd8",14
"GO:0031399","regulation of protein modification process","10/890","92/18773",0.108695652173913,2.29274548119199,2.772917634207,0.011729128803005,0.20776737275675,0.191063780040644,"crppa/ccnyl1/axin1/prkar1ab/n4bp1/smo/spopla/fzr1a/aida/xiap",10
"GO:0008064","regulation of actin polymerization or depolymerization","11/890","106/18773",0.10377358490566,2.18892304430782,2.73841649140137,0.0117732021252296,0.20776737275675,0.191063780040644,"si:dkey-40c11.2/tmsb4x/arpc5lb/arpc5b/nck1b/add3a/dbnlb/fam49a/arpc5la/capgb/cyfip2",11
"GO:0090068","positive regulation of cell cycle process","6/890","41/18773",0.146341463414634,3.08681830638531,2.9841082923107,0.0121472903244677,0.209003339044069,0.192200380016495,"anapc11/pagr1/rock2a/rcc2/ranbp1/aurkb",6
"GO:0043632","modification-dependent macromolecule catabolic process","31/890","426/18773",0.0727699530516432,1.53495542543651,2.4915519871448,0.0121842723776016,0.209003339044069,0.192200380016495,"uba52/hsp90ab1/dis3l2/anapc11/ube3a/ube2d3/mylipa/rnf13/ube2d1a/rad23b/klhl4/rnf144b/axin1/zfand2a/tollip/fbxo45/anapc10/dda1/n4bp1/fbxl14b/eloca/spopla/fzr1a/fbxl14a/ube2h/sh3rf1/ercc8/mdm2/kbtbd8/nccrp1/keap1b",31
"GO:0050657","nucleic acid transport","9/890","79/18773",0.113924050632911,2.40302944104679,2.78778513877306,0.0122692543099657,0.209003339044069,0.192200380016495,"ybx1/chtopa/fxr2/nxt2/thoc1/tprb/si:dkey-17o15.2/eif4ea/nup58",9
"GO:0050658","RNA transport","9/890","79/18773",0.113924050632911,2.40302944104679,2.78778513877306,0.0122692543099657,0.209003339044069,0.192200380016495,"ybx1/chtopa/fxr2/nxt2/thoc1/tprb/si:dkey-17o15.2/eif4ea/nup58",9
"GO:0051236","establishment of RNA localization","9/890","79/18773",0.113924050632911,2.40302944104679,2.78778513877306,0.0122692543099657,0.209003339044069,0.192200380016495,"ybx1/chtopa/fxr2/nxt2/thoc1/tprb/si:dkey-17o15.2/eif4ea/nup58",9
"GO:0000460","maturation of 5.8S rRNA","5/890","30/18773",0.166666666666667,3.51554307116105,3.07611749927115,0.0125776283895323,0.211733860903265,0.194711379799471,"eri1/c1d/nsa2/mtrex/kri1",5
"GO:0032880","regulation of protein localization","10/890","93/18773",0.10752688172043,2.26809230397487,2.73485303321544,0.0126021784312583,0.211733860903265,0.194711379799471,"rack1/sh3tc2/marcksb/uqcc2/tomm7/mief1/larp7/camk2g2/ptk2ab/gpc4",10
"GO:0000209","protein polyubiquitination","12/890","122/18773",0.0983606557377049,2.07474673052127,2.6568380031399,0.0130882372848907,0.217935901187846,0.200414803031971,"ube3a/ube2d3/ube2e2/ube2d1a/mkrn1/ube2q2/anapc13/anapc10/mkrn4/dda1/ube2h/ercc8",12
"GO:0015866","ADP transport","3/890","11/18773",0.272727272727273,5.75270684371808,3.51744966668824,0.0131636573459925,0.217935901187846,0.200414803031971,"slc25a5/slc25a25a/slc25a24",3
"GO:0030518","nuclear receptor-mediated steroid hormone signaling pathway","4/890","20/18773",0.2,4.21865168539326,3.21279999003269,0.0132378513155275,0.217935901187846,0.200414803031971,"cnot9/pagr1/carm1/vhl",4
"GO:0030832","regulation of actin filament length","11/890","108/18773",0.101851851851852,2.1483874323762,2.67003158885629,0.0134258290924798,0.219557058425686,0.201905626281994,"si:dkey-40c11.2/tmsb4x/arpc5lb/arpc5b/nck1b/add3a/dbnlb/fam49a/arpc5la/capgb/cyfip2",11
"GO:0051028","mRNA transport","8/890","67/18773",0.119402985074627,2.5185980211303,2.77792076270897,0.0135967199795628,0.220879166290513,0.203121442427348,"chtopa/fxr2/nxt2/thoc1/tprb/si:dkey-17o15.2/eif4ea/nup58",8
"GO:0030041","actin filament polymerization","12/890","123/18773",0.0975609756097561,2.05787887092354,2.62590595752723,0.0138993871644138,0.224310504699388,0.206276916158855,"si:dkey-40c11.2/tmsb4x/arpc5lb/arpc5b/nck1b/add3a/dbnlb/fam49a/arpc5la/capgb/cyfip2/fmnl3",12
"GO:1990542","mitochondrial transmembrane transport","9/890","81/18773",0.111111111111111,2.34369538077403,2.70361928284723,0.0143123741600012,0.228294662356098,0.209940764876142,"slc25a5/mpc1/slc25a36a/romo1/tomm7/micu2/slc25a1a/sfxn1/slc25a24",9
"GO:0035329","hippo signaling","5/890","31/18773",0.161290322580645,3.4021384559623,2.98607701024901,0.0144254678618814,0.228294662356098,0.209940764876142,"yap1/stk3/vgll4b/mob1a/tead1b",5
"GO:2001242","regulation of intrinsic apoptotic signaling pathway","5/890","31/18773",0.161290322580645,3.4021384559623,2.98607701024901,0.0144254678618814,0.228294662356098,0.209940764876142,"pin1/nck1b/uri1/rnf2/mdm2",5
"GO:0030216","keratinocyte differentiation","4/890","21/18773",0.19047619047619,4.01776350989834,3.08674775434259,0.0157518694747051,0.244552758363617,0.224891780708148,"krt8/krt4/krt5/casp3a",4
"GO:0048259","regulation of receptor-mediated endocytosis","4/890","21/18773",0.19047619047619,4.01776350989834,3.08674775434259,0.0157518694747051,0.244552758363617,0.224891780708148,"smap1/smap2/bmp2k/ocrl",4
"GO:0048264","determination of ventral identity","4/890","21/18773",0.19047619047619,4.01776350989834,3.08674775434259,0.0157518694747051,0.244552758363617,0.224891780708148,"ppp4ca/smad5/aida/gdf6a",4
"GO:0034504","protein localization to nucleus","8/890","69/18773",0.115942028985507,2.44559517993812,2.68370068949869,0.0160568193928354,0.24771935830582,0.227803799793753,"dclk2a/kpna3/tor1/larp7/kpnb1/tprb/tnpo1/fam53b",8
"GO:0031032","actomyosin structure organization","15/890","171/18773",0.087719298245614,1.85028582692687,2.49180046794431,0.0161635982740309,0.247808166038736,0.22788546777137,"naca/cxcl12a/cnn2/tpm4a/limch1b/rock1/myo18ab/rock2a/gna12a/myh10/limch1a/smo/ppm1f/rnf2/myl9a",15
"GO:0048013","ephrin receptor signaling pathway","5/890","32/18773",0.15625,3.29582162921348,2.89965841177005,0.0164468793741315,0.250585062762388,0.230439114081489,"nck1b/rasa1a/ephb4a/efna1a/ephb4b",5
"GO:0006413","translational initiation","10/890","97/18773",0.103092783505155,2.17456272442951,2.58732054084782,0.0165896993240336,0.251200817542311,0.231005364856426,"eif3m/ybx1/eif3ja/eif3k/eif3i/eif4e2/eif1/dhx29/eif4ea/eif3ea",10
"GO:0006766","vitamin metabolic process","6/890","44/18773",0.136363636363636,2.87635342185904,2.77980143528175,0.016926459829903,0.251868228277803,0.231619118672874,"cyp26b1/dhfr/rcor1/thtpa/rgn/pnpo",6
"GO:0001952","regulation of cell-matrix adhesion","3/890","12/18773",0.25,5.27331460674157,3.30337278426045,0.0169418090769823,0.251868228277803,0.231619118672874,"thy1/limch1b/limch1a",3
"GO:0021555","midbrain-hindbrain boundary morphogenesis","3/890","12/18773",0.25,5.27331460674157,3.30337278426045,0.0169418090769823,0.251868228277803,0.231619118672874,"myh10/myh9b/ptk2ab",3
"GO:0008360","regulation of cell shape","8/890","70/18773",0.114285714285714,2.410658105939,2.63782050343656,0.0174005292978071,0.257129508238077,0.236457414617632,"rhogc/fermt2/palm1b/parvaa/rhogb/myh10/myh9b/fmnl3",8
"GO:0006720","isoprenoid metabolic process","7/890","57/18773",0.12280701754386,2.59040015769761,2.68267095675653,0.0176620235935549,0.257886570684466,0.23715361253752,"cyp26b1/crppa/bco1/rcor1/hmgcrb/dhrs3b/srd5a3",7
"GO:0097191","extrinsic apoptotic signaling pathway","7/890","57/18773",0.12280701754386,2.59040015769761,2.68267095675653,0.0176620235935549,0.257886570684466,0.23715361253752,"lgals3b/casp2/tnfsf10/siva1/eya1/dedd1/casp8ap2",7
"GO:0048915","posterior lateral line system development","9/890","84/18773",0.107142857142857,2.25999197431782,2.58193008294889,0.01783316964721,0.258844764169267,0.23803477143551,"yap1/cxcl12a/tnfrsf19/wnk1b/gna12a/adgrg6/smad5/ctnnd1/lrp5",9
"GO:0042692","muscle cell differentiation","23/890","303/18773",0.0759075907590759,1.60113842844959,2.35338210061765,0.0181258918012304,0.26154595640246,0.240518799566791,"meox1/naca/cxcl12a/tpm4a/rbpms2a/sox6/cited4b/crppa/pbx2/myo18ab/dock1/myorg/axin1/carm1/tcf3a/rbpms2b/smo/acta1b/gpc4/rnf2/myl9a/spry4/gdf6a",23
"GO:0031400","negative regulation of protein modification process","4/890","22/18773",0.181818181818182,3.83513789581205,2.96826996995346,0.0185463104145432,0.262893520543976,0.241758025414955,"n4bp1/smo/spopla/aida",4
"GO:0045109","intermediate filament organization","4/890","22/18773",0.181818181818182,3.83513789581205,2.96826996995346,0.0185463104145432,0.262893520543976,0.241758025414955,"krt8/krt4/krt5/agfg1a",4
"GO:0006289","nucleotide-excision repair","5/890","33/18773",0.151515151515152,3.19594824651004,2.81659474743465,0.0186479708824508,0.262893520543976,0.241758025414955,"rad23b/gtf2h4/ercc5/gtf2h3/ercc8",5
"GO:0070201","regulation of establishment of protein localization","5/890","33/18773",0.151515151515152,3.19594824651004,2.81659474743465,0.0186479708824508,0.262893520543976,0.241758025414955,"sh3tc2/marcksb/uqcc2/tomm7/mief1",5
"GO:2001234","negative regulation of apoptotic signaling pathway","6/890","45/18773",0.133333333333333,2.81243445692884,2.71551967952156,0.0187710923765597,0.262898636588374,0.241762730151645,"slc25a5/lgals3b/eya1/uri1/rnf2/mdm2",6
"GO:0006403","RNA localization","9/890","85/18773",0.105882352941176,2.23340383344349,2.54251446169641,0.0191358342232,0.262898636588374,0.241762730151645,"ybx1/chtopa/fxr2/nxt2/thoc1/tprb/si:dkey-17o15.2/eif4ea/nup58",9
"GO:0019941","modification-dependent protein catabolic process","30/890","424/18773",0.0707547169811321,1.49244753020988,2.28805668416724,0.0191698778652581,0.262898636588374,0.241762730151645,"uba52/hsp90ab1/anapc11/ube3a/ube2d3/mylipa/rnf13/ube2d1a/rad23b/klhl4/rnf144b/axin1/zfand2a/tollip/fbxo45/anapc10/dda1/n4bp1/fbxl14b/eloca/spopla/fzr1a/fbxl14a/ube2h/sh3rf1/ercc8/mdm2/kbtbd8/nccrp1/keap1b",30
"GO:0007179","transforming growth factor beta receptor signaling pathway","7/890","58/18773",0.120689655172414,2.54573808601317,2.63017761158168,0.0192913797741163,0.262898636588374,0.241762730151645,"hsp90ab1/rlim/smad2/tgfbr2b/smad5/flcn/skia",7
"GO:0071559","response to transforming growth factor beta","7/890","58/18773",0.120689655172414,2.54573808601317,2.63017761158168,0.0192913797741163,0.262898636588374,0.241762730151645,"hsp90ab1/rlim/smad2/tgfbr2b/smad5/flcn/skia",7
"GO:0071560","cellular response to transforming growth factor beta stimulus","7/890","58/18773",0.120689655172414,2.54573808601317,2.63017761158168,0.0192913797741163,0.262898636588374,0.241762730151645,"hsp90ab1/rlim/smad2/tgfbr2b/smad5/flcn/skia",7
"GO:0048562","embryonic organ morphogenesis","33/890","477/18773",0.0691823899371069,1.45928202953855,2.26668230622098,0.0195512377015617,0.264967878905695,0.243665614390501,"cyp26b1/dhfr/ece1/hoxa4a/tmsb4x/hs6st2/ube2ia/hmgcrb/bicra/fscn1a/bnip3lb/tcf7l1a/axin1/ep300a/adgrg6/smad5/eya1/dcaf7/ttc9c/cfap20/phactr4b/lrp5/smo/skia/lamc1/sox11b/eif3ea/hoxb3a/bmpr2b/rnf2/cxxc5a/ocrl/fzd2",33
"GO:0080135","regulation of cellular response to stress","11/890","115/18773",0.0956521739130435,2.01761602344895,2.44191420037813,0.0206130430633919,0.27586047287337,0.253682491199877,"usp1/pin1/rnf121/kmt5aa/nck1b/eya1/vhl/babam2/taok1b/kmt5b/rnf169",11
"GO:0060828","regulation of canonical Wnt signaling pathway","12/890","130/18773",0.0923076923076923,1.94707000864304,2.4172743737566,0.0206923469256829,0.27586047287337,0.253682491199877,"ptk7a/otud5a/ccnyl1/stk3/tle3b/lmbr1l/tcf7l1a/axin1/chd8/adgra2/fam53b/xiap",12
"GO:0090092","regulation of transmembrane receptor protein serine/threonine kinase signaling pathway","12/890","130/18773",0.0923076923076923,1.94707000864304,2.4172743737566,0.0206923469256829,0.27586047287337,0.253682491199877,"hsp90ab1/zmynd11/rlim/smad6a/fstl1a/zdhhc13/fscn1a/smad5/flcn/skia/ldb2a/gdf6a",12
"GO:0006281","DNA repair","25/890","341/18773",0.0733137829912024,1.54642657089196,2.2717098228222,0.0209072275499247,0.276064076933973,0.253869726379944,"pds5a/usp1/rfc3/rnaseh2a/rad23b/ppp4ca/ascc1/cenpx/gtf2h4/psme4b/nme3/eya1/vhl/chd1l/babam2/ino80/nabp1a/ercc5/gtf2h3/kmt5b/ttf2/ercc8/zgc:112496/msh2/rnf169",25
"GO:0043409","negative regulation of MAPK cascade","5/890","34/18773",0.147058823529412,3.10194976867151,2.73664632331522,0.0210343767505448,0.276064076933973,0.253869726379944,"dusp1/ptpn2b/si:ch211-121a2.2/aida/spry4",5
"GO:0033120","positive regulation of RNA splicing","3/890","13/18773",0.230769230769231,4.86767502160761,3.11196943379864,0.0212612387900921,0.276064076933973,0.253869726379944,"cirbpb/rbm22/rbmx",3
"GO:0046185","aldehyde catabolic process","3/890","13/18773",0.230769230769231,4.86767502160761,3.11196943379864,0.0212612387900921,0.276064076933973,0.253869726379944,"esd/adh8b/akr1a1b",3
"GO:0006401","RNA catabolic process","15/890","177/18773",0.0847457627118644,1.78756427347172,2.34851294911772,0.0214096184409803,0.276064076933973,0.253869726379944,"pnrc2/ybx1/zgc:162730/dis3l2/cnot9/cnot3b/rnaseh2a/fxr2/igf2bp2b/cnot2/ythdf1/smg6/pan3/mtrex/zc3h14",15
"GO:0006839","mitochondrial transport","10/890","101/18773",0.099009900990099,2.0884414284125,2.4468109701081,0.0214420281636145,0.276064076933973,0.253869726379944,"slc25a5/mpc1/slc25a36a/romo1/tomm7/micu2/bnip3lb/slc25a1a/sfxn1/slc25a24",10
"GO:0033365","protein localization to organelle","25/890","342/18773",0.0730994152046784,1.54190485577239,2.25627345434911,0.0215821086516023,0.276064076933973,0.253869726379944,"romo1/dclk2a/kpna3/sec62/zfand6/tor1/tomm7/larp7/cttnbp2nlb/kpnb1/arl13b/pex14/rcc2/srp19/zfand2a/arl6/tprb/pphln1/aurkb/lamp1b/tnpo1/fam53b/aup1/mapre1b/erbin",25
"GO:0043401","steroid hormone receptor signaling pathway","4/890","23/18773",0.173913043478261,3.66839276990718,2.8565585168162,0.0216290909050842,0.276064076933973,0.253869726379944,"cnot9/pagr1/carm1/vhl",4
"GO:0032271","regulation of protein polymerization","11/890","116/18773",0.0948275862068965,2.00022278186749,2.41065421121073,0.0218343759719423,0.276064076933973,0.253869726379944,"si:dkey-40c11.2/tmsb4x/arpc5lb/arpc5b/nck1b/add3a/dbnlb/fam49a/arpc5la/capgb/cyfip2",11
"GO:0045814","negative regulation of gene expression, epigenetic","9/890","87/18773",0.103448275862069,2.18206121658272,2.46530984619541,0.0219455748072257,0.276064076933973,0.253869726379944,"cbx1a/ppm1da/pphln1/macroh2a2/bend3/sirt1/spty2d1/bmi1b/si:ch211-13c6.2",9
"GO:0048881","mechanosensory lateral line system development","9/890","87/18773",0.103448275862069,2.18206121658272,2.46530984619541,0.0219455748072257,0.276064076933973,0.253869726379944,"yap1/cxcl12a/tnfrsf19/wnk1b/gna12a/adgrg6/smad5/ctnnd1/lrp5",9
"GO:0030162","regulation of proteolysis","15/890","178/18773",0.0842696629213483,1.77752177755334,2.32516918988929,0.022396172154084,0.280294950479428,0.257760456102051,"hsp90ab1/timp2a/ube3a/rnf121/casp2/cast/serpinh2/chac1/axin1/dda1/n4bp1/spopla/fzr1a/sh3rf1/svbp",15
"GO:0006405","RNA export from nucleus","6/890","47/18773",0.127659574468085,2.69275639493187,2.59209533474668,0.0228620180934106,0.282049500339982,0.25937394778835,"chtopa/nxt2/thoc1/tprb/si:dkey-17o15.2/eif4ea",6
"GO:0043542","endothelial cell migration","6/890","47/18773",0.127659574468085,2.69275639493187,2.59209533474668,0.0228620180934106,0.282049500339982,0.25937394778835,"cnn2/plekhg5a/nrp1a/lmo2/sirt1/peak1",6
"GO:0045944","positive regulation of transcription by RNA polymerase II","25/890","344/18773",0.0726744186046512,1.53294029265743,2.22554807532823,0.022982746492256,0.282049500339982,0.25937394778835,"meox1/hnrnpub/hoxa4a/mcrs1/med10/si:ch211-222l21.1/paxbp1/smad2/larp7/akirin2/ss18/med13a/ep300a/rbmx/npm1b/ncoa6/lmo2/ssbp3b/ldb1a/sox11b/jupa/cdk12/isl2a/ldb2a/nr1d2b",25
"GO:0007163","establishment or maintenance of cell polarity","11/890","117/18773",0.094017094017094,1.98312686065495,2.37970604635626,0.0231079590309552,0.282049500339982,0.25937394778835,"rack1/rhogc/pard6gb/fscn1a/parvaa/rhogb/pafah1b1a/mmp14b/gpc4/erbin/notch1b",11
"GO:0043408","regulation of MAPK cascade","18/890","227/18773",0.079295154185022,1.67259317923081,2.27441833391,0.0231112717359708,0.282049500339982,0.25937394778835,"kdrl/cnn2/tnfrsf19/pak2b/fgfr4/dusp1/stk3/taok2a/ptpn2b/axin1/raf1a/taok1b/kdr/si:ch211-121a2.2/sh3rf1/mink1/aida/spry4",18
"GO:0060070","canonical Wnt signaling pathway","16/890","195/18773",0.082051282051282,1.73072889657159,2.28825381991194,0.0234648237468837,0.283581930647225,0.260783177366921,"ptk7a/otud5a/ccnyl1/stk3/tle3b/lmbr1l/tcf7l1a/axin1/chd8/fzd4/lrp5/adgra2/fam53b/jupa/xiap/fzd2",16
"GO:0007369","gastrulation","21/890","277/18773",0.075812274368231,1.59912789518517,2.24104514149323,0.023468052148955,0.283581930647225,0.260783177366921,"cyt1/cxcl12a/rack1/ptenb/marcksb/mylipa/plekhg5a/rock2a/dusp1/zdhhc13/churc1/etv5a/gna12a/arl6/smad5/ctnnd1/ptk2ab/mmp14b/gpc4/ryk/fzd2",21
"GO:0006511","ubiquitin-dependent protein catabolic process","29/890","414/18773",0.070048309178744,1.47754708787928,2.19190611626007,0.0236500110355812,0.284379789560199,0.261516891894997,"hsp90ab1/anapc11/ube3a/ube2d3/mylipa/rnf13/ube2d1a/rad23b/klhl4/rnf144b/axin1/zfand2a/tollip/fbxo45/anapc10/dda1/n4bp1/fbxl14b/eloca/spopla/fzr1a/fbxl14a/ube2h/sh3rf1/ercc8/mdm2/kbtbd8/nccrp1/keap1b",29
"GO:0008154","actin polymerization or depolymerization","12/890","133/18773",0.0902255639097744,1.90315113626764,2.33181121612975,0.0242576042277016,0.288967429942635,0.265735705952782,"si:dkey-40c11.2/tmsb4x/arpc5lb/arpc5b/nck1b/add3a/dbnlb/fam49a/arpc5la/capgb/cyfip2/fmnl3",12
"GO:0006417","regulation of translation","14/890","164/18773",0.0853658536585366,1.8006440120581,2.29736475389526,0.0242671384297524,0.288967429942635,0.265735705952782,"ybx1/rack1/cnot9/caprin1a/serbp1b/uqcc2/nck1b/eif3k/fxr2/larp4b/dhx29/eif4ea/mknk1/kbtbd8",14
"GO:0018193","peptidyl-amino acid modification","13/890","149/18773",0.087248322147651,1.84035140637961,2.29745848142286,0.0249957211902885,0.293500464891355,0.26990430461612,"kdrl/ppiaa/ube2ia/carm1/poglut2/pias2/ntmt1/senp2/cfap20/dohh/si:dkey-100n23.3/zdhhc8b/tpst1l",13
"GO:0042181","ketone biosynthetic process","4/890","24/18773",0.166666666666667,3.51554307116105,2.75092285725094,0.0250067660669765,0.293500464891355,0.26990430461612,"coq9/coq7/coq6/fdx1b",4
"GO:0062207","regulation of pattern recognition receptor signaling pathway","4/890","24/18773",0.166666666666667,3.51554307116105,2.75092285725094,0.0250067660669765,0.293500464891355,0.26990430461612,"zdhhc5a/usp4/gpatch3/cptp",4
"GO:0043488","regulation of mRNA stability","10/890","104/18773",0.0961538461538462,2.02819792566984,2.34564860911576,0.0257048359302557,0.30025696446151,0.27611761102024,"ybx1/zgc:162730/dis3l2/cnot3b/fxr2/igf2bp2b/cnot2/ythdf1/pan3/zc3h14",10
"GO:0031424","keratinization","3/890","14/18773",0.214285714285714,4.51998394863563,2.93920546879919,0.0261246579333918,0.302282009012312,0.277979850800689,"krt8/krt4/krt5",3
"GO:0040037","negative regulation of fibroblast growth factor receptor signaling pathway","3/890","14/18773",0.214285714285714,4.51998394863563,2.93920546879919,0.0261246579333918,0.302282009012312,0.277979850800689,"churc1/sulf2b/spry4",3
"GO:0046328","regulation of JNK cascade","5/890","36/18773",0.138888888888889,2.92961922596754,2.5852522657901,0.0263831884449054,0.303840193687103,0.27941276420772,"tnfrsf19/axin1/taok1b/sh3rf1/aida",5
"GO:0009755","hormone-mediated signaling pathway","9/890","90/18773",0.1,2.10932584269663,2.35335348940341,0.0266970107250085,0.306017604245074,0.281415120431349,"cyp26b1/cnot9/pagr1/adipor1b/adipor2/carm1/dhrs3b/vhl/nr1d2b",9
"GO:0001570","vasculogenesis","7/890","62/18773",0.112903225806452,2.38149691917361,2.43067757302754,0.0268589833975335,0.306442261740231,0.281805637311698,"yap1/egfl7/nrp1a/plcg1/smo/adgra2/colec12",7
"GO:0072657","protein localization to membrane","19/890","248/18773",0.0766129032258065,1.6160157665821,2.17855559739286,0.0273791736408768,0.310002410809248,0.285079565886763,"naca/ehd2b/romo1/rnf121/sec62/mief1/zdhhc13/arl13b/atp13a1/flot2b/srp19/camk2g2/smo/zdhhc4/tm9sf4/gpc4/rab34a/erbin/fcho2",19
"GO:0007254","JNK cascade","6/890","49/18773",0.122448979591837,2.58284797064893,2.47495903718711,0.0275125778593968,0.310002410809248,0.285079565886763,"tnfrsf19/map3k7/axin1/taok1b/sh3rf1/aida",6
"GO:0000165","MAPK cascade","20/890","265/18773",0.0754716981132075,1.59194403222387,2.16498018529997,0.0276765299499492,0.310002410809248,0.285079565886763,"kdrl/cnn2/tnfrsf19/pak2b/map3k4/fgfr4/map3k7/dusp1/stk3/taok2a/ptpn2b/axin1/raf1a/taok1b/kdr/si:ch211-121a2.2/sh3rf1/mink1/aida/spry4",20
"GO:0003007","heart morphogenesis","20/890","265/18773",0.0754716981132075,1.59194403222387,2.16498018529997,0.0276765299499492,0.310002410809248,0.285079565886763,"yap1/rbpms2a/dhfr/fermt2/tmsb4x/ube2ia/pbx2/rock2a/hmgcrb/bnip3lb/ep300a/adgrg6/smad5/cfap20/rbpms2b/smo/skia/bmpr2b/cxxc5a/fzd2",20
"GO:2001233","regulation of apoptotic signaling pathway","9/890","91/18773",0.0989010989010989,2.08614643783183,2.31700772803098,0.0284305492336954,0.316089825161569,0.290677578613188,"slc25a5/lgals3b/pin1/nck1b/tnfsf10/eya1/uri1/rnf2/mdm2",9
"GO:0010821","regulation of mitochondrion organization","4/890","25/18773",0.16,3.37492134831461,2.65076880555914,0.0286845491970104,0.316089825161569,0.290677578613188,"slc25a5/mief1/slc25a1a/fam162a",4
"GO:0032436","positive regulation of proteasomal ubiquitin-dependent protein catabolic process","4/890","25/18773",0.16,3.37492134831461,2.65076880555914,0.0286845491970104,0.316089825161569,0.290677578613188,"axin1/dda1/fzr1a/sh3rf1",4
"GO:0060341","regulation of cellular localization","11/890","121/18773",0.0909090909090909,1.91756894790603,2.25890921697245,0.0287477232948072,0.316089825161569,0.290677578613188,"rack1/pard6gb/sh3tc2/marcksb/uqcc2/tomm7/mief1/larp7/camk2g2/ptk2ab/gpc4",11
"GO:0021782","glial cell development","10/890","106/18773",0.0943396226415094,1.98993004027984,2.2800809191264,0.028864297120339,0.316089825161569,0.290677578613188,"sumf1/itga6b/actr10/dock1/gna12a/znf16l/adgrg6/kirrel1a/smo/icn2",10
"GO:0007052","mitotic spindle organization","7/890","63/18773",0.111111111111111,2.34369538077403,2.38322086792174,0.0290266113868654,0.316454567697692,0.291012997436503,"dync1li2/tacc1/tprb/clasp1a/aurkb/plk2b/ptpa",7
"GO:0060560","developmental growth involved in morphogenesis","14/890","169/18773",0.0828402366863905,1.74737052057709,2.17723966730714,0.0303689074055804,0.32631456177186,0.30008029089068,"cxcl12a/pard6gb/si:dkey-40c11.2/smad2/nrp1a/dbnlb/gna12a/ctnnd1/casp3a/fam53b/gpc4/isl2a/ryk/fcho2",14
"GO:0009799","specification of symmetry","24/890","336/18773",0.0714285714285714,1.50666131621188,2.0906067374551,0.03043314526317,0.32631456177186,0.30008029089068,"yap1/dhfr/tmsb4x/ube2ia/ppp4ca/rab35b/bnip3lb/axin1/man1a2/ep300a/arl6/nme3/smad5/foxc1b/vgll4b/ttc9c/cfap20/smo/skia/bmpr2b/aida/cxxc5a/gdf6a/fzd2",24
"GO:0009855","determination of bilateral symmetry","24/890","336/18773",0.0714285714285714,1.50666131621188,2.0906067374551,0.03043314526317,0.32631456177186,0.30008029089068,"yap1/dhfr/tmsb4x/ube2ia/ppp4ca/rab35b/bnip3lb/axin1/man1a2/ep300a/arl6/nme3/smad5/foxc1b/vgll4b/ttc9c/cfap20/smo/skia/bmpr2b/aida/cxxc5a/gdf6a/fzd2",24
"GO:0060485","mesenchyme development","19/890","251/18773",0.0756972111553785,1.59670083710103,2.12314500221083,0.0304631205241565,0.32631456177186,0.30008029089068,"meox1/plod3/rock1/nrp1a/hmgcrb/pnn/fscn1a/esf1/rcc2/sema3fb/chd8/foxc1b/phactr4b/lrp5/smo/sema4c/rnf2/ocrl/kbtbd8",19
"GO:0048732","gland development","20/890","268/18773",0.0746268656716418,1.57412376320644,2.11182760725458,0.0306744315652904,0.32714948099851,0.300848086244473,"kdrl/yap1/zfyve9a/rbp4/nrp1a/fam49a/fscn1a/eif3i/man1a2/cdca7a/selenoh/id2a/eya1/foxc1b/fhl1b/lrp5/smo/gfer/isl2a/irf2bp2a",20
"GO:0061515","myeloid cell development","8/890","78/18773",0.102564102564103,2.16341112071449,2.29693055599334,0.0311733671070671,0.329123270977698,0.302663192097842,"sumf1/ptenb/jmjd1cb/alas1/ptena/lmo2/adnpa/sfxn1",8
"GO:1903313","positive regulation of mRNA metabolic process","8/890","78/18773",0.102564102564103,2.16341112071449,2.29693055599334,0.0311733671070671,0.329123270977698,0.302663192097842,"cirbpb/zgc:162730/dis3l2/cnot3b/cnot2/ythdf1/pan3/rbmx",8
"GO:0009262","deoxyribonucleotide metabolic process","3/890","15/18773",0.2,4.21865168539326,2.78199555996276,0.0315303582061798,0.329123270977698,0.302663192097842,"rrm1/tyms/rrm2b",3
"GO:0060896","neural plate pattern specification","3/890","15/18773",0.2,4.21865168539326,2.78199555996276,0.0315303582061798,0.329123270977698,0.302663192097842,"smad2/axin1/smo",3
"GO:0071763","nuclear membrane organization","3/890","15/18773",0.2,4.21865168539326,2.78199555996276,0.0315303582061798,0.329123270977698,0.302663192097842,"chmp2a/tor1/chmp4ba",3
"GO:0061008","hepaticobiliary system development","14/890","170/18773",0.0823529411764706,1.73709187045605,2.15369736534576,0.031712699719266,0.329227750529306,0.302759271948121,"yap1/zfyve9a/rbp4/add3a/fscn1a/eif3i/man1a2/selenoh/id2a/foxc1b/fhl1b/lrp5/gfer/irf2bp2a",14
"GO:0061371","determination of heart left/right asymmetry","17/890","219/18773",0.0776255707762557,1.63737622492432,2.11655339344355,0.031892637451828,0.329227750529306,0.302759271948121,"yap1/dhfr/tmsb4x/ube2ia/bnip3lb/man1a2/ep300a/smad5/foxc1b/vgll4b/ttc9c/cfap20/smo/skia/bmpr2b/cxxc5a/fzd2",17
"GO:0061013","regulation of mRNA catabolic process","10/890","108/18773",0.0925925925925926,1.95307948397836,2.2159353691703,0.0322898737273932,0.329227750529306,0.302759271948121,"ybx1/zgc:162730/dis3l2/cnot3b/fxr2/igf2bp2b/cnot2/ythdf1/pan3/zc3h14",10
"GO:0002520","immune system development","5/890","38/18773",0.131578947368421,2.7754287403903,2.44398357749548,0.0325282759871777,0.329227750529306,0.302759271948121,"nrp1a/fam49a/cdca7a/kmt5b/msh2",5
"GO:0043588","skin development","5/890","38/18773",0.131578947368421,2.7754287403903,2.44398357749548,0.0325282759871777,0.329227750529306,0.302759271948121,"krt8/krt4/dspb/krt5/casp3a",5
"GO:0097352","autophagosome maturation","4/890","26/18773",0.153846153846154,3.24511668107174,2.55558181297703,0.032666341331727,0.329227750529306,0.302759271948121,"zgc:92606/snx14/gabarapa/map1lc3b",4
"GO:2000060","positive regulation of ubiquitin-dependent protein catabolic process","4/890","26/18773",0.153846153846154,3.24511668107174,2.55558181297703,0.032666341331727,0.329227750529306,0.302759271948121,"axin1/dda1/fzr1a/sh3rf1",4
"GO:0007264","small GTPase-mediated signal transduction","22/890","304/18773",0.0723684210526316,1.52648580721467,2.0645806712296,0.0327355951825194,0.329227750529306,0.302759271948121,"rhogc/arhgap31/rassf1/arhgap29b/rock1/plekhg5a/rock2a/rap1aa/dock1/rasgef1bb/zgc:55558/rhogb/gna12a/vav2/arhgap35b/phactr4b/nkiras2/psd2/ralba/rab21/spry4/arhgap5",22
"GO:0001946","lymphangiogenesis","6/890","51/18773",0.117647058823529,2.48155981493721,2.36351436023422,0.0327482964244398,0.329227750529306,0.302759271948121,"bcar1/kdrl/cxcl12a/prox3/arap3/notch1b",6
"GO:0009953","dorsal/ventral pattern formation","13/890","155/18773",0.0838709677419355,1.7691119971004,2.14495907155795,0.0330697195062034,0.329756186783402,0.303245224226761,"yap1/rbm14b/kmt5aa/ppp4ca/axin1/rbm14a/smad5/smo/skia/sox11b/aida/gdf6a/zmat2",13
"GO:0051258","protein polymerization","13/890","155/18773",0.0838709677419355,1.7691119971004,2.14495907155795,0.0330697195062034,0.329756186783402,0.303245224226761,"si:dkey-40c11.2/tmsb4x/arpc5lb/arpc5b/nck1b/add3a/dbnlb/fam49a/arpc5la/capgb/cyfip2/akap9/fmnl3",13
"GO:0007409","axonogenesis","30/890","446/18773",0.0672645739910314,1.41882904217262,1.99704851683664,0.0347165441749194,0.334027277742391,0.307172938057349,"cxcl12a/rbpms2a/pak2b/plod3/pard6gb/pin1/si:dkey-40c11.2/sqstm1/nrp1a/dbnlb/ppp4ca/aplp2/ascc1/rbm7/cyfip2/sema3fb/arhgap35b/npr1a/rbpms2b/smo/sema4c/reep1/casp3a/lamc1/fam53b/efna1a/isl2a/ryk/gdf6a/notch1b",30
"GO:0090066","regulation of anatomical structure size","18/890","238/18773",0.0756302521008403,1.59528845245964,2.06181516331239,0.0347480770901323,0.334027277742391,0.307172938057349,"cxcl12a/hspb1/pard6gb/si:dkey-40c11.2/tmsb4x/arpc5lb/arpc5b/nck1b/add3a/dbnlb/fam49a/arpc5la/capgb/cyfip2/arhgap35b/casp3a/gclc/arhgap5",18
"GO:0030522","intracellular receptor signaling pathway","8/890","80/18773",0.1,2.10932584269663,2.21816939417456,0.0355302683286273,0.334027277742391,0.307172938057349,"cyp26b1/cnot9/pagr1/carm1/dhrs3b/vhl/gpatch3/cptp",8
"GO:0031647","regulation of protein stability","6/890","52/18773",0.115384615384615,2.4338375108038,2.30976170075875,0.0355924465633054,0.334027277742391,0.307172938057349,"hsp90ab1/usp1/usp12a/bag1/usp47/mdm2",6
"GO:0045727","positive regulation of translation","5/890","39/18773",0.128205128205128,2.70426390089311,2.37675260404346,0.0359080480642335,0.334027277742391,0.307172938057349,"uqcc2/nck1b/fxr2/larp4b/dhx29",5
"GO:0045732","positive regulation of protein catabolic process","5/890","39/18773",0.128205128205128,2.70426390089311,2.37675260404346,0.0359080480642335,0.334027277742391,0.307172938057349,"axin1/oaz2a/dda1/fzr1a/sh3rf1",5
"GO:0001947","heart looping","12/890","141/18773",0.0851063829787234,1.79517092995458,2.11431845713384,0.0359422505861012,0.334027277742391,0.307172938057349,"dhfr/tmsb4x/ube2ia/bnip3lb/ep300a/smad5/cfap20/smo/skia/bmpr2b/cxxc5a/fzd2",12
"GO:0010975","regulation of neuron projection development","12/890","141/18773",0.0851063829787234,1.79517092995458,2.11431845713384,0.0359422505861012,0.334027277742391,0.307172938057349,"cxcl12a/rbpms2a/pak2b/pard6gb/si:dkey-40c11.2/nrp1a/dbnlb/camk2g2/arhgap35b/rbpms2b/reep1/casp3a",12
"GO:0043487","regulation of RNA stability","10/890","110/18773",0.0909090909090909,1.91756894790603,2.15315061516057,0.0359912138514333,0.334027277742391,0.307172938057349,"ybx1/zgc:162730/dis3l2/cnot3b/fxr2/igf2bp2b/cnot2/ythdf1/pan3/zc3h14",10
"GO:0044089","positive regulation of cellular component biogenesis","10/890","110/18773",0.0909090909090909,1.91756894790603,2.15315061516057,0.0359912138514333,0.334027277742391,0.307172938057349,"thy1/limch1b/rock1/nck1b/nrp1a/pan3/limch1a/ppm1f/snx30/si:ch211-13c6.2",10
"GO:0007051","spindle organization","9/890","95/18773",0.0947368421052632,1.99830869308102,2.17616368064287,0.0361537572425185,0.334027277742391,0.307172938057349,"dync1li2/tacc1/tprb/clasp1a/ntmt1/aurkb/plk2b/ptpa/mapre1b",9
"GO:0010810","regulation of cell-substrate adhesion","4/890","27/18773",0.148148148148148,3.12492717436538,2.4649136738414,0.0369547689810726,0.334027277742391,0.307172938057349,"thy1/limch1b/limch1a/triobpb",4
"GO:0017015","regulation of transforming growth factor beta receptor signaling pathway","4/890","27/18773",0.148148148148148,3.12492717436538,2.4649136738414,0.0369547689810726,0.334027277742391,0.307172938057349,"hsp90ab1/rlim/flcn/skia",4
"GO:0048010","vascular endothelial growth factor receptor signaling pathway","4/890","27/18773",0.148148148148148,3.12492717436538,2.4649136738414,0.0369547689810726,0.334027277742391,0.307172938057349,"kdrl/nrp1a/vhl/kdr",4
"GO:0048333","mesodermal cell differentiation","4/890","27/18773",0.148148148148148,3.12492717436538,2.4649136738414,0.0369547689810726,0.334027277742391,0.307172938057349,"rock2a/zdhhc13/churc1/etv5a",4
"GO:0051310","metaphase chromosome alignment","4/890","27/18773",0.148148148148148,3.12492717436538,2.4649136738414,0.0369547689810726,0.334027277742391,0.307172938057349,"dync1li2/rcc2/aurkb/ccnb1",4
"GO:1903844","regulation of cellular response to transforming growth factor beta stimulus","4/890","27/18773",0.148148148148148,3.12492717436538,2.4649136738414,0.0369547689810726,0.334027277742391,0.307172938057349,"hsp90ab1/rlim/flcn/skia",4
"GO:0035050","embryonic heart tube development","15/890","190/18773",0.0789473684210526,1.66525724423418,2.05607327104859,0.037056115129694,0.334027277742391,0.307172938057349,"kdrl/dhfr/pard6gb/tmsb4x/ube2ia/bnip3lb/ep300a/smad5/cfap20/smo/acta1b/skia/bmpr2b/cxxc5a/fzd2",15
"GO:0141188","nucleic acid catabolic process","15/890","190/18773",0.0789473684210526,1.66525724423418,2.05607327104859,0.037056115129694,0.334027277742391,0.307172938057349,"pnrc2/ybx1/zgc:162730/dis3l2/cnot9/cnot3b/rnaseh2a/fxr2/igf2bp2b/cnot2/ythdf1/smg6/pan3/mtrex/zc3h14",15
"GO:0006509","membrane protein ectodomain proteolysis","3/890","16/18773",0.1875,3.95498595505618,2.63793330448836,0.0374727624465241,0.334027277742391,0.307172938057349,"timp2a/rbmx/adam10a",3
"GO:0007044","cell-substrate junction assembly","3/890","16/18773",0.1875,3.95498595505618,2.63793330448836,0.0374727624465241,0.334027277742391,0.307172938057349,"thy1/limch1b/limch1a",3
"GO:0031145","anaphase-promoting complex-dependent catabolic process","3/890","16/18773",0.1875,3.95498595505618,2.63793330448836,0.0374727624465241,0.334027277742391,0.307172938057349,"anapc11/anapc10/fzr1a",3
"GO:0043535","regulation of blood vessel endothelial cell migration","3/890","16/18773",0.1875,3.95498595505618,2.63793330448836,0.0374727624465241,0.334027277742391,0.307172938057349,"cnn2/nrp1a/peak1",3
"GO:0045773","positive regulation of axon extension","3/890","16/18773",0.1875,3.95498595505618,2.63793330448836,0.0374727624465241,0.334027277742391,0.307172938057349,"cxcl12a/si:dkey-40c11.2/dbnlb",3
"GO:0060030","dorsal convergence","3/890","16/18773",0.1875,3.95498595505618,2.63793330448836,0.0374727624465241,0.334027277742391,0.307172938057349,"smad5/gpc4/ryk",3
"GO:0150115","cell-substrate junction organization","3/890","16/18773",0.1875,3.95498595505618,2.63793330448836,0.0374727624465241,0.334027277742391,0.307172938057349,"thy1/limch1b/limch1a",3
"GO:1901679","nucleotide transmembrane transport","3/890","16/18773",0.1875,3.95498595505618,2.63793330448836,0.0374727624465241,0.334027277742391,0.307172938057349,"slc25a5/slc25a36a/slc25a24",3
"GO:0002244","hematopoietic progenitor cell differentiation","12/890","142/18773",0.0845070422535211,1.78252888115208,2.08812528525754,0.0376417995073751,0.334027277742391,0.307172938057349,"gpr182/meox1/fgfr4/smarcd1/myd88/cxxc1a/atf3/plcg1/tgfbr2b/cdca7a/vhl/notch1b",12
"GO:0009896","positive regulation of catabolic process","12/890","142/18773",0.0845070422535211,1.78252888115208,2.08812528525754,0.0376417995073751,0.334027277742391,0.307172938057349,"zgc:162730/dis3l2/cnot3b/cnot2/ythdf1/axin1/pan3/oaz2a/dda1/fzr1a/sh3rf1/snx30",12
"GO:0006402","mRNA catabolic process","13/890","158/18773",0.0822784810126582,1.73552126297824,2.07120145808042,0.0377443668984653,0.334027277742391,0.307172938057349,"pnrc2/ybx1/zgc:162730/dis3l2/cnot9/cnot3b/fxr2/igf2bp2b/cnot2/ythdf1/smg6/pan3/zc3h14",13
"GO:0061053","somite development","13/890","158/18773",0.0822784810126582,1.73552126297824,2.07120145808042,0.0377443668984653,0.334027277742391,0.307172938057349,"meox1/smarcd1/churc1/ascc1/axin1/larp6a/cfap20/smo/psd2/mob1a/lamc1/tnpo1/ephb4b",13
"GO:0006979","response to oxidative stress","8/890","81/18773",0.0987654320987654,2.08328478291025,2.17965297030641,0.0378555170046411,0.334027277742391,0.307172938057349,"txnrd3/romo1/ndufa6/gpx8/gpx4a/reep1/gclc/keap1b",8
"GO:0051017","actin filament bundle assembly","6/890","53/18773",0.113207547169811,2.38791604833581,2.25724291174618,0.0385905787250504,0.33808103433053,0.310900790254823,"limch1b/rock1/fscn1a/gna12a/limch1a/ppm1f",6
"GO:1902905","positive regulation of supramolecular fiber organization","6/890","53/18773",0.113207547169811,2.38791604833581,2.25724291174618,0.0385905787250504,0.33808103433053,0.310900790254823,"limch1b/rock1/wasf2/nck1b/limch1a/ppm1f",6
"GO:0040012","regulation of locomotion","22/890","310/18773",0.0709677419354839,1.49694092062341,1.96817884786586,0.0393160809517781,0.343211197774774,0.315618510880915,"plvapb/kdrl/cxcl12a/cnn2/ccl19b/thy1/tnfrsf19/rbpms2a/tmsb4x/nrp1a/plcg1/churc1/sema3fb/smad5/cfap20/rbpms2b/sema4c/reep1/mmp14b/kdr/peak1/gpc4",22
"GO:0051130","positive regulation of cellular component organization","18/890","242/18773",0.0743801652892562,1.56892004828675,1.9871908601129,0.0399000891247255,0.347074179514013,0.319170925697225,"cxcl12a/anapc11/thy1/si:dkey-40c11.2/limch1b/rock1/wasf2/nck1b/nrp1a/dbnlb/mief1/pan3/limch1a/aurkb/ppm1f/fam162a/snx30/si:ch211-13c6.2",18
"GO:0048741","skeletal muscle fiber development","8/890","82/18773",0.0975609756097561,2.05787887092354,2.14169039167545,0.0402806237076852,0.349146183586402,0.32107634965806,"pbx2/myo18ab/myorg/carm1/smo/acta1b/spry4/gdf6a",8
"GO:0080134","regulation of response to stress","22/890","311/18773",0.0707395498392283,1.4921276057661,1.95230935969856,0.0405013440020974,0.349823228299806,0.321698962922516,"uacaa/cxcl12a/usp1/trafd1/pin1/rnf121/myd88/kmt5aa/nck1b/akirin2/zdhhc5a/usp4/eya1/vhl/n4bp1/babam2/gpatch3/taok1b/cptp/kmt5b/trim33l/rnf169",22
"GO:0030099","myeloid cell differentiation","18/890","243/18773",0.0740740740740741,1.56246358718269,1.96874708117015,0.0412704614594493,0.353673599260206,0.325239780811733,"sumf1/ptenb/ncor1/arhgef12b/ncoa4/jmjd1cb/alas1/plcg1/tle3b/srp19/vhl/ptena/fam210b/lmo2/adnpa/casp3a/sfxn1/irf2bp2a",18
"GO:0008299","isoprenoid biosynthetic process","4/890","28/18773",0.142857142857143,3.01332263242376,2.37837185399126,0.0415512286281695,0.353673599260206,0.325239780811733,"crppa/rcor1/hmgcrb/srd5a3",4
"GO:0042398","cellular modified amino acid biosynthetic process","4/890","28/18773",0.142857142857143,3.01332263242376,2.37837185399126,0.0415512286281695,0.353673599260206,0.325239780811733,"dhfr/gch2/gamt/gclc",4
"GO:0036303","lymph vessel morphogenesis","6/890","54/18773",0.111111111111111,2.34369538077403,2.20590329687762,0.0417446901005342,0.353673599260206,0.325239780811733,"bcar1/kdrl/cxcl12a/prox3/arap3/notch1b",6
"GO:0042325","regulation of phosphorylation","6/890","54/18773",0.111111111111111,2.34369538077403,2.20590329687762,0.0417446901005342,0.353673599260206,0.325239780811733,"ccnyl1/ppp1r14bb/axin1/prkar1ab/smo/aida",6
"GO:0090596","sensory organ morphogenesis","24/890","347/18773",0.069164265129683,1.45889971829162,1.92485084872515,0.0418122070058948,0.353673599260206,0.325239780811733,"mcrs1/hs6st2/marcksb/bco1/pbx2/med29/adipor1b/tcf7l1a/axin1/pim1/cyfip2/adgrg6/id2a/smad5/eya1/foxc1b/ttc9c/phactr4b/lrp5/smo/ptk2ab/sox11b/rnf2/gdf6a",24
"GO:0014904","myotube cell development","8/890","83/18773",0.0963855421686747,2.03308514958711,2.1042658252756,0.0428069557908697,0.36084351393472,0.331833265544705,"pbx2/myo18ab/myorg/carm1/smo/acta1b/spry4/gdf6a",8
"GO:0000281","mitotic cytokinesis","5/890","41/18773",0.121951219512195,2.57234858865443,2.24842692219528,0.0432946269838757,0.361296025644257,0.3322493972818,"rock1/rock2a/myh10/aurkb/chmp4ba",5
"GO:1901888","regulation of cell junction assembly","5/890","41/18773",0.121951219512195,2.57234858865443,2.24842692219528,0.0432946269838757,0.361296025644257,0.3322493972818,"thy1/limch1b/rock1/rock2a/limch1a",5
"GO:0001818","negative regulation of cytokine production","3/890","17/18773",0.176470588235294,3.72233972240582,2.50510974614954,0.0439429268057318,0.361296025644257,0.3322493972818,"n4bp1/gpatch3/cptp",3
"GO:0006743","ubiquinone metabolic process","3/890","17/18773",0.176470588235294,3.72233972240582,2.50510974614954,0.0439429268057318,0.361296025644257,0.3322493972818,"coq9/coq7/coq6",3
"GO:0006744","ubiquinone biosynthetic process","3/890","17/18773",0.176470588235294,3.72233972240582,2.50510974614954,0.0439429268057318,0.361296025644257,0.3322493972818,"coq9/coq7/coq6",3
"GO:1901661","quinone metabolic process","3/890","17/18773",0.176470588235294,3.72233972240582,2.50510974614954,0.0439429268057318,0.361296025644257,0.3322493972818,"coq9/coq7/coq6",3
"GO:1901663","quinone biosynthetic process","3/890","17/18773",0.176470588235294,3.72233972240582,2.50510974614954,0.0439429268057318,0.361296025644257,0.3322493972818,"coq9/coq7/coq6",3
"GO:0007517","muscle organ development","17/890","228/18773",0.0745614035087719,1.57274295288784,1.941081841054,0.0440389366765727,0.361296025644257,0.3322493972818,"hsp90ab1/sox6/fermt2/hs6st2/marcksb/pbx2/uqcc2/myo18ab/myorg/carm1/fhl1b/smo/acta1b/lamc1/kmt5b/spry4/gdf6a",17
"GO:0051495","positive regulation of cytoskeleton organization","6/890","55/18773",0.109090909090909,2.30108273748723,2.15569158232347,0.0450564982760262,0.368387235232128,0.338770504474628,"limch1b/rock1/wasf2/nck1b/limch1a/ppm1f",6
"GO:0045088","regulation of innate immune response","9/890","99/18773",0.0909090909090909,1.91756894790603,2.04205631992031,0.0452036517753243,0.368387235232128,0.338770504474628,"trafd1/myd88/akirin2/zdhhc5a/usp4/n4bp1/gpatch3/cptp/trim33l",9
"GO:0010498","proteasomal protein catabolic process","23/890","333/18773",0.0690690690690691,1.45689172318386,1.87665757816407,0.0461408983423144,0.373627583036278,0.343589551117533,"hsp90ab1/anapc11/rnf121/rad23b/klhl4/axin1/man1a2/zfand2a/fbxo45/anapc10/psme4b/dda1/n4bp1/fbxl14b/spopla/fzr1a/fbxl14a/sh3rf1/aup1/ercc8/kbtbd8/nccrp1/keap1b",23
"GO:0010257","NADH dehydrogenase complex assembly","4/890","29/18773",0.137931034482759,2.90941495544363,2.29561085043243,0.0464559367411597,0.373627583036278,0.343589551117533,"ndufb2/ndufaf1/zgc:193742/ndufs8a",4
"GO:0032981","mitochondrial respiratory chain complex I assembly","4/890","29/18773",0.137931034482759,2.90941495544363,2.29561085043243,0.0464559367411597,0.373627583036278,0.343589551117533,"ndufb2/ndufaf1/zgc:193742/ndufs8a",4
"GO:1901800","positive regulation of proteasomal protein catabolic process","4/890","29/18773",0.137931034482759,2.90941495544363,2.29561085043243,0.0464559367411597,0.373627583036278,0.343589551117533,"axin1/dda1/fzr1a/sh3rf1",4
"GO:0055001","muscle cell development","18/890","247/18773",0.0728744939271255,1.53716053313924,1.89579699609128,0.047093166105556,0.377514825022643,0.347164275762664,"meox1/naca/cxcl12a/tpm4a/crppa/pbx2/myo18ab/myorg/axin1/carm1/tcf3a/smo/acta1b/gpc4/rnf2/myl9a/spry4/gdf6a",18
"GO:0006368","transcription elongation by RNA polymerase II","5/890","42/18773",0.119047619047619,2.51110219368646,2.18709721283824,0.0473048661277634,0.377976666486657,0.347588987182572,"glyr1/zmynd11/pbrm1l/eloa/cdk12",5
"GO:0050769","positive regulation of neurogenesis","7/890","70/18773",0.1,2.10932584269663,2.07435270143603,0.0475329745180163,0.378566189911344,0.348131115489094,"cxcl12a/si:dkey-40c11.2/dbnlb/fxr2/nlk1/hapln1b/znf16l",7
"GO:0048638","regulation of developmental growth","8/890","85/18773",0.0941176470588235,1.98524785194977,2.03097059050318,0.0481682368043407,0.382384093466174,0.351642076210874,"yap1/cxcl12a/pard6gb/si:dkey-40c11.2/dbnlb/larp7/casp3a/kmt5b",8
"GO:0045595","regulation of cell differentiation","31/890","479/18773",0.0647181628392484,1.36511693368675,1.80582425772968,0.0497077972912822,0.39333298953392,0.361710728676461,"gpr182/cxcl12a/rbpms2a/sox6/si:dkey-40c11.2/fgfr4/ptbp1b/myd88/uqcc2/smad2/dbnlb/id1/fxr2/zbtb16a/nlk1/fam49a/churc1/flot2b/cdca7a/hapln1b/carm1/znf16l/id2a/rbpms2b/sirt1/adnpa/lfng/sh3rf1/rnf2/atg13/gdf6a",31
"GO:0048916","posterior lateral line development","7/890","71/18773",0.0985915492957746,2.07961702801076,2.03322275542565,0.0506731134803225,0.393607345320575,0.361963027451667,"yap1/cxcl12a/tnfrsf19/wnk1b/smad5/ctnnd1/lrp5",7
"GO:0010594","regulation of endothelial cell migration","3/890","18/18773",0.166666666666667,3.51554307116105,2.38198797031578,0.0509289978865934,0.393607345320575,0.361963027451667,"cnn2/nrp1a/peak1",3
"GO:0043270","positive regulation of monoatomic ion transport","3/890","18/18773",0.166666666666667,3.51554307116105,2.38198797031578,0.0509289978865934,0.393607345320575,0.361963027451667,"lgals3b/fxyd6l/wnk1b",3
"GO:0048168","regulation of neuronal synaptic plasticity","3/890","18/18773",0.166666666666667,3.51554307116105,2.38198797031578,0.0509289978865934,0.393607345320575,0.361963027451667,"fxr2/rab5aa/camk2g2",3
"GO:1904951","positive regulation of establishment of protein localization","3/890","18/18773",0.166666666666667,3.51554307116105,2.38198797031578,0.0509289978865934,0.393607345320575,0.361963027451667,"marcksb/tomm7/mief1",3
"GO:0051248","negative regulation of protein metabolic process","14/890","182/18773",0.0769230769230769,1.62255834053587,1.88275782905906,0.0513521252473351,0.393607345320575,0.361963027451667,"hsp90ab1/ybx1/rack1/timp2a/cnot9/caprin1a/cast/serpinh2/chac1/itm2bb/n4bp1/smo/spopla/aida",14
"GO:0006282","regulation of DNA repair","5/890","43/18773",0.116279069767442,2.45270446825189,2.12751533562024,0.0515278156513457,0.393607345320575,0.361963027451667,"usp1/eya1/babam2/kmt5b/rnf169",5
"GO:0006997","nucleus organization","5/890","43/18773",0.116279069767442,2.45270446825189,2.12751533562024,0.0515278156513457,0.393607345320575,0.361963027451667,"chmp2a/tor1/bend3/chmp4ba/agfg1a",5
"GO:0035567","non-canonical Wnt signaling pathway","5/890","43/18773",0.116279069767442,2.45270446825189,2.12751533562024,0.0515278156513457,0.393607345320575,0.361963027451667,"ptk7a/rock2a/fzd4/ryk/fzd2",5
"GO:0050920","regulation of chemotaxis","5/890","43/18773",0.116279069767442,2.45270446825189,2.12751533562024,0.0515278156513457,0.393607345320575,0.361963027451667,"cxcl12a/rbpms2a/nrp1a/rbpms2b/reep1",5
"GO:0170036","import into the mitochondrion","5/890","43/18773",0.116279069767442,2.45270446825189,2.12751533562024,0.0515278156513457,0.393607345320575,0.361963027451667,"slc25a36a/romo1/tomm7/micu2/sfxn1",5
"GO:1903052","positive regulation of proteolysis involved in protein catabolic process","4/890","30/18773",0.133333333333333,2.81243445692884,2.21632513994982,0.0516679841798717,0.393607345320575,0.361963027451667,"axin1/dda1/fzr1a/sh3rf1",4
"GO:0009142","nucleoside triphosphate biosynthetic process","6/890","57/18773",0.105263157894737,2.22034299231224,2.05846225989865,0.052158664176572,0.394892602546701,0.363144955589324,"nme2b.1/ak1/si:ch211-140m22.7/nme3/antkmt/tyms",6
"GO:0141193","nuclear receptor-mediated signaling pathway","6/890","57/18773",0.105263157894737,2.22034299231224,2.05846225989865,0.052158664176572,0.394892602546701,0.363144955589324,"cyp26b1/cnot9/pagr1/carm1/dhrs3b/vhl",6
"GO:0001889","liver development","13/890","166/18773",0.0783132530120482,1.65188168403953,1.88197882136713,0.0524639687848808,0.395981893628654,0.364146672408096,"yap1/zfyve9a/rbp4/fscn1a/eif3i/man1a2/selenoh/id2a/foxc1b/fhl1b/lrp5/gfer/irf2bp2a",13
"GO:0061564","axon development","32/890","500/18773",0.064,1.34996853932584,1.76945355539708,0.0528891706003566,0.39768870520468,0.36571626376022,"cxcl12a/rbpms2a/pak2b/plod3/pard6gb/pin1/si:dkey-40c11.2/sqstm1/nrp1a/dbnlb/ppp4ca/aplp2/ascc1/rbm7/cyfip2/sema3fb/arhgap35b/ptena/npr1a/rbpms2b/smo/sema4c/reep1/casp3a/lamc1/fam53b/efna1a/svbp/isl2a/ryk/gdf6a/notch1b",32
"GO:0043161","proteasome-mediated ubiquitin-dependent protein catabolic process","19/890","268/18773",0.0708955223880597,1.49541757504612,1.8223187736706,0.0530143524671546,0.39768870520468,0.36571626376022,"hsp90ab1/anapc11/rad23b/klhl4/axin1/zfand2a/fbxo45/anapc10/dda1/n4bp1/fbxl14b/spopla/fzr1a/fbxl14a/sh3rf1/ercc8/kbtbd8/nccrp1/keap1b",19
"GO:0060218","hematopoietic stem cell differentiation","8/890","87/18773",0.0919540229885057,1.93960997029575,1.95965291717308,0.0539481497546164,0.403459790695348,0.371023379089034,"gpr182/meox1/fgfr4/plcg1/tgfbr2b/cdca7a/vhl/notch1b",8
"GO:1903047","mitotic cell cycle process","22/890","322/18773",0.0683229813664596,1.44115430246354,1.78130623640538,0.0553196274675355,0.4124591069236,0.379299189451059,"cdk8/anapc11/ppp6c/chmp2a/rock1/dync1li2/rock2a/tacc1/pafah1b1a/ranbp1/tprb/myh10/clasp1a/rtf2/id2a/babam2/aurkb/chmp4ba/nabp1a/plk2b/ptpa/ccnb1",22
"GO:0048706","embryonic skeletal system development","16/890","218/18773",0.073394495412844,1.54812905885991,1.81597841415493,0.0557258535079037,0.414228844408751,0.380926647743023,"cyp26b1/ece1/hoxa4a/hmgcrb/bicra/fscn1a/ep300a/sulf2b/dcaf7/lrp5/smo/eif3ea/hoxb3a/rnf2/gdf6a/ocrl",16
"GO:0048592","eye morphogenesis","18/890","253/18773",0.0711462450592885,1.50070613314385,1.78876285698917,0.0568904035712482,0.414662092137812,0.381325064239848,"mcrs1/hs6st2/marcksb/bco1/pbx2/med29/adipor1b/tcf7l1a/axin1/pim1/cyfip2/id2a/foxc1b/phactr4b/ptk2ab/sox11b/rnf2/gdf6a",18
"GO:1902850","microtubule cytoskeleton organization involved in mitosis","8/890","88/18773",0.0909090909090909,1.91756894790603,1.92470236819324,0.0569973515332921,0.414662092137812,0.381325064239848,"dync1li2/tacc1/pafah1b1a/tprb/clasp1a/aurkb/plk2b/ptpa",8
"GO:0071383","cellular response to steroid hormone stimulus","4/890","31/18773",0.129032258064516,2.72171076476984,2.14024338198187,0.0571853940047592,0.414662092137812,0.381325064239848,"cnot9/pagr1/carm1/vhl",4
"GO:0072583","clathrin-dependent endocytosis","4/890","31/18773",0.129032258064516,2.72171076476984,2.14024338198187,0.0571853940047592,0.414662092137812,0.381325064239848,"smap1/smap2/bmp2k/fcho2",4
"GO:0002833","positive regulation of response to biotic stimulus","7/890","73/18773",0.0958904109589041,2.02264121902416,1.9529629676587,0.057337981226085,0.414662092137812,0.381325064239848,"myd88/akirin2/zdhhc5a/usp4/gpatch3/cptp/trim33l",7
"GO:0008361","regulation of cell size","7/890","73/18773",0.0958904109589041,2.02264121902416,1.9529629676587,0.057337981226085,0.414662092137812,0.381325064239848,"cxcl12a/pard6gb/si:dkey-40c11.2/dbnlb/arhgap35b/casp3a/arhgap5",7
"GO:0045089","positive regulation of innate immune response","7/890","73/18773",0.0958904109589041,2.02264121902416,1.9529629676587,0.057337981226085,0.414662092137812,0.381325064239848,"myd88/akirin2/zdhhc5a/usp4/gpatch3/cptp/trim33l",7
"GO:0007519","skeletal muscle tissue development","12/890","152/18773",0.0789473684210526,1.66525724423418,1.83713044418395,0.0578288488725078,0.414662092137812,0.381325064239848,"sox6/marcksb/pbx2/uqcc2/myo18ab/myorg/carm1/smo/acta1b/lamc1/spry4/gdf6a",12
"GO:0007097","nuclear migration","3/890","19/18773",0.157894736842105,3.33051448846836,2.26731436548419,0.0584166282695281,0.414662092137812,0.381325064239848,"tacc1/pafah1b1a/syne3",3
"GO:0021593","rhombomere morphogenesis","3/890","19/18773",0.157894736842105,3.33051448846836,2.26731436548419,0.0584166282695281,0.414662092137812,0.381325064239848,"cyp26b1/spry4/notch1b",3
"GO:0032330","regulation of chondrocyte differentiation","3/890","19/18773",0.157894736842105,3.33051448846836,2.26731436548419,0.0584166282695281,0.414662092137812,0.381325064239848,"sox6/rnf2/atg13",3
"GO:0042177","negative regulation of protein catabolic process","3/890","19/18773",0.157894736842105,3.33051448846836,2.26731436548419,0.0584166282695281,0.414662092137812,0.381325064239848,"hsp90ab1/timp2a/n4bp1",3
"GO:0043114","regulation of vascular permeability","3/890","19/18773",0.157894736842105,3.33051448846836,2.26731436548419,0.0584166282695281,0.414662092137812,0.381325064239848,"plvapb/pawr/foxc1b",3
"GO:0051647","nucleus localization","3/890","19/18773",0.157894736842105,3.33051448846836,2.26731436548419,0.0584166282695281,0.414662092137812,0.381325064239848,"tacc1/pafah1b1a/syne3",3
"GO:2001243","negative regulation of intrinsic apoptotic signaling pathway","3/890","19/18773",0.157894736842105,3.33051448846836,2.26731436548419,0.0584166282695281,0.414662092137812,0.381325064239848,"uri1/rnf2/mdm2",3
"GO:0014902","myotube differentiation","9/890","104/18773",0.0865384615384615,1.82537813310285,1.88295173679328,0.0584888234324023,0.414662092137812,0.381325064239848,"pbx2/myo18ab/dock1/myorg/carm1/smo/acta1b/spry4/gdf6a",9
"GO:0040029","epigenetic regulation of gene expression","10/890","120/18773",0.0833333333333333,1.75777153558052,1.85773880740773,0.0589213527428406,0.41652472126279,0.383037946087995,"cbx1a/ppm1da/pphln1/macroh2a2/bend3/sirt1/rnf2/spty2d1/bmi1b/si:ch211-13c6.2",10
"GO:0048705","skeletal system morphogenesis","17/890","237/18773",0.0717299578059072,1.51301853695539,1.77308398943789,0.0591825583644028,0.417169010539885,0.383630437310693,"cyp26b1/ece1/hoxa4a/rap1aa/hmgcrb/bicra/fscn1a/ep300a/dcaf7/lrp5/smo/mmp14b/eif3ea/hoxb3a/gpc4/rnf2/ocrl",17
"GO:0044283","small molecule biosynthetic process","21/890","307/18773",0.0684039087947883,1.4428613256231,1.74534230519103,0.0594754052155544,0.418032002847436,0.384424048791836,"coq9/ptges3a/fgfr4/rcor1/rgn/dcaf5/glulb/ada2a/akr1a1b/itpkb/coq7/coq6/phgdh/srd5a3/gch2/gamt/bhmt/sc5d/chst15/fdx1b/pnpo",21
"GO:0000380","alternative mRNA splicing, via spliceosome","6/890","59/18773",0.101694915254237,2.14507712816606,1.96520346500457,0.0599051620251141,0.418996762244945,0.385311245731721,"arglu1b/hnrnpub/rbpms2a/rbm7/arglu1a/rbmx",6
"GO:0010608","post-transcriptional regulation of gene expression","22/890","325/18773",0.0676923076923077,1.42785133967156,1.7357613729899,0.0599542859959134,0.418996762244945,0.385311245731721,"ybx1/zgc:162730/dis3l2/rack1/cnot9/caprin1a/cnot3b/serbp1b/uqcc2/nck1b/eif3k/fxr2/igf2bp2b/cnot2/ythdf1/pan3/larp4b/dhx29/eif4ea/mknk1/zc3h14/kbtbd8",22
"GO:0008285","negative regulation of cell population proliferation","8/890","89/18773",0.0898876404494382,1.89602322939023,1.89020727665636,0.0601536924652387,0.419196044367132,0.385494506438416,"cxcl12a/igfbp1a/ptenb/etv5a/chd8/ptena/btg1/nupr1a",8
"GO:0000381","regulation of alternative mRNA splicing, via spliceosome","5/890","45/18773",0.111111111111111,2.34369538077403,2.01322107722286,0.0606129862272482,0.420010325467344,0.386243322881335,"arglu1b/rbpms2a/rbm7/arglu1a/rbmx",5
"GO:0030865","cortical cytoskeleton organization","5/890","45/18773",0.111111111111111,2.34369538077403,2.01322107722286,0.0606129862272482,0.420010325467344,0.386243322881335,"rhogc/rock1/rock2a/rhogb/fmnl3",5
"GO:0007368","determination of left/right symmetry","21/890","308/18773",0.0681818181818182,1.43817671092952,1.72973702340203,0.0611182928224442,0.422318795192833,0.388366201685687,"yap1/dhfr/tmsb4x/ube2ia/rab35b/bnip3lb/axin1/man1a2/ep300a/arl6/nme3/smad5/foxc1b/vgll4b/ttc9c/cfap20/smo/skia/bmpr2b/cxxc5a/fzd2",21
"GO:0009967","positive regulation of signal transduction","30/890","471/18773",0.0636942675159236,1.3435196450297,1.68439073608938,0.0623256022017337,0.429451410676553,0.394925385920506,"kdrl/hsp90ab1/tnfrsf19/otud5a/fgfr4/pagr1/mycbp/myd88/map3k7/nck1b/nlk1/ikbkg/axin1/pim1/tnfsf10/zdhhc5a/nme3/vav2/flcn/sulf2b/vhl/smo/taok1b/adgra2/fam53b/sh3rf1/xiap/bmp2k/trim33l/gdf6a",30
"GO:0002366","leukocyte activation involved in immune response","4/890","32/18773",0.125,2.63665730337079,2.06712361993462,0.0630051818091345,0.431708689882143,0.397001189700016,"ptenb/myd88/ptena/kmt5b",4
"GO:0048813","dendrite morphogenesis","4/890","32/18773",0.125,2.63665730337079,2.06712361993462,0.0630051818091345,0.431708689882143,0.397001189700016,"rbpms2a/si:dkey-40c11.2/dbnlb/rbpms2b",4
"GO:0050767","regulation of neurogenesis","11/890","138/18773",0.0797101449275362,1.68134668620746,1.79214473417734,0.063750169873842,0.435596564625444,0.400576496231179,"cxcl12a/si:dkey-40c11.2/dbnlb/id1/fxr2/zbtb16a/nlk1/hapln1b/znf16l/sirt1/adnpa",11
"GO:0022618","protein-RNA complex assembly","10/890","122/18773",0.0819672131147541,1.72895560876773,1.80202173123777,0.0644379239423923,0.436603443474543,0.401502426402019,"eif3m/ptges3a/eif3ja/eif3k/strap/eif3i/luc7l3/eif3ea/trnau1apb/scaf11",10
"GO:0042180","cellular ketone metabolic process","7/890","75/18773",0.0933333333333333,1.96870411985019,1.87522890460703,0.0645204084680399,0.436603443474543,0.401502426402019,"coq9/fgfr4/rcor1/dcaf5/coq7/coq6/fdx1b",7
"GO:0006412","translation","30/890","473/18773",0.0634249471458774,1.33783880086467,1.66013971904652,0.0650657114265638,0.436603443474543,0.401502426402019,"zgc:171772/eef1a1l1/faua/uba52/eif3m/ybx1/eef1g/eef2b/rack1/nars1/cnot9/caprin1a/serbp1b/uqcc2/nck1b/eif3ja/eif3k/fxr2/zgc:171480/eif3i/eif4e2/iars1/eif1/larp4b/dhx29/eif4ea/mknk1/eif3ea/trnau1apb/kbtbd8",30
"GO:0001895","retina homeostasis","5/890","46/18773",0.108695652173913,2.29274548119199,1.95833924293855,0.065474527261267,0.436603443474543,0.401502426402019,"dram2b/kif3a/fzd4/cfap20/gdf6a",5
"GO:0030851","granulocyte differentiation","5/890","46/18773",0.108695652173913,2.29274548119199,1.95833924293855,0.065474527261267,0.436603443474543,0.401502426402019,"ncor1/alas1/plcg1/srp19/irf2bp2a",5
"GO:0072594","establishment of protein localization to organelle","14/890","189/18773",0.0740740740740741,1.56246358718269,1.73374732419766,0.0660479393374003,0.436603443474543,0.401502426402019,"romo1/kpna3/sec62/zfand6/tomm7/kpnb1/pex14/srp19/zfand2a/tprb/lamp1b/tnpo1/fam53b/erbin",14
"GO:0009148","pyrimidine nucleoside triphosphate biosynthetic process","3/890","20/18773",0.15,3.16398876404494,2.16005450701789,0.0663893536143517,0.436603443474543,0.401502426402019,"nme2b.1/nme3/tyms",3
"GO:0018279","protein N-linked glycosylation via asparagine","3/890","20/18773",0.15,3.16398876404494,2.16005450701789,0.0663893536143517,0.436603443474543,0.401502426402019,"magt1/ost4/srd5a3",3
"GO:0030307","positive regulation of cell growth","3/890","20/18773",0.15,3.16398876404494,2.16005450701789,0.0663893536143517,0.436603443474543,0.401502426402019,"cxcl12a/si:dkey-40c11.2/dbnlb",3
"GO:0045454","cell redox homeostasis","3/890","20/18773",0.15,3.16398876404494,2.16005450701789,0.0663893536143517,0.436603443474543,0.401502426402019,"txnrd3/selenoh/gclc",3
"GO:0048538","thymus development","3/890","20/18773",0.15,3.16398876404494,2.16005450701789,0.0663893536143517,0.436603443474543,0.401502426402019,"nrp1a/fam49a/cdca7a",3
"GO:0048639","positive regulation of developmental growth","3/890","20/18773",0.15,3.16398876404494,2.16005450701789,0.0663893536143517,0.436603443474543,0.401502426402019,"cxcl12a/si:dkey-40c11.2/dbnlb",3
"GO:0048844","artery morphogenesis","3/890","20/18773",0.15,3.16398876404494,2.16005450701789,0.0663893536143517,0.436603443474543,0.401502426402019,"kdrl/plcg1/smo",3
"GO:0060350","endochondral bone morphogenesis","3/890","20/18773",0.15,3.16398876404494,2.16005450701789,0.0663893536143517,0.436603443474543,0.401502426402019,"rap1aa/mmp14b/gpc4",3
"GO:0002831","regulation of response to biotic stimulus","9/890","107/18773",0.0841121495327103,1.77419930694109,1.79163329300426,0.0675504187553427,0.441869805884949,0.406345396190034,"trafd1/myd88/akirin2/zdhhc5a/usp4/n4bp1/gpatch3/cptp/trim33l",9
"GO:0021915","neural tube development","9/890","107/18773",0.0841121495327103,1.77419930694109,1.79163329300426,0.0675504187553427,0.441869805884949,0.406345396190034,"pard6gb/arl13b/tcf7l1a/myh10/phactr4b/smo/myh9b/ptk2ab/pcgf1",9
"GO:0002263","cell activation involved in immune response","4/890","33/18773",0.121212121212121,2.55675859720804,1.99674928354457,0.0691234177990219,0.44738718696834,0.411419203841978,"ptenb/myd88/ptena/kmt5b",4
"GO:0007632","visual behavior","4/890","33/18773",0.121212121212121,2.55675859720804,1.99674928354457,0.0691234177990219,0.44738718696834,0.411419203841978,"sf3b4/pim1/otpa/lamc1",4
"GO:0046890","regulation of lipid biosynthetic process","4/890","33/18773",0.121212121212121,2.55675859720804,1.99674928354457,0.0691234177990219,0.44738718696834,0.411419203841978,"fgfr4/rcor1/dcaf5/pla2g6",4
"GO:0051303","establishment of chromosome localization","4/890","33/18773",0.121212121212121,2.55675859720804,1.99674928354457,0.0691234177990219,0.44738718696834,0.411419203841978,"dync1li2/rcc2/aurkb/ccnb1",4
"GO:0008593","regulation of Notch signaling pathway","6/890","62/18773",0.0967741935483871,2.04128307357738,1.8320876282748,0.0727396251491043,0.464979888144144,0.427597528393975,"nlk1/chac1/arl6/id2a/lfng/bmp2k",6
"GO:0003143","embryonic heart tube morphogenesis","12/890","158/18773",0.0759493670886076,1.60201962736453,1.69526564730642,0.0728882507586479,0.464979888144144,0.427597528393975,"dhfr/tmsb4x/ube2ia/bnip3lb/ep300a/smad5/cfap20/smo/skia/bmpr2b/cxxc5a/fzd2",12
"GO:0010720","positive regulation of cell development","8/890","93/18773",0.0860215053763441,1.8144738431799,1.75654899372319,0.0738604128740898,0.464979888144144,0.427597528393975,"cxcl12a/si:dkey-40c11.2/smad2/dbnlb/fxr2/nlk1/hapln1b/znf16l",8
"GO:0000289","nuclear-transcribed mRNA poly(A) tail shortening","3/890","21/18773",0.142857142857143,3.01332263242376,2.05934596730891,0.0748289343042927,0.464979888144144,0.427597528393975,"cnot3b/cnot2/pan3",3
"GO:0015867","ATP transport","3/890","21/18773",0.142857142857143,3.01332263242376,2.05934596730891,0.0748289343042927,0.464979888144144,0.427597528393975,"slc25a5/slc25a25a/slc25a24",3
"GO:0021546","rhombomere development","3/890","21/18773",0.142857142857143,3.01332263242376,2.05934596730891,0.0748289343042927,0.464979888144144,0.427597528393975,"cyp26b1/spry4/notch1b",3
"GO:0033619","membrane protein proteolysis","3/890","21/18773",0.142857142857143,3.01332263242376,2.05934596730891,0.0748289343042927,0.464979888144144,0.427597528393975,"timp2a/rbmx/adam10a",3
"GO:0035924","cellular response to vascular endothelial growth factor stimulus","3/890","21/18773",0.142857142857143,3.01332263242376,2.05934596730891,0.0748289343042927,0.464979888144144,0.427597528393975,"nrp1a/kdr/gdf6a",3
"GO:0038092","nodal signaling pathway","3/890","21/18773",0.142857142857143,3.01332263242376,2.05934596730891,0.0748289343042927,0.464979888144144,0.427597528393975,"smad2/fscn1a/ldb2a",3
"GO:0048925","lateral line system development","11/890","142/18773",0.0774647887323944,1.63398480772274,1.69174549254459,0.0748495656530749,0.464979888144144,0.427597528393975,"yap1/cxcl12a/tnfrsf19/wnk1b/gna12a/adgrg6/smad5/ctnnd1/lrp5/gpc4/ocrl",11
"GO:0055002","striated muscle cell development","15/890","210/18773",0.0714285714285714,1.50666131621188,1.64715094534386,0.0750265611988533,0.464979888144144,0.427597528393975,"naca/cxcl12a/tpm4a/pbx2/myo18ab/myorg/carm1/tcf3a/smo/acta1b/gpc4/rnf2/myl9a/spry4/gdf6a",15
"GO:0030223","neutrophil differentiation","4/890","34/18773",0.117647058823529,2.48155981493721,1.92892583864269,0.0755352899388188,0.464979888144144,0.427597528393975,"ncor1/alas1/srp19/irf2bp2a",4
"GO:0031396","regulation of protein ubiquitination","4/890","34/18773",0.117647058823529,2.48155981493721,1.92892583864269,0.0755352899388188,0.464979888144144,0.427597528393975,"n4bp1/spopla/fzr1a/xiap",4
"GO:0046856","phosphatidylinositol dephosphorylation","4/890","34/18773",0.117647058823529,2.48155981493721,1.92892583864269,0.0755352899388188,0.464979888144144,0.427597528393975,"ptenb/inpp5l/ptena/ocrl",4
"GO:0050000","chromosome localization","4/890","34/18773",0.117647058823529,2.48155981493721,1.92892583864269,0.0755352899388188,0.464979888144144,0.427597528393975,"dync1li2/rcc2/aurkb/ccnb1",4
"GO:0001932","regulation of protein phosphorylation","5/890","48/18773",0.104166666666667,2.19721441947566,1.85272828690729,0.0758302113123589,0.464979888144144,0.427597528393975,"ccnyl1/axin1/prkar1ab/smo/aida",5
"GO:0071826","protein-RNA complex organization","10/890","126/18773",0.0793650793650794,1.67406812912431,1.69361491053691,0.0764375815226226,0.464979888144144,0.427597528393975,"eif3m/ptges3a/eif3ja/eif3k/strap/eif3i/luc7l3/eif3ea/trnau1apb/scaf11",10
"GO:0048840","otolith development","6/890","63/18773",0.0952380952380952,2.00888175494917,1.78938477132766,0.0773409950188137,0.464979888144144,0.427597528393975,"ptenb/eya1/ptena/ttc9c/lrp5/smo",6
"GO:0051668","localization within membrane","21/890","317/18773",0.0662460567823344,1.39734519547726,1.59169148976456,0.0773411699961834,0.464979888144144,0.427597528393975,"naca/ehd2b/romo1/rnf121/sec62/mief1/zdhhc13/rab35b/arl13b/atp13a1/flot2b/srp19/camk2g2/smo/zdhhc4/tm9sf4/gpc4/snx30/rab34a/erbin/fcho2",21
"GO:0060972","left/right pattern formation","21/890","317/18773",0.0662460567823344,1.39734519547726,1.59169148976456,0.0773411699961834,0.464979888144144,0.427597528393975,"yap1/dhfr/tmsb4x/ube2ia/rab35b/bnip3lb/axin1/man1a2/ep300a/arl6/nme3/smad5/foxc1b/vgll4b/ttc9c/cfap20/smo/skia/bmpr2b/cxxc5a/fzd2",21
"GO:0040011","locomotion","27/890","426/18773",0.0633802816901408,1.33689666086406,1.56909436735475,0.0773438917289407,0.464979888144144,0.427597528393975,"plvapb/kdrl/cxcl12a/lgals3b/cnn2/ccl19b/thy1/tnfrsf19/rbpms2a/tmsb4x/maco1a/myd88/nrp1a/plcg1/churc1/rhogb/cxcl20/sema3fb/smad5/cfap20/rbpms2b/sema4c/reep1/mmp14b/kdr/peak1/gpc4",27
"GO:0030510","regulation of BMP signaling pathway","8/890","94/18773",0.0851063829787234,1.79517092995458,1.72416052736143,0.0775588918652566,0.464979888144144,0.427597528393975,"zmynd11/smad6a/fstl1a/zdhhc13/smad5/skia/ldb2a/gdf6a",8
"GO:0008090","retrograde axonal transport","2/890","10/18773",0.2,4.21865168539326,2.27118718722605,0.078476018626855,0.464979888144144,0.427597528393975,"actr10/pafah1b1a",2
"GO:0021999","neural plate anterior/posterior regionalization","2/890","10/18773",0.2,4.21865168539326,2.27118718722605,0.078476018626855,0.464979888144144,0.427597528393975,"smad2/axin1",2
"GO:0031397","negative regulation of protein ubiquitination","2/890","10/18773",0.2,4.21865168539326,2.27118718722605,0.078476018626855,0.464979888144144,0.427597528393975,"n4bp1/spopla",2
"GO:0042693","muscle cell fate commitment","2/890","10/18773",0.2,4.21865168539326,2.27118718722605,0.078476018626855,0.464979888144144,0.427597528393975,"sox6/smo",2
"GO:0046850","regulation of bone remodeling","2/890","10/18773",0.2,4.21865168539326,2.27118718722605,0.078476018626855,0.464979888144144,0.427597528393975,"lrp5/suco",2
"GO:0048532","anatomical structure arrangement","2/890","10/18773",0.2,4.21865168539326,2.27118718722605,0.078476018626855,0.464979888144144,0.427597528393975,"rbm7/camk2g2",2
"GO:0048895","lateral line nerve glial cell differentiation","2/890","10/18773",0.2,4.21865168539326,2.27118718722605,0.078476018626855,0.464979888144144,0.427597528393975,"gna12a/adgrg6",2
"GO:0048937","lateral line nerve glial cell development","2/890","10/18773",0.2,4.21865168539326,2.27118718722605,0.078476018626855,0.464979888144144,0.427597528393975,"gna12a/adgrg6",2
"GO:0060839","endothelial cell fate commitment","2/890","10/18773",0.2,4.21865168539326,2.27118718722605,0.078476018626855,0.464979888144144,0.427597528393975,"tcf7l1a/smo",2
"GO:0097428","protein maturation by iron-sulfur cluster transfer","2/890","10/18773",0.2,4.21865168539326,2.27118718722605,0.078476018626855,0.464979888144144,0.427597528393975,"nfu1/ciao1",2
"GO:1901874","negative regulation of post-translational protein modification","2/890","10/18773",0.2,4.21865168539326,2.27118718722605,0.078476018626855,0.464979888144144,0.427597528393975,"n4bp1/spopla",2
"GO:1903051","negative regulation of proteolysis involved in protein catabolic process","2/890","10/18773",0.2,4.21865168539326,2.27118718722605,0.078476018626855,0.464979888144144,0.427597528393975,"hsp90ab1/n4bp1",2
"GO:1903321","negative regulation of protein modification by small protein conjugation or removal","2/890","10/18773",0.2,4.21865168539326,2.27118718722605,0.078476018626855,0.464979888144144,0.427597528393975,"n4bp1/spopla",2
"GO:0014706","striated muscle tissue development","17/890","247/18773",0.0688259109311741,1.45176272574262,1.59440309846229,0.0798337689204948,0.471884904004756,0.433947411025036,"tpm4a/sox6/fermt2/marcksb/pbx2/uqcc2/myo18ab/larp7/myorg/carm1/npr1a/smo/acta1b/lamc1/rnf2/spry4/gdf6a",17
"GO:0006119","oxidative phosphorylation","7/890","79/18773",0.0886075949367089,1.86902289859195,1.7267272168862,0.0804482859610312,0.474374147746177,0.436236530401037,"uqcrq/uqcc2/ndufv2/coa6/ndufaf1/antkmt/ndufs8a",7
"GO:0006487","protein N-linked glycosylation","5/890","49/18773",0.102040816326531,2.15237330887411,1.80186397423999,0.0813208514774682,0.476351878684687,0.438055260377748,"rpn2/magt1/ost4/srd5a3/alg9",5
"GO:0030100","regulation of endocytosis","5/890","49/18773",0.102040816326531,2.15237330887411,1.80186397423999,0.0813208514774682,0.476351878684687,0.438055260377748,"lgals3b/smap1/smap2/bmp2k/ocrl",5
"GO:0001894","tissue homeostasis","8/890","95/18773",0.0842105263157895,1.77627439384979,1.69216210758958,0.0813662605661981,0.476351878684687,0.438055260377748,"dram2b/kif3a/chd8/sulf2b/fzd4/cfap20/lrp5/gdf6a",8
"GO:0006862","nucleotide transport","4/890","35/18773",0.114285714285714,2.410658105939,1.86347796373761,0.0822351675661253,0.479151700806901,0.44062998898414,"slc25a5/slc25a36a/slc25a25a/slc25a24",4
"GO:0014003","oligodendrocyte development","4/890","35/18773",0.114285714285714,2.410658105939,1.86347796373761,0.0822351675661253,0.479151700806901,0.44062998898414,"actr10/gna12a/znf16l/smo",4
"GO:0006120","mitochondrial electron transport, NADH to ubiquinone","3/890","22/18773",0.136363636363636,2.87635342185904,1.96446300666739,0.0837156643921478,0.485471689725623,0.446441878293823,"ndufv2/ndufaf1/ndufs8a",3
"GO:0006998","nuclear envelope organization","3/890","22/18773",0.136363636363636,2.87635342185904,1.96446300666739,0.0837156643921478,0.485471689725623,0.446441878293823,"chmp2a/tor1/chmp4ba",3
"GO:0001817","regulation of cytokine production","7/890","80/18773",0.0875,1.84566011235955,1.69095256498335,0.0847554931312619,0.487605298009624,0.448403953755713,"hic1l/zbtb16a/sulf2b/n4bp1/gpatch3/cptp/zbtb33",7
"GO:0060562","epithelial tube morphogenesis","18/890","267/18773",0.0674157303370786,1.42201742204267,1.54938668624769,0.0850427189710145,0.487605298009624,0.448403953755713,"marcksl1a/marcksl1b/dhfr/pard6gb/tmsb4x/hs6st2/ube2ia/bnip3lb/ep300a/smad5/eya1/cfap20/phactr4b/smo/skia/bmpr2b/cxxc5a/fzd2",18
"GO:0043066","negative regulation of apoptotic process","19/890","285/18773",0.0666666666666667,1.40621722846442,1.54157937187756,0.0853643637857611,0.487605298009624,0.448403953755713,"yap1/slc25a5/lgals3b/hspb1/si:ch211-222l21.1/kdm5c/cops5/pim1/chd8/eya1/aurkb/uri1/tuba1a/gclc/sh3rf1/ube2z/rnf2/xiap/mdm2",19
"GO:0007219","Notch signaling pathway","10/890","129/18773",0.0775193798449612,1.63513631216793,1.61481337870385,0.0862915684437863,0.487605298009624,0.448403953755713,"plvapb/kif3a/nlk1/chac1/arl6/id2a/adam10a/lfng/bmp2k/notch1b",10
"GO:0010927","cellular component assembly involved in morphogenesis","10/890","129/18773",0.0775193798449612,1.63513631216793,1.61481337870385,0.0862915684437863,0.487605298009624,0.448403953755713,"naca/cxcl12a/tpm4a/myo18ab/actr10/adgrg6/smo/agfg1a/rnf2/myl9a",10
"GO:0032989","cellular anatomical entity morphogenesis","10/890","129/18773",0.0775193798449612,1.63513631216793,1.61481337870385,0.0862915684437863,0.487605298009624,0.448403953755713,"naca/cxcl12a/tpm4a/myo18ab/actr10/adgrg6/smo/agfg1a/rnf2/myl9a",10
"GO:0045333","cellular respiration","10/890","129/18773",0.0775193798449612,1.63513631216793,1.61481337870385,0.0862915684437863,0.487605298009624,0.448403953755713,"uqcrq/uqcc2/ndufv2/coa6/ndufaf1/antkmt/reep1/idh2/ndufs8a/ndufa5",10
"GO:0006606","protein import into nucleus","5/890","50/18773",0.1,2.10932584269663,1.75221140060429,0.0870169621914229,0.487605298009624,0.448403953755713,"kpna3/kpnb1/tprb/tnpo1/fam53b",5
"GO:0061387","regulation of extent of cell growth","5/890","50/18773",0.1,2.10932584269663,1.75221140060429,0.0870169621914229,0.487605298009624,0.448403953755713,"cxcl12a/pard6gb/si:dkey-40c11.2/dbnlb/casp3a",5
"GO:0006612","protein targeting to membrane","6/890","65/18773",0.0923076923076923,1.94707000864304,1.70629912992879,0.0870242682146178,0.487605298009624,0.448403953755713,"naca/sec62/mief1/zdhhc13/srp19/zdhhc4",6
"GO:0031023","microtubule organizing center organization","6/890","65/18773",0.0923076923076923,1.94707000864304,1.70629912992879,0.0870242682146178,0.487605298009624,0.448403953755713,"pard6gb/rock2a/pafah1b1a/ranbp1/npm1b/chordc1a",6
"GO:0048793","pronephros development","11/890","146/18773",0.0753424657534247,1.58921810066184,1.59445085686975,0.0871010765842103,0.487605298009624,0.448403953755713,"yap1/dis3l2/pard6gb/tmsb4x/grk4/etv5a/camk2g2/vhl/cxxc5a/ocrl/mdm2",11
"GO:0048704","embryonic skeletal system morphogenesis","14/890","198/18773",0.0707070707070707,1.49144251503802,1.55085429316691,0.0887194614831549,0.487605298009624,0.448403953755713,"cyp26b1/ece1/hoxa4a/hmgcrb/bicra/fscn1a/ep300a/dcaf7/lrp5/smo/eif3ea/hoxb3a/rnf2/ocrl",14
"GO:0001816","cytokine production","7/890","81/18773",0.0864197530864197,1.82287418504647,1.6556866577656,0.0891919773594558,0.487605298009624,0.448403953755713,"hic1l/zbtb16a/sulf2b/n4bp1/gpatch3/cptp/zbtb33",7
"GO:0001523","retinoid metabolic process","4/890","36/18773",0.111111111111111,2.34369538077403,1.80024715805573,0.0892166649562779,0.487605298009624,0.448403953755713,"cyp26b1/bco1/rcor1/dhrs3b",4
"GO:1901873","regulation of post-translational protein modification","4/890","36/18773",0.111111111111111,2.34369538077403,1.80024715805573,0.0892166649562779,0.487605298009624,0.448403953755713,"n4bp1/spopla/fzr1a/xiap",4
"GO:1903320","regulation of protein modification by small protein conjugation or removal","4/890","36/18773",0.111111111111111,2.34369538077403,1.80024715805573,0.0892166649562779,0.487605298009624,0.448403953755713,"n4bp1/spopla/fzr1a/xiap",4
"GO:0048667","cell morphogenesis involved in neuron differentiation","30/890","489/18773",0.0613496932515337,1.29406493416971,1.46991476097812,0.0900916594458988,0.487605298009624,0.448403953755713,"cxcl12a/rbpms2a/pak2b/plod3/pard6gb/pin1/si:dkey-40c11.2/sqstm1/nrp1a/dbnlb/ppp4ca/aplp2/ascc1/rbm7/cyfip2/sema3fb/arhgap35b/npr1a/rbpms2b/smo/sema4c/reep1/casp3a/lamc1/fam53b/efna1a/isl2a/ryk/gdf6a/notch1b",30
"GO:0051247","positive regulation of protein metabolic process","11/890","147/18773",0.0748299319727891,1.57840709317435,1.57058905294753,0.0903451202780418,0.487605298009624,0.448403953755713,"uqcc2/nck1b/fxr2/axin1/oaz2a/dda1/larp4b/dhx29/fzr1a/sh3rf1/xiap",11
"GO:0040008","regulation of growth","9/890","114/18773",0.0789473684210526,1.66525724423418,1.58938073127817,0.0919467483564185,0.487605298009624,0.448403953755713,"yap1/cxcl12a/pard6gb/si:dkey-40c11.2/dbnlb/larp7/socs6b/casp3a/kmt5b",9
"GO:0030334","regulation of cell migration","18/890","270/18773",0.0666666666666667,1.40621722846442,1.49985485838107,0.0920814183501937,0.487605298009624,0.448403953755713,"plvapb/kdrl/cxcl12a/cnn2/ccl19b/thy1/tnfrsf19/tmsb4x/nrp1a/plcg1/churc1/sema3fb/smad5/sema4c/mmp14b/kdr/peak1/gpc4",18
"GO:0051170","import into nucleus","5/890","51/18773",0.0980392156862745,2.06796651244768,1.70371399316491,0.0929157302095731,0.487605298009624,0.448403953755713,"kpna3/kpnb1/tprb/tnpo1/fam53b",5
"GO:0002063","chondrocyte development","2/890","11/18773",0.181818181818182,3.83513789581205,2.09826845512688,0.0929898766892688,0.487605298009624,0.448403953755713,"sulf2b/atg13",2
"GO:0010559","regulation of glycoprotein biosynthetic process","2/890","11/18773",0.181818181818182,3.83513789581205,2.09826845512688,0.0929898766892688,0.487605298009624,0.448403953755713,"crppa/itm2bb",2
"GO:0015936","coenzyme A metabolic process","2/890","11/18773",0.181818181818182,3.83513789581205,2.09826845512688,0.0929898766892688,0.487605298009624,0.448403953755713,"hmgcrb/pank4",2
"GO:0019320","hexose catabolic process","2/890","11/18773",0.181818181818182,3.83513789581205,2.09826845512688,0.0929898766892688,0.487605298009624,0.448403953755713,"pfkpa/galm",2
"GO:0030201","heparan sulfate proteoglycan metabolic process","2/890","11/18773",0.181818181818182,3.83513789581205,2.09826845512688,0.0929898766892688,0.487605298009624,0.448403953755713,"hs6st2/sulf2b",2
"GO:0033962","P-body assembly","2/890","11/18773",0.181818181818182,3.83513789581205,2.09826845512688,0.0929898766892688,0.487605298009624,0.448403953755713,"lsm14ab/pan3",2
"GO:0034063","stress granule assembly","2/890","11/18773",0.181818181818182,3.83513789581205,2.09826845512688,0.0929898766892688,0.487605298009624,0.448403953755713,"lsm14ab/atxn2l",2
"GO:0045880","positive regulation of smoothened signaling pathway","2/890","11/18773",0.181818181818182,3.83513789581205,2.09826845512688,0.0929898766892688,0.487605298009624,0.448403953755713,"mycbp/smo",2
"GO:0051131","chaperone-mediated protein complex assembly","2/890","11/18773",0.181818181818182,3.83513789581205,2.09826845512688,0.0929898766892688,0.487605298009624,0.448403953755713,"pfdn6/ptges3a",2
"GO:0060236","regulation of mitotic spindle organization","2/890","11/18773",0.181818181818182,3.83513789581205,2.09826845512688,0.0929898766892688,0.487605298009624,0.448403953755713,"dync1li2/tprb",2
"GO:0060323","head morphogenesis","2/890","11/18773",0.181818181818182,3.83513789581205,2.09826845512688,0.0929898766892688,0.487605298009624,0.448403953755713,"cyp26b1/tcf7l1a",2
"GO:0060606","tube closure","2/890","11/18773",0.181818181818182,3.83513789581205,2.09826845512688,0.0929898766892688,0.487605298009624,0.448403953755713,"adgrg6/phactr4b",2
"GO:0061001","regulation of dendritic spine morphogenesis","2/890","11/18773",0.181818181818182,3.83513789581205,2.09826845512688,0.0929898766892688,0.487605298009624,0.448403953755713,"si:dkey-40c11.2/dbnlb",2
"GO:0070979","protein K11-linked ubiquitination","2/890","11/18773",0.181818181818182,3.83513789581205,2.09826845512688,0.0929898766892688,0.487605298009624,0.448403953755713,"anapc13/anapc10",2
"GO:1903018","regulation of glycoprotein metabolic process","2/890","11/18773",0.181818181818182,3.83513789581205,2.09826845512688,0.0929898766892688,0.487605298009624,0.448403953755713,"crppa/itm2bb",2
"GO:2001252","positive regulation of chromosome organization","2/890","11/18773",0.181818181818182,3.83513789581205,2.09826845512688,0.0929898766892688,0.487605298009624,0.448403953755713,"aurkb/si:ch211-13c6.2",2
"GO:0009147","pyrimidine nucleoside triphosphate metabolic process","3/890","23/18773",0.130434782608696,2.75129457743039,1.87478975997481,0.0930286504152076,0.487605298009624,0.448403953755713,"nme2b.1/nme3/tyms",3
"GO:0034502","protein localization to chromosome","3/890","23/18773",0.130434782608696,2.75129457743039,1.87478975997481,0.0930286504152076,0.487605298009624,0.448403953755713,"rcc2/pphln1/aurkb",3
"GO:0070936","protein K48-linked ubiquitination","3/890","23/18773",0.130434782608696,2.75129457743039,1.87478975997481,0.0930286504152076,0.487605298009624,0.448403953755713,"ube3a/ube2e2/ube2d1a",3
"GO:0097237","cellular response to toxic substance","3/890","23/18773",0.130434782608696,2.75129457743039,1.87478975997481,0.0930286504152076,0.487605298009624,0.448403953755713,"esd/adh8b/akr1a1b",3
"GO:1901796","regulation of signal transduction by p53 class mediator","3/890","23/18773",0.130434782608696,2.75129457743039,1.87478975997481,0.0930286504152076,0.487605298009624,0.448403953755713,"kmt5aa/rnf2/mdm2",3
"GO:1904263","positive regulation of TORC1 signaling","3/890","23/18773",0.130434782608696,2.75129457743039,1.87478975997481,0.0930286504152076,0.487605298009624,0.448403953755713,"otud5a/pim1/flcn",3
"GO:1990748","cellular detoxification","3/890","23/18773",0.130434782608696,2.75129457743039,1.87478975997481,0.0930286504152076,0.487605298009624,0.448403953755713,"esd/adh8b/akr1a1b",3
"GO:0060249","anatomical structure homeostasis","8/890","98/18773",0.0816326530612245,1.72189864709929,1.59841316667732,0.0934399084280471,0.488716621266523,0.449425931458433,"dram2b/kif3a/chd8/sulf2b/fzd4/cfap20/lrp5/gdf6a",8
"GO:0043069","negative regulation of programmed cell death","19/890","289/18773",0.0657439446366782,1.38675401422962,1.47814098607892,0.0945264622929586,0.493347685116229,0.453684677925667,"yap1/slc25a5/lgals3b/hspb1/si:ch211-222l21.1/kdm5c/cops5/pim1/chd8/eya1/aurkb/uri1/tuba1a/gclc/sh3rf1/ube2z/rnf2/xiap/mdm2",19
"GO:1901137","carbohydrate derivative biosynthetic process","28/890","455/18773",0.0615384615384615,1.2980466724287,1.43575731050731,0.0960664240050921,0.497158705590777,0.45718930893687,"nme2b.1/uap1l1/hs6st2/crppa/rpn2/gmppaa/zgc:162952/chst10/gcnt4a/rrm1/ak1/poglut2/ada2a/si:ch211-140m22.7/nme3/antkmt/itm2bb/npr1a/magt1/ost4/srd5a3/extl2/tyms/adcy7/gpc4/chpf2/alg9/rrm2b",28
"GO:0002062","chondrocyte differentiation","4/890","37/18773",0.108108108108108,2.28035226237473,1.73908970507633,0.0964727043869588,0.497158705590777,0.45718930893687,"sox6/sulf2b/rnf2/atg13",4
"GO:0016101","diterpenoid metabolic process","4/890","37/18773",0.108108108108108,2.28035226237473,1.73908970507633,0.0964727043869588,0.497158705590777,0.45718930893687,"cyp26b1/bco1/rcor1/dhrs3b",4
"GO:0048262","determination of dorsal/ventral asymmetry","4/890","37/18773",0.108108108108108,2.28035226237473,1.73908970507633,0.0964727043869588,0.497158705590777,0.45718930893687,"ppp4ca/smad5/aida/gdf6a",4
"GO:0048919","posterior lateral line neuromast development","4/890","37/18773",0.108108108108108,2.28035226237473,1.73908970507633,0.0964727043869588,0.497158705590777,0.45718930893687,"tnfrsf19/wnk1b/smad5/lrp5",4
"GO:0060037","pharyngeal system development","4/890","37/18773",0.108108108108108,2.28035226237473,1.73908970507633,0.0964727043869588,0.497158705590777,0.45718930893687,"fscn1a/esf1/smad5/gpc4",4
"GO:0061157","mRNA destabilization","6/890","67/18773",0.0895522388059701,1.88894851584773,1.62612390164628,0.0973400492198918,0.500576814960995,0.460332617186866,"zgc:162730/dis3l2/cnot3b/cnot2/ythdf1/pan3",6
"GO:0019220","regulation of phosphate metabolic process","7/890","83/18773",0.0843373493975904,1.77894950588872,1.58662316026133,0.0984498076744006,0.503119537969385,0.462670916329475,"ccnyl1/ppp1r14bb/axin1/prkar1ab/antkmt/smo/aida",7
"GO:0031349","positive regulation of defense response","7/890","83/18773",0.0843373493975904,1.77894950588872,1.58662316026133,0.0984498076744006,0.503119537969385,0.462670916329475,"myd88/akirin2/zdhhc5a/usp4/gpatch3/cptp/trim33l",7
"GO:0051174","regulation of phosphorus metabolic process","7/890","83/18773",0.0843373493975904,1.77894950588872,1.58662316026133,0.0984498076744006,0.503119537969385,0.462670916329475,"ccnyl1/ppp1r14bb/axin1/prkar1ab/antkmt/smo/aida",7
"GO:2000145","regulation of cell motility","19/890","291/18773",0.0652920962199313,1.37722305880536,1.44677278820538,0.0993349251841642,0.503982467777566,0.463464470335926,"plvapb/kdrl/cxcl12a/cnn2/ccl19b/thy1/tnfrsf19/tmsb4x/nrp1a/plcg1/churc1/sema3fb/smad5/cfap20/sema4c/mmp14b/kdr/peak1/gpc4",19
"GO:0006605","protein targeting","10/890","133/18773",0.075187969924812,1.58595928022303,1.5128657507601,0.100572491138822,0.503982467777566,0.463464470335926,"naca/romo1/sec62/zfand6/tomm7/mief1/zdhhc13/srp19/zfand2a/zdhhc4",10
"GO:0090150","establishment of protein localization to membrane","10/890","133/18773",0.075187969924812,1.58595928022303,1.5128657507601,0.100572491138822,0.503982467777566,0.463464470335926,"naca/romo1/sec62/mief1/zdhhc13/atp13a1/srp19/zdhhc4/rab34a/erbin",10
"GO:0050779","RNA destabilization","6/890","68/18773",0.0882352941176471,1.86116986120291,1.58706425439778,0.102731132530791,0.503982467777566,0.463464470335926,"zgc:162730/dis3l2/cnot3b/cnot2/ythdf1/pan3",6
"GO:0045739","positive regulation of DNA repair","3/890","24/18773",0.125,2.63665730337079,1.78979960110615,0.102746062464955,0.503982467777566,0.463464470335926,"eya1/babam2/kmt5b",3
"GO:0045927","positive regulation of growth","3/890","24/18773",0.125,2.63665730337079,1.78979960110615,0.102746062464955,0.503982467777566,0.463464470335926,"cxcl12a/si:dkey-40c11.2/dbnlb",3
"GO:0048534","hematopoietic or lymphoid organ development","3/890","24/18773",0.125,2.63665730337079,1.78979960110615,0.102746062464955,0.503982467777566,0.463464470335926,"nrp1a/fam49a/cdca7a",3
"GO:0060538","skeletal muscle organ development","12/890","168/18773",0.0714285714285714,1.50666131621188,1.47159274645026,0.103147804985715,0.503982467777566,0.463464470335926,"sox6/marcksb/pbx2/uqcc2/myo18ab/myorg/carm1/smo/acta1b/lamc1/spry4/gdf6a",12
"GO:0022900","electron transport chain","7/890","84/18773",0.0833333333333333,1.75777153558052,1.55279808411242,0.103269265155261,0.503982467777566,0.463464470335926,"uqcrq/ndufv2/coa6/ndufaf1/fdx1b/ndufs8a/ndufa5",7
"GO:0097193","intrinsic apoptotic signaling pathway","7/890","84/18773",0.0833333333333333,1.75777153558052,1.55279808411242,0.103269265155261,0.503982467777566,0.463464470335926,"uacaa/pin1/casp2/nck1b/uri1/rnf2/mdm2",7
"GO:0008630","intrinsic apoptotic signaling pathway in response to DNA damage","4/890","38/18773",0.105263157894737,2.22034299231224,1.67987493064191,0.103995578316345,0.503982467777566,0.463464470335926,"uacaa/pin1/casp2/uri1",4
"GO:0061035","regulation of cartilage development","4/890","38/18773",0.105263157894737,2.22034299231224,1.67987493064191,0.103995578316345,0.503982467777566,0.463464470335926,"sumf1/sox6/rnf2/atg13",4
"GO:1903829","positive regulation of protein localization","4/890","38/18773",0.105263157894737,2.22034299231224,1.67987493064191,0.103995578316345,0.503982467777566,0.463464470335926,"marcksb/tomm7/mief1/larp7",4
"GO:0060537","muscle tissue development","17/890","257/18773",0.066147859922179,1.39527390372929,1.4233811374238,0.104725678038948,0.503982467777566,0.463464470335926,"tpm4a/sox6/fermt2/marcksb/pbx2/uqcc2/myo18ab/larp7/myorg/carm1/npr1a/smo/acta1b/lamc1/rnf2/spry4/gdf6a",17
"GO:0002221","pattern recognition receptor signaling pathway","5/890","53/18773",0.0943396226415094,1.98993004027984,1.60997674839598,0.105308053243759,0.503982467777566,0.463464470335926,"myd88/zdhhc5a/usp4/gpatch3/cptp",5
"GO:0002758","innate immune response-activating signaling pathway","5/890","53/18773",0.0943396226415094,1.98993004027984,1.60997674839598,0.105308053243759,0.503982467777566,0.463464470335926,"myd88/zdhhc5a/usp4/gpatch3/cptp",5
"GO:0003205","cardiac chamber development","5/890","53/18773",0.0943396226415094,1.98993004027984,1.60997674839598,0.105308053243759,0.503982467777566,0.463464470335926,"dhfr/sema3fb/adgrg6/smo/myh9b",5
"GO:0006354","DNA-templated transcription elongation","5/890","53/18773",0.0943396226415094,1.98993004027984,1.60997674839598,0.105308053243759,0.503982467777566,0.463464470335926,"glyr1/zmynd11/pbrm1l/eloa/cdk12",5
"GO:0031016","pancreas development","12/890","169/18773",0.0710059171597633,1.49774616049465,1.45003402601694,0.106531707633622,0.503982467777566,0.463464470335926,"yap1/zgc:153115/fscn1a/man1a2/selenoh/foxc1b/fhl1b/smo/bhmt/ildr2/isl2a/fzd2",12
"GO:0009952","anterior/posterior pattern specification","17/890","258/18773",0.0658914728682171,1.38986586534274,1.40667346404401,0.107452187390077,0.503982467777566,0.463464470335926,"ncor1/hoxa4a/smad2/churc1/tcf7l1a/axin1/larp6a/myh10/cfap20/smo/myh9b/ptk2ab/mob1a/mmp14b/hoxb3a/rnf2/ephb4b",17
"GO:0001933","negative regulation of protein phosphorylation","2/890","12/18773",0.166666666666667,3.51554307116105,1.94457400955195,0.108199490211726,0.503982467777566,0.463464470335926,"smo/aida",2
"GO:0006183","GTP biosynthetic process","2/890","12/18773",0.166666666666667,3.51554307116105,1.94457400955195,0.108199490211726,0.503982467777566,0.463464470335926,"nme2b.1/nme3",2
"GO:0007501","mesodermal cell fate specification","2/890","12/18773",0.166666666666667,3.51554307116105,1.94457400955195,0.108199490211726,0.503982467777566,0.463464470335926,"zdhhc13/churc1",2
"GO:0010002","cardioblast differentiation","2/890","12/18773",0.166666666666667,3.51554307116105,1.94457400955195,0.108199490211726,0.503982467777566,0.463464470335926,"atf3/smo",2
"GO:0016447","somatic recombination of immunoglobulin gene segments","2/890","12/18773",0.166666666666667,3.51554307116105,1.94457400955195,0.108199490211726,0.503982467777566,0.463464470335926,"kmt5b/msh2",2
"GO:0031468","nuclear membrane reassembly","2/890","12/18773",0.166666666666667,3.51554307116105,1.94457400955195,0.108199490211726,0.503982467777566,0.463464470335926,"chmp2a/chmp4ba",2
"GO:0032479","regulation of type I interferon production","2/890","12/18773",0.166666666666667,3.51554307116105,1.94457400955195,0.108199490211726,0.503982467777566,0.463464470335926,"zbtb16a/gpatch3",2
"GO:0032606","type I interferon production","2/890","12/18773",0.166666666666667,3.51554307116105,1.94457400955195,0.108199490211726,0.503982467777566,0.463464470335926,"zbtb16a/gpatch3",2
"GO:0034103","regulation of tissue remodeling","2/890","12/18773",0.166666666666667,3.51554307116105,1.94457400955195,0.108199490211726,0.503982467777566,0.463464470335926,"lrp5/suco",2
"GO:0035794","positive regulation of mitochondrial membrane permeability","2/890","12/18773",0.166666666666667,3.51554307116105,1.94457400955195,0.108199490211726,0.503982467777566,0.463464470335926,"slc25a5/bnip3lb",2
"GO:0042326","negative regulation of phosphorylation","2/890","12/18773",0.166666666666667,3.51554307116105,1.94457400955195,0.108199490211726,0.503982467777566,0.463464470335926,"smo/aida",2
"GO:0042795","snRNA transcription by RNA polymerase II","2/890","12/18773",0.166666666666667,3.51554307116105,1.94457400955195,0.108199490211726,0.503982467777566,0.463464470335926,"larp7/snapc1b",2
"GO:0046365","monosaccharide catabolic process","2/890","12/18773",0.166666666666667,3.51554307116105,1.94457400955195,0.108199490211726,0.503982467777566,0.463464470335926,"pfkpa/galm",2
"GO:0046548","retinal rod cell development","2/890","12/18773",0.166666666666667,3.51554307116105,1.94457400955195,0.108199490211726,0.503982467777566,0.463464470335926,"adipor1b/sox11b",2
"GO:0048385","regulation of retinoic acid receptor signaling pathway","2/890","12/18773",0.166666666666667,3.51554307116105,1.94457400955195,0.108199490211726,0.503982467777566,0.463464470335926,"cyp26b1/dhrs3b",2
"GO:0048918","posterior lateral line nerve development","2/890","12/18773",0.166666666666667,3.51554307116105,1.94457400955195,0.108199490211726,0.503982467777566,0.463464470335926,"gna12a/adgrg6",2
"GO:0048922","posterior lateral line neuromast deposition","2/890","12/18773",0.166666666666667,3.51554307116105,1.94457400955195,0.108199490211726,0.503982467777566,0.463464470335926,"tnfrsf19/smad5",2
"GO:0050848","regulation of calcium-mediated signaling","2/890","12/18773",0.166666666666667,3.51554307116105,1.94457400955195,0.108199490211726,0.503982467777566,0.463464470335926,"rgn/chp1",2
"GO:0071786","endoplasmic reticulum tubular network organization","2/890","12/18773",0.166666666666667,3.51554307116105,1.94457400955195,0.108199490211726,0.503982467777566,0.463464470335926,"rtn1a/reep1",2
"GO:0090224","regulation of spindle organization","2/890","12/18773",0.166666666666667,3.51554307116105,1.94457400955195,0.108199490211726,0.503982467777566,0.463464470335926,"dync1li2/tprb",2
"GO:0097345","mitochondrial outer membrane permeabilization","2/890","12/18773",0.166666666666667,3.51554307116105,1.94457400955195,0.108199490211726,0.503982467777566,0.463464470335926,"slc25a5/bnip3lb",2
"GO:1902110","positive regulation of mitochondrial membrane permeability involved in apoptotic process","2/890","12/18773",0.166666666666667,3.51554307116105,1.94457400955195,0.108199490211726,0.503982467777566,0.463464470335926,"slc25a5/bnip3lb",2
"GO:1902686","mitochondrial outer membrane permeabilization involved in programmed cell death","2/890","12/18773",0.166666666666667,3.51554307116105,1.94457400955195,0.108199490211726,0.503982467777566,0.463464470335926,"slc25a5/bnip3lb",2
"GO:1903053","regulation of extracellular matrix organization","2/890","12/18773",0.166666666666667,3.51554307116105,1.94457400955195,0.108199490211726,0.503982467777566,0.463464470335926,"mmp14b/gpc4",2
"GO:1905710","positive regulation of membrane permeability","2/890","12/18773",0.166666666666667,3.51554307116105,1.94457400955195,0.108199490211726,0.503982467777566,0.463464470335926,"slc25a5/bnip3lb",2
"GO:2000377","regulation of reactive oxygen species metabolic process","2/890","12/18773",0.166666666666667,3.51554307116105,1.94457400955195,0.108199490211726,0.503982467777566,0.463464470335926,"romo1/coq7",2
"GO:0061014","positive regulation of mRNA catabolic process","6/890","69/18773",0.0869565217391304,1.83419638495359,1.54865860411425,0.108275075629343,0.503982467777566,0.463464470335926,"zgc:162730/dis3l2/cnot3b/cnot2/ythdf1/pan3",6
"GO:0060284","regulation of cell development","17/890","259/18773",0.0656370656370656,1.38449958787037,1.39003494625446,0.110221904621122,0.512072598552295,0.470904189798772,"cxcl12a/si:dkey-40c11.2/smad2/dbnlb/id1/fxr2/zbtb16a/nlk1/fam49a/hapln1b/carm1/znf16l/sirt1/adnpa/sh3rf1/rnf2/atg13",17
"GO:0005996","monosaccharide metabolic process","8/890","102/18773",0.0784313725490196,1.65437320995814,1.47833171911639,0.111041963630466,0.514504603311705,0.473140671957854,"dcxr/pfkpa/man2a2/rgn/fuom/galm/akr1a1b/chst15",8
"GO:0003170","heart valve development","4/890","39/18773",0.102564102564103,2.16341112071449,1.62248370647423,0.111777010345157,0.514504603311705,0.473140671957854,"yap1/tmsb4x/sema3fb/jupa",4
"GO:0060840","artery development","4/890","39/18773",0.102564102564103,2.16341112071449,1.62248370647423,0.111777010345157,0.514504603311705,0.473140671957854,"kdrl/plcg1/smo/notch1b",4
"GO:2000736","regulation of stem cell differentiation","4/890","39/18773",0.102564102564103,2.16341112071449,1.62248370647423,0.111777010345157,0.514504603311705,0.473140671957854,"gpr182/fgfr4/cdca7a/rnf2",4
"GO:0006986","response to unfolded protein","5/890","54/18773",0.0925925925925926,1.95307948397836,1.56464121703179,0.111794110707354,0.514504603311705,0.473140671957854,"herpud2/parp16/nck1b/chac1/tmem129",5
"GO:0042659","regulation of cell fate specification","3/890","25/18773",0.12,2.53119101123595,1.70903906810102,0.112845359728765,0.517401247504041,0.475804438561229,"zdhhc13/churc1/rnf2",3
"GO:0046660","female sex differentiation","3/890","25/18773",0.12,2.53119101123595,1.70903906810102,0.112845359728765,0.517401247504041,0.475804438561229,"rbpms2a/rbpms2b/bmpr2b",3
"GO:0000956","nuclear-transcribed mRNA catabolic process","7/890","86/18773",0.0813953488372093,1.71689312777633,1.48649666041546,0.113283367402222,0.517475046997489,0.475872304896526,"pnrc2/zgc:162730/dis3l2/cnot3b/cnot2/smg6/pan3",7
"GO:0051962","positive regulation of nervous system development","7/890","86/18773",0.0813953488372093,1.71689312777633,1.48649666041546,0.113283367402222,0.517475046997489,0.475872304896526,"cxcl12a/si:dkey-40c11.2/dbnlb/fxr2/nlk1/hapln1b/znf16l",7
"GO:0016049","cell growth","10/890","137/18773",0.072992700729927,1.53965389977856,1.41426026726587,0.116148525844987,0.529576828806232,0.487001156106059,"cxcl12a/pard6gb/si:dkey-40c11.2/nrp1a/dbnlb/gna12a/casp3a/fam53b/gpc4/isl2a",10
"GO:0003401","axis elongation","5/890","55/18773",0.0909090909090909,1.91756894790603,1.52026892695733,0.118467871950486,0.539149702958336,0.495804412830568,"smad2/ctnnd1/gpc4/ryk/fcho2",5
"GO:0060028","convergent extension involved in axis elongation","4/890","40/18773",0.1,2.10932584269663,1.56680715917107,0.119808214684208,0.540157418736882,0.49673111264537,"smad2/gpc4/ryk/fcho2",4
"GO:0003158","endothelium development","6/890","71/18773",0.0845070422535211,1.78252888115208,1.47372215022189,0.11981240460498,0.540157418736882,0.49673111264537,"marcksl1a/marcksl1b/tnfrsf19/tcf7l1a/smo/kdr",6
"GO:0071396","cellular response to lipid","8/890","104/18773",0.0769230769230769,1.62255834053587,1.4202548644708,0.120474534496198,0.540157418736882,0.49673111264537,"cnot9/pagr1/myd88/cxcl20/carm1/vhl/casp3a/keap1b",8
"GO:0051146","striated muscle cell differentiation","16/890","245/18773",0.0653061224489796,1.37751891767943,1.32689811833957,0.122241016864139,0.540157418736882,0.49673111264537,"naca/cxcl12a/tpm4a/pbx2/myo18ab/dock1/myorg/carm1/tcf3a/smo/acta1b/gpc4/rnf2/myl9a/spry4/gdf6a",16
"GO:0006270","DNA replication initiation","3/890","26/18773",0.115384615384615,2.4338375108038,1.63211520197038,0.123303492563162,0.540157418736882,0.49673111264537,"orc4/orc3/orc6",3
"GO:0045047","protein targeting to ER","3/890","26/18773",0.115384615384615,2.4338375108038,1.63211520197038,0.123303492563162,0.540157418736882,0.49673111264537,"sec62/srp19/zfand2a",3
"GO:0000002","mitochondrial genome maintenance","2/890","13/18773",0.153846153846154,3.24511668107174,1.80644300458901,0.12400644501566,0.540157418736882,0.49673111264537,"slc25a36a/rrm2b",2
"GO:0002562","somatic diversification of immune receptors via germline recombination within a single locus","2/890","13/18773",0.153846153846154,3.24511668107174,1.80644300458901,0.12400644501566,0.540157418736882,0.49673111264537,"kmt5b/msh2",2
"GO:0016445","somatic diversification of immunoglobulins","2/890","13/18773",0.153846153846154,3.24511668107174,1.80644300458901,0.12400644501566,0.540157418736882,0.49673111264537,"kmt5b/msh2",2
"GO:0021680","cerebellar Purkinje cell layer development","2/890","13/18773",0.153846153846154,3.24511668107174,1.80644300458901,0.12400644501566,0.540157418736882,0.49673111264537,"snx14/rbm7",2
"GO:0022011","myelination in peripheral nervous system","2/890","13/18773",0.153846153846154,3.24511668107174,1.80644300458901,0.12400644501566,0.540157418736882,0.49673111264537,"dock1/adgrg6",2
"GO:0038066","p38MAPK cascade","2/890","13/18773",0.153846153846154,3.24511668107174,1.80644300458901,0.12400644501566,0.540157418736882,0.49673111264537,"map3k4/dusp1",2
"GO:0042573","retinoic acid metabolic process","2/890","13/18773",0.153846153846154,3.24511668107174,1.80644300458901,0.12400644501566,0.540157418736882,0.49673111264537,"cyp26b1/rcor1",2
"GO:0045116","protein neddylation","2/890","13/18773",0.153846153846154,3.24511668107174,1.80644300458901,0.12400644501566,0.540157418736882,0.49673111264537,"dcun1d5/ube2f",2
"GO:0048814","regulation of dendrite morphogenesis","2/890","13/18773",0.153846153846154,3.24511668107174,1.80644300458901,0.12400644501566,0.540157418736882,0.49673111264537,"si:dkey-40c11.2/dbnlb",2
"GO:0060384","innervation","2/890","13/18773",0.153846153846154,3.24511668107174,1.80644300458901,0.12400644501566,0.540157418736882,0.49673111264537,"fbxo45/sulf2b",2
"GO:0090594","inflammatory response to wounding","2/890","13/18773",0.153846153846154,3.24511668107174,1.80644300458901,0.12400644501566,0.540157418736882,0.49673111264537,"cxcl12a/myd88",2
"GO:1900107","regulation of nodal signaling pathway","2/890","13/18773",0.153846153846154,3.24511668107174,1.80644300458901,0.12400644501566,0.540157418736882,0.49673111264537,"fscn1a/ldb2a",2
"GO:1901797","negative regulation of signal transduction by p53 class mediator","2/890","13/18773",0.153846153846154,3.24511668107174,1.80644300458901,0.12400644501566,0.540157418736882,0.49673111264537,"rnf2/mdm2",2
"GO:1902108","regulation of mitochondrial membrane permeability involved in apoptotic process","2/890","13/18773",0.153846153846154,3.24511668107174,1.80644300458901,0.12400644501566,0.540157418736882,0.49673111264537,"slc25a5/bnip3lb",2
"GO:1902117","positive regulation of organelle assembly","2/890","13/18773",0.153846153846154,3.24511668107174,1.80644300458901,0.12400644501566,0.540157418736882,0.49673111264537,"pan3/snx30",2
"GO:1902253","regulation of intrinsic apoptotic signaling pathway by p53 class mediator","2/890","13/18773",0.153846153846154,3.24511668107174,1.80644300458901,0.12400644501566,0.540157418736882,0.49673111264537,"rnf2/mdm2",2
"GO:0022613","ribonucleoprotein complex biogenesis","20/890","319/18773",0.0626959247648903,1.32246134338347,1.29585924112826,0.124405154791613,0.540157418736882,0.49673111264537,"rsl24d1/eif3m/ptges3a/sart1/eif3ja/eif3k/eri1/strap/c1d/eif3i/esf1/nsa2/mtrex/npm1b/luc7l3/kri1/eif3ea/wdr46/trnau1apb/scaf11",20
"GO:0002262","myeloid cell homeostasis","10/890","139/18773",0.0719424460431655,1.51750060625657,1.36614030763752,0.124414570561084,0.540157418736882,0.49673111264537,"arhgef12b/ncoa4/alas1/sema3fb/vhl/fam210b/lmo2/adnpa/casp3a/sfxn1",10
"GO:0006260","DNA replication","10/890","139/18773",0.0719424460431655,1.51750060625657,1.36614030763752,0.124414570561084,0.540157418736882,0.49673111264537,"pds5a/rfc3/rnaseh2a/orc4/carm1/cenpx/orc3/rtf2/orc6/sulf2b",10
"GO:2000147","positive regulation of cell motility","10/890","139/18773",0.0719424460431655,1.51750060625657,1.36614030763752,0.124414570561084,0.540157418736882,0.49673111264537,"plvapb/kdrl/cxcl12a/ccl19b/nrp1a/plcg1/sema3fb/cfap20/sema4c/kdr",10
"GO:0018205","peptidyl-lysine modification","5/890","56/18773",0.0892857142857143,1.88332664526485,1.4768191394387,0.125324777156216,0.540372343071994,0.496928757999135,"ube2ia/pias2/senp2/dohh/si:dkey-100n23.3",5
"GO:0043123","positive regulation of canonical NF-kappaB signal transduction","5/890","56/18773",0.0892857142857143,1.88332664526485,1.4768191394387,0.125324777156216,0.540372343071994,0.496928757999135,"tnfrsf19/myd88/map3k7/ikbkg/tnfsf10",5
"GO:0048545","response to steroid hormone","5/890","56/18773",0.0892857142857143,1.88332664526485,1.4768191394387,0.125324777156216,0.540372343071994,0.496928757999135,"cnn2/cnot9/pagr1/carm1/vhl",5
"GO:0032103","positive regulation of response to external stimulus","8/890","105/18773",0.0761904761904762,1.60710540395934,1.39168177491483,0.125345235714621,0.540372343071994,0.496928757999135,"cxcl12a/myd88/akirin2/zdhhc5a/usp4/gpatch3/cptp/trim33l",8
"GO:0000288","nuclear-transcribed mRNA catabolic process, deadenylation-dependent decay","4/890","41/18773",0.0975609756097561,2.05787887092354,1.51274555207987,0.128079953895055,0.550227893002748,0.50599196459969,"zgc:162730/cnot3b/cnot2/pan3",4
"GO:0007528","neuromuscular junction development","4/890","41/18773",0.0975609756097561,2.05787887092354,1.51274555207987,0.128079953895055,0.550227893002748,0.50599196459969,"ascc1/slc25a1a/ppfibp1a/ppfibp1b",4
"GO:0051656","establishment of organelle localization","14/890","211/18773",0.0663507109004739,1.39955269183663,1.30206598083002,0.129177421688703,0.553972404549631,0.509435433711614,"dync1li2/arfgap2/tacc1/actr10/kif13ba/rcc2/pafah1b1a/arl6/clasp1a/npm1b/aurkb/ocrl/syne3/ccnb1",14
"GO:0009060","aerobic respiration","8/890","106/18773",0.0754716981132075,1.59194403222387,1.36340977457645,0.130317282525294,0.557885329903222,0.513033776893001,"uqcrq/uqcc2/ndufv2/coa6/ndufaf1/antkmt/idh2/ndufs8a",8
"GO:0042552","myelination","6/890","73/18773",0.0821917808219178,1.73369247344928,1.40115047549487,0.131931688596986,0.560431800446682,0.515375522285168,"actr10/dock1/gna12a/znf16l/adgrg6/otpa",6
"GO:0009100","glycoprotein metabolic process","18/890","285/18773",0.0631578947368421,1.33220579538734,1.26070871814873,0.132726240015074,0.560431800446682,0.515375522285168,"hs6st2/crppa/rpn2/zgc:162952/chst10/gcnt4a/man2a2/poglut2/sulf2b/itm2bb/magt1/ost4/srd5a3/extl2/gpc4/chpf2/alg9/nccrp1",18
"GO:0010212","response to ionizing radiation","3/890","27/18773",0.111111111111111,2.34369538077403,1.55868547284997,0.134097083010923,0.560431800446682,0.515375522285168,"babam2/nabp1a/mdm2",3
"GO:0016525","negative regulation of angiogenesis","3/890","27/18773",0.111111111111111,2.34369538077403,1.55868547284997,0.134097083010923,0.560431800446682,0.515375522285168,"ptenb/thbs1b/ptena",3
"GO:0019827","stem cell population maintenance","3/890","27/18773",0.111111111111111,2.34369538077403,1.55868547284997,0.134097083010923,0.560431800446682,0.515375522285168,"cnot3b/cnot2/notch1b",3
"GO:0032008","positive regulation of TOR signaling","3/890","27/18773",0.111111111111111,2.34369538077403,1.55868547284997,0.134097083010923,0.560431800446682,0.515375522285168,"otud5a/pim1/flcn",3
"GO:0034308","primary alcohol metabolic process","3/890","27/18773",0.111111111111111,2.34369538077403,1.55868547284997,0.134097083010923,0.560431800446682,0.515375522285168,"thtpa/adh8b/fdx1b",3
"GO:0045324","late endosome to vacuole transport","3/890","27/18773",0.111111111111111,2.34369538077403,1.55868547284997,0.134097083010923,0.560431800446682,0.515375522285168,"chmp2a/chmp2bb/chmp4ba",3
"GO:0072332","intrinsic apoptotic signaling pathway by p53 class mediator","3/890","27/18773",0.111111111111111,2.34369538077403,1.55868547284997,0.134097083010923,0.560431800446682,0.515375522285168,"uri1/rnf2/mdm2",3
"GO:0072599","establishment of protein localization to endoplasmic reticulum","3/890","27/18773",0.111111111111111,2.34369538077403,1.55868547284997,0.134097083010923,0.560431800446682,0.515375522285168,"sec62/srp19/zfand2a",3
"GO:2000181","negative regulation of blood vessel morphogenesis","3/890","27/18773",0.111111111111111,2.34369538077403,1.55868547284997,0.134097083010923,0.560431800446682,0.515375522285168,"ptenb/thbs1b/ptena",3
"GO:0006261","DNA-templated DNA replication","7/890","90/18773",0.0777777777777778,1.64058676654182,1.35895788620793,0.134769917103835,0.560431800446682,0.515375522285168,"rfc3/orc4/carm1/cenpx/orc3/rtf2/orc6",7
"GO:0048701","embryonic cranial skeleton morphogenesis","12/890","177/18773",0.0677966101694915,1.43005141877738,1.28241130255051,0.135912123379851,0.560431800446682,0.515375522285168,"cyp26b1/ece1/hmgcrb/bicra/fscn1a/ep300a/dcaf7/lrp5/smo/eif3ea/rnf2/ocrl",12
"GO:0032879","regulation of localization","26/890","436/18773",0.0596330275229358,1.25785486032368,1.2153028372932,0.136398430046687,0.560431800446682,0.515375522285168,"slc25a5/lgals3b/rack1/fxyd6l/pard6gb/sh3tc2/marcksb/dync1li2/uqcc2/caskb/tomm7/mief1/rap1aa/larp7/wnk1b/plcg1/camk2g2/ptk2ab/smap1/plcd1a/zdhhc8b/smap2/gpc4/bmp2k/ryk/ocrl",26
"GO:0006721","terpenoid metabolic process","4/890","42/18773",0.0952380952380952,2.00888175494917,1.46020731327885,0.136582594712664,0.560431800446682,0.515375522285168,"cyp26b1/bco1/rcor1/dhrs3b",4
"GO:0051338","regulation of transferase activity","4/890","42/18773",0.0952380952380952,2.00888175494917,1.46020731327885,0.136582594712664,0.560431800446682,0.515375522285168,"ccnyl1/axin1/fzr1a/aida",4
"GO:1901532","regulation of hematopoietic progenitor cell differentiation","4/890","42/18773",0.0952380952380952,2.00888175494917,1.46020731327885,0.136582594712664,0.560431800446682,0.515375522285168,"gpr182/fgfr4/myd88/cdca7a",4
"GO:0007169","cell surface receptor protein tyrosine kinase signaling pathway","21/890","342/18773",0.0614035087719298,1.29520007884881,1.22909417498943,0.136589518965228,0.560431800446682,0.515375522285168,"bcar1/kdrl/igfbp1a/fgfr4/sh3tc2/nck1b/nrp1a/churc1/gigyf2/rasa1a/foxc1b/sulf2b/vhl/epha2a/ephb4a/kdr/efna1a/ryk/ephb4b/spry4/gdf6a",21
"GO:0030902","hindbrain development","10/890","142/18773",0.0704225352112676,1.4854407342934,1.29536569983164,0.137398075560126,0.560431800446682,0.515375522285168,"cyp26b1/ncor1/bco1/snx14/arl13b/rbm7/smo/spry4/bmi1b/notch1b",10
"GO:0048871","multicellular organismal-level homeostasis","18/890","287/18773",0.0627177700348432,1.32292213130799,1.22983648248531,0.138827760547086,0.560431800446682,0.515375522285168,"dram2b/kif3a/arhgef12b/ncoa4/alas1/sema3fb/chd8/sulf2b/fzd4/vhl/cfap20/lrp5/fam210b/lmo2/adnpa/casp3a/sfxn1/gdf6a",18
"GO:0010001","glial cell differentiation","11/890","160/18773",0.06875,1.45016151685393,1.27570499502272,0.139045947133946,0.560431800446682,0.515375522285168,"sumf1/itga6b/actr10/dock1/hapln1b/gna12a/znf16l/adgrg6/kirrel1a/smo/icn2",11
"GO:0007098","centrosome cycle","5/890","58/18773",0.0862068965517241,1.81838434715227,1.39253616574887,0.139568370627454,0.560431800446682,0.515375522285168,"pard6gb/rock2a/ranbp1/npm1b/chordc1a",5
"GO:0001710","mesodermal cell fate commitment","2/890","14/18773",0.142857142857143,3.01332263242376,1.6811351920996,0.140320076196038,0.560431800446682,0.515375522285168,"zdhhc13/churc1",2
"GO:0002200","somatic diversification of immune receptors","2/890","14/18773",0.142857142857143,3.01332263242376,1.6811351920996,0.140320076196038,0.560431800446682,0.515375522285168,"kmt5b/msh2",2
"GO:0006298","mismatch repair","2/890","14/18773",0.142857142857143,3.01332263242376,1.6811351920996,0.140320076196038,0.560431800446682,0.515375522285168,"rnaseh2a/msh2",2
"GO:0007080","mitotic metaphase chromosome alignment","2/890","14/18773",0.142857142857143,3.01332263242376,1.6811351920996,0.140320076196038,0.560431800446682,0.515375522285168,"aurkb/ccnb1",2
"GO:0009301","snRNA transcription","2/890","14/18773",0.142857142857143,3.01332263242376,1.6811351920996,0.140320076196038,0.560431800446682,0.515375522285168,"larp7/snapc1b",2
"GO:0016444","somatic cell DNA recombination","2/890","14/18773",0.142857142857143,3.01332263242376,1.6811351920996,0.140320076196038,0.560431800446682,0.515375522285168,"kmt5b/msh2",2
"GO:0018212","peptidyl-tyrosine modification","2/890","14/18773",0.142857142857143,3.01332263242376,1.6811351920996,0.140320076196038,0.560431800446682,0.515375522285168,"kdrl/tpst1l",2
"GO:0021594","rhombomere formation","2/890","14/18773",0.142857142857143,3.01332263242376,1.6811351920996,0.140320076196038,0.560431800446682,0.515375522285168,"spry4/notch1b",2
"GO:0035914","skeletal muscle cell differentiation","2/890","14/18773",0.142857142857143,3.01332263242376,1.6811351920996,0.140320076196038,0.560431800446682,0.515375522285168,"marcksb/uqcc2",2
"GO:0045580","regulation of T cell differentiation","2/890","14/18773",0.142857142857143,3.01332263242376,1.6811351920996,0.140320076196038,0.560431800446682,0.515375522285168,"fam49a/sh3rf1",2
"GO:0046500","S-adenosylmethionine metabolic process","2/890","14/18773",0.142857142857143,3.01332263242376,1.6811351920996,0.140320076196038,0.560431800446682,0.515375522285168,"ahcy/ahcyl2b",2
"GO:0046902","regulation of mitochondrial membrane permeability","2/890","14/18773",0.142857142857143,3.01332263242376,1.6811351920996,0.140320076196038,0.560431800446682,0.515375522285168,"slc25a5/bnip3lb",2
"GO:0048670","regulation of collateral sprouting","2/890","14/18773",0.142857142857143,3.01332263242376,1.6811351920996,0.140320076196038,0.560431800446682,0.515375522285168,"pard6gb/casp3a",2
"GO:0048892","lateral line nerve development","2/890","14/18773",0.142857142857143,3.01332263242376,1.6811351920996,0.140320076196038,0.560431800446682,0.515375522285168,"gna12a/adgrg6",2
"GO:0051145","smooth muscle cell differentiation","2/890","14/18773",0.142857142857143,3.01332263242376,1.6811351920996,0.140320076196038,0.560431800446682,0.515375522285168,"rbpms2a/rbpms2b",2
"GO:0060897","neural plate regionalization","2/890","14/18773",0.142857142857143,3.01332263242376,1.6811351920996,0.140320076196038,0.560431800446682,0.515375522285168,"smad2/axin1",2
"GO:0007266","Rho protein signal transduction","7/890","91/18773",0.0769230769230769,1.62255834053587,1.32806446343572,0.140434908516112,0.560431800446682,0.515375522285168,"rock1/plekhg5a/rock2a/gna12a/arhgap35b/phactr4b/arhgap5",7
"GO:0042063","gliogenesis","12/890","179/18773",0.0670391061452514,1.41407319063461,1.24178755415961,0.143885615512207,0.560431800446682,0.515375522285168,"sumf1/itga6b/actr10/dock1/hapln1b/gna12a/znf16l/adgrg6/kirrel1a/smo/sirt1/icn2",12
"GO:0030218","erythrocyte differentiation","9/890","126/18773",0.0714285714285714,1.50666131621188,1.27300063992559,0.144232208008519,0.560431800446682,0.515375522285168,"arhgef12b/ncoa4/alas1/vhl/fam210b/lmo2/adnpa/casp3a/sfxn1",9
"GO:0048882","lateral line development","9/890","126/18773",0.0714285714285714,1.50666131621188,1.27300063992559,0.144232208008519,0.560431800446682,0.515375522285168,"yap1/cxcl12a/tnfrsf19/wnk1b/smad5/ctnnd1/lrp5/gpc4/ocrl",9
"GO:0007224","smoothened signaling pathway","6/890","75/18773",0.08,1.6874606741573,1.33079451252853,0.144609471848553,0.560431800446682,0.515375522285168,"mycbp/arl13b/sufu/smo/tnpo1/sox11b",6
"GO:0007272","ensheathment of neurons","6/890","75/18773",0.08,1.6874606741573,1.33079451252853,0.144609471848553,0.560431800446682,0.515375522285168,"actr10/dock1/gna12a/znf16l/adgrg6/otpa",6
"GO:0008366","axon ensheathment","6/890","75/18773",0.08,1.6874606741573,1.33079451252853,0.144609471848553,0.560431800446682,0.515375522285168,"actr10/dock1/gna12a/znf16l/adgrg6/otpa",6
"GO:0031018","endocrine pancreas development","6/890","75/18773",0.08,1.6874606741573,1.33079451252853,0.144609471848553,0.560431800446682,0.515375522285168,"zgc:153115/fscn1a/fhl1b/smo/bhmt/fzd2",6
"GO:0031507","heterochromatin formation","6/890","75/18773",0.08,1.6874606741573,1.33079451252853,0.144609471848553,0.560431800446682,0.515375522285168,"cbx1a/macroh2a2/bend3/sirt1/spty2d1/si:ch211-13c6.2",6
"GO:0060348","bone development","6/890","75/18773",0.08,1.6874606741573,1.33079451252853,0.144609471848553,0.560431800446682,0.515375522285168,"ogna/cyp26b1/rap1aa/sulf2b/mmp14b/gpc4",6
"GO:0002274","myeloid leukocyte activation","3/890","28/18773",0.107142857142857,2.25999197431782,1.48844968993605,0.145202585536853,0.560431800446682,0.515375522285168,"ptenb/myd88/ptena",3
"GO:0032474","otolith morphogenesis","3/890","28/18773",0.107142857142857,2.25999197431782,1.48844968993605,0.145202585536853,0.560431800446682,0.515375522285168,"ttc9c/lrp5/smo",3
"GO:0032509","endosome transport via multivesicular body sorting pathway","3/890","28/18773",0.107142857142857,2.25999197431782,1.48844968993605,0.145202585536853,0.560431800446682,0.515375522285168,"chmp2a/chmp2bb/chmp4ba",3
"GO:0051223","regulation of protein transport","3/890","28/18773",0.107142857142857,2.25999197431782,1.48844968993605,0.145202585536853,0.560431800446682,0.515375522285168,"sh3tc2/marcksb/uqcc2",3
"GO:0090100","positive regulation of transmembrane receptor protein serine/threonine kinase signaling pathway","3/890","28/18773",0.107142857142857,2.25999197431782,1.48844968993605,0.145202585536853,0.560431800446682,0.515375522285168,"hsp90ab1/flcn/gdf6a",3
"GO:1901343","negative regulation of vasculature development","3/890","28/18773",0.107142857142857,2.25999197431782,1.48844968993605,0.145202585536853,0.560431800446682,0.515375522285168,"ptenb/thbs1b/ptena",3
"GO:1905475","regulation of protein localization to membrane","3/890","28/18773",0.107142857142857,2.25999197431782,1.48844968993605,0.145202585536853,0.560431800446682,0.515375522285168,"mief1/camk2g2/gpc4",3
"GO:0006367","transcription initiation at RNA polymerase II promoter","4/890","43/18773",0.0930232558139535,1.96216357460152,1.40910818757457,0.145306161795877,0.560431800446682,0.515375522285168,"dr1/gtf2a1/gtf2f2a/gtf2e1",4
"GO:0008589","regulation of smoothened signaling pathway","4/890","43/18773",0.0930232558139535,1.96216357460152,1.40910818757457,0.145306161795877,0.560431800446682,0.515375522285168,"mycbp/sufu/smo/sox11b",4
"GO:0009145","purine nucleoside triphosphate biosynthetic process","4/890","43/18773",0.0930232558139535,1.96216357460152,1.40910818757457,0.145306161795877,0.560431800446682,0.515375522285168,"nme2b.1/si:ch211-140m22.7/nme3/antkmt",4
"GO:0009206","purine ribonucleoside triphosphate biosynthetic process","4/890","43/18773",0.0930232558139535,1.96216357460152,1.40910818757457,0.145306161795877,0.560431800446682,0.515375522285168,"nme2b.1/si:ch211-140m22.7/nme3/antkmt",4
"GO:0060349","bone morphogenesis","4/890","43/18773",0.0930232558139535,1.96216357460152,1.40910818757457,0.145306161795877,0.560431800446682,0.515375522285168,"cyp26b1/rap1aa/mmp14b/gpc4",4
"GO:0072331","signal transduction by p53 class mediator","4/890","43/18773",0.0930232558139535,1.96216357460152,1.40910818757457,0.145306161795877,0.560431800446682,0.515375522285168,"kmt5aa/uri1/rnf2/mdm2",4
"GO:0007249","canonical NF-kappaB signal transduction","7/890","92/18773",0.0760869565217391,1.60492183683439,1.29754731544551,0.146213126980811,0.560431800446682,0.515375522285168,"tnfrsf19/myd88/map3k7/ikbkg/grk4/tnfsf10/nkiras2",7
"GO:0040017","positive regulation of locomotion","10/890","144/18773",0.0694444444444444,1.46480961298377,1.24908405327952,0.146434681443513,0.560431800446682,0.515375522285168,"plvapb/kdrl/cxcl12a/ccl19b/nrp1a/plcg1/sema3fb/cfap20/sema4c/kdr",10
"GO:0002218","activation of innate immune response","5/890","59/18773",0.0847457627118644,1.78756427347172,1.35163300451144,0.146944593646189,0.560431800446682,0.515375522285168,"myd88/zdhhc5a/usp4/gpatch3/cptp",5
"GO:0006029","proteoglycan metabolic process","5/890","59/18773",0.0847457627118644,1.78756427347172,1.35163300451144,0.146944593646189,0.560431800446682,0.515375522285168,"hs6st2/chst10/sulf2b/gpc4/chpf2",5
"GO:0007265","Ras protein signal transduction","5/890","59/18773",0.0847457627118644,1.78756427347172,1.35163300451144,0.146944593646189,0.560431800446682,0.515375522285168,"rassf1/rasgef1bb/zgc:55558/ralba/spry4",5
"GO:0021532","neural tube patterning","5/890","59/18773",0.0847457627118644,1.78756427347172,1.35163300451144,0.146944593646189,0.560431800446682,0.515375522285168,"arl13b/tcf7l1a/myh10/myh9b/ptk2ab",5
"GO:0031076","embryonic camera-type eye development","5/890","59/18773",0.0847457627118644,1.78756427347172,1.35163300451144,0.146944593646189,0.560431800446682,0.515375522285168,"tcf7l1a/phactr4b/smo/sox11b/gdf6a",5
"GO:0048048","embryonic eye morphogenesis","5/890","59/18773",0.0847457627118644,1.78756427347172,1.35163300451144,0.146944593646189,0.560431800446682,0.515375522285168,"hs6st2/tcf7l1a/axin1/phactr4b/sox11b",5
"GO:0001822","kidney development","14/890","216/18773",0.0648148148148148,1.36715563878485,1.21074666656969,0.147133338559993,0.560431800446682,0.515375522285168,"yap1/dis3l2/pard6gb/tmsb4x/slc43a1a/grk4/etv5a/camk2g2/nme3/sulf2b/vhl/cxxc5a/ocrl/mdm2",14
"GO:0050776","regulation of immune response","14/890","216/18773",0.0648148148148148,1.36715563878485,1.21074666656969,0.147133338559993,0.560431800446682,0.515375522285168,"trafd1/otud5a/myd88/akirin2/b2ml/zdhhc5a/usp4/vav2/n4bp1/gpatch3/cptp/kmt5b/si:dkey-52l18.4/trim33l",14
"GO:0009895","negative regulation of catabolic process","6/890","76/18773",0.0789473684210526,1.66525724423418,1.29640450753789,0.151149697274009,0.570756611541161,0.524870263493771,"hsp90ab1/ybx1/timp2a/igf2bp2b/n4bp1/cptp",6
"GO:0048588","developmental cell growth","8/890","110/18773",0.0727272727272727,1.53405515832482,1.25320412738567,0.151191053727012,0.570756611541161,0.524870263493771,"cxcl12a/pard6gb/si:dkey-40c11.2/nrp1a/dbnlb/casp3a/fam53b/isl2a",8
"GO:0042775","mitochondrial ATP synthesis coupled electron transport","5/890","60/18773",0.0833333333333333,1.75777153558052,1.31151207032134,0.154483072501942,0.570756611541161,0.524870263493771,"uqcrq/ndufv2/coa6/ndufaf1/ndufs8a",5
"GO:0072001","renal system development","14/890","218/18773",0.0642201834862385,1.35461292650242,1.17484999107353,0.154675508729261,0.570756611541161,0.524870263493771,"yap1/dis3l2/pard6gb/tmsb4x/slc43a1a/grk4/etv5a/camk2g2/nme3/sulf2b/vhl/cxxc5a/ocrl/mdm2",14
"GO:0010453","regulation of cell fate commitment","3/890","29/18773",0.103448275862069,2.18206121658272,1.42114344863932,0.156596429628664,0.570756611541161,0.524870263493771,"zdhhc13/churc1/rnf2",3
"GO:0015868","purine ribonucleotide transport","3/890","29/18773",0.103448275862069,2.18206121658272,1.42114344863932,0.156596429628664,0.570756611541161,0.524870263493771,"slc25a5/slc25a25a/slc25a24",3
"GO:0021537","telencephalon development","3/890","29/18773",0.103448275862069,2.18206121658272,1.42114344863932,0.156596429628664,0.570756611541161,0.524870263493771,"tacc1/arl13b/smo",3
"GO:0046364","monosaccharide biosynthetic process","3/890","29/18773",0.103448275862069,2.18206121658272,1.42114344863932,0.156596429628664,0.570756611541161,0.524870263493771,"rgn/akr1a1b/chst15",3
"GO:0051147","regulation of muscle cell differentiation","3/890","29/18773",0.103448275862069,2.18206121658272,1.42114344863932,0.156596429628664,0.570756611541161,0.524870263493771,"rbpms2a/carm1/rbpms2b",3
"GO:0060059","embryonic retina morphogenesis in camera-type eye","3/890","29/18773",0.103448275862069,2.18206121658272,1.42114344863932,0.156596429628664,0.570756611541161,0.524870263493771,"pbx2/foxc1b/gdf6a",3
"GO:0071985","multivesicular body sorting pathway","3/890","29/18773",0.103448275862069,2.18206121658272,1.42114344863932,0.156596429628664,0.570756611541161,0.524870263493771,"chmp2a/chmp2bb/chmp4ba",3
"GO:0090307","mitotic spindle assembly","3/890","29/18773",0.103448275862069,2.18206121658272,1.42114344863932,0.156596429628664,0.570756611541161,0.524870263493771,"tprb/clasp1a/aurkb",3
"GO:0098727","maintenance of cell number","3/890","29/18773",0.103448275862069,2.18206121658272,1.42114344863932,0.156596429628664,0.570756611541161,0.524870263493771,"cnot3b/cnot2/notch1b",3
"GO:0098930","axonal transport","3/890","29/18773",0.103448275862069,2.18206121658272,1.42114344863932,0.156596429628664,0.570756611541161,0.524870263493771,"kif3a/actr10/pafah1b1a",3
"GO:1903312","negative regulation of mRNA metabolic process","3/890","29/18773",0.103448275862069,2.18206121658272,1.42114344863932,0.156596429628664,0.570756611541161,0.524870263493771,"ybx1/igf2bp2b/rbmx",3
"GO:1990778","protein localization to cell periphery","8/890","111/18773",0.0720720720720721,1.52023484158316,1.22634289540366,0.156648117083236,0.570756611541161,0.524870263493771,"ehd2b/rnf121/arl13b/flot2b/camk2g2/rab34a/erbin/fcho2",8
"GO:0002377","immunoglobulin production","2/890","15/18773",0.133333333333333,2.81243445692884,1.56655180639202,0.157056955886785,0.570756611541161,0.524870263493771,"kmt5b/msh2",2
"GO:0009110","vitamin biosynthetic process","2/890","15/18773",0.133333333333333,2.81243445692884,1.56655180639202,0.157056955886785,0.570756611541161,0.524870263493771,"rgn/pnpo",2
"GO:0030947","regulation of vascular endothelial growth factor receptor signaling pathway","2/890","15/18773",0.133333333333333,2.81243445692884,1.56655180639202,0.157056955886785,0.570756611541161,0.524870263493771,"nrp1a/vhl",2
"GO:0032292","peripheral nervous system axon ensheathment","2/890","15/18773",0.133333333333333,2.81243445692884,1.56655180639202,0.157056955886785,0.570756611541161,0.524870263493771,"dock1/adgrg6",2
"GO:0034767","positive regulation of monoatomic ion transmembrane transport","2/890","15/18773",0.133333333333333,2.81243445692884,1.56655180639202,0.157056955886785,0.570756611541161,0.524870263493771,"fxyd6l/wnk1b",2
"GO:0035907","dorsal aorta development","2/890","15/18773",0.133333333333333,2.81243445692884,1.56655180639202,0.157056955886785,0.570756611541161,0.524870263493771,"smo/notch1b",2
"GO:0042559","pteridine-containing compound biosynthetic process","2/890","15/18773",0.133333333333333,2.81243445692884,1.56655180639202,0.157056955886785,0.570756611541161,0.524870263493771,"dhfr/gch2",2
"GO:0046653","tetrahydrofolate metabolic process","2/890","15/18773",0.133333333333333,2.81243445692884,1.56655180639202,0.157056955886785,0.570756611541161,0.524870263493771,"dhfr/gch2",2
"GO:0060997","dendritic spine morphogenesis","2/890","15/18773",0.133333333333333,2.81243445692884,1.56655180639202,0.157056955886785,0.570756611541161,0.524870263493771,"si:dkey-40c11.2/dbnlb",2
"GO:0070373","negative regulation of ERK1 and ERK2 cascade","2/890","15/18773",0.133333333333333,2.81243445692884,1.56655180639202,0.157056955886785,0.570756611541161,0.524870263493771,"ptpn2b/spry4",2
"GO:0072148","epithelial cell fate commitment","2/890","15/18773",0.133333333333333,2.81243445692884,1.56655180639202,0.157056955886785,0.570756611541161,0.524870263493771,"tcf7l1a/smo",2
"GO:0072530","purine-containing compound transmembrane transport","2/890","15/18773",0.133333333333333,2.81243445692884,1.56655180639202,0.157056955886785,0.570756611541161,0.524870263493771,"slc25a5/slc25a24",2
"GO:0072662","protein localization to peroxisome","2/890","15/18773",0.133333333333333,2.81243445692884,1.56655180639202,0.157056955886785,0.570756611541161,0.524870263493771,"zfand6/pex14",2
"GO:0072663","establishment of protein localization to peroxisome","2/890","15/18773",0.133333333333333,2.81243445692884,1.56655180639202,0.157056955886785,0.570756611541161,0.524870263493771,"zfand6/pex14",2
"GO:1904064","positive regulation of cation transmembrane transport","2/890","15/18773",0.133333333333333,2.81243445692884,1.56655180639202,0.157056955886785,0.570756611541161,0.524870263493771,"fxyd6l/wnk1b",2
"GO:0016579","protein deubiquitination","6/890","77/18773",0.0779220779220779,1.64363052677659,1.26251845387649,0.157819501722774,0.572679345748467,0.52663841823716,"usp1/otud5a/otud6b/usp12a/usp4/usp47",6
"GO:0019318","hexose metabolic process","7/890","94/18773",0.074468085106383,1.57077456371026,1.23760431336113,0.158100046978377,0.572849948652819,0.526795305410342,"dcxr/pfkpa/man2a2/fuom/galm/akr1a1b/chst15",7
"GO:1904888","cranial skeletal system development","16/890","256/18773",0.0625,1.31832865168539,1.14403809710918,0.158891663677085,0.574869101769748,0.528652127402566,"cyp26b1/sumf1/ece1/hmgcrb/taok2a/bicra/fscn1a/ep300a/dcaf7/lrp5/smo/gpatch3/myt1a/eif3ea/rnf2/ocrl",16
"GO:0034101","erythrocyte homeostasis","9/890","129/18773",0.0697674418604651,1.47162268095114,1.19908529918647,0.159258663094646,0.575348307174031,0.5290928067775,"arhgef12b/ncoa4/alas1/vhl/fam210b/lmo2/adnpa/casp3a/sfxn1",9
"GO:1901617","organic hydroxy compound biosynthetic process","8/890","112/18773",0.0714285714285714,1.50666131621188,1.19974621842636,0.162197212684012,0.585102592226297,0.538062889755167,"fgfr4/hmgcrb/itpkb/srd5a3/gch2/sc5d/fdx1b/pnpo",8
"GO:0030336","negative regulation of cell migration","4/890","45/18773",0.0888888888888889,1.87495630461923,1.31092247492416,0.163374770070478,0.586761802317545,0.539588706574763,"cxcl12a/tnfrsf19/churc1/smad5",4
"GO:0030514","negative regulation of BMP signaling pathway","4/890","45/18773",0.0888888888888889,1.87495630461923,1.31092247492416,0.163374770070478,0.586761802317545,0.539588706574763,"zmynd11/smad6a/skia/ldb2a",4
"GO:0071806","protein transmembrane transport","4/890","45/18773",0.0888888888888889,1.87495630461923,1.31092247492416,0.163374770070478,0.586761802317545,0.539588706574763,"romo1/sec62/tomm7/pex14",4
"GO:0022904","respiratory electron transport chain","6/890","78/18773",0.0769230769230769,1.62255834053587,1.22912120213115,0.164615219223835,0.590121544234198,0.542678339860487,"uqcrq/ndufv2/coa6/ndufaf1/ndufs8a/ndufa5",6
"GO:0034655","nucleobase-containing compound catabolic process","18/890","295/18773",0.0610169491525424,1.28704627689964,1.10857615455771,0.16479138108456,0.590121544234198,0.542678339860487,"pnrc2/ybx1/zgc:162730/dis3l2/cnot9/cnot3b/rnaseh2a/fxr2/pfkpa/igf2bp2b/cnot2/ythdf1/smg6/pan3/ada2a/nudt3b/mtrex/zc3h14",18
"GO:0006221","pyrimidine nucleotide biosynthetic process","3/890","30/18773",0.1,2.10932584269663,1.35653278062849,0.168255145789641,0.592463843083207,0.544832328074029,"nme2b.1/nme3/tyms",3
"GO:0010972","negative regulation of G2/M transition of mitotic cell cycle","3/890","30/18773",0.1,2.10932584269663,1.35653278062849,0.168255145789641,0.592463843083207,0.544832328074029,"babam2/aurkb/nabp1a",3
"GO:0015865","purine nucleotide transport","3/890","30/18773",0.1,2.10932584269663,1.35653278062849,0.168255145789641,0.592463843083207,0.544832328074029,"slc25a5/slc25a25a/slc25a24",3
"GO:0030278","regulation of ossification","3/890","30/18773",0.1,2.10932584269663,1.35653278062849,0.168255145789641,0.592463843083207,0.544832328074029,"cyp26b1/lrp5/bmp2k",3
"GO:0051503","adenine nucleotide transport","3/890","30/18773",0.1,2.10932584269663,1.35653278062849,0.168255145789641,0.592463843083207,0.544832328074029,"slc25a5/slc25a25a/slc25a24",3
"GO:1902750","negative regulation of cell cycle G2/M phase transition","3/890","30/18773",0.1,2.10932584269663,1.35653278062849,0.168255145789641,0.592463843083207,0.544832328074029,"babam2/aurkb/nabp1a",3
"GO:0030335","positive regulation of cell migration","9/890","131/18773",0.0687022900763359,1.44915515910455,1.15084245894091,0.169679043865473,0.592463843083207,0.544832328074029,"plvapb/kdrl/cxcl12a/ccl19b/nrp1a/plcg1/sema3fb/sema4c/kdr",9
"GO:0031333","negative regulation of protein-containing complex assembly","5/890","62/18773",0.0806451612903226,1.70106922798115,1.23349768352206,0.170023502699536,0.592463843083207,0.544832328074029,"tmsb4x/add3a/capgb/cptp/aida",5
"GO:0035966","response to topologically incorrect protein","5/890","62/18773",0.0806451612903226,1.70106922798115,1.23349768352206,0.170023502699536,0.592463843083207,0.544832328074029,"herpud2/parp16/nck1b/chac1/tmem129",5
"GO:0006898","receptor-mediated endocytosis","7/890","96/18773",0.0729166666666667,1.53805009363296,1.17905714997346,0.170411177775969,0.592463843083207,0.544832328074029,"lmbr1l/fscn1a/smap1/smap2/bmp2k/ocrl/fcho2",7
"GO:0071695","anatomical structure maturation","7/890","96/18773",0.0729166666666667,1.53805009363296,1.17905714997346,0.170411177775969,0.592463843083207,0.544832328074029,"lyz/ybx1/hmgcrb/adnpa/sfxn1/gdf6a/ccnb1",7
"GO:0032101","regulation of response to external stimulus","15/890","241/18773",0.0622406639004149,1.3128584083174,1.09049905814516,0.172176325791525,0.592463843083207,0.544832328074029,"uacaa/cxcl12a/rbpms2a/trafd1/myd88/nrp1a/akirin2/zdhhc5a/usp4/n4bp1/rbpms2b/gpatch3/reep1/cptp/trim33l",15
"GO:0030593","neutrophil chemotaxis","4/890","46/18773",0.0869565217391304,1.83419638495359,1.26369771988356,0.172698602718975,0.592463843083207,0.544832328074029,"cxcl12a/lgals3b/myd88/cxcl20",4
"GO:0035265","organ growth","4/890","46/18773",0.0869565217391304,1.83419638495359,1.26369771988356,0.172698602718975,0.592463843083207,0.544832328074029,"yap1/rap1aa/larp7/npr1a",4
"GO:0072527","pyrimidine-containing compound metabolic process","4/890","46/18773",0.0869565217391304,1.83419638495359,1.26369771988356,0.172698602718975,0.592463843083207,0.544832328074029,"nme2b.1/thtpa/nme3/tyms",4
"GO:2000146","negative regulation of cell motility","4/890","46/18773",0.0869565217391304,1.83419638495359,1.26369771988356,0.172698602718975,0.592463843083207,0.544832328074029,"cxcl12a/tnfrsf19/churc1/smad5",4
"GO:0046488","phosphatidylinositol metabolic process","8/890","114/18773",0.0701754385964912,1.48022866154149,1.14732487000604,0.17356401621533,0.592463843083207,0.544832328074029,"ptenb/plcg1/lpgat1/inpp5l/ptena/plcd1a/ocrl/si:ch211-160o17.2",8
"GO:0015980","energy derivation by oxidation of organic compounds","12/890","186/18773",0.0645161290322581,1.36085538238492,1.10335456937665,0.173678253281977,0.592463843083207,0.544832328074029,"uqcrq/uqcc2/ppp1caa/ndufv2/coa6/ndufaf1/ppp1r3b/antkmt/reep1/idh2/ndufs8a/ndufa5",12
"GO:0003159","morphogenesis of an endothelium","2/890","16/18773",0.125,2.63665730337079,1.46105358003768,0.174140412092537,0.592463843083207,0.544832328074029,"marcksl1a/marcksl1b",2
"GO:0010458","exit from mitosis","2/890","16/18773",0.125,2.63665730337079,1.46105358003768,0.174140412092537,0.592463843083207,0.544832328074029,"chmp2a/chmp4ba",2
"GO:0010824","regulation of centrosome duplication","2/890","16/18773",0.125,2.63665730337079,1.46105358003768,0.174140412092537,0.592463843083207,0.544832328074029,"rock2a/npm1b",2
"GO:0016237","microautophagy","2/890","16/18773",0.125,2.63665730337079,1.46105358003768,0.174140412092537,0.592463843083207,0.544832328074029,"atg13/snx30",2
"GO:0034727","piecemeal microautophagy of the nucleus","2/890","16/18773",0.125,2.63665730337079,1.46105358003768,0.174140412092537,0.592463843083207,0.544832328074029,"atg13/snx30",2
"GO:0038034","signal transduction in absence of ligand","2/890","16/18773",0.125,2.63665730337079,1.46105358003768,0.174140412092537,0.592463843083207,0.544832328074029,"casp2/eya1",2
"GO:0039531","regulation of cytoplasmic pattern recognition receptor signaling pathway","2/890","16/18773",0.125,2.63665730337079,1.46105358003768,0.174140412092537,0.592463843083207,0.544832328074029,"gpatch3/cptp",2
"GO:0045445","myoblast differentiation","2/890","16/18773",0.125,2.63665730337079,1.46105358003768,0.174140412092537,0.592463843083207,0.544832328074029,"atf3/flot2b",2
"GO:0046039","GTP metabolic process","2/890","16/18773",0.125,2.63665730337079,1.46105358003768,0.174140412092537,0.592463843083207,0.544832328074029,"nme2b.1/nme3",2
"GO:0046605","regulation of centrosome cycle","2/890","16/18773",0.125,2.63665730337079,1.46105358003768,0.174140412092537,0.592463843083207,0.544832328074029,"rock2a/npm1b",2
"GO:0046620","regulation of organ growth","2/890","16/18773",0.125,2.63665730337079,1.46105358003768,0.174140412092537,0.592463843083207,0.544832328074029,"yap1/larp7",2
"GO:0048668","collateral sprouting","2/890","16/18773",0.125,2.63665730337079,1.46105358003768,0.174140412092537,0.592463843083207,0.544832328074029,"pard6gb/casp3a",2
"GO:0048885","neuromast deposition","2/890","16/18773",0.125,2.63665730337079,1.46105358003768,0.174140412092537,0.592463843083207,0.544832328074029,"tnfrsf19/smad5",2
"GO:0061154","endothelial tube morphogenesis","2/890","16/18773",0.125,2.63665730337079,1.46105358003768,0.174140412092537,0.592463843083207,0.544832328074029,"marcksl1a/marcksl1b",2
"GO:0072554","blood vessel lumenization","2/890","16/18773",0.125,2.63665730337079,1.46105358003768,0.174140412092537,0.592463843083207,0.544832328074029,"marcksl1a/marcksl1b",2
"GO:0090559","regulation of membrane permeability","2/890","16/18773",0.125,2.63665730337079,1.46105358003768,0.174140412092537,0.592463843083207,0.544832328074029,"slc25a5/bnip3lb",2
"GO:0097061","dendritic spine organization","2/890","16/18773",0.125,2.63665730337079,1.46105358003768,0.174140412092537,0.592463843083207,0.544832328074029,"si:dkey-40c11.2/dbnlb",2
"GO:0097192","extrinsic apoptotic signaling pathway in absence of ligand","2/890","16/18773",0.125,2.63665730337079,1.46105358003768,0.174140412092537,0.592463843083207,0.544832328074029,"casp2/eya1",2
"GO:0051960","regulation of nervous system development","11/890","168/18773",0.0654761904761905,1.38110620652755,1.10691918093583,0.174771819507111,0.593788467106571,0.546050458089721,"cxcl12a/si:dkey-40c11.2/dbnlb/id1/fxr2/zbtb16a/nlk1/hapln1b/znf16l/sirt1/adnpa",11
"GO:0048593","camera-type eye morphogenesis","13/890","205/18773",0.0634146341463415,1.3376212661003,1.08431196177224,0.176421441342155,0.598564032658791,0.550442088951354,"mcrs1/marcksb/pbx2/adipor1b/tcf7l1a/pim1/cyfip2/foxc1b/phactr4b/ptk2ab/sox11b/rnf2/gdf6a",13
"GO:0002764","immune response-regulating signaling pathway","7/890","97/18773",0.0721649484536082,1.52219390710066,1.15028596944734,0.176719275427339,0.598746384838762,0.550609780809521,"myd88/zdhhc5a/usp4/vav2/gpatch3/cptp/si:dkey-52l18.4",7
"GO:0140694","non-membrane-bounded organelle assembly","16/890","261/18773",0.0613026819923372,1.2930733135305,1.06365294094147,0.177294421915488,0.599817041961392,0.551594361758218,"naca/cxcl12a/tpm4a/lsm14ab/myo18ab/atxn2l/pan3/cenpx/tprb/clasp1a/smo/aurkb/aup1/rnf2/myl9a/mapre1b",16
"GO:0042773","ATP synthesis coupled electron transport","5/890","63/18773",0.0793650793650794,1.67406812912431,1.19554867473357,0.178013374051322,0.599817041961392,0.551594361758218,"uqcrq/ndufv2/coa6/ndufaf1/ndufs8a",5
"GO:0051651","maintenance of location in cell","5/890","63/18773",0.0793650793650794,1.67406812912431,1.19554867473357,0.178013374051322,0.599817041961392,0.551594361758218,"tmsb4x/plcg1/akap9/plcd1a/ryk",5
"GO:0060216","definitive hemopoiesis","5/890","63/18773",0.0793650793650794,1.67406812912431,1.19554867473357,0.178013374051322,0.599817041961392,0.551594361758218,"naca/myef2/smarcd1/ube2ia/kri1",5
"GO:0002573","myeloid leukocyte differentiation","6/890","80/18773",0.075,1.58199438202247,1.16373573579213,0.178569067427221,0.600864091082267,0.552557232685777,"sumf1/ncor1/alas1/plcg1/srp19/irf2bp2a",6
"GO:0006446","regulation of translational initiation","3/890","31/18773",0.0967741935483871,2.04128307357738,1.29440975371473,0.180155476338021,0.602072729505675,0.553668701839064,"ybx1/eif3k/dhx29",3
"GO:0009408","response to heat","3/890","31/18773",0.0967741935483871,2.04128307357738,1.29440975371473,0.180155476338021,0.602072729505675,0.553668701839064,"hsp90ab1/hspb1/gclc",3
"GO:0043549","regulation of kinase activity","3/890","31/18773",0.0967741935483871,2.04128307357738,1.29440975371473,0.180155476338021,0.602072729505675,0.553668701839064,"ccnyl1/axin1/aida",3
"GO:0045859","regulation of protein kinase activity","3/890","31/18773",0.0967741935483871,2.04128307357738,1.29440975371473,0.180155476338021,0.602072729505675,0.553668701839064,"ccnyl1/axin1/aida",3
"GO:0048570","notochord morphogenesis","3/890","31/18773",0.0967741935483871,2.04128307357738,1.29440975371473,0.180155476338021,0.602072729505675,0.553668701839064,"cfap20/lamc1/bmpr2b",3
"GO:0120035","regulation of plasma membrane bounded cell projection organization","13/890","206/18773",0.0631067961165049,1.33112795898331,1.06607726439671,0.1807243841953,0.603152264532071,0.554661446946694,"cxcl12a/rbpms2a/pak2b/pard6gb/si:dkey-40c11.2/nrp1a/dbnlb/man1a2/camk2g2/arhgap35b/rbpms2b/reep1/casp3a",13
"GO:0040013","negative regulation of locomotion","4/890","47/18773",0.0851063829787234,1.79517092995458,1.21763466026924,0.182201035993359,0.607254268059388,0.558433667239371,"cxcl12a/tnfrsf19/churc1/smad5",4
"GO:0046530","photoreceptor cell differentiation","8/890","116/18773",0.0689655172413793,1.45470747772181,1.09589834975816,0.185275747576646,0.616664055367046,0.567086948592091,"kif3a/bco1/med29/adipor1b/arl13b/id2a/sox11b/gdf6a",8
"GO:0006352","DNA-templated transcription initiation","5/890","64/18773",0.078125,1.64791081460674,1.1582705557807,0.186141381172749,0.618705701919721,0.568964455645703,"cavin1b/dr1/gtf2a1/gtf2f2a/gtf2e1",5
"GO:0007059","chromosome segregation","12/890","189/18773",0.0634920634920635,1.33925450329945,1.04572384901137,0.187302024148977,0.61977566440237,0.56994839780045,"anapc11/ube2ia/dync1li2/rcc2/tprb/stag1b/clasp1a/ntmt1/aurkb/tlk2/mapre1b/ccnb1",12
"GO:0009101","glycoprotein biosynthetic process","15/890","245/18773",0.0612244897959184,1.29142398532447,1.02429287555441,0.188027651890769,0.61977566440237,0.56994839780045,"hs6st2/crppa/rpn2/zgc:162952/chst10/gcnt4a/poglut2/itm2bb/magt1/ost4/srd5a3/extl2/gpc4/chpf2/alg9",15
"GO:0006241","CTP biosynthetic process","2/890","17/18773",0.117647058823529,2.48155981493721,1.36333827161834,0.191500076797444,0.61977566440237,0.56994839780045,"nme2b.1/nme3",2
"GO:0009209","pyrimidine ribonucleoside triphosphate biosynthetic process","2/890","17/18773",0.117647058823529,2.48155981493721,1.36333827161834,0.191500076797444,0.61977566440237,0.56994839780045,"nme2b.1/nme3",2
"GO:0009226","nucleotide-sugar biosynthetic process","2/890","17/18773",0.117647058823529,2.48155981493721,1.36333827161834,0.191500076797444,0.61977566440237,0.56994839780045,"uap1l1/gmppaa",2
"GO:0014013","regulation of gliogenesis","2/890","17/18773",0.117647058823529,2.48155981493721,1.36333827161834,0.191500076797444,0.61977566440237,0.56994839780045,"znf16l/sirt1",2
"GO:0021984","adenohypophysis development","2/890","17/18773",0.117647058823529,2.48155981493721,1.36333827161834,0.191500076797444,0.61977566440237,0.56994839780045,"eya1/smo",2
"GO:0022010","central nervous system myelination","2/890","17/18773",0.117647058823529,2.48155981493721,1.36333827161834,0.191500076797444,0.61977566440237,0.56994839780045,"actr10/znf16l",2
"GO:0032291","axon ensheathment in central nervous system","2/890","17/18773",0.117647058823529,2.48155981493721,1.36333827161834,0.191500076797444,0.61977566440237,0.56994839780045,"actr10/znf16l",2
"GO:0032925","regulation of activin receptor signaling pathway","2/890","17/18773",0.117647058823529,2.48155981493721,1.36333827161834,0.191500076797444,0.61977566440237,0.56994839780045,"fscn1a/ldb2a",2
"GO:0045931","positive regulation of mitotic cell cycle","2/890","17/18773",0.117647058823529,2.48155981493721,1.36333827161834,0.191500076797444,0.61977566440237,0.56994839780045,"anapc11/mdm2",2
"GO:0046849","bone remodeling","2/890","17/18773",0.117647058823529,2.48155981493721,1.36333827161834,0.191500076797444,0.61977566440237,0.56994839780045,"lrp5/suco",2
"GO:0048015","phosphatidylinositol-mediated signaling","2/890","17/18773",0.117647058823529,2.48155981493721,1.36333827161834,0.191500076797444,0.61977566440237,0.56994839780045,"plcg1/plcd1a",2
"GO:0050918","positive chemotaxis","2/890","17/18773",0.117647058823529,2.48155981493721,1.36333827161834,0.191500076797444,0.61977566440237,0.56994839780045,"cxcl12a/lgals3b",2
"GO:0051347","positive regulation of transferase activity","2/890","17/18773",0.117647058823529,2.48155981493721,1.36333827161834,0.191500076797444,0.61977566440237,0.56994839780045,"axin1/fzr1a",2
"GO:0097720","calcineurin-mediated signaling","2/890","17/18773",0.117647058823529,2.48155981493721,1.36333827161834,0.191500076797444,0.61977566440237,0.56994839780045,"ppp3r1a/chp1",2
"GO:0021549","cerebellum development","4/890","48/18773",0.0833333333333333,1.75777153558052,1.17267611895127,0.191871110964359,0.61977566440237,0.56994839780045,"snx14/rbm7/smo/bmi1b",4
"GO:0006220","pyrimidine nucleotide metabolic process","3/890","32/18773",0.09375,1.97749297752809,1.2345888280992,0.192274472323768,0.61977566440237,0.56994839780045,"nme2b.1/nme3/tyms",3
"GO:0030866","cortical actin cytoskeleton organization","3/890","32/18773",0.09375,1.97749297752809,1.2345888280992,0.192274472323768,0.61977566440237,0.56994839780045,"rock1/rock2a/fmnl3",3
"GO:0040036","regulation of fibroblast growth factor receptor signaling pathway","3/890","32/18773",0.09375,1.97749297752809,1.2345888280992,0.192274472323768,0.61977566440237,0.56994839780045,"churc1/sulf2b/spry4",3
"GO:0050772","positive regulation of axonogenesis","3/890","32/18773",0.09375,1.97749297752809,1.2345888280992,0.192274472323768,0.61977566440237,0.56994839780045,"cxcl12a/si:dkey-40c11.2/dbnlb",3
"GO:0072528","pyrimidine-containing compound biosynthetic process","3/890","32/18773",0.09375,1.97749297752809,1.2345888280992,0.192274472323768,0.61977566440237,0.56994839780045,"nme2b.1/nme3/tyms",3
"GO:1902036","regulation of hematopoietic stem cell differentiation","3/890","32/18773",0.09375,1.97749297752809,1.2345888280992,0.192274472323768,0.61977566440237,0.56994839780045,"gpr182/fgfr4/cdca7a",3
"GO:0031344","regulation of cell projection organization","13/890","209/18773",0.062200956937799,1.3120208590936,1.01193141652839,0.193932290412775,0.624124276933008,0.573947400805646,"cxcl12a/rbpms2a/pak2b/pard6gb/si:dkey-40c11.2/nrp1a/dbnlb/man1a2/camk2g2/arhgap35b/rbpms2b/reep1/casp3a",13
"GO:0031347","regulation of defense response","11/890","172/18773",0.063953488372093,1.34898745753854,1.02573691088148,0.194132418793268,0.624124276933008,0.573947400805646,"uacaa/cxcl12a/trafd1/myd88/akirin2/zdhhc5a/usp4/n4bp1/gpatch3/cptp/trim33l",11
"GO:0002181","cytoplasmic translation","5/890","65/18773",0.0769230769230769,1.62255834053587,1.12163910280326,0.194401140585927,0.624170154263455,0.57398958979835,"eif3m/eif3ja/eif3k/eif3i/eif3ea",5
"GO:0043122","regulation of canonical NF-kappaB signal transduction","6/890","83/18773",0.072289156626506,1.52481386219033,1.06898049524706,0.200345351019735,0.640265038021435,0.588790514935497,"tnfrsf19/myd88/map3k7/ikbkg/tnfsf10/nkiras2",6
"GO:0009165","nucleotide biosynthetic process","10/890","155/18773",0.0645161290322581,1.36085538238492,1.00638142284239,0.201206193175592,0.640265038021435,0.588790514935497,"nme2b.1/rrm1/ak1/si:ch211-140m22.7/nme3/antkmt/npr1a/tyms/adcy7/rrm2b",10
"GO:0001707","mesoderm formation","4/890","49/18773",0.0816326530612245,1.72189864709929,1.12876891129287,0.201697800696527,0.640265038021435,0.588790514935497,"rock2a/zdhhc13/churc1/etv5a",4
"GO:0007006","mitochondrial membrane organization","4/890","49/18773",0.0816326530612245,1.72189864709929,1.12876891129287,0.201697800696527,0.640265038021435,0.588790514935497,"slc25a5/romo1/apoob/bnip3lb",4
"GO:0043648","dicarboxylic acid metabolic process","4/890","49/18773",0.0816326530612245,1.72189864709929,1.12876891129287,0.201697800696527,0.640265038021435,0.588790514935497,"dhfr/gclc/dldh/pnpo",4
"GO:0032984","protein-containing complex disassembly","9/890","137/18773",0.0656934306569343,1.38568850980071,1.01076622475246,0.202741864547301,0.640265038021435,0.588790514935497,"zgc:92606/add3a/snx14/scaf4a/pcf11/gabarapa/capgb/napab/map1lc3b",9
"GO:0060042","retina morphogenesis in camera-type eye","9/890","137/18773",0.0656934306569343,1.38568850980071,1.01076622475246,0.202741864547301,0.640265038021435,0.588790514935497,"mcrs1/marcksb/pbx2/adipor1b/cyfip2/foxc1b/sox11b/rnf2/gdf6a",9
"GO:0062012","regulation of small molecule metabolic process","5/890","66/18773",0.0757575757575758,1.59797412325502,1.08563134287508,0.20278616564873,0.640265038021435,0.588790514935497,"fgfr4/rcor1/dcaf5/akr1a1b/antkmt",5
"GO:0140014","mitotic nuclear division","8/890","119/18773",0.0672268907563025,1.41803417996412,1.02053845721551,0.203452980433397,0.640265038021435,0.588790514935497,"anapc11/chmp2a/ranbp1/tprb/clasp1a/aurkb/chmp4ba/ccnb1",8
"GO:0001966","thigmotaxis","3/890","33/18773",0.0909090909090909,1.91756894790603,1.17690381965449,0.204589577776243,0.640265038021435,0.588790514935497,"rnf121/ascc1/reep1",3
"GO:0006360","transcription by RNA polymerase I","3/890","33/18773",0.0909090909090909,1.91756894790603,1.17690381965449,0.204589577776243,0.640265038021435,0.588790514935497,"cavin1b/macroh2a2/spty2d1",3
"GO:0032924","activin receptor signaling pathway","3/890","33/18773",0.0909090909090909,1.91756894790603,1.17690381965449,0.204589577776243,0.640265038021435,0.588790514935497,"smad2/fscn1a/ldb2a",3
"GO:0034599","cellular response to oxidative stress","3/890","33/18773",0.0909090909090909,1.91756894790603,1.17690381965449,0.204589577776243,0.640265038021435,0.588790514935497,"romo1/reep1/keap1b",3
"GO:0060536","cartilage morphogenesis","3/890","33/18773",0.0909090909090909,1.91756894790603,1.17690381965449,0.204589577776243,0.640265038021435,0.588790514935497,"cyp26b1/rap1aa/gpc4",3
"GO:0006457","protein folding","10/890","156/18773",0.0641025641025641,1.35213195044656,0.985242119626676,0.206577338095789,0.640265038021435,0.588790514935497,"hsp90ab1/ppiaa/pfdn2/pfdn6/hspb1/ptges3a/tor1/fkbp4/pfdn5/vbp1",10
"GO:0044772","mitotic cell cycle phase transition","9/890","138/18773",0.0652173913043478,1.37564728871519,0.988064261567342,0.208497658766515,0.640265038021435,0.588790514935497,"cdk8/anapc11/ppp6c/chmp2a/babam2/aurkb/chmp4ba/nabp1a/ccnb1",9
"GO:0002042","cell migration involved in sprouting angiogenesis","2/890","18/18773",0.111111111111111,2.34369538077403,1.27235596538419,0.2090714616613,0.640265038021435,0.588790514935497,"nrp1a/sirt1",2
"GO:0003181","atrioventricular valve morphogenesis","2/890","18/18773",0.111111111111111,2.34369538077403,1.27235596538419,0.2090714616613,0.640265038021435,0.588790514935497,"tmsb4x/jupa",2
"GO:0006760","folic acid-containing compound metabolic process","2/890","18/18773",0.111111111111111,2.34369538077403,1.27235596538419,0.2090714616613,0.640265038021435,0.588790514935497,"dhfr/gch2",2
"GO:0008053","mitochondrial fusion","2/890","18/18773",0.111111111111111,2.34369538077403,1.27235596538419,0.2090714616613,0.640265038021435,0.588790514935497,"mief1/nme3",2
"GO:0008608","attachment of spindle microtubules to kinetochore","2/890","18/18773",0.111111111111111,2.34369538077403,1.27235596538419,0.2090714616613,0.640265038021435,0.588790514935497,"rcc2/aurkb",2
"GO:0009208","pyrimidine ribonucleoside triphosphate metabolic process","2/890","18/18773",0.111111111111111,2.34369538077403,1.27235596538419,0.2090714616613,0.640265038021435,0.588790514935497,"nme2b.1/nme3",2
"GO:0010171","body morphogenesis","2/890","18/18773",0.111111111111111,2.34369538077403,1.27235596538419,0.2090714616613,0.640265038021435,0.588790514935497,"cyp26b1/tcf7l1a",2
"GO:0010563","negative regulation of phosphorus metabolic process","2/890","18/18773",0.111111111111111,2.34369538077403,1.27235596538419,0.2090714616613,0.640265038021435,0.588790514935497,"smo/aida",2
"GO:0010669","epithelial structure maintenance","2/890","18/18773",0.111111111111111,2.34369538077403,1.27235596538419,0.2090714616613,0.640265038021435,0.588790514935497,"chd8/sulf2b",2
"GO:0035904","aorta development","2/890","18/18773",0.111111111111111,2.34369538077403,1.27235596538419,0.2090714616613,0.640265038021435,0.588790514935497,"smo/notch1b",2
"GO:0038084","vascular endothelial growth factor signaling pathway","2/890","18/18773",0.111111111111111,2.34369538077403,1.27235596538419,0.2090714616613,0.640265038021435,0.588790514935497,"nrp1a/gdf6a",2
"GO:0039020","pronephric nephron tubule development","2/890","18/18773",0.111111111111111,2.34369538077403,1.27235596538419,0.2090714616613,0.640265038021435,0.588790514935497,"etv5a/ocrl",2
"GO:0039022","pronephric duct development","2/890","18/18773",0.111111111111111,2.34369538077403,1.27235596538419,0.2090714616613,0.640265038021435,0.588790514935497,"yap1/vhl",2
"GO:0042541","hemoglobin biosynthetic process","2/890","18/18773",0.111111111111111,2.34369538077403,1.27235596538419,0.2090714616613,0.640265038021435,0.588790514935497,"alas1/sfxn1",2
"GO:0045936","negative regulation of phosphate metabolic process","2/890","18/18773",0.111111111111111,2.34369538077403,1.27235596538419,0.2090714616613,0.640265038021435,0.588790514935497,"smo/aida",2
"GO:0046036","CTP metabolic process","2/890","18/18773",0.111111111111111,2.34369538077403,1.27235596538419,0.2090714616613,0.640265038021435,0.588790514935497,"nme2b.1/nme3",2
"GO:0050708","regulation of protein secretion","2/890","18/18773",0.111111111111111,2.34369538077403,1.27235596538419,0.2090714616613,0.640265038021435,0.588790514935497,"marcksb/uqcc2",2
"GO:0060221","retinal rod cell differentiation","2/890","18/18773",0.111111111111111,2.34369538077403,1.27235596538419,0.2090714616613,0.640265038021435,0.588790514935497,"adipor1b/sox11b",2
"GO:0060541","respiratory system development","2/890","18/18773",0.111111111111111,2.34369538077403,1.27235596538419,0.2090714616613,0.640265038021435,0.588790514935497,"marcksb/axin1",2
"GO:0099175","regulation of postsynapse organization","2/890","18/18773",0.111111111111111,2.34369538077403,1.27235596538419,0.2090714616613,0.640265038021435,0.588790514935497,"si:dkey-40c11.2/dbnlb",2
"GO:1901989","positive regulation of cell cycle phase transition","2/890","18/18773",0.111111111111111,2.34369538077403,1.27235596538419,0.2090714616613,0.640265038021435,0.588790514935497,"anapc11/pagr1",2
"GO:0072659","protein localization to plasma membrane","7/890","102/18773",0.0686274509803922,1.44757655871337,1.01114564809471,0.209671346588114,0.64130151269407,0.589743661554441,"ehd2b/rnf121/flot2b/camk2g2/rab34a/erbin/fcho2",7
"GO:0007229","integrin-mediated signaling pathway","5/890","67/18773",0.0746268656716418,1.57412376320644,1.05022547111493,0.211289884715571,0.644201769943004,0.592410750740385,"thy1/itga6b/fermt2/phactr4b/adam15",5
"GO:0030177","positive regulation of Wnt signaling pathway","5/890","67/18773",0.0746268656716418,1.57412376320644,1.05022547111493,0.211289884715571,0.644201769943004,0.592410750740385,"nlk1/sulf2b/adgra2/fam53b/xiap",5
"GO:0021903","rostrocaudal neural tube patterning","4/890","50/18773",0.08,1.6874606741573,1.08586348966447,0.211670047523058,0.644201769943004,0.592410750740385,"tcf7l1a/myh10/myh9b/ptk2ab",4
"GO:0030166","proteoglycan biosynthetic process","4/890","50/18773",0.08,1.6874606741573,1.08586348966447,0.211670047523058,0.644201769943004,0.592410750740385,"hs6st2/chst10/gpc4/chpf2",4
"GO:0015748","organophosphate ester transport","8/890","121/18773",0.0661157024793388,1.39459559847711,0.971431777863512,0.21595121510133,0.655064466130013,0.602400133420567,"slc25a5/slc25a36a/prelid1a/si:ch211-71m22.1/tmem30ab/slc25a25a/cptp/slc25a24",8
"GO:0006935","chemotaxis","13/890","214/18773",0.0607476635514019,1.28136616612412,0.923488648693865,0.216895132629019,0.655064466130013,0.602400133420567,"cxcl12a/lgals3b/ccl19b/rbpms2a/maco1a/myd88/nrp1a/rhogb/cxcl20/sema3fb/rbpms2b/sema4c/reep1",13
"GO:0042330","taxis","13/890","214/18773",0.0607476635514019,1.28136616612412,0.923488648693865,0.216895132629019,0.655064466130013,0.602400133420567,"cxcl12a/lgals3b/ccl19b/rbpms2a/maco1a/myd88/nrp1a/rhogb/cxcl20/sema3fb/rbpms2b/sema4c/reep1",13
"GO:1901293","nucleoside phosphate biosynthetic process","13/890","214/18773",0.0607476635514019,1.28136616612412,0.923488648693865,0.216895132629019,0.655064466130013,0.602400133420567,"nme2b.1/uap1l1/gmppaa/rrm1/ak1/si:ch211-140m22.7/nme3/antkmt/pank4/npr1a/tyms/adcy7/rrm2b",13
"GO:0010565","regulation of cellular ketone metabolic process","3/890","34/18773",0.0882352941176471,1.86116986120291,1.12120535397015,0.217078702405671,0.655064466130013,0.602400133420567,"fgfr4/rcor1/dcaf5",3
"GO:0048854","brain morphogenesis","3/890","34/18773",0.0882352941176471,1.86116986120291,1.12120535397015,0.217078702405671,0.655064466130013,0.602400133420567,"crppa/pafah1b1a/lamc1",3
"GO:0051094","positive regulation of developmental process","16/890","271/18773",0.0590405904059041,1.2453584311124,0.907624856149014,0.217108606181696,0.655064466130013,0.602400133420567,"cxcl12a/rack1/sox6/si:dkey-40c11.2/myd88/smad2/dbnlb/mief1/fxr2/nlk1/hapln1b/carm1/znf16l/sirt1/kdr/kmt5b",16
"GO:0030900","forebrain development","10/890","158/18773",0.0632911392405063,1.33501635613711,0.943394025758429,0.21749637489935,0.655428264899391,0.602734684351877,"cxcl12a/nrp1a/tacc1/arl13b/tcf7l1a/axin1/chd8/eya1/smo/otpa",10
"GO:1902115","regulation of organelle assembly","5/890","68/18773",0.0735294117647059,1.55097488433576,1.01540077445209,0.21990565869849,0.661875559248339,0.608663644289137,"man1a2/pan3/tprb/rnf2/snx30",5
"GO:1902533","positive regulation of intracellular signal transduction","17/890","291/18773",0.0584192439862543,1.23225221051006,0.890762561627705,0.220630612024497,0.66262909297071,0.609356597179064,"kdrl/tnfrsf19/otud5a/fgfr4/pagr1/myd88/map3k7/nck1b/ikbkg/axin1/pim1/tnfsf10/vav2/flcn/vhl/taok1b/sh3rf1",17
"GO:0009201","ribonucleoside triphosphate biosynthetic process","4/890","51/18773",0.0784313725490196,1.65437320995814,1.0439136260956,0.221776797932716,0.66262909297071,0.609356597179064,"nme2b.1/si:ch211-140m22.7/nme3/antkmt",4
"GO:0046839","phospholipid dephosphorylation","4/890","51/18773",0.0784313725490196,1.65437320995814,1.0439136260956,0.221776797932716,0.66262909297071,0.609356597179064,"ptenb/inpp5l/ptena/ocrl",4
"GO:0048663","neuron fate commitment","4/890","51/18773",0.0784313725490196,1.65437320995814,1.0439136260956,0.221776797932716,0.66262909297071,0.609356597179064,"axin1/smo/isl2a/gdf6a",4
"GO:0048821","erythrocyte development","4/890","51/18773",0.0784313725490196,1.65437320995814,1.0439136260956,0.221776797932716,0.66262909297071,0.609356597179064,"alas1/lmo2/adnpa/sfxn1",4
"GO:0071621","granulocyte chemotaxis","4/890","51/18773",0.0784313725490196,1.65437320995814,1.0439136260956,0.221776797932716,0.66262909297071,0.609356597179064,"cxcl12a/lgals3b/myd88/cxcl20",4
"GO:0031589","cell-substrate adhesion","8/890","122/18773",0.0655737704918033,1.38316448701418,0.947205459335646,0.222307258033548,0.66340596588357,0.610071012890119,"thy1/itga6b/fermt2/limch1b/myo18ab/parvaa/limch1a/triobpb",8
"GO:0030903","notochord development","6/890","86/18773",0.0697674418604651,1.47162268095114,0.977921970579676,0.223034222680301,0.663877694465669,0.61050481654684,"cavin1b/fstl1a/cfap20/lamc1/gpc4/bmpr2b",6
"GO:0006914","autophagy","14/890","235/18773",0.0595744680851064,1.2566196509682,0.883125632005227,0.226426514495912,0.663877694465669,0.61050481654684,"dram2b/fundc2/zgc:92606/sqstm1/snx14/nrbf2b/gabarapa/tollip/cptp/map1lc3b/nbr1a/atg13/snx30/keap1b",14
"GO:0061919","process utilizing autophagic mechanism","14/890","235/18773",0.0595744680851064,1.2566196509682,0.883125632005227,0.226426514495912,0.663877694465669,0.61050481654684,"dram2b/fundc2/zgc:92606/sqstm1/snx14/nrbf2b/gabarapa/tollip/cptp/map1lc3b/nbr1a/atg13/snx30/keap1b",14
"GO:0000096","sulfur amino acid metabolic process","2/890","19/18773",0.105263157894737,2.22034299231224,1.18724908640493,0.226795559707391,0.663877694465669,0.61050481654684,"bhmt/gclc",2
"GO:0008625","extrinsic apoptotic signaling pathway via death domain receptors","2/890","19/18773",0.105263157894737,2.22034299231224,1.18724908640493,0.226795559707391,0.663877694465669,0.61050481654684,"dedd1/casp8ap2",2
"GO:0009950","dorsal/ventral axis specification","2/890","19/18773",0.105263157894737,2.22034299231224,1.18724908640493,0.226795559707391,0.663877694465669,0.61050481654684,"yap1/axin1",2
"GO:0010811","positive regulation of cell-substrate adhesion","2/890","19/18773",0.105263157894737,2.22034299231224,1.18724908640493,0.226795559707391,0.663877694465669,0.61050481654684,"thy1/triobpb",2
"GO:0020027","hemoglobin metabolic process","2/890","19/18773",0.105263157894737,2.22034299231224,1.18724908640493,0.226795559707391,0.663877694465669,0.61050481654684,"alas1/sfxn1",2
"GO:0021983","pituitary gland development","2/890","19/18773",0.105263157894737,2.22034299231224,1.18724908640493,0.226795559707391,0.663877694465669,0.61050481654684,"eya1/smo",2
"GO:0035469","determination of pancreatic left/right asymmetry","2/890","19/18773",0.105263157894737,2.22034299231224,1.18724908640493,0.226795559707391,0.663877694465669,0.61050481654684,"man1a2/foxc1b",2
"GO:0045292","mRNA cis splicing, via spliceosome","2/890","19/18773",0.105263157894737,2.22034299231224,1.18724908640493,0.226795559707391,0.663877694465669,0.61050481654684,"sart1/rbm22",2
"GO:0048009","insulin-like growth factor receptor signaling pathway","2/890","19/18773",0.105263157894737,2.22034299231224,1.18724908640493,0.226795559707391,0.663877694465669,0.61050481654684,"igfbp1a/gigyf2",2
"GO:0055003","cardiac myofibril assembly","2/890","19/18773",0.105263157894737,2.22034299231224,1.18724908640493,0.226795559707391,0.663877694465669,0.61050481654684,"tpm4a/rnf2",2
"GO:0060996","dendritic spine development","2/890","19/18773",0.105263157894737,2.22034299231224,1.18724908640493,0.226795559707391,0.663877694465669,0.61050481654684,"si:dkey-40c11.2/dbnlb",2
"GO:0072176","nephric duct development","2/890","19/18773",0.105263157894737,2.22034299231224,1.18724908640493,0.226795559707391,0.663877694465669,0.61050481654684,"yap1/vhl",2
"GO:1901222","regulation of non-canonical NF-kappaB signal transduction","2/890","19/18773",0.105263157894737,2.22034299231224,1.18724908640493,0.226795559707391,0.663877694465669,0.61050481654684,"uacaa/myd88",2
"GO:0008088","axo-dendritic transport","3/890","35/18773",0.0857142857142857,1.80799357945425,1.06735871988785,0.229720283796878,0.67083792399255,0.616905473905651,"kif3a/actr10/pafah1b1a",3
"GO:0044743","protein transmembrane import into intracellular organelle","3/890","35/18773",0.0857142857142857,1.80799357945425,1.06735871988785,0.229720283796878,0.67083792399255,0.616905473905651,"romo1/tomm7/pex14",3
"GO:0009152","purine ribonucleotide biosynthetic process","7/890","105/18773",0.0666666666666667,1.40621722846442,0.931181158697462,0.230462075875039,0.672203890750857,0.618161622880291,"nme2b.1/ak1/si:ch211-140m22.7/nme3/antkmt/npr1a/adcy7",7
"GO:0048675","axon extension","6/890","87/18773",0.0689655172413793,1.45470747772181,0.948339059128432,0.23077933554948,0.672329821974909,0.618277429781891,"cxcl12a/si:dkey-40c11.2/nrp1a/dbnlb/fam53b/isl2a",6
"GO:0022411","cellular component disassembly","10/890","161/18773",0.062111801242236,1.31014027496685,0.881667173878145,0.234293840174539,0.681758944185224,0.626948491595226,"rack1/zgc:92606/add3a/snx14/scaf4a/pcf11/gabarapa/capgb/napab/map1lc3b",10
"GO:0035148","tube formation","5/890","70/18773",0.0714285714285714,1.50666131621188,0.947417097434973,0.23744657880017,0.690114286489121,0.634632100734304,"pard6gb/adgrg6/smad5/phactr4b/smo",5
"GO:0048884","neuromast development","6/890","88/18773",0.0681818181818182,1.43817671092952,0.919124121558158,0.238607962589189,0.692311230210007,0.636652419739544,"tnfrsf19/wnk1b/smad5/lrp5/gpc4/ocrl",6
"GO:0030258","lipid modification","8/890","125/18773",0.064,1.34996853932584,0.875785940549649,0.241773456319859,0.692311230210007,0.636652419739544,"ptenb/acads/inpp5l/ptena/mboat2a/hadh/eci1/ocrl",8
"GO:0035270","endocrine system development","8/890","125/18773",0.064,1.34996853932584,0.875785940549649,0.241773456319859,0.692311230210007,0.636652419739544,"kdrl/zgc:153115/fscn1a/eya1/fhl1b/smo/bhmt/fzd2",8
"GO:0048736","appendage development","8/890","125/18773",0.064,1.34996853932584,0.875785940549649,0.241773456319859,0.692311230210007,0.636652419739544,"sufu/etv5a/ep300a/arl6/vav2/smo/rnf2/zmat2",8
"GO:0009266","response to temperature stimulus","4/890","53/18773",0.0754716981132075,1.59194403222387,0.962710585045775,0.242349809133699,0.692311230210007,0.636652419739544,"cirbpb/hsp90ab1/hspb1/gclc",4
"GO:0051225","spindle assembly","4/890","53/18773",0.0754716981132075,1.59194403222387,0.962710585045775,0.242349809133699,0.692311230210007,0.636652419739544,"tprb/clasp1a/aurkb/mapre1b",4
"GO:0000245","spliceosomal complex assembly","3/890","36/18773",0.0833333333333333,1.75777153558052,1.01524205032136,0.242493340055115,0.692311230210007,0.636652419739544,"luc7l3/trnau1apb/scaf11",3
"GO:0051054","positive regulation of DNA metabolic process","3/890","36/18773",0.0833333333333333,1.75777153558052,1.01524205032136,0.242493340055115,0.692311230210007,0.636652419739544,"eya1/babam2/kmt5b",3
"GO:0051298","centrosome duplication","3/890","36/18773",0.0833333333333333,1.75777153558052,1.01524205032136,0.242493340055115,0.692311230210007,0.636652419739544,"rock2a/npm1b/chordc1a",3
"GO:0072384","organelle transport along microtubule","3/890","36/18773",0.0833333333333333,1.75777153558052,1.01524205032136,0.242493340055115,0.692311230210007,0.636652419739544,"actr10/kif13ba/pafah1b1a",3
"GO:0001556","oocyte maturation","2/890","20/18773",0.1,2.10932584269663,1.1073090240031,0.244618471495507,0.692311230210007,0.636652419739544,"ybx1/ccnb1",2
"GO:0006513","protein monoubiquitination","2/890","20/18773",0.1,2.10932584269663,1.1073090240031,0.244618471495507,0.692311230210007,0.636652419739544,"trim33l/kbtbd8",2
"GO:0006536","glutamate metabolic process","2/890","20/18773",0.1,2.10932584269663,1.1073090240031,0.244618471495507,0.692311230210007,0.636652419739544,"gclc/pnpo",2
"GO:0009411","response to UV","2/890","20/18773",0.1,2.10932584269663,1.1073090240031,0.244618471495507,0.692311230210007,0.636652419739544,"aurkb/ercc8",2
"GO:0014044","Schwann cell development","2/890","20/18773",0.1,2.10932584269663,1.1073090240031,0.244618471495507,0.692311230210007,0.636652419739544,"dock1/adgrg6",2
"GO:0016925","protein sumoylation","2/890","20/18773",0.1,2.10932584269663,1.1073090240031,0.244618471495507,0.692311230210007,0.636652419739544,"ube2ia/pias2",2
"GO:0030150","protein import into mitochondrial matrix","2/890","20/18773",0.1,2.10932584269663,1.1073090240031,0.244618471495507,0.692311230210007,0.636652419739544,"romo1/tomm7",2
"GO:0031124","mRNA 3'-end processing","2/890","20/18773",0.1,2.10932584269663,1.1073090240031,0.244618471495507,0.692311230210007,0.636652419739544,"cstf3/pcf11",2
"GO:0036302","atrioventricular canal development","2/890","20/18773",0.1,2.10932584269663,1.1073090240031,0.244618471495507,0.692311230210007,0.636652419739544,"tmsb4x/med10",2
"GO:0043647","inositol phosphate metabolic process","2/890","20/18773",0.1,2.10932584269663,1.1073090240031,0.244618471495507,0.692311230210007,0.636652419739544,"nudt3b/itpkb",2
"GO:0060841","venous blood vessel development","2/890","20/18773",0.1,2.10932584269663,1.1073090240031,0.244618471495507,0.692311230210007,0.636652419739544,"ephb4a/isl2a",2
"GO:0106027","neuron projection organization","2/890","20/18773",0.1,2.10932584269663,1.1073090240031,0.244618471495507,0.692311230210007,0.636652419739544,"si:dkey-40c11.2/dbnlb",2
"GO:0032886","regulation of microtubule-based process","7/890","107/18773",0.0654205607476635,1.37993279428751,0.879231274488138,0.244693777656778,0.692311230210007,0.636652419739544,"dync1li2/rock2a/tprb/clasp1a/cfap20/npm1b/mapre1b",7
"GO:0033993","response to lipid","11/890","182/18773",0.0604395604395604,1.2748672675639,0.83126105018937,0.246347797137595,0.695060381144765,0.639180550901466,"cnn2/otud5a/cnot9/pagr1/rbp4/myd88/cxcl20/carm1/vhl/casp3a/keap1b",11
"GO:0044770","cell cycle phase transition","11/890","182/18773",0.0604395604395604,1.2748672675639,0.83126105018937,0.246347797137595,0.695060381144765,0.639180550901466,"cdk8/anapc11/ppp6c/chmp2a/pagr1/id2a/babam2/aurkb/chmp4ba/nabp1a/ccnb1",11
"GO:0042461","photoreceptor cell development","6/890","89/18773",0.0674157303370786,1.42201742204267,0.89026754648278,0.246515504115754,0.695060381144765,0.639180550901466,"kif3a/med29/adipor1b/arl13b/sox11b/gdf6a",6
"GO:0008544","epidermis development","8/890","126/18773",0.0634920634920635,1.33925450329945,0.852386369314276,0.248386422307069,0.69953145111279,0.643292166298929,"krt8/krt4/ybx1/cops5/dspb/lrp5/krt5/casp3a",8
"GO:0006790","sulfur compound metabolic process","13/890","221/18773",0.0588235294117647,1.24077990746861,0.803250676641821,0.250853030871257,0.70566798707247,0.648935351469223,"sumf1/sult1st1/hs6st2/ahcy/hmgcrb/chac1/ahcyl2b/thtpa/pank4/bhmt/gclc/chpf2/tpst1l",13
"GO:0045597","positive regulation of cell differentiation","11/890","183/18773",0.0601092896174863,1.267900779763,0.812437414667081,0.251834308863785,0.707616906807405,0.65072758653776,"cxcl12a/sox6/si:dkey-40c11.2/myd88/smad2/dbnlb/fxr2/nlk1/hapln1b/carm1/znf16l",11
"GO:0032456","endocytic recycling","4/890","54/18773",0.0740740740740741,1.56246358718269,0.923379137185972,0.252794265007807,0.709501524100859,0.652460688801314,"ehd2b/rab35b/snx30/erbin",4
"GO:0007160","cell-matrix adhesion","6/890","90/18773",0.0666666666666667,1.40621722846442,0.861760084610195,0.254497331759463,0.711864819691131,0.654633985709483,"thy1/itga6b/fermt2/limch1b/myo18ab/limch1a",6
"GO:0051235","maintenance of location","6/890","90/18773",0.0666666666666667,1.40621722846442,0.861760084610195,0.254497331759463,0.711864819691131,0.654633985709483,"tmsb4x/plcg1/akap9/plcd1a/aup1/ryk",6
"GO:0008637","apoptotic mitochondrial changes","3/890","37/18773",0.0810810810810811,1.71026419678105,0.964744772829332,0.25537751379054,0.711864819691131,0.654633985709483,"slc25a5/bnip3lb/fam162a",3
"GO:0048167","regulation of synaptic plasticity","3/890","37/18773",0.0810810810810811,1.71026419678105,0.964744772829332,0.25537751379054,0.711864819691131,0.654633985709483,"fxr2/rab5aa/camk2g2",3
"GO:0051209","release of sequestered calcium ion into cytosol","3/890","37/18773",0.0810810810810811,1.71026419678105,0.964744772829332,0.25537751379054,0.711864819691131,0.654633985709483,"plcg1/plcd1a/ryk",3
"GO:2001236","regulation of extrinsic apoptotic signaling pathway","3/890","37/18773",0.0810810810810811,1.71026419678105,0.964744772829332,0.25537751379054,0.711864819691131,0.654633985709483,"lgals3b/tnfsf10/eya1",3
"GO:0051640","organelle localization","16/890","280/18773",0.0571428571428571,1.2053290529695,0.772246276096001,0.255997740625684,0.712783720493533,0.655479010885764,"dync1li2/arfgap2/stx6/tacc1/actr10/kif13ba/rcc2/pafah1b1a/arl6/clasp1a/npm1b/aurkb/akap9/ocrl/syne3/ccnb1",16
"GO:0050778","positive regulation of immune response","10/890","165/18773",0.0606060606060606,1.27837929860402,0.801233589322414,0.257405001242671,0.715889419555863,0.658335025257242,"myd88/akirin2/b2ml/zdhhc5a/usp4/gpatch3/cptp/kmt5b/si:dkey-52l18.4/trim33l",10
"GO:0021700","developmental maturation","7/890","109/18773",0.0642201834862385,1.35461292650242,0.828315019923034,0.259191186147189,0.718785936236902,0.660998674600675,"lyz/ybx1/hmgcrb/adnpa/sfxn1/gdf6a/ccnb1",7
"GO:0000466","maturation of 5.8S rRNA from tricistronic rRNA transcript (SSU-rRNA, 5.8S rRNA, LSU-rRNA)","2/890","21/18773",0.0952380952380952,2.00888175494917,1.03194418027524,0.26249105435774,0.718785936236902,0.660998674600675,"eri1/kri1",2
"GO:0006376","mRNA splice site recognition","2/890","21/18773",0.0952380952380952,2.00888175494917,1.03194418027524,0.26249105435774,0.718785936236902,0.660998674600675,"luc7l3/trnau1apb",2
"GO:0014037","Schwann cell differentiation","2/890","21/18773",0.0952380952380952,2.00888175494917,1.03194418027524,0.26249105435774,0.718785936236902,0.660998674600675,"dock1/adgrg6",2
"GO:0021695","cerebellar cortex development","2/890","21/18773",0.0952380952380952,2.00888175494917,1.03194418027524,0.26249105435774,0.718785936236902,0.660998674600675,"snx14/rbm7",2
"GO:0034243","regulation of transcription elongation by RNA polymerase II","2/890","21/18773",0.0952380952380952,2.00888175494917,1.03194418027524,0.26249105435774,0.718785936236902,0.660998674600675,"zmynd11/cdk12",2
"GO:0044804","nucleophagy","2/890","21/18773",0.0952380952380952,2.00888175494917,1.03194418027524,0.26249105435774,0.718785936236902,0.660998674600675,"atg13/snx30",2
"GO:0044818","mitotic G2/M transition checkpoint","2/890","21/18773",0.0952380952380952,2.00888175494917,1.03194418027524,0.26249105435774,0.718785936236902,0.660998674600675,"babam2/nabp1a",2
"GO:0045619","regulation of lymphocyte differentiation","2/890","21/18773",0.0952380952380952,2.00888175494917,1.03194418027524,0.26249105435774,0.718785936236902,0.660998674600675,"fam49a/sh3rf1",2
"GO:0045879","negative regulation of smoothened signaling pathway","2/890","21/18773",0.0952380952380952,2.00888175494917,1.03194418027524,0.26249105435774,0.718785936236902,0.660998674600675,"sufu/sox11b",2
"GO:0050773","regulation of dendrite development","2/890","21/18773",0.0952380952380952,2.00888175494917,1.03194418027524,0.26249105435774,0.718785936236902,0.660998674600675,"si:dkey-40c11.2/dbnlb",2
"GO:0060038","cardiac muscle cell proliferation","2/890","21/18773",0.0952380952380952,2.00888175494917,1.03194418027524,0.26249105435774,0.718785936236902,0.660998674600675,"larp7/npr1a",2
"GO:0002757","immune response-activating signaling pathway","6/890","91/18773",0.0659340659340659,1.39076429188789,0.833592831138093,0.262548796929582,0.718785936236902,0.660998674600675,"myd88/zdhhc5a/usp4/gpatch3/cptp/si:dkey-52l18.4",6
"GO:0071407","cellular response to organic cyclic compound","6/890","91/18773",0.0659340659340659,1.39076429188789,0.833592831138093,0.262548796929582,0.718785936236902,0.660998674600675,"cnot9/pagr1/rap1aa/gna11b/carm1/vhl",6
"GO:0008045","motor neuron axon guidance","4/890","55/18773",0.0727272727272727,1.53405515832482,0.884846271591195,0.263329668384852,0.719318125331896,0.661488078008133,"plod3/pin1/nrp1a/reep1",4
"GO:0045446","endothelial cell differentiation","4/890","55/18773",0.0727272727272727,1.53405515832482,0.884846271591195,0.263329668384852,0.719318125331896,0.661488078008133,"tnfrsf19/tcf7l1a/smo/kdr",4
"GO:0000045","autophagosome assembly","5/890","73/18773",0.0684931506849315,1.4447437278744,0.849337983331046,0.264430341689704,0.720626686232117,0.662691436305888,"zgc:92606/gabarapa/map1lc3b/atg13/snx30",5
"GO:0001558","regulation of cell growth","5/890","73/18773",0.0684931506849315,1.4447437278744,0.849337983331046,0.264430341689704,0.720626686232117,0.662691436305888,"cxcl12a/pard6gb/si:dkey-40c11.2/dbnlb/casp3a",5
"GO:0007411","axon guidance","16/890","282/18773",0.0567375886524823,1.19678061996972,0.742774126326435,0.26498380390598,0.720626686232117,0.662691436305888,"cxcl12a/rbpms2a/plod3/pin1/nrp1a/cyfip2/sema3fb/npr1a/rbpms2b/smo/sema4c/reep1/lamc1/efna1a/isl2a/gdf6a",16
"GO:0097485","neuron projection guidance","16/890","282/18773",0.0567375886524823,1.19678061996972,0.742774126326435,0.26498380390598,0.720626686232117,0.662691436305888,"cxcl12a/rbpms2a/plod3/pin1/nrp1a/cyfip2/sema3fb/npr1a/rbpms2b/smo/sema4c/reep1/lamc1/efna1a/isl2a/gdf6a",16
"GO:0031329","regulation of cellular catabolic process","7/890","110/18773",0.0636363636363636,1.34229826353422,0.803230883498227,0.266531000971861,0.722958669200043,0.664835937990298,"dram2b/timp2a/sqstm1/cptp/atg13/snx30/keap1b",7
"GO:0051208","sequestering of calcium ion","3/890","38/18773",0.0789473684210526,1.66525724423418,0.91576628378834,0.268353108259757,0.722958669200043,0.664835937990298,"plcg1/plcd1a/ryk",3
"GO:0051282","regulation of sequestering of calcium ion","3/890","38/18773",0.0789473684210526,1.66525724423418,0.91576628378834,0.268353108259757,0.722958669200043,0.664835937990298,"plcg1/plcd1a/ryk",3
"GO:0051283","negative regulation of sequestering of calcium ion","3/890","38/18773",0.0789473684210526,1.66525724423418,0.91576628378834,0.268353108259757,0.722958669200043,0.664835937990298,"plcg1/plcd1a/ryk",3
"GO:0051983","regulation of chromosome segregation","3/890","38/18773",0.0789473684210526,1.66525724423418,0.91576628378834,0.268353108259757,0.722958669200043,0.664835937990298,"anapc11/rcc2/aurkb",3
"GO:0062197","cellular response to chemical stress","3/890","38/18773",0.0789473684210526,1.66525724423418,0.91576628378834,0.268353108259757,0.722958669200043,0.664835937990298,"romo1/reep1/keap1b",3
"GO:0070972","protein localization to endoplasmic reticulum","3/890","38/18773",0.0789473684210526,1.66525724423418,0.91576628378834,0.268353108259757,0.722958669200043,0.664835937990298,"sec62/srp19/zfand2a",3
"GO:0098754","detoxification","3/890","38/18773",0.0789473684210526,1.66525724423418,0.91576628378834,0.268353108259757,0.722958669200043,0.664835937990298,"esd/adh8b/akr1a1b",3
"GO:0016236","macroautophagy","8/890","129/18773",0.062015503875969,1.30810904973434,0.783357219669088,0.268561623314179,0.722958669200043,0.664835937990298,"zgc:92606/sqstm1/snx14/gabarapa/map1lc3b/nbr1a/atg13/snx30",8
"GO:0009628","response to abiotic stimulus","21/890","381/18773",0.0551181102362205,1.16262054321861,0.715407525034768,0.268788547211757,0.722958669200043,0.664835937990298,"cirbpb/hsp90ab1/igfbp1a/dclk2a/hspb1/nrp1a/sf3b4/gna11b/pim1/col1a2/camk2g2/vhl/babam2/aurkb/otpa/nabp1a/fam162a/lamc1/gclc/ercc8/mdm2",21
"GO:0034330","cell junction organization","18/890","323/18773",0.0557275541795666,1.17547570181236,0.709659713838721,0.273169462704794,0.730421889072608,0.671699147459651,"marveld2a/thy1/si:dkey-40c11.2/ptk7a/limch1b/rock1/dbnlb/rock2a/ascc1/dspb/fbxo45/slc25a1a/ppfibp1a/limch1a/cldn11b/ppfibp1b/heg1/jupa",18
"GO:0009798","axis specification","5/890","74/18773",0.0675675675675676,1.42522016398421,0.817618307892816,0.273577297842718,0.730421889072608,0.671699147459651,"yap1/axin1/cfap20/mmp14b/rnf2",5
"GO:0061640","cytoskeleton-dependent cytokinesis","5/890","74/18773",0.0675675675675676,1.42522016398421,0.817618307892816,0.273577297842718,0.730421889072608,0.671699147459651,"rock1/rock2a/myh10/aurkb/chmp4ba",5
"GO:0072073","kidney epithelium development","5/890","74/18773",0.0675675675675676,1.42522016398421,0.817618307892816,0.273577297842718,0.730421889072608,0.671699147459651,"yap1/slc43a1a/etv5a/vhl/ocrl",5
"GO:1905037","autophagosome organization","5/890","74/18773",0.0675675675675676,1.42522016398421,0.817618307892816,0.273577297842718,0.730421889072608,0.671699147459651,"zgc:92606/gabarapa/map1lc3b/atg13/snx30",5
"GO:0048703","embryonic viscerocranium morphogenesis","7/890","111/18773",0.0630630630630631,1.33020548638526,0.778389142525643,0.273926964310519,0.730421889072608,0.671699147459651,"ece1/hmgcrb/fscn1a/dcaf7/lrp5/smo/eif3ea",7
"GO:0016358","dendrite development","4/890","56/18773",0.0714285714285714,1.50666131621188,0.84707863507339,0.273945429248593,0.730421889072608,0.671699147459651,"rbpms2a/si:dkey-40c11.2/dbnlb/rbpms2b",4
"GO:0042462","eye photoreceptor cell development","4/890","56/18773",0.0714285714285714,1.50666131621188,0.84707863507339,0.273945429248593,0.730421889072608,0.671699147459651,"med29/adipor1b/sox11b/gdf6a",4
"GO:0048872","homeostasis of number of cells","10/890","168/18773",0.0595238095238095,1.25555109684323,0.742245615421411,0.275215433542417,0.733011355569542,0.67408043211772,"arhgef12b/ncoa4/alas1/sema3fb/vhl/fam210b/lmo2/adnpa/casp3a/sfxn1",10
"GO:0002753","cytoplasmic pattern recognition receptor signaling pathway","2/890","22/18773",0.0909090909090909,1.91756894790603,0.960656043381321,0.280368593354299,0.735119210411671,0.676018824602403,"gpatch3/cptp",2
"GO:0003179","heart valve morphogenesis","2/890","22/18773",0.0909090909090909,1.91756894790603,0.960656043381321,0.280368593354299,0.735119210411671,0.676018824602403,"tmsb4x/jupa",2
"GO:0014029","neural crest formation","2/890","22/18773",0.0909090909090909,1.91756894790603,0.960656043381321,0.280368593354299,0.735119210411671,0.676018824602403,"rnf2/kbtbd8",2
"GO:0016226","iron-sulfur cluster assembly","2/890","22/18773",0.0909090909090909,1.91756894790603,0.960656043381321,0.280368593354299,0.735119210411671,0.676018824602403,"nfu1/ciao1",2
"GO:0018208","peptidyl-proline modification","2/890","22/18773",0.0909090909090909,1.91756894790603,0.960656043381321,0.280368593354299,0.735119210411671,0.676018824602403,"ppiaa/ntmt1",2
"GO:0031163","metallo-sulfur cluster assembly","2/890","22/18773",0.0909090909090909,1.91756894790603,0.960656043381321,0.280368593354299,0.735119210411671,0.676018824602403,"nfu1/ciao1",2
"GO:0031297","replication fork processing","2/890","22/18773",0.0909090909090909,1.91756894790603,0.960656043381321,0.280368593354299,0.735119210411671,0.676018824602403,"carm1/cenpx",2
"GO:0034764","positive regulation of transmembrane transport","2/890","22/18773",0.0909090909090909,1.91756894790603,0.960656043381321,0.280368593354299,0.735119210411671,0.676018824602403,"fxyd6l/wnk1b",2
"GO:0036342","post-anal tail morphogenesis","2/890","22/18773",0.0909090909090909,1.91756894790603,0.960656043381321,0.280368593354299,0.735119210411671,0.676018824602403,"smad5/gpc4",2
"GO:0042219","cellular modified amino acid catabolic process","2/890","22/18773",0.0909090909090909,1.91756894790603,0.960656043381321,0.280368593354299,0.735119210411671,0.676018824602403,"chac1/bhmt",2
"GO:0048752","semicircular canal morphogenesis","2/890","22/18773",0.0909090909090909,1.91756894790603,0.960656043381321,0.280368593354299,0.735119210411671,0.676018824602403,"adgrg6/smo",2
"GO:0061026","cardiac muscle tissue regeneration","2/890","22/18773",0.0909090909090909,1.91756894790603,0.960656043381321,0.280368593354299,0.735119210411671,0.676018824602403,"larp7/hapln1b",2
"GO:0065002","intracellular protein transmembrane transport","2/890","22/18773",0.0909090909090909,1.91756894790603,0.960656043381321,0.280368593354299,0.735119210411671,0.676018824602403,"sec62/pex14",2
"GO:2001237","negative regulation of extrinsic apoptotic signaling pathway","2/890","22/18773",0.0909090909090909,1.91756894790603,0.960656043381321,0.280368593354299,0.735119210411671,0.676018824602403,"lgals3b/eya1",2
"GO:0010389","regulation of G2/M transition of mitotic cell cycle","3/890","39/18773",0.0769230769230769,1.62255834053587,0.868214808904997,0.281401116419306,0.735119210411671,0.676018824602403,"babam2/aurkb/nabp1a",3
"GO:0030516","regulation of axon extension","3/890","39/18773",0.0769230769230769,1.62255834053587,0.868214808904997,0.281401116419306,0.735119210411671,0.676018824602403,"cxcl12a/si:dkey-40c11.2/dbnlb",3
"GO:0030901","midbrain development","3/890","39/18773",0.0769230769230769,1.62255834053587,0.868214808904997,0.281401116419306,0.735119210411671,0.676018824602403,"pbx2/tcf7l1a/chd8",3
"GO:0048599","oocyte development","3/890","39/18773",0.0769230769230769,1.62255834053587,0.868214808904997,0.281401116419306,0.735119210411671,0.676018824602403,"ybx1/smad2/ccnb1",3
"GO:0051093","negative regulation of developmental process","9/890","150/18773",0.06,1.26559550561798,0.728570558396503,0.282102125752975,0.736166504757499,0.676981921039895,"gpr182/ptenb/rbpms2a/id1/thbs1b/ptena/rbpms2b/lfng/gdf6a",9
"GO:0060271","cilium assembly","19/890","345/18773",0.0550724637681159,1.16165771047061,0.676078238618967,0.282925595827532,0.737530804000994,0.678236536560658,"yap1/ehd2b/mcrs1/kif3a/si:ch211-71m22.1/orc4/rab35b/arl13b/parvaa/man1a2/arl6/orc6/vgll4b/ttc9c/cfap20/chmp4ba/cep89/ocrl/fzd2",19
"GO:0044843","cell cycle G1/S phase transition","4/890","57/18773",0.0701754385964912,1.48022866154149,0.810044866182901,0.284631123506801,0.739618798688754,0.680156665560967,"cdk8/ppp6c/pagr1/ccnb1",4
"GO:0048332","mesoderm morphogenesis","4/890","57/18773",0.0701754385964912,1.48022866154149,0.810044866182901,0.284631123506801,0.739618798688754,0.680156665560967,"rock2a/zdhhc13/churc1/etv5a",4
"GO:1901264","carbohydrate derivative transport","4/890","57/18773",0.0701754385964912,1.48022866154149,0.810044866182901,0.284631123506801,0.739618798688754,0.680156665560967,"slc29a1a/slc25a5/slc25a25a/slc25a24",4
"GO:0006650","glycerophospholipid metabolic process","11/890","189/18773",0.0582010582010582,1.22764996135783,0.701712111418223,0.285599847192664,0.74135071445884,0.681749342839185,"gpat3/ptenb/plcg1/lpgat1/inpp5l/pla2g6/ptena/mboat2a/plcd1a/ocrl/si:ch211-160o17.2",11
"GO:0045596","negative regulation of cell differentiation","6/890","94/18773",0.0638297872340425,1.34637819746593,0.751048099360825,0.287074398772284,0.74439059216534,0.684544827605434,"gpr182/rbpms2a/id1/rbpms2b/lfng/gdf6a",6
"GO:0044782","cilium organization","20/890","366/18773",0.0546448087431694,1.15263707251182,0.657868591253643,0.287959027647948,0.745895981858941,0.685929190518038,"yap1/ehd2b/mcrs1/kif3a/si:ch211-71m22.1/orc4/rab35b/arl13b/parvaa/man1a2/grk4/arl6/orc6/vgll4b/ttc9c/cfap20/chmp4ba/cep89/ocrl/fzd2",20
"GO:0030031","cell projection assembly","23/890","426/18773",0.0539906103286385,1.13883789629161,0.6466367475647,0.28941656103858,0.748880616273878,0.688673873312988,"yap1/ehd2b/mcrs1/kif3a/si:ch211-71m22.1/nrp1a/orc4/rab35b/arl13b/parvaa/capgb/man1a2/cyfip2/arl6/orc6/vgll4b/ttc9c/cfap20/chmp4ba/fmnl3/cep89/ocrl/fzd2",23
"GO:0009994","oocyte differentiation","3/890","40/18773",0.075,1.58199438202247,0.822006419803135,0.294503243587017,0.759638755540435,0.698567104994165,"ybx1/smad2/ccnb1",3
"GO:0048546","digestive tract morphogenesis","3/890","40/18773",0.075,1.58199438202247,0.822006419803135,0.294503243587017,0.759638755540435,0.698567104994165,"pard6gb/chd8/smo",3
"GO:0060900","embryonic camera-type eye formation","3/890","40/18773",0.075,1.58199438202247,0.822006419803135,0.294503243587017,0.759638755540435,0.698567104994165,"tcf7l1a/phactr4b/sox11b",3
"GO:0007093","mitotic cell cycle checkpoint signaling","4/890","58/18773",0.0689655172413793,1.45470747772181,0.773715442832465,0.295376512608975,0.760292324690258,0.699168130028203,"id2a/babam2/aurkb/nabp1a",4
"GO:0017148","negative regulation of translation","4/890","58/18773",0.0689655172413793,1.45470747772181,0.773715442832465,0.295376512608975,0.760292324690258,0.699168130028203,"ybx1/rack1/cnot9/caprin1a",4
"GO:0007634","optokinetic behavior","2/890","23/18773",0.0869565217391304,1.83419638495359,0.893021003133415,0.29821049268183,0.76168713545946,0.70045080408077,"pim1/lamc1",2
"GO:0030537","larval behavior","2/890","23/18773",0.0869565217391304,1.83419638495359,0.893021003133415,0.29821049268183,0.76168713545946,0.70045080408077,"psd2/keap1b",2
"GO:0031398","positive regulation of protein ubiquitination","2/890","23/18773",0.0869565217391304,1.83419638495359,0.893021003133415,0.29821049268183,0.76168713545946,0.70045080408077,"fzr1a/xiap",2
"GO:0043525","positive regulation of neuron apoptotic process","2/890","23/18773",0.0869565217391304,1.83419638495359,0.893021003133415,0.29821049268183,0.76168713545946,0.70045080408077,"casp2/casp3a",2
"GO:0051923","sulfation","2/890","23/18773",0.0869565217391304,1.83419638495359,0.893021003133415,0.29821049268183,0.76168713545946,0.70045080408077,"sult1st1/tpst1l",2
"GO:0055017","cardiac muscle tissue growth","2/890","23/18773",0.0869565217391304,1.83419638495359,0.893021003133415,0.29821049268183,0.76168713545946,0.70045080408077,"larp7/npr1a",2
"GO:0071910","determination of liver left/right asymmetry","2/890","23/18773",0.0869565217391304,1.83419638495359,0.893021003133415,0.29821049268183,0.76168713545946,0.70045080408077,"man1a2/foxc1b",2
"GO:0006897","endocytosis","17/890","309/18773",0.0550161812297735,1.16047052834442,0.634514738466345,0.298402501906458,0.76168713545946,0.70045080408077,"lgals3b/ehd2b/rabep2/lmbr1l/fscn1a/sema3fb/rab5aa/lrp5/gapvd1/smap1/smap2/bmp2k/colec12/rab34a/trip10a/ocrl/fcho2",17
"GO:0000070","mitotic sister chromatid segregation","5/890","77/18773",0.0649350649350649,1.36969210564716,0.725172418358593,0.301381913473996,0.767694531414031,0.705975231540442,"anapc11/tprb/clasp1a/aurkb/ccnb1",5
"GO:0001754","eye photoreceptor cell differentiation","5/890","77/18773",0.0649350649350649,1.36969210564716,0.725172418358593,0.301381913473996,0.767694531414031,0.705975231540442,"bco1/med29/adipor1b/sox11b/gdf6a",5
"GO:0003407","neural retina development","8/890","134/18773",0.0597014925373134,1.25929901056515,0.672004285161465,0.303147980554405,0.770934280994656,0.708954519351834,"marcksl1a/marcksl1b/mcrs1/marcksb/adipor1b/cyfip2/sox11b/gdf6a",8
"GO:0010506","regulation of autophagy","6/890","96/18773",0.0625,1.31832865168539,0.697570128232542,0.303687580303855,0.770934280994656,0.708954519351834,"dram2b/sqstm1/cptp/atg13/snx30/keap1b",6
"GO:0045861","negative regulation of proteolysis","6/890","96/18773",0.0625,1.31832865168539,0.697570128232542,0.303687580303855,0.770934280994656,0.708954519351834,"hsp90ab1/timp2a/cast/serpinh2/chac1/n4bp1",6
"GO:0048565","digestive tract development","7/890","115/18773",0.0608695652173913,1.28393746946751,0.681348291236824,0.304002971491702,0.770934280994656,0.708954519351834,"yap1/mpc1/pard6gb/fscn1a/selenoh/chd8/smo",7
"GO:0006091","generation of precursor metabolites and energy","14/890","251/18773",0.0557768924302789,1.17651640628497,0.628070052043013,0.304225187118967,0.770934280994656,0.708954519351834,"uqcrq/uqcc2/ppp1caa/ndufv2/coa6/pfkpa/ndufaf1/ppp1r3b/antkmt/reep1/idh2/fdx1b/ndufs8a/ndufa5",14
"GO:0019646","aerobic electron transport chain","4/890","59/18773",0.0677966101694915,1.43005141877738,0.738062544018314,0.306171561260814,0.774266845126575,0.712019159828459,"uqcrq/ndufv2/ndufaf1/ndufs8a",4
"GO:0045862","positive regulation of proteolysis","4/890","59/18773",0.0677966101694915,1.43005141877738,0.738062544018314,0.306171561260814,0.774266845126575,0.712019159828459,"axin1/dda1/fzr1a/sh3rf1",4
"GO:0060219","camera-type eye photoreceptor cell differentiation","3/890","41/18773",0.0731707317073171,1.54340915319266,0.777064181964449,0.307641924352172,0.776590871292474,0.714156344403104,"adipor1b/sox11b/gdf6a",3
"GO:1901615","organic hydroxy compound metabolic process","13/890","232/18773",0.0560344827586207,1.18194982564897,0.622098489829987,0.307723737014384,0.776590871292474,0.714156344403104,"sult1st1/fgfr4/hmgcrb/thtpa/adh8b/nudt3b/itpkb/srd5a3/gch2/idh2/sc5d/fdx1b/pnpo",13
"GO:0046165","alcohol biosynthetic process","5/890","78/18773",0.0641025641025641,1.35213195044656,0.695216525200053,0.310749495271952,0.782928188370601,0.719984168763575,"itpkb/srd5a3/gch2/sc5d/fdx1b",5
"GO:0051240","positive regulation of multicellular organismal process","16/890","292/18773",0.0547945205479452,1.15579498229952,0.598566278418096,0.311485175584606,0.782928188370601,0.719984168763575,"cxcl12a/rack1/sox6/si:dkey-40c11.2/dbnlb/fxr2/zbtb16a/nlk1/b2ml/hapln1b/znf16l/sulf2b/cfap20/sirt1/kdr/kmt5b",16
"GO:1990138","neuron projection extension","6/890","97/18773",0.0618556701030928,1.30473763465771,0.671274445647185,0.31205911688912,0.782928188370601,0.719984168763575,"cxcl12a/si:dkey-40c11.2/nrp1a/dbnlb/fam53b/isl2a",6
"GO:0001878","response to yeast","2/890","24/18773",0.0833333333333333,1.75777153558052,0.828676344961359,0.315979986337911,0.782928188370601,0.719984168763575,"ppp6c/sc5d",2
"GO:0006783","heme biosynthetic process","2/890","24/18773",0.0833333333333333,1.75777153558052,0.828676344961359,0.315979986337911,0.782928188370601,0.719984168763575,"tmem14ca/alas1",2
"GO:0009069","serine family amino acid metabolic process","2/890","24/18773",0.0833333333333333,1.75777153558052,0.828676344961359,0.315979986337911,0.782928188370601,0.719984168763575,"phgdh/pnpo",2
"GO:0009225","nucleotide-sugar metabolic process","2/890","24/18773",0.0833333333333333,1.75777153558052,0.828676344961359,0.315979986337911,0.782928188370601,0.719984168763575,"uap1l1/gmppaa",2
"GO:0034446","substrate adhesion-dependent cell spreading","2/890","24/18773",0.0833333333333333,1.75777153558052,0.828676344961359,0.315979986337911,0.782928188370601,0.719984168763575,"parvaa/triobpb",2
"GO:0043113","receptor clustering","2/890","24/18773",0.0833333333333333,1.75777153558052,0.828676344961359,0.315979986337911,0.782928188370601,0.719984168763575,"smo/erbin",2
"GO:0043249","erythrocyte maturation","2/890","24/18773",0.0833333333333333,1.75777153558052,0.828676344961359,0.315979986337911,0.782928188370601,0.719984168763575,"adnpa/sfxn1",2
"GO:0046425","regulation of receptor signaling pathway via JAK-STAT","2/890","24/18773",0.0833333333333333,1.75777153558052,0.828676344961359,0.315979986337911,0.782928188370601,0.719984168763575,"ptpn2b/socs3b",2
"GO:0047496","vesicle transport along microtubule","2/890","24/18773",0.0833333333333333,1.75777153558052,0.828676344961359,0.315979986337911,0.782928188370601,0.719984168763575,"kif13ba/pafah1b1a",2
"GO:0050821","protein stabilization","2/890","24/18773",0.0833333333333333,1.75777153558052,0.828676344961359,0.315979986337911,0.782928188370601,0.719984168763575,"hsp90ab1/bag1",2
"GO:0071456","cellular response to hypoxia","2/890","24/18773",0.0833333333333333,1.75777153558052,0.828676344961359,0.315979986337911,0.782928188370601,0.719984168763575,"vhl/fam162a",2
"GO:0097581","lamellipodium organization","2/890","24/18773",0.0833333333333333,1.75777153558052,0.828676344961359,0.315979986337911,0.782928188370601,0.719984168763575,"mmp14b/gpc4",2
"GO:1904892","regulation of receptor signaling pathway via STAT","2/890","24/18773",0.0833333333333333,1.75777153558052,0.828676344961359,0.315979986337911,0.782928188370601,0.719984168763575,"ptpn2b/socs3b",2
"GO:1905897","regulation of response to endoplasmic reticulum stress","2/890","24/18773",0.0833333333333333,1.75777153558052,0.828676344961359,0.315979986337911,0.782928188370601,0.719984168763575,"rnf121/nck1b",2
"GO:2000177","regulation of neural precursor cell proliferation","2/890","24/18773",0.0833333333333333,1.75777153558052,0.828676344961359,0.315979986337911,0.782928188370601,0.719984168763575,"hapln1b/chd8",2
"GO:0009314","response to radiation","10/890","175/18773",0.0571428571428571,1.2053290529695,0.608788436253245,0.318075850815241,0.786137083014842,0.722935082241211,"sf3b4/gna11b/pim1/babam2/aurkb/otpa/nabp1a/lamc1/ercc8/mdm2",10
"GO:0098813","nuclear chromosome segregation","7/890","117/18773",0.0598290598290598,1.26198982041679,0.634159013124996,0.319287686533786,0.786137083014842,0.722935082241211,"anapc11/dync1li2/rcc2/tprb/clasp1a/aurkb/ccnb1",7
"GO:0001666","response to hypoxia","5/890","79/18773",0.0632911392405063,1.33501635613711,0.665669294999336,0.320156011887961,0.786137083014842,0.722935082241211,"igfbp1a/nrp1a/camk2g2/vhl/fam162a",5
"GO:0019216","regulation of lipid metabolic process","5/890","79/18773",0.0632911392405063,1.33501635613711,0.665669294999336,0.320156011887961,0.786137083014842,0.722935082241211,"fgfr4/rcor1/dcaf5/pla2g6/lactb",5
"GO:0021675","nerve development","5/890","79/18773",0.0632911392405063,1.33501635613711,0.665669294999336,0.320156011887961,0.786137083014842,0.722935082241211,"gna12a/fbxo45/adgrg6/sulf2b/tuba1a",5
"GO:0048469","cell maturation","5/890","79/18773",0.0632911392405063,1.33501635613711,0.665669294999336,0.320156011887961,0.786137083014842,0.722935082241211,"lyz/ybx1/adnpa/sfxn1/ccnb1",5
"GO:0006635","fatty acid beta-oxidation","3/890","42/18773",0.0714285714285714,1.50666131621188,0.733317413719456,0.320800334324442,0.786137083014842,0.722935082241211,"acads/hadh/eci1",3
"GO:0015804","neutral amino acid transport","3/890","42/18773",0.0714285714285714,1.50666131621188,0.733317413719456,0.320800334324442,0.786137083014842,0.722935082241211,"slc43a1a/slc38a5b/sfxn1",3
"GO:0030968","endoplasmic reticulum unfolded protein response","3/890","42/18773",0.0714285714285714,1.50666131621188,0.733317413719456,0.320800334324442,0.786137083014842,0.722935082241211,"herpud2/parp16/nck1b",3
"GO:1902749","regulation of cell cycle G2/M phase transition","3/890","42/18773",0.0714285714285714,1.50666131621188,0.733317413719456,0.320800334324442,0.786137083014842,0.722935082241211,"babam2/aurkb/nabp1a",3
"GO:1903432","regulation of TORC1 signaling","3/890","42/18773",0.0714285714285714,1.50666131621188,0.733317413719456,0.320800334324442,0.786137083014842,0.722935082241211,"otud5a/pim1/flcn",3
"GO:0044242","cellular lipid catabolic process","8/890","137/18773",0.0583941605839416,1.23172311982285,0.607272182239057,0.324357489342395,0.79248956582375,0.7287768530737,"cyp26b1/bco1/plcg1/abhd6a/acads/srd5a3/hadh/eci1",8
"GO:0033333","fin development","7/890","118/18773",0.0593220338983051,1.2512949914302,0.610881956318916,0.32697962169007,0.79248956582375,0.7287768530737,"sufu/ep300a/arl6/vav2/smo/rnf2/zmat2",7
"GO:0031123","RNA 3'-end processing","4/890","61/18773",0.0655737704918033,1.38316448701418,0.668682798426417,0.327871605919334,0.79248956582375,0.7287768530737,"cstf3/larp7/eri1/pcf11",4
"GO:0035051","cardiocyte differentiation","5/890","80/18773",0.0625,1.31832865168539,0.636518906600912,0.329595141518677,0.79248956582375,0.7287768530737,"tpm4a/pbx2/atf3/smo/rnf2",5
"GO:0036293","response to decreased oxygen levels","5/890","80/18773",0.0625,1.31832865168539,0.636518906600912,0.329595141518677,0.79248956582375,0.7287768530737,"igfbp1a/nrp1a/camk2g2/vhl/fam162a",5
"GO:0071466","cellular response to xenobiotic stimulus","5/890","80/18773",0.0625,1.31832865168539,0.636518906600912,0.329595141518677,0.79248956582375,0.7287768530737,"eef2b/sult1st1/zgc:153372/casp3a/keap1b",5
"GO:0030855","epithelial cell differentiation","16/890","296/18773",0.0540540540540541,1.14017613118737,0.542293355679873,0.330702392187723,0.79248956582375,0.7287768530737,"krt8/krt4/tnfrsf19/marcksb/cops5/slc43a1a/tcf7l1a/etv5a/id2a/lrp5/smo/ptk2ab/krt5/bhmt/casp3a/kdr",16
"GO:0006470","protein dephosphorylation","8/890","138/18773",0.0579710144927536,1.22279758996906,0.586024025262343,0.331487325070141,0.79248956582375,0.7287768530737,"ptenb/dusp1/ptpn2b/ppm1da/ptena/ppm1f/si:ch211-121a2.2/ptp4a1",8
"GO:0043065","positive regulation of apoptotic process","8/890","138/18773",0.0579710144927536,1.22279758996906,0.586024025262343,0.331487325070141,0.79248956582375,0.7287768530737,"casp2/nck1b/stk3/bnip3lb/tnfsf10/pawr/casp3a/stk17b",8
"GO:0043068","positive regulation of programmed cell death","8/890","138/18773",0.0579710144927536,1.22279758996906,0.586024025262343,0.331487325070141,0.79248956582375,0.7287768530737,"casp2/nck1b/stk3/bnip3lb/tnfsf10/pawr/casp3a/stk17b",8
"GO:0002440","production of molecular mediator of immune response","2/890","25/18773",0.08,1.6874606741573,0.767309330642909,0.333643866912619,0.79248956582375,0.7287768530737,"kmt5b/msh2",2
"GO:0006779","porphyrin-containing compound biosynthetic process","2/890","25/18773",0.08,1.6874606741573,0.767309330642909,0.333643866912619,0.79248956582375,0.7287768530737,"tmem14ca/alas1",2
"GO:0014855","striated muscle cell proliferation","2/890","25/18773",0.08,1.6874606741573,0.767309330642909,0.333643866912619,0.79248956582375,0.7287768530737,"larp7/npr1a",2
"GO:0021879","forebrain neuron differentiation","2/890","25/18773",0.08,1.6874606741573,0.767309330642909,0.333643866912619,0.79248956582375,0.7287768530737,"axin1/otpa",2
"GO:0030500","regulation of bone mineralization","2/890","25/18773",0.08,1.6874606741573,0.767309330642909,0.333643866912619,0.79248956582375,0.7287768530737,"lrp5/bmp2k",2
"GO:0033014","tetrapyrrole biosynthetic process","2/890","25/18773",0.08,1.6874606741573,0.767309330642909,0.333643866912619,0.79248956582375,0.7287768530737,"tmem14ca/alas1",2
"GO:0036294","cellular response to decreased oxygen levels","2/890","25/18773",0.08,1.6874606741573,0.767309330642909,0.333643866912619,0.79248956582375,0.7287768530737,"vhl/fam162a",2
"GO:0043255","regulation of carbohydrate biosynthetic process","2/890","25/18773",0.08,1.6874606741573,0.767309330642909,0.333643866912619,0.79248956582375,0.7287768530737,"ppp1r3b/akr1a1b",2
"GO:0044380","protein localization to cytoskeleton","2/890","25/18773",0.08,1.6874606741573,0.767309330642909,0.333643866912619,0.79248956582375,0.7287768530737,"cttnbp2nlb/mapre1b",2
"GO:0045005","DNA-templated DNA replication maintenance of fidelity","2/890","25/18773",0.08,1.6874606741573,0.767309330642909,0.333643866912619,0.79248956582375,0.7287768530737,"carm1/cenpx",2
"GO:0045746","negative regulation of Notch signaling pathway","2/890","25/18773",0.08,1.6874606741573,0.767309330642909,0.333643866912619,0.79248956582375,0.7287768530737,"nlk1/chac1",2
"GO:0048255","mRNA stabilization","2/890","25/18773",0.08,1.6874606741573,0.767309330642909,0.333643866912619,0.79248956582375,0.7287768530737,"ybx1/igf2bp2b",2
"GO:0048771","tissue remodeling","2/890","25/18773",0.08,1.6874606741573,0.767309330642909,0.333643866912619,0.79248956582375,0.7287768530737,"lrp5/suco",2
"GO:0051016","barbed-end actin filament capping","2/890","25/18773",0.08,1.6874606741573,0.767309330642909,0.333643866912619,0.79248956582375,0.7287768530737,"add3a/capgb",2
"GO:0051781","positive regulation of cell division","2/890","25/18773",0.08,1.6874606741573,0.767309330642909,0.333643866912619,0.79248956582375,0.7287768530737,"mtrex/aurkb",2
"GO:0061386","closure of optic fissure","2/890","25/18773",0.08,1.6874606741573,0.767309330642909,0.333643866912619,0.79248956582375,0.7287768530737,"phactr4b/sox11b",2
"GO:0070167","regulation of biomineral tissue development","2/890","25/18773",0.08,1.6874606741573,0.767309330642909,0.333643866912619,0.79248956582375,0.7287768530737,"lrp5/bmp2k",2
"GO:1901875","positive regulation of post-translational protein modification","2/890","25/18773",0.08,1.6874606741573,0.767309330642909,0.333643866912619,0.79248956582375,0.7287768530737,"fzr1a/xiap",2
"GO:1903322","positive regulation of protein modification by small protein conjugation or removal","2/890","25/18773",0.08,1.6874606741573,0.767309330642909,0.333643866912619,0.79248956582375,0.7287768530737,"fzr1a/xiap",2
"GO:0001837","epithelial to mesenchymal transition","3/890","43/18773",0.0697674418604651,1.47162268095114,0.690701039528908,0.333962397264084,0.79248956582375,0.7287768530737,"rock1/rnf2/kbtbd8",3
"GO:0006334","nucleosome assembly","3/890","43/18773",0.0697674418604651,1.47162268095114,0.690701039528908,0.333962397264084,0.79248956582375,0.7287768530737,"daxx/macroh2a2/spty2d1",3
"GO:0007548","sex differentiation","3/890","43/18773",0.0697674418604651,1.47162268095114,0.690701039528908,0.333962397264084,0.79248956582375,0.7287768530737,"rbpms2a/rbpms2b/bmpr2b",3
"GO:0055123","digestive system development","9/890","158/18773",0.0569620253164557,1.2015147205234,0.567458214984432,0.334655993981452,0.79248956582375,0.7287768530737,"yap1/mpc1/pard6gb/fscn1a/selenoh/chd8/smo/bhmt/isl2a",9
"GO:0001708","cell fate specification","7/890","119/18773",0.0588235294117647,1.24077990746861,0.587811157732594,0.334700036768612,0.79248956582375,0.7287768530737,"sox6/zdhhc13/churc1/tcf7l1a/smo/isl2a/rnf2",7
"GO:0030239","myofibril assembly","7/890","119/18773",0.0588235294117647,1.24077990746861,0.587811157732594,0.334700036768612,0.79248956582375,0.7287768530737,"naca/cxcl12a/tpm4a/myo18ab/smo/rnf2/myl9a",7
"GO:0016197","endosomal transport","10/890","178/18773",0.0561797752808989,1.18501451836889,0.553283612386077,0.336885338913784,0.796894634865489,0.732827773732161,"ehd2b/chmp2a/zfyve9a/chmp2bb/snx1a/stx6/rab35b/chmp4ba/snx30/erbin",10
"GO:0055074","calcium ion homeostasis","8/890","139/18773",0.0575539568345324,1.21400048500525,0.564935934151759,0.338642655111538,0.800279800567055,0.735940786841118,"tmem203/plcg1/atp13a1/micu2/rgn/fhl1b/plcd1a/ryk",8
"GO:0044282","small molecule catabolic process","12/890","218/18773",0.055045871559633,1.16109679414493,0.533721567992125,0.33946401535739,0.801448729231643,0.737015738727406,"cyp26b1/pfkpa/esd/uraha/adh8b/ada2a/galm/acads/srd5a3/hadh/eci1/tdh2",12
"GO:0042127","regulation of cell population proliferation","17/890","319/18773",0.0532915360501567,1.12409214187595,0.49868287191906,0.344872468373918,0.811135107087184,0.745923373951481,"cxcl12a/igfbp1a/ptenb/romo1/larp7/tcf7l1a/etv5a/hapln1b/id2a/chd8/ptena/btg1/ptk2ab/nupr1a/sh3rf1/atg13/gdf6a",17
"GO:0009913","epidermal cell differentiation","6/890","101/18773",0.0594059405940594,1.2530648570475,0.56888855220788,0.345871952660718,0.811135107087184,0.745923373951481,"krt8/krt4/cops5/lrp5/krt5/casp3a",6
"GO:0030917","midbrain-hindbrain boundary development","3/890","44/18773",0.0681818181818182,1.43817671092952,0.649155023653332,0.347112788091865,0.811135107087184,0.745923373951481,"myh10/myh9b/ptk2ab",3
"GO:0031401","positive regulation of protein modification process","3/890","44/18773",0.0681818181818182,1.43817671092952,0.649155023653332,0.347112788091865,0.811135107087184,0.745923373951481,"axin1/fzr1a/xiap",3
"GO:0051051","negative regulation of transport","3/890","44/18773",0.0681818181818182,1.43817671092952,0.649155023653332,0.347112788091865,0.811135107087184,0.745923373951481,"lgals3b/rap1aa/wnk1b",3
"GO:0051129","negative regulation of cellular component organization","9/890","160/18773",0.05625,1.18649578651685,0.528507207974953,0.348070810464975,0.811135107087184,0.745923373951481,"slc25a5/lgals3b/tmsb4x/rock1/add3a/scaf4a/capgb/cptp/aida",9
"GO:0001704","formation of primary germ layer","5/890","82/18773",0.0609756097560976,1.28617429432721,0.579363813146232,0.348546457395642,0.811135107087184,0.745923373951481,"rock2a/dusp1/zdhhc13/churc1/etv5a",5
"GO:0060173","limb development","5/890","82/18773",0.0609756097560976,1.28617429432721,0.579363813146232,0.348546457395642,0.811135107087184,0.745923373951481,"etv5a/ep300a/arl6/rnf2/zmat2",5
"GO:0070121","Kupffer's vesicle development","5/890","82/18773",0.0609756097560976,1.28617429432721,0.579363813146232,0.348546457395642,0.811135107087184,0.745923373951481,"yap1/arl6/vgll4b/jupa/ephb4b",5
"GO:0006414","translational elongation","4/890","63/18773",0.0634920634920635,1.33925450329945,0.601712578139491,0.349655601186654,0.811135107087184,0.745923373951481,"eef1a1l1/eef1g/eef2b/rack1",4
"GO:0009267","cellular response to starvation","4/890","63/18773",0.0634920634920635,1.33925450329945,0.601712578139491,0.349655601186654,0.811135107087184,0.745923373951481,"pak2b/zgc:92606/gabarapa/map1lc3b",4
"GO:0048483","autonomic nervous system development","4/890","63/18773",0.0634920634920635,1.33925450329945,0.601712578139491,0.349655601186654,0.811135107087184,0.745923373951481,"fscn1a/chd8/phactr4b/rnf2",4
"GO:0048709","oligodendrocyte differentiation","4/890","63/18773",0.0634920634920635,1.33925450329945,0.601712578139491,0.349655601186654,0.811135107087184,0.745923373951481,"actr10/gna12a/znf16l/smo",4
"GO:0072175","epithelial tube formation","4/890","63/18773",0.0634920634920635,1.33925450329945,0.601712578139491,0.349655601186654,0.811135107087184,0.745923373951481,"pard6gb/smad5/phactr4b/smo",4
"GO:0000462","maturation of SSU-rRNA from tricistronic rRNA transcript (SSU-rRNA, 5.8S rRNA, LSU-rRNA)","2/890","26/18773",0.0769230769230769,1.62255834053587,0.708648590963719,0.35117223144174,0.811135107087184,0.745923373951481,"kri1/wdr46",2
"GO:0007031","peroxisome organization","2/890","26/18773",0.0769230769230769,1.62255834053587,0.708648590963719,0.35117223144174,0.811135107087184,0.745923373951481,"zfand6/pex14",2
"GO:0009220","pyrimidine ribonucleotide biosynthetic process","2/890","26/18773",0.0769230769230769,1.62255834053587,0.708648590963719,0.35117223144174,0.811135107087184,0.745923373951481,"nme2b.1/nme3",2
"GO:0021587","cerebellum morphogenesis","2/890","26/18773",0.0769230769230769,1.62255834053587,0.708648590963719,0.35117223144174,0.811135107087184,0.745923373951481,"rbm7/smo",2
"GO:0031330","negative regulation of cellular catabolic process","2/890","26/18773",0.0769230769230769,1.62255834053587,0.708648590963719,0.35117223144174,0.811135107087184,0.745923373951481,"timp2a/cptp",2
"GO:0046928","regulation of neurotransmitter secretion","2/890","26/18773",0.0769230769230769,1.62255834053587,0.708648590963719,0.35117223144174,0.811135107087184,0.745923373951481,"caskb/rap1aa",2
"GO:0061951","establishment of protein localization to plasma membrane","2/890","26/18773",0.0769230769230769,1.62255834053587,0.708648590963719,0.35117223144174,0.811135107087184,0.745923373951481,"rab34a/erbin",2
"GO:0071453","cellular response to oxygen levels","2/890","26/18773",0.0769230769230769,1.62255834053587,0.708648590963719,0.35117223144174,0.811135107087184,0.745923373951481,"vhl/fam162a",2
"GO:0085029","extracellular matrix assembly","2/890","26/18773",0.0769230769230769,1.62255834053587,0.708648590963719,0.35117223144174,0.811135107087184,0.745923373951481,"mmp14b/gpc4",2
"GO:0006575","cellular modified amino acid metabolic process","6/890","102/18773",0.0588235294117647,1.24077990746861,0.543959577073025,0.354384490540256,0.811144960588609,0.745932435274267,"dhfr/chac1/gch2/gamt/bhmt/gclc",6
"GO:0042472","inner ear morphogenesis","6/890","102/18773",0.0588235294117647,1.24077990746861,0.543959577073025,0.354384490540256,0.811144960588609,0.745932435274267,"adgrg6/smad5/eya1/ttc9c/lrp5/smo",6
"GO:0009141","nucleoside triphosphate metabolic process","7/890","122/18773",0.0573770491803279,1.21026892613741,0.519797323384582,0.357998274599946,0.811144960588609,0.745932435274267,"nme2b.1/pfkpa/ak1/si:ch211-140m22.7/nme3/antkmt/tyms",7
"GO:0070482","response to oxygen levels","5/890","83/18773",0.0602409638554217,1.27067821849195,0.551337830232796,0.358046528317174,0.811144960588609,0.745932435274267,"igfbp1a/nrp1a/camk2g2/vhl/fam162a",5
"GO:0009636","response to toxic substance","3/890","45/18773",0.0666666666666667,1.40621722846442,0.608623872625452,0.360236932236249,0.811144960588609,0.745932435274267,"esd/adh8b/akr1a1b",3
"GO:0034620","cellular response to unfolded protein","3/890","45/18773",0.0666666666666667,1.40621722846442,0.608623872625452,0.360236932236249,0.811144960588609,0.745932435274267,"herpud2/parp16/nck1b",3
"GO:0022037","metencephalon development","4/890","64/18773",0.0625,1.31832865168539,0.569076323463371,0.36055654918758,0.811144960588609,0.745932435274267,"snx14/rbm7/smo/bmi1b",4
"GO:0009205","purine ribonucleoside triphosphate metabolic process","6/890","103/18773",0.058252427184466,1.22873350059998,0.519285645657134,0.362912008074676,0.811144960588609,0.745932435274267,"nme2b.1/pfkpa/ak1/si:ch211-140m22.7/nme3/antkmt",6
"GO:0042471","ear morphogenesis","6/890","103/18773",0.058252427184466,1.22873350059998,0.519285645657134,0.362912008074676,0.811144960588609,0.745932435274267,"adgrg6/smad5/eya1/ttc9c/lrp5/smo",6
"GO:0009260","ribonucleotide biosynthetic process","7/890","123/18773",0.056910569105691,1.20042934137207,0.497513104796859,0.365798866727049,0.811144960588609,0.745932435274267,"nme2b.1/ak1/si:ch211-140m22.7/nme3/antkmt/npr1a/adcy7",7
"GO:0120031","plasma membrane bounded cell projection assembly","21/890","405/18773",0.0518518518518519,1.09372451102788,0.425382723418242,0.367694972513076,0.811144960588609,0.745932435274267,"yap1/ehd2b/mcrs1/kif3a/si:ch211-71m22.1/nrp1a/orc4/rab35b/arl13b/parvaa/man1a2/arl6/orc6/vgll4b/ttc9c/cfap20/chmp4ba/fmnl3/cep89/ocrl/fzd2",21
"GO:0046394","carboxylic acid biosynthetic process","9/890","163/18773",0.0552147239263804,1.16465844075274,0.471014960975252,0.368329103251954,0.811144960588609,0.745932435274267,"ptges3a/fgfr4/rcor1/rgn/dcaf5/glulb/phgdh/gamt/bhmt",9
"GO:0000184","nuclear-transcribed mRNA catabolic process, nonsense-mediated decay","2/890","27/18773",0.0740740740740741,1.56246358718269,0.652457271858532,0.368538243316206,0.811144960588609,0.745932435274267,"pnrc2/smg6",2
"GO:0003171","atrioventricular valve development","2/890","27/18773",0.0740740740740741,1.56246358718269,0.652457271858532,0.368538243316206,0.811144960588609,0.745932435274267,"tmsb4x/jupa",2
"GO:0006479","protein methylation","2/890","27/18773",0.0740740740740741,1.56246358718269,0.652457271858532,0.368538243316206,0.811144960588609,0.745932435274267,"carm1/ntmt1",2
"GO:0008213","protein alkylation","2/890","27/18773",0.0740740740740741,1.56246358718269,0.652457271858532,0.368538243316206,0.811144960588609,0.745932435274267,"carm1/ntmt1",2
"GO:0009218","pyrimidine ribonucleotide metabolic process","2/890","27/18773",0.0740740740740741,1.56246358718269,0.652457271858532,0.368538243316206,0.811144960588609,0.745932435274267,"nme2b.1/nme3",2
"GO:0015986","proton motive force-driven ATP synthesis","2/890","27/18773",0.0740740740740741,1.56246358718269,0.652457271858532,0.368538243316206,0.811144960588609,0.745932435274267,"si:ch211-140m22.7/antkmt",2
"GO:0032784","regulation of DNA-templated transcription elongation","2/890","27/18773",0.0740740740740741,1.56246358718269,0.652457271858532,0.368538243316206,0.811144960588609,0.745932435274267,"zmynd11/cdk12",2
"GO:0040001","establishment of mitotic spindle localization","2/890","27/18773",0.0740740740740741,1.56246358718269,0.652457271858532,0.368538243316206,0.811144960588609,0.745932435274267,"pafah1b1a/clasp1a",2
"GO:0044091","membrane biogenesis","2/890","27/18773",0.0740740740740741,1.56246358718269,0.652457271858532,0.368538243316206,0.811144960588609,0.745932435274267,"chmp2a/chmp4ba",2
"GO:0044773","mitotic DNA damage checkpoint signaling","2/890","27/18773",0.0740740740740741,1.56246358718269,0.652457271858532,0.368538243316206,0.811144960588609,0.745932435274267,"id2a/babam2",2
"GO:0046847","filopodium assembly","2/890","27/18773",0.0740740740740741,1.56246358718269,0.652457271858532,0.368538243316206,0.811144960588609,0.745932435274267,"nrp1a/fmnl3",2
"GO:0060419","heart growth","2/890","27/18773",0.0740740740740741,1.56246358718269,0.652457271858532,0.368538243316206,0.811144960588609,0.745932435274267,"larp7/npr1a",2
"GO:0071709","membrane assembly","2/890","27/18773",0.0740740740740741,1.56246358718269,0.652457271858532,0.368538243316206,0.811144960588609,0.745932435274267,"chmp2a/chmp4ba",2
"GO:1902373","negative regulation of mRNA catabolic process","2/890","27/18773",0.0740740740740741,1.56246358718269,0.652457271858532,0.368538243316206,0.811144960588609,0.745932435274267,"ybx1/igf2bp2b",2
"GO:0051052","regulation of DNA metabolic process","6/890","104/18773",0.0576923076923077,1.2169187554019,0.49486111982585,0.371450235924288,0.811144960588609,0.745932435274267,"pds5a/usp1/eya1/babam2/kmt5b/rnf169",6
"GO:0090101","negative regulation of transmembrane receptor protein serine/threonine kinase signaling pathway","4/890","65/18773",0.0615384615384615,1.2980466724287,0.536979075677742,0.371451985817198,0.811144960588609,0.745932435274267,"zmynd11/smad6a/skia/ldb2a",4
"GO:0031146","SCF-dependent proteasomal ubiquitin-dependent protein catabolic process","3/890","46/18773",0.0652173913043478,1.37564728871519,0.569056196828567,0.373321001737455,0.811144960588609,0.745932435274267,"fbxl14b/fbxl14a/nccrp1",3
"GO:0002521","leukocyte differentiation","8/890","144/18773",0.0555555555555556,1.17184769038702,0.461806734756223,0.374708214225415,0.811144960588609,0.745932435274267,"sumf1/ncor1/alas1/fam49a/plcg1/srp19/sh3rf1/irf2bp2a",8
"GO:0016053","organic acid biosynthetic process","9/890","165/18773",0.0545454545454545,1.15054136874362,0.433289407024232,0.38190014257414,0.811144960588609,0.745932435274267,"ptges3a/fgfr4/rcor1/rgn/dcaf5/glulb/phgdh/gamt/bhmt",9
"GO:0006006","glucose metabolic process","4/890","66/18773",0.0606060606060606,1.27837929860402,0.50540195640408,0.382333651634518,0.811144960588609,0.745932435274267,"dcxr/pfkpa/galm/akr1a1b",4
"GO:0015914","phospholipid transport","4/890","66/18773",0.0606060606060606,1.27837929860402,0.50540195640408,0.382333651634518,0.811144960588609,0.745932435274267,"prelid1a/si:ch211-71m22.1/tmem30ab/cptp",4
"GO:0006886","intracellular protein transport","20/890","388/18773",0.0515463917525773,1.08728136221476,0.387557056925701,0.382400592666301,0.811144960588609,0.745932435274267,"romo1/kpna3/sh3tc2/ap2b1/arl4ab/sec62/stx6/kpnb1/rab20/pex14/ranbp3b/rab5aa/arl6/tprb/napab/tmed5/tnpo1/fam53b/rab21/erbin",20
"GO:0045087","innate immune response","14/890","266/18773",0.0526315789473684,1.11017149615612,0.403712448346179,0.382816581897082,0.811144960588609,0.745932435274267,"trafd1/myd88/ppp1r14bb/akirin2/otud6b/zdhhc5a/tollip/usp4/n4bp1/adam15/gpatch3/cptp/serinc5/trim33l",14
"GO:0001709","cell fate determination","1/890","10/18773",0.1,2.10932584269663,0.782777040406436,0.384801686596564,0.811144960588609,0.745932435274267,"gdf6a",1
"GO:0001780","neutrophil homeostasis","1/890","10/18773",0.1,2.10932584269663,0.782777040406436,0.384801686596564,0.811144960588609,0.745932435274267,"sema3fb",1
"GO:0002819","regulation of adaptive immune response","1/890","10/18773",0.1,2.10932584269663,0.782777040406436,0.384801686596564,0.811144960588609,0.745932435274267,"kmt5b",1
"GO:0002822","regulation of adaptive immune response based on somatic recombination of immune receptors built from immunoglobulin superfamily domains","1/890","10/18773",0.1,2.10932584269663,0.782777040406436,0.384801686596564,0.811144960588609,0.745932435274267,"kmt5b",1
"GO:0003382","epithelial cell morphogenesis","1/890","10/18773",0.1,2.10932584269663,0.782777040406436,0.384801686596564,0.811144960588609,0.745932435274267,"marcksb",1
"GO:0006544","glycine metabolic process","1/890","10/18773",0.1,2.10932584269663,0.782777040406436,0.384801686596564,0.811144960588609,0.745932435274267,"pnpo",1
"GO:0006563","L-serine metabolic process","1/890","10/18773",0.1,2.10932584269663,0.782777040406436,0.384801686596564,0.811144960588609,0.745932435274267,"phgdh",1
"GO:0006620","post-translational protein targeting to endoplasmic reticulum membrane","1/890","10/18773",0.1,2.10932584269663,0.782777040406436,0.384801686596564,0.811144960588609,0.745932435274267,"sec62",1
"GO:0006729","tetrahydrobiopterin biosynthetic process","1/890","10/18773",0.1,2.10932584269663,0.782777040406436,0.384801686596564,0.811144960588609,0.745932435274267,"gch2",1
"GO:0006751","glutathione catabolic process","1/890","10/18773",0.1,2.10932584269663,0.782777040406436,0.384801686596564,0.811144960588609,0.745932435274267,"chac1",1
"GO:0007213","G protein-coupled acetylcholine receptor signaling pathway","1/890","10/18773",0.1,2.10932584269663,0.782777040406436,0.384801686596564,0.811144960588609,0.745932435274267,"gna11b",1
"GO:0009086","methionine biosynthetic process","1/890","10/18773",0.1,2.10932584269663,0.782777040406436,0.384801686596564,0.811144960588609,0.745932435274267,"bhmt",1
"GO:0010595","positive regulation of endothelial cell migration","1/890","10/18773",0.1,2.10932584269663,0.782777040406436,0.384801686596564,0.811144960588609,0.745932435274267,"nrp1a",1
"GO:0014004","microglia differentiation","1/890","10/18773",0.1,2.10932584269663,0.782777040406436,0.384801686596564,0.811144960588609,0.745932435274267,"sumf1",1
"GO:0014020","primary neural tube formation","1/890","10/18773",0.1,2.10932584269663,0.782777040406436,0.384801686596564,0.811144960588609,0.745932435274267,"phactr4b",1
"GO:0016032","viral process","1/890","10/18773",0.1,2.10932584269663,0.782777040406436,0.384801686596564,0.811144960588609,0.745932435274267,"n4bp1",1
"GO:0031573","mitotic intra-S DNA damage checkpoint signaling","1/890","10/18773",0.1,2.10932584269663,0.782777040406436,0.384801686596564,0.811144960588609,0.745932435274267,"id2a",1
"GO:0032368","regulation of lipid transport","1/890","10/18773",0.1,2.10932584269663,0.782777040406436,0.384801686596564,0.811144960588609,0.745932435274267,"zdhhc8b",1
"GO:0032926","negative regulation of activin receptor signaling pathway","1/890","10/18773",0.1,2.10932584269663,0.782777040406436,0.384801686596564,0.811144960588609,0.745932435274267,"ldb2a",1
"GO:0034334","adherens junction maintenance","1/890","10/18773",0.1,2.10932584269663,0.782777040406436,0.384801686596564,0.811144960588609,0.745932435274267,"jupa",1
"GO:0034389","lipid droplet organization","1/890","10/18773",0.1,2.10932584269663,0.782777040406436,0.384801686596564,0.811144960588609,0.745932435274267,"aup1",1
"GO:0034694","response to prostaglandin","1/890","10/18773",0.1,2.10932584269663,0.782777040406436,0.384801686596564,0.811144960588609,0.745932435274267,"keap1b",1
"GO:0035493","SNARE complex assembly","1/890","10/18773",0.1,2.10932584269663,0.782777040406436,0.384801686596564,0.811144960588609,0.745932435274267,"vamp4",1
"GO:0038203","TORC2 signaling","1/890","10/18773",0.1,2.10932584269663,0.782777040406436,0.384801686596564,0.811144960588609,0.745932435274267,"otud5a",1
"GO:0042574","retinal metabolic process","1/890","10/18773",0.1,2.10932584269663,0.782777040406436,0.384801686596564,0.811144960588609,0.745932435274267,"bco1",1
"GO:0042776","proton motive force-driven mitochondrial ATP synthesis","1/890","10/18773",0.1,2.10932584269663,0.782777040406436,0.384801686596564,0.811144960588609,0.745932435274267,"antkmt",1
"GO:0043144","sno(s)RNA processing","1/890","10/18773",0.1,2.10932584269663,0.782777040406436,0.384801686596564,0.811144960588609,0.745932435274267,"larp7",1
"GO:0043470","regulation of carbohydrate catabolic process","1/890","10/18773",0.1,2.10932584269663,0.782777040406436,0.384801686596564,0.811144960588609,0.745932435274267,"ppp1r3b",1
"GO:0043584","nose development","1/890","10/18773",0.1,2.10932584269663,0.782777040406436,0.384801686596564,0.811144960588609,0.745932435274267,"axin1",1
"GO:0045747","positive regulation of Notch signaling pathway","1/890","10/18773",0.1,2.10932584269663,0.782777040406436,0.384801686596564,0.811144960588609,0.745932435274267,"bmp2k",1
"GO:0046146","tetrahydrobiopterin metabolic process","1/890","10/18773",0.1,2.10932584269663,0.782777040406436,0.384801686596564,0.811144960588609,0.745932435274267,"gch2",1
"GO:0046632","alpha-beta T cell differentiation","1/890","10/18773",0.1,2.10932584269663,0.782777040406436,0.384801686596564,0.811144960588609,0.745932435274267,"sh3rf1",1
"GO:0048823","nucleate erythrocyte development","1/890","10/18773",0.1,2.10932584269663,0.782777040406436,0.384801686596564,0.811144960588609,0.745932435274267,"sfxn1",1
"GO:0048841","regulation of axon extension involved in axon guidance","1/890","10/18773",0.1,2.10932584269663,0.782777040406436,0.384801686596564,0.811144960588609,0.745932435274267,"cxcl12a",1
"GO:0050932","regulation of pigment cell differentiation","1/890","10/18773",0.1,2.10932584269663,0.782777040406436,0.384801686596564,0.811144960588609,0.745932435274267,"gdf6a",1
"GO:0051315","attachment of mitotic spindle microtubules to kinetochore","1/890","10/18773",0.1,2.10932584269663,0.782777040406436,0.384801686596564,0.811144960588609,0.745932435274267,"aurkb",1
"GO:0051382","kinetochore assembly","1/890","10/18773",0.1,2.10932584269663,0.782777040406436,0.384801686596564,0.811144960588609,0.745932435274267,"cenpx",1
"GO:0060420","regulation of heart growth","1/890","10/18773",0.1,2.10932584269663,0.782777040406436,0.384801686596564,0.811144960588609,0.745932435274267,"larp7",1
"GO:0060729","intestinal epithelial structure maintenance","1/890","10/18773",0.1,2.10932584269663,0.782777040406436,0.384801686596564,0.811144960588609,0.745932435274267,"chd8",1
"GO:0061158","3'-UTR-mediated mRNA destabilization","1/890","10/18773",0.1,2.10932584269663,0.782777040406436,0.384801686596564,0.811144960588609,0.745932435274267,"zgc:162730",1
"GO:0070365","hepatocyte differentiation","1/890","10/18773",0.1,2.10932584269663,0.782777040406436,0.384801686596564,0.811144960588609,0.745932435274267,"id2a",1
"GO:0071108","protein K48-linked deubiquitination","1/890","10/18773",0.1,2.10932584269663,0.782777040406436,0.384801686596564,0.811144960588609,0.745932435274267,"otud5a",1
"GO:0090660","cerebrospinal fluid circulation","1/890","10/18773",0.1,2.10932584269663,0.782777040406436,0.384801686596564,0.811144960588609,0.745932435274267,"ptk7a",1
"GO:0098719","sodium ion import across plasma membrane","1/890","10/18773",0.1,2.10932584269663,0.782777040406436,0.384801686596564,0.811144960588609,0.745932435274267,"slc9a6a",1
"GO:0098887","neurotransmitter receptor transport, endosome to postsynaptic membrane","1/890","10/18773",0.1,2.10932584269663,0.782777040406436,0.384801686596564,0.811144960588609,0.745932435274267,"erbin",1
"GO:0099638","endosome to plasma membrane protein transport","1/890","10/18773",0.1,2.10932584269663,0.782777040406436,0.384801686596564,0.811144960588609,0.745932435274267,"erbin",1
"GO:0099639","neurotransmitter receptor transport, endosome to plasma membrane","1/890","10/18773",0.1,2.10932584269663,0.782777040406436,0.384801686596564,0.811144960588609,0.745932435274267,"erbin",1
"GO:1900151","regulation of nuclear-transcribed mRNA catabolic process, deadenylation-dependent decay","1/890","10/18773",0.1,2.10932584269663,0.782777040406436,0.384801686596564,0.811144960588609,0.745932435274267,"zgc:162730",1
"GO:1902946","protein localization to early endosome","1/890","10/18773",0.1,2.10932584269663,0.782777040406436,0.384801686596564,0.811144960588609,0.745932435274267,"erbin",1
"GO:1905477","positive regulation of protein localization to membrane","1/890","10/18773",0.1,2.10932584269663,0.782777040406436,0.384801686596564,0.811144960588609,0.745932435274267,"mief1",1
"GO:2000514","regulation of CD4-positive, alpha-beta T cell activation","1/890","10/18773",0.1,2.10932584269663,0.782777040406436,0.384801686596564,0.811144960588609,0.745932435274267,"sh3rf1",1
"GO:0007631","feeding behavior","2/890","28/18773",0.0714285714285714,1.50666131621188,0.598527525880843,0.385717909299232,0.811144960588609,0.745932435274267,"cfap20/keap1b",2
"GO:0019319","hexose biosynthetic process","2/890","28/18773",0.0714285714285714,1.50666131621188,0.598527525880843,0.385717909299232,0.811144960588609,0.745932435274267,"akr1a1b/chst15",2
"GO:0021872","forebrain generation of neurons","2/890","28/18773",0.0714285714285714,1.50666131621188,0.598527525880843,0.385717909299232,0.811144960588609,0.745932435274267,"axin1/otpa",2
"GO:0032401","establishment of melanosome localization","2/890","28/18773",0.0714285714285714,1.50666131621188,0.598527525880843,0.385717909299232,0.811144960588609,0.745932435274267,"arl6/ocrl",2
"GO:0032402","melanosome transport","2/890","28/18773",0.0714285714285714,1.50666131621188,0.598527525880843,0.385717909299232,0.811144960588609,0.745932435274267,"arl6/ocrl",2
"GO:0042558","pteridine-containing compound metabolic process","2/890","28/18773",0.0714285714285714,1.50666131621188,0.598527525880843,0.385717909299232,0.811144960588609,0.745932435274267,"dhfr/gch2",2
"GO:0043489","RNA stabilization","2/890","28/18773",0.0714285714285714,1.50666131621188,0.598527525880843,0.385717909299232,0.811144960588609,0.745932435274267,"ybx1/igf2bp2b",2
"GO:0045766","positive regulation of angiogenesis","2/890","28/18773",0.0714285714285714,1.50666131621188,0.598527525880843,0.385717909299232,0.811144960588609,0.745932435274267,"sirt1/kdr",2
"GO:0048920","posterior lateral line neuromast primordium migration","2/890","28/18773",0.0714285714285714,1.50666131621188,0.598527525880843,0.385717909299232,0.811144960588609,0.745932435274267,"cxcl12a/ctnnd1",2
"GO:0051904","pigment granule transport","2/890","28/18773",0.0714285714285714,1.50666131621188,0.598527525880843,0.385717909299232,0.811144960588609,0.745932435274267,"arl6/ocrl",2
"GO:0060415","muscle tissue morphogenesis","2/890","28/18773",0.0714285714285714,1.50666131621188,0.598527525880843,0.385717909299232,0.811144960588609,0.745932435274267,"fermt2/myo18ab",2
"GO:1905330","regulation of morphogenesis of an epithelium","2/890","28/18773",0.0714285714285714,1.50666131621188,0.598527525880843,0.385717909299232,0.811144960588609,0.745932435274267,"cfap20/ptk2ab",2
"GO:0090263","positive regulation of canonical Wnt signaling pathway","3/890","47/18773",0.0638297872340425,1.34637819746593,0.530404323030514,0.386351908492734,0.811144960588609,0.745932435274267,"adgra2/fam53b/xiap",3
"GO:0000819","sister chromatid segregation","5/890","86/18773",0.0581395348837209,1.22635223412595,0.469347280743889,0.386574250009502,0.811144960588609,0.745932435274267,"anapc11/tprb/clasp1a/aurkb/ccnb1",5
"GO:0016051","carbohydrate biosynthetic process","5/890","86/18773",0.0581395348837209,1.22635223412595,0.469347280743889,0.386574250009502,0.811144960588609,0.745932435274267,"chst10/ppp1r3b/rgn/akr1a1b/chst15",5
"GO:0006874","intracellular calcium ion homeostasis","7/890","126/18773",0.0555555555555556,1.17184769038702,0.43177209870296,0.38925832516031,0.811144960588609,0.745932435274267,"tmem203/plcg1/atp13a1/micu2/rgn/plcd1a/ryk",7
"GO:0046390","ribose phosphate biosynthetic process","7/890","126/18773",0.0555555555555556,1.17184769038702,0.43177209870296,0.38925832516031,0.811144960588609,0.745932435274267,"nme2b.1/ak1/si:ch211-140m22.7/nme3/antkmt/npr1a/adcy7",7
"GO:0031214","biomineral tissue development","4/890","67/18773",0.0597014925373134,1.25929901056515,0.474327040583587,0.393193573343657,0.811144960588609,0.745932435274267,"ptenb/ptena/lrp5/bmp2k",4
"GO:0065004","protein-DNA complex assembly","5/890","87/18773",0.0574712643678161,1.21225623143484,0.442682130106106,0.396073939915601,0.811144960588609,0.745932435274267,"dr1/daxx/cenpx/macroh2a2/spty2d1",5
"GO:0072330","monocarboxylic acid biosynthetic process","5/890","87/18773",0.0574712643678161,1.21225623143484,0.442682130106106,0.396073939915601,0.811144960588609,0.745932435274267,"ptges3a/fgfr4/rcor1/dcaf5/gamt",5
"GO:0098876","vesicle-mediated transport to the plasma membrane","5/890","87/18773",0.0574712643678161,1.21225623143484,0.442682130106106,0.396073939915601,0.811144960588609,0.745932435274267,"ehd2b/rab35b/snx30/rab34a/erbin",5
"GO:0009725","response to hormone","15/890","289/18773",0.0519031141868512,1.09480580070759,0.362339716170918,0.396821620256067,0.811144960588609,0.745932435274267,"hsp90ab1/cyp26b1/cnn2/timp2a/cnot9/pagr1/ncoa4/adipor1b/adipor2/carm1/dhrs3b/vhl/gclc/nr1d2b/keap1b",15
"GO:0006164","purine nucleotide biosynthetic process","7/890","127/18773",0.0551181102362205,1.16262054321861,0.410217813826357,0.397086724445267,0.811144960588609,0.745932435274267,"nme2b.1/ak1/si:ch211-140m22.7/nme3/antkmt/npr1a/adcy7",7
"GO:0009144","purine nucleoside triphosphate metabolic process","6/890","107/18773",0.0560747663551402,1.18279953796073,0.42303026523008,0.397087534317985,0.811144960588609,0.745932435274267,"nme2b.1/pfkpa/ak1/si:ch211-140m22.7/nme3/antkmt",6
"GO:0002682","regulation of immune system process","21/890","412/18773",0.0509708737864078,1.07514181302498,0.34404258336741,0.397879709763971,0.811144960588609,0.745932435274267,"plvapb/cxcl12a/trafd1/otud5a/myd88/hic1l/zbtb16a/fam49a/akirin2/b2ml/zdhhc5a/usp4/vav2/n4bp1/gpatch3/cptp/zbtb33/kmt5b/si:dkey-52l18.4/sh3rf1/trim33l",21
"GO:0000086","G2/M transition of mitotic cell cycle","3/890","48/18773",0.0625,1.31832865168539,0.492623950995253,0.399317294994626,0.811144960588609,0.745932435274267,"babam2/aurkb/nabp1a",3
"GO:0019395","fatty acid oxidation","3/890","48/18773",0.0625,1.31832865168539,0.492623950995253,0.399317294994626,0.811144960588609,0.745932435274267,"acads/hadh/eci1",3
"GO:0039019","pronephric nephron development","3/890","48/18773",0.0625,1.31832865168539,0.492623950995253,0.399317294994626,0.811144960588609,0.745932435274267,"etv5a/ocrl/mdm2",3
"GO:0001841","neural tube formation","2/890","29/18773",0.0689655172413793,1.45470747772181,0.546676046846212,0.402689870756312,0.811144960588609,0.745932435274267,"pard6gb/phactr4b",2
"GO:0002224","toll-like receptor signaling pathway","2/890","29/18773",0.0689655172413793,1.45470747772181,0.546676046846212,0.402689870756312,0.811144960588609,0.745932435274267,"myd88/usp4",2
"GO:0009620","response to fungus","2/890","29/18773",0.0689655172413793,1.45470747772181,0.546676046846212,0.402689870756312,0.811144960588609,0.745932435274267,"ppp6c/sc5d",2
"GO:0048644","muscle organ morphogenesis","2/890","29/18773",0.0689655172413793,1.45470747772181,0.546676046846212,0.402689870756312,0.811144960588609,0.745932435274267,"fermt2/myo18ab",2
"GO:0048883","neuromast primordium migration","2/890","29/18773",0.0689655172413793,1.45470747772181,0.546676046846212,0.402689870756312,0.811144960588609,0.745932435274267,"cxcl12a/ctnnd1",2
"GO:0051058","negative regulation of small GTPase mediated signal transduction","2/890","29/18773",0.0689655172413793,1.45470747772181,0.546676046846212,0.402689870756312,0.811144960588609,0.745932435274267,"arhgap29b/spry4",2
"GO:0051588","regulation of neurotransmitter transport","2/890","29/18773",0.0689655172413793,1.45470747772181,0.546676046846212,0.402689870756312,0.811144960588609,0.745932435274267,"caskb/rap1aa",2
"GO:1904018","positive regulation of vasculature development","2/890","29/18773",0.0689655172413793,1.45470747772181,0.546676046846212,0.402689870756312,0.811144960588609,0.745932435274267,"sirt1/kdr",2
"GO:2000116","regulation of cysteine-type endopeptidase activity","2/890","29/18773",0.0689655172413793,1.45470747772181,0.546676046846212,0.402689870756312,0.811144960588609,0.745932435274267,"casp2/cast",2
"GO:2000779","regulation of double-strand break repair","2/890","29/18773",0.0689655172413793,1.45470747772181,0.546676046846212,0.402689870756312,0.811144960588609,0.745932435274267,"kmt5b/rnf169",2
"GO:0010564","regulation of cell cycle process","12/890","229/18773",0.0524017467248908,1.10532358569256,0.357743503379879,0.40302449346031,0.811144960588609,0.745932435274267,"anapc11/pagr1/dync1li2/rock2a/rcc2/ranbp1/tprb/id2a/npm1b/babam2/aurkb/nabp1a",12
"GO:0016331","morphogenesis of embryonic epithelium","4/890","68/18773",0.0588235294117647,1.24077990746861,0.443737294506397,0.40402406800898,0.811144960588609,0.745932435274267,"pard6gb/phactr4b/smo/sox11b",4
"GO:0030010","establishment of cell polarity","4/890","68/18773",0.0588235294117647,1.24077990746861,0.443737294506397,0.40402406800898,0.811144960588609,0.745932435274267,"rack1/pafah1b1a/mmp14b/gpc4",4
"GO:0030595","leukocyte chemotaxis","4/890","68/18773",0.0588235294117647,1.24077990746861,0.443737294506397,0.40402406800898,0.811144960588609,0.745932435274267,"cxcl12a/lgals3b/myd88/cxcl20",4
"GO:0031669","cellular response to nutrient levels","4/890","68/18773",0.0588235294117647,1.24077990746861,0.443737294506397,0.40402406800898,0.811144960588609,0.745932435274267,"pak2b/zgc:92606/gabarapa/map1lc3b",4
"GO:0050900","leukocyte migration","7/890","128/18773",0.0546875,1.15353757022472,0.388837858205229,0.404914204238571,0.811144960588609,0.745932435274267,"plvapb/hsp90ab1/cxcl12a/lgals3b/itga6b/myd88/cxcl20",7
"GO:0021954","central nervous system neuron development","3/890","49/18773",0.0612244897959184,1.29142398532447,0.455673848345758,0.412205522883632,0.811144960588609,0.745932435274267,"ppp4ca/otpa/ewsr1b",3
"GO:0034728","nucleosome organization","3/890","49/18773",0.0612244897959184,1.29142398532447,0.455673848345758,0.412205522883632,0.811144960588609,0.745932435274267,"daxx/macroh2a2/spty2d1",3
"GO:0048596","embryonic camera-type eye morphogenesis","3/890","49/18773",0.0612244897959184,1.29142398532447,0.455673848345758,0.412205522883632,0.811144960588609,0.745932435274267,"tcf7l1a/phactr4b/sox11b",3
"GO:0001840","neural plate development","1/890","11/18773",0.0909090909090909,1.91756894790603,0.679087243565528,0.413982867587293,0.811144960588609,0.745932435274267,"smo",1
"GO:0002706","regulation of lymphocyte mediated immunity","1/890","11/18773",0.0909090909090909,1.91756894790603,0.679087243565528,0.413982867587293,0.811144960588609,0.745932435274267,"kmt5b",1
"GO:0006002","fructose 6-phosphate metabolic process","1/890","11/18773",0.0909090909090909,1.91756894790603,0.679087243565528,0.413982867587293,0.811144960588609,0.745932435274267,"pfkpa",1
"GO:0006851","mitochondrial calcium ion transmembrane transport","1/890","11/18773",0.0909090909090909,1.91756894790603,0.679087243565528,0.413982867587293,0.811144960588609,0.745932435274267,"micu2",1
"GO:0006901","vesicle coating","1/890","11/18773",0.0909090909090909,1.91756894790603,0.679087243565528,0.413982867587293,0.811144960588609,0.745932435274267,"arfgap2",1
"GO:0007095","mitotic G2 DNA damage checkpoint signaling","1/890","11/18773",0.0909090909090909,1.91756894790603,0.679087243565528,0.413982867587293,0.811144960588609,0.745932435274267,"babam2",1
"GO:0009394","2'-deoxyribonucleotide metabolic process","1/890","11/18773",0.0909090909090909,1.91756894790603,0.679087243565528,0.413982867587293,0.811144960588609,0.745932435274267,"tyms",1
"GO:0015721","bile acid and bile salt transport","1/890","11/18773",0.0909090909090909,1.91756894790603,0.679087243565528,0.413982867587293,0.811144960588609,0.745932435274267,"slc10a3",1
"GO:0015816","glycine transport","1/890","11/18773",0.0909090909090909,1.91756894790603,0.679087243565528,0.413982867587293,0.811144960588609,0.745932435274267,"slc38a5b",1
"GO:0018108","peptidyl-tyrosine phosphorylation","1/890","11/18773",0.0909090909090909,1.91756894790603,0.679087243565528,0.413982867587293,0.811144960588609,0.745932435274267,"kdrl",1
"GO:0018216","peptidyl-arginine methylation","1/890","11/18773",0.0909090909090909,1.91756894790603,0.679087243565528,0.413982867587293,0.811144960588609,0.745932435274267,"carm1",1
"GO:0021535","cell migration in hindbrain","1/890","11/18773",0.0909090909090909,1.91756894790603,0.679087243565528,0.413982867587293,0.811144960588609,0.745932435274267,"arl13b",1
"GO:0030277","maintenance of gastrointestinal epithelium","1/890","11/18773",0.0909090909090909,1.91756894790603,0.679087243565528,0.413982867587293,0.811144960588609,0.745932435274267,"chd8",1
"GO:0032350","regulation of hormone metabolic process","1/890","11/18773",0.0909090909090909,1.91756894790603,0.679087243565528,0.413982867587293,0.811144960588609,0.745932435274267,"rcor1",1
"GO:0034644","cellular response to UV","1/890","11/18773",0.0909090909090909,1.91756894790603,0.679087243565528,0.413982867587293,0.811144960588609,0.745932435274267,"aurkb",1
"GO:0035176","social behavior","1/890","11/18773",0.0909090909090909,1.91756894790603,0.679087243565528,0.413982867587293,0.811144960588609,0.745932435274267,"otpa",1
"GO:0035601","protein deacylation","1/890","11/18773",0.0909090909090909,1.91756894790603,0.679087243565528,0.413982867587293,0.811144960588609,0.745932435274267,"lypla2",1
"GO:0036089","cleavage furrow formation","1/890","11/18773",0.0909090909090909,1.91756894790603,0.679087243565528,0.413982867587293,0.811144960588609,0.745932435274267,"aurkb",1
"GO:0042454","ribonucleoside catabolic process","1/890","11/18773",0.0909090909090909,1.91756894790603,0.679087243565528,0.413982867587293,0.811144960588609,0.745932435274267,"ada2a",1
"GO:0042982","amyloid precursor protein metabolic process","1/890","11/18773",0.0909090909090909,1.91756894790603,0.679087243565528,0.413982867587293,0.811144960588609,0.745932435274267,"itm2bb",1
"GO:0043516","regulation of DNA damage response, signal transduction by p53 class mediator","1/890","11/18773",0.0909090909090909,1.91756894790603,0.679087243565528,0.413982867587293,0.811144960588609,0.745932435274267,"kmt5aa",1
"GO:0045217","cell-cell junction maintenance","1/890","11/18773",0.0909090909090909,1.91756894790603,0.679087243565528,0.413982867587293,0.811144960588609,0.745932435274267,"jupa",1
"GO:0045824","negative regulation of innate immune response","1/890","11/18773",0.0909090909090909,1.91756894790603,0.679087243565528,0.413982867587293,0.811144960588609,0.745932435274267,"trafd1",1
"GO:0045911","positive regulation of DNA recombination","1/890","11/18773",0.0909090909090909,1.91756894790603,0.679087243565528,0.413982867587293,0.811144960588609,0.745932435274267,"kmt5b",1
"GO:0046349","amino sugar biosynthetic process","1/890","11/18773",0.0909090909090909,1.91756894790603,0.679087243565528,0.413982867587293,0.811144960588609,0.745932435274267,"uap1l1",1
"GO:0046633","alpha-beta T cell proliferation","1/890","11/18773",0.0909090909090909,1.91756894790603,0.679087243565528,0.413982867587293,0.811144960588609,0.745932435274267,"sh3rf1",1
"GO:0046640","regulation of alpha-beta T cell proliferation","1/890","11/18773",0.0909090909090909,1.91756894790603,0.679087243565528,0.413982867587293,0.811144960588609,0.745932435274267,"sh3rf1",1
"GO:0050864","regulation of B cell activation","1/890","11/18773",0.0909090909090909,1.91756894790603,0.679087243565528,0.413982867587293,0.811144960588609,0.745932435274267,"kmt5b",1
"GO:0051123","RNA polymerase II preinitiation complex assembly","1/890","11/18773",0.0909090909090909,1.91756894790603,0.679087243565528,0.413982867587293,0.811144960588609,0.745932435274267,"dr1",1
"GO:0051231","spindle elongation","1/890","11/18773",0.0909090909090909,1.91756894790603,0.679087243565528,0.413982867587293,0.811144960588609,0.745932435274267,"aurkb",1
"GO:0051383","kinetochore organization","1/890","11/18773",0.0909090909090909,1.91756894790603,0.679087243565528,0.413982867587293,0.811144960588609,0.745932435274267,"cenpx",1
"GO:0051703","biological process involved in intraspecies interaction between organisms","1/890","11/18773",0.0909090909090909,1.91756894790603,0.679087243565528,0.413982867587293,0.811144960588609,0.745932435274267,"otpa",1
"GO:0051865","protein autoubiquitination","1/890","11/18773",0.0909090909090909,1.91756894790603,0.679087243565528,0.413982867587293,0.811144960588609,0.745932435274267,"sh3rf1",1
"GO:0060217","hemangioblast cell differentiation","1/890","11/18773",0.0909090909090909,1.91756894790603,0.679087243565528,0.413982867587293,0.811144960588609,0.745932435274267,"etv5a",1
"GO:0060295","regulation of cilium movement involved in cell motility","1/890","11/18773",0.0909090909090909,1.91756894790603,0.679087243565528,0.413982867587293,0.811144960588609,0.745932435274267,"cfap20",1
"GO:0060324","face development","1/890","11/18773",0.0909090909090909,1.91756894790603,0.679087243565528,0.413982867587293,0.811144960588609,0.745932435274267,"phf21ab",1
"GO:0061383","trabecula morphogenesis","1/890","11/18773",0.0909090909090909,1.91756894790603,0.679087243565528,0.413982867587293,0.811144960588609,0.745932435274267,"adgrg6",1
"GO:0061384","heart trabecula morphogenesis","1/890","11/18773",0.0909090909090909,1.91756894790603,0.679087243565528,0.413982867587293,0.811144960588609,0.745932435274267,"adgrg6",1
"GO:0072350","tricarboxylic acid metabolic process","1/890","11/18773",0.0909090909090909,1.91756894790603,0.679087243565528,0.413982867587293,0.811144960588609,0.745932435274267,"idh2",1
"GO:0090022","regulation of neutrophil chemotaxis","1/890","11/18773",0.0909090909090909,1.91756894790603,0.679087243565528,0.413982867587293,0.811144960588609,0.745932435274267,"cxcl12a",1
"GO:0090049","regulation of cell migration involved in sprouting angiogenesis","1/890","11/18773",0.0909090909090909,1.91756894790603,0.679087243565528,0.413982867587293,0.811144960588609,0.745932435274267,"nrp1a",1
"GO:0098732","macromolecule deacylation","1/890","11/18773",0.0909090909090909,1.91756894790603,0.679087243565528,0.413982867587293,0.811144960588609,0.745932435274267,"lypla2",1
"GO:1902019","regulation of cilium-dependent cell motility","1/890","11/18773",0.0909090909090909,1.91756894790603,0.679087243565528,0.413982867587293,0.811144960588609,0.745932435274267,"cfap20",1
"GO:1903573","negative regulation of response to endoplasmic reticulum stress","1/890","11/18773",0.0909090909090909,1.91756894790603,0.679087243565528,0.413982867587293,0.811144960588609,0.745932435274267,"nck1b",1
"GO:0046486","glycerolipid metabolic process","12/890","231/18773",0.051948051948052,1.09575368451773,0.326673032148971,0.41468702581229,0.811144960588609,0.745932435274267,"gpat3/ptenb/plcg1/lpgat1/abhd6a/inpp5l/pla2g6/ptena/mboat2a/plcd1a/ocrl/si:ch211-160o17.2",12
"GO:0072329","monocarboxylic acid catabolic process","4/890","69/18773",0.0579710144927536,1.22279758996906,0.41361651872982,0.414817746163332,0.811144960588609,0.745932435274267,"cyp26b1/acads/hadh/eci1",4
"GO:0002683","negative regulation of immune system process","5/890","89/18773",0.0561797752808989,1.18501451836889,0.390297681395989,0.415026767048014,0.811144960588609,0.745932435274267,"cxcl12a/trafd1/usp4/gpatch3/cptp",5
"GO:0006888","endoplasmic reticulum to Golgi vesicle-mediated transport","5/890","89/18773",0.0561797752808989,1.18501451836889,0.390297681395989,0.415026767048014,0.811144960588609,0.745932435274267,"yif1a/trappc6b/sec22a/trappc4/tmed5",5
"GO:0051050","positive regulation of transport","5/890","89/18773",0.0561797752808989,1.18501451836889,0.390297681395989,0.415026767048014,0.811144960588609,0.745932435274267,"lgals3b/fxyd6l/marcksb/wnk1b/zdhhc8b",5
"GO:0006066","alcohol metabolic process","9/890","170/18773",0.0529411764705882,1.11670191672174,0.340989530136745,0.415933724122744,0.811144960588609,0.745932435274267,"thtpa/adh8b/nudt3b/itpkb/srd5a3/gch2/idh2/sc5d/fdx1b",9
"GO:0002072","optic cup morphogenesis involved in camera-type eye development","2/890","30/18773",0.0666666666666667,1.40621722846442,0.496740421307153,0.419435208253931,0.811144960588609,0.745932435274267,"phactr4b/sox11b",2
"GO:0033045","regulation of sister chromatid segregation","2/890","30/18773",0.0666666666666667,1.40621722846442,0.496740421307153,0.419435208253931,0.811144960588609,0.745932435274267,"anapc11/aurkb",2
"GO:0035845","photoreceptor cell outer segment organization","2/890","30/18773",0.0666666666666667,1.40621722846442,0.496740421307153,0.419435208253931,0.811144960588609,0.745932435274267,"kif3a/arl13b",2
"GO:0042168","heme metabolic process","2/890","30/18773",0.0666666666666667,1.40621722846442,0.496740421307153,0.419435208253931,0.811144960588609,0.745932435274267,"tmem14ca/alas1",2
"GO:0044774","mitotic DNA integrity checkpoint signaling","2/890","30/18773",0.0666666666666667,1.40621722846442,0.496740421307153,0.419435208253931,0.811144960588609,0.745932435274267,"id2a/babam2",2
"GO:0045197","establishment or maintenance of epithelial cell apical/basal polarity","2/890","30/18773",0.0666666666666667,1.40621722846442,0.496740421307153,0.419435208253931,0.811144960588609,0.745932435274267,"erbin/notch1b",2
"GO:0060788","ectodermal placode formation","2/890","30/18773",0.0666666666666667,1.40621722846442,0.496740421307153,0.419435208253931,0.811144960588609,0.745932435274267,"axin1/smad5",2
"GO:0060872","semicircular canal development","2/890","30/18773",0.0666666666666667,1.40621722846442,0.496740421307153,0.419435208253931,0.811144960588609,0.745932435274267,"adgrg6/smo",2
"GO:0072080","nephron tubule development","2/890","30/18773",0.0666666666666667,1.40621722846442,0.496740421307153,0.419435208253931,0.811144960588609,0.745932435274267,"etv5a/ocrl",2
"GO:0001756","somitogenesis","6/890","110/18773",0.0545454545454545,1.15054136874362,0.35325763961078,0.422674512045803,0.811144960588609,0.745932435274267,"churc1/axin1/larp6a/cfap20/mob1a/ephb4b",6
"GO:0070085","glycosylation","11/890","212/18773",0.0518867924528302,1.09446152215391,0.30856898534264,0.42342335699764,0.811144960588609,0.745932435274267,"crppa/rpn2/zgc:162952/gcnt4a/fuom/poglut2/magt1/ost4/srd5a3/extl2/alg9",11
"GO:0031929","TOR signaling","5/890","90/18773",0.0555555555555556,1.17184769038702,0.364562283012457,0.424469675006165,0.811144960588609,0.745932435274267,"otud5a/pim1/flcn/tnfaip8l1/mlst8",5
"GO:0048484","enteric nervous system development","3/890","50/18773",0.06,1.26559550561798,0.419515578724645,0.425005659608776,0.811144960588609,0.745932435274267,"chd8/phactr4b/rnf2",3
"GO:0051302","regulation of cell division","3/890","50/18773",0.06,1.26559550561798,0.419515578724645,0.425005659608776,0.811144960588609,0.745932435274267,"rack1/mtrex/aurkb",3
"GO:1990266","neutrophil migration","4/890","70/18773",0.0571428571428571,1.2053290529695,0.383949295434442,0.425567513882311,0.811144960588609,0.745932435274267,"cxcl12a/lgals3b/myd88/cxcl20",4
"GO:0060047","heart contraction","10/890","192/18773",0.0520833333333333,1.09860720973783,0.306376062490166,0.426428617028954,0.811144960588609,0.745932435274267,"tpm4a/rbpms2a/dhfr/spen/plcg1/bnip3lb/dspb/rbpms2b/skia/dldh",10
"GO:0035282","segmentation","7/890","131/18773",0.0534351145038168,1.12712067930354,0.325713447093842,0.428360876870694,0.811144960588609,0.745932435274267,"ptk7a/churc1/axin1/larp6a/cfap20/mob1a/ephb4b",7
"GO:0001503","ossification","6/890","111/18773",0.0540540540540541,1.14017613118737,0.330435389647623,0.43117437191639,0.811144960588609,0.745932435274267,"cyp26b1/adgrg6/lrp5/mmp14b/gpc4/bmp2k",6
"GO:0009410","response to xenobiotic stimulus","5/890","91/18773",0.0549450549450549,1.15897024323991,0.339121198840462,0.433883679545501,0.811144960588609,0.745932435274267,"eef2b/sult1st1/zgc:153372/casp3a/keap1b",5
"GO:0002028","regulation of sodium ion transport","2/890","31/18773",0.0645161290322581,1.36085538238492,0.448576125447591,0.435937258730891,0.811144960588609,0.745932435274267,"fxyd6l/wnk1b",2
"GO:0006754","ATP biosynthetic process","2/890","31/18773",0.0645161290322581,1.36085538238492,0.448576125447591,0.435937258730891,0.811144960588609,0.745932435274267,"si:ch211-140m22.7/antkmt",2
"GO:0006778","porphyrin-containing compound metabolic process","2/890","31/18773",0.0645161290322581,1.36085538238492,0.448576125447591,0.435937258730891,0.811144960588609,0.745932435274267,"tmem14ca/alas1",2
"GO:0007062","sister chromatid cohesion","2/890","31/18773",0.0645161290322581,1.36085538238492,0.448576125447591,0.435937258730891,0.811144960588609,0.745932435274267,"pds5a/stag1b",2
"GO:0010976","positive regulation of neuron projection development","2/890","31/18773",0.0645161290322581,1.36085538238492,0.448576125447591,0.435937258730891,0.811144960588609,0.745932435274267,"si:dkey-40c11.2/dbnlb",2
"GO:0033002","muscle cell proliferation","2/890","31/18773",0.0645161290322581,1.36085538238492,0.448576125447591,0.435937258730891,0.811144960588609,0.745932435274267,"larp7/npr1a",2
"GO:0038061","non-canonical NF-kappaB signal transduction","2/890","31/18773",0.0645161290322581,1.36085538238492,0.448576125447591,0.435937258730891,0.811144960588609,0.745932435274267,"uacaa/myd88",2
"GO:0051905","establishment of pigment granule localization","2/890","31/18773",0.0645161290322581,1.36085538238492,0.448576125447591,0.435937258730891,0.811144960588609,0.745932435274267,"arl6/ocrl",2
"GO:0060795","cell fate commitment involved in formation of primary germ layer","2/890","31/18773",0.0645161290322581,1.36085538238492,0.448576125447591,0.435937258730891,0.811144960588609,0.745932435274267,"zdhhc13/churc1",2
"GO:0099518","vesicle cytoskeletal trafficking","2/890","31/18773",0.0645161290322581,1.36085538238492,0.448576125447591,0.435937258730891,0.811144960588609,0.745932435274267,"kif13ba/pafah1b1a",2
"GO:0007492","endoderm development","4/890","71/18773",0.0563380281690141,1.18835258743472,0.35472093981437,0.436266573895378,0.811144960588609,0.745932435274267,"yap1/dusp1/fscn1a/ildr2",4
"GO:0043244","regulation of protein-containing complex disassembly","4/890","71/18773",0.0563380281690141,1.18835258743472,0.35472093981437,0.436266573895378,0.811144960588609,0.745932435274267,"add3a/scaf4a/pcf11/capgb",4
"GO:0000280","nuclear division","9/890","173/18773",0.0520231213872832,1.0973371435994,0.286929541803594,0.43634462919692,0.811144960588609,0.745932435274267,"anapc11/chmp2a/cenpx/ranbp1/tprb/clasp1a/aurkb/chmp4ba/ccnb1",9
"GO:0002768","immune response-regulating cell surface receptor signaling pathway","3/890","51/18773",0.0588235294117647,1.24077990746861,0.384113259026287,0.437707463463529,0.811144960588609,0.745932435274267,"myd88/vav2/si:dkey-52l18.4",3
"GO:0042273","ribosomal large subunit biogenesis","3/890","51/18773",0.0588235294117647,1.24077990746861,0.384113259026287,0.437707463463529,0.811144960588609,0.745932435274267,"rsl24d1/nsa2/npm1b",3
"GO:0044839","cell cycle G2/M phase transition","3/890","51/18773",0.0588235294117647,1.24077990746861,0.384113259026287,0.437707463463529,0.811144960588609,0.745932435274267,"babam2/aurkb/nabp1a",3
"GO:0170034","L-amino acid biosynthetic process","3/890","51/18773",0.0588235294117647,1.24077990746861,0.384113259026287,0.437707463463529,0.811144960588609,0.745932435274267,"glulb/phgdh/bhmt",3
"GO:0170038","proteinogenic amino acid biosynthetic process","3/890","51/18773",0.0588235294117647,1.24077990746861,0.384113259026287,0.437707463463529,0.811144960588609,0.745932435274267,"glulb/phgdh/bhmt",3
"GO:0009199","ribonucleoside triphosphate metabolic process","6/890","112/18773",0.0535714285714286,1.12999598715891,0.307823370393805,0.439653546869076,0.811144960588609,0.745932435274267,"nme2b.1/pfkpa/ak1/si:ch211-140m22.7/nme3/antkmt",6
"GO:0044093","positive regulation of molecular function","6/890","112/18773",0.0535714285714286,1.12999598715891,0.307823370393805,0.439653546869076,0.811144960588609,0.745932435274267,"cops5/axin1/rgn/arap3/phactr4b/fzr1a",6
"GO:0048738","cardiac muscle tissue development","6/890","112/18773",0.0535714285714286,1.12999598715891,0.307823370393805,0.439653546869076,0.811144960588609,0.745932435274267,"tpm4a/fermt2/pbx2/larp7/npr1a/rnf2",6
"GO:0000054","ribosomal subunit export from nucleus","1/890","12/18773",0.0833333333333333,1.75777153558052,0.585775234843442,0.441781356439617,0.811144960588609,0.745932435274267,"npm1b",1
"GO:0000479","endonucleolytic cleavage of tricistronic rRNA transcript (SSU-rRNA, 5.8S rRNA, LSU-rRNA)","1/890","12/18773",0.0833333333333333,1.75777153558052,0.585775234843442,0.441781356439617,0.811144960588609,0.745932435274267,"kri1",1
"GO:0000712","resolution of meiotic recombination intermediates","1/890","12/18773",0.0833333333333333,1.75777153558052,0.585775234843442,0.441781356439617,0.811144960588609,0.745932435274267,"cenpx",1
"GO:0002052","positive regulation of neuroblast proliferation","1/890","12/18773",0.0833333333333333,1.75777153558052,0.585775234843442,0.441781356439617,0.811144960588609,0.745932435274267,"hapln1b",1
"GO:0006312","mitotic recombination","1/890","12/18773",0.0833333333333333,1.75777153558052,0.585775234843442,0.441781356439617,0.811144960588609,0.745932435274267,"msh2",1
"GO:0006356","regulation of transcription by RNA polymerase I","1/890","12/18773",0.0833333333333333,1.75777153558052,0.585775234843442,0.441781356439617,0.811144960588609,0.745932435274267,"macroh2a2",1
"GO:0006488","dolichol-linked oligosaccharide biosynthetic process","1/890","12/18773",0.0833333333333333,1.75777153558052,0.585775234843442,0.441781356439617,0.811144960588609,0.745932435274267,"srd5a3",1
"GO:0006555","methionine metabolic process","1/890","12/18773",0.0833333333333333,1.75777153558052,0.585775234843442,0.441781356439617,0.811144960588609,0.745932435274267,"bhmt",1
"GO:0006611","protein export from nucleus","1/890","12/18773",0.0833333333333333,1.75777153558052,0.585775234843442,0.441781356439617,0.811144960588609,0.745932435274267,"ranbp3b",1
"GO:0006734","NADH metabolic process","1/890","12/18773",0.0833333333333333,1.75777153558052,0.585775234843442,0.441781356439617,0.811144960588609,0.745932435274267,"pfkpa",1
"GO:0007343","egg activation","1/890","12/18773",0.0833333333333333,1.75777153558052,0.585775234843442,0.441781356439617,0.811144960588609,0.745932435274267,"ybx1",1
"GO:0009164","nucleoside catabolic process","1/890","12/18773",0.0833333333333333,1.75777153558052,0.585775234843442,0.441781356439617,0.811144960588609,0.745932435274267,"ada2a",1
"GO:0010631","epithelial cell migration","1/890","12/18773",0.0833333333333333,1.75777153558052,0.585775234843442,0.441781356439617,0.811144960588609,0.745932435274267,"plcg1",1
"GO:0016074","sno(s)RNA metabolic process","1/890","12/18773",0.0833333333333333,1.75777153558052,0.585775234843442,0.441781356439617,0.811144960588609,0.745932435274267,"larp7",1
"GO:0016558","protein import into peroxisome matrix","1/890","12/18773",0.0833333333333333,1.75777153558052,0.585775234843442,0.441781356439617,0.811144960588609,0.745932435274267,"pex14",1
"GO:0018195","peptidyl-arginine modification","1/890","12/18773",0.0833333333333333,1.75777153558052,0.585775234843442,0.441781356439617,0.811144960588609,0.745932435274267,"carm1",1
"GO:0018198","peptidyl-cysteine modification","1/890","12/18773",0.0833333333333333,1.75777153558052,0.585775234843442,0.441781356439617,0.811144960588609,0.745932435274267,"zdhhc8b",1
"GO:0018200","peptidyl-glutamic acid modification","1/890","12/18773",0.0833333333333333,1.75777153558052,0.585775234843442,0.441781356439617,0.811144960588609,0.745932435274267,"cfap20",1
"GO:0018345","protein palmitoylation","1/890","12/18773",0.0833333333333333,1.75777153558052,0.585775234843442,0.441781356439617,0.811144960588609,0.745932435274267,"zdhhc8b",1
"GO:0019692","deoxyribose phosphate metabolic process","1/890","12/18773",0.0833333333333333,1.75777153558052,0.585775234843442,0.441781356439617,0.811144960588609,0.745932435274267,"tyms",1
"GO:0021520","spinal cord motor neuron cell fate specification","1/890","12/18773",0.0833333333333333,1.75777153558052,0.585775234843442,0.441781356439617,0.811144960588609,0.745932435274267,"smo",1
"GO:0021654","rhombomere boundary formation","1/890","12/18773",0.0833333333333333,1.75777153558052,0.585775234843442,0.441781356439617,0.811144960588609,0.745932435274267,"notch1b",1
"GO:0021692","cerebellar Purkinje cell layer morphogenesis","1/890","12/18773",0.0833333333333333,1.75777153558052,0.585775234843442,0.441781356439617,0.811144960588609,0.745932435274267,"rbm7",1
"GO:0030206","chondroitin sulfate biosynthetic process","1/890","12/18773",0.0833333333333333,1.75777153558052,0.585775234843442,0.441781356439617,0.811144960588609,0.745932435274267,"chpf2",1
"GO:0031125","rRNA 3'-end processing","1/890","12/18773",0.0833333333333333,1.75777153558052,0.585775234843442,0.441781356439617,0.811144960588609,0.745932435274267,"eri1",1
"GO:0031445","regulation of heterochromatin formation","1/890","12/18773",0.0833333333333333,1.75777153558052,0.585775234843442,0.441781356439617,0.811144960588609,0.745932435274267,"si:ch211-13c6.2",1
"GO:0033674","positive regulation of kinase activity","1/890","12/18773",0.0833333333333333,1.75777153558052,0.585775234843442,0.441781356439617,0.811144960588609,0.745932435274267,"axin1",1
"GO:0033750","ribosome localization","1/890","12/18773",0.0833333333333333,1.75777153558052,0.585775234843442,0.441781356439617,0.811144960588609,0.745932435274267,"npm1b",1
"GO:0034643","establishment of mitochondrion localization, microtubule-mediated","1/890","12/18773",0.0833333333333333,1.75777153558052,0.585775234843442,0.441781356439617,0.811144960588609,0.745932435274267,"actr10",1
"GO:0034656","nucleobase-containing small molecule catabolic process","1/890","12/18773",0.0833333333333333,1.75777153558052,0.585775234843442,0.441781356439617,0.811144960588609,0.745932435274267,"ada2a",1
"GO:0035710","CD4-positive, alpha-beta T cell activation","1/890","12/18773",0.0833333333333333,1.75777153558052,0.585775234843442,0.441781356439617,0.811144960588609,0.745932435274267,"sh3rf1",1
"GO:0035844","cloaca development","1/890","12/18773",0.0833333333333333,1.75777153558052,0.585775234843442,0.441781356439617,0.811144960588609,0.745932435274267,"pard6gb",1
"GO:0043124","negative regulation of canonical NF-kappaB signal transduction","1/890","12/18773",0.0833333333333333,1.75777153558052,0.585775234843442,0.441781356439617,0.811144960588609,0.745932435274267,"nkiras2",1
"GO:0043567","regulation of insulin-like growth factor receptor signaling pathway","1/890","12/18773",0.0833333333333333,1.75777153558052,0.585775234843442,0.441781356439617,0.811144960588609,0.745932435274267,"igfbp1a",1
"GO:0045444","fat cell differentiation","1/890","12/18773",0.0833333333333333,1.75777153558052,0.585775234843442,0.441781356439617,0.811144960588609,0.745932435274267,"carm1",1
"GO:0045860","positive regulation of protein kinase activity","1/890","12/18773",0.0833333333333333,1.75777153558052,0.585775234843442,0.441781356439617,0.811144960588609,0.745932435274267,"axin1",1
"GO:0047497","mitochondrion transport along microtubule","1/890","12/18773",0.0833333333333333,1.75777153558052,0.585775234843442,0.441781356439617,0.811144960588609,0.745932435274267,"actr10",1
"GO:0048070","regulation of developmental pigmentation","1/890","12/18773",0.0833333333333333,1.75777153558052,0.585775234843442,0.441781356439617,0.811144960588609,0.745932435274267,"gdf6a",1
"GO:0050796","regulation of insulin secretion","1/890","12/18773",0.0833333333333333,1.75777153558052,0.585775234843442,0.441781356439617,0.811144960588609,0.745932435274267,"uqcc2",1
"GO:0050908","detection of light stimulus involved in visual perception","1/890","12/18773",0.0833333333333333,1.75777153558052,0.585775234843442,0.441781356439617,0.811144960588609,0.745932435274267,"lamc1",1
"GO:0050962","detection of light stimulus involved in sensory perception","1/890","12/18773",0.0833333333333333,1.75777153558052,0.585775234843442,0.441781356439617,0.811144960588609,0.745932435274267,"lamc1",1
"GO:0051255","spindle midzone assembly","1/890","12/18773",0.0833333333333333,1.75777153558052,0.585775234843442,0.441781356439617,0.811144960588609,0.745932435274267,"aurkb",1
"GO:0051348","negative regulation of transferase activity","1/890","12/18773",0.0833333333333333,1.75777153558052,0.585775234843442,0.441781356439617,0.811144960588609,0.745932435274267,"aida",1
"GO:0051642","centrosome localization","1/890","12/18773",0.0833333333333333,1.75777153558052,0.585775234843442,0.441781356439617,0.811144960588609,0.745932435274267,"akap9",1
"GO:0051654","establishment of mitochondrion localization","1/890","12/18773",0.0833333333333333,1.75777153558052,0.585775234843442,0.441781356439617,0.811144960588609,0.745932435274267,"actr10",1
"GO:0061028","establishment of endothelial barrier","1/890","12/18773",0.0833333333333333,1.75777153558052,0.585775234843442,0.441781356439617,0.811144960588609,0.745932435274267,"tnfrsf19",1
"GO:0071679","commissural neuron axon guidance","1/890","12/18773",0.0833333333333333,1.75777153558052,0.585775234843442,0.441781356439617,0.811144960588609,0.745932435274267,"smo",1
"GO:0072014","proximal tubule development","1/890","12/18773",0.0833333333333333,1.75777153558052,0.585775234843442,0.441781356439617,0.811144960588609,0.745932435274267,"ocrl",1
"GO:0072344","rescue of stalled ribosome","1/890","12/18773",0.0833333333333333,1.75777153558052,0.585775234843442,0.441781356439617,0.811144960588609,0.745932435274267,"rack1",1
"GO:1901207","regulation of heart looping","1/890","12/18773",0.0833333333333333,1.75777153558052,0.585775234843442,0.441781356439617,0.811144960588609,0.745932435274267,"cfap20",1
"GO:2000785","regulation of autophagosome assembly","1/890","12/18773",0.0833333333333333,1.75777153558052,0.585775234843442,0.441781356439617,0.811144960588609,0.745932435274267,"snx30",1
"GO:0045165","cell fate commitment","10/890","195/18773",0.0512820512820513,1.08170556035725,0.255858310069165,0.445694318651629,0.811765480911634,0.746503068463378,"sox6/sox13/zdhhc13/churc1/tcf7l1a/axin1/smo/isl2a/rnf2/gdf6a",10
"GO:0008543","fibroblast growth factor receptor signaling pathway","4/890","72/18773",0.0555555555555556,1.17184769038702,0.325917455139814,0.44690842580229,0.811765480911634,0.746503068463378,"fgfr4/churc1/sulf2b/spry4",4
"GO:0032006","regulation of TOR signaling","4/890","72/18773",0.0555555555555556,1.17184769038702,0.325917455139814,0.44690842580229,0.811765480911634,0.746503068463378,"otud5a/pim1/flcn/tnfaip8l1",4
"GO:0038202","TORC1 signaling","3/890","52/18773",0.0576923076923077,1.2169187554019,0.349433342082599,0.450301367240627,0.811765480911634,0.746503068463378,"otud5a/pim1/flcn",3
"GO:0051896","regulation of phosphatidylinositol 3-kinase/protein kinase B signal transduction","3/890","52/18773",0.0576923076923077,1.2169187554019,0.349433342082599,0.450301367240627,0.811765480911634,0.746503068463378,"ptenb/vav2/ptena",3
"GO:0003015","heart process","10/890","196/18773",0.0510204081632653,1.07618665443706,0.239193424112118,0.452102040279034,0.811765480911634,0.746503068463378,"tpm4a/rbpms2a/dhfr/spen/plcg1/bnip3lb/dspb/rbpms2b/skia/dldh",10
"GO:0016311","dephosphorylation","10/890","196/18773",0.0510204081632653,1.07618665443706,0.239193424112118,0.452102040279034,0.811765480911634,0.746503068463378,"ptenb/dusp1/ptpn2b/ppm1da/inpp5l/ptena/ppm1f/si:ch211-121a2.2/ocrl/ptp4a1",10
"GO:0048285","organelle fission","10/890","196/18773",0.0510204081632653,1.07618665443706,0.239193424112118,0.452102040279034,0.811765480911634,0.746503068463378,"anapc11/chmp2a/mief1/cenpx/ranbp1/tprb/clasp1a/aurkb/chmp4ba/ccnb1",10
"GO:0001838","embryonic epithelial tube formation","2/890","32/18773",0.0625,1.31832865168539,0.40205403626378,0.452181444491366,0.811765480911634,0.746503068463378,"pard6gb/phactr4b",2
"GO:0010324","membrane invagination","2/890","32/18773",0.0625,1.31832865168539,0.40205403626378,0.452181444491366,0.811765480911634,0.746503068463378,"aurkb/fcho2",2
"GO:0035088","establishment or maintenance of apical/basal cell polarity","2/890","32/18773",0.0625,1.31832865168539,0.40205403626378,0.452181444491366,0.811765480911634,0.746503068463378,"erbin/notch1b",2
"GO:0043467","regulation of generation of precursor metabolites and energy","2/890","32/18773",0.0625,1.31832865168539,0.40205403626378,0.452181444491366,0.811765480911634,0.746503068463378,"uqcc2/ppp1r3b",2
"GO:0048665","neuron fate specification","2/890","32/18773",0.0625,1.31832865168539,0.40205403626378,0.452181444491366,0.811765480911634,0.746503068463378,"smo/isl2a",2
"GO:0061245","establishment or maintenance of bipolar cell polarity","2/890","32/18773",0.0625,1.31832865168539,0.40205403626378,0.452181444491366,0.811765480911634,0.746503068463378,"erbin/notch1b",2
"GO:0061512","protein localization to cilium","2/890","32/18773",0.0625,1.31832865168539,0.40205403626378,0.452181444491366,0.811765480911634,0.746503068463378,"arl13b/arl6",2
"GO:1902369","negative regulation of RNA catabolic process","2/890","32/18773",0.0625,1.31832865168539,0.40205403626378,0.452181444491366,0.811765480911634,0.746503068463378,"ybx1/igf2bp2b",2
"GO:0021510","spinal cord development","5/890","93/18773",0.0537634408602151,1.13404615198744,0.289092934484807,0.452606211983432,0.811765480911634,0.746503068463378,"pard6gb/smarcd1/smo/otpa/notch1b",5
"GO:0071824","protein-DNA complex organization","5/890","93/18773",0.0537634408602151,1.13404615198744,0.289092934484807,0.452606211983432,0.811765480911634,0.746503068463378,"dr1/daxx/cenpx/macroh2a2/spty2d1",5
"GO:1905039","carboxylic acid transmembrane transport","5/890","93/18773",0.0537634408602151,1.13404615198744,0.289092934484807,0.452606211983432,0.811765480911634,0.746503068463378,"mpc1/slc25a11/slc38a5b/slc25a1a/sfxn1",5
"GO:0007033","vacuole organization","6/890","114/18773",0.0526315789473684,1.11017149615612,0.263213147461775,0.456535804529768,0.811765480911634,0.746503068463378,"zgc:92606/gabarapa/map1lc3b/atg13/snx30/rab34a",6
"GO:0051241","negative regulation of multicellular organismal process","9/890","176/18773",0.0511363636363636,1.07863253319714,0.233812240295531,0.45668368099468,0.811765480911634,0.746503068463378,"ptenb/id1/thbs1b/bnip3lb/ptena/n4bp1/gpatch3/cptp/aida",9
"GO:0033339","pectoral fin development","4/890","73/18773",0.0547945205479452,1.15579498229952,0.297525491167221,0.457486865460991,0.811765480911634,0.746503068463378,"ep300a/arl6/rnf2/zmat2",4
"GO:0044344","cellular response to fibroblast growth factor stimulus","4/890","73/18773",0.0547945205479452,1.15579498229952,0.297525491167221,0.457486865460991,0.811765480911634,0.746503068463378,"fgfr4/churc1/sulf2b/spry4",4
"GO:0070507","regulation of microtubule cytoskeleton organization","4/890","73/18773",0.0547945205479452,1.15579498229952,0.297525491167221,0.457486865460991,0.811765480911634,0.746503068463378,"dync1li2/tprb/clasp1a/mapre1b",4
"GO:0071774","response to fibroblast growth factor","4/890","73/18773",0.0547945205479452,1.15579498229952,0.297525491167221,0.457486865460991,0.811765480911634,0.746503068463378,"fgfr4/churc1/sulf2b/spry4",4
"GO:0034976","response to endoplasmic reticulum stress","7/890","135/18773",0.0518518518518519,1.09372451102788,0.24380943143671,0.45943139104081,0.811765480911634,0.746503068463378,"herpud2/parp16/rnf121/nck1b/man1a2/aup1/nccrp1",7
"GO:0050790","regulation of catalytic activity","11/890","218/18773",0.0504587155963303,1.06433872796619,0.213157356451423,0.46001655298071,0.811765480911634,0.746503068463378,"timp2a/ccnyl1/casp2/cast/serpinh2/axin1/arap3/phactr4b/fzr1a/svbp/aida",11
"GO:0000226","microtubule cytoskeleton organization","19/890","385/18773",0.0493506493506494,1.04096600029184,0.181182717325117,0.462116162959363,0.811765480911634,0.746503068463378,"pard6gb/dync1li2/rock2a/tacc1/pafah1b1a/ranbp1/tprb/clasp1a/ntmt1/npm1b/aurkb/akap9/plk2b/tuba1a/chordc1a/ptpa/map7d1a/mark2b/mapre1b",19
"GO:0035967","cellular response to topologically incorrect protein","3/890","53/18773",0.0566037735849057,1.1939580241679,0.315444421695573,0.462778460727042,0.811765480911634,0.746503068463378,"herpud2/parp16/nck1b",3
"GO:0061351","neural precursor cell proliferation","3/890","53/18773",0.0566037735849057,1.1939580241679,0.315444421695573,0.462778460727042,0.811765480911634,0.746503068463378,"tcf7l1a/hapln1b/chd8",3
"GO:0072522","purine-containing compound biosynthetic process","9/890","177/18773",0.0508474576271186,1.07253856408303,0.216309655983301,0.46343861345153,0.811765480911634,0.746503068463378,"nme2b.1/ak1/ada2a/si:ch211-140m22.7/nme3/antkmt/pank4/npr1a/adcy7",9
"GO:0003006","developmental process involved in reproduction","10/890","198/18773",0.0505050505050505,1.06531608217001,0.206119176397209,0.464886664835791,0.811765480911634,0.746503068463378,"ybx1/strbp/rbpms2a/smad2/larp7/pafah1b1a/rbpms2b/agfg1a/bmpr2b/ccnb1",10
"GO:0006486","protein glycosylation","10/890","198/18773",0.0505050505050505,1.06531608217001,0.206119176397209,0.464886664835791,0.811765480911634,0.746503068463378,"crppa/rpn2/zgc:162952/gcnt4a/poglut2/magt1/ost4/srd5a3/extl2/alg9",10
"GO:0016042","lipid catabolic process","10/890","198/18773",0.0505050505050505,1.06531608217001,0.206119176397209,0.464886664835791,0.811765480911634,0.746503068463378,"cyp26b1/bco1/plcg1/abhd6a/acads/pla2g6/srd5a3/plcd1a/hadh/eci1",10
"GO:0043413","macromolecule glycosylation","10/890","198/18773",0.0505050505050505,1.06531608217001,0.206119176397209,0.464886664835791,0.811765480911634,0.746503068463378,"crppa/rpn2/zgc:162952/gcnt4a/poglut2/magt1/ost4/srd5a3/extl2/alg9",10
"GO:0045216","cell-cell junction organization","6/890","115/18773",0.0521739130434783,1.10051783097215,0.241206813951497,0.464932107265809,0.811765480911634,0.746503068463378,"marveld2a/rock1/dspb/cldn11b/heg1/jupa",6
"GO:0007007","inner mitochondrial membrane organization","2/890","33/18773",0.0606060606060606,1.27837929860402,0.35705835576441,0.468155113311696,0.811765480911634,0.746503068463378,"romo1/apoob",2
"GO:0009190","cyclic nucleotide biosynthetic process","2/890","33/18773",0.0606060606060606,1.27837929860402,0.35705835576441,0.468155113311696,0.811765480911634,0.746503068463378,"npr1a/adcy7",2
"GO:0032400","melanosome localization","2/890","33/18773",0.0606060606060606,1.27837929860402,0.35705835576441,0.468155113311696,0.811765480911634,0.746503068463378,"arl6/ocrl",2
"GO:0061326","renal tubule development","2/890","33/18773",0.0606060606060606,1.27837929860402,0.35705835576441,0.468155113311696,0.811765480911634,0.746503068463378,"etv5a/ocrl",2
"GO:0001541","ovarian follicle development","1/890","13/18773",0.0769230769230769,1.62255834053587,0.500916575379374,0.468262599058281,0.811765480911634,0.746503068463378,"bmpr2b",1
"GO:0001845","phagolysosome assembly","1/890","13/18773",0.0769230769230769,1.62255834053587,0.500916575379374,0.468262599058281,0.811765480911634,0.746503068463378,"rab34a",1
"GO:0002702","positive regulation of production of molecular mediator of immune response","1/890","13/18773",0.0769230769230769,1.62255834053587,0.500916575379374,0.468262599058281,0.811765480911634,0.746503068463378,"kmt5b",1
"GO:0002703","regulation of leukocyte mediated immunity","1/890","13/18773",0.0769230769230769,1.62255834053587,0.500916575379374,0.468262599058281,0.811765480911634,0.746503068463378,"kmt5b",1
"GO:0002791","regulation of peptide secretion","1/890","13/18773",0.0769230769230769,1.62255834053587,0.500916575379374,0.468262599058281,0.811765480911634,0.746503068463378,"uqcc2",1
"GO:0007064","mitotic sister chromatid cohesion","1/890","13/18773",0.0769230769230769,1.62255834053587,0.500916575379374,0.468262599058281,0.811765480911634,0.746503068463378,"pds5a",1
"GO:0007398","ectoderm development","1/890","13/18773",0.0769230769230769,1.62255834053587,0.500916575379374,0.468262599058281,0.811765480911634,0.746503068463378,"zdhhc13",1
"GO:0009303","rRNA transcription","1/890","13/18773",0.0769230769230769,1.62255834053587,0.500916575379374,0.468262599058281,0.811765480911634,0.746503068463378,"macroh2a2",1
"GO:0010717","regulation of epithelial to mesenchymal transition","1/890","13/18773",0.0769230769230769,1.62255834053587,0.500916575379374,0.468262599058281,0.811765480911634,0.746503068463378,"rnf2",1
"GO:0016973","poly(A)+ mRNA export from nucleus","1/890","13/18773",0.0769230769230769,1.62255834053587,0.500916575379374,0.468262599058281,0.811765480911634,0.746503068463378,"nxt2",1
"GO:0030388","fructose 1,6-bisphosphate metabolic process","1/890","13/18773",0.0769230769230769,1.62255834053587,0.500916575379374,0.468262599058281,0.811765480911634,0.746503068463378,"pfkpa",1
"GO:0031365","N-terminal protein amino acid modification","1/890","13/18773",0.0769230769230769,1.62255834053587,0.500916575379374,0.468262599058281,0.811765480911634,0.746503068463378,"ntmt1",1
"GO:0032968","positive regulation of transcription elongation by RNA polymerase II","1/890","13/18773",0.0769230769230769,1.62255834053587,0.500916575379374,0.468262599058281,0.811765480911634,0.746503068463378,"cdk12",1
"GO:0033336","caudal fin development","1/890","13/18773",0.0769230769230769,1.62255834053587,0.500916575379374,0.468262599058281,0.811765480911634,0.746503068463378,"smo",1
"GO:0034248","regulation of amide metabolic process","1/890","13/18773",0.0769230769230769,1.62255834053587,0.500916575379374,0.468262599058281,0.811765480911634,0.746503068463378,"pla2g6",1
"GO:0034394","protein localization to cell surface","1/890","13/18773",0.0769230769230769,1.62255834053587,0.500916575379374,0.468262599058281,0.811765480911634,0.746503068463378,"unc50",1
"GO:0035701","hematopoietic stem cell migration","1/890","13/18773",0.0769230769230769,1.62255834053587,0.500916575379374,0.468262599058281,0.811765480911634,0.746503068463378,"cxcl12a",1
"GO:0036010","protein localization to endosome","1/890","13/18773",0.0769230769230769,1.62255834053587,0.500916575379374,0.468262599058281,0.811765480911634,0.746503068463378,"erbin",1
"GO:0042407","cristae formation","1/890","13/18773",0.0769230769230769,1.62255834053587,0.500916575379374,0.468262599058281,0.811765480911634,0.746503068463378,"apoob",1
"GO:0043271","negative regulation of monoatomic ion transport","1/890","13/18773",0.0769230769230769,1.62255834053587,0.500916575379374,0.468262599058281,0.811765480911634,0.746503068463378,"wnk1b",1
"GO:0043363","nucleate erythrocyte differentiation","1/890","13/18773",0.0769230769230769,1.62255834053587,0.500916575379374,0.468262599058281,0.811765480911634,0.746503068463378,"sfxn1",1
"GO:0045661","regulation of myoblast differentiation","1/890","13/18773",0.0769230769230769,1.62255834053587,0.500916575379374,0.468262599058281,0.811765480911634,0.746503068463378,"flot2b",1
"GO:0046578","regulation of Ras protein signal transduction","1/890","13/18773",0.0769230769230769,1.62255834053587,0.500916575379374,0.468262599058281,0.811765480911634,0.746503068463378,"spry4",1
"GO:0048008","platelet-derived growth factor receptor signaling pathway","1/890","13/18773",0.0769230769230769,1.62255834053587,0.500916575379374,0.468262599058281,0.811765480911634,0.746503068463378,"foxc1b",1
"GO:0048199","vesicle targeting, to, from or within Golgi","1/890","13/18773",0.0769230769230769,1.62255834053587,0.500916575379374,0.468262599058281,0.811765480911634,0.746503068463378,"arfgap2",1
"GO:0048898","anterior lateral line system development","1/890","13/18773",0.0769230769230769,1.62255834053587,0.500916575379374,0.468262599058281,0.811765480911634,0.746503068463378,"lrp5",1
"GO:0048923","posterior lateral line neuromast hair cell differentiation","1/890","13/18773",0.0769230769230769,1.62255834053587,0.500916575379374,0.468262599058281,0.811765480911634,0.746503068463378,"lrp5",1
"GO:0050853","B cell receptor signaling pathway","1/890","13/18773",0.0769230769230769,1.62255834053587,0.500916575379374,0.468262599058281,0.811765480911634,0.746503068463378,"si:dkey-52l18.4",1
"GO:0051222","positive regulation of protein transport","1/890","13/18773",0.0769230769230769,1.62255834053587,0.500916575379374,0.468262599058281,0.811765480911634,0.746503068463378,"marcksb",1
"GO:0060158","phospholipase C-activating dopamine receptor signaling pathway","1/890","13/18773",0.0769230769230769,1.62255834053587,0.500916575379374,0.468262599058281,0.811765480911634,0.746503068463378,"gna11b",1
"GO:0060351","cartilage development involved in endochondral bone morphogenesis","1/890","13/18773",0.0769230769230769,1.62255834053587,0.500916575379374,0.468262599058281,0.811765480911634,0.746503068463378,"rap1aa",1
"GO:0061842","microtubule organizing center localization","1/890","13/18773",0.0769230769230769,1.62255834053587,0.500916575379374,0.468262599058281,0.811765480911634,0.746503068463378,"akap9",1
"GO:0070536","protein K63-linked deubiquitination","1/890","13/18773",0.0769230769230769,1.62255834053587,0.500916575379374,0.468262599058281,0.811765480911634,0.746503068463378,"otud5a",1
"GO:0071698","olfactory placode development","1/890","13/18773",0.0769230769230769,1.62255834053587,0.500916575379374,0.468262599058281,0.811765480911634,0.746503068463378,"axin1",1
"GO:0072576","liver morphogenesis","1/890","13/18773",0.0769230769230769,1.62255834053587,0.500916575379374,0.468262599058281,0.811765480911634,0.746503068463378,"zfyve9a",1
"GO:0090087","regulation of peptide transport","1/890","13/18773",0.0769230769230769,1.62255834053587,0.500916575379374,0.468262599058281,0.811765480911634,0.746503068463378,"uqcc2",1
"GO:0090276","regulation of peptide hormone secretion","1/890","13/18773",0.0769230769230769,1.62255834053587,0.500916575379374,0.468262599058281,0.811765480911634,0.746503068463378,"uqcc2",1
"GO:1902692","regulation of neuroblast proliferation","1/890","13/18773",0.0769230769230769,1.62255834053587,0.500916575379374,0.468262599058281,0.811765480911634,0.746503068463378,"hapln1b",1
"GO:1902969","mitotic DNA replication","1/890","13/18773",0.0769230769230769,1.62255834053587,0.500916575379374,0.468262599058281,0.811765480911634,0.746503068463378,"rtf2",1
"GO:1903825","organic acid transmembrane transport","5/890","95/18773",0.0526315789473684,1.11017149615612,0.240157388429731,0.471158415768452,0.814622063875691,0.74912999458691,"mpc1/slc25a11/slc38a5b/slc25a1a/sfxn1",5
"GO:0043242","negative regulation of protein-containing complex disassembly","3/890","54/18773",0.0555555555555556,1.17184769038702,0.28211705734015,0.475130472239938,0.814622063875691,0.74912999458691,"add3a/scaf4a/capgb",3
"GO:0016072","rRNA metabolic process","9/890","179/18773",0.0502793296089385,1.06055489297596,0.181601499787432,0.476900480910846,0.814622063875691,0.74912999458691,"sart1/eri1/c1d/esf1/nsa2/mtrex/macroh2a2/kri1/wdr46",9
"GO:0097530","granulocyte migration","4/890","75/18773",0.0533333333333333,1.12497378277154,0.241925728371535,0.478430163790712,0.814622063875691,0.74912999458691,"cxcl12a/lgals3b/myd88/cxcl20",4
"GO:0000910","cytokinesis","5/890","96/18773",0.0520833333333333,1.09860720973783,0.216083106491623,0.480360110024748,0.814622063875691,0.74912999458691,"rock1/rock2a/myh10/aurkb/chmp4ba",5
"GO:0009150","purine ribonucleotide metabolic process","9/890","180/18773",0.05,1.05466292134831,0.164393424985902,0.483603908877323,0.814622063875691,0.74912999458691,"nme2b.1/pfkpa/ak1/nudt3b/si:ch211-140m22.7/nme3/antkmt/npr1a/adcy7",9
"GO:0003231","cardiac ventricle development","2/890","34/18773",0.0588235294117647,1.24077990746861,0.313484869297614,0.483847388993322,0.814622063875691,0.74912999458691,"smo/myh9b",2
"GO:0009066","aspartate family amino acid metabolic process","2/890","34/18773",0.0588235294117647,1.24077990746861,0.313484869297614,0.483847388993322,0.814622063875691,0.74912999458691,"bhmt/tdh2",2
"GO:0034332","adherens junction organization","2/890","34/18773",0.0588235294117647,1.24077990746861,0.313484869297614,0.483847388993322,0.814622063875691,0.74912999458691,"rock1/jupa",2
"GO:0051293","establishment of spindle localization","2/890","34/18773",0.0588235294117647,1.24077990746861,0.313484869297614,0.483847388993322,0.814622063875691,0.74912999458691,"pafah1b1a/clasp1a",2
"GO:0051653","spindle localization","2/890","34/18773",0.0588235294117647,1.24077990746861,0.313484869297614,0.483847388993322,0.814622063875691,0.74912999458691,"pafah1b1a/clasp1a",2
"GO:0071600","otic vesicle morphogenesis","2/890","34/18773",0.0588235294117647,1.24077990746861,0.313484869297614,0.483847388993322,0.814622063875691,0.74912999458691,"smad5/eya1",2
"GO:0000082","G1/S transition of mitotic cell cycle","3/890","55/18773",0.0545454545454545,1.15054136874362,0.24942361622506,0.487349749385424,0.814622063875691,0.74912999458691,"cdk8/ppp6c/ccnb1",3
"GO:0010842","retina layer formation","3/890","55/18773",0.0545454545454545,1.15054136874362,0.24942361622506,0.487349749385424,0.814622063875691,0.74912999458691,"mcrs1/marcksb/cyfip2",3
"GO:0030837","negative regulation of actin filament polymerization","3/890","55/18773",0.0545454545454545,1.15054136874362,0.24942361622506,0.487349749385424,0.814622063875691,0.74912999458691,"tmsb4x/add3a/capgb",3
"GO:0033044","regulation of chromosome organization","3/890","55/18773",0.0545454545454545,1.15054136874362,0.24942361622506,0.487349749385424,0.814622063875691,0.74912999458691,"anapc11/aurkb/si:ch211-13c6.2",3
"GO:0034440","lipid oxidation","3/890","55/18773",0.0545454545454545,1.15054136874362,0.24942361622506,0.487349749385424,0.814622063875691,0.74912999458691,"acads/hadh/eci1",3
"GO:0003018","vascular process in circulatory system","4/890","76/18773",0.0526315789473684,1.11017149615612,0.214694128409537,0.488784079615491,0.814622063875691,0.74912999458691,"plvapb/pawr/foxc1b/gclc",4
"GO:0006694","steroid biosynthetic process","4/890","76/18773",0.0526315789473684,1.11017149615612,0.214694128409537,0.488784079615491,0.814622063875691,0.74912999458691,"fgfr4/hmgcrb/sc5d/fdx1b",4
"GO:0036503","ERAD pathway","4/890","76/18773",0.0526315789473684,1.11017149615612,0.214694128409537,0.488784079615491,0.814622063875691,0.74912999458691,"rnf121/man1a2/aup1/nccrp1",4
"GO:0042594","response to starvation","4/890","76/18773",0.0526315789473684,1.11017149615612,0.214694128409537,0.488784079615491,0.814622063875691,0.74912999458691,"pak2b/zgc:92606/gabarapa/map1lc3b",4
"GO:0035162","embryonic hemopoiesis","5/890","97/18773",0.0515463917525773,1.08728136221476,0.192262921847025,0.489506903129946,0.814622063875691,0.74912999458691,"yap1/myct1a/etv5a/lmo2/csrnp1a",5
"GO:0000097","sulfur amino acid biosynthetic process","1/890","14/18773",0.0714285714285714,1.50666131621188,0.423064915400015,0.493488946970761,0.814622063875691,0.74912999458691,"bhmt",1
"GO:0000963","mitochondrial RNA processing","1/890","14/18773",0.0714285714285714,1.50666131621188,0.423064915400015,0.493488946970761,0.814622063875691,0.74912999458691,"cdk5rap1",1
"GO:0002700","regulation of production of molecular mediator of immune response","1/890","14/18773",0.0714285714285714,1.50666131621188,0.423064915400015,0.493488946970761,0.814622063875691,0.74912999458691,"kmt5b",1
"GO:0002832","negative regulation of response to biotic stimulus","1/890","14/18773",0.0714285714285714,1.50666131621188,0.423064915400015,0.493488946970761,0.814622063875691,0.74912999458691,"trafd1",1
"GO:0005979","regulation of glycogen biosynthetic process","1/890","14/18773",0.0714285714285714,1.50666131621188,0.423064915400015,0.493488946970761,0.814622063875691,0.74912999458691,"ppp1r3b",1
"GO:0006140","regulation of nucleotide metabolic process","1/890","14/18773",0.0714285714285714,1.50666131621188,0.423064915400015,0.493488946970761,0.814622063875691,0.74912999458691,"antkmt",1
"GO:0006171","cAMP biosynthetic process","1/890","14/18773",0.0714285714285714,1.50666131621188,0.423064915400015,0.493488946970761,0.814622063875691,0.74912999458691,"adcy7",1
"GO:0006278","RNA-templated DNA biosynthetic process","1/890","14/18773",0.0714285714285714,1.50666131621188,0.423064915400015,0.493488946970761,0.814622063875691,0.74912999458691,"ptges3a",1
"GO:0006577","amino-acid betaine metabolic process","1/890","14/18773",0.0714285714285714,1.50666131621188,0.423064915400015,0.493488946970761,0.814622063875691,0.74912999458691,"bhmt",1
"GO:0007004","telomere maintenance via telomerase","1/890","14/18773",0.0714285714285714,1.50666131621188,0.423064915400015,0.493488946970761,0.814622063875691,0.74912999458691,"ptges3a",1
"GO:0007168","receptor guanylyl cyclase signaling pathway","1/890","14/18773",0.0714285714285714,1.50666131621188,0.423064915400015,0.493488946970761,0.814622063875691,0.74912999458691,"npr1a",1
"GO:0008089","anterograde axonal transport","1/890","14/18773",0.0714285714285714,1.50666131621188,0.423064915400015,0.493488946970761,0.814622063875691,0.74912999458691,"kif3a",1
"GO:0009070","serine family amino acid biosynthetic process","1/890","14/18773",0.0714285714285714,1.50666131621188,0.423064915400015,0.493488946970761,0.814622063875691,0.74912999458691,"phgdh",1
"GO:0009129","pyrimidine nucleoside monophosphate metabolic process","1/890","14/18773",0.0714285714285714,1.50666131621188,0.423064915400015,0.493488946970761,0.814622063875691,0.74912999458691,"tyms",1
"GO:0009130","pyrimidine nucleoside monophosphate biosynthetic process","1/890","14/18773",0.0714285714285714,1.50666131621188,0.423064915400015,0.493488946970761,0.814622063875691,0.74912999458691,"tyms",1
"GO:0009409","response to cold","1/890","14/18773",0.0714285714285714,1.50666131621188,0.423064915400015,0.493488946970761,0.814622063875691,0.74912999458691,"cirbpb",1
"GO:0010962","regulation of glucan biosynthetic process","1/890","14/18773",0.0714285714285714,1.50666131621188,0.423064915400015,0.493488946970761,0.814622063875691,0.74912999458691,"ppp1r3b",1
"GO:0016114","terpenoid biosynthetic process","1/890","14/18773",0.0714285714285714,1.50666131621188,0.423064915400015,0.493488946970761,0.814622063875691,0.74912999458691,"rcor1",1
"GO:0021508","floor plate formation","1/890","14/18773",0.0714285714285714,1.50666131621188,0.423064915400015,0.493488946970761,0.814622063875691,0.74912999458691,"smo",1
"GO:0021884","forebrain neuron development","1/890","14/18773",0.0714285714285714,1.50666131621188,0.423064915400015,0.493488946970761,0.814622063875691,0.74912999458691,"otpa",1
"GO:0030204","chondroitin sulfate metabolic process","1/890","14/18773",0.0714285714285714,1.50666131621188,0.423064915400015,0.493488946970761,0.814622063875691,0.74912999458691,"chpf2",1
"GO:0032836","glomerular basement membrane development","1/890","14/18773",0.0714285714285714,1.50666131621188,0.423064915400015,0.493488946970761,0.814622063875691,0.74912999458691,"sulf2b",1
"GO:0032958","inositol phosphate biosynthetic process","1/890","14/18773",0.0714285714285714,1.50666131621188,0.423064915400015,0.493488946970761,0.814622063875691,0.74912999458691,"itpkb",1
"GO:0033505","floor plate morphogenesis","1/890","14/18773",0.0714285714285714,1.50666131621188,0.423064915400015,0.493488946970761,0.814622063875691,0.74912999458691,"smo",1
"GO:0034614","cellular response to reactive oxygen species","1/890","14/18773",0.0714285714285714,1.50666131621188,0.423064915400015,0.493488946970761,0.814622063875691,0.74912999458691,"romo1",1
"GO:0035435","phosphate ion transmembrane transport","1/890","14/18773",0.0714285714285714,1.50666131621188,0.423064915400015,0.493488946970761,0.814622063875691,0.74912999458691,"slc25a11",1
"GO:0035775","pronephric glomerulus morphogenesis","1/890","14/18773",0.0714285714285714,1.50666131621188,0.423064915400015,0.493488946970761,0.814622063875691,0.74912999458691,"mdm2",1
"GO:0042771","intrinsic apoptotic signaling pathway in response to DNA damage by p53 class mediator","1/890","14/18773",0.0714285714285714,1.50666131621188,0.423064915400015,0.493488946970761,0.814622063875691,0.74912999458691,"uri1",1
"GO:0043001","Golgi to plasma membrane protein transport","1/890","14/18773",0.0714285714285714,1.50666131621188,0.423064915400015,0.493488946970761,0.814622063875691,0.74912999458691,"rab34a",1
"GO:0044088","regulation of vacuole organization","1/890","14/18773",0.0714285714285714,1.50666131621188,0.423064915400015,0.493488946970761,0.814622063875691,0.74912999458691,"snx30",1
"GO:0045176","apical protein localization","1/890","14/18773",0.0714285714285714,1.50666131621188,0.423064915400015,0.493488946970761,0.814622063875691,0.74912999458691,"pard6gb",1
"GO:0045685","regulation of glial cell differentiation","1/890","14/18773",0.0714285714285714,1.50666131621188,0.423064915400015,0.493488946970761,0.814622063875691,0.74912999458691,"znf16l",1
"GO:0046164","alcohol catabolic process","1/890","14/18773",0.0714285714285714,1.50666131621188,0.423064915400015,0.493488946970761,0.814622063875691,0.74912999458691,"srd5a3",1
"GO:0046456","icosanoid biosynthetic process","1/890","14/18773",0.0714285714285714,1.50666131621188,0.423064915400015,0.493488946970761,0.814622063875691,0.74912999458691,"ptges3a",1
"GO:0048268","clathrin coat assembly","1/890","14/18773",0.0714285714285714,1.50666131621188,0.423064915400015,0.493488946970761,0.814622063875691,0.74912999458691,"fcho2",1
"GO:0051489","regulation of filopodium assembly","1/890","14/18773",0.0714285714285714,1.50666131621188,0.423064915400015,0.493488946970761,0.814622063875691,0.74912999458691,"nrp1a",1
"GO:0060021","roof of mouth development","1/890","14/18773",0.0714285714285714,1.50666131621188,0.423064915400015,0.493488946970761,0.814622063875691,0.74912999458691,"smad5",1
"GO:0061300","cerebellum vasculature development","1/890","14/18773",0.0714285714285714,1.50666131621188,0.423064915400015,0.493488946970761,0.814622063875691,0.74912999458691,"foxc1b",1
"GO:0070059","intrinsic apoptotic signaling pathway in response to endoplasmic reticulum stress","1/890","14/18773",0.0714285714285714,1.50666131621188,0.423064915400015,0.493488946970761,0.814622063875691,0.74912999458691,"nck1b",1
"GO:0071277","cellular response to calcium ion","1/890","14/18773",0.0714285714285714,1.50666131621188,0.423064915400015,0.493488946970761,0.814622063875691,0.74912999458691,"slc25a24",1
"GO:0090151","establishment of protein localization to mitochondrial membrane","1/890","14/18773",0.0714285714285714,1.50666131621188,0.423064915400015,0.493488946970761,0.814622063875691,0.74912999458691,"romo1",1
"GO:0120305","regulation of pigmentation","1/890","14/18773",0.0714285714285714,1.50666131621188,0.423064915400015,0.493488946970761,0.814622063875691,0.74912999458691,"gdf6a",1
"GO:1900542","regulation of purine nucleotide metabolic process","1/890","14/18773",0.0714285714285714,1.50666131621188,0.423064915400015,0.493488946970761,0.814622063875691,0.74912999458691,"antkmt",1
"GO:1901534","positive regulation of hematopoietic progenitor cell differentiation","1/890","14/18773",0.0714285714285714,1.50666131621188,0.423064915400015,0.493488946970761,0.814622063875691,0.74912999458691,"myd88",1
"GO:1902275","regulation of chromatin organization","1/890","14/18773",0.0714285714285714,1.50666131621188,0.423064915400015,0.493488946970761,0.814622063875691,0.74912999458691,"si:ch211-13c6.2",1
"GO:1902358","sulfate transmembrane transport","1/890","14/18773",0.0714285714285714,1.50666131621188,0.423064915400015,0.493488946970761,0.814622063875691,0.74912999458691,"slc25a11",1
"GO:1903076","regulation of protein localization to plasma membrane","1/890","14/18773",0.0714285714285714,1.50666131621188,0.423064915400015,0.493488946970761,0.814622063875691,0.74912999458691,"camk2g2",1
"GO:1903578","regulation of ATP metabolic process","1/890","14/18773",0.0714285714285714,1.50666131621188,0.423064915400015,0.493488946970761,0.814622063875691,0.74912999458691,"antkmt",1
"GO:2000781","positive regulation of double-strand break repair","1/890","14/18773",0.0714285714285714,1.50666131621188,0.423064915400015,0.493488946970761,0.814622063875691,0.74912999458691,"kmt5b",1
"GO:0008015","blood circulation","14/890","287/18773",0.048780487804878,1.02893943546177,0.110214723807422,0.495373273485478,0.817182676435695,0.751484745039026,"plvapb/tpm4a/rbpms2a/dhfr/spen/plcg1/bnip3lb/dspb/pawr/foxc1b/rbpms2b/skia/gclc/dldh",14
"GO:0006364","rRNA processing","8/890","161/18773",0.0496894409937888,1.04811221997348,0.136773481024211,0.497319913671253,0.818917061342657,0.753079692946258,"sart1/eri1/c1d/esf1/nsa2/mtrex/kri1/wdr46",8
"GO:0006939","smooth muscle contraction","2/890","35/18773",0.0571428571428571,1.2053290529695,0.271239476038091,0.499249031732501,0.818917061342657,0.753079692946258,"rock2a/sulf2b",2
"GO:0030199","collagen fibril organization","2/890","35/18773",0.0571428571428571,1.2053290529695,0.271239476038091,0.499249031732501,0.818917061342657,0.753079692946258,"plod3/serpinh2",2
"GO:0033013","tetrapyrrole metabolic process","2/890","35/18773",0.0571428571428571,1.2053290529695,0.271239476038091,0.499249031732501,0.818917061342657,0.753079692946258,"tmem14ca/alas1",2
"GO:0045494","photoreceptor cell maintenance","2/890","35/18773",0.0571428571428571,1.2053290529695,0.271239476038091,0.499249031732501,0.818917061342657,0.753079692946258,"dram2b/kif3a",2
"GO:0046148","pigment biosynthetic process","2/890","35/18773",0.0571428571428571,1.2053290529695,0.271239476038091,0.499249031732501,0.818917061342657,0.753079692946258,"tmem14ca/alas1",2
"GO:0071697","ectodermal placode morphogenesis","2/890","35/18773",0.0571428571428571,1.2053290529695,0.271239476038091,0.499249031732501,0.818917061342657,0.753079692946258,"axin1/smad5",2
"GO:0032272","negative regulation of protein polymerization","3/890","56/18773",0.0535714285714286,1.12999598715891,0.217338130708082,0.49942923920449,0.818917061342657,0.753079692946258,"tmsb4x/add3a/capgb",3
"GO:1901607","alpha-amino acid biosynthetic process","3/890","56/18773",0.0535714285714286,1.12999598715891,0.217338130708082,0.49942923920449,0.818917061342657,0.753079692946258,"glulb/phgdh/bhmt",3
"GO:0007610","behavior","14/890","288/18773",0.0486111111111111,1.02536672908864,0.0967789876746411,0.500672731520704,0.82040762219124,0.75445041918846,"rnf121/sqstm1/sf3b4/ascc1/pim1/tpp1/cfap20/fhl1b/psd2/otpa/reep1/lamc1/pnpo/keap1b",14
"GO:0019722","calcium-mediated signaling","4/890","78/18773",0.0512820512820513,1.08170556035725,0.161311848268959,0.509231242604099,0.822199532337105,0.756098267555696,"ppp3r1a/ppp1r9ba/rgn/chp1",4
"GO:0009064","glutamine family amino acid metabolic process","3/890","57/18773",0.0526315789473684,1.11017149615612,0.185836169325024,0.511362467854362,0.822199532337105,0.756098267555696,"glulb/gclc/pnpo",3
"GO:0045664","regulation of neuron differentiation","3/890","57/18773",0.0526315789473684,1.11017149615612,0.185836169325024,0.511362467854362,0.822199532337105,0.756098267555696,"id1/id2a/lfng",3
"GO:0055007","cardiac muscle cell differentiation","3/890","57/18773",0.0526315789473684,1.11017149615612,0.185836169325024,0.511362467854362,0.822199532337105,0.756098267555696,"tpm4a/pbx2/rnf2",3
"GO:0070372","regulation of ERK1 and ERK2 cascade","3/890","57/18773",0.0526315789473684,1.11017149615612,0.185836169325024,0.511362467854362,0.822199532337105,0.756098267555696,"fgfr4/ptpn2b/spry4",3
"GO:0006749","glutathione metabolic process","2/890","36/18773",0.0555555555555556,1.17184769038702,0.230236942586984,0.514352307713524,0.822199532337105,0.756098267555696,"chac1/gclc",2
"GO:0010951","negative regulation of endopeptidase activity","2/890","36/18773",0.0555555555555556,1.17184769038702,0.230236942586984,0.514352307713524,0.822199532337105,0.756098267555696,"cast/serpinh2",2
"GO:0016126","sterol biosynthetic process","2/890","36/18773",0.0555555555555556,1.17184769038702,0.230236942586984,0.514352307713524,0.822199532337105,0.756098267555696,"hmgcrb/sc5d",2
"GO:0021522","spinal cord motor neuron differentiation","2/890","36/18773",0.0555555555555556,1.17184769038702,0.230236942586984,0.514352307713524,0.822199532337105,0.756098267555696,"smo/otpa",2
"GO:0000272","polysaccharide catabolic process","1/890","15/18773",0.0666666666666667,1.40621722846442,0.35110805282129,0.517519803476759,0.822199532337105,0.756098267555696,"ppp1r3b",1
"GO:0001655","urogenital system development","1/890","15/18773",0.0666666666666667,1.40621722846442,0.35110805282129,0.517519803476759,0.822199532337105,0.756098267555696,"pard6gb",1
"GO:0001881","receptor recycling","1/890","15/18773",0.0666666666666667,1.40621722846442,0.35110805282129,0.517519803476759,0.822199532337105,0.756098267555696,"ocrl",1
"GO:0005980","glycogen catabolic process","1/890","15/18773",0.0666666666666667,1.40621722846442,0.35110805282129,0.517519803476759,0.822199532337105,0.756098267555696,"ppp1r3b",1
"GO:0006614","SRP-dependent cotranslational protein targeting to membrane","1/890","15/18773",0.0666666666666667,1.40621722846442,0.35110805282129,0.517519803476759,0.822199532337105,0.756098267555696,"srp19",1
"GO:0006692","prostanoid metabolic process","1/890","15/18773",0.0666666666666667,1.40621722846442,0.35110805282129,0.517519803476759,0.822199532337105,0.756098267555696,"ptges3a",1
"GO:0006693","prostaglandin metabolic process","1/890","15/18773",0.0666666666666667,1.40621722846442,0.35110805282129,0.517519803476759,0.822199532337105,0.756098267555696,"ptges3a",1
"GO:0006984","ER-nucleus signaling pathway","1/890","15/18773",0.0666666666666667,1.40621722846442,0.35110805282129,0.517519803476759,0.822199532337105,0.756098267555696,"nck1b",1
"GO:0007413","axonal fasciculation","1/890","15/18773",0.0666666666666667,1.40621722846442,0.35110805282129,0.517519803476759,0.822199532337105,0.756098267555696,"nrp1a",1
"GO:0008078","mesodermal cell migration","1/890","15/18773",0.0666666666666667,1.40621722846442,0.35110805282129,0.517519803476759,0.822199532337105,0.756098267555696,"ctnnd1",1
"GO:0009068","aspartate family amino acid catabolic process","1/890","15/18773",0.0666666666666667,1.40621722846442,0.35110805282129,0.517519803476759,0.822199532337105,0.756098267555696,"tdh2",1
"GO:0009251","glucan catabolic process","1/890","15/18773",0.0666666666666667,1.40621722846442,0.35110805282129,0.517519803476759,0.822199532337105,0.756098267555696,"ppp1r3b",1
"GO:0009649","entrainment of circadian clock","1/890","15/18773",0.0666666666666667,1.40621722846442,0.35110805282129,0.517519803476759,0.822199532337105,0.756098267555696,"gna11b",1
"GO:0021603","cranial nerve formation","1/890","15/18773",0.0666666666666667,1.40621722846442,0.35110805282129,0.517519803476759,0.822199532337105,0.756098267555696,"tuba1a",1
"GO:0030512","negative regulation of transforming growth factor beta receptor signaling pathway","1/890","15/18773",0.0666666666666667,1.40621722846442,0.35110805282129,0.517519803476759,0.822199532337105,0.756098267555696,"skia",1
"GO:0031638","zymogen activation","1/890","15/18773",0.0666666666666667,1.40621722846442,0.35110805282129,0.517519803476759,0.822199532337105,0.756098267555696,"mmp14b",1
"GO:0031641","regulation of myelination","1/890","15/18773",0.0666666666666667,1.40621722846442,0.35110805282129,0.517519803476759,0.822199532337105,0.756098267555696,"znf16l",1
"GO:0032790","ribosome disassembly","1/890","15/18773",0.0666666666666667,1.40621722846442,0.35110805282129,0.517519803476759,0.822199532337105,0.756098267555696,"rack1",1
"GO:0032885","regulation of polysaccharide biosynthetic process","1/890","15/18773",0.0666666666666667,1.40621722846442,0.35110805282129,0.517519803476759,0.822199532337105,0.756098267555696,"ppp1r3b",1
"GO:0034315","regulation of Arp2/3 complex-mediated actin nucleation","1/890","15/18773",0.0666666666666667,1.40621722846442,0.35110805282129,0.517519803476759,0.822199532337105,0.756098267555696,"wasf2",1
"GO:0035268","protein mannosylation","1/890","15/18773",0.0666666666666667,1.40621722846442,0.35110805282129,0.517519803476759,0.822199532337105,0.756098267555696,"crppa",1
"GO:0035269","protein O-linked mannosylation","1/890","15/18773",0.0666666666666667,1.40621722846442,0.35110805282129,0.517519803476759,0.822199532337105,0.756098267555696,"crppa",1
"GO:0048742","regulation of skeletal muscle fiber development","1/890","15/18773",0.0666666666666667,1.40621722846442,0.35110805282129,0.517519803476759,0.822199532337105,0.756098267555696,"carm1",1
"GO:0050777","negative regulation of immune response","1/890","15/18773",0.0666666666666667,1.40621722846442,0.35110805282129,0.517519803476759,0.822199532337105,0.756098267555696,"trafd1",1
"GO:0060837","blood vessel endothelial cell differentiation","1/890","15/18773",0.0666666666666667,1.40621722846442,0.35110805282129,0.517519803476759,0.822199532337105,0.756098267555696,"smo",1
"GO:0061548","ganglion development","1/890","15/18773",0.0666666666666667,1.40621722846442,0.35110805282129,0.517519803476759,0.822199532337105,0.756098267555696,"adgra2",1
"GO:0062237","protein localization to postsynapse","1/890","15/18773",0.0666666666666667,1.40621722846442,0.35110805282129,0.517519803476759,0.822199532337105,0.756098267555696,"erbin",1
"GO:0097502","mannosylation","1/890","15/18773",0.0666666666666667,1.40621722846442,0.35110805282129,0.517519803476759,0.822199532337105,0.756098267555696,"crppa",1
"GO:0098877","neurotransmitter receptor transport to plasma membrane","1/890","15/18773",0.0666666666666667,1.40621722846442,0.35110805282129,0.517519803476759,0.822199532337105,0.756098267555696,"erbin",1
"GO:0098969","neurotransmitter receptor transport to postsynaptic membrane","1/890","15/18773",0.0666666666666667,1.40621722846442,0.35110805282129,0.517519803476759,0.822199532337105,0.756098267555696,"erbin",1
"GO:0106030","neuron projection fasciculation","1/890","15/18773",0.0666666666666667,1.40621722846442,0.35110805282129,0.517519803476759,0.822199532337105,0.756098267555696,"nrp1a",1
"GO:1901992","positive regulation of mitotic cell cycle phase transition","1/890","15/18773",0.0666666666666667,1.40621722846442,0.35110805282129,0.517519803476759,0.822199532337105,0.756098267555696,"anapc11",1
"GO:1903531","negative regulation of secretion by cell","1/890","15/18773",0.0666666666666667,1.40621722846442,0.35110805282129,0.517519803476759,0.822199532337105,0.756098267555696,"rap1aa",1
"GO:1903539","protein localization to postsynaptic membrane","1/890","15/18773",0.0666666666666667,1.40621722846442,0.35110805282129,0.517519803476759,0.822199532337105,0.756098267555696,"erbin",1
"GO:1903540","establishment of protein localization to postsynaptic membrane","1/890","15/18773",0.0666666666666667,1.40621722846442,0.35110805282129,0.517519803476759,0.822199532337105,0.756098267555696,"erbin",1
"GO:1904375","regulation of protein localization to cell periphery","1/890","15/18773",0.0666666666666667,1.40621722846442,0.35110805282129,0.517519803476759,0.822199532337105,0.756098267555696,"camk2g2",1
"GO:2000179","positive regulation of neural precursor cell proliferation","1/890","15/18773",0.0666666666666667,1.40621722846442,0.35110805282129,0.517519803476759,0.822199532337105,0.756098267555696,"hapln1b",1
"GO:2001238","positive regulation of extrinsic apoptotic signaling pathway","1/890","15/18773",0.0666666666666667,1.40621722846442,0.35110805282129,0.517519803476759,0.822199532337105,0.756098267555696,"tnfsf10",1
"GO:0051604","protein maturation","17/890","355/18773",0.047887323943662,1.01009969931951,0.042857957961944,0.518525589264441,0.823264252728591,0.757077389060601,"hsp90ab1/ppiaa/pfdn2/nfu1/pfdn6/hspb1/ece1/ptges3a/ciao1/tor1/cast/chac1/fkbp4/mmp14b/pfdn5/dohh/vbp1",17
"GO:0000075","cell cycle checkpoint signaling","4/890","79/18773",0.0506329113924051,1.06801308490969,0.135140334055904,0.51931525490896,0.823984683241706,0.757739900095255,"id2a/babam2/aurkb/nabp1a",4
"GO:0061024","membrane organization","18/890","377/18773",0.0477453580901857,1.00710517688433,0.0310895156897481,0.522238456137993,0.826619111994302,0.760162532239273,"slc25a5/sh3glb1a/romo1/chmp2a/apoob/tor1/si:ch211-71m22.1/arfgap2/stx6/sh3glb1b/bnip3lb/tmem30ab/vamp4/aurkb/chmp4ba/cptp/rab34a/fcho2",18
"GO:0090407","organophosphate biosynthetic process","18/890","377/18773",0.0477453580901857,1.00710517688433,0.0310895156897481,0.522238456137993,0.826619111994302,0.760162532239273,"nme2b.1/gpat3/uap1l1/gmppaa/rrm1/ak1/si:ch211-140m22.7/nme3/itpkb/antkmt/pank4/npr1a/tyms/adcy7/serinc5/pnpo/rrm2b/si:ch211-160o17.2",18
"GO:0021517","ventral spinal cord development","3/890","58/18773",0.0517241379310345,1.09103060829136,0.15489471991606,0.523143519958656,0.826619111994302,0.760162532239273,"smo/otpa/notch1b",3
"GO:0042770","signal transduction in response to DNA damage","3/890","58/18773",0.0517241379310345,1.09103060829136,0.15489471991606,0.523143519958656,0.826619111994302,0.760162532239273,"kmt5aa/id2a/babam2",3
"GO:1901991","negative regulation of mitotic cell cycle phase transition","3/890","58/18773",0.0517241379310345,1.09103060829136,0.15489471991606,0.523143519958656,0.826619111994302,0.760162532239273,"babam2/aurkb/nabp1a",3
"GO:0034329","cell junction assembly","9/890","186/18773",0.0483870967741935,1.02064153678869,0.0631137431960628,0.523334480606258,0.826619111994302,0.760162532239273,"marveld2a/thy1/limch1b/rock1/rock2a/fbxo45/limch1a/cldn11b/heg1",9
"GO:0048193","Golgi vesicle transport","9/890","186/18773",0.0483870967741935,1.02064153678869,0.0631137431960628,0.523334480606258,0.826619111994302,0.760162532239273,"yif1a/arfgap2/snx1a/stx6/trappc6b/sec22a/trappc4/tmed5/rab34a",9
"GO:0072006","nephron development","5/890","101/18773",0.0495049504950495,1.04422071420625,0.099407947732826,0.525472073888659,0.82924986928945,0.762581788095046,"slc43a1a/etv5a/sulf2b/ocrl/mdm2",5
"GO:0006873","intracellular monoatomic ion homeostasis","11/890","229/18773",0.0480349344978166,1.01321328688484,0.0448804274015661,0.526014185329957,0.82924986928945,0.762581788095046,"cxcl12a/ncoa4/tmem203/plcg1/atp13a1/micu2/rgn/slc9a6a/tm9sf4/plcd1a/ryk",11
"GO:0030003","intracellular monoatomic cation homeostasis","11/890","229/18773",0.0480349344978166,1.01321328688484,0.0448804274015661,0.526014185329957,0.82924986928945,0.762581788095046,"cxcl12a/ncoa4/tmem203/plcg1/atp13a1/micu2/rgn/slc9a6a/tm9sf4/plcd1a/ryk",11
"GO:0045332","phospholipid translocation","2/890","37/18773",0.0540540540540541,1.14017613118737,0.190399840582334,0.529150867366265,0.8311160215671,0.76429790984972,"si:ch211-71m22.1/tmem30ab",2
"GO:0048384","retinoic acid receptor signaling pathway","2/890","37/18773",0.0540540540540541,1.14017613118737,0.190399840582334,0.529150867366265,0.8311160215671,0.76429790984972,"cyp26b1/dhrs3b",2
"GO:0051875","pigment granule localization","2/890","37/18773",0.0540540540540541,1.14017613118737,0.190399840582334,0.529150867366265,0.8311160215671,0.76429790984972,"arl6/ocrl",2
"GO:0006644","phospholipid metabolic process","12/890","251/18773",0.047808764940239,1.00844263395855,0.0300400719758855,0.530069621088693,0.8311160215671,0.76429790984972,"gpat3/ptenb/plcg1/lpgat1/inpp5l/pla2g6/ptena/mboat2a/plcd1a/serinc5/ocrl/si:ch211-160o17.2",12
"GO:0140546","defense response to symbiont","17/890","358/18773",0.0474860335195531,1.00163517669952,0.00696867851203889,0.532753421608274,0.8311160215671,0.76429790984972,"ccl19b/trafd1/myd88/ppp1r14bb/akirin2/bnip3lb/otud6b/cxcl20/zdhhc5a/tollip/usp4/n4bp1/adam15/gpatch3/cptp/serinc5/trim33l",17
"GO:0051726","regulation of cell cycle","22/890","465/18773",0.0473118279569892,0.997960613748943,-0.00993426176795012,0.535404175047254,0.8311160215671,0.76429790984972,"hsp90ab1/anapc11/si:dkey-27i16.2/csnk2a1/rgcc/pagr1/ccnyl1/dync1li2/rock2a/pim1/rcc2/ranbp1/tprb/id2a/phactr4b/npm1b/babam2/aurkb/nupr1a/nabp1a/xiap/mdm2",22
"GO:0003013","circulatory system process","14/890","295/18773",0.0474576271186441,1.00103599314416,0.00400101791358885,0.537372597830864,0.8311160215671,0.76429790984972,"plvapb/tpm4a/rbpms2a/dhfr/spen/plcg1/bnip3lb/dspb/pawr/foxc1b/rbpms2b/skia/gclc/dldh",14
"GO:0003157","endocardium development","1/890","16/18773",0.0625,1.31832865168539,0.284173855587008,0.540411762902374,0.8311160215671,0.76429790984972,"smo",1
"GO:0003352","regulation of cilium movement","1/890","16/18773",0.0625,1.31832865168539,0.284173855587008,0.540411762902374,0.8311160215671,0.76429790984972,"cfap20",1
"GO:0003406","retinal pigment epithelium development","1/890","16/18773",0.0625,1.31832865168539,0.284173855587008,0.540411762902374,0.8311160215671,0.76429790984972,"yap1",1
"GO:0006346","DNA methylation-dependent heterochromatin formation","1/890","16/18773",0.0625,1.31832865168539,0.284173855587008,0.540411762902374,0.8311160215671,0.76429790984972,"si:ch211-13c6.2",1
"GO:0006491","N-glycan processing","1/890","16/18773",0.0625,1.31832865168539,0.284173855587008,0.540411762902374,0.8311160215671,0.76429790984972,"man2a2",1
"GO:0006613","cotranslational protein targeting to membrane","1/890","16/18773",0.0625,1.31832865168539,0.284173855587008,0.540411762902374,0.8311160215671,0.76429790984972,"srp19",1
"GO:0007418","ventral midline development","1/890","16/18773",0.0625,1.31832865168539,0.284173855587008,0.540411762902374,0.8311160215671,0.76429790984972,"smo",1
"GO:0009067","aspartate family amino acid biosynthetic process","1/890","16/18773",0.0625,1.31832865168539,0.284173855587008,0.540411762902374,0.8311160215671,0.76429790984972,"bhmt",1
"GO:0014074","response to purine-containing compound","1/890","16/18773",0.0625,1.31832865168539,0.284173855587008,0.540411762902374,0.8311160215671,0.76429790984972,"rap1aa",1
"GO:0019228","neuronal action potential","1/890","16/18773",0.0625,1.31832865168539,0.284173855587008,0.540411762902374,0.8311160215671,0.76429790984972,"rnf121",1
"GO:0019748","secondary metabolic process","1/890","16/18773",0.0625,1.31832865168539,0.284173855587008,0.540411762902374,0.8311160215671,0.76429790984972,"zgc:153372",1
"GO:0030330","DNA damage response, signal transduction by p53 class mediator","1/890","16/18773",0.0625,1.31832865168539,0.284173855587008,0.540411762902374,0.8311160215671,0.76429790984972,"kmt5aa",1
"GO:0034340","response to type I interferon","1/890","16/18773",0.0625,1.31832865168539,0.284173855587008,0.540411762902374,0.8311160215671,0.76429790984972,"trim33l",1
"GO:0042451","purine nucleoside biosynthetic process","1/890","16/18773",0.0625,1.31832865168539,0.284173855587008,0.540411762902374,0.8311160215671,0.76429790984972,"ada2a",1
"GO:0042455","ribonucleoside biosynthetic process","1/890","16/18773",0.0625,1.31832865168539,0.284173855587008,0.540411762902374,0.8311160215671,0.76429790984972,"ada2a",1
"GO:0044273","sulfur compound catabolic process","1/890","16/18773",0.0625,1.31832865168539,0.284173855587008,0.540411762902374,0.8311160215671,0.76429790984972,"chac1",1
"GO:0045834","positive regulation of lipid metabolic process","1/890","16/18773",0.0625,1.31832865168539,0.284173855587008,0.540411762902374,0.8311160215671,0.76429790984972,"pla2g6",1
"GO:0046129","purine ribonucleoside biosynthetic process","1/890","16/18773",0.0625,1.31832865168539,0.284173855587008,0.540411762902374,0.8311160215671,0.76429790984972,"ada2a",1
"GO:0046634","regulation of alpha-beta T cell activation","1/890","16/18773",0.0625,1.31832865168539,0.284173855587008,0.540411762902374,0.8311160215671,0.76429790984972,"sh3rf1",1
"GO:0046683","response to organophosphorus","1/890","16/18773",0.0625,1.31832865168539,0.284173855587008,0.540411762902374,0.8311160215671,0.76429790984972,"rap1aa",1
"GO:0048263","determination of dorsal identity","1/890","16/18773",0.0625,1.31832865168539,0.284173855587008,0.540411762902374,0.8311160215671,0.76429790984972,"aida",1
"GO:0048859","formation of anatomical boundary","1/890","16/18773",0.0625,1.31832865168539,0.284173855587008,0.540411762902374,0.8311160215671,0.76429790984972,"notch1b",1
"GO:0048936","peripheral nervous system neuron axonogenesis","1/890","16/18773",0.0625,1.31832865168539,0.284173855587008,0.540411762902374,0.8311160215671,0.76429790984972,"notch1b",1
"GO:0060337","type I interferon-mediated signaling pathway","1/890","16/18773",0.0625,1.31832865168539,0.284173855587008,0.540411762902374,0.8311160215671,0.76429790984972,"trim33l",1
"GO:0061709","reticulophagy","1/890","16/18773",0.0625,1.31832865168539,0.284173855587008,0.540411762902374,0.8311160215671,0.76429790984972,"snx30",1
"GO:0070873","regulation of glycogen metabolic process","1/890","16/18773",0.0625,1.31832865168539,0.284173855587008,0.540411762902374,0.8311160215671,0.76429790984972,"ppp1r3b",1
"GO:0071357","cellular response to type I interferon","1/890","16/18773",0.0625,1.31832865168539,0.284173855587008,0.540411762902374,0.8311160215671,0.76429790984972,"trim33l",1
"GO:0071622","regulation of granulocyte chemotaxis","1/890","16/18773",0.0625,1.31832865168539,0.284173855587008,0.540411762902374,0.8311160215671,0.76429790984972,"cxcl12a",1
"GO:0090132","epithelium migration","1/890","16/18773",0.0625,1.31832865168539,0.284173855587008,0.540411762902374,0.8311160215671,0.76429790984972,"plcg1",1
"GO:0090382","phagosome maturation","1/890","16/18773",0.0625,1.31832865168539,0.284173855587008,0.540411762902374,0.8311160215671,0.76429790984972,"rab34a",1
"GO:1901379","regulation of potassium ion transmembrane transport","1/890","16/18773",0.0625,1.31832865168539,0.284173855587008,0.540411762902374,0.8311160215671,0.76429790984972,"wnk1b",1
"GO:2000300","regulation of synaptic vesicle exocytosis","1/890","16/18773",0.0625,1.31832865168539,0.284173855587008,0.540411762902374,0.8311160215671,0.76429790984972,"rap1aa",1
"GO:0002064","epithelial cell development","5/890","103/18773",0.0485436893203883,1.02394458383332,0.0543605490374576,0.543034848698696,0.832946918619555,0.765981610745899,"tnfrsf19/marcksb/slc43a1a/ptk2ab/bhmt",5
"GO:0003146","heart jogging","2/890","38/18773",0.0526315789473684,1.11017149615612,0.151657636934768,0.543639631761071,0.832946918619555,0.765981610745899,"bmpr2b/fzd2",2
"GO:0034204","lipid translocation","2/890","38/18773",0.0526315789473684,1.11017149615612,0.151657636934768,0.543639631761071,0.832946918619555,0.765981610745899,"si:ch211-71m22.1/tmem30ab",2
"GO:0050919","negative chemotaxis","2/890","38/18773",0.0526315789473684,1.11017149615612,0.151657636934768,0.543639631761071,0.832946918619555,0.765981610745899,"sema3fb/sema4c",2
"GO:0051453","regulation of intracellular pH","2/890","38/18773",0.0526315789473684,1.11017149615612,0.151657636934768,0.543639631761071,0.832946918619555,0.765981610745899,"cxcl12a/slc9a6a",2
"GO:0061844","antimicrobial humoral immune response mediated by antimicrobial peptide","2/890","38/18773",0.0526315789473684,1.11017149615612,0.151657636934768,0.543639631761071,0.832946918619555,0.765981610745899,"ccl19b/cxcl20",2
"GO:0032259","methylation","10/890","211/18773",0.04739336492891,0.999680494169019,-0.00104120853568901,0.546219984470753,0.835347586974635,0.768189275811206,"kmt5aa/larp7/zgc:162396/carm1/ntmt1/antkmt/gamt/tyms/bhmt/kmt5b",10
"GO:0070371","ERK1 and ERK2 cascade","3/890","60/18773",0.05,1.05466292134831,0.0946077779134562,0.546228100084515,0.835347586974635,0.768189275811206,"fgfr4/ptpn2b/spry4",3
"GO:0097553","calcium ion transmembrane import into cytosol","3/890","60/18773",0.05,1.05466292134831,0.0946077779134562,0.546228100084515,0.835347586974635,0.768189275811206,"plcg1/plcd1a/ryk",3
"GO:0032787","monocarboxylic acid metabolic process","15/890","319/18773",0.0470219435736677,0.9918460075376,-0.0327680408870773,0.550666964664724,0.8404159520265,0.772850166366764,"cyp26b1/mpc1/ptges3a/fgfr4/rcor1/pfkpa/dcaf5/acads/gamt/idh2/hadh/dldh/eci1/pnpo/aldh3a2a",15
"GO:0008283","cell population proliferation","21/890","448/18773",0.046875,0.988746488764045,-0.0537817775488618,0.55347882366369,0.8404159520265,0.772850166366764,"cxcl12a/igfbp1a/ptenb/romo1/zfyve9a/larp7/tcf7l1a/etv5a/hapln1b/id2a/chd8/ptena/npr1a/btg1/lmo2/ptk2ab/nupr1a/mob1a/sh3rf1/atg13/gdf6a",21
"GO:0009117","nucleotide metabolic process","13/890","277/18773",0.0469314079422383,0.98993631606701,-0.0376433315236976,0.555250170705948,0.8404159520265,0.772850166366764,"nme2b.1/pfkpa/rrm1/ak1/nudt3b/si:ch211-140m22.7/nme3/nt5c3a/antkmt/npr1a/tyms/adcy7/rrm2b",13
"GO:0009416","response to light stimulus","7/890","148/18773",0.0472972972972973,0.997654114788946,-0.00639174679271089,0.55700338647903,0.8404159520265,0.772850166366764,"sf3b4/gna11b/pim1/aurkb/otpa/lamc1/ercc8",7
"GO:0009062","fatty acid catabolic process","3/890","61/18773",0.0491803278688525,1.03737336526064,0.0652224496686472,0.557522401506852,0.8404159520265,0.772850166366764,"acads/hadh/eci1",3
"GO:0032102","negative regulation of response to external stimulus","3/890","61/18773",0.0491803278688525,1.03737336526064,0.0652224496686472,0.557522401506852,0.8404159520265,0.772850166366764,"uacaa/cxcl12a/trafd1",3
"GO:0001819","positive regulation of cytokine production","2/890","39/18773",0.0512820512820513,1.08170556035725,0.113945911335766,0.55781468664441,0.8404159520265,0.772850166366764,"zbtb16a/sulf2b",2
"GO:0007259","cell surface receptor signaling pathway via JAK-STAT","2/890","39/18773",0.0512820512820513,1.08170556035725,0.113945911335766,0.55781468664441,0.8404159520265,0.772850166366764,"ptpn2b/socs3b",2
"GO:0061077","chaperone-mediated protein folding","2/890","39/18773",0.0512820512820513,1.08170556035725,0.113945911335766,0.55781468664441,0.8404159520265,0.772850166366764,"tor1/fkbp4",2
"GO:0097696","cell surface receptor signaling pathway via STAT","2/890","39/18773",0.0512820512820513,1.08170556035725,0.113945911335766,0.55781468664441,0.8404159520265,0.772850166366764,"ptpn2b/socs3b",2
"GO:0002253","activation of immune response","6/890","127/18773",0.047244094488189,0.996531894187384,-0.00874845672269921,0.562189878546997,0.8404159520265,0.772850166366764,"myd88/zdhhc5a/usp4/gpatch3/cptp/si:dkey-52l18.4",6
"GO:0001776","leukocyte homeostasis","1/890","17/18773",0.0588235294117647,1.24077990746861,0.221566797087153,0.562218743283932,0.8404159520265,0.772850166366764,"sema3fb",1
"GO:0001964","startle response","1/890","17/18773",0.0588235294117647,1.24077990746861,0.221566797087153,0.562218743283932,0.8404159520265,0.772850166366764,"cyfip2",1
"GO:0002399","MHC class II protein complex assembly","1/890","17/18773",0.0588235294117647,1.24077990746861,0.221566797087153,0.562218743283932,0.8404159520265,0.772850166366764,"b2ml",1
"GO:0002503","peptide antigen assembly with MHC class II protein complex","1/890","17/18773",0.0588235294117647,1.24077990746861,0.221566797087153,0.562218743283932,0.8404159520265,0.772850166366764,"b2ml",1
"GO:0006595","polyamine metabolic process","1/890","17/18773",0.0588235294117647,1.24077990746861,0.221566797087153,0.562218743283932,0.8404159520265,0.772850166366764,"srm",1
"GO:0008354","germ cell migration","1/890","17/18773",0.0588235294117647,1.24077990746861,0.221566797087153,0.562218743283932,0.8404159520265,0.772850166366764,"cxcl12a",1
"GO:0009084","glutamine family amino acid biosynthetic process","1/890","17/18773",0.0588235294117647,1.24077990746861,0.221566797087153,0.562218743283932,0.8404159520265,0.772850166366764,"glulb",1
"GO:0009163","nucleoside biosynthetic process","1/890","17/18773",0.0588235294117647,1.24077990746861,0.221566797087153,0.562218743283932,0.8404159520265,0.772850166366764,"ada2a",1
"GO:0009309","amine biosynthetic process","1/890","17/18773",0.0588235294117647,1.24077990746861,0.221566797087153,0.562218743283932,0.8404159520265,0.772850166366764,"srm",1
"GO:0019886","antigen processing and presentation of exogenous peptide antigen via MHC class II","1/890","17/18773",0.0588235294117647,1.24077990746861,0.221566797087153,0.562218743283932,0.8404159520265,0.772850166366764,"b2ml",1
"GO:0032786","positive regulation of DNA-templated transcription, elongation","1/890","17/18773",0.0588235294117647,1.24077990746861,0.221566797087153,0.562218743283932,0.8404159520265,0.772850166366764,"cdk12",1
"GO:0032881","regulation of polysaccharide metabolic process","1/890","17/18773",0.0588235294117647,1.24077990746861,0.221566797087153,0.562218743283932,0.8404159520265,0.772850166366764,"ppp1r3b",1
"GO:0033260","nuclear DNA replication","1/890","17/18773",0.0588235294117647,1.24077990746861,0.221566797087153,0.562218743283932,0.8404159520265,0.772850166366764,"rtf2",1
"GO:0034404","nucleobase-containing small molecule biosynthetic process","1/890","17/18773",0.0588235294117647,1.24077990746861,0.221566797087153,0.562218743283932,0.8404159520265,0.772850166366764,"ada2a",1
"GO:0035141","medial fin morphogenesis","1/890","17/18773",0.0588235294117647,1.24077990746861,0.221566797087153,0.562218743283932,0.8404159520265,0.772850166366764,"smo",1
"GO:0042401","biogenic amine biosynthetic process","1/890","17/18773",0.0588235294117647,1.24077990746861,0.221566797087153,0.562218743283932,0.8404159520265,0.772850166366764,"srm",1
"GO:0048246","macrophage chemotaxis","1/890","17/18773",0.0588235294117647,1.24077990746861,0.221566797087153,0.562218743283932,0.8404159520265,0.772850166366764,"lgals3b",1
"GO:0051048","negative regulation of secretion","1/890","17/18773",0.0588235294117647,1.24077990746861,0.221566797087153,0.562218743283932,0.8404159520265,0.772850166366764,"rap1aa",1
"GO:0051091","positive regulation of DNA-binding transcription factor activity","1/890","17/18773",0.0588235294117647,1.24077990746861,0.221566797087153,0.562218743283932,0.8404159520265,0.772850166366764,"cops5",1
"GO:0051125","regulation of actin nucleation","1/890","17/18773",0.0588235294117647,1.24077990746861,0.221566797087153,0.562218743283932,0.8404159520265,0.772850166366764,"wasf2",1
"GO:0051592","response to calcium ion","1/890","17/18773",0.0588235294117647,1.24077990746861,0.221566797087153,0.562218743283932,0.8404159520265,0.772850166366764,"slc25a24",1
"GO:0070897","transcription preinitiation complex assembly","1/890","17/18773",0.0588235294117647,1.24077990746861,0.221566797087153,0.562218743283932,0.8404159520265,0.772850166366764,"dr1",1
"GO:0072102","glomerulus morphogenesis","1/890","17/18773",0.0588235294117647,1.24077990746861,0.221566797087153,0.562218743283932,0.8404159520265,0.772850166366764,"mdm2",1
"GO:0120178","steroid hormone biosynthetic process","1/890","17/18773",0.0588235294117647,1.24077990746861,0.221566797087153,0.562218743283932,0.8404159520265,0.772850166366764,"fdx1b",1
"GO:1901184","regulation of ERBB signaling pathway","1/890","17/18773",0.0588235294117647,1.24077990746861,0.221566797087153,0.562218743283932,0.8404159520265,0.772850166366764,"sh3tc2",1
"GO:1901658","glycosyl compound catabolic process","1/890","17/18773",0.0588235294117647,1.24077990746861,0.221566797087153,0.562218743283932,0.8404159520265,0.772850166366764,"ada2a",1
"GO:0006909","phagocytosis","3/890","62/18773",0.0483870967741935,1.02064153678869,0.0363177940165861,0.568646031312109,0.847779254132374,0.779621491023099,"sema3fb/colec12/rab34a",3
"GO:0021545","cranial nerve development","3/890","62/18773",0.0483870967741935,1.02064153678869,0.0363177940165861,0.568646031312109,0.847779254132374,0.779621491023099,"gna12a/adgrg6/tuba1a",3
"GO:0072009","nephron epithelium development","3/890","62/18773",0.0483870967741935,1.02064153678869,0.0363177940165861,0.568646031312109,0.847779254132374,0.779621491023099,"slc43a1a/etv5a/ocrl",3
"GO:0021575","hindbrain morphogenesis","2/890","40/18773",0.05,1.05466292134831,0.0772056804351996,0.571673183647431,0.847779254132374,0.779621491023099,"rbm7/smo",2
"GO:0031110","regulation of microtubule polymerization or depolymerization","2/890","40/18773",0.05,1.05466292134831,0.0772056804351996,0.571673183647431,0.847779254132374,0.779621491023099,"clasp1a/mapre1b",2
"GO:0051693","actin filament capping","2/890","40/18773",0.05,1.05466292134831,0.0772056804351996,0.571673183647431,0.847779254132374,0.779621491023099,"add3a/capgb",2
"GO:0044272","sulfur compound biosynthetic process","5/890","107/18773",0.0467289719626168,0.985666281633939,-0.0331707440279791,0.577204900948067,0.847779254132374,0.779621491023099,"hs6st2/pank4/bhmt/gclc/chpf2",5
"GO:0021953","central nervous system neuron differentiation","6/890","129/18773",0.0465116279069767,0.981081787300758,-0.0480989393656712,0.577592408009189,0.847779254132374,0.779621491023099,"ppp4ca/axin1/smo/otpa/ewsr1b/notch1b",6
"GO:0072523","purine-containing compound catabolic process","4/890","85/18773",0.0470588235294118,0.992623925974884,-0.0152048942697397,0.5776170584584,0.847779254132374,0.779621491023099,"pfkpa/uraha/ada2a/nudt3b",4
"GO:0008652","amino acid biosynthetic process","3/890","63/18773",0.0476190476190476,1.00444087747459,0.00787648154540714,0.579595552818382,0.847779254132374,0.779621491023099,"glulb/phgdh/bhmt",3
"GO:0031109","microtubule polymerization or depolymerization","3/890","63/18773",0.0476190476190476,1.00444087747459,0.00787648154540714,0.579595552818382,0.847779254132374,0.779621491023099,"clasp1a/akap9/mapre1b",3
"GO:0052548","regulation of endopeptidase activity","3/890","63/18773",0.0476190476190476,1.00444087747459,0.00787648154540714,0.579595552818382,0.847779254132374,0.779621491023099,"casp2/cast/serpinh2",3
"GO:0000266","mitochondrial fission","1/890","18/18773",0.0555555555555556,1.17184769038702,0.1627239604526,0.582992112791146,0.847779254132374,0.779621491023099,"mief1",1
"GO:0001569","branching involved in blood vessel morphogenesis","1/890","18/18773",0.0555555555555556,1.17184769038702,0.1627239604526,0.582992112791146,0.847779254132374,0.779621491023099,"hs6st2",1
"GO:0001934","positive regulation of protein phosphorylation","1/890","18/18773",0.0555555555555556,1.17184769038702,0.1627239604526,0.582992112791146,0.847779254132374,0.779621491023099,"axin1",1
"GO:0002089","lens morphogenesis in camera-type eye","1/890","18/18773",0.0555555555555556,1.17184769038702,0.1627239604526,0.582992112791146,0.847779254132374,0.779621491023099,"ptk2ab",1
"GO:0002396","MHC protein complex assembly","1/890","18/18773",0.0555555555555556,1.17184769038702,0.1627239604526,0.582992112791146,0.847779254132374,0.779621491023099,"b2ml",1
"GO:0002478","antigen processing and presentation of exogenous peptide antigen","1/890","18/18773",0.0555555555555556,1.17184769038702,0.1627239604526,0.582992112791146,0.847779254132374,0.779621491023099,"b2ml",1
"GO:0002501","peptide antigen assembly with MHC protein complex","1/890","18/18773",0.0555555555555556,1.17184769038702,0.1627239604526,0.582992112791146,0.847779254132374,0.779621491023099,"b2ml",1
"GO:0006516","glycoprotein catabolic process","1/890","18/18773",0.0555555555555556,1.17184769038702,0.1627239604526,0.582992112791146,0.847779254132374,0.779621491023099,"nccrp1",1
"GO:0007020","microtubule nucleation","1/890","18/18773",0.0555555555555556,1.17184769038702,0.1627239604526,0.582992112791146,0.847779254132374,0.779621491023099,"akap9",1
"GO:0015919","peroxisomal membrane transport","1/890","18/18773",0.0555555555555556,1.17184769038702,0.1627239604526,0.582992112791146,0.847779254132374,0.779621491023099,"pex14",1
"GO:0016239","positive regulation of macroautophagy","1/890","18/18773",0.0555555555555556,1.17184769038702,0.1627239604526,0.582992112791146,0.847779254132374,0.779621491023099,"snx30",1
"GO:0019884","antigen processing and presentation of exogenous antigen","1/890","18/18773",0.0555555555555556,1.17184769038702,0.1627239604526,0.582992112791146,0.847779254132374,0.779621491023099,"b2ml",1
"GO:0021554","optic nerve development","1/890","18/18773",0.0555555555555556,1.17184769038702,0.1627239604526,0.582992112791146,0.847779254132374,0.779621491023099,"tuba1a",1
"GO:0022612","gland morphogenesis","1/890","18/18773",0.0555555555555556,1.17184769038702,0.1627239604526,0.582992112791146,0.847779254132374,0.779621491023099,"zfyve9a",1
"GO:0030878","thyroid gland development","1/890","18/18773",0.0555555555555556,1.17184769038702,0.1627239604526,0.582992112791146,0.847779254132374,0.779621491023099,"kdrl",1
"GO:0033047","regulation of mitotic sister chromatid segregation","1/890","18/18773",0.0555555555555556,1.17184769038702,0.1627239604526,0.582992112791146,0.847779254132374,0.779621491023099,"aurkb",1
"GO:0034312","diol biosynthetic process","1/890","18/18773",0.0555555555555556,1.17184769038702,0.1627239604526,0.582992112791146,0.847779254132374,0.779621491023099,"gch2",1
"GO:0034508","centromere complex assembly","1/890","18/18773",0.0555555555555556,1.17184769038702,0.1627239604526,0.582992112791146,0.847779254132374,0.779621491023099,"cenpx",1
"GO:0042327","positive regulation of phosphorylation","1/890","18/18773",0.0555555555555556,1.17184769038702,0.1627239604526,0.582992112791146,0.847779254132374,0.779621491023099,"axin1",1
"GO:0043574","peroxisomal transport","1/890","18/18773",0.0555555555555556,1.17184769038702,0.1627239604526,0.582992112791146,0.847779254132374,0.779621491023099,"pex14",1
"GO:0046033","AMP metabolic process","1/890","18/18773",0.0555555555555556,1.17184769038702,0.1627239604526,0.582992112791146,0.847779254132374,0.779621491023099,"ak1",1
"GO:0046461","neutral lipid catabolic process","1/890","18/18773",0.0555555555555556,1.17184769038702,0.1627239604526,0.582992112791146,0.847779254132374,0.779621491023099,"abhd6a",1
"GO:0046464","acylglycerol catabolic process","1/890","18/18773",0.0555555555555556,1.17184769038702,0.1627239604526,0.582992112791146,0.847779254132374,0.779621491023099,"abhd6a",1
"GO:0048846","axon extension involved in axon guidance","1/890","18/18773",0.0555555555555556,1.17184769038702,0.1627239604526,0.582992112791146,0.847779254132374,0.779621491023099,"cxcl12a",1
"GO:0050921","positive regulation of chemotaxis","1/890","18/18773",0.0555555555555556,1.17184769038702,0.1627239604526,0.582992112791146,0.847779254132374,0.779621491023099,"cxcl12a",1
"GO:0060632","regulation of microtubule-based movement","1/890","18/18773",0.0555555555555556,1.17184769038702,0.1627239604526,0.582992112791146,0.847779254132374,0.779621491023099,"cfap20",1
"GO:0072698","protein localization to microtubule cytoskeleton","1/890","18/18773",0.0555555555555556,1.17184769038702,0.1627239604526,0.582992112791146,0.847779254132374,0.779621491023099,"mapre1b",1
"GO:0140719","constitutive heterochromatin formation","1/890","18/18773",0.0555555555555556,1.17184769038702,0.1627239604526,0.582992112791146,0.847779254132374,0.779621491023099,"si:ch211-13c6.2",1
"GO:1902284","neuron projection extension involved in neuron projection guidance","1/890","18/18773",0.0555555555555556,1.17184769038702,0.1627239604526,0.582992112791146,0.847779254132374,0.779621491023099,"cxcl12a",1
"GO:0006418","tRNA aminoacylation for protein translation","2/890","41/18773",0.048780487804878,1.02893943546177,0.0413828118490322,0.585213248226675,0.847779254132374,0.779621491023099,"nars1/iars1",2
"GO:0006626","protein targeting to mitochondrion","2/890","41/18773",0.048780487804878,1.02893943546177,0.0413828118490322,0.585213248226675,0.847779254132374,0.779621491023099,"romo1/tomm7",2
"GO:0006730","one-carbon metabolic process","2/890","41/18773",0.048780487804878,1.02893943546177,0.0413828118490322,0.585213248226675,0.847779254132374,0.779621491023099,"ahcy/ahcyl2b",2
"GO:0006900","vesicle budding from membrane","2/890","41/18773",0.048780487804878,1.02893943546177,0.0413828118490322,0.585213248226675,0.847779254132374,0.779621491023099,"arfgap2/chmp4ba",2
"GO:0030490","maturation of SSU-rRNA","2/890","41/18773",0.048780487804878,1.02893943546177,0.0413828118490322,0.585213248226675,0.847779254132374,0.779621491023099,"kri1/wdr46",2
"GO:0030641","regulation of cellular pH","2/890","41/18773",0.048780487804878,1.02893943546177,0.0413828118490322,0.585213248226675,0.847779254132374,0.779621491023099,"cxcl12a/slc9a6a",2
"GO:0030834","regulation of actin filament depolymerization","2/890","41/18773",0.048780487804878,1.02893943546177,0.0413828118490322,0.585213248226675,0.847779254132374,0.779621491023099,"add3a/capgb",2
"GO:0030835","negative regulation of actin filament depolymerization","2/890","41/18773",0.048780487804878,1.02893943546177,0.0413828118490322,0.585213248226675,0.847779254132374,0.779621491023099,"add3a/capgb",2
"GO:0051053","negative regulation of DNA metabolic process","2/890","41/18773",0.048780487804878,1.02893943546177,0.0413828118490322,0.585213248226675,0.847779254132374,0.779621491023099,"pds5a/rnf169",2
"GO:0097035","regulation of membrane lipid distribution","2/890","41/18773",0.048780487804878,1.02893943546177,0.0413828118490322,0.585213248226675,0.847779254132374,0.779621491023099,"si:ch211-71m22.1/tmem30ab",2
"GO:2001235","positive regulation of apoptotic signaling pathway","2/890","41/18773",0.048780487804878,1.02893943546177,0.0413828118490322,0.585213248226675,0.847779254132374,0.779621491023099,"nck1b/tnfsf10",2
"GO:0014070","response to organic cyclic compound","7/890","152/18773",0.0460526315789474,0.971400059136605,-0.0789797067486078,0.585461906441191,0.847779254132374,0.779621491023099,"cnn2/cnot9/pagr1/rap1aa/gna11b/carm1/vhl",7
"GO:0010970","transport along microtubule","4/890","86/18773",0.0465116279069767,0.981081787300758,-0.0392274090918989,0.58693621984615,0.84891187929399,0.780663058050087,"kif3a/actr10/kif13ba/pafah1b1a",4
"GO:0051402","neuron apoptotic process","4/890","86/18773",0.0465116279069767,0.981081787300758,-0.0392274090918989,0.58693621984615,0.84891187929399,0.780663058050087,"kdm5c/casp2/casp3a/fam162a",4
"GO:0002684","positive regulation of immune system process","11/890","240/18773",0.0458333333333333,0.966774344569288,-0.115567682047331,0.589250773456326,0.851757305414478,0.783279724291727,"plvapb/myd88/akirin2/b2ml/zdhhc5a/usp4/gpatch3/cptp/kmt5b/si:dkey-52l18.4/trim33l",11
"GO:0007422","peripheral nervous system development","3/890","64/18773",0.046875,0.988746488764045,-0.020117908853961,0.590367962833012,0.85186624284081,0.783379903623,"dock1/adgrg6/notch1b",3
"GO:0019751","polyol metabolic process","3/890","64/18773",0.046875,0.988746488764045,-0.020117908853961,0.590367962833012,0.85186624284081,0.783379903623,"nudt3b/itpkb/gch2",3
"GO:0021515","cell differentiation in spinal cord","3/890","64/18773",0.046875,0.988746488764045,-0.020117908853961,0.590367962833012,0.85186624284081,0.783379903623,"smo/otpa/notch1b",3
"GO:0060326","cell chemotaxis","6/890","131/18773",0.0458015267175573,0.966103439403036,-0.0868510588296916,0.592718875745973,0.854755674429672,0.786037037484835,"cxcl12a/lgals3b/ccl19b/myd88/rhogb/cxcl20",6
"GO:0120254","olefinic compound metabolic process","2/890","42/18773",0.0476190476190476,1.00444087747459,0.00642751416006283,0.598433893921787,0.855188737642012,0.786435284299282,"bco1/fdx1b",2
"GO:0001959","regulation of cytokine-mediated signaling pathway","1/890","19/18773",0.0526315789473684,1.11017149615612,0.107183807325663,0.602780810184688,0.855188737642012,0.786435284299282,"trim33l",1
"GO:0002495","antigen processing and presentation of peptide antigen via MHC class II","1/890","19/18773",0.0526315789473684,1.11017149615612,0.107183807325663,0.602780810184688,0.855188737642012,0.786435284299282,"b2ml",1
"GO:0006182","cGMP biosynthetic process","1/890","19/18773",0.0526315789473684,1.11017149615612,0.107183807325663,0.602780810184688,0.855188737642012,0.786435284299282,"npr1a",1
"GO:0007405","neuroblast proliferation","1/890","19/18773",0.0526315789473684,1.11017149615612,0.107183807325663,0.602780810184688,0.855188737642012,0.786435284299282,"hapln1b",1
"GO:0010562","positive regulation of phosphorus metabolic process","1/890","19/18773",0.0526315789473684,1.11017149615612,0.107183807325663,0.602780810184688,0.855188737642012,0.786435284299282,"axin1",1
"GO:0010830","regulation of myotube differentiation","1/890","19/18773",0.0526315789473684,1.11017149615612,0.107183807325663,0.602780810184688,0.855188737642012,0.786435284299282,"carm1",1
"GO:0010833","telomere maintenance via telomere lengthening","1/890","19/18773",0.0526315789473684,1.11017149615612,0.107183807325663,0.602780810184688,0.855188737642012,0.786435284299282,"ptges3a",1
"GO:0016082","synaptic vesicle priming","1/890","19/18773",0.0526315789473684,1.11017149615612,0.107183807325663,0.602780810184688,0.855188737642012,0.786435284299282,"napab",1
"GO:0017121","plasma membrane phospholipid scrambling","1/890","19/18773",0.0526315789473684,1.11017149615612,0.107183807325663,0.602780810184688,0.855188737642012,0.786435284299282,"si:ch211-71m22.1",1
"GO:0019432","triglyceride biosynthetic process","1/890","19/18773",0.0526315789473684,1.11017149615612,0.107183807325663,0.602780810184688,0.855188737642012,0.786435284299282,"gpat3",1
"GO:0021696","cerebellar cortex morphogenesis","1/890","19/18773",0.0526315789473684,1.11017149615612,0.107183807325663,0.602780810184688,0.855188737642012,0.786435284299282,"rbm7",1
"GO:0021952","central nervous system projection neuron axonogenesis","1/890","19/18773",0.0526315789473684,1.11017149615612,0.107183807325663,0.602780810184688,0.855188737642012,0.786435284299282,"ppp4ca",1
"GO:0021986","habenula development","1/890","19/18773",0.0526315789473684,1.11017149615612,0.107183807325663,0.602780810184688,0.855188737642012,0.786435284299282,"smo",1
"GO:0032482","Rab protein signal transduction","1/890","19/18773",0.0526315789473684,1.11017149615612,0.107183807325663,0.602780810184688,0.855188737642012,0.786435284299282,"rab21",1
"GO:0032511","late endosome to vacuole transport via multivesicular body sorting pathway","1/890","19/18773",0.0526315789473684,1.11017149615612,0.107183807325663,0.602780810184688,0.855188737642012,0.786435284299282,"chmp4ba",1
"GO:0033504","floor plate development","1/890","19/18773",0.0526315789473684,1.11017149615612,0.107183807325663,0.602780810184688,0.855188737642012,0.786435284299282,"smo",1
"GO:0034331","cell junction maintenance","1/890","19/18773",0.0526315789473684,1.11017149615612,0.107183807325663,0.602780810184688,0.855188737642012,0.786435284299282,"jupa",1
"GO:0036065","fucosylation","1/890","19/18773",0.0526315789473684,1.11017149615612,0.107183807325663,0.602780810184688,0.855188737642012,0.786435284299282,"fuom",1
"GO:0043112","receptor metabolic process","1/890","19/18773",0.0526315789473684,1.11017149615612,0.107183807325663,0.602780810184688,0.855188737642012,0.786435284299282,"ocrl",1
"GO:0044786","cell cycle DNA replication","1/890","19/18773",0.0526315789473684,1.11017149615612,0.107183807325663,0.602780810184688,0.855188737642012,0.786435284299282,"rtf2",1
"GO:0045937","positive regulation of phosphate metabolic process","1/890","19/18773",0.0526315789473684,1.11017149615612,0.107183807325663,0.602780810184688,0.855188737642012,0.786435284299282,"axin1",1
"GO:0046460","neutral lipid biosynthetic process","1/890","19/18773",0.0526315789473684,1.11017149615612,0.107183807325663,0.602780810184688,0.855188737642012,0.786435284299282,"gpat3",1
"GO:0046463","acylglycerol biosynthetic process","1/890","19/18773",0.0526315789473684,1.11017149615612,0.107183807325663,0.602780810184688,0.855188737642012,0.786435284299282,"gpat3",1
"GO:0046777","protein autophosphorylation","1/890","19/18773",0.0526315789473684,1.11017149615612,0.107183807325663,0.602780810184688,0.855188737642012,0.786435284299282,"dclk2a",1
"GO:0051014","actin filament severing","1/890","19/18773",0.0526315789473684,1.11017149615612,0.107183807325663,0.602780810184688,0.855188737642012,0.786435284299282,"capgb",1
"GO:0060759","regulation of response to cytokine stimulus","1/890","19/18773",0.0526315789473684,1.11017149615612,0.107183807325663,0.602780810184688,0.855188737642012,0.786435284299282,"trim33l",1
"GO:1905952","regulation of lipid localization","1/890","19/18773",0.0526315789473684,1.11017149615612,0.107183807325663,0.602780810184688,0.855188737642012,0.786435284299282,"zdhhc8b",1
"GO:0043085","positive regulation of catalytic activity","4/890","88/18773",0.0454545454545455,0.958784473953013,-0.0864541250769197,0.605209381051826,0.856831033459532,0.787945546679159,"axin1/arap3/phactr4b/fzr1a",4
"GO:0045930","negative regulation of mitotic cell cycle","4/890","88/18773",0.0454545454545455,0.958784473953013,-0.0864541250769197,0.605209381051826,0.856831033459532,0.787945546679159,"id2a/babam2/aurkb/nabp1a",4
"GO:0046034","ATP metabolic process","4/890","88/18773",0.0454545454545455,0.958784473953013,-0.0864541250769197,0.605209381051826,0.856831033459532,0.787945546679159,"pfkpa/ak1/si:ch211-140m22.7/antkmt",4
"GO:0048839","inner ear development","9/890","199/18773",0.0452261306532663,0.953966461521089,-0.145639193296104,0.605335581323021,0.856831033459532,0.787945546679159,"ptenb/cops5/adgrg6/smad5/eya1/ptena/ttc9c/lrp5/smo",9
"GO:0065009","regulation of molecular function","13/890","287/18773",0.0452961672473868,0.955443761500215,-0.16969071586205,0.607078839322615,0.857948652752011,0.788973314243594,"timp2a/ccnyl1/casp2/cast/serpinh2/cops5/axin1/rgn/arap3/phactr4b/fzr1a/svbp/aida",13
"GO:0000077","DNA damage checkpoint signaling","2/890","43/18773",0.0465116279069767,0.981081787300758,-0.0277061085167559,0.611334942539235,0.857948652752011,0.788973314243594,"id2a/babam2",2
"GO:0009948","anterior/posterior axis specification","2/890","43/18773",0.0465116279069767,0.981081787300758,-0.0277061085167559,0.611334942539235,0.857948652752011,0.788973314243594,"mmp14b/rnf2",2
"GO:0031348","negative regulation of defense response","2/890","43/18773",0.0465116279069767,0.981081787300758,-0.0277061085167559,0.611334942539235,0.857948652752011,0.788973314243594,"uacaa/trafd1",2
"GO:0033500","carbohydrate homeostasis","2/890","43/18773",0.0465116279069767,0.981081787300758,-0.0277061085167559,0.611334942539235,0.857948652752011,0.788973314243594,"yap1/akr1a1b",2
"GO:0035850","epithelial cell differentiation involved in kidney development","2/890","43/18773",0.0465116279069767,0.981081787300758,-0.0277061085167559,0.611334942539235,0.857948652752011,0.788973314243594,"slc43a1a/etv5a",2
"GO:0042440","pigment metabolic process","2/890","43/18773",0.0465116279069767,0.981081787300758,-0.0277061085167559,0.611334942539235,0.857948652752011,0.788973314243594,"tmem14ca/alas1",2
"GO:0042593","glucose homeostasis","2/890","43/18773",0.0465116279069767,0.981081787300758,-0.0277061085167559,0.611334942539235,0.857948652752011,0.788973314243594,"yap1/akr1a1b",2
"GO:0052652","cyclic purine nucleotide metabolic process","2/890","43/18773",0.0465116279069767,0.981081787300758,-0.0277061085167559,0.611334942539235,0.857948652752011,0.788973314243594,"npr1a/adcy7",2
"GO:0055013","cardiac muscle cell development","2/890","43/18773",0.0465116279069767,0.981081787300758,-0.0277061085167559,0.611334942539235,0.857948652752011,0.788973314243594,"tpm4a/rnf2",2
"GO:0071696","ectodermal placode development","2/890","43/18773",0.0465116279069767,0.981081787300758,-0.0277061085167559,0.611334942539235,0.857948652752011,0.788973314243594,"axin1/smad5",2
"GO:0099173","postsynapse organization","2/890","43/18773",0.0465116279069767,0.981081787300758,-0.0277061085167559,0.611334942539235,0.857948652752011,0.788973314243594,"si:dkey-40c11.2/dbnlb",2
"GO:0009259","ribonucleotide metabolic process","9/890","200/18773",0.045,0.949196629213483,-0.16113748642187,0.611353597545842,0.857948652752011,0.788973314243594,"nme2b.1/pfkpa/ak1/nudt3b/si:ch211-140m22.7/nme3/antkmt/npr1a/adcy7",9
"GO:0032496","response to lipopolysaccharide","3/890","66/18773",0.0454545454545455,0.958784473953013,-0.0748274300669201,0.611371481863235,0.857948652752011,0.788973314243594,"otud5a/myd88/cxcl20",3
"GO:0042445","hormone metabolic process","3/890","66/18773",0.0454545454545455,0.958784473953013,-0.0748274300669201,0.611371481863235,0.857948652752011,0.788973314243594,"cyp26b1/ece1/rcor1",3
"GO:0031346","positive regulation of cell projection organization","4/890","89/18773",0.0449438202247191,0.948011614695114,-0.109672183690801,0.614159151122593,0.859330869224969,0.790244406526534,"cxcl12a/si:dkey-40c11.2/nrp1a/dbnlb",4
"GO:0050801","monoatomic ion homeostasis","13/890","289/18773",0.0449826989619377,0.948831693946581,-0.195560918783082,0.617108729706718,0.859330869224969,0.790244406526534,"cxcl12a/ncoa4/wnk1b/tmem203/plcg1/atp13a1/micu2/rgn/slc9a6a/fhl1b/tm9sf4/plcd1a/ryk",13
"GO:0043583","ear development","9/890","201/18773",0.0447761194029851,0.944474257923864,-0.176560337547662,0.617325008948043,0.859330869224969,0.790244406526534,"ptenb/cops5/adgrg6/smad5/eya1/ptena/ttc9c/lrp5/smo",9
"GO:0042274","ribosomal small subunit biogenesis","3/890","67/18773",0.0447761194029851,0.944474257923864,-0.101571389947759,0.62159857132509,0.859330869224969,0.790244406526534,"npm1b/kri1/wdr46",3
"GO:0006584","catecholamine metabolic process","1/890","20/18773",0.05,1.05466292134831,0.0545635409883021,0.621631459589382,0.859330869224969,0.790244406526534,"sult1st1",1
"GO:0006970","response to osmotic stress","1/890","20/18773",0.05,1.05466292134831,0.0545635409883021,0.621631459589382,0.859330869224969,0.790244406526534,"dclk2a",1
"GO:0007157","heterophilic cell-cell adhesion via plasma membrane cell adhesion molecules","1/890","20/18773",0.05,1.05466292134831,0.0545635409883021,0.621631459589382,0.859330869224969,0.790244406526534,"notch1b",1
"GO:0008345","larval locomotory behavior","1/890","20/18773",0.05,1.05466292134831,0.0545635409883021,0.621631459589382,0.859330869224969,0.790244406526534,"psd2",1
"GO:0008585","female gonad development","1/890","20/18773",0.05,1.05466292134831,0.0545635409883021,0.621631459589382,0.859330869224969,0.790244406526534,"bmpr2b",1
"GO:0009712","catechol-containing compound metabolic process","1/890","20/18773",0.05,1.05466292134831,0.0545635409883021,0.621631459589382,0.859330869224969,0.790244406526534,"sult1st1",1
"GO:0016601","Rac protein signal transduction","1/890","20/18773",0.05,1.05466292134831,0.0545635409883021,0.621631459589382,0.859330869224969,0.790244406526534,"rhogb",1
"GO:0019217","regulation of fatty acid metabolic process","1/890","20/18773",0.05,1.05466292134831,0.0545635409883021,0.621631459589382,0.859330869224969,0.790244406526534,"dcaf5",1
"GO:0030073","insulin secretion","1/890","20/18773",0.05,1.05466292134831,0.0545635409883021,0.621631459589382,0.859330869224969,0.790244406526534,"uqcc2",1
"GO:0030574","collagen catabolic process","1/890","20/18773",0.05,1.05466292134831,0.0545635409883021,0.621631459589382,0.859330869224969,0.790244406526534,"mmp14b",1
"GO:0032507","maintenance of protein location in cell","1/890","20/18773",0.05,1.05466292134831,0.0545635409883021,0.621631459589382,0.859330869224969,0.790244406526534,"tmsb4x",1
"GO:0035622","intrahepatic bile duct development","1/890","20/18773",0.05,1.05466292134831,0.0545635409883021,0.621631459589382,0.859330869224969,0.790244406526534,"man1a2",1
"GO:0046470","phosphatidylcholine metabolic process","1/890","20/18773",0.05,1.05466292134831,0.0545635409883021,0.621631459589382,0.859330869224969,0.790244406526534,"mboat2a",1
"GO:0046883","regulation of hormone secretion","1/890","20/18773",0.05,1.05466292134831,0.0545635409883021,0.621631459589382,0.859330869224969,0.790244406526534,"uqcc2",1
"GO:0050650","chondroitin sulfate proteoglycan biosynthetic process","1/890","20/18773",0.05,1.05466292134831,0.0545635409883021,0.621631459589382,0.859330869224969,0.790244406526534,"chpf2",1
"GO:0051646","mitochondrion localization","1/890","20/18773",0.05,1.05466292134831,0.0545635409883021,0.621631459589382,0.859330869224969,0.790244406526534,"actr10",1
"GO:0070306","lens fiber cell differentiation","1/890","20/18773",0.05,1.05466292134831,0.0545635409883021,0.621631459589382,0.859330869224969,0.790244406526534,"ptk2ab",1
"GO:0097194","execution phase of apoptosis","1/890","20/18773",0.05,1.05466292134831,0.0545635409883021,0.621631459589382,0.859330869224969,0.790244406526534,"casp3a",1
"GO:1990798","pancreas regeneration","1/890","20/18773",0.05,1.05466292134831,0.0545635409883021,0.621631459589382,0.859330869224969,0.790244406526534,"fhl1b",1
"GO:0009615","response to virus","4/890","90/18773",0.0444444444444444,0.937478152309613,-0.132635518585281,0.62298191745359,0.859330869224969,0.790244406526534,"atf3/bnip3lb/otud6b/serinc5",4
"GO:0002429","immune response-activating cell surface receptor signaling pathway","2/890","44/18773",0.0454545454545455,0.958784473953013,-0.0610604468894736,0.623916949893872,0.859330869224969,0.790244406526534,"myd88/si:dkey-52l18.4",2
"GO:0009187","cyclic nucleotide metabolic process","2/890","44/18773",0.0454545454545455,0.958784473953013,-0.0610604468894736,0.623916949893872,0.859330869224969,0.790244406526534,"npr1a/adcy7",2
"GO:0009306","protein secretion","2/890","44/18773",0.0454545454545455,0.958784473953013,-0.0610604468894736,0.623916949893872,0.859330869224969,0.790244406526534,"marcksb/uqcc2",2
"GO:0022406","membrane docking","2/890","44/18773",0.0454545454545455,0.958784473953013,-0.0610604468894736,0.623916949893872,0.859330869224969,0.790244406526534,"stx6/chp1",2
"GO:0035592","establishment of protein localization to extracellular region","2/890","44/18773",0.0454545454545455,0.958784473953013,-0.0610604468894736,0.623916949893872,0.859330869224969,0.790244406526534,"marcksb/uqcc2",2
"GO:0043039","tRNA aminoacylation","2/890","44/18773",0.0454545454545455,0.958784473953013,-0.0610604468894736,0.623916949893872,0.859330869224969,0.790244406526534,"nars1/iars1",2
"GO:0046173","polyol biosynthetic process","2/890","44/18773",0.0454545454545455,0.958784473953013,-0.0610604468894736,0.623916949893872,0.859330869224969,0.790244406526534,"itpkb/gch2",2
"GO:0061005","cell differentiation involved in kidney development","2/890","44/18773",0.0454545454545455,0.958784473953013,-0.0610604468894736,0.623916949893872,0.859330869224969,0.790244406526534,"slc43a1a/etv5a",2
"GO:0070098","chemokine-mediated signaling pathway","2/890","44/18773",0.0454545454545455,0.958784473953013,-0.0610604468894736,0.623916949893872,0.859330869224969,0.790244406526534,"ccl19b/cxcl20",2
"GO:0051650","establishment of vesicle localization","5/890","113/18773",0.0442477876106195,0.933330018892314,-0.158578323413387,0.625795996718723,0.860952091952343,0.791735290001018,"arfgap2/kif13ba/pafah1b1a/arl6/ocrl",5
"GO:0052547","regulation of peptidase activity","5/890","113/18773",0.0442477876106195,0.933330018892314,-0.158578323413387,0.625795996718723,0.860952091952343,0.791735290001018,"timp2a/casp2/cast/serpinh2/svbp",5
"GO:0055086","nucleobase-containing small molecule metabolic process","19/890","423/18773",0.0449172576832151,0.947451324142694,-0.243861934247556,0.629282552421334,0.862038758832096,0.792734593592028,"nme2b.1/uap1l1/gmppaa/hmgcrb/pfkpa/rrm1/ak1/uraha/ada2a/nudt3b/si:ch211-140m22.7/nme3/nt5c3a/antkmt/pank4/npr1a/tyms/adcy7/rrm2b",19
"GO:0002237","response to molecule of bacterial origin","3/890","68/18773",0.0441176470588235,0.930584930601454,-0.127926185439293,0.631640471478141,0.862038758832096,0.792734593592028,"otud5a/myd88/cxcl20",3
"GO:0006400","tRNA modification","3/890","68/18773",0.0441176470588235,0.930584930601454,-0.127926185439293,0.631640471478141,0.862038758832096,0.792734593592028,"cdk5rap1/qtrt1/osgep",3
"GO:1902904","negative regulation of supramolecular fiber organization","3/890","68/18773",0.0441176470588235,0.930584930601454,-0.127926185439293,0.631640471478141,0.862038758832096,0.792734593592028,"tmsb4x/add3a/capgb",3
"GO:0042254","ribosome biogenesis","10/890","226/18773",0.0442477876106195,0.933330018892314,-0.224945755804897,0.633640796574021,0.862038758832096,0.792734593592028,"rsl24d1/sart1/eri1/c1d/esf1/nsa2/mtrex/npm1b/kri1/wdr46",10
"GO:0006109","regulation of carbohydrate metabolic process","2/890","45/18773",0.0444444444444444,0.937478152309613,-0.0936747296732517,0.636181136761669,0.862038758832096,0.792734593592028,"ppp1r3b/akr1a1b",2
"GO:0006885","regulation of pH","2/890","45/18773",0.0444444444444444,0.937478152309613,-0.0936747296732517,0.636181136761669,0.862038758832096,0.792734593592028,"cxcl12a/slc9a6a",2
"GO:0016073","snRNA metabolic process","2/890","45/18773",0.0444444444444444,0.937478152309613,-0.0936747296732517,0.636181136761669,0.862038758832096,0.792734593592028,"larp7/snapc1b",2
"GO:0043038","amino acid activation","2/890","45/18773",0.0444444444444444,0.937478152309613,-0.0936747296732517,0.636181136761669,0.862038758832096,0.792734593592028,"nars1/iars1",2
"GO:0071222","cellular response to lipopolysaccharide","2/890","45/18773",0.0444444444444444,0.937478152309613,-0.0936747296732517,0.636181136761669,0.862038758832096,0.792734593592028,"myd88/cxcl20",2
"GO:0071526","semaphorin-plexin signaling pathway","2/890","45/18773",0.0444444444444444,0.937478152309613,-0.0936747296732517,0.636181136761669,0.862038758832096,0.792734593592028,"sema3fb/sema4c",2
"GO:0071692","protein localization to extracellular region","2/890","45/18773",0.0444444444444444,0.937478152309613,-0.0936747296732517,0.636181136761669,0.862038758832096,0.792734593592028,"marcksb/uqcc2",2
"GO:0000413","protein peptidyl-prolyl isomerization","1/890","21/18773",0.0476190476190476,1.00444087747459,0.00454239324155943,0.639588479850964,0.862038758832096,0.792734593592028,"ppiaa",1
"GO:0001836","release of cytochrome c from mitochondria","1/890","21/18773",0.0476190476190476,1.00444087747459,0.00454239324155943,0.639588479850964,0.862038758832096,0.792734593592028,"fam162a",1
"GO:0002699","positive regulation of immune effector process","1/890","21/18773",0.0476190476190476,1.00444087747459,0.00454239324155943,0.639588479850964,0.862038758832096,0.792734593592028,"kmt5b",1
"GO:0006144","purine nucleobase metabolic process","1/890","21/18773",0.0476190476190476,1.00444087747459,0.00454239324155943,0.639588479850964,0.862038758832096,0.792734593592028,"uraha",1
"GO:0006636","unsaturated fatty acid biosynthetic process","1/890","21/18773",0.0476190476190476,1.00444087747459,0.00454239324155943,0.639588479850964,0.862038758832096,0.792734593592028,"ptges3a",1
"GO:0007032","endosome organization","1/890","21/18773",0.0476190476190476,1.00444087747459,0.00454239324155943,0.639588479850964,0.862038758832096,0.792734593592028,"sqstm1",1
"GO:0010507","negative regulation of autophagy","1/890","21/18773",0.0476190476190476,1.00444087747459,0.00454239324155943,0.639588479850964,0.862038758832096,0.792734593592028,"cptp",1
"GO:0010965","regulation of mitotic sister chromatid separation","1/890","21/18773",0.0476190476190476,1.00444087747459,0.00454239324155943,0.639588479850964,0.862038758832096,0.792734593592028,"anapc11",1
"GO:0019915","lipid storage","1/890","21/18773",0.0476190476190476,1.00444087747459,0.00454239324155943,0.639588479850964,0.862038758832096,0.792734593592028,"aup1",1
"GO:0031644","regulation of nervous system process","1/890","21/18773",0.0476190476190476,1.00444087747459,0.00454239324155943,0.639588479850964,0.862038758832096,0.792734593592028,"znf16l",1
"GO:0034311","diol metabolic process","1/890","21/18773",0.0476190476190476,1.00444087747459,0.00454239324155943,0.639588479850964,0.862038758832096,0.792734593592028,"gch2",1
"GO:0036376","sodium ion export across plasma membrane","1/890","21/18773",0.0476190476190476,1.00444087747459,0.00454239324155943,0.639588479850964,0.862038758832096,0.792734593592028,"fxyd6l",1
"GO:0042670","retinal cone cell differentiation","1/890","21/18773",0.0476190476190476,1.00444087747459,0.00454239324155943,0.639588479850964,0.862038758832096,0.792734593592028,"gdf6a",1
"GO:0043277","apoptotic cell clearance","1/890","21/18773",0.0476190476190476,1.00444087747459,0.00454239324155943,0.639588479850964,0.862038758832096,0.792734593592028,"sema3fb",1
"GO:0046068","cGMP metabolic process","1/890","21/18773",0.0476190476190476,1.00444087747459,0.00454239324155943,0.639588479850964,0.862038758832096,0.792734593592028,"npr1a",1
"GO:0046128","purine ribonucleoside metabolic process","1/890","21/18773",0.0476190476190476,1.00444087747459,0.00454239324155943,0.639588479850964,0.862038758832096,0.792734593592028,"ada2a",1
"GO:0046545","development of primary female sexual characteristics","1/890","21/18773",0.0476190476190476,1.00444087747459,0.00454239324155943,0.639588479850964,0.862038758832096,0.792734593592028,"bmpr2b",1
"GO:0046631","alpha-beta T cell activation","1/890","21/18773",0.0476190476190476,1.00444087747459,0.00454239324155943,0.639588479850964,0.862038758832096,0.792734593592028,"sh3rf1",1
"GO:0050830","defense response to Gram-positive bacterium","1/890","21/18773",0.0476190476190476,1.00444087747459,0.00454239324155943,0.639588479850964,0.862038758832096,0.792734593592028,"myd88",1
"GO:0060034","notochord cell differentiation","1/890","21/18773",0.0476190476190476,1.00444087747459,0.00454239324155943,0.639588479850964,0.862038758832096,0.792734593592028,"fstl1a",1
"GO:0070654","sensory epithelium regeneration","1/890","21/18773",0.0476190476190476,1.00444087747459,0.00454239324155943,0.639588479850964,0.862038758832096,0.792734593592028,"fzd2",1
"GO:0071248","cellular response to metal ion","1/890","21/18773",0.0476190476190476,1.00444087747459,0.00454239324155943,0.639588479850964,0.862038758832096,0.792734593592028,"slc25a24",1
"GO:0071542","dopaminergic neuron differentiation","1/890","21/18773",0.0476190476190476,1.00444087747459,0.00454239324155943,0.639588479850964,0.862038758832096,0.792734593592028,"otpa",1
"GO:1902305","regulation of sodium ion transmembrane transport","1/890","21/18773",0.0476190476190476,1.00444087747459,0.00454239324155943,0.639588479850964,0.862038758832096,0.792734593592028,"fxyd6l",1
"GO:1990399","epithelium regeneration","1/890","21/18773",0.0476190476190476,1.00444087747459,0.00454239324155943,0.639588479850964,0.862038758832096,0.792734593592028,"fzd2",1
"GO:0048066","developmental pigmentation","4/890","92/18773",0.0434782608695652,0.917098192476795,-0.177823003315986,0.640240272930557,0.862443376989927,0.793106682210575,"meox1/atp6v0b/gch2/gdf6a",4
"GO:0019693","ribose phosphate metabolic process","9/890","205/18773",0.0439024390243902,0.926045491915593,-0.2375139417879,0.640727532865159,0.862626036288822,0.79327465649664,"nme2b.1/pfkpa/ak1/nudt3b/si:ch211-140m22.7/nme3/antkmt/npr1a/adcy7",9
"GO:0019725","cellular homeostasis","14/890","316/18773",0.0443037974683544,0.934511449295975,-0.261913842685082,0.641215211233969,0.862713711846755,0.793355283321216,"cxcl12a/txnrd3/ncoa4/tmem203/plcg1/atp13a1/micu2/rgn/selenoh/slc9a6a/tm9sf4/plcd1a/gclc/ryk",14
"GO:0006493","protein O-linked glycosylation","3/890","69/18773",0.0434782608695652,0.917098192476795,-0.153904523962397,0.641496049901542,0.862713711846755,0.793355283321216,"crppa/zgc:162952/poglut2",3
"GO:0055080","monoatomic cation homeostasis","12/890","272/18773",0.0441176470588235,0.930584930601454,-0.257259073040659,0.642293899572495,0.86331338939799,0.793906749406695,"cxcl12a/ncoa4/tmem203/plcg1/atp13a1/micu2/rgn/slc9a6a/fhl1b/tm9sf4/plcd1a/ryk",12
"GO:0170039","proteinogenic amino acid metabolic process","6/890","138/18773",0.0434782608695652,0.917098192476795,-0.218056447347653,0.643306417572928,0.864200789872065,0.794722806743981,"glulb/phgdh/bhmt/gclc/pnpo/tdh2",6
"GO:0043473","pigmentation","7/890","161/18773",0.0434782608695652,0.917098192476795,-0.235673365402756,0.64597154327066,0.865963098815124,0.796343433716313,"meox1/atp6v0b/arl6/gch2/eif3ea/gdf6a/ocrl",7
"GO:0070585","protein localization to mitochondrion","2/890","46/18773",0.0434782608695652,0.917098192476795,-0.125585326226423,0.648129324717315,0.865963098815124,0.796343433716313,"romo1/tomm7",2
"GO:0071219","cellular response to molecule of bacterial origin","2/890","46/18773",0.0434782608695652,0.917098192476795,-0.125585326226423,0.648129324717315,0.865963098815124,0.796343433716313,"myd88/cxcl20",2
"GO:0072655","establishment of protein localization to mitochondrion","2/890","46/18773",0.0434782608695652,0.917098192476795,-0.125585326226423,0.648129324717315,0.865963098815124,0.796343433716313,"romo1/tomm7",2
"GO:1990868","response to chemokine","2/890","46/18773",0.0434782608695652,0.917098192476795,-0.125585326226423,0.648129324717315,0.865963098815124,0.796343433716313,"ccl19b/cxcl20",2
"GO:1990869","cellular response to chemokine","2/890","46/18773",0.0434782608695652,0.917098192476795,-0.125585326226423,0.648129324717315,0.865963098815124,0.796343433716313,"ccl19b/cxcl20",2
"GO:0048284","organelle fusion","5/890","116/18773",0.0431034482758621,0.909192173576133,-0.218857511694417,0.648789598388253,0.865963098815124,0.796343433716313,"stx6/mief1/nme3/vamp4/rab34a",5
"GO:0043491","phosphatidylinositol 3-kinase/protein kinase B signal transduction","3/890","70/18773",0.0428571428571429,0.903996789727127,-0.179518506566088,0.651164491812851,0.865963098815124,0.796343433716313,"ptenb/vav2/ptena",3
"GO:0048477","oogenesis","3/890","70/18773",0.0428571428571429,0.903996789727127,-0.179518506566088,0.651164491812851,0.865963098815124,0.796343433716313,"ybx1/smad2/ccnb1",3
"GO:0051276","chromosome organization","11/890","252/18773",0.0436507936507936,0.92073747101837,-0.282596037082015,0.653592232065163,0.865963098815124,0.796343433716313,"anapc11/pds5a/ptges3a/cenpx/tprb/stag1b/clasp1a/aurkb/msh2/ccnb1/si:ch211-13c6.2",11
"GO:0000132","establishment of mitotic spindle orientation","1/890","22/18773",0.0454545454545455,0.958784473953013,-0.0431509199047493,0.656694188731758,0.865963098815124,0.796343433716313,"pafah1b1a",1
"GO:0000959","mitochondrial RNA metabolic process","1/890","22/18773",0.0454545454545455,0.958784473953013,-0.0431509199047493,0.656694188731758,0.865963098815124,0.796343433716313,"cdk5rap1",1
"GO:0002285","lymphocyte activation involved in immune response","1/890","22/18773",0.0454545454545455,0.958784473953013,-0.0431509199047493,0.656694188731758,0.865963098815124,0.796343433716313,"kmt5b",1
"GO:0002504","antigen processing and presentation of peptide or polysaccharide antigen via MHC class II","1/890","22/18773",0.0454545454545455,0.958784473953013,-0.0431509199047493,0.656694188731758,0.865963098815124,0.796343433716313,"b2ml",1
"GO:0006275","regulation of DNA replication","1/890","22/18773",0.0454545454545455,0.958784473953013,-0.0431509199047493,0.656694188731758,0.865963098815124,0.796343433716313,"pds5a",1
"GO:0006817","phosphate ion transport","1/890","22/18773",0.0454545454545455,0.958784473953013,-0.0431509199047493,0.656694188731758,0.865963098815124,0.796343433716313,"slc25a11",1
"GO:0006903","vesicle targeting","1/890","22/18773",0.0454545454545455,0.958784473953013,-0.0431509199047493,0.656694188731758,0.865963098815124,0.796343433716313,"arfgap2",1
"GO:0021538","epithalamus development","1/890","22/18773",0.0454545454545455,0.958784473953013,-0.0431509199047493,0.656694188731758,0.865963098815124,0.796343433716313,"smo",1
"GO:0030513","positive regulation of BMP signaling pathway","1/890","22/18773",0.0454545454545455,0.958784473953013,-0.0431509199047493,0.656694188731758,0.865963098815124,0.796343433716313,"gdf6a",1
"GO:0033338","medial fin development","1/890","22/18773",0.0454545454545455,0.958784473953013,-0.0431509199047493,0.656694188731758,0.865963098815124,0.796343433716313,"smo",1
"GO:0033344","cholesterol efflux","1/890","22/18773",0.0454545454545455,0.958784473953013,-0.0431509199047493,0.656694188731758,0.865963098815124,0.796343433716313,"zdhhc8b",1
"GO:0043266","regulation of potassium ion transport","1/890","22/18773",0.0454545454545455,0.958784473953013,-0.0431509199047493,0.656694188731758,0.865963098815124,0.796343433716313,"wnk1b",1
"GO:0045995","regulation of embryonic development","1/890","22/18773",0.0454545454545455,0.958784473953013,-0.0431509199047493,0.656694188731758,0.865963098815124,0.796343433716313,"rack1",1
"GO:0046058","cAMP metabolic process","1/890","22/18773",0.0454545454545455,0.958784473953013,-0.0431509199047493,0.656694188731758,0.865963098815124,0.796343433716313,"adcy7",1
"GO:0048002","antigen processing and presentation of peptide antigen","1/890","22/18773",0.0454545454545455,0.958784473953013,-0.0431509199047493,0.656694188731758,0.865963098815124,0.796343433716313,"b2ml",1
"GO:0048934","peripheral nervous system neuron differentiation","1/890","22/18773",0.0454545454545455,0.958784473953013,-0.0431509199047493,0.656694188731758,0.865963098815124,0.796343433716313,"notch1b",1
"GO:0048935","peripheral nervous system neuron development","1/890","22/18773",0.0454545454545455,0.958784473953013,-0.0431509199047493,0.656694188731758,0.865963098815124,0.796343433716313,"notch1b",1
"GO:0051306","mitotic sister chromatid separation","1/890","22/18773",0.0454545454545455,0.958784473953013,-0.0431509199047493,0.656694188731758,0.865963098815124,0.796343433716313,"anapc11",1
"GO:0055008","cardiac muscle tissue morphogenesis","1/890","22/18773",0.0454545454545455,0.958784473953013,-0.0431509199047493,0.656694188731758,0.865963098815124,0.796343433716313,"fermt2",1
"GO:0060029","convergent extension involved in organogenesis","1/890","22/18773",0.0454545454545455,0.958784473953013,-0.0431509199047493,0.656694188731758,0.865963098815124,0.796343433716313,"rap1aa",1
"GO:0061337","cardiac conduction","1/890","22/18773",0.0454545454545455,0.958784473953013,-0.0431509199047493,0.656694188731758,0.865963098815124,0.796343433716313,"skia",1
"GO:0140888","interferon-mediated signaling pathway","1/890","22/18773",0.0454545454545455,0.958784473953013,-0.0431509199047493,0.656694188731758,0.865963098815124,0.796343433716313,"trim33l",1
"GO:1901659","glycosyl compound biosynthetic process","1/890","22/18773",0.0454545454545455,0.958784473953013,-0.0431509199047493,0.656694188731758,0.865963098815124,0.796343433716313,"ada2a",1
"GO:1901890","positive regulation of cell junction assembly","1/890","22/18773",0.0454545454545455,0.958784473953013,-0.0431509199047493,0.656694188731758,0.865963098815124,0.796343433716313,"thy1",1
"GO:1901988","negative regulation of cell cycle phase transition","4/890","94/18773",0.0425531914893617,0.897585464977289,-0.22206432863978,0.656974042761902,0.865963098815124,0.796343433716313,"id2a/babam2/aurkb/nabp1a",4
"GO:0055082","intracellular chemical homeostasis","11/890","253/18773",0.0434782608695652,0.917098192476795,-0.29616508418556,0.658697191713797,0.867310176407271,0.797582212131561,"cxcl12a/ncoa4/tmem203/plcg1/atp13a1/micu2/rgn/slc9a6a/tm9sf4/plcd1a/ryk",11
"GO:0019730","antimicrobial humoral response","2/890","47/18773",0.0425531914893617,0.897585464977289,-0.156826014208208,0.659763876549518,0.867310176407271,0.797582212131561,"ccl19b/cxcl20",2
"GO:0031570","DNA integrity checkpoint signaling","2/890","47/18773",0.0425531914893617,0.897585464977289,-0.156826014208208,0.659763876549518,0.867310176407271,0.797582212131561,"id2a/babam2",2
"GO:0055006","cardiac cell development","2/890","47/18773",0.0425531914893617,0.897585464977289,-0.156826014208208,0.659763876549518,0.867310176407271,0.797582212131561,"tpm4a/rnf2",2
"GO:1902105","regulation of leukocyte differentiation","2/890","47/18773",0.0425531914893617,0.897585464977289,-0.156826014208208,0.659763876549518,0.867310176407271,0.797582212131561,"fam49a/sh3rf1",2
"GO:0035107","appendage morphogenesis","3/890","71/18773",0.0422535211267606,0.891264440576041,-0.204779665389391,0.66064528230921,0.867539013653368,0.797792651858806,"etv5a/vav2/smo",3
"GO:0051494","negative regulation of cytoskeleton organization","3/890","71/18773",0.0422535211267606,0.891264440576041,-0.204779665389391,0.66064528230921,0.867539013653368,0.797792651858806,"tmsb4x/add3a/capgb",3
"GO:0098542","defense response to other organism","19/890","431/18773",0.0440835266821346,0.929865220678328,-0.328608515270931,0.661357830170304,0.868010036066215,0.798225806119209,"ccl19b/romo1/trafd1/sqstm1/myd88/ppp1r14bb/akirin2/bnip3lb/otud6b/cxcl20/zdhhc5a/tollip/usp4/n4bp1/adam15/gpatch3/cptp/serinc5/trim33l",19
"GO:0032870","cellular response to hormone stimulus","10/890","232/18773",0.0431034482758621,0.909192173576133,-0.31047796545855,0.66598930288846,0.8681914346374,0.798392621034586,"cyp26b1/cnot9/pagr1/adipor1b/adipor2/carm1/dhrs3b/vhl/nr1d2b/keap1b",10
"GO:0032835","glomerulus development","3/890","72/18773",0.0416666666666667,0.878885767790262,-0.229698998305494,0.669938189113858,0.8681914346374,0.798392621034586,"slc43a1a/sulf2b/mdm2",3
"GO:0043523","regulation of neuron apoptotic process","3/890","72/18773",0.0416666666666667,0.878885767790262,-0.229698998305494,0.669938189113858,0.8681914346374,0.798392621034586,"kdm5c/casp2/casp3a",3
"GO:0006753","nucleoside phosphate metabolic process","17/890","389/18773",0.0437017994858612,0.921813350278733,-0.347630190909847,0.670147216286089,0.8681914346374,0.798392621034586,"nme2b.1/uap1l1/gmppaa/hmgcrb/pfkpa/rrm1/ak1/nudt3b/si:ch211-140m22.7/nme3/nt5c3a/antkmt/pank4/npr1a/tyms/adcy7/rrm2b",17
"GO:0170033","L-amino acid metabolic process","6/890","142/18773",0.0422535211267606,0.891264440576041,-0.290153471020153,0.670451932764511,0.8681914346374,0.798392621034586,"glulb/phgdh/bhmt/gclc/pnpo/tdh2",6
"GO:1901987","regulation of cell cycle phase transition","6/890","142/18773",0.0422535211267606,0.891264440576041,-0.290153471020153,0.670451932764511,0.8681914346374,0.798392621034586,"anapc11/pagr1/id2a/babam2/aurkb/nabp1a",6
"GO:0007281","germ cell development","5/890","119/18773",0.0420168067226891,0.886271362477575,-0.277643441233249,0.670870597384921,0.8681914346374,0.798392621034586,"ybx1/smad2/pafah1b1a/agfg1a/ccnb1",5
"GO:0099111","microtubule-based transport","5/890","119/18773",0.0420168067226891,0.886271362477575,-0.277643441233249,0.670870597384921,0.8681914346374,0.798392621034586,"ptk7a/kif3a/actr10/kif13ba/pafah1b1a",5
"GO:0030042","actin filament depolymerization","2/890","48/18773",0.0416666666666667,0.878885767790262,-0.187428216960764,0.671087640964949,0.8681914346374,0.798392621034586,"add3a/capgb",2
"GO:1901880","negative regulation of protein depolymerization","2/890","48/18773",0.0416666666666667,0.878885767790262,-0.187428216960764,0.671087640964949,0.8681914346374,0.798392621034586,"add3a/capgb",2
"GO:0006497","protein lipidation","1/890","23/18773",0.0434782608695652,0.917098192476795,-0.0887477537079765,0.672988902188573,0.8681914346374,0.798392621034586,"zdhhc8b",1
"GO:0006775","fat-soluble vitamin metabolic process","1/890","23/18773",0.0434782608695652,0.917098192476795,-0.0887477537079765,0.672988902188573,0.8681914346374,0.798392621034586,"cyp26b1",1
"GO:0007520","myoblast fusion","1/890","23/18773",0.0434782608695652,0.917098192476795,-0.0887477537079765,0.672988902188573,0.8681914346374,0.798392621034586,"dock1",1
"GO:0014866","skeletal myofibril assembly","1/890","23/18773",0.0434782608695652,0.917098192476795,-0.0887477537079765,0.672988902188573,0.8681914346374,0.798392621034586,"myo18ab",1
"GO:0030071","regulation of mitotic metaphase/anaphase transition","1/890","23/18773",0.0434782608695652,0.917098192476795,-0.0887477537079765,0.672988902188573,0.8681914346374,0.798392621034586,"anapc11",1
"GO:0030838","positive regulation of actin filament polymerization","1/890","23/18773",0.0434782608695652,0.917098192476795,-0.0887477537079765,0.672988902188573,0.8681914346374,0.798392621034586,"nck1b",1
"GO:0032011","ARF protein signal transduction","1/890","23/18773",0.0434782608695652,0.917098192476795,-0.0887477537079765,0.672988902188573,0.8681914346374,0.798392621034586,"psd2",1
"GO:0032012","regulation of ARF protein signal transduction","1/890","23/18773",0.0434782608695652,0.917098192476795,-0.0887477537079765,0.672988902188573,0.8681914346374,0.798392621034586,"psd2",1
"GO:0032506","cytokinetic process","1/890","23/18773",0.0434782608695652,0.917098192476795,-0.0887477537079765,0.672988902188573,0.8681914346374,0.798392621034586,"aurkb",1
"GO:0035675","neuromast hair cell development","1/890","23/18773",0.0434782608695652,0.917098192476795,-0.0887477537079765,0.672988902188573,0.8681914346374,0.798392621034586,"lrp5",1
"GO:0043049","otic placode formation","1/890","23/18773",0.0434782608695652,0.917098192476795,-0.0887477537079765,0.672988902188573,0.8681914346374,0.798392621034586,"smad5",1
"GO:0043954","cellular component maintenance","1/890","23/18773",0.0434782608695652,0.917098192476795,-0.0887477537079765,0.672988902188573,0.8681914346374,0.798392621034586,"jupa",1
"GO:0048754","branching morphogenesis of an epithelial tube","1/890","23/18773",0.0434782608695652,0.917098192476795,-0.0887477537079765,0.672988902188573,0.8681914346374,0.798392621034586,"hs6st2",1
"GO:0050654","chondroitin sulfate proteoglycan metabolic process","1/890","23/18773",0.0434782608695652,0.917098192476795,-0.0887477537079765,0.672988902188573,0.8681914346374,0.798392621034586,"chpf2",1
"GO:0061009","common bile duct development","1/890","23/18773",0.0434782608695652,0.917098192476795,-0.0887477537079765,0.672988902188573,0.8681914346374,0.798392621034586,"man1a2",1
"GO:0072525","pyridine-containing compound biosynthetic process","1/890","23/18773",0.0434782608695652,0.917098192476795,-0.0887477537079765,0.672988902188573,0.8681914346374,0.798392621034586,"pnpo",1
"GO:0090130","tissue migration","1/890","23/18773",0.0434782608695652,0.917098192476795,-0.0887477537079765,0.672988902188573,0.8681914346374,0.798392621034586,"plcg1",1
"GO:1901616","organic hydroxy compound catabolic process","1/890","23/18773",0.0434782608695652,0.917098192476795,-0.0887477537079765,0.672988902188573,0.8681914346374,0.798392621034586,"srd5a3",1
"GO:2000027","regulation of animal organ morphogenesis","1/890","23/18773",0.0434782608695652,0.917098192476795,-0.0887477537079765,0.672988902188573,0.8681914346374,0.798392621034586,"churc1",1
"GO:0016485","protein processing","4/890","96/18773",0.0416666666666667,0.878885767790262,-0.265403915249296,0.673175747525615,0.8681914346374,0.798392621034586,"ece1/cast/chac1/mmp14b",4
"GO:0051249","regulation of lymphocyte activation","4/890","96/18773",0.0416666666666667,0.878885767790262,-0.265403915249296,0.673175747525615,0.8681914346374,0.798392621034586,"fam49a/b2ml/kmt5b/sh3rf1",4
"GO:0097529","myeloid leukocyte migration","4/890","96/18773",0.0416666666666667,0.878885767790262,-0.265403915249296,0.673175747525615,0.8681914346374,0.798392621034586,"cxcl12a/lgals3b/myd88/cxcl20",4
"GO:1901990","regulation of mitotic cell cycle phase transition","4/890","96/18773",0.0416666666666667,0.878885767790262,-0.265403915249296,0.673175747525615,0.8681914346374,0.798392621034586,"anapc11/babam2/aurkb/nabp1a",4
"GO:0007276","gamete generation","8/890","189/18773",0.0423280423280423,0.892836335532965,-0.330323101361212,0.678228329504717,0.874248077916486,0.80396233654817,"cxcl12a/ybx1/strbp/smad2/larp7/pafah1b1a/agfg1a/ccnb1",8
"GO:0006090","pyruvate metabolic process","3/890","73/18773",0.0410958904109589,0.866846236724642,-0.254287000996604,0.679043245841838,0.874838803597704,0.80450557045503,"mpc1/pfkpa/dldh",3
"GO:0006576","biogenic amine metabolic process","2/890","49/18773",0.0408163265306122,0.860949323549644,-0.217421214601359,0.682103901308834,0.876868714574756,0.806372285422233,"sult1st1/srm",2
"GO:0030217","T cell differentiation","2/890","49/18773",0.0408163265306122,0.860949323549644,-0.217421214601359,0.682103901308834,0.876868714574756,0.806372285422233,"fam49a/sh3rf1",2
"GO:0030198","extracellular matrix organization","8/890","190/18773",0.0421052631578947,0.888137196924896,-0.345728094538914,0.683898077521471,0.876868714574756,0.806372285422233,"emid1/plod3/serpinh2/col4a2/col1a2/sulf2b/mmp14b/gpc4",8
"GO:0043062","extracellular structure organization","8/890","190/18773",0.0421052631578947,0.888137196924896,-0.345728094538914,0.683898077521471,0.876868714574756,0.806372285422233,"emid1/plod3/serpinh2/col4a2/col1a2/sulf2b/mmp14b/gpc4",8
"GO:0009880","embryonic pattern specification","3/890","74/18773",0.0405405405405405,0.855132098390525,-0.278553696682927,0.687960735795271,0.876868714574756,0.806372285422233,"smad2/smad5/smo",3
"GO:0002688","regulation of leukocyte chemotaxis","1/890","24/18773",0.0416666666666667,0.878885767790262,-0.132446911183432,0.688511028964689,0.876868714574756,0.806372285422233,"cxcl12a",1
"GO:0002790","peptide secretion","1/890","24/18773",0.0416666666666667,0.878885767790262,-0.132446911183432,0.688511028964689,0.876868714574756,0.806372285422233,"uqcc2",1
"GO:0003323","type B pancreatic cell development","1/890","24/18773",0.0416666666666667,0.878885767790262,-0.132446911183432,0.688511028964689,0.876868714574756,0.806372285422233,"bhmt",1
"GO:0006303","double-strand break repair via nonhomologous end joining","1/890","24/18773",0.0416666666666667,0.878885767790262,-0.132446911183432,0.688511028964689,0.876868714574756,0.806372285422233,"kmt5b",1
"GO:0006541","glutamine metabolic process","1/890","24/18773",0.0416666666666667,0.878885767790262,-0.132446911183432,0.688511028964689,0.876868714574756,0.806372285422233,"glulb",1
"GO:0010906","regulation of glucose metabolic process","1/890","24/18773",0.0416666666666667,0.878885767790262,-0.132446911183432,0.688511028964689,0.876868714574756,0.806372285422233,"akr1a1b",1
"GO:0015740","C4-dicarboxylate transport","1/890","24/18773",0.0416666666666667,0.878885767790262,-0.132446911183432,0.688511028964689,0.876868714574756,0.806372285422233,"slc25a11",1
"GO:0021602","cranial nerve morphogenesis","1/890","24/18773",0.0416666666666667,0.878885767790262,-0.132446911183432,0.688511028964689,0.876868714574756,0.806372285422233,"tuba1a",1
"GO:0021955","central nervous system neuron axonogenesis","1/890","24/18773",0.0416666666666667,0.878885767790262,-0.132446911183432,0.688511028964689,0.876868714574756,0.806372285422233,"ppp4ca",1
"GO:0030072","peptide hormone secretion","1/890","24/18773",0.0416666666666667,0.878885767790262,-0.132446911183432,0.688511028964689,0.876868714574756,0.806372285422233,"uqcc2",1
"GO:0032465","regulation of cytokinesis","1/890","24/18773",0.0416666666666667,0.878885767790262,-0.132446911183432,0.688511028964689,0.876868714574756,0.806372285422233,"aurkb",1
"GO:0042278","purine nucleoside metabolic process","1/890","24/18773",0.0416666666666667,0.878885767790262,-0.132446911183432,0.688511028964689,0.876868714574756,0.806372285422233,"ada2a",1
"GO:0051153","regulation of striated muscle cell differentiation","1/890","24/18773",0.0416666666666667,0.878885767790262,-0.132446911183432,0.688511028964689,0.876868714574756,0.806372285422233,"carm1",1
"GO:0051294","establishment of spindle orientation","1/890","24/18773",0.0416666666666667,0.878885767790262,-0.132446911183432,0.688511028964689,0.876868714574756,0.806372285422233,"pafah1b1a",1
"GO:1902099","regulation of metaphase/anaphase transition of cell cycle","1/890","24/18773",0.0416666666666667,0.878885767790262,-0.132446911183432,0.688511028964689,0.876868714574756,0.806372285422233,"anapc11",1
"GO:1903008","organelle disassembly","1/890","24/18773",0.0416666666666667,0.878885767790262,-0.132446911183432,0.688511028964689,0.876868714574756,0.806372285422233,"rack1",1
"GO:1905818","regulation of chromosome separation","1/890","24/18773",0.0416666666666667,0.878885767790262,-0.132446911183432,0.688511028964689,0.876868714574756,0.806372285422233,"anapc11",1
"GO:0010817","regulation of hormone levels","4/890","98/18773",0.0408163265306122,0.860949323549644,-0.307883153634816,0.68884060863659,0.876868714574756,0.806372285422233,"cyp26b1/ece1/uqcc2/rcor1",4
"GO:0045229","external encapsulating structure organization","8/890","191/18773",0.0418848167539267,0.883487263956703,-0.361055482835833,0.689505305889741,0.877259603396024,0.806731748483138,"emid1/plod3/serpinh2/col4a2/col1a2/sulf2b/mmp14b/gpc4",8
"GO:0031017","exocrine pancreas development","2/890","50/18773",0.04,0.843730337078652,-0.246832332215178,0.692816328046337,0.878933129090973,0.808270729994188,"smo/isl2a",2
"GO:0035272","exocrine system development","2/890","50/18773",0.04,0.843730337078652,-0.246832332215178,0.692816328046337,0.878933129090973,0.808270729994188,"smo/isl2a",2
"GO:0043297","apical junction assembly","2/890","50/18773",0.04,0.843730337078652,-0.246832332215178,0.692816328046337,0.878933129090973,0.808270729994188,"marveld2a/cldn11b",2
"GO:0070830","bicellular tight junction assembly","2/890","50/18773",0.04,0.843730337078652,-0.246832332215178,0.692816328046337,0.878933129090973,0.808270729994188,"marveld2a/cldn11b",2
"GO:0071216","cellular response to biotic stimulus","2/890","50/18773",0.04,0.843730337078652,-0.246832332215178,0.692816328046337,0.878933129090973,0.808270729994188,"myd88/cxcl20",2
"GO:0005975","carbohydrate metabolic process","15/890","350/18773",0.0428571428571429,0.903996789727127,-0.404454516682735,0.692970514334261,0.878933129090973,0.808270729994188,"dcxr/ppp1caa/pfkpa/chst10/myorg/man1a2/man2a2/ppp1r3b/rgn/fuom/galm/akr1a1b/idh2/pgghg/chst15",15
"GO:0050808","synapse organization","8/890","192/18773",0.0416666666666667,0.878885767790262,-0.3763061714716,0.695049578790763,0.881114530632425,0.810276756343591,"si:dkey-40c11.2/ptk7a/dbnlb/ascc1/fbxo45/slc25a1a/ppfibp1a/ppfibp1b",8
"GO:0043410","positive regulation of MAPK cascade","6/890","146/18773",0.0410958904109589,0.866846236724642,-0.360320111875976,0.696247170278754,0.88217681234183,0.811253635225843,"kdrl/tnfrsf19/fgfr4/axin1/taok1b/sh3rf1",6
"GO:0007030","Golgi organization","3/890","75/18773",0.04,0.843730337078652,-0.302508663706963,0.696691176295461,0.882283663114489,0.811351895661317,"myo18ab/vamp4/tmed5",3
"GO:0022412","cellular process involved in reproduction in multicellular organism","5/890","123/18773",0.040650406504065,0.857449529551475,-0.353844036295291,0.698856465283304,0.883657169762859,0.812614978351667,"ybx1/smad2/pafah1b1a/agfg1a/ccnb1",5
"GO:0023061","signal release","5/890","123/18773",0.040650406504065,0.857449529551475,-0.353844036295291,0.698856465283304,0.883657169762859,0.812614978351667,"marcksb/uqcc2/caskb/rap1aa/napab",5
"GO:0051648","vesicle localization","5/890","123/18773",0.040650406504065,0.857449529551475,-0.353844036295291,0.698856465283304,0.883657169762859,0.812614978351667,"arfgap2/kif13ba/pafah1b1a/arl6/ocrl",5
"GO:0006805","xenobiotic metabolic process","2/890","51/18773",0.0392156862745098,0.82718660497907,-0.275687108043023,0.703228934764003,0.884258295867992,0.813167776533614,"sult1st1/zgc:153372",2
"GO:0015695","organic cation transport","2/890","51/18773",0.0392156862745098,0.82718660497907,-0.275687108043023,0.703228934764003,0.884258295867992,0.813167776533614,"slc38a5b/sfxn1",2
"GO:0042157","lipoprotein metabolic process","2/890","51/18773",0.0392156862745098,0.82718660497907,-0.275687108043023,0.703228934764003,0.884258295867992,0.813167776533614,"lypla2/zdhhc8b",2
"GO:0006695","cholesterol biosynthetic process","1/890","25/18773",0.04,0.843730337078652,-0.174420406815206,0.703297160716858,0.884258295867992,0.813167776533614,"sc5d",1
"GO:0021514","ventral spinal cord interneuron differentiation","1/890","25/18773",0.04,0.843730337078652,-0.174420406815206,0.703297160716858,0.884258295867992,0.813167776533614,"notch1b",1
"GO:0042026","protein refolding","1/890","25/18773",0.04,0.843730337078652,-0.174420406815206,0.703297160716858,0.884258295867992,0.813167776533614,"hspb1",1
"GO:0042158","lipoprotein biosynthetic process","1/890","25/18773",0.04,0.843730337078652,-0.174420406815206,0.703297160716858,0.884258295867992,0.813167776533614,"zdhhc8b",1
"GO:0045185","maintenance of protein location","1/890","25/18773",0.04,0.843730337078652,-0.174420406815206,0.703297160716858,0.884258295867992,0.813167776533614,"tmsb4x",1
"GO:0051090","regulation of DNA-binding transcription factor activity","1/890","25/18773",0.04,0.843730337078652,-0.174420406815206,0.703297160716858,0.884258295867992,0.813167776533614,"cops5",1
"GO:1902622","regulation of neutrophil migration","1/890","25/18773",0.04,0.843730337078652,-0.174420406815206,0.703297160716858,0.884258295867992,0.813167776533614,"cxcl12a",1
"GO:1902653","secondary alcohol biosynthetic process","1/890","25/18773",0.04,0.843730337078652,-0.174420406815206,0.703297160716858,0.884258295867992,0.813167776533614,"sc5d",1
"GO:0031503","protein-containing complex localization","4/890","100/18773",0.04,0.843730337078652,-0.349540670180022,0.703966327530648,0.884646209750348,0.813524503827749,"rcc2/npm1b/erbin/tnfaip2a",4
"GO:0045785","positive regulation of cell adhesion","3/890","76/18773",0.0394736842105263,0.83262862211709,-0.32616106115464,0.705235303556282,0.885787096581443,0.81457366832194,"thy1/b2ml/triobpb",3
"GO:0009611","response to wounding","7/890","171/18773",0.0409356725146199,0.863466719232538,-0.400116857334839,0.706732017190787,0.886758894204093,0.81546733764429,"cxcl12a/f10/myd88/nrp1a/ptena/proza/sox11b",7
"GO:0030155","regulation of cell adhesion","7/890","171/18773",0.0409356725146199,0.863466719232538,-0.400116857334839,0.706732017190787,0.886758894204093,0.81546733764429,"thy1/limch1b/b2ml/gna12a/zgc:101783/limch1a/triobpb",7
"GO:0060627","regulation of vesicle-mediated transport","6/890","148/18773",0.0405405405405405,0.855132098390525,-0.394716221030776,0.708627819067495,0.888683047122989,0.81723679704103,"lgals3b/rap1aa/smap1/smap2/bmp2k/ocrl",6
"GO:0045786","negative regulation of cell cycle","5/890","125/18773",0.04,0.843730337078652,-0.391060219254524,0.712217501172493,0.889655426339194,0.818131001199345,"id2a/babam2/aurkb/nupr1a/nabp1a",5
"GO:0009123","nucleoside monophosphate metabolic process","2/890","52/18773",0.0384615384615385,0.811279170267934,-0.304009444142786,0.713346037464937,0.889655426339194,0.818131001199345,"ak1/tyms",2
"GO:0030282","bone mineralization","2/890","52/18773",0.0384615384615385,0.811279170267934,-0.304009444142786,0.713346037464937,0.889655426339194,0.818131001199345,"lrp5/bmp2k",2
"GO:0046031","ADP metabolic process","2/890","52/18773",0.0384615384615385,0.811279170267934,-0.304009444142786,0.713346037464937,0.889655426339194,0.818131001199345,"pfkpa/ak1",2
"GO:0051607","defense response to virus","3/890","77/18773",0.038961038961039,0.821815263388297,-0.349519652677197,0.713594058100772,0.889655426339194,0.818131001199345,"bnip3lb/otud6b/serinc5",3
"GO:0000387","spliceosomal snRNP assembly","1/890","26/18773",0.0384615384615385,0.811279170267934,-0.214818020042938,0.717382157887863,0.889655426339194,0.818131001199345,"strap",1
"GO:0000470","maturation of LSU-rRNA","1/890","26/18773",0.0384615384615385,0.811279170267934,-0.214818020042938,0.717382157887863,0.889655426339194,0.818131001199345,"nsa2",1
"GO:0002068","glandular epithelial cell development","1/890","26/18773",0.0384615384615385,0.811279170267934,-0.214818020042938,0.717382157887863,0.889655426339194,0.818131001199345,"bhmt",1
"GO:0007091","metaphase/anaphase transition of mitotic cell cycle","1/890","26/18773",0.0384615384615385,0.811279170267934,-0.214818020042938,0.717382157887863,0.889655426339194,0.818131001199345,"anapc11",1
"GO:0015012","heparan sulfate proteoglycan biosynthetic process","1/890","26/18773",0.0384615384615385,0.811279170267934,-0.214818020042938,0.717382157887863,0.889655426339194,0.818131001199345,"hs6st2",1
"GO:0016241","regulation of macroautophagy","1/890","26/18773",0.0384615384615385,0.811279170267934,-0.214818020042938,0.717382157887863,0.889655426339194,0.818131001199345,"snx30",1
"GO:0019933","cAMP-mediated signaling","1/890","26/18773",0.0384615384615385,0.811279170267934,-0.214818020042938,0.717382157887863,0.889655426339194,0.818131001199345,"adgrg6",1
"GO:0022600","digestive system process","1/890","26/18773",0.0384615384615385,0.811279170267934,-0.214818020042938,0.717382157887863,0.889655426339194,0.818131001199345,"chd8",1
"GO:0031100","animal organ regeneration","1/890","26/18773",0.0384615384615385,0.811279170267934,-0.214818020042938,0.717382157887863,0.889655426339194,0.818131001199345,"fhl1b",1
"GO:0035418","protein localization to synapse","1/890","26/18773",0.0384615384615385,0.811279170267934,-0.214818020042938,0.717382157887863,0.889655426339194,0.818131001199345,"erbin",1
"GO:0046785","microtubule polymerization","1/890","26/18773",0.0384615384615385,0.811279170267934,-0.214818020042938,0.717382157887863,0.889655426339194,0.818131001199345,"akap9",1
"GO:0048857","neural nucleus development","1/890","26/18773",0.0384615384615385,0.811279170267934,-0.214818020042938,0.717382157887863,0.889655426339194,0.818131001199345,"cxcl12a",1
"GO:0050768","negative regulation of neurogenesis","1/890","26/18773",0.0384615384615385,0.811279170267934,-0.214818020042938,0.717382157887863,0.889655426339194,0.818131001199345,"id1",1
"GO:0051047","positive regulation of secretion","1/890","26/18773",0.0384615384615385,0.811279170267934,-0.214818020042938,0.717382157887863,0.889655426339194,0.818131001199345,"marcksb",1
"GO:0061138","morphogenesis of a branching epithelium","1/890","26/18773",0.0384615384615385,0.811279170267934,-0.214818020042938,0.717382157887863,0.889655426339194,0.818131001199345,"hs6st2",1
"GO:1901568","fatty acid derivative metabolic process","1/890","26/18773",0.0384615384615385,0.811279170267934,-0.214818020042938,0.717382157887863,0.889655426339194,0.818131001199345,"adh8b",1
"GO:1903532","positive regulation of secretion by cell","1/890","26/18773",0.0384615384615385,0.811279170267934,-0.214818020042938,0.717382157887863,0.889655426339194,0.818131001199345,"marcksb",1
"GO:0010959","regulation of metal ion transport","3/890","78/18773",0.0384615384615385,0.811279170267934,-0.372592828662135,0.721768570720639,0.892910068915047,0.821123984673953,"lgals3b/fxyd6l/wnk1b",3
"GO:0034097","response to cytokine","8/890","197/18773",0.0406091370558376,0.856579022414875,-0.451439730619779,0.721814247392847,0.892910068915047,0.821123984673953,"ccl19b/timp2a/adipor1b/adipor2/cxcl20/rbmx/socs3b/trim33l",8
"GO:1901652","response to peptide","8/890","197/18773",0.0406091370558376,0.856579022414875,-0.451439730619779,0.721814247392847,0.892910068915047,0.821123984673953,"ccl19b/timp2a/adipor1b/adipor2/cxcl20/rbmx/socs3b/trim33l",8
"GO:0005977","glycogen metabolic process","2/890","53/18773",0.0377358490566038,0.795972016111936,-0.331821741654629,0.723172216944855,0.892910068915047,0.821123984673953,"ppp1caa/ppp1r3b",2
"GO:0009135","purine nucleoside diphosphate metabolic process","2/890","53/18773",0.0377358490566038,0.795972016111936,-0.331821741654629,0.723172216944855,0.892910068915047,0.821123984673953,"pfkpa/ak1",2
"GO:0009179","purine ribonucleoside diphosphate metabolic process","2/890","53/18773",0.0377358490566038,0.795972016111936,-0.331821741654629,0.723172216944855,0.892910068915047,0.821123984673953,"pfkpa/ak1",2
"GO:0042147","retrograde transport, endosome to Golgi","2/890","53/18773",0.0377358490566038,0.795972016111936,-0.331821741654629,0.723172216944855,0.892910068915047,0.821123984673953,"snx1a/stx6",2
"GO:0044042","glucan metabolic process","2/890","53/18773",0.0377358490566038,0.795972016111936,-0.331821741654629,0.723172216944855,0.892910068915047,0.821123984673953,"ppp1caa/ppp1r3b",2
"GO:0098657","import into cell","19/890","448/18773",0.0424107142857143,0.894580156500803,-0.503813116940339,0.724391431591576,0.892910068915047,0.821123984673953,"lgals3b/ehd2b/wnk1b/rabep2/lmbr1l/fscn1a/sema3fb/rab5aa/slc9a6a/lrp5/gapvd1/smap1/smap2/bmp2k/colec12/rab34a/trip10a/ocrl/fcho2",19
"GO:1903530","regulation of secretion by cell","4/890","103/18773",0.0388349514563107,0.819155667066652,-0.410564547582219,0.725644507390479,0.892910068915047,0.821123984673953,"marcksb/uqcc2/caskb/rap1aa",4
"GO:0048609","multicellular organismal reproductive process","8/890","198/18773",0.0404040404040404,0.852252865736012,-0.466248381987642,0.726973925906671,0.892910068915047,0.821123984673953,"cxcl12a/ybx1/strbp/smad2/larp7/pafah1b1a/agfg1a/ccnb1",8
"GO:0007292","female gamete generation","3/890","79/18773",0.0379746835443038,0.801009813682264,-0.395388626887527,0.729760148976362,0.892910068915047,0.821123984673953,"ybx1/smad2/ccnb1",3
"GO:0000768","syncytium formation by plasma membrane fusion","1/890","27/18773",0.037037037037037,0.781231793591344,-0.253770929132902,0.730799231525234,0.892910068915047,0.821123984673953,"dock1",1
"GO:0006024","glycosaminoglycan biosynthetic process","1/890","27/18773",0.037037037037037,0.781231793591344,-0.253770929132902,0.730799231525234,0.892910068915047,0.821123984673953,"chpf2",1
"GO:0006094","gluconeogenesis","1/890","27/18773",0.037037037037037,0.781231793591344,-0.253770929132902,0.730799231525234,0.892910068915047,0.821123984673953,"akr1a1b",1
"GO:0006099","tricarboxylic acid cycle","1/890","27/18773",0.037037037037037,0.781231793591344,-0.253770929132902,0.730799231525234,0.892910068915047,0.821123984673953,"idh2",1
"GO:0006949","syncytium formation","1/890","27/18773",0.037037037037037,0.781231793591344,-0.253770929132902,0.730799231525234,0.892910068915047,0.821123984673953,"dock1",1
"GO:0030225","macrophage differentiation","1/890","27/18773",0.037037037037037,0.781231793591344,-0.253770929132902,0.730799231525234,0.892910068915047,0.821123984673953,"sumf1",1
"GO:0030916","otic vesicle formation","1/890","27/18773",0.037037037037037,0.781231793591344,-0.253770929132902,0.730799231525234,0.892910068915047,0.821123984673953,"smad5",1
"GO:0043281","regulation of cysteine-type endopeptidase activity involved in apoptotic process","1/890","27/18773",0.037037037037037,0.781231793591344,-0.253770929132902,0.730799231525234,0.892910068915047,0.821123984673953,"casp2",1
"GO:0044784","metaphase/anaphase transition of cell cycle","1/890","27/18773",0.037037037037037,0.781231793591344,-0.253770929132902,0.730799231525234,0.892910068915047,0.821123984673953,"anapc11",1
"GO:0048702","embryonic neurocranium morphogenesis","1/890","27/18773",0.037037037037037,0.781231793591344,-0.253770929132902,0.730799231525234,0.892910068915047,0.821123984673953,"smo",1
"GO:0048794","swim bladder development","1/890","27/18773",0.037037037037037,0.781231793591344,-0.253770929132902,0.730799231525234,0.892910068915047,0.821123984673953,"smo",1
"GO:0050851","antigen receptor-mediated signaling pathway","1/890","27/18773",0.037037037037037,0.781231793591344,-0.253770929132902,0.730799231525234,0.892910068915047,0.821123984673953,"si:dkey-52l18.4",1
"GO:0051304","chromosome separation","1/890","27/18773",0.037037037037037,0.781231793591344,-0.253770929132902,0.730799231525234,0.892910068915047,0.821123984673953,"anapc11",1
"GO:0140253","cell-cell fusion","1/890","27/18773",0.037037037037037,0.781231793591344,-0.253770929132902,0.730799231525234,0.892910068915047,0.821123984673953,"dock1",1
"GO:1905515","non-motile cilium assembly","1/890","27/18773",0.037037037037037,0.781231793591344,-0.253770929132902,0.730799231525234,0.892910068915047,0.821123984673953,"arl13b",1
"GO:0030705","cytoskeleton-dependent intracellular transport","4/890","104/18773",0.0384615384615385,0.811279170267934,-0.430532624819104,0.732602258156788,0.892910068915047,0.821123984673953,"kif3a/actr10/kif13ba/pafah1b1a",4
"GO:0043086","negative regulation of catalytic activity","4/890","104/18773",0.0384615384615385,0.811279170267934,-0.430532624819104,0.732602258156788,0.892910068915047,0.821123984673953,"timp2a/cast/serpinh2/aida",4
"GO:0001764","neuron migration","2/890","54/18773",0.037037037037037,0.781231793591344,-0.359145022505671,0.73271228404889,0.892910068915047,0.821123984673953,"cxcl12a/sh3rf1",2
"GO:0006639","acylglycerol metabolic process","2/890","54/18773",0.037037037037037,0.781231793591344,-0.359145022505671,0.73271228404889,0.892910068915047,0.821123984673953,"gpat3/abhd6a",2
"GO:0050807","regulation of synapse organization","2/890","54/18773",0.037037037037037,0.781231793591344,-0.359145022505671,0.73271228404889,0.892910068915047,0.821123984673953,"si:dkey-40c11.2/dbnlb",2
"GO:0120192","tight junction assembly","2/890","54/18773",0.037037037037037,0.781231793591344,-0.359145022505671,0.73271228404889,0.892910068915047,0.821123984673953,"marveld2a/cldn11b",2
"GO:0120193","tight junction organization","2/890","54/18773",0.037037037037037,0.781231793591344,-0.359145022505671,0.73271228404889,0.892910068915047,0.821123984673953,"marveld2a/cldn11b",2
"GO:0007269","neurotransmitter secretion","3/890","80/18773",0.0375,0.790997191011236,-0.417914751781521,0.737570264233828,0.892910068915047,0.821123984673953,"caskb/rap1aa/napab",3
"GO:0043414","macromolecule methylation","3/890","80/18773",0.0375,0.790997191011236,-0.417914751781521,0.737570264233828,0.892910068915047,0.821123984673953,"larp7/carm1/ntmt1",3
"GO:0099643","signal release from synapse","3/890","80/18773",0.0375,0.790997191011236,-0.417914751781521,0.737570264233828,0.892910068915047,0.821123984673953,"caskb/rap1aa/napab",3
"GO:0002694","regulation of leukocyte activation","4/890","105/18773",0.0380952380952381,0.803552701979668,-0.450320689954638,0.739426663370936,0.892910068915047,0.821123984673953,"fam49a/b2ml/kmt5b/sh3rf1",4
"GO:0006638","neutral lipid metabolic process","2/890","55/18773",0.0363636363636364,0.767027579162411,-0.385999039141075,0.741971247621096,0.892910068915047,0.821123984673953,"gpat3/abhd6a",2
"GO:0007029","endoplasmic reticulum organization","2/890","55/18773",0.0363636363636364,0.767027579162411,-0.385999039141075,0.741971247621096,0.892910068915047,0.821123984673953,"rtn1a/reep1",2
"GO:0009308","amine metabolic process","2/890","55/18773",0.0363636363636364,0.767027579162411,-0.385999039141075,0.741971247621096,0.892910068915047,0.821123984673953,"sult1st1/srm",2
"GO:1901879","regulation of protein depolymerization","2/890","55/18773",0.0363636363636364,0.767027579162411,-0.385999039141075,0.741971247621096,0.892910068915047,0.821123984673953,"add3a/capgb",2
"GO:0051049","regulation of transport","14/890","340/18773",0.0411764705882353,0.868545935228024,-0.545689446269509,0.74336199445382,0.892910068915047,0.821123984673953,"slc25a5/lgals3b/fxyd6l/sh3tc2/marcksb/uqcc2/caskb/rap1aa/wnk1b/smap1/zdhhc8b/smap2/bmp2k/ocrl",14
"GO:0001885","endothelial cell development","1/890","28/18773",0.0357142857142857,0.753330658105939,-0.291394638174366,0.743580021237308,0.892910068915047,0.821123984673953,"tnfrsf19",1
"GO:0002066","columnar/cuboidal epithelial cell development","1/890","28/18773",0.0357142857142857,0.753330658105939,-0.291394638174366,0.743580021237308,0.892910068915047,0.821123984673953,"bhmt",1
"GO:0005978","glycogen biosynthetic process","1/890","28/18773",0.0357142857142857,0.753330658105939,-0.291394638174366,0.743580021237308,0.892910068915047,0.821123984673953,"ppp1r3b",1
"GO:0007212","G protein-coupled dopamine receptor signaling pathway","1/890","28/18773",0.0357142857142857,0.753330658105939,-0.291394638174366,0.743580021237308,0.892910068915047,0.821123984673953,"gna11b",1
"GO:0009119","ribonucleoside metabolic process","1/890","28/18773",0.0357142857142857,0.753330658105939,-0.291394638174366,0.743580021237308,0.892910068915047,0.821123984673953,"ada2a",1
"GO:0009250","glucan biosynthetic process","1/890","28/18773",0.0357142857142857,0.753330658105939,-0.291394638174366,0.743580021237308,0.892910068915047,0.821123984673953,"ppp1r3b",1
"GO:0043543","protein acylation","1/890","28/18773",0.0357142857142857,0.753330658105939,-0.291394638174366,0.743580021237308,0.892910068915047,0.821123984673953,"zdhhc8b",1
"GO:0044331","cell-cell adhesion mediated by cadherin","1/890","28/18773",0.0357142857142857,0.753330658105939,-0.291394638174366,0.743580021237308,0.892910068915047,0.821123984673953,"gna12a",1
"GO:0050795","regulation of behavior","1/890","28/18773",0.0357142857142857,0.753330658105939,-0.291394638174366,0.743580021237308,0.892910068915047,0.821123984673953,"cfap20",1
"GO:0051085","chaperone cofactor-dependent protein refolding","1/890","28/18773",0.0357142857142857,0.753330658105939,-0.291394638174366,0.743580021237308,0.892910068915047,0.821123984673953,"tor1",1
"GO:0060973","cell migration involved in heart development","1/890","28/18773",0.0357142857142857,0.753330658105939,-0.291394638174366,0.743580021237308,0.892910068915047,0.821123984673953,"gna12a",1
"GO:0072015","podocyte development","1/890","28/18773",0.0357142857142857,0.753330658105939,-0.291394638174366,0.743580021237308,0.892910068915047,0.821123984673953,"slc43a1a",1
"GO:0072114","pronephros morphogenesis","1/890","28/18773",0.0357142857142857,0.753330658105939,-0.291394638174366,0.743580021237308,0.892910068915047,0.821123984673953,"camk2g2",1
"GO:0072310","glomerular epithelial cell development","1/890","28/18773",0.0357142857142857,0.753330658105939,-0.291394638174366,0.743580021237308,0.892910068915047,0.821123984673953,"slc43a1a",1
"GO:0095500","acetylcholine receptor signaling pathway","1/890","28/18773",0.0357142857142857,0.753330658105939,-0.291394638174366,0.743580021237308,0.892910068915047,0.821123984673953,"gna11b",1
"GO:0099637","neurotransmitter receptor transport","1/890","28/18773",0.0357142857142857,0.753330658105939,-0.291394638174366,0.743580021237308,0.892910068915047,0.821123984673953,"erbin",1
"GO:1902017","regulation of cilium assembly","1/890","28/18773",0.0357142857142857,0.753330658105939,-0.291394638174366,0.743580021237308,0.892910068915047,0.821123984673953,"man1a2",1
"GO:1902806","regulation of cell cycle G1/S phase transition","1/890","28/18773",0.0357142857142857,0.753330658105939,-0.291394638174366,0.743580021237308,0.892910068915047,0.821123984673953,"pagr1",1
"GO:1905144","response to acetylcholine","1/890","28/18773",0.0357142857142857,0.753330658105939,-0.291394638174366,0.743580021237308,0.892910068915047,0.821123984673953,"gna11b",1
"GO:1905145","cellular response to acetylcholine","1/890","28/18773",0.0357142857142857,0.753330658105939,-0.291394638174366,0.743580021237308,0.892910068915047,0.821123984673953,"gna11b",1
"GO:1905517","macrophage migration","1/890","28/18773",0.0357142857142857,0.753330658105939,-0.291394638174366,0.743580021237308,0.892910068915047,0.821123984673953,"lgals3b",1
"GO:0015711","organic anion transport","10/890","248/18773",0.0403225806451613,0.850534613990576,-0.528588180646704,0.743667048835484,0.892910068915047,0.821123984673953,"slc25a5/mpc1/slc25a11/slc38a5b/slc25a1a/slc10a3/slc25a25a/cptp/sfxn1/slc25a24",10
"GO:0010948","negative regulation of cell cycle process","4/890","106/18773",0.0377358490566038,0.795972016111936,-0.469932514523449,0.746118367755175,0.895415047017341,0.823427573436678,"id2a/babam2/aurkb/nabp1a",4
"GO:0007043","cell-cell junction assembly","3/890","82/18773",0.0365853658536585,0.771704576596328,-0.462187239206578,0.752652736173544,0.902124673579999,0.829597775219147,"marveld2a/cldn11b/heg1",3
"GO:0050863","regulation of T cell activation","3/890","82/18773",0.0365853658536585,0.771704576596328,-0.462187239206578,0.752652736173544,0.902124673579999,0.829597775219147,"fam49a/b2ml/sh3rf1",3
"GO:0003094","glomerular filtration","1/890","29/18773",0.0344827586206897,0.727353738860907,-0.327791354946898,0.755754669468772,0.902124673579999,0.829597775219147,"ocrl",1
"GO:0021761","limbic system development","1/890","29/18773",0.0344827586206897,0.727353738860907,-0.327791354946898,0.755754669468772,0.902124673579999,0.829597775219147,"otpa",1
"GO:0032963","collagen metabolic process","1/890","29/18773",0.0344827586206897,0.727353738860907,-0.327791354946898,0.755754669468772,0.902124673579999,0.829597775219147,"mmp14b",1
"GO:0046503","glycerolipid catabolic process","1/890","29/18773",0.0344827586206897,0.727353738860907,-0.327791354946898,0.755754669468772,0.902124673579999,0.829597775219147,"abhd6a",1
"GO:0050728","negative regulation of inflammatory response","1/890","29/18773",0.0344827586206897,0.727353738860907,-0.327791354946898,0.755754669468772,0.902124673579999,0.829597775219147,"uacaa",1
"GO:0051084","'de novo' post-translational protein folding","1/890","29/18773",0.0344827586206897,0.727353738860907,-0.327791354946898,0.755754669468772,0.902124673579999,0.829597775219147,"tor1",1
"GO:0051961","negative regulation of nervous system development","1/890","29/18773",0.0344827586206897,0.727353738860907,-0.327791354946898,0.755754669468772,0.902124673579999,0.829597775219147,"id1",1
"GO:0098926","postsynaptic signal transduction","1/890","29/18773",0.0344827586206897,0.727353738860907,-0.327791354946898,0.755754669468772,0.902124673579999,0.829597775219147,"gna11b",1
"GO:2000243","positive regulation of reproductive process","1/890","29/18773",0.0344827586206897,0.727353738860907,-0.327791354946898,0.755754669468772,0.902124673579999,0.829597775219147,"smad2",1
"GO:0002011","morphogenesis of an epithelial sheet","4/890","108/18773",0.037037037037037,0.781231793591344,-0.508641948945672,0.759106737304521,0.903277969519034,0.830658351182994,"fscn1a/gna12a/phactr4b/sox11b",4
"GO:0050865","regulation of cell activation","4/890","108/18773",0.037037037037037,0.781231793591344,-0.508641948945672,0.759106737304521,0.903277969519034,0.830658351182994,"fam49a/b2ml/kmt5b/sh3rf1",4
"GO:0051046","regulation of secretion","4/890","108/18773",0.037037037037037,0.781231793591344,-0.508641948945672,0.759106737304521,0.903277969519034,0.830658351182994,"marcksb/uqcc2/caskb/rap1aa",4
"GO:0006112","energy reserve metabolic process","2/890","57/18773",0.0350877192982456,0.740114330770747,-0.438372527532853,0.75966671468315,0.903277969519034,0.830658351182994,"ppp1caa/ppp1r3b",2
"GO:0009185","ribonucleoside diphosphate metabolic process","2/890","57/18773",0.0350877192982456,0.740114330770747,-0.438372527532853,0.75966671468315,0.903277969519034,0.830658351182994,"pfkpa/ak1",2
"GO:0016064","immunoglobulin mediated immune response","2/890","57/18773",0.0350877192982456,0.740114330770747,-0.438372527532853,0.75966671468315,0.903277969519034,0.830658351182994,"kmt5b/msh2",2
"GO:0019724","B cell mediated immunity","2/890","57/18773",0.0350877192982456,0.740114330770747,-0.438372527532853,0.75966671468315,0.903277969519034,0.830658351182994,"kmt5b/msh2",2
"GO:0030203","glycosaminoglycan metabolic process","2/890","57/18773",0.0350877192982456,0.740114330770747,-0.438372527532853,0.75966671468315,0.903277969519034,0.830658351182994,"sumf1/chpf2",2
"GO:0002252","immune effector process","5/890","133/18773",0.037593984962406,0.792979640111515,-0.534497912664018,0.761437588340377,0.904944963274683,0.832191325894241,"ptenb/myd88/ptena/kmt5b/msh2",5
"GO:0008016","regulation of heart contraction","3/890","84/18773",0.0357142857142857,0.753330658105939,-0.505465913560523,0.767030574171271,0.9054221876151,0.832630183474225,"plcg1/bnip3lb/skia",3
"GO:0000302","response to reactive oxygen species","1/890","30/18773",0.0333333333333333,0.70310861423221,-0.36305193801418,0.767351892269284,0.9054221876151,0.832630183474225,"romo1",1
"GO:0002687","positive regulation of leukocyte migration","1/890","30/18773",0.0333333333333333,0.70310861423221,-0.36305193801418,0.767351892269284,0.9054221876151,0.832630183474225,"plvapb",1
"GO:0006893","Golgi to plasma membrane transport","1/890","30/18773",0.0333333333333333,0.70310861423221,-0.36305193801418,0.767351892269284,0.9054221876151,0.832630183474225,"rab34a",1
"GO:0007040","lysosome organization","1/890","30/18773",0.0333333333333333,0.70310861423221,-0.36305193801418,0.767351892269284,0.9054221876151,0.832630183474225,"rab34a",1
"GO:0008406","gonad development","1/890","30/18773",0.0333333333333333,0.70310861423221,-0.36305193801418,0.767351892269284,0.9054221876151,0.832630183474225,"bmpr2b",1
"GO:0019882","antigen processing and presentation","1/890","30/18773",0.0333333333333333,0.70310861423221,-0.36305193801418,0.767351892269284,0.9054221876151,0.832630183474225,"b2ml",1
"GO:0039021","pronephric glomerulus development","1/890","30/18773",0.0333333333333333,0.70310861423221,-0.36305193801418,0.767351892269284,0.9054221876151,0.832630183474225,"mdm2",1
"GO:0042476","odontogenesis","1/890","30/18773",0.0333333333333333,0.70310861423221,-0.36305193801418,0.767351892269284,0.9054221876151,0.832630183474225,"cyp26b1",1
"GO:0048608","reproductive structure development","1/890","30/18773",0.0333333333333333,0.70310861423221,-0.36305193801418,0.767351892269284,0.9054221876151,0.832630183474225,"bmpr2b",1
"GO:0051262","protein tetramerization","1/890","30/18773",0.0333333333333333,0.70310861423221,-0.36305193801418,0.767351892269284,0.9054221876151,0.832630183474225,"stk3",1
"GO:0061458","reproductive system development","1/890","30/18773",0.0333333333333333,0.70310861423221,-0.36305193801418,0.767351892269284,0.9054221876151,0.832630183474225,"bmpr2b",1
"GO:0080171","lytic vacuole organization","1/890","30/18773",0.0333333333333333,0.70310861423221,-0.36305193801418,0.767351892269284,0.9054221876151,0.832630183474225,"rab34a",1
"GO:0120034","positive regulation of plasma membrane bounded cell projection assembly","1/890","30/18773",0.0333333333333333,0.70310861423221,-0.36305193801418,0.767351892269284,0.9054221876151,0.832630183474225,"nrp1a",1
"GO:0033059","cellular pigmentation","2/890","58/18773",0.0344827586206897,0.727353738860907,-0.463926003000345,0.768113971637596,0.9054221876151,0.832630183474225,"arl6/ocrl",2
"GO:0051251","positive regulation of lymphocyte activation","2/890","58/18773",0.0344827586206897,0.727353738860907,-0.463926003000345,0.768113971637596,0.9054221876151,0.832630183474225,"b2ml/kmt5b",2
"GO:0072593","reactive oxygen species metabolic process","2/890","58/18773",0.0344827586206897,0.727353738860907,-0.463926003000345,0.768113971637596,0.9054221876151,0.832630183474225,"romo1/coq7",2
"GO:0031667","response to nutrient levels","4/890","110/18773",0.0363636363636364,0.767027579162411,-0.546688848164112,0.771574384011086,0.907947152451518,0.834952152124618,"pak2b/zgc:92606/gabarapa/map1lc3b",4
"GO:0006163","purine nucleotide metabolic process","9/890","231/18773",0.038961038961039,0.821815263388297,-0.607894604628329,0.771747231045622,0.907947152451518,0.834952152124618,"nme2b.1/pfkpa/ak1/nudt3b/si:ch211-140m22.7/nme3/antkmt/npr1a/adcy7",9
"GO:0010466","negative regulation of peptidase activity","3/890","85/18773",0.0352941176470588,0.744467944481163,-0.52674876546297,0.773960336941254,0.907947152451518,0.834952152124618,"timp2a/cast/serpinh2",3
"GO:0071345","cellular response to cytokine stimulus","7/890","184/18773",0.0380434782608696,0.802460918417196,-0.600708830095506,0.774731314873386,0.907947152451518,0.834952152124618,"ccl19b/adipor1b/adipor2/cxcl20/rbmx/socs3b/trim33l",7
"GO:0010256","endomembrane system organization","11/890","279/18773",0.039426523297491,0.831633844790786,-0.632079284704139,0.7756285564112,0.907947152451518,0.834952152124618,"chmp2a/sqstm1/rtn1a/tor1/si:ch211-71m22.1/myo18ab/vamp4/tmed5/chmp4ba/reep1/agfg1a",11
"GO:0002685","regulation of leukocyte migration","2/890","59/18773",0.0338983050847458,0.715025709388688,-0.489078376967941,0.776301584054844,0.907947152451518,0.834952152124618,"plvapb/cxcl12a",2
"GO:0002696","positive regulation of leukocyte activation","2/890","59/18773",0.0338983050847458,0.715025709388688,-0.489078376967941,0.776301584054844,0.907947152451518,0.834952152124618,"b2ml/kmt5b",2
"GO:0042886","amide transport","2/890","59/18773",0.0338983050847458,0.715025709388688,-0.489078376967941,0.776301584054844,0.907947152451518,0.834952152124618,"uqcc2/cptp",2
"GO:0050867","positive regulation of cell activation","2/890","59/18773",0.0338983050847458,0.715025709388688,-0.489078376967941,0.776301584054844,0.907947152451518,0.834952152124618,"b2ml/kmt5b",2
"GO:0071599","otic vesicle development","2/890","59/18773",0.0338983050847458,0.715025709388688,-0.489078376967941,0.776301584054844,0.907947152451518,0.834952152124618,"smad5/eya1",2
"GO:0006458","'de novo' protein folding","1/890","31/18773",0.032258064516129,0.680427691192461,-0.397257502819547,0.778399046720564,0.907947152451518,0.834952152124618,"tor1",1
"GO:0007131","reciprocal meiotic recombination","1/890","31/18773",0.032258064516129,0.680427691192461,-0.397257502819547,0.778399046720564,0.907947152451518,0.834952152124618,"cenpx",1
"GO:0007586","digestion","1/890","31/18773",0.032258064516129,0.680427691192461,-0.397257502819547,0.778399046720564,0.907947152451518,0.834952152124618,"chd8",1
"GO:0015833","peptide transport","1/890","31/18773",0.032258064516129,0.680427691192461,-0.397257502819547,0.778399046720564,0.907947152451518,0.834952152124618,"uqcc2",1
"GO:0016180","snRNA processing","1/890","31/18773",0.032258064516129,0.680427691192461,-0.397257502819547,0.778399046720564,0.907947152451518,0.834952152124618,"larp7",1
"GO:0043524","negative regulation of neuron apoptotic process","1/890","31/18773",0.032258064516129,0.680427691192461,-0.397257502819547,0.778399046720564,0.907947152451518,0.834952152124618,"kdm5c",1
"GO:0045137","development of primary sexual characteristics","1/890","31/18773",0.032258064516129,0.680427691192461,-0.397257502819547,0.778399046720564,0.907947152451518,0.834952152124618,"bmpr2b",1
"GO:0046879","hormone secretion","1/890","31/18773",0.032258064516129,0.680427691192461,-0.397257502819547,0.778399046720564,0.907947152451518,0.834952152124618,"uqcc2",1
"GO:0048886","neuromast hair cell differentiation","1/890","31/18773",0.032258064516129,0.680427691192461,-0.397257502819547,0.778399046720564,0.907947152451518,0.834952152124618,"lrp5",1
"GO:0072348","sulfur compound transport","1/890","31/18773",0.032258064516129,0.680427691192461,-0.397257502819547,0.778399046720564,0.907947152451518,0.834952152124618,"slc25a11",1
"GO:0099024","plasma membrane invagination","1/890","31/18773",0.032258064516129,0.680427691192461,-0.397257502819547,0.778399046720564,0.907947152451518,0.834952152124618,"aurkb",1
"GO:0140527","reciprocal homologous recombination","1/890","31/18773",0.032258064516129,0.680427691192461,-0.397257502819547,0.778399046720564,0.907947152451518,0.834952152124618,"cenpx",1
"GO:0051336","regulation of hydrolase activity","6/890","161/18773",0.0372670807453416,0.78608416498011,-0.608120211829723,0.780609648570436,0.909660554842413,0.836527804418775,"timp2a/casp2/cast/serpinh2/arap3/svbp",6
"GO:1901605","alpha-amino acid metabolic process","6/890","161/18773",0.0372670807453416,0.78608416498011,-0.608120211829723,0.780609648570436,0.909660554842413,0.836527804418775,"glulb/phgdh/bhmt/gclc/pnpo/tdh2",6
"GO:0007498","mesoderm development","4/890","112/18773",0.0357142857142857,0.753330658105939,-0.584099477638747,0.783529630343342,0.911552588212664,0.83826772653882,"rock2a/zdhhc13/churc1/etv5a",4
"GO:0009583","detection of light stimulus","2/890","60/18773",0.0333333333333333,0.70310861423221,-0.513844368290488,0.784235152467614,0.911552588212664,0.83826772653882,"gna11b/lamc1",2
"GO:0050803","regulation of synapse structure or activity","2/890","60/18773",0.0333333333333333,0.70310861423221,-0.513844368290488,0.784235152467614,0.911552588212664,0.83826772653882,"si:dkey-40c11.2/dbnlb",2
"GO:0015850","organic hydroxy compound transport","3/890","87/18773",0.0344827586206897,0.727353738860907,-0.568631727938546,0.7873125963158,0.911552588212664,0.83826772653882,"rbp4/slc10a3/zdhhc8b",3
"GO:0016052","carbohydrate catabolic process","3/890","87/18773",0.0344827586206897,0.727353738860907,-0.568631727938546,0.7873125963158,0.911552588212664,0.83826772653882,"pfkpa/ppp1r3b/galm",3
"GO:0001763","morphogenesis of a branching structure","1/890","32/18773",0.03125,0.659164325842697,-0.430480755571643,0.78892219517957,0.911552588212664,0.83826772653882,"hs6st2",1
"GO:0003206","cardiac chamber morphogenesis","1/890","32/18773",0.03125,0.659164325842697,-0.430480755571643,0.78892219517957,0.911552588212664,0.83826772653882,"adgrg6",1
"GO:0006383","transcription by RNA polymerase III","1/890","32/18773",0.03125,0.659164325842697,-0.430480755571643,0.78892219517957,0.911552588212664,0.83826772653882,"snapc1b",1
"GO:0006690","icosanoid metabolic process","1/890","32/18773",0.03125,0.659164325842697,-0.430480755571643,0.78892219517957,0.911552588212664,0.83826772653882,"ptges3a",1
"GO:0006879","intracellular iron ion homeostasis","1/890","32/18773",0.03125,0.659164325842697,-0.430480755571643,0.78892219517957,0.911552588212664,0.83826772653882,"ncoa4",1
"GO:0007286","spermatid development","1/890","32/18773",0.03125,0.659164325842697,-0.430480755571643,0.78892219517957,0.911552588212664,0.83826772653882,"agfg1a",1
"GO:0009914","hormone transport","1/890","32/18773",0.03125,0.659164325842697,-0.430480755571643,0.78892219517957,0.911552588212664,0.83826772653882,"uqcc2",1
"GO:0010508","positive regulation of autophagy","1/890","32/18773",0.03125,0.659164325842697,-0.430480755571643,0.78892219517957,0.911552588212664,0.83826772653882,"snx30",1
"GO:0019674","NAD metabolic process","1/890","32/18773",0.03125,0.659164325842697,-0.430480755571643,0.78892219517957,0.911552588212664,0.83826772653882,"pfkpa",1
"GO:0032273","positive regulation of protein polymerization","1/890","32/18773",0.03125,0.659164325842697,-0.430480755571643,0.78892219517957,0.911552588212664,0.83826772653882,"nck1b",1
"GO:0035825","homologous recombination","1/890","32/18773",0.03125,0.659164325842697,-0.430480755571643,0.78892219517957,0.911552588212664,0.83826772653882,"cenpx",1
"GO:0048515","spermatid differentiation","1/890","32/18773",0.03125,0.659164325842697,-0.430480755571643,0.78892219517957,0.911552588212664,0.83826772653882,"agfg1a",1
"GO:0051924","regulation of calcium ion transport","1/890","32/18773",0.03125,0.659164325842697,-0.430480755571643,0.78892219517957,0.911552588212664,0.83826772653882,"lgals3b",1
"GO:0021536","diencephalon development","3/890","88/18773",0.0340909090909091,0.71908835546476,-0.589243248394459,0.793739768619235,0.916687218654889,0.842989555035693,"eya1/smo/otpa",3
"GO:0008038","neuron recognition","1/890","33/18773",0.0303030303030303,0.639189649302009,-0.462787108125668,0.798946166487941,0.917565262437046,0.843797007918377,"nrp1a",1
"GO:0009112","nucleobase metabolic process","1/890","33/18773",0.0303030303030303,0.639189649302009,-0.462787108125668,0.798946166487941,0.917565262437046,0.843797007918377,"uraha",1
"GO:0009395","phospholipid catabolic process","1/890","33/18773",0.0303030303030303,0.639189649302009,-0.462787108125668,0.798946166487941,0.917565262437046,0.843797007918377,"plcg1",1
"GO:0043627","response to estrogen","1/890","33/18773",0.0303030303030303,0.639189649302009,-0.462787108125668,0.798946166487941,0.917565262437046,0.843797007918377,"hsp90ab1",1
"GO:0051897","positive regulation of phosphatidylinositol 3-kinase/protein kinase B signal transduction","1/890","33/18773",0.0303030303030303,0.639189649302009,-0.462787108125668,0.798946166487941,0.917565262437046,0.843797007918377,"vav2",1
"GO:0060914","heart formation","1/890","33/18773",0.0303030303030303,0.639189649302009,-0.462787108125668,0.798946166487941,0.917565262437046,0.843797007918377,"yap1",1
"GO:0061318","renal filtration cell differentiation","1/890","33/18773",0.0303030303030303,0.639189649302009,-0.462787108125668,0.798946166487941,0.917565262437046,0.843797007918377,"slc43a1a",1
"GO:0070509","calcium ion import","1/890","33/18773",0.0303030303030303,0.639189649302009,-0.462787108125668,0.798946166487941,0.917565262437046,0.843797007918377,"lgals3b",1
"GO:0072010","glomerular epithelium development","1/890","33/18773",0.0303030303030303,0.639189649302009,-0.462787108125668,0.798946166487941,0.917565262437046,0.843797007918377,"slc43a1a",1
"GO:0072112","podocyte differentiation","1/890","33/18773",0.0303030303030303,0.639189649302009,-0.462787108125668,0.798946166487941,0.917565262437046,0.843797007918377,"slc43a1a",1
"GO:0072311","glomerular epithelial cell differentiation","1/890","33/18773",0.0303030303030303,0.639189649302009,-0.462787108125668,0.798946166487941,0.917565262437046,0.843797007918377,"slc43a1a",1
"GO:0005976","polysaccharide metabolic process","2/890","62/18773",0.032258064516129,0.680427691192461,-0.562272150736152,0.799362807104756,0.917565262437046,0.843797007918377,"ppp1caa/ppp1r3b",2
"GO:1904062","regulation of monoatomic cation transmembrane transport","2/890","62/18773",0.032258064516129,0.680427691192461,-0.562272150736152,0.799362807104756,0.917565262437046,0.843797007918377,"fxyd6l/wnk1b",2
"GO:0051346","negative regulation of hydrolase activity","3/890","89/18773",0.0337078651685393,0.711008711021336,-0.609642048777591,0.800004208764467,0.917871994433694,0.84407907999717,"timp2a/cast/serpinh2",3
"GO:0010639","negative regulation of organelle organization","4/890","115/18773",0.0347826086956522,0.733678553981436,-0.639076140619158,0.800522725973163,0.91803751604122,0.844231294387682,"slc25a5/tmsb4x/add3a/capgb",4
"GO:0001775","cell activation","9/890","239/18773",0.0376569037656904,0.794306802689107,-0.713944394143882,0.804288749749659,0.919442414861082,0.845523245455532,"ybx1/ptenb/myd88/nrp1a/fam49a/b2ml/ptena/kmt5b/sh3rf1",9
"GO:0072521","purine-containing compound metabolic process","13/890","334/18773",0.0389221556886228,0.820995088474736,-0.736375933593822,0.80446175331521,0.919442414861082,0.845523245455532,"nme2b.1/hmgcrb/pfkpa/ak1/uraha/ada2a/nudt3b/si:ch211-140m22.7/nme3/antkmt/pank4/npr1a/adcy7",13
"GO:0060215","primitive hemopoiesis","2/890","63/18773",0.0317460317460317,0.669627251649724,-0.585959615048677,0.806568290851851,0.919442414861082,0.845523245455532,"etv5a/csrnp1a",2
"GO:0140053","mitochondrial gene expression","2/890","63/18773",0.0317460317460317,0.669627251649724,-0.585959615048677,0.806568290851851,0.919442414861082,0.845523245455532,"uqcc2/cdk5rap1",2
"GO:0002697","regulation of immune effector process","1/890","34/18773",0.0294117647058824,0.620389953734303,-0.494235615374923,0.808494614290809,0.919442414861082,0.845523245455532,"kmt5b",1
"GO:0009126","purine nucleoside monophosphate metabolic process","1/890","34/18773",0.0294117647058824,0.620389953734303,-0.494235615374923,0.808494614290809,0.919442414861082,0.845523245455532,"ak1",1
"GO:0009167","purine ribonucleoside monophosphate metabolic process","1/890","34/18773",0.0294117647058824,0.620389953734303,-0.494235615374923,0.808494614290809,0.919442414861082,0.845523245455532,"ak1",1
"GO:0019226","transmission of nerve impulse","1/890","34/18773",0.0294117647058824,0.620389953734303,-0.494235615374923,0.808494614290809,0.919442414861082,0.845523245455532,"rnf121",1
"GO:0048278","vesicle docking","1/890","34/18773",0.0294117647058824,0.620389953734303,-0.494235615374923,0.808494614290809,0.919442414861082,0.845523245455532,"stx6",1
"GO:0048488","synaptic vesicle endocytosis","1/890","34/18773",0.0294117647058824,0.620389953734303,-0.494235615374923,0.808494614290809,0.919442414861082,0.845523245455532,"fcho2",1
"GO:0071867","response to monoamine","1/890","34/18773",0.0294117647058824,0.620389953734303,-0.494235615374923,0.808494614290809,0.919442414861082,0.845523245455532,"gna11b",1
"GO:0071868","cellular response to monoamine stimulus","1/890","34/18773",0.0294117647058824,0.620389953734303,-0.494235615374923,0.808494614290809,0.919442414861082,0.845523245455532,"gna11b",1
"GO:0071869","response to catecholamine","1/890","34/18773",0.0294117647058824,0.620389953734303,-0.494235615374923,0.808494614290809,0.919442414861082,0.845523245455532,"gna11b",1
"GO:0071870","cellular response to catecholamine stimulus","1/890","34/18773",0.0294117647058824,0.620389953734303,-0.494235615374923,0.808494614290809,0.919442414861082,0.845523245455532,"gna11b",1
"GO:0099072","regulation of postsynaptic membrane neurotransmitter receptor levels","1/890","34/18773",0.0294117647058824,0.620389953734303,-0.494235615374923,0.808494614290809,0.919442414861082,0.845523245455532,"erbin",1
"GO:0140238","presynaptic endocytosis","1/890","34/18773",0.0294117647058824,0.620389953734303,-0.494235615374923,0.808494614290809,0.919442414861082,0.845523245455532,"fcho2",1
"GO:1903350","response to dopamine","1/890","34/18773",0.0294117647058824,0.620389953734303,-0.494235615374923,0.808494614290809,0.919442414861082,0.845523245455532,"gna11b",1
"GO:1903351","cellular response to dopamine","1/890","34/18773",0.0294117647058824,0.620389953734303,-0.494235615374923,0.808494614290809,0.919442414861082,0.845523245455532,"gna11b",1
"GO:0007626","locomotory behavior","6/890","167/18773",0.0359281437125748,0.757841620130525,-0.701231339595645,0.808945041464495,0.91952835343485,0.845602274941911,"sqstm1/tpp1/fhl1b/psd2/reep1/pnpo",6
"GO:0001702","gastrulation with mouth forming second","2/890","64/18773",0.03125,0.659164325842697,-0.609312141171293,0.813542494981491,0.924325956549142,0.850014171641517,"gna12a/gpc4",2
"GO:0006040","amino sugar metabolic process","1/890","35/18773",0.0285714285714286,0.602664526484751,-0.524879767811671,0.817590072601347,0.925358597429591,0.850963792688486,"uap1l1",1
"GO:0031103","axon regeneration","1/890","35/18773",0.0285714285714286,0.602664526484751,-0.524879767811671,0.817590072601347,0.925358597429591,0.850963792688486,"ptena",1
"GO:0032007","negative regulation of TOR signaling","1/890","35/18773",0.0285714285714286,0.602664526484751,-0.524879767811671,0.817590072601347,0.925358597429591,0.850963792688486,"tnfaip8l1",1
"GO:0032386","regulation of intracellular transport","1/890","35/18773",0.0285714285714286,0.602664526484751,-0.524879767811671,0.817590072601347,0.925358597429591,0.850963792688486,"sh3tc2",1
"GO:0043094","cellular metabolic compound salvage","1/890","35/18773",0.0285714285714286,0.602664526484751,-0.524879767811671,0.817590072601347,0.925358597429591,0.850963792688486,"bhmt",1
"GO:0050879","multicellular organismal movement","1/890","35/18773",0.0285714285714286,0.602664526484751,-0.524879767811671,0.817590072601347,0.925358597429591,0.850963792688486,"reep1",1
"GO:0050881","musculoskeletal movement","1/890","35/18773",0.0285714285714286,0.602664526484751,-0.524879767811671,0.817590072601347,0.925358597429591,0.850963792688486,"reep1",1
"GO:0097205","renal filtration","1/890","35/18773",0.0285714285714286,0.602664526484751,-0.524879767811671,0.817590072601347,0.925358597429591,0.850963792688486,"ocrl",1
"GO:0006906","vesicle fusion","3/890","92/18773",0.0326086956521739,0.687823644357596,-0.669613109569817,0.81784648969725,0.925358597429591,0.850963792688486,"stx6/vamp4/rab34a",3
"GO:0009154","purine ribonucleotide catabolic process","2/890","65/18773",0.0307692307692308,0.649023336214347,-0.632340978573302,0.820291124301592,0.926842067209491,0.852327997953071,"pfkpa/nudt3b",2
"GO:0016079","synaptic vesicle exocytosis","2/890","65/18773",0.0307692307692308,0.649023336214347,-0.632340978573302,0.820291124301592,0.926842067209491,0.852327997953071,"rap1aa/napab",2
"GO:0050905","neuromuscular process","2/890","65/18773",0.0307692307692308,0.649023336214347,-0.632340978573302,0.820291124301592,0.926842067209491,0.852327997953071,"cyfip2/reep1",2
"GO:0003012","muscle system process","5/890","145/18773",0.0344827586206897,0.727353738860907,-0.735242360672565,0.822957685764695,0.927808382549163,0.85321662574414,"tpm4a/hspb1/tpm2/rock2a/sulf2b",5
"GO:0003351","epithelial cilium movement involved in extracellular fluid movement","1/890","36/18773",0.0277777777777778,0.585923845193508,-0.554768165147389,0.826254008740999,0.927808382549163,0.85321662574414,"ptk7a",1
"GO:0006858","extracellular transport","1/890","36/18773",0.0277777777777778,0.585923845193508,-0.554768165147389,0.826254008740999,0.927808382549163,0.85321662574414,"ptk7a",1
"GO:0031331","positive regulation of cellular catabolic process","1/890","36/18773",0.0277777777777778,0.585923845193508,-0.554768165147389,0.826254008740999,0.927808382549163,0.85321662574414,"snx30",1
"GO:0042113","B cell activation","1/890","36/18773",0.0277777777777778,0.585923845193508,-0.554768165147389,0.826254008740999,0.927808382549163,0.85321662574414,"kmt5b",1
"GO:0048678","response to axon injury","1/890","36/18773",0.0277777777777778,0.585923845193508,-0.554768165147389,0.826254008740999,0.927808382549163,0.85321662574414,"ptena",1
"GO:0097722","sperm motility","1/890","36/18773",0.0277777777777778,0.585923845193508,-0.554768165147389,0.826254008740999,0.927808382549163,0.85321662574414,"lpgat1",1
"GO:0140115","export across plasma membrane","1/890","36/18773",0.0277777777777778,0.585923845193508,-0.554768165147389,0.826254008740999,0.927808382549163,0.85321662574414,"fxyd6l",1
"GO:1903034","regulation of response to wounding","1/890","36/18773",0.0277777777777778,0.585923845193508,-0.554768165147389,0.826254008740999,0.927808382549163,0.85321662574414,"cxcl12a",1
"GO:0009451","RNA modification","4/890","120/18773",0.0333333333333333,0.70310861423221,-0.727853479615521,0.826429863324894,0.927808382549163,0.85321662574414,"cdk5rap1/larp7/qtrt1/osgep",4
"GO:0016050","vesicle organization","7/890","196/18773",0.0357142857142857,0.753330658105939,-0.774435955313793,0.826503359463683,0.927808382549163,0.85321662574414,"sqstm1/arfgap2/stx6/vamp4/chmp4ba/agfg1a/rab34a",7
"GO:0009261","ribonucleotide catabolic process","2/890","66/18773",0.0303030303030303,0.639189649302009,-0.65505681653792,0.826819863127791,0.927808382549163,0.85321662574414,"pfkpa/nudt3b",2
"GO:0016482","cytosolic transport","2/890","66/18773",0.0303030303030303,0.639189649302009,-0.65505681653792,0.826819863127791,0.927808382549163,0.85321662574414,"snx1a/stx6",2
"GO:0050727","regulation of inflammatory response","2/890","66/18773",0.0303030303030303,0.639189649302009,-0.65505681653792,0.826819863127791,0.927808382549163,0.85321662574414,"uacaa/cxcl12a",2
"GO:0050931","pigment cell differentiation","2/890","66/18773",0.0303030303030303,0.639189649302009,-0.65505681653792,0.826819863127791,0.927808382549163,0.85321662574414,"gch2/gdf6a",2
"GO:0090174","organelle membrane fusion","3/890","94/18773",0.0319148936170213,0.673189098732967,-0.708620542640083,0.828974989110783,0.929801393822016,0.855049407582801,"stx6/vamp4/rab34a",3
"GO:0044092","negative regulation of molecular function","4/890","121/18773",0.0330578512396694,0.697297799238555,-0.74520480761507,0.831262566563581,0.930898299854636,0.856058127143341,"timp2a/cast/serpinh2/aida",4
"GO:0007189","adenylate cyclase-activating G protein-coupled receptor signaling pathway","5/890","147/18773",0.0340136054421769,0.717457769624704,-0.767206590755029,0.831851321520632,0.930898299854636,0.856058127143341,"calcrlb/adgrg6/nme3/prkar1ab/adcy7",5
"GO:0050673","epithelial cell proliferation","2/890","67/18773",0.0298507462686567,0.629649505282576,-0.677469820479105,0.833134364414028,0.930898299854636,0.856058127143341,"zfyve9a/lmo2",2
"GO:0120032","regulation of plasma membrane bounded cell projection assembly","2/890","67/18773",0.0298507462686567,0.629649505282576,-0.677469820479105,0.833134364414028,0.930898299854636,0.856058127143341,"nrp1a/man1a2",2
"GO:0000271","polysaccharide biosynthetic process","1/890","37/18773",0.027027027027027,0.570088065593684,-0.583945091664665,0.834506873779186,0.930898299854636,0.856058127143341,"ppp1r3b",1
"GO:0006518","peptide metabolic process","1/890","37/18773",0.027027027027027,0.570088065593684,-0.583945091664665,0.834506873779186,0.930898299854636,0.856058127143341,"gclc",1
"GO:0006641","triglyceride metabolic process","1/890","37/18773",0.027027027027027,0.570088065593684,-0.583945091664665,0.834506873779186,0.930898299854636,0.856058127143341,"gpat3",1
"GO:0007088","regulation of mitotic nuclear division","1/890","37/18773",0.027027027027027,0.570088065593684,-0.583945091664665,0.834506873779186,0.930898299854636,0.856058127143341,"anapc11",1
"GO:0009116","nucleoside metabolic process","1/890","37/18773",0.027027027027027,0.570088065593684,-0.583945091664665,0.834506873779186,0.930898299854636,0.856058127143341,"ada2a",1
"GO:0031334","positive regulation of protein-containing complex assembly","1/890","37/18773",0.027027027027027,0.570088065593684,-0.583945091664665,0.834506873779186,0.930898299854636,0.856058127143341,"nck1b",1
"GO:0033559","unsaturated fatty acid metabolic process","1/890","37/18773",0.027027027027027,0.570088065593684,-0.583945091664665,0.834506873779186,0.930898299854636,0.856058127143341,"ptges3a",1
"GO:0046854","phosphatidylinositol phosphate biosynthetic process","1/890","37/18773",0.027027027027027,0.570088065593684,-0.583945091664665,0.834506873779186,0.930898299854636,0.856058127143341,"si:ch211-160o17.2",1
"GO:0098771","inorganic ion homeostasis","9/890","248/18773",0.0362903225806452,0.765481152591519,-0.829381933762211,0.836607139463111,0.932816960501369,0.857822535822702,"ncoa4/tmem203/plcg1/atp13a1/micu2/rgn/fhl1b/plcd1a/ryk",9
"GO:0046942","carboxylic acid transport","6/890","174/18773",0.0344827586206897,0.727353738860907,-0.80604532088523,0.838296629954368,0.933630978964101,0.858571110743051,"mpc1/slc25a11/slc38a5b/slc25a1a/slc10a3/sfxn1",6
"GO:0008037","cell recognition","2/890","68/18773",0.0294117647058824,0.620389953734303,-0.699589665384982,0.839240239957539,0.933630978964101,0.858571110743051,"nrp1a/colec12",2
"GO:0009132","nucleoside diphosphate metabolic process","2/890","68/18773",0.0294117647058824,0.620389953734303,-0.699589665384982,0.839240239957539,0.933630978964101,0.858571110743051,"pfkpa/ak1",2
"GO:0033334","fin morphogenesis","2/890","68/18773",0.0294117647058824,0.620389953734303,-0.699589665384982,0.839240239957539,0.933630978964101,0.858571110743051,"vav2/smo",2
"GO:0060491","regulation of cell projection assembly","2/890","68/18773",0.0294117647058824,0.620389953734303,-0.699589665384982,0.839240239957539,0.933630978964101,0.858571110743051,"nrp1a/man1a2",2
"GO:0003309","type B pancreatic cell differentiation","1/890","38/18773",0.0263157894736842,0.55508574807806,-0.612451009918803,0.842368150590487,0.935413795110214,0.860210596228545,"bhmt",1
"GO:0060993","kidney morphogenesis","1/890","38/18773",0.0263157894736842,0.55508574807806,-0.612451009918803,0.842368150590487,0.935413795110214,0.860210596228545,"camk2g2",1
"GO:0097120","receptor localization to synapse","1/890","38/18773",0.0263157894736842,0.55508574807806,-0.612451009918803,0.842368150590487,0.935413795110214,0.860210596228545,"erbin",1
"GO:1902414","protein localization to cell junction","1/890","38/18773",0.0263157894736842,0.55508574807806,-0.612451009918803,0.842368150590487,0.935413795110214,0.860210596228545,"erbin",1
"GO:0007283","spermatogenesis","3/890","97/18773",0.0309278350515464,0.652368817328854,-0.765760125753295,0.844572090111807,0.936375747776539,0.86109521208622,"strbp/larp7/agfg1a",3
"GO:1903131","mononuclear cell differentiation","3/890","97/18773",0.0309278350515464,0.652368817328854,-0.765760125753295,0.844572090111807,0.936375747776539,0.86109521208622,"sumf1/fam49a/sh3rf1",3
"GO:0008202","steroid metabolic process","4/890","124/18773",0.032258064516129,0.680427691192461,-0.796493610519158,0.845092096455053,0.936375747776539,0.86109521208622,"fgfr4/hmgcrb/sc5d/fdx1b",4
"GO:0030098","lymphocyte differentiation","2/890","69/18773",0.0289855072463768,0.61139879498453,-0.721425566654614,0.845143051601002,0.936375747776539,0.86109521208622,"fam49a/sh3rf1",2
"GO:0035315","hair cell differentiation","2/890","69/18773",0.0289855072463768,0.61139879498453,-0.721425566654614,0.845143051601002,0.936375747776539,0.86109521208622,"cops5/lrp5",2
"GO:0015849","organic acid transport","6/890","176/18773",0.0340909090909091,0.71908835546476,-0.835285069211979,0.845981958782128,0.936882051870231,0.861560811533849,"mpc1/slc25a11/slc38a5b/slc25a1a/slc10a3/sfxn1",6
"GO:0019221","cytokine-mediated signaling pathway","6/890","177/18773",0.0338983050847458,0.715025709388688,-0.84979199058391,0.849711856457998,0.937785761727885,0.86239186705124,"ccl19b/adipor1b/adipor2/cxcl20/socs3b/trim33l",6
"GO:0031102","neuron projection regeneration","1/890","39/18773",0.0256410256410256,0.540852780178623,-0.640322986233464,0.849856399641699,0.937785761727885,0.86239186705124,"ptena",1
"GO:0031623","receptor internalization","1/890","39/18773",0.0256410256410256,0.540852780178623,-0.640322986233464,0.849856399641699,0.937785761727885,0.86239186705124,"fscn1a",1
"GO:0038127","ERBB signaling pathway","1/890","39/18773",0.0256410256410256,0.540852780178623,-0.640322986233464,0.849856399641699,0.937785761727885,0.86239186705124,"sh3tc2",1
"GO:0043547","positive regulation of GTPase activity","1/890","39/18773",0.0256410256410256,0.540852780178623,-0.640322986233464,0.849856399641699,0.937785761727885,0.86239186705124,"arap3",1
"GO:0070374","positive regulation of ERK1 and ERK2 cascade","1/890","39/18773",0.0256410256410256,0.540852780178623,-0.640322986233464,0.849856399641699,0.937785761727885,0.86239186705124,"fgfr4",1
"GO:0071897","DNA biosynthetic process","1/890","39/18773",0.0256410256410256,0.540852780178623,-0.640322986233464,0.849856399641699,0.937785761727885,0.86239186705124,"ptges3a",1
"GO:0170041","non-proteinogenic amino acid metabolic process","1/890","39/18773",0.0256410256410256,0.540852780178623,-0.640322986233464,0.849856399641699,0.937785761727885,0.86239186705124,"pnpo",1
"GO:0002460","adaptive immune response based on somatic recombination of immune receptors built from immunoglobulin superfamily domains","2/890","70/18773",0.0285714285714286,0.602664526484751,-0.742986308566619,0.850848303359477,0.938036354220583,0.862622312997923,"kmt5b/msh2",2
"GO:0007596","blood coagulation","2/890","70/18773",0.0285714285714286,0.602664526484751,-0.742986308566619,0.850848303359477,0.938036354220583,0.862622312997923,"f10/proza",2
"GO:0045321","leukocyte activation","7/890","204/18773",0.0343137254901961,0.723788279356687,-0.884897598958322,0.855491375252425,0.94142174622339,0.865735534214485,"ptenb/myd88/fam49a/b2ml/ptena/kmt5b/sh3rf1",7
"GO:0002449","lymphocyte mediated immunity","2/890","71/18773",0.028169014084507,0.59417629371736,-0.764280270593153,0.856361434404412,0.94142174622339,0.865735534214485,"kmt5b/msh2",2
"GO:0006633","fatty acid biosynthetic process","2/890","71/18773",0.028169014084507,0.59417629371736,-0.764280270593153,0.856361434404412,0.94142174622339,0.865735534214485,"ptges3a/dcaf5",2
"GO:0007599","hemostasis","2/890","71/18773",0.028169014084507,0.59417629371736,-0.764280270593153,0.856361434404412,0.94142174622339,0.865735534214485,"f10/proza",2
"GO:0044057","regulation of system process","5/890","153/18773",0.0326797385620915,0.689322170815892,-0.860788045268094,0.856364301874833,0.94142174622339,0.865735534214485,"hspb1/plcg1/bnip3lb/znf16l/skia",5
"GO:0030301","cholesterol transport","1/890","40/18773",0.025,0.527331460674157,-0.667595058932736,0.856989302615911,0.94142174622339,0.865735534214485,"zdhhc8b",1
"GO:0042752","regulation of circadian rhythm","1/890","40/18773",0.025,0.527331460674157,-0.667595058932736,0.856989302615911,0.94142174622339,0.865735534214485,"gna11b",1
"GO:0048645","animal organ formation","1/890","40/18773",0.025,0.527331460674157,-0.667595058932736,0.856989302615911,0.94142174622339,0.865735534214485,"yap1",1
"GO:1901701","cellular response to oxygen-containing compound","9/890","255/18773",0.0352941176470588,0.744467944481163,-0.916533886709984,0.858746906965915,0.942698757369421,0.866909879221005,"romo1/myd88/rap1aa/gna11b/esd/cxcl20/adh8b/akr1a1b/casp3a",9
"GO:0042742","defense response to bacterium","3/890","100/18773",0.03,0.632797752808989,-0.821350204353847,0.858920392466635,0.942698757369421,0.866909879221005,"romo1/sqstm1/myd88",3
"GO:0006302","double-strand break repair","5/890","154/18773",0.0324675324675325,0.684846052823581,-0.876062363725902,0.860145736599234,0.943621418550055,0.867758362457471,"ppp4ca/babam2/nabp1a/kmt5b/rnf169",5
"GO:0006520","amino acid metabolic process","8/890","231/18773",0.0346320346320346,0.730502456345153,-0.919417150220762,0.861477417917138,0.944046540821649,0.868149306748254,"nars1/glulb/iars1/phgdh/bhmt/gclc/pnpo/tdh2",8
"GO:0007188","adenylate cyclase-modulating G protein-coupled receptor signaling pathway","8/890","231/18773",0.0346320346320346,0.730502456345153,-0.919417150220762,0.861477417917138,0.944046540821649,0.868149306748254,"gnaia/gna11b/calcrlb/gna12a/adgrg6/nme3/prkar1ab/adcy7",8
"GO:0006195","purine nucleotide catabolic process","2/890","72/18773",0.0277777777777778,0.585923845193508,-0.785315451750801,0.861687812841285,0.944046540821649,0.868149306748254,"pfkpa/nudt3b",2
"GO:0002067","glandular epithelial cell differentiation","1/890","41/18773",0.024390243902439,0.514469717730885,-0.694298558266385,0.863783703975642,0.944234146992981,0.868321830199738,"bhmt",1
"GO:0006835","dicarboxylic acid transport","1/890","41/18773",0.024390243902439,0.514469717730885,-0.694298558266385,0.863783703975642,0.944234146992981,0.868321830199738,"slc25a11",1
"GO:0032543","mitochondrial translation","1/890","41/18773",0.024390243902439,0.514469717730885,-0.694298558266385,0.863783703975642,0.944234146992981,0.868321830199738,"uqcc2",1
"GO:0035883","enteroendocrine cell differentiation","1/890","41/18773",0.024390243902439,0.514469717730885,-0.694298558266385,0.863783703975642,0.944234146992981,0.868321830199738,"bhmt",1
"GO:1903510","mucopolysaccharide metabolic process","1/890","41/18773",0.024390243902439,0.514469717730885,-0.694298558266385,0.863783703975642,0.944234146992981,0.868321830199738,"chpf2",1
"GO:0050817","coagulation","2/890","73/18773",0.0273972602739726,0.577897491149761,-0.806099493160429,0.866832730221551,0.94714507226435,0.870998729745533,"f10/proza",2
"GO:0048232","male gamete generation","3/890","102/18773",0.0294117647058824,0.620389953734303,-0.857598635992018,0.867829035588492,0.947389685936168,0.871223677542519,"strbp/larp7/agfg1a",3
"GO:1903522","regulation of blood circulation","3/890","102/18773",0.0294117647058824,0.620389953734303,-0.857598635992018,0.867829035588492,0.947389685936168,0.871223677542519,"plcg1/bnip3lb/skia",3
"GO:0000018","regulation of DNA recombination","1/890","42/18773",0.0238095238095238,0.502220438737293,-0.720462385399331,0.870255650562322,0.947508704318409,0.871333127364709,"kmt5b",1
"GO:0001935","endothelial cell proliferation","1/890","42/18773",0.0238095238095238,0.502220438737293,-0.720462385399331,0.870255650562322,0.947508704318409,0.871333127364709,"lmo2",1
"GO:0018958","phenol-containing compound metabolic process","1/890","42/18773",0.0238095238095238,0.502220438737293,-0.720462385399331,0.870255650562322,0.947508704318409,0.871333127364709,"sult1st1",1
"GO:0036465","synaptic vesicle recycling","1/890","42/18773",0.0238095238095238,0.502220438737293,-0.720462385399331,0.870255650562322,0.947508704318409,0.871333127364709,"fcho2",1
"GO:0042129","regulation of T cell proliferation","1/890","42/18773",0.0238095238095238,0.502220438737293,-0.720462385399331,0.870255650562322,0.947508704318409,0.871333127364709,"sh3rf1",1
"GO:0043087","regulation of GTPase activity","1/890","42/18773",0.0238095238095238,0.502220438737293,-0.720462385399331,0.870255650562322,0.947508704318409,0.871333127364709,"arap3",1
"GO:0007034","vacuolar transport","3/890","103/18773",0.029126213592233,0.614366750299989,-0.875489644201895,0.872094571434432,0.948668728926236,0.872399891041656,"chmp2a/chmp2bb/chmp4ba",3
"GO:0061025","membrane fusion","3/890","103/18773",0.029126213592233,0.614366750299989,-0.875489644201895,0.872094571434432,0.948668728926236,0.872399891041656,"stx6/vamp4/rab34a",3
"GO:0006836","neurotransmitter transport","3/890","104/18773",0.0288461538461538,0.608459377700951,-0.893229497141581,0.876237907472382,0.949907929298667,0.873539465096248,"caskb/rap1aa/napab",3
"GO:0000723","telomere maintenance","1/890","43/18773",0.0232558139534884,0.490540893650379,-0.74611325656242,0.876420429324776,0.949907929298667,0.873539465096248,"ptges3a",1
"GO:0006023","aminoglycan biosynthetic process","1/890","43/18773",0.0232558139534884,0.490540893650379,-0.74611325656242,0.876420429324776,0.949907929298667,0.873539465096248,"chpf2",1
"GO:0010721","negative regulation of cell development","1/890","43/18773",0.0232558139534884,0.490540893650379,-0.74611325656242,0.876420429324776,0.949907929298667,0.873539465096248,"id1",1
"GO:0051783","regulation of nuclear division","1/890","43/18773",0.0232558139534884,0.490540893650379,-0.74611325656242,0.876420429324776,0.949907929298667,0.873539465096248,"anapc11",1
"GO:0140056","organelle localization by membrane tethering","1/890","43/18773",0.0232558139534884,0.490540893650379,-0.74611325656242,0.876420429324776,0.949907929298667,0.873539465096248,"stx6",1
"GO:1903305","regulation of regulated secretory pathway","1/890","43/18773",0.0232558139534884,0.490540893650379,-0.74611325656242,0.876420429324776,0.949907929298667,0.873539465096248,"rap1aa",1
"GO:0003333","amino acid transmembrane transport","2/890","75/18773",0.0266666666666667,0.562486891385768,-0.846943055785461,0.876598937019363,0.949907929298667,0.873539465096248,"slc38a5b/sfxn1",2
"GO:0022414","reproductive process","13/890","360/18773",0.0361111111111111,0.76170099875156,-1.01845368470916,0.87671893678442,0.949907929298667,0.873539465096248,"cxcl12a/ybx1/strbp/rbpms2a/smad2/larp7/lpgat1/pafah1b1a/cenpx/rbpms2b/agfg1a/bmpr2b/ccnb1",13
"GO:0050804","modulation of chemical synaptic transmission","5/890","159/18773",0.0314465408805031,0.663310013426613,-0.951128062565454,0.877822038730185,0.950263663285589,0.87386659961852,"caskb/rap1aa/fxr2/rab5aa/camk2g2",5
"GO:0099177","regulation of trans-synaptic signaling","5/890","159/18773",0.0314465408805031,0.663310013426613,-0.951128062565454,0.877822038730185,0.950263663285589,0.87386659961852,"caskb/rap1aa/fxr2/rab5aa/camk2g2",5
"GO:0042490","mechanoreceptor differentiation","2/890","76/18773",0.0263157894736842,0.55508574807806,-0.867016250718816,0.88123038657242,0.953000332808946,0.876383252820208,"cops5/lrp5",2
"GO:0009124","nucleoside monophosphate biosynthetic process","1/890","44/18773",0.0227272727272727,0.479392236976507,-0.771275917432279,0.88229260326503,0.953000332808946,0.876383252820208,"tyms",1
"GO:0015918","sterol transport","1/890","44/18773",0.0227272727272727,0.479392236976507,-0.771275917432279,0.88229260326503,0.953000332808946,0.876383252820208,"zdhhc8b",1
"GO:0042098","T cell proliferation","1/890","44/18773",0.0227272727272727,0.479392236976507,-0.771275917432279,0.88229260326503,0.953000332808946,0.876383252820208,"sh3rf1",1
"GO:0060119","inner ear receptor cell development","1/890","44/18773",0.0227272727272727,0.479392236976507,-0.771275917432279,0.88229260326503,0.953000332808946,0.876383252820208,"cops5",1
"GO:0006022","aminoglycan metabolic process","2/890","77/18773",0.025974025974026,0.547876842258865,-0.886865688195092,0.885700688664997,0.954919088289823,0.87814774870946,"sumf1/chpf2",2
"GO:1903706","regulation of hemopoiesis","2/890","77/18773",0.025974025974026,0.547876842258865,-0.886865688195092,0.885700688664997,0.954919088289823,0.87814774870946,"fam49a/sh3rf1",2
"GO:0003014","renal system process","1/890","45/18773",0.0222222222222222,0.468739076154807,-0.795973331971955,0.88788604568556,0.954919088289823,0.87814774870946,"ocrl",1
"GO:0032200","telomere organization","1/890","45/18773",0.0222222222222222,0.468739076154807,-0.795973331971955,0.88788604568556,0.954919088289823,0.87814774870946,"ptges3a",1
"GO:0032944","regulation of mononuclear cell proliferation","1/890","45/18773",0.0222222222222222,0.468739076154807,-0.795973331971955,0.88788604568556,0.954919088289823,0.87814774870946,"sh3rf1",1
"GO:0033627","cell adhesion mediated by integrin","1/890","45/18773",0.0222222222222222,0.468739076154807,-0.795973331971955,0.88788604568556,0.954919088289823,0.87814774870946,"itga6b",1
"GO:0050670","regulation of lymphocyte proliferation","1/890","45/18773",0.0222222222222222,0.468739076154807,-0.795973331971955,0.88788604568556,0.954919088289823,0.87814774870946,"sh3rf1",1
"GO:0070663","regulation of leukocyte proliferation","1/890","45/18773",0.0222222222222222,0.468739076154807,-0.795973331971955,0.88788604568556,0.954919088289823,0.87814774870946,"sh3rf1",1
"GO:1902475","L-alpha-amino acid transmembrane transport","1/890","45/18773",0.0222222222222222,0.468739076154807,-0.795973331971955,0.88788604568556,0.954919088289823,0.87814774870946,"slc38a5b",1
"GO:0042060","wound healing","3/890","107/18773",0.0280373831775701,0.591399768980363,-0.945572762544096,0.887961859106843,0.954919088289823,0.87814774870946,"f10/nrp1a/proza",3
"GO:0007127","meiosis I","1/890","46/18773",0.0217391304347826,0.458549096238398,-0.820226849281413,0.893213972818188,0.959295975383825,0.882172753126156,"cenpx",1
"GO:0030318","melanocyte differentiation","1/890","46/18773",0.0217391304347826,0.458549096238398,-0.820226849281413,0.893213972818188,0.959295975383825,0.882172753126156,"gdf6a",1
"GO:0090257","regulation of muscle system process","1/890","46/18773",0.0217391304347826,0.458549096238398,-0.820226849281413,0.893213972818188,0.959295975383825,0.882172753126156,"hspb1",1
"GO:0002443","leukocyte mediated immunity","2/890","79/18773",0.0253164556962025,0.534006542454843,-0.925917587830959,0.894177147425742,0.959295975383825,0.882172753126156,"kmt5b/msh2",2
"GO:0006936","muscle contraction","4/890","137/18773",0.0291970802919708,0.615861559911425,-1.00670398781457,0.89443916851474,0.959295975383825,0.882172753126156,"tpm4a/tpm2/rock2a/sulf2b",4
"GO:0008033","tRNA processing","3/890","109/18773",0.0275229357798165,0.580548397072467,-0.979767055483509,0.895216215370141,0.959295975383825,0.882172753126156,"cdk5rap1/qtrt1/osgep",3
"GO:0016054","organic acid catabolic process","5/890","165/18773",0.0303030303030303,0.639189649302009,-1.0384873221685,0.896489639348288,0.959295975383825,0.882172753126156,"cyp26b1/acads/hadh/eci1/tdh2",5
"GO:0046395","carboxylic acid catabolic process","5/890","165/18773",0.0303030303030303,0.639189649302009,-1.0384873221685,0.896489639348288,0.959295975383825,0.882172753126156,"cyp26b1/acads/hadh/eci1/tdh2",5
"GO:0008610","lipid biosynthetic process","14/890","394/18773",0.0355329949238579,0.749506644613016,-1.12102028186718,0.896980591717032,0.959295975383825,0.882172753126156,"gpat3/ptges3a/fgfr4/crppa/ch25hl3/rcor1/hmgcrb/dcaf5/pla2g6/srd5a3/sc5d/serinc5/fdx1b/si:ch211-160o17.2",14
"GO:0009166","nucleotide catabolic process","2/890","80/18773",0.025,0.527331460674157,-0.945131580972738,0.898192708533227,0.959295975383825,0.882172753126156,"pfkpa/nudt3b",2
"GO:0015718","monocarboxylic acid transport","2/890","80/18773",0.025,0.527331460674157,-0.945131580972738,0.898192708533227,0.959295975383825,0.882172753126156,"mpc1/slc10a3",2
"GO:0090504","epiboly","2/890","80/18773",0.025,0.527331460674157,-0.945131580972738,0.898192708533227,0.959295975383825,0.882172753126156,"fscn1a/gna12a",2
"GO:1902600","proton transmembrane transport","2/890","80/18773",0.025,0.527331460674157,-0.945131580972738,0.898192708533227,0.959295975383825,0.882172753126156,"atp6v0b/slc9a6a",2
"GO:0001706","endoderm formation","1/890","47/18773",0.0212765957446809,0.448792732488644,-0.844056351446929,0.898288974910985,0.959295975383825,0.882172753126156,"dusp1",1
"GO:0071674","mononuclear cell migration","1/890","47/18773",0.0212765957446809,0.448792732488644,-0.844056351446929,0.898288974910985,0.959295975383825,0.882172753126156,"lgals3b",1
"GO:1901657","glycosyl compound metabolic process","1/890","47/18773",0.0212765957446809,0.448792732488644,-0.844056351446929,0.898288974910985,0.959295975383825,0.882172753126156,"ada2a",1
"GO:0043269","regulation of monoatomic ion transport","3/890","110/18773",0.0272727272727273,0.575270684371808,-0.996662092051558,0.898682808772732,0.95929892511728,0.882175465713877,"lgals3b/fxyd6l/wnk1b",3
"GO:0048878","chemical homeostasis","15/890","420/18773",0.0357142857142857,0.753330658105939,-1.14055537586862,0.899901683130409,0.959861712071168,0.882693007045514,"yap1/cxcl12a/ncoa4/wnk1b/tmem203/plcg1/atp13a1/micu2/rgn/akr1a1b/slc9a6a/fhl1b/tm9sf4/plcd1a/ryk",15
"GO:0001508","action potential","2/890","81/18773",0.0246913580246914,0.520821195727563,-0.964144904938469,0.902065928009211,0.959861712071168,0.882693007045514,"rnf121/gna11b",2
"GO:0051261","protein depolymerization","2/890","81/18773",0.0246913580246914,0.520821195727563,-0.964144904938469,0.902065928009211,0.959861712071168,0.882693007045514,"add3a/capgb",2
"GO:0006399","tRNA metabolic process","5/890","167/18773",0.029940119760479,0.631534683442105,-1.06698528320059,0.90213885353663,0.959861712071168,0.882693007045514,"nars1/cdk5rap1/iars1/qtrt1/osgep",5
"GO:0008284","positive regulation of cell population proliferation","5/890","167/18773",0.029940119760479,0.631534683442105,-1.06698528320059,0.90213885353663,0.959861712071168,0.882693007045514,"romo1/tcf7l1a/hapln1b/ptk2ab/atg13",5
"GO:0006096","glycolytic process","1/890","48/18773",0.0208333333333333,0.439442883895131,-0.867480384916781,0.903123045846007,0.959861712071168,0.882693007045514,"pfkpa",1
"GO:0007602","phototransduction","1/890","48/18773",0.0208333333333333,0.439442883895131,-0.867480384916781,0.903123045846007,0.959861712071168,0.882693007045514,"gna11b",1
"GO:0032943","mononuclear cell proliferation","1/890","48/18773",0.0208333333333333,0.439442883895131,-0.867480384916781,0.903123045846007,0.959861712071168,0.882693007045514,"sh3rf1",1
"GO:0046032","ADP catabolic process","1/890","48/18773",0.0208333333333333,0.439442883895131,-0.867480384916781,0.903123045846007,0.959861712071168,0.882693007045514,"pfkpa",1
"GO:0046651","lymphocyte proliferation","1/890","48/18773",0.0208333333333333,0.439442883895131,-0.867480384916781,0.903123045846007,0.959861712071168,0.882693007045514,"sh3rf1",1
"GO:0016125","sterol metabolic process","2/890","82/18773",0.024390243902439,0.514469717730885,-0.982962765382982,0.905801257805103,0.961874669002562,0.884544130998558,"hmgcrb/sc5d",2
"GO:1902652","secondary alcohol metabolic process","2/890","82/18773",0.024390243902439,0.514469717730885,-0.982962765382982,0.905801257805103,0.961874669002562,0.884544130998558,"idh2/sc5d",2
"GO:0009137","purine nucleoside diphosphate catabolic process","1/890","49/18773",0.0204081632653061,0.430474661774822,-0.890516277548476,0.907727611357198,0.962210493912095,0.884852957046632,"pfkpa",1
"GO:0009161","ribonucleoside monophosphate metabolic process","1/890","49/18773",0.0204081632653061,0.430474661774822,-0.890516277548476,0.907727611357198,0.962210493912095,0.884852957046632,"ak1",1
"GO:0009181","purine ribonucleoside diphosphate catabolic process","1/890","49/18773",0.0204081632653061,0.430474661774822,-0.890516277548476,0.907727611357198,0.962210493912095,0.884852957046632,"pfkpa",1
"GO:0070661","leukocyte proliferation","1/890","49/18773",0.0204081632653061,0.430474661774822,-0.890516277548476,0.907727611357198,0.962210493912095,0.884852957046632,"sh3rf1",1
"GO:0003341","cilium movement","3/890","113/18773",0.0265486725663717,0.559998011335388,-1.04656963301503,0.908471057440038,0.962210493912095,0.884852957046632,"ptk7a/cfap20/ocrl",3
"GO:0043604","amide biosynthetic process","3/890","113/18773",0.0265486725663717,0.559998011335388,-1.04656963301503,0.908471057440038,0.962210493912095,0.884852957046632,"pla2g6/pank4/gclc",3
"GO:0002065","columnar/cuboidal epithelial cell differentiation","1/890","50/18773",0.02,0.421865168539326,-0.913180243155,0.912113555914563,0.962718709489457,0.885320314302962,"bhmt",1
"GO:0007338","single fertilization","1/890","50/18773",0.02,0.421865168539326,-0.913180243155,0.912113555914563,0.962718709489457,0.885320314302962,"ybx1",1
"GO:0008277","regulation of G protein-coupled receptor signaling pathway","1/890","50/18773",0.02,0.421865168539326,-0.913180243155,0.912113555914563,0.962718709489457,0.885320314302962,"nme3",1
"GO:0009191","ribonucleoside diphosphate catabolic process","1/890","50/18773",0.02,0.421865168539326,-0.913180243155,0.912113555914563,0.962718709489457,0.885320314302962,"pfkpa",1
"GO:0021591","ventricular system development","1/890","50/18773",0.02,0.421865168539326,-0.913180243155,0.912113555914563,0.962718709489457,0.885320314302962,"sart1",1
"GO:0050870","positive regulation of T cell activation","1/890","50/18773",0.02,0.421865168539326,-0.913180243155,0.912113555914563,0.962718709489457,0.885320314302962,"b2ml",1
"GO:0071482","cellular response to light stimulus","1/890","50/18773",0.02,0.421865168539326,-0.913180243155,0.912113555914563,0.962718709489457,0.885320314302962,"aurkb",1
"GO:1903039","positive regulation of leukocyte cell-cell adhesion","1/890","50/18773",0.02,0.421865168539326,-0.913180243155,0.912113555914563,0.962718709489457,0.885320314302962,"b2ml",1
"GO:0006310","DNA recombination","5/890","171/18773",0.0292397660818713,0.616761942308956,-1.12309618865463,0.912637104782176,0.962718709489457,0.885320314302962,"ppp4ca/cenpx/nabp1a/kmt5b/msh2",5
"GO:0006959","humoral immune response","2/890","84/18773",0.0238095238095238,0.502220438737293,-1.02003191297876,0.912875547603945,0.962718709489457,0.885320314302962,"ccl19b/cxcl20",2
"GO:0007018","microtubule-based movement","8/890","252/18773",0.0317460317460317,0.669627251649724,-1.17788355535968,0.914881969578603,0.964248147649965,0.886726792290375,"ptk7a/dync1li2/kif3a/actr10/kif13ba/pafah1b1a/cfap20/ocrl",8
"GO:0015807","L-amino acid transport","1/890","51/18773",0.0196078431372549,0.413593302489535,-0.935487475112334,0.916291248337574,0.964248147649965,0.886726792290375,"slc38a5b",1
"GO:0019364","pyridine nucleotide catabolic process","1/890","51/18773",0.0196078431372549,0.413593302489535,-0.935487475112334,0.916291248337574,0.964248147649965,0.886726792290375,"pfkpa",1
"GO:0060294","cilium movement involved in cell motility","1/890","51/18773",0.0196078431372549,0.413593302489535,-0.935487475112334,0.916291248337574,0.964248147649965,0.886726792290375,"cfap20",1
"GO:0072526","pyridine-containing compound catabolic process","1/890","51/18773",0.0196078431372549,0.413593302489535,-0.935487475112334,0.916291248337574,0.964248147649965,0.886726792290375,"pfkpa",1
"GO:0050878","regulation of body fluid levels","2/890","86/18773",0.0232558139534884,0.490540893650379,-1.05637678876347,0.919449155822737,0.96677674470375,0.889052101143664,"f10/proza",2
"GO:0006865","amino acid transport","3/890","117/18773",0.0256410256410256,0.540852780178623,-1.11138802010627,0.920187880366913,0.96677674470375,0.889052101143664,"slc43a1a/slc38a5b/sfxn1",3
"GO:0046513","ceramide biosynthetic process","1/890","52/18773",0.0192307692307692,0.405639585133967,-0.957452230368171,0.920270566197822,0.96677674470375,0.889052101143664,"pla2g6",1
"GO:0061982","meiosis I cell cycle process","1/890","52/18773",0.0192307692307692,0.405639585133967,-0.957452230368171,0.920270566197822,0.96677674470375,0.889052101143664,"cenpx",1
"GO:0002088","lens development in camera-type eye","3/890","118/18773",0.0254237288135593,0.536269282041516,-1.1272995397934,0.922894857994999,0.9690985183728,0.891187214312404,"sufu/ptk2ab/sox11b",3
"GO:0001510","RNA methylation","1/890","53/18773",0.0188679245283019,0.397986008055968,-0.979087905004831,0.924060919068071,0.9690985183728,0.891187214312404,"larp7",1
"GO:0006892","post-Golgi vesicle-mediated transport","1/890","53/18773",0.0188679245283019,0.397986008055968,-0.979087905004831,0.924060919068071,0.9690985183728,0.891187214312404,"rab34a",1
"GO:0060113","inner ear receptor cell differentiation","1/890","53/18773",0.0188679245283019,0.397986008055968,-0.979087905004831,0.924060919068071,0.9690985183728,0.891187214312404,"cops5",1
"GO:0099003","vesicle-mediated transport in synapse","3/890","119/18773",0.0252100840336134,0.531762817486545,-1.14309804019909,0.925517578289322,0.969438177689052,0.891499566497582,"rap1aa/napab/fcho2",3
"GO:0099504","synaptic vesicle cycle","3/890","119/18773",0.0252100840336134,0.531762817486545,-1.14309804019909,0.925517578289322,0.969438177689052,0.891499566497582,"rap1aa/napab/fcho2",3
"GO:0006954","inflammatory response","7/890","231/18773",0.0303030303030303,0.639189649302009,-1.2309396958132,0.92557040853965,0.969438177689052,0.891499566497582,"uacaa/cxcl12a/ccl19b/myd88/cxcl20/tollip/cptp",7
"GO:0007605","sensory perception of sound","1/890","54/18773",0.0185185185185185,0.390615896795672,-1.00040710235149,0.927671270672207,0.970796383039992,0.892748578048234,"lrp5",1
"GO:0055113","epiboly involved in gastrulation with mouth forming second","1/890","54/18773",0.0185185185185185,0.390615896795672,-1.00040710235149,0.927671270672207,0.970796383039992,0.892748578048234,"gna12a",1
"GO:0009612","response to mechanical stimulus","1/890","55/18773",0.0181818181818182,0.383513789581205,-1.02142169450721,0.931110159987968,0.970796383039992,0.892748578048234,"col1a2",1
"GO:0022409","positive regulation of cell-cell adhesion","1/890","55/18773",0.0181818181818182,0.383513789581205,-1.02142169450721,0.931110159987968,0.970796383039992,0.892748578048234,"b2ml",1
"GO:0035150","regulation of tube size","1/890","55/18773",0.0181818181818182,0.383513789581205,-1.02142169450721,0.931110159987968,0.970796383039992,0.892748578048234,"gclc",1
"GO:0035296","regulation of tube diameter","1/890","55/18773",0.0181818181818182,0.383513789581205,-1.02142169450721,0.931110159987968,0.970796383039992,0.892748578048234,"gclc",1
"GO:0097746","blood vessel diameter maintenance","1/890","55/18773",0.0181818181818182,0.383513789581205,-1.02142169450721,0.931110159987968,0.970796383039992,0.892748578048234,"gclc",1
"GO:0009581","detection of external stimulus","2/890","90/18773",0.0222222222222222,0.468739076154807,-1.12703112178076,0.931220501138647,0.970796383039992,0.892748578048234,"gna11b/lamc1",2
"GO:0009582","detection of abiotic stimulus","2/890","90/18773",0.0222222222222222,0.468739076154807,-1.12703112178076,0.931220501138647,0.970796383039992,0.892748578048234,"gna11b/lamc1",2
"GO:0034765","regulation of monoatomic ion transmembrane transport","2/890","90/18773",0.0222222222222222,0.468739076154807,-1.12703112178076,0.931220501138647,0.970796383039992,0.892748578048234,"fxyd6l/wnk1b",2
"GO:0045055","regulated exocytosis","2/890","90/18773",0.0222222222222222,0.468739076154807,-1.12703112178076,0.931220501138647,0.970796383039992,0.892748578048234,"rap1aa/napab",2
"GO:0051056","regulation of small GTPase mediated signal transduction","3/890","122/18773",0.0245901639344262,0.518686682630319,-1.18983522041968,0.932902469212511,0.97205014108841,0.893901539405009,"arhgap29b/psd2/spry4",3
"GO:0006631","fatty acid metabolic process","6/890","208/18773",0.0288461538461538,0.608459377700951,-1.26675056088543,0.93321568783661,0.97205014108841,0.893901539405009,"ptges3a/dcaf5/acads/hadh/eci1/aldh3a2a",6
"GO:0007200","phospholipase C-activating G protein-coupled receptor signaling pathway","1/890","56/18773",0.0178571428571429,0.376665329052969,-1.04214287802253,0.934385721351934,0.972855761662264,0.894642391590204,"gna11b",1
"GO:0048511","rhythmic process","3/890","123/18773",0.024390243902439,0.514469717730885,-1.20520117738744,0.935210230339638,0.973301100985631,0.895051927569768,"mybbp1a/gna11b/ep300a",3
"GO:1901136","carbohydrate derivative catabolic process","4/890","153/18773",0.0261437908496732,0.551457736652714,-1.24276591960488,0.935834182877482,0.973537426038365,0.895269253116577,"pfkpa/ada2a/nudt3b/nccrp1",4
"GO:0072524","pyridine-containing compound metabolic process","2/890","92/18773",0.0217391304347826,0.458549096238398,-1.16140321582365,0.936477308809357,0.973793488134528,0.895504728934406,"pfkpa/pnpo",2
"GO:0060048","cardiac muscle contraction","1/890","57/18773",0.0175438596491228,0.370057165385374,-1.06258122439073,0.937505703613876,0.97403705674072,0.895728715684495,"tpm4a",1
"GO:0071478","cellular response to radiation","1/890","57/18773",0.0175438596491228,0.370057165385374,-1.06258122439073,0.937505703613876,0.97403705674072,0.895728715684495,"aurkb",1
"GO:0000724","double-strand break repair via homologous recombination","2/890","93/18773",0.021505376344086,0.453618460794974,-1.17836312475357,0.938960643130309,0.9746477731345,0.896290333137612,"ppp4ca/nabp1a",2
"GO:0001539","cilium or flagellum-dependent cell motility","1/890","58/18773",0.0172413793103448,0.363676869430453,-1.08274672591675,0.94047748838539,0.9746477731345,0.896290333137612,"cfap20",1
"GO:0009566","fertilization","1/890","58/18773",0.0172413793103448,0.363676869430453,-1.08274672591675,0.94047748838539,0.9746477731345,0.896290333137612,"ybx1",1
"GO:0060285","cilium-dependent cell motility","1/890","58/18773",0.0172413793103448,0.363676869430453,-1.08274672591675,0.94047748838539,0.9746477731345,0.896290333137612,"cfap20",1
"GO:0140013","meiotic nuclear division","1/890","58/18773",0.0172413793103448,0.363676869430453,-1.08274672591675,0.94047748838539,0.9746477731345,0.896290333137612,"cenpx",1
"GO:0140029","exocytic process","1/890","58/18773",0.0172413793103448,0.363676869430453,-1.08274672591675,0.94047748838539,0.9746477731345,0.896290333137612,"napab",1
"GO:0000725","recombinational repair","2/890","94/18773",0.0212765957446809,0.448792732488644,-1.19517675664039,0.941351635608994,0.974730081109693,0.896366023909744,"ppp4ca/nabp1a",2
"GO:0036269","swimming behavior","2/890","94/18773",0.0212765957446809,0.448792732488644,-1.19517675664039,0.941351635608994,0.974730081109693,0.896366023909744,"reep1/pnpo",2
"GO:0009134","nucleoside diphosphate catabolic process","1/890","59/18773",0.0169491525423729,0.357512854694344,-1.10264883746107,0.943308107425572,0.976289290181627,0.897799879356847,"pfkpa",1
"GO:1901292","nucleoside phosphate catabolic process","2/890","95/18773",0.0210526315789474,0.444068598462448,-1.21184733073012,0.943653447623579,0.976289290181627,0.897799879356847,"pfkpa/nudt3b",2
"GO:0009617","response to bacterium","6/890","215/18773",0.027906976744186,0.588649072380455,-1.35330664279075,0.945079529229738,0.977073030664711,0.898520610515363,"romo1/otud5a/sqstm1/myd88/rhogb/cxcl20",6
"GO:0098659","inorganic cation import across plasma membrane","2/890","96/18773",0.0208333333333333,0.439442883895131,-1.22837795873113,0.945869148764327,0.977073030664711,0.898520610515363,"wnk1b/slc9a6a",2
"GO:0099587","inorganic ion import across plasma membrane","2/890","96/18773",0.0208333333333333,0.439442883895131,-1.22837795873113,0.945869148764327,0.977073030664711,0.898520610515363,"wnk1b/slc9a6a",2
"GO:1990573","potassium ion import across plasma membrane","1/890","60/18773",0.0166666666666667,0.351554307116105,-1.12229651449443,0.94600425920452,0.977073030664711,0.898520610515363,"wnk1b",1
"GO:0017157","regulation of exocytosis","1/890","61/18773",0.0163934426229508,0.345791121753546,-1.14169824784689,0.948572324683491,0.9793130944649,0.900580582933157,"rap1aa",1
"GO:0008654","phospholipid biosynthetic process","3/890","130/18773",0.0230769230769231,0.486767502160761,-1.30995993272286,0.949420043157885,0.97964849110328,0.900889015141215,"gpat3/serinc5/si:ch211-160o17.2",3
"GO:0019953","sexual reproduction","9/890","300/18773",0.03,0.632797752808989,-1.43030063146757,0.949802349336031,0.97964849110328,0.900889015141215,"cxcl12a/ybx1/strbp/smad2/larp7/pafah1b1a/cenpx/agfg1a/ccnb1",9
"GO:0006816","calcium ion transport","5/890","190/18773",0.0263157894736842,0.55508574807806,-1.37507153693356,0.950095295692908,0.97964849110328,0.900889015141215,"lgals3b/plcg1/micu2/plcd1a/ryk",5
"GO:0051345","positive regulation of hydrolase activity","1/890","62/18773",0.0161290322580645,0.34021384559623,-1.16086209548889,0.951018382348716,0.980188273908151,0.901385401757319,"arap3",1
"GO:0007346","regulation of mitotic cell cycle","8/890","275/18773",0.0290909090909091,0.613622063329929,-1.43994653174117,0.952143197670351,0.980935432123214,0.902072491702983,"anapc11/dync1li2/pim1/id2a/babam2/aurkb/nabp1a/mdm2",8
"GO:0046434","organophosphate catabolic process","3/890","132/18773",0.0227272727272727,0.479392236976507,-1.33903858006273,0.952912180293298,0.981315524038396,0.902422025882071,"pfkpa/plcg1/nudt3b",3
"GO:0050954","sensory perception of mechanical stimulus","1/890","63/18773",0.0158730158730159,0.334813625824862,-1.17979571164276,0.953348222534149,0.981352576532215,0.902456099516612,"lrp5",1
"GO:0022408","negative regulation of cell-cell adhesion","1/890","64/18773",0.015625,0.329582162921348,-1.19850637348862,0.955567361066731,0.983224302305659,0.90417734668227,"gna12a",1
"GO:0010876","lipid localization","8/890","279/18773",0.028673835125448,0.604824614393299,-1.48356523766064,0.956882358707638,0.983609546960742,0.90453161934339,"prelid1a/rbp4/si:ch211-71m22.1/slc10a3/tmem30ab/cptp/aup1/zdhhc8b",8
"GO:0043603","amide metabolic process","7/890","252/18773",0.0277777777777778,0.585923845193508,-1.4763127281189,0.957484454284595,0.983609546960742,0.90453161934339,"dhfr/ece1/hmgcrb/chac1/pla2g6/pank4/gclc",7
"GO:0034762","regulation of transmembrane transport","2/890","102/18773",0.0196078431372549,0.413593302489535,-1.3247847070137,0.957515769574475,0.983609546960742,0.90453161934339,"fxyd6l/wnk1b",2
"GO:0010038","response to metal ion","1/890","65/18773",0.0153846153846154,0.324511668107174,-1.21700100569882,0.957681052266186,0.983609546960742,0.90453161934339,"slc25a24",1
"GO:0070588","calcium ion transmembrane transport","4/890","166/18773",0.0240963855421687,0.508271287396778,-1.419618077383,0.957946680672325,0.983609546960742,0.90453161934339,"plcg1/micu2/plcd1a/ryk",4
"GO:1901700","response to oxygen-containing compound","11/890","364/18773",0.0302197802197802,0.637433633781948,-1.5583076213207,0.961404171635382,0.986547023066013,0.907232935151572,"romo1/otud5a/rbp4/myd88/rap1aa/gna11b/esd/cxcl20/adh8b/akr1a1b/casp3a",11
"GO:0006661","phosphatidylinositol biosynthetic process","1/890","67/18773",0.0149253731343284,0.314824752641288,-1.25336825101045,0.961611876131609,0.986547023066013,0.907232935151572,"si:ch211-160o17.2",1
"GO:0035249","synaptic transmission, glutamatergic","1/890","68/18773",0.0147058823529412,0.310194976867151,-1.27125314533067,0.963438318462565,0.987182408905835,0.907817238734613,"napab",1
"GO:0170040","proteinogenic amino acid catabolic process","1/890","68/18773",0.0147058823529412,0.310194976867151,-1.27125314533067,0.963438318462565,0.987182408905835,0.907817238734613,"tdh2",1
"GO:0042110","T cell activation","3/890","139/18773",0.0215827338129496,0.45525018187697,-1.43807499956263,0.963438518923999,0.987182408905835,0.907817238734613,"fam49a/b2ml/sh3rf1",3
"GO:1903037","regulation of leukocyte cell-cell adhesion","1/890","69/18773",0.0144927536231884,0.305699397492265,-1.28894660934683,0.965177954739941,0.988255321928766,0.908803894219043,"b2ml",1
"GO:0046474","glycerophospholipid biosynthetic process","2/890","107/18773",0.0186915887850467,0.394266512653576,-1.40177377180216,0.965349558706655,0.988255321928766,0.908803894219043,"gpat3/si:ch211-160o17.2",2
"GO:0007009","plasma membrane organization","1/890","70/18773",0.0142857142857143,0.301332263242376,-1.30645411056715,0.966834906209223,0.988255321928766,0.908803894219043,"si:ch211-71m22.1",1
"GO:0071214","cellular response to abiotic stimulus","1/890","70/18773",0.0142857142857143,0.301332263242376,-1.30645411056715,0.966834906209223,0.988255321928766,0.908803894219043,"aurkb",1
"GO:0104004","cellular response to environmental stimulus","1/890","70/18773",0.0142857142857143,0.301332263242376,-1.30645411056715,0.966834906209223,0.988255321928766,0.908803894219043,"aurkb",1
"GO:0006869","lipid transport","7/890","261/18773",0.0268199233716475,0.565719574669594,-1.57613685815145,0.966902883256844,0.988255321928766,0.908803894219043,"prelid1a/rbp4/si:ch211-71m22.1/slc10a3/tmem30ab/cptp/zdhhc8b",7
"GO:0170035","L-amino acid catabolic process","1/890","72/18773",0.0138888888888889,0.292961922596754,-1.34093190519611,0.969916271703329,0.990322781994146,0.910705139491259,"tdh2",1
"GO:0002250","adaptive immune response","2/890","111/18773",0.018018018018018,0.380058710395789,-1.46137962186446,0.970597381959297,0.990322781994146,0.910705139491259,"kmt5b/msh2",2
"GO:0051259","protein complex oligomerization","2/890","111/18773",0.018018018018018,0.380058710395789,-1.46137962186446,0.970597381959297,0.990322781994146,0.910705139491259,"stk3/rbmx",2
"GO:0006941","striated muscle contraction","1/890","73/18773",0.0136986301369863,0.288948745574881,-1.35791198532425,0.971347987557242,0.990322781994146,0.910705139491259,"tpm4a",1
"GO:0007193","adenylate cyclase-inhibiting G protein-coupled receptor signaling pathway","1/890","73/18773",0.0136986301369863,0.288948745574881,-1.35791198532425,0.971347987557242,0.990322781994146,0.910705139491259,"adcy7",1
"GO:2000241","regulation of reproductive process","1/890","73/18773",0.0136986301369863,0.288948745574881,-1.35791198532425,0.971347987557242,0.990322781994146,0.910705139491259,"smad2",1
"GO:0046649","lymphocyte activation","4/890","178/18773",0.0224719101123595,0.474005807347557,-1.57297908061778,0.971883278338489,0.990456868202872,0.91082844575225,"fam49a/b2ml/kmt5b/sh3rf1",4
"GO:0030148","sphingolipid biosynthetic process","1/890","74/18773",0.0135135135135135,0.285044032796842,-1.37472570125867,0.972711639486336,0.990578193423965,0.910940016953487,"pla2g6",1
"GO:0007159","leukocyte cell-cell adhesion","1/890","75/18773",0.0133333333333333,0.281243445692884,-1.39137744786396,0.974010459789943,0.990578193423965,0.910940016953487,"b2ml",1
"GO:0008203","cholesterol metabolic process","1/890","75/18773",0.0133333333333333,0.281243445692884,-1.39137744786396,0.974010459789943,0.990578193423965,0.910940016953487,"sc5d",1
"GO:1903046","meiotic cell cycle process","1/890","75/18773",0.0133333333333333,0.281243445692884,-1.39137744786396,0.974010459789943,0.990578193423965,0.910940016953487,"cenpx",1
"GO:0022407","regulation of cell-cell adhesion","2/890","114/18773",0.0175438596491228,0.370057165385374,-1.50501029762676,0.974021444165758,0.990578193423965,0.910940016953487,"b2ml/gna12a",2
"GO:0007162","negative regulation of cell adhesion","1/890","76/18773",0.0131578947368421,0.27754287403903,-1.40787144028299,0.975247527432844,0.99141408404176,0.911708705602803,"gna12a",1
"GO:0006672","ceramide metabolic process","1/890","77/18773",0.012987012987013,0.273938421129432,-1.42421172371299,0.976425775311368,0.992200673918304,0.912432057075944,"pla2g6",1
"GO:0035725","sodium ion transmembrane transport","2/890","120/18773",0.0166666666666667,0.351554307116105,-1.58971757528994,0.979751217505085,0.994900239599061,0.914914589422528,"fxyd6l/slc9a6a",2
"GO:0032940","secretion by cell","6/890","249/18773",0.0240963855421687,0.508271287396778,-1.74256081246872,0.979893591060469,0.994900239599061,0.914914589422528,"marcksb/uqcc2/caskb/rap1aa/napab/tnfaip2a",6
"GO:0045017","glycerolipid biosynthetic process","2/890","123/18773",0.016260162601626,0.34297981182059,-1.63087974793352,0.982136274480456,0.996764700579462,0.916629155852892,"gpat3/si:ch211-160o17.2",2
"GO:0007623","circadian rhythm","1/890","84/18773",0.0119047619047619,0.251110219368646,-1.534597912397,0.983245297616143,0.996906170033476,0.916759251778376,"gna11b",1
"GO:0140352","export from cell","7/890","285/18773",0.0245614035087719,0.518080031539523,-1.8288684728684,0.983486369514866,0.996906170033476,0.916759251778376,"fxyd6l/marcksb/uqcc2/caskb/rap1aa/napab/tnfaip2a",7
"GO:0098739","import across plasma membrane","2/890","125/18773",0.016,0.337492134831461,-1.6579063790587,0.983572363068015,0.996906170033476,0.916759251778376,"wnk1b/slc9a6a",2
"GO:0007416","synapse assembly","1/890","85/18773",0.0117647058823529,0.248155981493721,-1.54983650784943,0.984043183277315,0.996906170033476,0.916759251778376,"fbxo45",1
"GO:0098661","inorganic anion transmembrane transport","1/890","86/18773",0.0116279069767442,0.245270446825189,-1.56495147859926,0.984803113012074,0.996906170033476,0.916759251778376,"slc25a11",1
"GO:1901606","alpha-amino acid catabolic process","1/890","86/18773",0.0116279069767442,0.245270446825189,-1.56495147859926,0.984803113012074,0.996906170033476,0.916759251778376,"tdh2",1
"GO:0019362","pyridine nucleotide metabolic process","1/890","87/18773",0.0114942528735632,0.242451246286969,-1.5799455859832,0.985526890473371,0.996906170033476,0.916759251778376,"pfkpa",1
"GO:0046496","nicotinamide nucleotide metabolic process","1/890","87/18773",0.0114942528735632,0.242451246286969,-1.5799455859832,0.985526890473371,0.996906170033476,0.916759251778376,"pfkpa",1
"GO:0006814","sodium ion transport","3/890","165/18773",0.0181818181818182,0.383513789581205,-1.77437568676486,0.986156464280639,0.997131824765213,0.916966764851568,"fxyd6l/wnk1b/slc9a6a",3
"GO:0051260","protein homooligomerization","1/890","90/18773",0.0111111111111111,0.234369538077403,-1.62422892337849,0.987498085656537,0.998076969145235,0.917835923736022,"rbmx",1
"GO:0046903","secretion","6/890","266/18773",0.0225563909774436,0.475787784066909,-1.92092332891103,0.988193886560862,0.998331888724684,0.918070348890509,"marcksb/uqcc2/caskb/rap1aa/napab/tnfaip2a",6
"GO:1901698","response to nitrogen compound","6/890","267/18773",0.0224719101123595,0.474005807347557,-1.93112501184109,0.988564271386978,0.998331888724684,0.918070348890509,"rnf121/rap1aa/gna11b/man1a2/aup1/nccrp1",6
"GO:0009063","amino acid catabolic process","1/890","94/18773",0.0106382978723404,0.224396366244322,-1.68173297064069,0.989715580063913,0.998777914504042,0.918480516137988,"tdh2",1
"GO:0006887","exocytosis","3/890","173/18773",0.0173410404624277,0.365779047866467,-1.86955072307084,0.989820265046606,0.998777914504042,0.918480516137988,"rap1aa/napab/tnfaip2a",3
"GO:0051321","meiotic cell cycle","1/890","102/18773",0.00980392156862745,0.206796651244768,-1.79197077803538,0.993041261349029,0.999999297538221,0.919603705290797,"cenpx",1
"GO:1901699","cellular response to nitrogen compound","2/890","150/18773",0.0133333333333333,0.281243445692884,-1.97166312323034,0.994325721720535,0.999999297538221,0.919603705290797,"rap1aa/gna11b",2
"GO:0046467","membrane lipid biosynthetic process","1/890","108/18773",0.00925925925925926,0.195307948397836,-1.87093060800366,0.994809075925885,0.999999297538221,0.919603705290797,"pla2g6",1
"GO:0006665","sphingolipid metabolic process","1/890","113/18773",0.00884955752212389,0.186666003778463,-1.93456094261668,0.995934245979477,0.999999297538221,0.919603705290797,"pla2g6",1
"GO:0031047","regulatory ncRNA-mediated gene silencing","2/890","158/18773",0.0126582278481013,0.267003271227421,-2.06409246043354,0.995983090626852,0.999999297538221,0.919603705290797,"cnot9/eri1",2
"GO:0098742","cell-cell adhesion via plasma-membrane adhesion molecules","3/890","198/18773",0.0151515151515152,0.319594824651004,-2.14716727794977,0.996187761232967,0.999999297538221,0.919603705290797,"ptk7a/pcdh1b/notch1b",3
"GO:0007156","homophilic cell adhesion via plasma membrane adhesion molecules","2/890","167/18773",0.0119760479041916,0.252613873376842,-2.16424711401541,0.997283641333059,0.999999297538221,0.919603705290797,"ptk7a/pcdh1b",2
"GO:0007601","visual perception","2/890","167/18773",0.0119760479041916,0.252613873376842,-2.16424711401541,0.997283641333059,0.999999297538221,0.919603705290797,"arl6/lamc1",2
"GO:0050953","sensory perception of light stimulus","2/890","170/18773",0.0117647058823529,0.248155981493721,-2.19680143915588,0.997617116487509,0.999999297538221,0.919603705290797,"arl6/lamc1",2
"GO:0015698","inorganic anion transport","1/890","125/18773",0.008,0.16874606741573,-2.08018843232676,0.997738619753078,0.999999297538221,0.919603705290797,"slc25a11",1
"GO:0071805","potassium ion transmembrane transport","2/890","174/18773",0.0114942528735632,0.242451246286969,-2.23960022676164,0.997999801866214,0.999999297538221,0.919603705290797,"wnk1b/slc9a6a",2
"GO:0042391","regulation of membrane potential","2/890","178/18773",0.0112359550561798,0.237002903673779,-2.28173331161906,0.998321814269789,0.999999297538221,0.919603705290797,"rnf121/gna11b",2
"GO:0098609","cell-cell adhesion","10/890","452/18773",0.0221238938053097,0.466665009446157,-2.56050008907342,0.998390518327423,0.999999297538221,0.919603705290797,"itga6b/ptk7a/b2ml/gna12a/kirrel1a/ctnnd1/jupa/erbin/pcdh1b/notch1b",10
"GO:0099536","synaptic signaling","8/890","402/18773",0.0199004975124378,0.419766336855051,-2.62349135376351,0.99890487452193,0.999999297538221,0.919603705290797,"caskb/rap1aa/fxr2/gna11b/rab5aa/napab/camk2g2/cep89",8
"GO:0006813","potassium ion transport","2/890","192/18773",0.0104166666666667,0.219721441947566,-2.4243528733569,0.999095253575507,0.999999297538221,0.919603705290797,"wnk1b/slc9a6a",2
"GO:0006643","membrane lipid metabolic process","1/890","149/18773",0.00671140939597315,0.141565492798431,-2.34689633925048,0.99930123015541,0.999999297538221,0.919603705290797,"pla2g6",1
"GO:0007268","chemical synaptic transmission","7/890","389/18773",0.0179948586118252,0.379570203055949,-2.75852884765762,0.999435580932222,0.999999297538221,0.919603705290797,"caskb/rap1aa/fxr2/rab5aa/napab/camk2g2/cep89",7
"GO:0098916","anterograde trans-synaptic signaling","7/890","389/18773",0.0179948586118252,0.379570203055949,-2.75852884765762,0.999435580932222,0.999999297538221,0.919603705290797,"caskb/rap1aa/fxr2/rab5aa/napab/camk2g2/cep89",7
"GO:0099537","trans-synaptic signaling","7/890","390/18773",0.0179487179487179,0.378596946125036,-2.76648029377294,0.999454868202248,0.999999297538221,0.919603705290797,"caskb/rap1aa/fxr2/rab5aa/napab/camk2g2/cep89",7
"GO:0050906","detection of stimulus involved in sensory perception","1/890","168/18773",0.00595238095238095,0.125555109684323,-2.53981647420841,0.999724529573968,0.999999297538221,0.919603705290797,"lamc1",1
"GO:0051606","detection of stimulus","2/890","232/18773",0.00862068965517241,0.181838434715227,-2.79734851289465,0.999849009364234,0.999999297538221,0.919603705290797,"gna11b/lamc1",2
"GO:0007600","sensory perception","3/890","399/18773",0.0075187969924812,0.158595928022303,-3.78982615858322,0.999999297538221,0.999999297538221,0.919603705290797,"arl6/lrp5/lamc1",3
