"ID","Description","GeneRatio","BgRatio","RichFactor","FoldEnrichment","zScore","pvalue","p.adjust","qvalue","geneID","Count"
"GO:0045333","cellular respiration","20/676","129/18773",0.155038759689922,4.30553644328242,7.28102605470498,3.6292823783783e-08,4.28706524145079e-05,3.79788158125636e-05,"ndufb6/atp5f1b/uqcrfs1/idh2/cox5aa/uqcc2/cox4i1/cox8a/suclg1/cox6a1/ndufs6/uqcrh/ndufa5/suclg2/sdhdb/sigmar1/aco2/sdha/ndufs2/ndufb9",20
"GO:0009060","aerobic respiration","18/676","106/18773",0.169811320754717,4.71578095344423,7.41465760134325,4.12813215353952e-08,4.28706524145079e-05,3.79788158125636e-05,"ndufb6/atp5f1b/uqcrfs1/idh2/cox5aa/uqcc2/cox4i1/cox8a/suclg1/cox6a1/ndufs6/uqcrh/suclg2/sdhdb/aco2/sdha/ndufs2/ndufb9",18
"GO:0009201","ribonucleoside triphosphate biosynthetic process","12/676","51/18773",0.235294117647059,6.53428471980508,7.64884382380879,1.88688282442773e-07,0.000130635187544547,0.000115728813231568,"atp5mc1/atp5pd/atp5l/atp5f1b/nme2b.1/atp5meb/atp5f1d/uck2b/atp5mc3a/atp5pb/atp5mc3b/si:ch211-243j20.2",12
"GO:0015986","proton motive force-driven ATP synthesis","9/676","27/18773",0.333333333333333,9.2569033530572,8.29793645087366,2.52738192372283e-07,0.000131234306389308,0.00011625956849125,"atp5mc1/atp5pd/atp5l/atp5f1b/atp5meb/atp5f1d/atp5mc3a/atp5pb/atp5mc3b",9
"GO:0009142","nucleoside triphosphate biosynthetic process","12/676","57/18773",0.210526315789474,5.84646527561507,7.08241453554609,6.89744634717308e-07,0.000228240595726606,0.000202196772333633,"atp5mc1/atp5pd/atp5l/atp5f1b/nme2b.1/atp5meb/atp5f1d/uck2b/atp5mc3a/atp5pb/atp5mc3b/si:ch211-243j20.2",12
"GO:1903047","mitotic cell cycle process","31/676","322/18773",0.0962732919254658,2.6735776765041,5.8544915463056,7.01060724020356e-07,0.000228240595726606,0.000202196772333633,"gcna/atm/swap70b/banf1/spdl1/ran/fbxl15/cdc25b/dchs1b/mad2l1/ranbp1/bub3/cxcr4a/si:ch211-244o22.2/naa50/mastl/cenpf/tmpoa/arl3b/anln/si:ch211-161h7.4/zgc:86764/smc2/aurkb/nuf2/nsl1/snap25a/pafah1b1a/ccna2/nabp1a/znf207b",31
"GO:0006119","oxidative phosphorylation","14/676","79/18773",0.177215189873418,4.92139165605573,6.75037616250632,7.69226851269254e-07,0.000228240595726606,0.000202196772333633,"ndufb6/atp5f1b/uqcrfs1/cox5aa/uqcc2/cox4i1/cox8a/cox6a1/ndufs6/uqcrh/sdhdb/sdha/ndufs2/ndufb9",14
"GO:0006754","ATP biosynthetic process","9/676","31/18773",0.290322580645161,8.06246421072724,7.60596754142796,9.55296000427127e-07,0.000235877529422377,0.000208962279314961,"atp5mc1/atp5pd/atp5l/atp5f1b/atp5meb/atp5f1d/atp5mc3a/atp5pb/atp5mc3b",9
"GO:0019646","aerobic electron transport chain","12/676","59/18773",0.203389830508475,5.6482800120349,6.91130887927413,1.02209810534492e-06,0.000235877529422377,0.000208962279314961,"ndufb6/uqcrfs1/cox5aa/cox4i1/cox8a/cox6a1/ndufs6/uqcrh/sdhdb/sdha/ndufs2/ndufb9",12
"GO:0042775","mitochondrial ATP synthesis coupled electron transport","12/676","60/18773",0.2,5.55414201183432,6.82866508451578,1.23622322472627e-06,0.000235929509258608,0.000209008327894,"ndufb6/uqcrfs1/cox5aa/cox4i1/cox8a/cox6a1/ndufs6/uqcrh/sdhdb/sdha/ndufs2/ndufb9",12
"GO:0140014","mitotic nuclear division","17/676","119/18773",0.142857142857143,3.96724429416737,6.27575709027881,1.24950630806196e-06,0.000235929509258608,0.000209008327894,"gcna/swap70b/banf1/spdl1/ran/mad2l1/ranbp1/bub3/si:ch211-244o22.2/tmpoa/si:ch211-161h7.4/zgc:86764/smc2/aurkb/nuf2/nsl1/znf207b",17
"GO:0042773","ATP synthesis coupled electron transport","12/676","63/18773",0.19047619047619,5.28965905888983,6.59145792872433,2.13561592686527e-06,0.000332586938478273,0.00029463647896005,"ndufb6/uqcrfs1/cox5aa/cox4i1/cox8a/cox6a1/ndufs6/uqcrh/sdhdb/sdha/ndufs2/ndufb9",12
"GO:0009145","purine nucleoside triphosphate biosynthetic process","10/676","43/18773",0.232558139534884,6.45830466492363,6.9254570395594,2.24179929643516e-06,0.000332586938478273,0.00029463647896005,"atp5mc1/atp5pd/atp5l/atp5f1b/nme2b.1/atp5meb/atp5f1d/atp5mc3a/atp5pb/atp5mc3b",10
"GO:0009206","purine ribonucleoside triphosphate biosynthetic process","10/676","43/18773",0.232558139534884,6.45830466492363,6.9254570395594,2.24179929643516e-06,0.000332586938478273,0.00029463647896005,"atp5mc1/atp5pd/atp5l/atp5f1b/nme2b.1/atp5meb/atp5f1d/atp5mc3a/atp5pb/atp5mc3b",10
"GO:0033365","protein localization to organelle","31/676","342/18773",0.0906432748538012,2.51722810477871,5.47286593783963,2.51974889440311e-06,0.000348901230245017,0.000309089197713448,"tomm40l/insig1/msna/tomm5/arl5a/wdr83os/spdl1/ran/spcs1/timm13/pphln1/pex12/ssr3/timm23a/insig2/camlg/vps28/nutf2l/srprb/arf6a/mon1a/tmem147/pam16/mapre1b/aurkb/pex10/sec61g/lrrc7/dnajc15/kpnb3/rer1",31
"GO:0022904","respiratory electron transport chain","13/676","78/18773",0.166666666666667,4.6284516765286,6.20627817873201,3.89527445298888e-06,0.000505655314928619,0.000447956562093721,"ndufb6/uqcrfs1/cox5aa/cox4i1/cox8a/cox6a1/ndufs6/uqcrh/ndufa5/sdhdb/sdha/ndufs2/ndufb9",13
"GO:0022900","electron transport chain","13/676","84/18773",0.154761904761905,4.29784798534799,5.85467202894408,9.06847878885276e-06,0.0011079547320263,0.000981529468911122,"ndufb6/uqcrfs1/cox5aa/cox4i1/cox8a/cox6a1/ndufs6/uqcrh/ndufa5/sdhdb/sdha/ndufs2/ndufb9",13
"GO:0015980","energy derivation by oxidation of organic compounds","20/676","186/18773",0.10752688172043,2.9860978558249,5.26111497348577,1.31729401335089e-05,0.00152001092540544,0.00134656721364757,"ndufb6/atp5f1b/uqcrfs1/idh2/cox5aa/uqcc2/cox4i1/cox8a/suclg1/cox6a1/ndufs6/uqcrh/ndufa5/suclg2/sdhdb/sigmar1/aco2/sdha/ndufs2/ndufb9",20
"GO:0000280","nuclear division","19/676","173/18773",0.109826589595376,3.04996237644081,5.23525448346401,1.59476243197682e-05,0.00174332714274519,0.00154440151307229,"gcna/swap70b/banf1/spdl1/ran/cenpx/mad2l1/ranbp1/bub3/si:ch211-244o22.2/spire1a/tmpoa/si:ch211-161h7.4/zgc:86764/smc2/aurkb/nuf2/nsl1/znf207b",19
"GO:1901137","carbohydrate derivative biosynthetic process","35/676","455/18773",0.0769230769230769,2.13620846609012,4.74187410557699,2.20112661410486e-05,0.0022858699887479,0.00202503648497647,"atp5mc1/dut/atp5pd/atp5l/atp5f1b/nme2b.1/atp5meb/dad1/rpn1/atp5f1d/uck2b/atp5mc3a/dnph1/pigb/cmpk/ddost/alg1/ada2b/cant1a/alg2/st8sia6/dpm2/alg12/gmppab/tyw3/ndst1b/krtcap2/atp5pb/atp5mc3b/si:ch211-243j20.2/c1galt1b/tyw5/ostc/paics/gmps",35
"GO:0048285","organelle fission","20/676","196/18773",0.102040816326531,2.83374592440527,4.98775065449805,2.83837524663488e-05,0.00280728827964793,0.00248695735895628,"gcna/swap70b/banf1/spdl1/ran/cenpx/mad2l1/ranbp1/bub3/si:ch211-244o22.2/spire1a/tmpoa/si:ch211-161h7.4/zgc:86764/smc2/aurkb/nuf2/mief2/nsl1/znf207b",20
"GO:0009260","ribonucleotide biosynthetic process","15/676","123/18773",0.121951219512195,3.38667195843556,5.13252644481965,3.62904410975687e-05,0.00342614755271137,0.00303520052816029,"atp5mc1/atp5pd/atp5l/atp5f1b/nme2b.1/atp5meb/atp5f1d/uck2b/atp5mc3a/cmpk/atp5pb/atp5mc3b/si:ch211-243j20.2/paics/gmps",15
"GO:0046390","ribose phosphate biosynthetic process","15/676","126/18773",0.119047619047619,3.30603691180614,5.01963766386323,4.82114088082148e-05,0.0043536998302027,0.00385691270465718,"atp5mc1/atp5pd/atp5l/atp5f1b/nme2b.1/atp5meb/atp5f1d/uck2b/atp5mc3a/cmpk/atp5pb/atp5mc3b/si:ch211-243j20.2/paics/gmps",15
"GO:0033108","mitochondrial respiratory chain complex assembly","10/676","63/18773",0.158730158730159,4.40804921574152,5.23678285760918,7.81172573835899e-05,0.00676039764940484,0.00598898973274189,"ndufb2/coa5/uqcc2/sdhaf4/ndufs5/ndufa12/foxred1/pet100/chchd7/uqcc1",10
"GO:0006605","protein targeting","15/676","133/18773",0.112781954887218,3.1320349690795,4.76894723845985,9.0207991446841e-05,0.00747303655372457,0.00662031163160964,"tomm40l/tomm20a/tomm5/spcs1/timm13/arl6ip1/ssr3/timm23a/naca/srprb/mon1a/pam16/sec61g/zdhhc15a/dnajc15",15
"GO:0000070","mitotic sister chromatid segregation","11/676","77/18773",0.142857142857143,3.96724429416737,5.04254338906454,9.35478817510058e-05,0.00747303655372457,0.00662031163160964,"spdl1/ran/mad2l1/bub3/si:ch211-161h7.4/zgc:86764/smc2/aurkb/nuf2/nsl1/znf207b",11
"GO:0009259","ribonucleotide metabolic process","19/676","200/18773",0.095,2.6382174556213,4.50164087066654,0.000117222114342092,0.00901741968476016,0.00798847001442402,"atp5mc1/atp5pd/atp5l/atp5f1b/nme2b.1/atp5meb/atp5f1d/uck2b/atp5mc3a/hint1/ran/cmpk/nt5c2a/atp5pb/atp5mc3b/si:ch211-243j20.2/nudt4b/paics/gmps",19
"GO:0051276","chromosome organization","22/676","252/18773",0.0873015873015873,2.42442706865784,4.39980673451041,0.00012303974296883,0.00912084637700276,0.00808009500899618,"atm/cenpn/nop10/banf1/spdl1/ran/cenpx/nhp2/mad2l1/cenpo/bub3/msh2/naa50/si:ch211-161h7.4/zgc:86764/smc2/aurkb/nuf2/nsl1/h1-10/smc1al/znf207b",22
"GO:0009141","nucleoside triphosphate metabolic process","14/676","122/18773",0.114754098360656,3.18680279367543,4.68342750201777,0.000127349323511353,0.00912084637700276,0.00808009500899618,"atp5mc1/dut/atp5pd/atp5l/atp5f1b/nme2b.1/atp5meb/atp5f1d/uck2b/atp5mc3a/ran/atp5pb/atp5mc3b/si:ch211-243j20.2",14
"GO:1902600","proton transmembrane transport","11/676","80/18773",0.1375,3.8184726331361,4.88252685077984,0.000133058178424742,0.00921206121960629,0.00816090161005083,"atp5mc1/atp5pd/atp5l/atp5f1b/atp5meb/atp5mc3a/atp6v0e1/hvcn1/atp5pb/atp5mc3b/atp6v0d1",11
"GO:0007005","mitochondrion organization","20/676","221/18773",0.0904977375565611,2.51318643069426,4.37339329449184,0.000152328393077654,0.0099249709501068,0.00879246343196751,"ndufb2/coa5/uqcc2/sdhaf4/slc35f6/si:ch211-11k18.4/timm13/ndufs5/mtx2/mtx1b/ndufa12/rhot1b/mief2/foxred1/phb/pet100/chchd7/phb2b/ssbp1/uqcc1",20
"GO:0009165","nucleotide biosynthetic process","16/676","155/18773",0.103225806451613,2.86665394159191,4.51012392658411,0.000152912407512478,0.0099249709501068,0.00879246343196751,"atp5mc1/dut/atp5pd/atp5l/atp5f1b/nme2b.1/atp5meb/atp5f1d/uck2b/atp5mc3a/cmpk/atp5pb/atp5mc3b/si:ch211-243j20.2/paics/gmps",16
"GO:0019693","ribose phosphate metabolic process","19/676","205/18773",0.0926829268292683,2.57387068841103,4.37913911114508,0.000162126723076099,0.0102041576917896,0.00903979304424311,"atp5mc1/atp5pd/atp5l/atp5f1b/nme2b.1/atp5meb/atp5f1d/uck2b/atp5mc3a/hint1/ran/cmpk/nt5c2a/atp5pb/atp5mc3b/si:ch211-243j20.2/nudt4b/paics/gmps",19
"GO:0072594","establishment of protein localization to organelle","18/676","189/18773",0.0952380952380952,2.64482952944491,4.39245706881428,0.000170221501455566,0.0103985311330356,0.00921198713759531,"tomm40l/tomm5/ran/spcs1/timm13/pex12/ssr3/timm23a/vps28/nutf2l/srprb/mon1a/pam16/pex10/sec61g/lrrc7/dnajc15/kpnb3",18
"GO:0009199","ribonucleoside triphosphate metabolic process","13/676","112/18773",0.116071428571429,3.22338598901099,4.56122763603236,0.000195923204163006,0.0116266427156161,0.0102999627331409,"atp5mc1/atp5pd/atp5l/atp5f1b/nme2b.1/atp5meb/atp5f1d/uck2b/atp5mc3a/ran/atp5pb/atp5mc3b/si:ch211-243j20.2",13
"GO:0016126","sterol biosynthetic process","7/676","36/18773",0.194444444444444,5.39986028928337,5.10699503802244,0.000255312980442229,0.0143519681792308,0.0127143097976816,"ch25h/hsd17b7/insig1/insig2/lbr/msmo1/hmgcra",7
"GO:0000819","sister chromatid segregation","11/676","86/18773",0.127906976744186,3.552067565708,4.58455226831688,0.000255668186149032,0.0143519681792308,0.0127143097976816,"spdl1/ran/mad2l1/bub3/si:ch211-161h7.4/zgc:86764/smc2/aurkb/nuf2/nsl1/znf207b",11
"GO:0006099","tricarboxylic acid cycle","6/676","27/18773",0.222222222222222,6.17126890203813,5.19696778376405,0.000330261621733743,0.0175885484189996,0.0155815739484638,"idh2/suclg1/suclg2/sdhdb/aco2/sdha",6
"GO:0051310","metaphase chromosome alignment","6/676","27/18773",0.222222222222222,6.17126890203813,5.19696778376405,0.000330261621733743,0.0175885484189996,0.0155815739484638,"spdl1/cenpf/si:ch211-161h7.4/aurkb/nuf2/znf207b",6
"GO:0033047","regulation of mitotic sister chromatid segregation","5/676","18/18773",0.277777777777778,7.71408612754767,5.50794955246318,0.000345825961638719,0.0179331151301076,0.0158868232255166,"spdl1/mad2l1/bub3/aurkb/znf207b",5
"GO:0051983","regulation of chromosome segregation","7/676","38/18773",0.184210526315789,5.11565711616319,4.90828150366382,0.000362634008408532,0.0179331151301076,0.0158868232255166,"gcna/spdl1/mad2l1/bub3/si:ch211-244o22.2/aurkb/znf207b",7
"GO:0070972","protein localization to endoplasmic reticulum","7/676","38/18773",0.184210526315789,5.11565711616319,4.90828150366382,0.000362634008408532,0.0179331151301076,0.0158868232255166,"insig1/spcs1/ssr3/insig2/srprb/sec61g/rer1",7
"GO:0009152","purine ribonucleotide biosynthetic process","12/676","105/18773",0.114285714285714,3.1737954353339,4.31707658818028,0.00039453987943792,0.0190571937114549,0.0168826367015296,"atp5mc1/atp5pd/atp5l/atp5f1b/nme2b.1/atp5meb/atp5f1d/atp5mc3a/atp5pb/atp5mc3b/paics/gmps",12
"GO:0032388","positive regulation of intracellular transport","4/676","11/18773",0.363636363636364,10.0984400215169,5.83376648062143,0.000449177283330267,0.0212032094881128,0.0187837773029021,"msna/oaz1b/ncbp2/oaz1a",4
"GO:0044772","mitotic cell cycle phase transition","14/676","138/18773",0.101449275362319,2.81731841180002,4.14124761503819,0.000463319383616058,0.0213847635504567,0.0189446147967455,"atm/swap70b/spdl1/fbxl15/cdc25b/mad2l1/bub3/cxcr4a/mastl/cenpf/aurkb/ccna2/nabp1a/znf207b",14
"GO:0051301","cell division","24/676","317/18773",0.0757097791798107,2.10251432624643,3.82622415746147,0.000525032839752997,0.0237063740905864,0.0210013135901199,"cks1b/dynlt3/cdc26/dctn3/spdl1/tp53/cdc25b/dchs1b/cks2/bub3/si:ch211-244o22.2/cdc20/mastl/spire1a/rack1/arl3b/anln/arpp19b/mapre1b/aurkb/nuf2/snap25a/pafah1b1a/ccna2",24
"GO:0022613","ribonucleoprotein complex biogenesis","24/676","319/18773",0.0752351097178683,2.08933241824489,3.79258950790932,0.000574201726499559,0.0253748294880762,0.0224793867395572,"eif3c/snrpc/snrpg/snrpd2/polr1d/nop10/prpf39/ran/znf593/nhp2/eif3s6ip/eif3ea/snrpe/npm1a/ncl/tsr2/riok2/eif3ba/snu13b/lsm6/tma16/wdr43/nop2/fcf1",24
"GO:0060041","retina development in camera-type eye","23/676","301/18773",0.0764119601328904,2.12201438990348,3.79271354086363,0.000599218921728029,0.0254436766644472,0.0225403779790963,"marcksl1a/snx5/rfc4/ran/arl6ip1/vps28/agrn/atp6v0e1/tfap2a/f8/znf513a/slbp/sigmar1/rp1l1a/pax2a/mab21l2/atp6v0d1/marcksl1b/socs1a/dnmt1/paics/ccna2/mafba",23
"GO:0008380","RNA splicing","24/676","320/18773",0.075,2.08280325443787,3.77586430301824,0.000600260065747672,0.0254436766644472,0.0225403779790963,"snrpc/lsm7/snrpg/snrpd2/lsm8/snrpb/cirbpb/hmga1a/prpf39/ybx1/sf3b5/snrpe/prpf40a/ncbp2/rbm8a/clk4b/smndc1/dyrk1ab/snu13b/elavl4/lsm6/magoh/sf3b6/rbmx2",24
"GO:0097250","mitochondrial respirasome assembly","9/676","67/18773",0.134328358208955,3.73039388854544,4.32710632829571,0.000638133689684617,0.026508073469499,0.0234833197803939,"ndufb2/coa5/uqcc2/sdhaf4/ndufs5/ndufa12/foxred1/pet100/uqcc1",9
"GO:0006413","translational initiation","11/676","97/18773",0.11340206185567,3.14925577990606,4.10163835302181,0.000727875831764388,0.029643100050483,0.0262606182440485,"eif1axa/eif3c/eif1b/ybx1/eif3s6ip/eif3ea/rrn3/fibina/eif4e1c/eif3ba/eif2b1",11
"GO:0006091","generation of precursor metabolites and energy","20/676","251/18773",0.0796812749003984,2.21280558240411,3.73860373618811,0.000794960246839188,0.0317525467824037,0.0281293625804636,"ndufb6/atp5f1b/uqcrfs1/idh2/cox5aa/uqcc2/cox4i1/cox8a/suclg1/cox6a1/ndufs6/uqcrh/ndufa5/suclg2/sdhdb/sigmar1/aco2/sdha/ndufs2/ndufb9",20
"GO:0009150","purine ribonucleotide metabolic process","16/676","180/18773",0.0888888888888889,2.46850756081525,3.82615916488883,0.000820068090712914,0.03213738536624,0.0284702884322974,"atp5mc1/atp5pd/atp5l/atp5f1b/nme2b.1/atp5meb/atp5f1d/atp5mc3a/hint1/ran/nt5c2a/atp5pb/atp5mc3b/nudt4b/paics/gmps",16
"GO:0044770","cell cycle phase transition","16/676","182/18773",0.0879120879120879,2.441381104103,3.77649114267259,0.000923247895219431,0.0355108495994585,0.0314588171704399,"atm/swap70b/spdl1/fbxl15/tp53/cdc25b/mad2l1/bub3/cxcr4a/mastl/cenpf/cdk14/aurkb/ccna2/nabp1a/znf207b",16
"GO:0051303","establishment of chromosome localization","6/676","33/18773",0.181818181818182,5.04922001075847,4.49954789125972,0.00102851341189547,0.0357061737954129,0.0316318535308425,"spdl1/cenpf/si:ch211-161h7.4/aurkb/nuf2/znf207b",6
"GO:0006412","translation","31/676","473/18773",0.06553911205074,1.82006767829666,3.4912427611834,0.00103104282532544,0.0357061737954129,0.0316318535308425,"eef1b2/eif1axa/trim3a/eif3c/uqcc2/lrrc47/eif1b/ybx1/hars/eif3s6ip/eif3ea/rrn3/fibina/ssb/uba52/ncbp2/eif4e1c/cnot9/farsa/rbm8a/rack1/eef1g/faua/trim3b/eif3ba/eif2b1/eef1a1a/magoh/cnbpa/gfm1/tufm",31
"GO:0000375","RNA splicing, via transesterification reactions","19/676","238/18773",0.0798319327731092,2.2169894585053,3.65177765861204,0.00103985292484435,0.0357061737954129,0.0316318535308425,"snrpc/lsm7/snrpg/snrpd2/lsm8/snrpb/cirbpb/prpf39/ybx1/sf3b5/snrpe/prpf40a/ncbp2/rbm8a/snu13b/lsm6/magoh/sf3b6/rbmx2",19
"GO:0000377","RNA splicing, via transesterification reactions with bulged adenosine as nucleophile","19/676","238/18773",0.0798319327731092,2.2169894585053,3.65177765861204,0.00103985292484435,0.0357061737954129,0.0316318535308425,"snrpc/lsm7/snrpg/snrpd2/lsm8/snrpb/cirbpb/prpf39/ybx1/sf3b5/snrpe/prpf40a/ncbp2/rbm8a/snu13b/lsm6/magoh/sf3b6/rbmx2",19
"GO:0000398","mRNA splicing, via spliceosome","19/676","238/18773",0.0798319327731092,2.2169894585053,3.65177765861204,0.00103985292484435,0.0357061737954129,0.0316318535308425,"snrpc/lsm7/snrpg/snrpd2/lsm8/snrpb/cirbpb/prpf39/ybx1/sf3b5/snrpe/prpf40a/ncbp2/rbm8a/snu13b/lsm6/magoh/sf3b6/rbmx2",19
"GO:0098813","nuclear chromosome segregation","12/676","117/18773",0.102564102564103,2.84827795478683,3.87593312712522,0.00104849689649593,0.0357061737954129,0.0316318535308425,"spdl1/ran/mad2l1/bub3/cenpf/si:ch211-161h7.4/zgc:86764/smc2/aurkb/nuf2/nsl1/znf207b",12
"GO:0071806","protein transmembrane transport","7/676","45/18773",0.155555555555556,4.31988823142669,4.30932597285383,0.00104866470944641,0.0357061737954129,0.0316318535308425,"tomm40l/pex12/timm23a/pam16/pex10/sec61g/dnajc15",7
"GO:0006397","mRNA processing","24/676","334/18773",0.0718562874251497,1.99550012401233,3.54789858517611,0.00108923869136469,0.0364894961607172,0.0323257934211457,"snrpc/lsm7/snrpg/snrpd2/lsm8/snrpb/cirbpb/prpf39/ybx1/sf3b5/snrpe/prpf40a/ncbp2/nudt21/rbm8a/smndc1/pus7l/snu13b/elavl4/lsm6/slbp/magoh/sf3b6/rbmx2",24
"GO:0009117","nucleotide metabolic process","21/676","277/18773",0.075812274368231,2.10536069040651,3.58203907887498,0.00112396586431507,0.0370551920663872,0.032826939529202,"atp5mc1/dut/atp5pd/atp5l/atp5f1b/nme2b.1/atp5meb/atp5f1d/uck2b/atp5mc3a/hint1/dnph1/ran/cmpk/nt5c2a/atp5pb/atp5mc3b/si:ch211-243j20.2/nudt4b/paics/gmps",21
"GO:0009205","purine ribonucleoside triphosphate metabolic process","11/676","103/18773",0.106796116504854,2.96580398690182,3.86644638635686,0.00120230887596264,0.0387081932760396,0.0342913219200351,"atp5mc1/atp5pd/atp5l/atp5f1b/nme2b.1/atp5meb/atp5f1d/atp5mc3a/ran/atp5pb/atp5mc3b",11
"GO:0050000","chromosome localization","6/676","34/18773",0.176470588235294,4.90071353985381,4.3998273829473,0.00121137822000124,0.0387081932760396,0.0342913219200351,"spdl1/cenpf/si:ch211-161h7.4/aurkb/nuf2/znf207b",6
"GO:0007080","mitotic metaphase chromosome alignment","4/676","14/18773",0.285714285714286,7.93448858833474,5.01647834096428,0.00124981960507193,0.0393314442384,0.0348434556565508,"spdl1/si:ch211-161h7.4/aurkb/nuf2",4
"GO:0007059","chromosome segregation","16/676","189/18773",0.0846560846560847,2.35095958172881,3.60768812707885,0.00137553354245052,0.0426415398159662,0.0377758465389397,"gcna/cenpn/spdl1/ran/mad2l1/bub3/si:ch211-244o22.2/cenpf/si:ch211-161h7.4/zgc:86764/smc2/mapre1b/aurkb/nuf2/nsl1/znf207b",16
"GO:0060341","regulation of cellular localization","12/676","121/18773",0.0991735537190083,2.75412000586826,3.74123174762514,0.00140611506699818,0.0426870446732818,0.0378161589787378,"msna/oaz1b/uqcc2/chga/ncbp2/gpc5a/mesd/sergef/rack1/oaz1a/npc1/tax1bp3",12
"GO:0044743","protein transmembrane import into intracellular organelle","6/676","35/18773",0.171428571428571,4.76069315300084,4.30393428656535,0.00141810596170267,0.0426870446732818,0.0378161589787378,"tomm40l/pex12/timm23a/pam16/pex10/dnajc15",6
"GO:0006261","DNA-templated DNA replication","10/676","90/18773",0.111111111111111,3.08563445101907,3.83319989310743,0.00146635962171587,0.0435089847757695,0.0385443100565315,"orc4/poln/parp1/rfc4/atrxl/cenpx/gmnn/orc3/ssbp1/polq",10
"GO:0000086","G2/M transition of mitotic cell cycle","7/676","48/18773",0.145833333333333,4.04989521696253,4.08902675221537,0.00155021979923219,0.0453493876479613,0.0401747102899609,"atm/fbxl15/cdc25b/mastl/cenpf/aurkb/nabp1a",7
"GO:0009144","purine nucleoside triphosphate metabolic process","11/676","107/18773",0.102803738317757,2.85493280982138,3.71894511226628,0.00164165476522999,0.0471188553883803,0.0417422695785362,"atp5mc1/atp5pd/atp5l/atp5f1b/nme2b.1/atp5meb/atp5f1d/atp5mc3a/ran/atp5pb/atp5mc3b",11
"GO:1903531","negative regulation of secretion by cell","4/676","15/18773",0.266666666666667,7.40552268244576,4.79658632236293,0.00165607917349627,0.0471188553883803,0.0417422695785362,"rap1b/chga/sergef/rap1aa",4
"GO:0006695","cholesterol biosynthetic process","5/676","25/18773",0.2,5.55414201183432,4.40376797183306,0.0017405003411699,0.0482002561147983,0.0427002750367015,"hsd17b7/insig1/insig2/lbr/msmo1",5
"GO:1902653","secondary alcohol biosynthetic process","5/676","25/18773",0.2,5.55414201183432,4.40376797183306,0.0017405003411699,0.0482002561147983,0.0427002750367015,"hsd17b7/insig1/insig2/lbr/msmo1",5
"GO:0032880","regulation of protein localization","10/676","93/18773",0.10752688172043,2.9860978558249,3.71089792473268,0.00188134322832405,0.0500746256138635,0.0443607660710201,"msna/oaz1b/uqcc2/chga/gpc5a/mesd/sergef/rack1/oaz1a/tax1bp3",10
"GO:1901293","nucleoside phosphate biosynthetic process","17/676","214/18773",0.0794392523364486,2.20608444395288,3.4295145072554,0.00196910309298054,0.0500746256138635,0.0443607660710201,"atp5mc1/dut/atp5pd/atp5l/atp5f1b/nme2b.1/atp5meb/atp5f1d/uck2b/atp5mc3a/cmpk/gmppab/atp5pb/atp5mc3b/si:ch211-243j20.2/paics/gmps",17
"GO:0050657","nucleic acid transport","9/676","79/18773",0.113924050632911,3.16375177889297,3.72473338827652,0.00209748787647619,0.0500746256138635,0.0443607660710201,"ran/ybx1/ncbp2/sem1/nutf2l/ndc1/rbm8a/slbp/magoh",9
"GO:0050658","RNA transport","9/676","79/18773",0.113924050632911,3.16375177889297,3.72473338827652,0.00209748787647619,0.0500746256138635,0.0443607660710201,"ran/ybx1/ncbp2/sem1/nutf2l/ndc1/rbm8a/slbp/magoh",9
"GO:0051236","establishment of RNA localization","9/676","79/18773",0.113924050632911,3.16375177889297,3.72473338827652,0.00209748787647619,0.0500746256138635,0.0443607660710201,"ran/ybx1/ncbp2/sem1/nutf2l/ndc1/rbm8a/slbp/magoh",9
"GO:0006164","purine nucleotide biosynthetic process","12/676","127/18773",0.094488188976378,2.62400410007921,3.54912642189315,0.00212665687258867,0.0500746256138635,0.0443607660710201,"atp5mc1/atp5pd/atp5l/atp5f1b/nme2b.1/atp5meb/atp5f1d/atp5mc3a/atp5pb/atp5mc3b/paics/gmps",12
"GO:0007094","mitotic spindle assembly checkpoint signaling","4/676","16/18773",0.25,6.9426775147929,4.59606109563452,0.00214571096756565,0.0500746256138635,0.0443607660710201,"spdl1/mad2l1/bub3/znf207b",4
"GO:0031577","spindle checkpoint signaling","4/676","16/18773",0.25,6.9426775147929,4.59606109563452,0.00214571096756565,0.0500746256138635,0.0443607660710201,"spdl1/mad2l1/bub3/znf207b",4
"GO:0033046","negative regulation of sister chromatid segregation","4/676","16/18773",0.25,6.9426775147929,4.59606109563452,0.00214571096756565,0.0500746256138635,0.0443607660710201,"spdl1/mad2l1/bub3/znf207b",4
"GO:0033048","negative regulation of mitotic sister chromatid segregation","4/676","16/18773",0.25,6.9426775147929,4.59606109563452,0.00214571096756565,0.0500746256138635,0.0443607660710201,"spdl1/mad2l1/bub3/znf207b",4
"GO:0045841","negative regulation of mitotic metaphase/anaphase transition","4/676","16/18773",0.25,6.9426775147929,4.59606109563452,0.00214571096756565,0.0500746256138635,0.0443607660710201,"spdl1/mad2l1/bub3/znf207b",4
"GO:0071173","spindle assembly checkpoint signaling","4/676","16/18773",0.25,6.9426775147929,4.59606109563452,0.00214571096756565,0.0500746256138635,0.0443607660710201,"spdl1/mad2l1/bub3/znf207b",4
"GO:0071174","mitotic spindle checkpoint signaling","4/676","16/18773",0.25,6.9426775147929,4.59606109563452,0.00214571096756565,0.0500746256138635,0.0443607660710201,"spdl1/mad2l1/bub3/znf207b",4
"GO:2000816","negative regulation of mitotic sister chromatid separation","4/676","16/18773",0.25,6.9426775147929,4.59606109563452,0.00214571096756565,0.0500746256138635,0.0443607660710201,"spdl1/mad2l1/bub3/znf207b",4
"GO:0044839","cell cycle G2/M phase transition","7/676","51/18773",0.137254901960784,3.81166608655297,3.88595742170286,0.00222127414167607,0.0512620710251245,0.0454127157853775,"atm/fbxl15/cdc25b/mastl/cenpf/aurkb/nabp1a",7
"GO:0007015","actin filament organization","23/676","333/18773",0.0690690690690691,1.91809709117401,3.26704861762244,0.00228201063600793,0.0520850119888844,0.0461417535192813,"pfn1/cotl1/marcksl1a/tpm3/cfl1/coro1cb/tpm4a/cdc42ep1a/spire1a/capza1a/rhoaa/lcp1/cfl1l/tmsb1/arpc1b/zgc:101810/diaph3/arpc3/lmod1b/arpc4/marcksl1b/arpc5b/tagln2",23
"GO:1901990","regulation of mitotic cell cycle phase transition","10/676","96/18773",0.104166666666667,2.89278229783037,3.5934205759953,0.00238635190658321,0.053874488151884,0.0477270381316642,"atm/swap70b/spdl1/cdc25b/mad2l1/bub3/cenpf/aurkb/nabp1a/znf207b",10
"GO:0009123","nucleoside monophosphate metabolic process","7/676","52/18773",0.134615384615385,3.73836481565771,3.82167528545591,0.00248861407703144,0.0551776873427149,0.0488815333223859,"dut/uck2b/dnph1/nt5c2a/si:ch211-243j20.2/paics/gmps",7
"GO:0045010","actin nucleation","6/676","39/18773",0.153846153846154,4.27241693218025,3.95376638071389,0.00252377481827536,0.0551776873427149,0.0488815333223859,"spire1a/arpc1b/zgc:101810/arpc3/arpc4/arpc5b",6
"GO:0045732","positive regulation of protein catabolic process","6/676","39/18773",0.153846153846154,4.27241693218025,3.95376638071389,0.00252377481827536,0.0551776873427149,0.0488815333223859,"adam8a/oaz1b/dda1/cdc20/gsk3ba/oaz1a",6
"GO:0001732","formation of cytoplasmic translation initiation complex","4/676","17/18773",0.235294117647059,6.53428471980508,4.41205760966764,0.0027267447392936,0.0566344882351281,0.0501721032030023,"eif3c/eif3s6ip/eif3ea/eif3ba",4
"GO:0051048","negative regulation of secretion","4/676","17/18773",0.235294117647059,6.53428471980508,4.41205760966764,0.0027267447392936,0.0566344882351281,0.0501721032030023,"rap1b/chga/sergef/rap1aa",4
"GO:0051985","negative regulation of chromosome segregation","4/676","17/18773",0.235294117647059,6.53428471980508,4.41205760966764,0.0027267447392936,0.0566344882351281,0.0501721032030023,"spdl1/mad2l1/bub3/znf207b",4
"GO:1902100","negative regulation of metaphase/anaphase transition of cell cycle","4/676","17/18773",0.235294117647059,6.53428471980508,4.41205760966764,0.0027267447392936,0.0566344882351281,0.0501721032030023,"spdl1/mad2l1/bub3/znf207b",4
"GO:1905819","negative regulation of chromosome separation","4/676","17/18773",0.235294117647059,6.53428471980508,4.41205760966764,0.0027267447392936,0.0566344882351281,0.0501721032030023,"spdl1/mad2l1/bub3/znf207b",4
"GO:0051223","regulation of protein transport","5/676","28/18773",0.178571428571429,4.95905536770921,4.05184847856571,0.00294536356426832,0.0605695061681713,0.0536581084975614,"oaz1b/uqcc2/chga/sergef/oaz1a",5
"GO:0008154","actin polymerization or depolymerization","12/676","133/18773",0.0902255639097744,2.5056279752636,3.36779671952628,0.0031244309965381,0.0636219919589179,0.0563622846434323,"pfn1/cotl1/cfl1/cdc42ep1a/spire1a/capza1a/cfl1l/tmsb1/diaph3/arpc3/lmod1b/arpc5b",12
"GO:0006626","protein targeting to mitochondrion","6/676","41/18773",0.146341463414634,4.06400635012267,3.79590069593401,0.00327323416456481,0.0660049258233118,0.0584733093475656,"tomm40l/tomm5/timm13/timm23a/pam16/dnajc15",6
"GO:0008608","attachment of spindle microtubules to kinetochore","4/676","18/18773",0.222222222222222,6.17126890203813,4.24228818242032,0.00340700724719499,0.0673938481183238,0.0597037460460837,"si:ch211-161h7.4/aurkb/nuf2/znf207b",4
"GO:0034508","centromere complex assembly","4/676","18/18773",0.222222222222222,6.17126890203813,4.24228818242032,0.00340700724719499,0.0673938481183238,0.0597037460460837,"cenpn/cenpx/cenpo/si:ch211-161h7.4",4
"GO:0006403","RNA localization","9/676","85/18773",0.105882352941176,2.94042812391229,3.46538058737765,0.00347008252469365,0.0679939755074407,0.0602353947682672,"ran/ybx1/ncbp2/sem1/nutf2l/ndc1/rbm8a/slbp/magoh",9
"GO:0006886","intracellular protein transport","25/676","388/18773",0.0644329896907216,1.78934987494662,3.03653938003725,0.00378672077700263,0.0735048509704155,0.0651174413989236,"ap1s3b/tomm20a/oaz1b/arl5a/ran/rab5c/timm13/pex12/arf5/vps28/nutf2l/arf6a/mon1a/rims2b/exoc6b/tomm22/pex10/sec61g/tmed9/lrrc7/oaz1a/ap2m1a/tmed5/kpnb3/tmed2",25
"GO:0006221","pyrimidine nucleotide biosynthetic process","5/676","30/18773",0.166666666666667,4.6284516765286,3.84403865194171,0.00402528941609395,0.0759337559392427,0.0672691915879666,"dut/nme2b.1/uck2b/cmpk/si:ch211-243j20.2",5
"GO:0033045","regulation of sister chromatid segregation","5/676","30/18773",0.166666666666667,4.6284516765286,3.84403865194171,0.00402528941609395,0.0759337559392427,0.0672691915879666,"spdl1/mad2l1/bub3/aurkb/znf207b",5
"GO:0034314","Arp2/3 complex-mediated actin nucleation","5/676","30/18773",0.166666666666667,4.6284516765286,3.84403865194171,0.00402528941609395,0.0759337559392427,0.0672691915879666,"arpc1b/zgc:101810/arpc3/arpc4/arpc5b",5
"GO:0045814","negative regulation of gene expression, epigenetic","9/676","87/18773",0.103448275862069,2.87283207508672,3.38396311261015,0.00405808710123059,0.0759337559392427,0.0672691915879666,"h2az2b/h2ax1/pphln1/h2ax/bmi1b/h2az2a/dnmt1/cbx5/cbx3a",9
"GO:0045292","mRNA cis splicing, via spliceosome","4/676","19/18773",0.210526315789474,5.84646527561507,4.0848891673545,0.00419407332645157,0.0777775919557135,0.0689026332202758,"snrpc/prpf39/prpf40a/ncbp2",4
"GO:0006457","protein folding","13/676","156/18773",0.0833333333333333,2.3142258382643,3.1856846191943,0.00426993746865843,0.0784837178973767,0.0695281853303674,"ppib/ppiab/fkbp2/pfdn4/tcp1/pdia4/nudcd2/mesd/dnajb12a/ppil2/clgn/arl2/calr",13
"GO:0046034","ATP metabolic process","9/676","88/18773",0.102272727272727,2.84018625605164,3.34412032369305,0.00437986990056839,0.0797981559954433,0.0706926369916301,"atp5mc1/atp5pd/atp5l/atp5f1b/atp5meb/atp5f1d/atp5mc3a/atp5pb/atp5mc3b",9
"GO:0051315","attachment of mitotic spindle microtubules to kinetochore","3/676","10/18773",0.3,8.33121301775148,4.48177476482514,0.00461474680279341,0.0833463400817557,0.0738359488446945,"si:ch211-161h7.4/aurkb/nuf2",3
"GO:0006888","endoplasmic reticulum to Golgi vesicle-mediated transport","9/676","89/18773",0.101123595505618,2.80827405092746,3.3048340129353,0.00472119560173591,0.0845338212483231,0.0748879302344316,"golt1bb/gosr1/lman2/sec22ba/tmed9/tmed5/trip11/trappc1/tmed2",9
"GO:0018279","protein N-linked glycosylation via asparagine","4/676","20/18773",0.2,5.55414201183432,3.93832468589635,0.00509522390785164,0.0881898338050655,0.0781267665870585,"rpn1/ddost/alg2/alg12",4
"GO:0030150","protein import into mitochondrial matrix","4/676","20/18773",0.2,5.55414201183432,3.93832468589635,0.00509522390785164,0.0881898338050655,0.0781267665870585,"tomm40l/timm23a/pam16/dnajc15",4
"GO:0032507","maintenance of protein location in cell","4/676","20/18773",0.2,5.55414201183432,3.93832468589635,0.00509522390785164,0.0881898338050655,0.0781267665870585,"insig1/insig2/tmsb1/rer1",4
"GO:0035622","intrahepatic bile duct development","4/676","20/18773",0.2,5.55414201183432,3.93832468589635,0.00509522390785164,0.0881898338050655,0.0781267665870585,"zeb2b/atp6ap2/arf6a/dnmt1",4
"GO:1901987","regulation of cell cycle phase transition","12/676","142/18773",0.0845070422535211,2.3468205683807,3.1135880878735,0.0053001889281676,0.0905409675105407,0.0802096197493476,"atm/swap70b/spdl1/tp53/cdc25b/mad2l1/bub3/cenpf/cdk14/aurkb/nabp1a/znf207b",12
"GO:0006220","pyrimidine nucleotide metabolic process","5/676","32/18773",0.15625,4.33917344674556,3.65378437775683,0.0053618387115053,0.0905409675105407,0.0802096197493476,"dut/nme2b.1/uck2b/cmpk/si:ch211-243j20.2",5
"GO:0072528","pyrimidine-containing compound biosynthetic process","5/676","32/18773",0.15625,4.33917344674556,3.65378437775683,0.0053618387115053,0.0905409675105407,0.0802096197493476,"dut/nme2b.1/uck2b/cmpk/si:ch211-243j20.2",5
"GO:0071407","cellular response to organic cyclic compound","9/676","91/18773",0.0989010989010989,2.74655374211587,3.22787191678374,0.00546560445753604,0.0915488746637286,0.0811025177569864,"rap1b/anxa1a/insig1/ahr1b/insig2/cnot9/nsg2/rap1aa/vhl",9
"GO:0070585","protein localization to mitochondrion","6/676","46/18773",0.130434782608696,3.62226652945716,3.44149362819264,0.00586087750709412,0.0943329931534837,0.083568949158599,"tomm40l/tomm5/timm13/timm23a/pam16/dnajc15",6
"GO:0072655","establishment of protein localization to mitochondrion","6/676","46/18773",0.130434782608696,3.62226652945716,3.44149362819264,0.00586087750709412,0.0943329931534837,0.083568949158599,"tomm40l/tomm5/timm13/timm23a/pam16/dnajc15",6
"GO:0006694","steroid biosynthetic process","8/676","76/18773",0.105263157894737,2.92323263780754,3.24696778789661,0.00593139289115019,0.0943329931534837,0.083568949158599,"ch25h/hsd17b7/insig1/insig2/fgfr4/lbr/msmo1/hmgcra",8
"GO:0019941","modification-dependent protein catabolic process","26/676","424/18773",0.0613207547169811,1.70292089985486,2.82949227019035,0.00605709993444284,0.0943329931534837,0.083568949158599,"psmc2/rbx1/psmb6/ube2l3a/trim3a/psmb7/ubc/cdc26/dda1/cdc34a/psma1/fbxl15/psmc1a/kctd5a/ndfip1l/uba52/rnf8/cdc20/vps28/trim3b/ppp1r11/gsk3ba/fbxl18/fbxl5/amn1/ube2d1a",26
"GO:0000413","protein peptidyl-prolyl isomerization","4/676","21/18773",0.19047619047619,5.28965905888983,3.80131582545507,0.00611741039172683,0.0943329931534837,0.083568949158599,"ppib/ppiab/fkbp2/ppil2",4
"GO:0010965","regulation of mitotic sister chromatid separation","4/676","21/18773",0.19047619047619,5.28965905888983,3.80131582545507,0.00611741039172683,0.0943329931534837,0.083568949158599,"spdl1/mad2l1/bub3/znf207b",4
"GO:0045839","negative regulation of mitotic nuclear division","4/676","21/18773",0.19047619047619,5.28965905888983,3.80131582545507,0.00611741039172683,0.0943329931534837,0.083568949158599,"spdl1/mad2l1/bub3/znf207b",4
"GO:2001251","negative regulation of chromosome organization","4/676","21/18773",0.19047619047619,5.28965905888983,3.80131582545507,0.00611741039172683,0.0943329931534837,0.083568949158599,"spdl1/mad2l1/bub3/znf207b",4
"GO:0070201","regulation of establishment of protein localization","5/676","33/18773",0.151515151515152,4.20768334229873,3.56442099474008,0.00613564680072133,0.0943329931534837,0.083568949158599,"oaz1b/uqcc2/chga/sergef/oaz1a",5
"GO:0036089","cleavage furrow formation","3/676","11/18773",0.272727272727273,7.57383001613771,4.21502907165983,0.0061768353725921,0.0943329931534837,0.083568949158599,"dchs1b/spire1a/aurkb",3
"GO:0051383","kinetochore organization","3/676","11/18773",0.272727272727273,7.57383001613771,4.21502907165983,0.0061768353725921,0.0943329931534837,0.083568949158599,"cenpx/si:ch211-161h7.4/nuf2",3
"GO:0051597","response to methylmercury","3/676","11/18773",0.272727272727273,7.57383001613771,4.21502907165983,0.0061768353725921,0.0943329931534837,0.083568949158599,"sod1/tp53/jun",3
"GO:0043632","modification-dependent macromolecule catabolic process","26/676","426/18773",0.0610328638497653,1.69492596605273,2.80405247080354,0.00642651716329486,0.0974297529063023,0.0863123473026463,"psmc2/rbx1/psmb6/ube2l3a/trim3a/psmb7/ubc/cdc26/dda1/cdc34a/psma1/fbxl15/psmc1a/kctd5a/ndfip1l/uba52/rnf8/cdc20/vps28/trim3b/ppp1r11/gsk3ba/fbxl18/fbxl5/amn1/ube2d1a",26
"GO:0051247","positive regulation of protein metabolic process","12/676","147/18773",0.0816326530612245,2.26699673952421,2.98057251874912,0.00694936809471531,0.104593025599447,0.0926582412628708,"adam8a/oaz1b/uqcc2/dda1/tp53/ndfip1l/ssb/cdc20/gsk3ba/oaz1a/prrc1/cnbpa",12
"GO:1901617","organic hydroxy compound biosynthetic process","10/676","112/18773",0.0892857142857143,2.47952768385461,3.03521862295914,0.00719219259428114,0.104819624717789,0.0928589838616912,"gch2/ch25h/hsd17b7/insig1/insig2/fgfr4/gch1/lbr/msmo1/hmgcra",10
"GO:0006120","mitochondrial electron transport, NADH to ubiquinone","4/676","22/18773",0.181818181818182,5.04922001075847,3.67278770111505,0.00726722482395844,0.104819624717789,0.0928589838616912,"ndufb6/ndufs6/ndufs2/ndufb9",4
"GO:0006123","mitochondrial electron transport, cytochrome c to oxygen","4/676","22/18773",0.181818181818182,5.04922001075847,3.67278770111505,0.00726722482395844,0.104819624717789,0.0928589838616912,"cox5aa/cox4i1/cox8a/cox6a1",4
"GO:0018208","peptidyl-proline modification","4/676","22/18773",0.181818181818182,5.04922001075847,3.67278770111505,0.00726722482395844,0.104819624717789,0.0928589838616912,"ppib/ppiab/fkbp2/ppil2",4
"GO:0051306","mitotic sister chromatid separation","4/676","22/18773",0.181818181818182,5.04922001075847,3.67278770111505,0.00726722482395844,0.104819624717789,0.0928589838616912,"spdl1/mad2l1/bub3/znf207b",4
"GO:1901659","glycosyl compound biosynthetic process","4/676","22/18773",0.181818181818182,5.04922001075847,3.67278770111505,0.00726722482395844,0.104819624717789,0.0928589838616912,"dnph1/ada2b/tyw3/tyw5",4
"GO:0000075","cell cycle checkpoint signaling","8/676","79/18773",0.10126582278481,2.81222380346041,3.11960483343056,0.00747450324137462,0.106791515033367,0.0946058679159341,"atm/spdl1/tp53/mad2l1/bub3/aurkb/nabp1a/znf207b",8
"GO:0006399","tRNA metabolic process","13/676","167/18773",0.0778443113772455,2.16179180101336,2.91464296147807,0.00750676995419912,0.106791515033367,0.0946058679159341,"lrrc47/elp5/hars/polr2eb/ptcd1/ssb/polr2f/farsa/elp6/tyw3/lsm6/tyw5/trmt9b",13
"GO:0006753","nucleoside phosphate metabolic process","24/676","389/18773",0.0616966580976864,1.71336000365069,2.74782378469666,0.00759198793284629,0.107269108411713,0.0950289646016134,"atp5mc1/dut/atp5pd/atp5l/atp5f1b/nme2b.1/atp5meb/atp5f1d/uck2b/atp5mc3a/hint1/dnph1/ran/cmpk/nt5c2a/suclg2/gmppab/atp5pb/atp5mc3b/si:ch211-243j20.2/nudt4b/paics/gmps/hmgcra",24
"GO:0032386","regulation of intracellular transport","5/676","35/18773",0.142857142857143,3.96724429416737,3.3958698396044,0.00791241740219688,0.110281414251264,0.0976975456053567,"msna/oaz1b/ncbp2/oaz1a/npc1",5
"GO:0071697","ectodermal placode morphogenesis","5/676","35/18773",0.142857142857143,3.96724429416737,3.3958698396044,0.00791241740219688,0.110281414251264,0.0976975456053567,"lrrn1/msx1b/tfap2a/st8sia6/pax2a",5
"GO:0006487","protein N-linked glycosylation","6/676","49/18773",0.122448979591837,3.40049510928632,3.25180786262914,0.0079924300152504,0.110281414251264,0.0976975456053567,"dad1/rpn1/ddost/alg2/alg12/krtcap2",6
"GO:1903828","negative regulation of protein localization","3/676","12/18773",0.25,6.9426775147929,3.97988132654037,0.00801757031870047,0.110281414251264,0.0976975456053567,"chga/sergef/tax1bp3",3
"GO:0009147","pyrimidine nucleoside triphosphate metabolic process","4/676","23/18773",0.173913043478261,4.82968870594289,3.55182928379929,0.00855087535950024,0.114581729817303,0.101507165557938,"dut/nme2b.1/uck2b/si:ch211-243j20.2",4
"GO:0030071","regulation of mitotic metaphase/anaphase transition","4/676","23/18773",0.173913043478261,4.82968870594289,3.55182928379929,0.00855087535950024,0.114581729817303,0.101507165557938,"spdl1/mad2l1/bub3/znf207b",4
"GO:0032506","cytokinetic process","4/676","23/18773",0.173913043478261,4.82968870594289,3.55182928379929,0.00855087535950024,0.114581729817303,0.101507165557938,"dchs1b/spire1a/anln/aurkb",4
"GO:0061009","common bile duct development","4/676","23/18773",0.173913043478261,4.82968870594289,3.55182928379929,0.00855087535950024,0.114581729817303,0.101507165557938,"zeb2b/atp6ap2/arf6a/dnmt1",4
"GO:0010564","regulation of cell cycle process","16/676","229/18773",0.0698689956331878,1.94031161985478,2.76702550538102,0.00896530923965164,0.119365046735618,0.105744673083071,"gcna/atm/swap70b/spdl1/tp53/cdc25b/mad2l1/npm1a/ranbp1/bub3/si:ch211-244o22.2/cenpf/cdk14/aurkb/nabp1a/znf207b",16
"GO:0016125","sterol metabolic process","8/676","82/18773",0.0975609756097561,2.70933756674845,2.99808417726072,0.0093019306752818,0.122279177294685,0.108326281281763,"ch25h/hsd17b7/insig1/apof/insig2/lbr/msmo1/hmgcra",8
"GO:1902652","secondary alcohol metabolic process","8/676","82/18773",0.0975609756097561,2.70933756674845,2.99808417726072,0.0093019306752818,0.122279177294685,0.108326281281763,"ch25h/hsd17b7/insig1/idh2/apof/insig2/lbr/msmo1",8
"GO:0006163","purine nucleotide metabolic process","16/676","231/18773",0.0692640692640693,1.92351238505085,2.72957953372615,0.0096974005945576,0.125304415137703,0.111006318658341,"atp5mc1/atp5pd/atp5l/atp5f1b/nme2b.1/atp5meb/atp5f1d/atp5mc3a/hint1/ran/nt5c2a/atp5pb/atp5mc3b/nudt4b/paics/gmps",16
"GO:0051604","protein maturation","22/676","355/18773",0.0619718309859155,1.72100175014585,2.65066344411012,0.00980955026742035,0.125304415137703,0.111006318658341,"ppib/ppiab/fkbp2/pfdn4/tcp1/cpe/dohh/pdia4/spcs1/pigb/nudcd2/mesd/naa50/sec11a/dnajb12a/dpm2/ppil2/clgn/arl2/pisd/zmpste24/calr",22
"GO:1902099","regulation of metaphase/anaphase transition of cell cycle","4/676","24/18773",0.166666666666667,4.6284516765286,3.43766250615852,0.00997416653490041,0.125304415137703,0.111006318658341,"spdl1/mad2l1/bub3/znf207b",4
"GO:1905818","regulation of chromosome separation","4/676","24/18773",0.166666666666667,4.6284516765286,3.43766250615852,0.00997416653490041,0.125304415137703,0.111006318658341,"spdl1/mad2l1/bub3/znf207b",4
"GO:0070482","response to oxygen levels","8/676","83/18773",0.0963855421686747,2.67669494546232,2.95878751972706,0.00997934617664921,0.125304415137703,0.111006318658341,"ppiab/atp5meb/cox4i1/tp53/epas1a/vhl/atp6v0d1/npc1",8
"GO:0007088","regulation of mitotic nuclear division","5/676","37/18773",0.135135135135135,3.75279865664481,3.23938225165729,0.0100178934852889,0.125304415137703,0.111006318658341,"spdl1/mad2l1/bub3/si:ch211-244o22.2/znf207b",5
"GO:0009303","rRNA transcription","3/676","13/18773",0.230769230769231,6.40862539827037,3.77022691885028,0.0101472146045195,0.125304415137703,0.111006318658341,"polr1d/polr2eb/ncl",3
"GO:0036010","protein localization to endosome","3/676","13/18773",0.230769230769231,6.40862539827037,3.77022691885028,0.0101472146045195,0.125304415137703,0.111006318658341,"msna/arf6a/lrrc7",3
"GO:0071698","olfactory placode development","3/676","13/18773",0.230769230769231,6.40862539827037,3.77022691885028,0.0101472146045195,0.125304415137703,0.111006318658341,"lrrn1/tfap2a/st8sia6",3
"GO:0098869","cellular oxidant detoxification","3/676","13/18773",0.230769230769231,6.40862539827037,3.77022691885028,0.0101472146045195,0.125304415137703,0.111006318658341,"prdx2/sod1/prdx6",3
"GO:0051028","mRNA transport","7/676","67/18773",0.104477611940299,2.90141746886867,3.01335114936723,0.0101956890506846,0.125304415137703,0.111006318658341,"ncbp2/sem1/nutf2l/ndc1/rbm8a/slbp/magoh",7
"GO:0006338","chromatin remodeling","18/676","273/18773",0.0659340659340659,1.83103582807725,2.67325590363894,0.0102696364794578,0.125470793928434,0.111153712483543,"h2az2b/cenpn/atrxl/brd2a/h2ax1/pphln1/npm1a/rnf8/h2ax/seta/supt4h1/smarcb1b/bmi1b/h2az2a/dnmt1/cbx5/h1-10/cbx3a",18
"GO:0055086","nucleobase-containing small molecule metabolic process","25/676","423/18773",0.0591016548463357,1.64129492075482,2.57831085547515,0.0108961561745216,0.132346879382932,0.117245189246314,"atp5mc1/dut/atp5pd/atp5l/atp5f1b/nme2b.1/atp5meb/atp5f1d/uck2b/atp5mc3a/hint1/dnph1/ran/cmpk/ada2b/nt5c2a/suclg2/gmppab/atp5pb/atp5mc3b/si:ch211-243j20.2/nudt4b/paics/gmps/hmgcra",25
"GO:0040029","epigenetic regulation of gene expression","10/676","120/18773",0.0833333333333333,2.3142258382643,2.79133272261185,0.0114471804625007,0.138231359422174,0.122458209598845,"h2az2b/h2ax1/pphln1/rnf8/h2ax/bmi1b/h2az2a/dnmt1/cbx5/cbx3a",10
"GO:0045185","maintenance of protein location","4/676","25/18773",0.16,4.44331360946746,3.32961821369336,0.0115424839051348,0.138576526421763,0.12276399066733,"insig1/insig2/tmsb1/rer1",4
"GO:0051246","regulation of protein metabolic process","26/676","448/18773",0.0580357142857143,1.61169299450549,2.53265392505954,0.0118663776790077,0.140453549388056,0.124426832389997,"adam8a/trim3a/oaz1b/tfpia/uqcc2/dda1/ybx1/appa/tp53/wfikkn1/ndfip1l/ssb/ncbp2/cdc20/lamtor5/cnot9/rbm8a/rack1/gfap/trim3b/gsk3ba/magoh/oaz1a/prrc1/cnbpa/socs1a",26
"GO:0048701","embryonic cranial skeleton morphogenesis","13/676","177/18773",0.0734463276836158,2.0396566710126,2.68591420798697,0.0119016970112171,0.140453549388056,0.124426832389997,"rap1b/polr1d/eif3ea/cxcr4a/msx1b/tfap2a/hand2/ndnf/cnbpa/mab21l2/wdr43/zic2b/smc1al",13
"GO:0072522","purine-containing compound biosynthetic process","13/676","177/18773",0.0734463276836158,2.0396566710126,2.68591420798697,0.0119016970112171,0.140453549388056,0.124426832389997,"atp5mc1/atp5pd/atp5l/atp5f1b/nme2b.1/atp5meb/atp5f1d/atp5mc3a/ada2b/atp5pb/atp5mc3b/paics/gmps",13
"GO:0010389","regulation of G2/M transition of mitotic cell cycle","5/676","39/18773",0.128205128205128,3.56034744348354,3.09343700842163,0.0124784498134838,0.14589795851245,0.129249996948921,"atm/cdc25b/cenpf/aurkb/nabp1a",5
"GO:0009129","pyrimidine nucleoside monophosphate metabolic process","3/676","14/18773",0.214285714285714,5.95086644125106,3.58150625747976,0.0125737768770961,0.14589795851245,0.129249996948921,"dut/uck2b/si:ch211-243j20.2",3
"GO:0009130","pyrimidine nucleoside monophosphate biosynthetic process","3/676","14/18773",0.214285714285714,5.95086644125106,3.58150625747976,0.0125737768770961,0.14589795851245,0.129249996948921,"dut/uck2b/si:ch211-243j20.2",3
"GO:0000209","protein polyubiquitination","10/676","122/18773",0.0819672131147541,2.27628770976816,2.73339734963896,0.012759625545467,0.146503433650352,0.129786383204934,"ube2v2/ube2l3a/trim3a/cdc26/dda1/cdc34a/rnf8/bard1/trim3b/ube2d1a",10
"GO:0016071","mRNA metabolic process","27/676","474/18773",0.0569620253164557,1.58187588944648,2.47988294599429,0.013138254499209,0.146503433650352,0.129786383204934,"snrpc/lsm7/snrpg/snrpd2/lsm8/snrpb/cirbpb/prpf39/ybx1/sf3b5/snrpe/prpf40a/ncbp2/sb:cb81/cnot9/nudt21/rbm8a/smndc1/pus7l/zgc:162730/snu13b/elavl4/lsm6/slbp/magoh/sf3b6/rbmx2",27
"GO:0000387","spliceosomal snRNP assembly","4/676","26/18773",0.153846153846154,4.27241693218025,3.22711723637417,0.0132607826318085,0.146503433650352,0.129786383204934,"snrpc/snrpg/snrpd2/snrpe",4
"GO:0007091","metaphase/anaphase transition of mitotic cell cycle","4/676","26/18773",0.153846153846154,4.27241693218025,3.22711723637417,0.0132607826318085,0.146503433650352,0.129786383204934,"spdl1/mad2l1/bub3/znf207b",4
"GO:0009220","pyrimidine ribonucleotide biosynthetic process","4/676","26/18773",0.153846153846154,4.27241693218025,3.22711723637417,0.0132607826318085,0.146503433650352,0.129786383204934,"nme2b.1/uck2b/cmpk/si:ch211-243j20.2",4
"GO:0017004","cytochrome complex assembly","4/676","26/18773",0.153846153846154,4.27241693218025,3.22711723637417,0.0132607826318085,0.146503433650352,0.129786383204934,"coa5/uqcc2/pet100/uqcc1",4
"GO:0045047","protein targeting to ER","4/676","26/18773",0.153846153846154,4.27241693218025,3.22711723637417,0.0132607826318085,0.146503433650352,0.129786383204934,"spcs1/ssr3/srprb/sec61g",4
"GO:0051784","negative regulation of nuclear division","4/676","26/18773",0.153846153846154,4.27241693218025,3.22711723637417,0.0132607826318085,0.146503433650352,0.129786383204934,"spdl1/mad2l1/bub3/znf207b",4
"GO:0071453","cellular response to oxygen levels","4/676","26/18773",0.153846153846154,4.27241693218025,3.22711723637417,0.0132607826318085,0.146503433650352,0.129786383204934,"tp53/epas1a/vhl/atp6v0d1",4
"GO:0030041","actin filament polymerization","10/676","123/18773",0.0813008130081301,2.25778130562371,2.70485258357208,0.0134567947088468,0.147882341853306,0.131007948488244,"pfn1/cotl1/cdc42ep1a/spire1a/capza1a/tmsb1/diaph3/arpc3/lmod1b/arpc5b",10
"GO:0032868","response to insulin","6/676","55/18773",0.109090909090909,3.02953200645508,2.91321713353522,0.0138343523878407,0.151231315313395,0.133974781019089,"insig1/grb10b/insig2/gsk3ba/pik3r1/socs1a",6
"GO:0042176","regulation of protein catabolic process","7/676","72/18773",0.0972222222222222,2.69993014464168,2.79312412465508,0.0148231200196393,0.155963883489749,0.138167330583119,"adam8a/oaz1b/dda1/cdc20/gfap/gsk3ba/oaz1a",7
"GO:0045786","negative regulation of cell cycle","10/676","125/18773",0.08,2.22165680473373,2.64858199367471,0.0149363241084967,0.155963883489749,0.138167330583119,"atm/spdl1/tp53/mad2l1/bub3/gmnn/aurkb/nabp1a/nupr1b/znf207b",10
"GO:0009218","pyrimidine ribonucleotide metabolic process","4/676","27/18773",0.148148148148148,4.11417926802542,3.12965533902431,0.0151335796395623,0.155963883489749,0.138167330583119,"nme2b.1/uck2b/cmpk/si:ch211-243j20.2",4
"GO:0010212","response to ionizing radiation","4/676","27/18773",0.148148148148148,4.11417926802542,3.12965533902431,0.0151335796395623,0.155963883489749,0.138167330583119,"tp53/rnf8/inip/nabp1a",4
"GO:0044784","metaphase/anaphase transition of cell cycle","4/676","27/18773",0.148148148148148,4.11417926802542,3.12965533902431,0.0151335796395623,0.155963883489749,0.138167330583119,"spdl1/mad2l1/bub3/znf207b",4
"GO:0051304","chromosome separation","4/676","27/18773",0.148148148148148,4.11417926802542,3.12965533902431,0.0151335796395623,0.155963883489749,0.138167330583119,"spdl1/mad2l1/bub3/znf207b",4
"GO:0072599","establishment of protein localization to endoplasmic reticulum","4/676","27/18773",0.148148148148148,4.11417926802542,3.12965533902431,0.0151335796395623,0.155963883489749,0.138167330583119,"spcs1/ssr3/srprb/sec61g",4
"GO:0021603","cranial nerve formation","3/676","15/18773",0.2,5.55414201183432,3.41023463142625,0.0153032013029961,0.155963883489749,0.138167330583119,"lrrn1/tuba1a/st8sia6",3
"GO:0030947","regulation of vascular endothelial growth factor receptor signaling pathway","3/676","15/18773",0.2,5.55414201183432,3.41023463142625,0.0153032013029961,0.155963883489749,0.138167330583119,"rab5c/tmem33/vhl",3
"GO:0042559","pteridine-containing compound biosynthetic process","3/676","15/18773",0.2,5.55414201183432,3.41023463142625,0.0153032013029961,0.155963883489749,0.138167330583119,"gch2/mthfs/gch1",3
"GO:0046653","tetrahydrofolate metabolic process","3/676","15/18773",0.2,5.55414201183432,3.41023463142625,0.0153032013029961,0.155963883489749,0.138167330583119,"gch2/mthfs/gch1",3
"GO:0060837","blood vessel endothelial cell differentiation","3/676","15/18773",0.2,5.55414201183432,3.41023463142625,0.0153032013029961,0.155963883489749,0.138167330583119,"nr2f2/ada2b/stab2",3
"GO:0000281","mitotic cytokinesis","5/676","41/18773",0.121951219512195,3.38667195843556,2.9567725104842,0.0153185518689979,0.155963883489749,0.138167330583119,"dchs1b/arl3b/anln/aurkb/snap25a",5
"GO:0030490","maturation of SSU-rRNA","5/676","41/18773",0.121951219512195,3.38667195843556,2.9567725104842,0.0153185518689979,0.155963883489749,0.138167330583119,"tsr2/riok2/snu13b/lsm6/wdr43",5
"GO:0006511","ubiquitin-dependent protein catabolic process","24/676","414/18773",0.0579710144927536,1.6098962353143,2.42525238194892,0.0154046087445017,0.156074987133318,0.138265756536016,"psmc2/rbx1/psmb6/ube2l3a/trim3a/psmb7/cdc26/dda1/cdc34a/psma1/fbxl15/psmc1a/kctd5a/ndfip1l/rnf8/cdc20/vps28/trim3b/ppp1r11/gsk3ba/fbxl18/fbxl5/amn1/ube2d1a",24
"GO:0002011","morphogenesis of an epithelial sheet","9/676","108/18773",0.0833333333333333,2.3142258382643,2.64723934835411,0.0159952815293661,0.161272814254822,0.142870475796279,"pfn1/cfl1/epcam/afap1l2/rhoaa/pax2a/chuk/mab21l2/npc1",9
"GO:1902749","regulation of cell cycle G2/M phase transition","5/676","42/18773",0.119047619047619,3.30603691180614,2.8915835499408,0.0168879899389849,0.169450990837061,0.15011546612431,"atm/cdc25b/cenpf/aurkb/nabp1a",5
"GO:0061640","cytoskeleton-dependent cytokinesis","7/676","74/18773",0.0945945945945946,2.62695905965137,2.71024543264296,0.0170370752274005,0.169769519251278,0.150397648253419,"dctn3/dchs1b/spire1a/arl3b/anln/aurkb/snap25a",7
"GO:0042254","ribosome biogenesis","15/676","226/18773",0.0663716814159292,1.84318872074148,2.46471949115043,0.0171406231998966,0.169769519251278,0.150397648253419,"polr1d/nop10/ran/znf593/nhp2/npm1a/ncl/tsr2/riok2/snu13b/lsm6/tma16/wdr43/nop2/fcf1",15
"GO:0002183","cytoplasmic translational initiation","4/676","28/18773",0.142857142857143,3.96724429416737,3.0367911438964,0.0171649489854446,0.169769519251278,0.150397648253419,"eif3c/eif3s6ip/eif3ea/eif3ba",4
"GO:0006325","chromatin organization","22/676","375/18773",0.0586666666666667,1.62921499013807,2.37878238934703,0.0175088371560675,0.171333963836306,0.151783578940204,"h2az2b/hmgn2/cenpn/atrxl/banf1/brd2a/h2ax1/setd1ba/pphln1/npm1a/rnf8/h2ax/seta/supt4h1/smarcb1b/bmi1b/ing1/h2az2a/dnmt1/cbx5/h1-10/cbx3a",22
"GO:0007093","mitotic cell cycle checkpoint signaling","6/676","58/18773",0.103448275862069,2.87283207508672,2.76085276990295,0.0176558890650497,0.171333963836306,0.151783578940204,"spdl1/mad2l1/bub3/aurkb/nabp1a/znf207b",6
"GO:1901991","negative regulation of mitotic cell cycle phase transition","6/676","58/18773",0.103448275862069,2.87283207508672,2.76085276990295,0.0176558890650497,0.171333963836306,0.151783578940204,"spdl1/mad2l1/bub3/aurkb/nabp1a/znf207b",6
"GO:0010498","proteasomal protein catabolic process","20/676","333/18773",0.0600600600600601,1.66791051406436,2.37675965063685,0.0181938525186168,0.171333963836306,0.151783578940204,"psmc2/psmb6/trim3a/psmb7/cdc26/dda1/psma1/fbxl15/psmc1a/kctd5a/cdc20/trim3b/clgn/sel1l/gsk3ba/fbxl18/fbxl5/rnf175/amn1/calr",20
"GO:0008203","cholesterol metabolic process","7/676","75/18773",0.0933333333333333,2.59193293885602,2.66982718204593,0.0182272753669763,0.171333963836306,0.151783578940204,"ch25h/hsd17b7/insig1/apof/insig2/lbr/msmo1",7
"GO:0031507","heterochromatin formation","7/676","75/18773",0.0933333333333333,2.59193293885602,2.66982718204593,0.0182272753669763,0.171333963836306,0.151783578940204,"h2az2b/h2ax1/h2ax/h2az2a/dnmt1/cbx5/cbx3a",7
"GO:0002098","tRNA wobble uridine modification","3/676","16/18773",0.1875,5.20700813609467,3.25369606127727,0.0183395452265569,0.171333963836306,0.151783578940204,"elp5/elp6/trmt9b",3
"GO:0003159","morphogenesis of an endothelium","3/676","16/18773",0.1875,5.20700813609467,3.25369606127727,0.0183395452265569,0.171333963836306,0.151783578940204,"marcksl1a/msna/marcksl1b",3
"GO:0006491","N-glycan processing","3/676","16/18773",0.1875,5.20700813609467,3.25369606127727,0.0183395452265569,0.171333963836306,0.151783578940204,"hexa/st8sia6/prkcsh",3
"GO:0061154","endothelial tube morphogenesis","3/676","16/18773",0.1875,5.20700813609467,3.25369606127727,0.0183395452265569,0.171333963836306,0.151783578940204,"marcksl1a/msna/marcksl1b",3
"GO:0072554","blood vessel lumenization","3/676","16/18773",0.1875,5.20700813609467,3.25369606127727,0.0183395452265569,0.171333963836306,0.151783578940204,"marcksl1a/msna/marcksl1b",3
"GO:2000300","regulation of synaptic vesicle exocytosis","3/676","16/18773",0.1875,5.20700813609467,3.25369606127727,0.0183395452265569,0.171333963836306,0.151783578940204,"rap1b/rims2b/rap1aa",3
"GO:0051783","regulation of nuclear division","5/676","43/18773",0.116279069767442,3.22915233246181,2.82833217652828,0.0185604919899705,0.171333963836306,0.151783578940204,"spdl1/mad2l1/bub3/si:ch211-244o22.2/znf207b",5
"GO:0071696","ectodermal placode development","5/676","43/18773",0.116279069767442,3.22915233246181,2.82833217652828,0.0185604919899705,0.171333963836306,0.151783578940204,"lrrn1/msx1b/tfap2a/st8sia6/pax2a",5
"GO:0170036","import into the mitochondrion","5/676","43/18773",0.116279069767442,3.22915233246181,2.82833217652828,0.0185604919899705,0.171333963836306,0.151783578940204,"tomm40l/timm23a/pam16/dnajc15/vdac2",5
"GO:0048703","embryonic viscerocranium morphogenesis","9/676","111/18773",0.0810810810810811,2.25167919398689,2.55623488649299,0.0188157408731724,0.17292165395389,0.153190102684236,"polr1d/eif3ea/cxcr4a/msx1b/hand2/cnbpa/wdr43/zic2b/smc1al",9
"GO:0048863","stem cell differentiation","17/676","271/18773",0.0627306273062731,1.74207406275246,2.37819732841662,0.0192960070307479,0.175579241366828,0.155544441076054,"rap1b/zeb2b/sema3fa/arl6ip1/cxcr4a/fgfr4/nudt21/tfap2a/hand2/eif3ba/adtrp1/epas1a/vhl/cnbpa/wdr43/zic2b/cep41",17
"GO:0010257","NADH dehydrogenase complex assembly","4/676","29/18773",0.137931034482759,3.83044276678229,2.94813635502703,0.0193585201121828,0.175579241366828,0.155544441076054,"ndufb2/ndufs5/ndufa12/foxred1",4
"GO:0032981","mitochondrial respiratory chain complex I assembly","4/676","29/18773",0.137931034482759,3.83044276678229,2.94813635502703,0.0193585201121828,0.175579241366828,0.155544441076054,"ndufb2/ndufs5/ndufa12/foxred1",4
"GO:1901988","negative regulation of cell cycle phase transition","8/676","94/18773",0.0851063829787234,2.36346468588694,2.5612757483624,0.0200380498324595,0.180952302182689,0.160304398659676,"atm/spdl1/tp53/mad2l1/bub3/aurkb/nabp1a/znf207b",8
"GO:0006066","alcohol metabolic process","12/676","170/18773",0.0705882352941176,1.96028541594152,2.43085261754578,0.0202805451540296,0.181300440147914,0.160612811686164,"gch2/ch25h/hsd17b7/insig1/idh2/apof/insig2/gch1/lbr/msmo1/dpm2/nudt4b",12
"GO:0009124","nucleoside monophosphate biosynthetic process","5/676","44/18773",0.113636363636364,3.15576250672405,2.76691160776113,0.0203384701754762,0.181300440147914,0.160612811686164,"dut/uck2b/si:ch211-243j20.2/paics/gmps",5
"GO:0051051","negative regulation of transport","5/676","44/18773",0.113636363636364,3.15576250672405,2.76691160776113,0.0203384701754762,0.181300440147914,0.160612811686164,"rap1b/clic2/chga/sergef/rap1aa",5
"GO:0048514","blood vessel morphogenesis","25/676","448/18773",0.0558035714285714,1.54970480240913,2.27599798910735,0.0207646576135926,0.184308520783896,0.163277649611155,"rbpjb/mydgf/marcksl1a/snx5/msna/nme2b.1/rab5c/tp53/hars/cxcr4a/sox18/tmem33/rack1/ndst1b/gsk3ba/lama1/rasip1/vhl/wdr43/marcksl1b/clec14a/yy1a/basp1/cep41/sox7",25
"GO:1901615","organic hydroxy compound metabolic process","15/676","232/18773",0.0646551724137931,1.7955200469292,2.35642635450052,0.0211698533552932,0.18534998704702,0.164200277403234,"gch2/ch25h/hsd17b7/insig1/idh2/apof/insig2/fgfr4/gch1/lbr/msmo1/dpm2/sult1st1/nudt4b/hmgcra",15
"GO:0032446","protein modification by small protein conjugation","26/676","472/18773",0.0550847457627119,1.52974250325945,2.25280569730353,0.0215286601130911,0.18534998704702,0.164200277403234,"ube2v2/rbx1/ube2l3a/trim3a/ubc/cdc26/dda1/cdc34a/fbxl15/pex12/ndfip1l/uba52/rnf8/cdc20/ufc1/bard1/trim3b/ppil2/tmem129/ppp1r11/si:ch73-335l21.4/sumo2b/vhl/socs1a/fbxl5/ube2d1a",26
"GO:0001522","pseudouridine synthesis","3/676","17/18773",0.176470588235294,4.90071353985381,3.10973752309074,0.0216851453309705,0.18534998704702,0.164200277403234,"nop10/nhp2/pus7l",3
"GO:0002574","thrombocyte differentiation","3/676","17/18773",0.176470588235294,4.90071353985381,3.10973752309074,0.0216851453309705,0.18534998704702,0.164200277403234,"brd2a/mastl/arpc1b",3
"GO:0006241","CTP biosynthetic process","3/676","17/18773",0.176470588235294,4.90071353985381,3.10973752309074,0.0216851453309705,0.18534998704702,0.164200277403234,"nme2b.1/uck2b/si:ch211-243j20.2",3
"GO:0006595","polyamine metabolic process","3/676","17/18773",0.176470588235294,4.90071353985381,3.10973752309074,0.0216851453309705,0.18534998704702,0.164200277403234,"oaz1b/amd1/oaz1a",3
"GO:0009209","pyrimidine ribonucleoside triphosphate biosynthetic process","3/676","17/18773",0.176470588235294,4.90071353985381,3.10973752309074,0.0216851453309705,0.18534998704702,0.164200277403234,"nme2b.1/uck2b/si:ch211-243j20.2",3
"GO:0009309","amine biosynthetic process","3/676","17/18773",0.176470588235294,4.90071353985381,3.10973752309074,0.0216851453309705,0.18534998704702,0.164200277403234,"oaz1b/amd1/oaz1a",3
"GO:0042401","biogenic amine biosynthetic process","3/676","17/18773",0.176470588235294,4.90071353985381,3.10973752309074,0.0216851453309705,0.18534998704702,0.164200277403234,"oaz1b/amd1/oaz1a",3
"GO:0090150","establishment of protein localization to membrane","10/676","133/18773",0.075187969924812,2.08802331271967,2.43369637357056,0.0220853857198142,0.187744704114167,0.16632174076556,"wdr83os/timm13/arl6ip1/ssr3/camlg/naca/tmem147/sec61g/lrrc7/zdhhc15a",10
"GO:0046165","alcohol biosynthetic process","7/676","78/18773",0.0897435897435897,2.49224321043848,2.55240452400505,0.0221461013519359,0.187744704114167,0.16632174076556,"gch2/hsd17b7/insig1/insig2/gch1/lbr/msmo1",7
"GO:0016567","protein ubiquitination","24/676","429/18773",0.0559440559440559,1.55360615715645,2.24185677997458,0.0225412829110114,0.190318067504759,0.168601465675858,"ube2v2/rbx1/ube2l3a/trim3a/ubc/cdc26/dda1/cdc34a/fbxl15/pex12/ndfip1l/uba52/rnf8/cdc20/bard1/trim3b/ppil2/tmem129/ppp1r11/si:ch73-335l21.4/vhl/socs1a/fbxl5/ube2d1a",24
"GO:0001666","response to hypoxia","7/676","79/18773",0.0886075949367089,2.46069582802786,2.5144762785846,0.023572506723796,0.198219014029653,0.175600859804796,"ppiab/atp5meb/cox4i1/tp53/epas1a/vhl/npc1",7
"GO:0015931","nucleobase-containing compound transport","10/676","135/18773",0.0740740740740741,2.05708963401271,2.38234345305043,0.0242056059230958,0.202025380139382,0.17897289333484,"ran/ybx1/ncbp2/sem1/nutf2l/slc35b1/ndc1/rbm8a/slbp/magoh",10
"GO:0072527","pyrimidine-containing compound metabolic process","5/676","46/18773",0.108695652173913,3.0185554412143,2.64917605096789,0.0242197013262909,0.202025380139382,0.17897289333484,"dut/nme2b.1/uck2b/cmpk/si:ch211-243j20.2",5
"GO:0048705","skeletal system morphogenesis","15/676","237/18773",0.0632911392405063,1.75763987716276,2.26858112916535,0.0250429853596494,0.204003044234209,0.180724892340369,"rap1b/polr1d/eif3ea/cxcr4a/msx1b/tfap2a/hand2/rap1aa/inka1a/ndnf/cnbpa/mab21l2/wdr43/zic2b/smc1al",15
"GO:0036293","response to decreased oxygen levels","7/676","80/18773",0.0875,2.42993713017751,2.47712408165208,0.0250609086792946,0.204003044234209,0.180724892340369,"ppiab/atp5meb/cox4i1/tp53/epas1a/vhl/npc1",7
"GO:0002097","tRNA wobble base modification","3/676","18/18773",0.166666666666667,4.6284516765286,2.97662681237746,0.0253407729477256,0.204003044234209,0.180724892340369,"elp5/elp6/trmt9b",3
"GO:0006301","postreplication repair","3/676","18/18773",0.166666666666667,4.6284516765286,2.97662681237746,0.0253407729477256,0.204003044234209,0.180724892340369,"ube2v2/poln/pclaf",3
"GO:0006760","folic acid-containing compound metabolic process","3/676","18/18773",0.166666666666667,4.6284516765286,2.97662681237746,0.0253407729477256,0.204003044234209,0.180724892340369,"gch2/mthfs/gch1",3
"GO:0009208","pyrimidine ribonucleoside triphosphate metabolic process","3/676","18/18773",0.166666666666667,4.6284516765286,2.97662681237746,0.0253407729477256,0.204003044234209,0.180724892340369,"nme2b.1/uck2b/si:ch211-243j20.2",3
"GO:0039022","pronephric duct development","3/676","18/18773",0.166666666666667,4.6284516765286,2.97662681237746,0.0253407729477256,0.204003044234209,0.180724892340369,"rbpjb/vhl/atp6v0d1",3
"GO:0046036","CTP metabolic process","3/676","18/18773",0.166666666666667,4.6284516765286,2.97662681237746,0.0253407729477256,0.204003044234209,0.180724892340369,"nme2b.1/uck2b/si:ch211-243j20.2",3
"GO:0050708","regulation of protein secretion","3/676","18/18773",0.166666666666667,4.6284516765286,2.97662681237746,0.0253407729477256,0.204003044234209,0.180724892340369,"uqcc2/chga/sergef",3
"GO:0006414","translational elongation","6/676","63/18773",0.0952380952380952,2.64482952944491,2.52743271537889,0.0255307797412514,0.204739110125788,0.181376968045956,"eef1b2/rack1/eef1g/eef1a1a/gfm1/tufm",6
"GO:0032869","cellular response to insulin stimulus","5/676","47/18773",0.106382978723404,2.95433085735868,2.59268548453426,0.0263269651119595,0.210311948221307,0.186313906946175,"insig1/grb10b/insig2/gsk3ba/pik3r1",5
"GO:0048704","embryonic skeletal system morphogenesis","13/676","198/18773",0.0656565656565657,1.82332944832945,2.25095680284811,0.0273451961985733,0.216784172542214,0.192047605911254,"rap1b/polr1d/eif3ea/cxcr4a/msx1b/tfap2a/hand2/ndnf/cnbpa/mab21l2/wdr43/zic2b/smc1al",13
"GO:0001702","gastrulation with mouth forming second","6/676","64/18773",0.09375,2.60350406804734,2.4834767189064,0.0273459091025807,0.216784172542214,0.192047605911254,"pfn1/cfl1/epcam/rab5c/chuk/npc1",6
"GO:0061053","somite development","11/676","158/18773",0.069620253164557,1.93340386487904,2.27715160565315,0.0279383353890512,0.220638488985017,0.195462118311233,"rbpjb/rap1b/zeb2b/cxcr4a/naa50/snu13b/lama1/chuk/prrc1/fbxl18/mob1a",11
"GO:0016072","rRNA metabolic process","12/676","179/18773",0.0670391061452514,1.86172357938581,2.23889335031151,0.0288577599906061,0.226347531692617,0.200519719939536,"polr1d/nop10/polr2eb/nhp2/ncl/tsr2/riok2/snu13b/lsm6/wdr43/nop2/fcf1",12
"GO:0006260","DNA replication","10/676","139/18773",0.0719424460431655,1.99789281001234,2.28225189086639,0.0288791987956397,0.226347531692617,0.200519719939536,"orc4/poln/parp1/rfc4/atrxl/cenpx/gmnn/orc3/ssbp1/polq",10
"GO:0010038","response to metal ion","6/676","65/18773",0.0923076923076923,2.56345015930815,2.44035139416961,0.0292443515155382,0.227182507360559,0.201259419135016,"sod1/slc39a3/hvcn1/cpne1/jun/atp6v0d1",6
"GO:0072176","nephric duct development","3/676","19/18773",0.157894736842105,4.3848489567113,2.85295200730525,0.0293057791267145,0.227182507360559,0.201259419135016,"rbpjb/vhl/atp6v0d1",3
"GO:0006839","mitochondrial transport","8/676","101/18773",0.0792079207920792,2.19966020270666,2.33640887344491,0.0293304404413901,0.227182507360559,0.201259419135016,"tomm40l/slc25a20/slc35f6/timm13/timm23a/pam16/dnajc15/vdac2",8
"GO:0009451","RNA modification","9/676","120/18773",0.075,2.08280325443787,2.29980576264944,0.0294232520365866,0.227182507360559,0.201259419135016,"elp5/nop10/nhp2/pus7l/elp6/tyw3/tyw5/trmt9b/nop2",9
"GO:0006360","transcription by RNA polymerase I","4/676","33/18773",0.121212121212121,3.36614667383898,2.62929409822045,0.0298119586856491,0.229331252555901,0.203162977709609,"polr1d/polr2eb/rrn3/polr2f",4
"GO:0009161","ribonucleoside monophosphate metabolic process","5/676","49/18773",0.102040816326531,2.83374592440527,2.48406647111146,0.0308835492788341,0.236697903513426,0.209689043074003,"uck2b/nt5c2a/si:ch211-243j20.2/paics/gmps",5
"GO:0022618","protein-RNA complex assembly","9/676","122/18773",0.0737704918032787,2.04865893879135,2.24588981154426,0.0322542313418662,0.246294259180353,0.218190388489095,"eif3c/snrpc/snrpg/snrpd2/prpf39/eif3s6ip/eif3ea/snrpe/eif3ba",9
"GO:0090407","organophosphate biosynthetic process","21/676","377/18773",0.0557029177718833,1.54690957889285,2.07324120695025,0.0326427207273106,0.248347732419869,0.220009546293962,"atp5mc1/dut/atp5pd/atp5l/atp5f1b/nme2b.1/atp5meb/atp5f1d/uck2b/atp5mc3a/pigb/cmpk/dpm2/gmppab/atp5pb/atp5mc3b/pisd/si:ch211-243j20.2/paics/idi1/gmps",21
"GO:0042274","ribosomal small subunit biogenesis","6/676","67/18773",0.0895522388059701,2.48692925903029,2.35647355990298,0.0332960288004955,0.252393619776018,0.223593770047123,"npm1a/tsr2/riok2/snu13b/lsm6/wdr43",6
"GO:0009148","pyrimidine nucleoside triphosphate biosynthetic process","3/676","20/18773",0.15,4.16560650887574,2.73754885713763,0.0335782300476903,0.252688347134249,0.223854866984602,"nme2b.1/uck2b/si:ch211-243j20.2",3
"GO:0045454","cell redox homeostasis","3/676","20/18773",0.15,4.16560650887574,2.73754885713763,0.0335782300476903,0.252688347134249,0.223854866984602,"prdx2/selenot1a/prdx6",3
"GO:0043161","proteasome-mediated ubiquitin-dependent protein catabolic process","16/676","268/18773",0.0597014925373134,1.65795283935353,2.09673210572206,0.0337894436588199,0.253359835665592,0.224449734051367,"psmc2/psmb6/trim3a/psmb7/cdc26/dda1/psma1/fbxl15/psmc1a/kctd5a/cdc20/trim3b/gsk3ba/fbxl18/fbxl5/amn1",16
"GO:0072521","purine-containing compound metabolic process","19/676","334/18773",0.0568862275449102,1.57977093150976,2.06626641023326,0.0339974991757526,0.253829848466208,0.224866115155427,"atp5mc1/atp5pd/atp5l/atp5f1b/nme2b.1/atp5meb/atp5f1d/atp5mc3a/hint1/ran/ada2b/nt5c2a/suclg2/atp5pb/atp5mc3b/nudt4b/paics/gmps/hmgcra",19
"GO:0030833","regulation of actin filament polymerization","8/676","104/18773",0.0769230769230769,2.13620846609012,2.24563666394201,0.0340965468088936,0.253829848466208,0.224866115155427,"pfn1/cotl1/cdc42ep1a/capza1a/tmsb1/arpc3/lmod1b/arpc5b",8
"GO:0008202","steroid metabolic process","9/676","124/18773",0.0725806451612903,2.01561605268181,2.19299656944804,0.0352687167064041,0.260681996979386,0.230936386346688,"ch25h/hsd17b7/insig1/apof/insig2/fgfr4/lbr/msmo1/hmgcra",9
"GO:0006417","regulation of translation","11/676","164/18773",0.0670731707317073,1.86266957713956,2.14452056915501,0.0353017755115771,0.260681996979386,0.230936386346688,"trim3a/uqcc2/ybx1/ssb/ncbp2/cnot9/rbm8a/rack1/trim3b/magoh/cnbpa",11
"GO:0072657","protein localization to membrane","15/676","248/18773",0.0604838709677419,1.67968004390151,2.0824595694313,0.0353935113857423,0.260681996979386,0.230936386346688,"arl5a/wdr83os/efr3a/timm13/arl6ip1/ssr3/camlg/naca/agrn/gpc5a/mesd/tmem147/sec61g/lrrc7/zdhhc15a",15
"GO:0001946","lymphangiogenesis","5/676","51/18773",0.0980392156862745,2.72261863325212,2.38080286086048,0.0359058835947434,0.263521272884389,0.233451681322714,"nr2f2/cxcr4a/sox18/stab2/mafba",5
"GO:0120031","plasma membrane bounded cell projection assembly","22/676","405/18773",0.054320987654321,1.50853239827599,1.9995880403992,0.0371013172746817,0.27071857716127,0.239827723628665,"dynll1/orc4/cfl1/ccdc28b/appa/rab5c/tubb4b/cxcr4a/nudcd2/cdc42ep1a/cenpf/gmnn/arl3b/wdr54/fgd1/rp1l1a/pax2a/atp6v0d1/cep41/pacsin2/rer1/ift52",22
"GO:0048193","Golgi vesicle transport","12/676","186/18773",0.0645161290322581,1.79165871349494,2.0970807149524,0.0371472289316138,0.27071857716127,0.239827723628665,"golt1bb/gosr1/lman2/spire1a/exoc6b/sec22ba/tmed9/tmed5/trip11/trappc1/rer1/tmed2",12
"GO:0008064","regulation of actin polymerization or depolymerization","8/676","106/18773",0.0754716981132075,2.09590264597521,2.18681967159027,0.0375504651581221,0.271750230430034,0.240741658156602,"pfn1/cotl1/cdc42ep1a/capza1a/tmsb1/arpc3/lmod1b/arpc5b",8
"GO:0010948","negative regulation of cell cycle process","8/676","106/18773",0.0754716981132075,2.09590264597521,2.18681967159027,0.0375504651581221,0.271750230430034,0.240741658156602,"atm/spdl1/tp53/mad2l1/bub3/aurkb/nabp1a/znf207b",8
"GO:0060026","convergent extension","11/676","166/18773",0.0662650602409639,1.84022777500535,2.10154273798525,0.038034075185494,0.274294354723163,0.242995480351767,"pfn1/rap1b/zeb2b/swap70b/appa/fcho1/rack1/rap1aa/rp1l1a/usp4/tax1bp3",11
"GO:0071826","protein-RNA complex organization","9/676","126/18773",0.0714285714285714,1.98362214708369,2.141087487036,0.0384713248683245,0.276487687721488,0.244938538954039,"eif3c/snrpc/snrpg/snrpd2/prpf39/eif3s6ip/eif3ea/snrpe/eif3ba",9
"GO:0000226","microtubule cytoskeleton organization","21/676","385/18773",0.0545454545454545,1.51476600322754,1.97241502328397,0.0394865011474594,0.28280504442508,0.250535041763191,"tuba8l4/tubb2b/tuba1b/spdl1/dchs1b/npm1a/ranbp1/tubb4b/tuba1a/spire1a/zgc:86764/mapre1b/gsk3ba/aurkb/nuf2/map7d2a/rp1l1a/cep41/pafah1b1a/znf207b/tuba8l3",21
"GO:0006281","DNA repair","19/676","341/18773",0.0557184750733138,1.54734161620018,1.97140001906651,0.0405574847539316,0.289477305271189,0.256445951708708,"ube2v2/atm/poln/nucks1b/parp1/pclaf/rfc4/cenpx/tp53/sem1/rnf8/msh2/spire1a/h2ax/ercc5/inip/vhl/nabp1a/polq",19
"GO:0030832","regulation of actin filament length","8/676","108/18773",0.0740740740740741,2.05708963401271,2.12929101865133,0.0412317489991642,0.293281995449534,0.259816500542678,"pfn1/cotl1/cdc42ep1a/capza1a/tmsb1/arpc3/lmod1b/arpc5b",8
"GO:0051656","establishment of organelle localization","13/676","211/18773",0.0616113744075829,1.71099161502005,2.00732942094067,0.0423292418454317,0.298805096383341,0.264709377633773,"spdl1/ran/npm1a/spire1a/cenpf/si:ch211-161h7.4/exoc6b/aurkb/rhot1b/nuf2/tmed9/pafah1b1a/znf207b",13
"GO:0003158","endothelium development","6/676","71/18773",0.0845070422535211,2.3468205683807,2.19745614123928,0.0424476595201451,0.298805096383341,0.264709377633773,"nr2f2/marcksl1a/msna/ada2b/stab2/marcksl1b",6
"GO:0044782","cilium organization","20/676","366/18773",0.0546448087431694,1.51752513984544,1.93243909675805,0.0430151708522713,0.298805096383341,0.264709377633773,"dynll1/orc4/cfl1/ccdc28b/epcam/appa/tubb4b/cxcr4a/nudcd2/cenpf/gmnn/arl3b/wdr54/rp1l1a/pax2a/atp6v0d1/cep41/pacsin2/rer1/ift52",20
"GO:0014029","neural crest formation","3/676","22/18773",0.136363636363636,3.78691500806885,2.52783181415004,0.0430320557183777,0.298805096383341,0.264709377633773,"zeb2b/tfap2a/cnbpa",3
"GO:0031297","replication fork processing","3/676","22/18773",0.136363636363636,3.78691500806885,2.52783181415004,0.0430320557183777,0.298805096383341,0.264709377633773,"parp1/atrxl/cenpx",3
"GO:0045048","protein insertion into ER membrane","3/676","22/18773",0.136363636363636,3.78691500806885,2.52783181415004,0.0430320557183777,0.298805096383341,0.264709377633773,"wdr83os/camlg/tmem147",3
"GO:0065002","intracellular protein transmembrane transport","3/676","22/18773",0.136363636363636,3.78691500806885,2.52783181415004,0.0430320557183777,0.298805096383341,0.264709377633773,"pex12/pex10/sec61g",3
"GO:0008033","tRNA processing","8/676","109/18773",0.073394495412844,2.03821725204929,2.10099227167928,0.0431591376576804,0.298805096383341,0.264709377633773,"elp5/ptcd1/ssb/elp6/tyw3/lsm6/tyw5/trmt9b",8
"GO:0051235","maintenance of location","7/676","90/18773",0.0777777777777778,2.15994411571335,2.1318681508116,0.0435735383414113,0.300671890814323,0.266363157967431,"insig1/clic2/bscl2l/insig2/tmsb1/npc1/rer1",7
"GO:0036303","lymph vessel morphogenesis","5/676","54/18773",0.0925925925925926,2.57136204251589,2.23489510101698,0.044331991770344,0.303886293422457,0.26921077510704,"nr2f2/cxcr4a/sox18/stab2/mafba",5
"GO:0055113","epiboly involved in gastrulation with mouth forming second","5/676","54/18773",0.0925925925925926,2.57136204251589,2.23489510101698,0.044331991770344,0.303886293422457,0.26921077510704,"pfn1/cfl1/epcam/chuk/npc1",5
"GO:0060271","cilium assembly","19/676","345/18773",0.0550724637681159,1.52940142354858,1.91814254428065,0.0446964607902189,0.305376806122647,0.270531210046062,"dynll1/orc4/cfl1/ccdc28b/appa/tubb4b/cxcr4a/nudcd2/cenpf/gmnn/arl3b/wdr54/rp1l1a/pax2a/atp6v0d1/cep41/pacsin2/rer1/ift52",19
"GO:0043484","regulation of RNA splicing","8/676","110/18773",0.0727272727272727,2.01968800430339,2.07299498929873,0.0451450811362412,0.306177955559262,0.271240942816102,"snrpc/cirbpb/hmga1a/ybx1/rbm8a/clk4b/dyrk1ab/magoh",8
"GO:1903829","positive regulation of protein localization","4/676","38/18773",0.105263157894737,2.92323263780754,2.29362333084577,0.0467831076352274,0.306177955559262,0.271240942816102,"msna/oaz1b/mesd/oaz1a",4
"GO:0051640","organelle localization","16/676","280/18773",0.0571428571428571,1.58689771766695,1.91233106056465,0.0471448838386581,0.306177955559262,0.271240942816102,"spdl1/ran/kxd1/npm1a/spire1a/cenpf/si:ch211-161h7.4/rims2b/exoc6b/aurkb/rhot1b/nuf2/syn2b/tmed9/pafah1b1a/znf207b",16
"GO:0033044","regulation of chromosome organization","5/676","55/18773",0.0909090909090909,2.52461000537924,2.18844540293202,0.0473817557085944,0.306177955559262,0.271240942816102,"spdl1/mad2l1/bub3/aurkb/znf207b",5
"GO:0006563","L-serine metabolic process","2/676","10/18773",0.2,5.55414201183432,2.78407388990711,0.0481006041249486,0.306177955559262,0.271240942816102,"psat1/psph",2
"GO:0006729","tetrahydrobiopterin biosynthetic process","2/676","10/18773",0.2,5.55414201183432,2.78407388990711,0.0481006041249486,0.306177955559262,0.271240942816102,"gch2/gch1",2
"GO:0008090","retrograde axonal transport","2/676","10/18773",0.2,5.55414201183432,2.78407388990711,0.0481006041249486,0.306177955559262,0.271240942816102,"vezt/pafah1b1a",2
"GO:0030859","polarized epithelial cell differentiation","2/676","10/18773",0.2,5.55414201183432,2.78407388990711,0.0481006041249486,0.306177955559262,0.271240942816102,"hand2/lama1",2
"GO:0033143","regulation of intracellular steroid hormone receptor signaling pathway","2/676","10/18773",0.2,5.55414201183432,2.78407388990711,0.0481006041249486,0.306177955559262,0.271240942816102,"cnot9/vhl",2
"GO:0035493","SNARE complex assembly","2/676","10/18773",0.2,5.55414201183432,2.78407388990711,0.0481006041249486,0.306177955559262,0.271240942816102,"vamp5/si:ch73-234b20.5",2
"GO:0046146","tetrahydrobiopterin metabolic process","2/676","10/18773",0.2,5.55414201183432,2.78407388990711,0.0481006041249486,0.306177955559262,0.271240942816102,"gch2/gch1",2
"GO:0050932","regulation of pigment cell differentiation","2/676","10/18773",0.2,5.55414201183432,2.78407388990711,0.0481006041249486,0.306177955559262,0.271240942816102,"ctbp2a/h2az2a",2
"GO:0051382","kinetochore assembly","2/676","10/18773",0.2,5.55414201183432,2.78407388990711,0.0481006041249486,0.306177955559262,0.271240942816102,"cenpx/si:ch211-161h7.4",2
"GO:0061158","3'-UTR-mediated mRNA destabilization","2/676","10/18773",0.2,5.55414201183432,2.78407388990711,0.0481006041249486,0.306177955559262,0.271240942816102,"sb:cb81/zgc:162730",2
"GO:1900151","regulation of nuclear-transcribed mRNA catabolic process, deadenylation-dependent decay","2/676","10/18773",0.2,5.55414201183432,2.78407388990711,0.0481006041249486,0.306177955559262,0.271240942816102,"sb:cb81/zgc:162730",2
"GO:1901019","regulation of calcium ion transmembrane transporter activity","2/676","10/18773",0.2,5.55414201183432,2.78407388990711,0.0481006041249486,0.306177955559262,0.271240942816102,"clic2/tmem33",2
"GO:1902946","protein localization to early endosome","2/676","10/18773",0.2,5.55414201183432,2.78407388990711,0.0481006041249486,0.306177955559262,0.271240942816102,"msna/lrrc7",2
"GO:0034502","protein localization to chromosome","3/676","23/18773",0.130434782608696,3.62226652945716,2.43201047510716,0.0482042327722093,0.306177955559262,0.271240942816102,"spdl1/pphln1/aurkb",3
"GO:0043049","otic placode formation","3/676","23/18773",0.130434782608696,3.62226652945716,2.43201047510716,0.0482042327722093,0.306177955559262,0.271240942816102,"msx1b/tfap2a/pax2a",3
"GO:0070936","protein K48-linked ubiquitination","3/676","23/18773",0.130434782608696,3.62226652945716,2.43201047510716,0.0482042327722093,0.306177955559262,0.271240942816102,"cdc26/rnf8/ube2d1a",3
"GO:0071425","hematopoietic stem cell proliferation","3/676","23/18773",0.130434782608696,3.62226652945716,2.43201047510716,0.0482042327722093,0.306177955559262,0.271240942816102,"rab5c/tp53/slco2b1",3
"GO:0097237","cellular response to toxic substance","3/676","23/18773",0.130434782608696,3.62226652945716,2.43201047510716,0.0482042327722093,0.306177955559262,0.271240942816102,"prdx2/sod1/prdx6",3
"GO:1990748","cellular detoxification","3/676","23/18773",0.130434782608696,3.62226652945716,2.43201047510716,0.0482042327722093,0.306177955559262,0.271240942816102,"prdx2/sod1/prdx6",3
"GO:0014070","response to organic cyclic compound","10/676","152/18773",0.0657894736842105,1.82702039862971,1.97861748729433,0.0484249434186523,0.306642095977259,0.27165212161683,"rap1b/anxa1a/insig1/ahr1b/insig2/cnot9/nsg2/rap1aa/jun/vhl",10
"GO:0051726","regulation of cell cycle","24/676","465/18773",0.0516129032258065,1.43332697079595,1.82871940365233,0.0499657451640416,0.315437242266609,0.279443681160598,"gcna/atm/cks1b/pclaf/swap70b/cdc26/spdl1/afap1l2/tp53/cdc25b/mad2l1/cks2/npm1a/ranbp1/bub3/si:ch211-244o22.2/cenpf/gmnn/cdk14/jun/aurkb/nabp1a/nupr1b/znf207b",24
"GO:0072073","kidney epithelium development","6/676","74/18773",0.0810810810810811,2.25167919398689,2.08509107743874,0.0502543176302795,0.316297629448759,0.280205892241558,"rbpjb/tfap2a/anln/vhl/atp6v0d1/tyro3",6
"GO:0071897","DNA biosynthetic process","4/676","39/18773",0.102564102564103,2.84827795478683,2.23310763612938,0.0507036399577123,0.318161511154587,0.281857092212056,"poln/pclaf/nop10/nhp2",4
"GO:0140694","non-membrane-bounded organelle assembly","15/676","261/18773",0.0574712643678161,1.59601781949262,1.87403697230595,0.0512552684796271,0.320654194675258,0.284065343381066,"tpm3/myl9a/cenpx/tpm4a/csrp3/bscl2l/cxcr4a/naca/cbfb/si:ch211-161h7.4/zgc:86764/mapre1b/aurkb/mybpc2b/znf207b",15
"GO:0006302","double-strand break repair","10/676","154/18773",0.0649350649350649,1.80329286098517,1.93455650543806,0.052066289058287,0.324749796919105,0.287693609210955,"atm/poln/nucks1b/parp1/tp53/sem1/rnf8/spire1a/nabp1a/polq",10
"GO:0048706","embryonic skeletal system development","13/676","218/18773",0.0596330275229358,1.65605151729005,1.88304647669201,0.0524304342992638,0.326041952214284,0.288838320690555,"rap1b/polr1d/eif3ea/cxcr4a/msx1b/tfap2a/hand2/ndnf/cnbpa/mab21l2/wdr43/zic2b/smc1al",13
"GO:0021602","cranial nerve morphogenesis","3/676","24/18773",0.125,3.47133875739645,2.34139223660437,0.0536656708061106,0.329881766514318,0.292239985742102,"lrrn1/tuba1a/st8sia6",3
"GO:0043113","receptor clustering","3/676","24/18773",0.125,3.47133875739645,2.34139223660437,0.0536656708061106,0.329881766514318,0.292239985742102,"agrn/mesd/lrrc7",3
"GO:0071456","cellular response to hypoxia","3/676","24/18773",0.125,3.47133875739645,2.34139223660437,0.0536656708061106,0.329881766514318,0.292239985742102,"tp53/epas1a/vhl",3
"GO:0009100","glycoprotein metabolic process","16/676","285/18773",0.056140350877193,1.55905740683069,1.83805793900169,0.0536832147721904,0.329881766514318,0.292239985742102,"dad1/rpn1/hexa/ddost/alg1/cant1a/alg2/st8sia6/dpm2/alg12/ndst1b/krtcap2/aga/c1galt1b/ostc/prkcsh",16
"GO:0051258","protein polymerization","10/676","155/18773",0.0645161290322581,1.79165871349494,1.91276959583488,0.0539533622837213,0.330563815525927,0.292844208265626,"pfn1/cotl1/cdc42ep1a/spire1a/capza1a/tmsb1/diaph3/arpc3/lmod1b/arpc5b",10
"GO:0060028","convergent extension involved in axis elongation","4/676","40/18773",0.1,2.77707100591716,2.17448510821342,0.0547985320990658,0.334754562263999,0.296556761947885,"zeb2b/swap70b/fcho1/tax1bp3",4
"GO:0061024","membrane organization","20/676","377/18773",0.0530503978779841,1.47324721799319,1.79399972369158,0.0551644813171124,0.336001840749685,0.297661717370929,"vamp5/wdr83os/banf1/slc35f6/timm13/si:ch73-234b20.5/dchs1b/gosr1/camlg/mesd/ctbp2a/spire1a/tmem33/tmpoa/tmem147/sec22ba/aurkb/snap25a/tmed9/pacsin2",20
"GO:0010639","negative regulation of organelle organization","8/676","115/18773",0.0695652173913043,1.93187548237715,1.93731209099274,0.0559693263509656,0.339758128618219,0.300989386931884,"spdl1/slc35f6/mad2l1/bub3/capza1a/tmsb1/lmod1b/znf207b",8
"GO:0017148","negative regulation of translation","5/676","58/18773",0.0862068965517241,2.39402672923893,2.05501742945098,0.0572594771553264,0.339758128618219,0.300989386931884,"trim3a/ybx1/cnot9/rack1/trim3b",5
"GO:0000303","response to superoxide","2/676","11/18773",0.181818181818182,5.04922001075847,2.59629166269823,0.0574169971810279,0.339758128618219,0.300989386931884,"prdx2/sod1",2
"GO:0000305","response to oxygen radical","2/676","11/18773",0.181818181818182,5.04922001075847,2.59629166269823,0.0574169971810279,0.339758128618219,0.300989386931884,"prdx2/sod1",2
"GO:0019430","removal of superoxide radicals","2/676","11/18773",0.181818181818182,5.04922001075847,2.59629166269823,0.0574169971810279,0.339758128618219,0.300989386931884,"prdx2/sod1",2
"GO:0032367","intracellular cholesterol transport","2/676","11/18773",0.181818181818182,5.04922001075847,2.59629166269823,0.0574169971810279,0.339758128618219,0.300989386931884,"stab2/npc1",2
"GO:0045824","negative regulation of innate immune response","2/676","11/18773",0.181818181818182,5.04922001075847,2.59629166269823,0.0574169971810279,0.339758128618219,0.300989386931884,"parp1/socs1a",2
"GO:0051231","spindle elongation","2/676","11/18773",0.181818181818182,5.04922001075847,2.59629166269823,0.0574169971810279,0.339758128618219,0.300989386931884,"zgc:86764/aurkb",2
"GO:0071450","cellular response to oxygen radical","2/676","11/18773",0.181818181818182,5.04922001075847,2.59629166269823,0.0574169971810279,0.339758128618219,0.300989386931884,"prdx2/sod1",2
"GO:0071451","cellular response to superoxide","2/676","11/18773",0.181818181818182,5.04922001075847,2.59629166269823,0.0574169971810279,0.339758128618219,0.300989386931884,"prdx2/sod1",2
"GO:0000910","cytokinesis","7/676","96/18773",0.0729166666666667,2.02494760848126,1.94584862181747,0.05805782888999,0.341188566135967,0.302256601680394,"dctn3/dchs1b/spire1a/arl3b/anln/aurkb/snap25a",7
"GO:1901342","regulation of vasculature development","7/676","96/18773",0.0729166666666667,2.02494760848126,1.94584862181747,0.05805782888999,0.341188566135967,0.302256601680394,"mydgf/nme2b.1/tp53/hars/tmem33/vhl/basp1",7
"GO:0030031","cell projection assembly","22/676","426/18773",0.0516431924882629,1.43416812512154,1.75188475242386,0.0583026374209183,0.341188566135967,0.302256601680394,"dynll1/orc4/cfl1/ccdc28b/appa/rab5c/tubb4b/cxcr4a/nudcd2/cdc42ep1a/cenpf/gmnn/arl3b/wdr54/fgd1/rp1l1a/pax2a/atp6v0d1/cep41/pacsin2/rer1/ift52",22
"GO:0032271","regulation of protein polymerization","8/676","116/18773",0.0689655172413793,1.91522138339114,1.9109951062169,0.05831581173725,0.341188566135967,0.302256601680394,"pfn1/cotl1/cdc42ep1a/capza1a/tmsb1/arpc3/lmod1b/arpc5b",8
"GO:0032543","mitochondrial translation","4/676","41/18773",0.0975609756097561,2.70933756674845,2.11764432503438,0.059066638069884,0.3418117274483,0.302808655996568,"uqcc2/hars/gfm1/tufm",4
"GO:0000154","rRNA modification","3/676","25/18773",0.12,3.33248520710059,2.25546845555366,0.0594097417471528,0.3418117274483,0.302808655996568,"nop10/nhp2/nop2",3
"GO:0032436","positive regulation of proteasomal ubiquitin-dependent protein catabolic process","3/676","25/18773",0.12,3.33248520710059,2.25546845555366,0.0594097417471528,0.3418117274483,0.302808655996568,"dda1/cdc20/gsk3ba",3
"GO:0036294","cellular response to decreased oxygen levels","3/676","25/18773",0.12,3.33248520710059,2.25546845555366,0.0594097417471528,0.3418117274483,0.302808655996568,"tp53/epas1a/vhl",3
"GO:0045005","DNA-templated DNA replication maintenance of fidelity","3/676","25/18773",0.12,3.33248520710059,2.25546845555366,0.0594097417471528,0.3418117274483,0.302808655996568,"parp1/atrxl/cenpx",3
"GO:0061386","closure of optic fissure","3/676","25/18773",0.12,3.33248520710059,2.25546845555366,0.0594097417471528,0.3418117274483,0.302808655996568,"afap1l2/pax2a/mab21l2",3
"GO:0009628","response to abiotic stimulus","20/676","381/18773",0.05249343832021,1.45778005559956,1.74473793494257,0.060130177493217,0.344922503215119,0.305564470830919,"ppiab/atp5meb/lsm7/cox4i1/cirbpb/tp53/csrp3/rnf8/atp6v0e1/opn1sw2/hvcn1/aurkb/lama1/epas1a/inip/vhl/atp6v0d1/npc1/nabp1a/nupr1b",20
"GO:0051216","cartilage development","12/676","201/18773",0.0597014925373134,1.65795283935353,1.81254494407036,0.0602825559302303,0.344922503215119,0.305564470830919,"marcksl1a/rap1b/polr1d/ncl/foxl1/tfap2a/msmo1/rap1aa/inka1a/cnbpa/marcksl1b/dnmt1",12
"GO:0045862","positive regulation of proteolysis","5/676","59/18773",0.0847457627118644,2.35345000501454,2.01238114164633,0.0607950009652083,0.346898947815213,0.307315389494459,"adam8a/dda1/tp53/cdc20/gsk3ba",5
"GO:0001501","skeletal system development","22/676","430/18773",0.0511627906976744,1.4208270262832,1.70619237019751,0.0631512827219424,0.359356751269793,0.318351671803765,"marcksl1a/rap1b/polr1d/eif3ea/col1a1a/ncl/foxl1/cxcr4a/msx1b/tfap2a/hand2/msmo1/rap1aa/inka1a/ndnf/cnbpa/mab21l2/wdr43/marcksl1b/zic2b/dnmt1/smc1al",22
"GO:0009156","ribonucleoside monophosphate biosynthetic process","4/676","42/18773",0.0952380952380952,2.64482952944491,2.06248303548387,0.0635064957678734,0.360390687731893,0.319267628996959,"uck2b/si:ch211-243j20.2/paics/gmps",4
"GO:0006270","DNA replication initiation","3/676","26/18773",0.115384615384615,3.20431269913518,2.17379864887761,0.0654291711969802,0.361177325745751,0.319964506197487,"orc4/gmnn/orc3",3
"GO:0046928","regulation of neurotransmitter secretion","3/676","26/18773",0.115384615384615,3.20431269913518,2.17379864887761,0.0654291711969802,0.361177325745751,0.319964506197487,"rap1b/rims2b/rap1aa",3
"GO:2000060","positive regulation of ubiquitin-dependent protein catabolic process","3/676","26/18773",0.115384615384615,3.20431269913518,2.17379864887761,0.0654291711969802,0.361177325745751,0.319964506197487,"dda1/cdc20/gsk3ba",3
"GO:0030239","myofibril assembly","8/676","119/18773",0.0672268907563025,1.86693849137288,1.83358525442735,0.065723883398657,0.361177325745751,0.319964506197487,"tpm3/myl9a/tpm4a/csrp3/cxcr4a/naca/cbfb/mybpc2b",8
"GO:0006364","rRNA processing","10/676","161/18773",0.062111801242236,1.72488882355103,1.78530798496718,0.0662225247501352,0.361177325745751,0.319964506197487,"nop10/nhp2/ncl/tsr2/riok2/snu13b/lsm6/wdr43/nop2/fcf1",10
"GO:0000054","ribosomal subunit export from nucleus","2/676","12/18773",0.166666666666667,4.6284516765286,2.43001694702822,0.0672968825534933,0.361177325745751,0.319964506197487,"ran/npm1a",2
"GO:0006222","UMP biosynthetic process","2/676","12/18773",0.166666666666667,4.6284516765286,2.43001694702822,0.0672968825534933,0.361177325745751,0.319964506197487,"uck2b/si:ch211-243j20.2",2
"GO:0006488","dolichol-linked oligosaccharide biosynthetic process","2/676","12/18773",0.166666666666667,4.6284516765286,2.43001694702822,0.0672968825534933,0.361177325745751,0.319964506197487,"alg2/alg12",2
"GO:0007343","egg activation","2/676","12/18773",0.166666666666667,4.6284516765286,2.43001694702822,0.0672968825534933,0.361177325745751,0.319964506197487,"ybx1/dchs1b",2
"GO:0009173","pyrimidine ribonucleoside monophosphate metabolic process","2/676","12/18773",0.166666666666667,4.6284516765286,2.43001694702822,0.0672968825534933,0.361177325745751,0.319964506197487,"uck2b/si:ch211-243j20.2",2
"GO:0009174","pyrimidine ribonucleoside monophosphate biosynthetic process","2/676","12/18773",0.166666666666667,4.6284516765286,2.43001694702822,0.0672968825534933,0.361177325745751,0.319964506197487,"uck2b/si:ch211-243j20.2",2
"GO:0016447","somatic recombination of immunoglobulin gene segments","2/676","12/18773",0.166666666666667,4.6284516765286,2.43001694702822,0.0672968825534933,0.361177325745751,0.319964506197487,"rnf8/msh2",2
"GO:0016558","protein import into peroxisome matrix","2/676","12/18773",0.166666666666667,4.6284516765286,2.43001694702822,0.0672968825534933,0.361177325745751,0.319964506197487,"pex12/pex10",2
"GO:0031468","nuclear membrane reassembly","2/676","12/18773",0.166666666666667,4.6284516765286,2.43001694702822,0.0672968825534933,0.361177325745751,0.319964506197487,"banf1/tmpoa",2
"GO:0032475","otolith formation","2/676","12/18773",0.166666666666667,4.6284516765286,2.43001694702822,0.0672968825534933,0.361177325745751,0.319964506197487,"epcam/npc1",2
"GO:0033209","tumor necrosis factor-mediated signaling pathway","2/676","12/18773",0.166666666666667,4.6284516765286,2.43001694702822,0.0672968825534933,0.361177325745751,0.319964506197487,"cpne1/chuk",2
"GO:0033750","ribosome localization","2/676","12/18773",0.166666666666667,4.6284516765286,2.43001694702822,0.0672968825534933,0.361177325745751,0.319964506197487,"ran/npm1a",2
"GO:0046049","UMP metabolic process","2/676","12/18773",0.166666666666667,4.6284516765286,2.43001694702822,0.0672968825534933,0.361177325745751,0.319964506197487,"uck2b/si:ch211-243j20.2",2
"GO:0046548","retinal rod cell development","2/676","12/18773",0.166666666666667,4.6284516765286,2.43001694702822,0.0672968825534933,0.361177325745751,0.319964506197487,"sigmar1/mafba",2
"GO:0050796","regulation of insulin secretion","2/676","12/18773",0.166666666666667,4.6284516765286,2.43001694702822,0.0672968825534933,0.361177325745751,0.319964506197487,"uqcc2/chga",2
"GO:0051255","spindle midzone assembly","2/676","12/18773",0.166666666666667,4.6284516765286,2.43001694702822,0.0672968825534933,0.361177325745751,0.319964506197487,"zgc:86764/aurkb",2
"GO:0006997","nucleus organization","4/676","43/18773",0.0930232558139535,2.58332186596945,2.00890720392206,0.0681163423091967,0.363695740298719,0.322195552310853,"banf1/rnf8/ndc1/tmpoa",4
"GO:0035850","epithelial cell differentiation involved in kidney development","4/676","43/18773",0.0930232558139535,2.58332186596945,2.00890720392206,0.0681163423091967,0.363695740298719,0.322195552310853,"rbpjb/tfap2a/anln/tyro3",4
"GO:0090504","epiboly","6/676","80/18773",0.075,2.08280325443787,1.87577338937015,0.0683476482450958,0.363995039500164,0.32246069941276,"pfn1/cfl1/epcam/rhoaa/chuk/npc1",6
"GO:0010629","negative regulation of gene expression","22/676","436/18773",0.0504587155963303,1.40127436078389,1.63849771961086,0.0709404222867921,0.372385953835557,0.329894152651625,"h2az2b/trim3a/lsm7/banf1/ybx1/h2ax1/pphln1/ncbp2/sb:cb81/cnot9/h2ax/rbm8a/rack1/trim3b/zgc:162730/bmi1b/ppp1r11/magoh/h2az2a/dnmt1/cbx5/cbx3a",22
"GO:0002244","hematopoietic progenitor cell differentiation","9/676","142/18773",0.0633802816901408,1.76011542628552,1.75723952563109,0.0712985747274125,0.372385953835557,0.329894152651625,"rap1b/setd1ba/fgfr4/nudt21/adtrp1/jun/epas1a/vhl/wdr43",9
"GO:0009896","positive regulation of catabolic process","9/676","142/18773",0.0633802816901408,1.76011542628552,1.75723952563109,0.0712985747274125,0.372385953835557,0.329894152651625,"adam8a/oaz1b/dda1/snx4/cdc20/sb:cb81/zgc:162730/gsk3ba/oaz1a",9
"GO:0006979","response to oxidative stress","6/676","81/18773",0.0740740740740741,2.05708963401271,1.84268781868603,0.071686467727017,0.372385953835557,0.329894152651625,"prdx2/sod1/banf1/gpx4b/gpx8/ndufa12",6
"GO:0000184","nuclear-transcribed mRNA catabolic process, nonsense-mediated decay","3/676","27/18773",0.111111111111111,3.08563445101907,2.09599911665444,0.0717161201416575,0.372385953835557,0.329894152651625,"ncbp2/rbm8a/magoh",3
"GO:0030916","otic vesicle formation","3/676","27/18773",0.111111111111111,3.08563445101907,2.09599911665444,0.0717161201416575,0.372385953835557,0.329894152651625,"msx1b/tfap2a/pax2a",3
"GO:0044091","membrane biogenesis","3/676","27/18773",0.111111111111111,3.08563445101907,2.09599911665444,0.0717161201416575,0.372385953835557,0.329894152651625,"banf1/tmpoa/pacsin2",3
"GO:0048010","vascular endothelial growth factor receptor signaling pathway","3/676","27/18773",0.111111111111111,3.08563445101907,2.09599911665444,0.0717161201416575,0.372385953835557,0.329894152651625,"rab5c/tmem33/vhl",3
"GO:0051205","protein insertion into membrane","3/676","27/18773",0.111111111111111,3.08563445101907,2.09599911665444,0.0717161201416575,0.372385953835557,0.329894152651625,"wdr83os/camlg/tmem147",3
"GO:0071709","membrane assembly","3/676","27/18773",0.111111111111111,3.08563445101907,2.09599911665444,0.0717161201416575,0.372385953835557,0.329894152651625,"banf1/tmpoa/pacsin2",3
"GO:0001570","vasculogenesis","5/676","62/18773",0.0806451612903226,2.23957339186868,1.88949139405186,0.0721265283355636,0.373583040780463,0.330954643734257,"cxcr4a/sox18/ndst1b/wdr43/sox7",5
"GO:0061005","cell differentiation involved in kidney development","4/676","44/18773",0.0909090909090909,2.52461000537924,1.95683017402648,0.0728941295225688,0.376619669199939,0.333644771944096,"rbpjb/tfap2a/anln/tyro3",4
"GO:0007346","regulation of mitotic cell cycle","15/676","275/18773",0.0545454545454545,1.51476600322754,1.66203109174713,0.0732404895667429,0.377470215459367,0.334398265019372,"atm/cks1b/swap70b/cdc26/spdl1/afap1l2/cdc25b/mad2l1/cks2/bub3/si:ch211-244o22.2/cenpf/aurkb/nabp1a/znf207b",15
"GO:0051321","meiotic cell cycle","7/676","102/18773",0.0686274509803922,1.90583304327648,1.77292262770418,0.0751967922873168,0.382472271607522,0.338829552122215,"cenpx/cdc25b/bub3/spire1a/h2ax/si:ch211-161h7.4/nuf2",7
"GO:0051651","maintenance of location in cell","5/676","63/18773",0.0793650793650794,2.20402460787076,1.85009517982132,0.0761434032143837,0.382472271607522,0.338829552122215,"insig1/clic2/insig2/tmsb1/rer1",5
"GO:0060216","definitive hemopoiesis","5/676","63/18773",0.0793650793650794,2.20402460787076,1.85009517982132,0.0761434032143837,0.382472271607522,0.338829552122215,"tp53/naca/adtrp1/sumo2b/dnmt1",5
"GO:0019953","sexual reproduction","16/676","300/18773",0.0533333333333333,1.48110453648915,1.62351644406892,0.0770011640014358,0.382472271607522,0.338829552122215,"strbp/ybx1/kdm6al/cenpx/tp53/cdc25b/dchs1b/bub3/rnf8/nemp1/spire1a/h2ax/si:ch211-161h7.4/spaca4l/nuf2/pafah1b1a",16
"GO:0032870","cellular response to hormone stimulus","13/676","232/18773",0.0560344827586207,1.5561173740053,1.64728675457044,0.077304382677899,0.382472271607522,0.338829552122215,"anxa1a/insig1/ssr4/grb10b/insig2/cnot9/ctbp1/gsk3ba/pik3r1/nr1d2b/vhl/zic2b/nupr1b",13
"GO:0002562","somatic diversification of immune receptors via germline recombination within a single locus","2/676","13/18773",0.153846153846154,4.27241693218025,2.28112570180085,0.0776877312714886,0.382472271607522,0.338829552122215,"rnf8/msh2",2
"GO:0002791","regulation of peptide secretion","2/676","13/18773",0.153846153846154,4.27241693218025,2.28112570180085,0.0776877312714886,0.382472271607522,0.338829552122215,"uqcc2/chga",2
"GO:0016445","somatic diversification of immunoglobulins","2/676","13/18773",0.153846153846154,4.27241693218025,2.28112570180085,0.0776877312714886,0.382472271607522,0.338829552122215,"rnf8/msh2",2
"GO:0019985","translesion synthesis","2/676","13/18773",0.153846153846154,4.27241693218025,2.28112570180085,0.0776877312714886,0.382472271607522,0.338829552122215,"poln/pclaf",2
"GO:0033120","positive regulation of RNA splicing","2/676","13/18773",0.153846153846154,4.27241693218025,2.28112570180085,0.0776877312714886,0.382472271607522,0.338829552122215,"cirbpb/dyrk1ab",2
"GO:0034612","response to tumor necrosis factor","2/676","13/18773",0.153846153846154,4.27241693218025,2.28112570180085,0.0776877312714886,0.382472271607522,0.338829552122215,"cpne1/chuk",2
"GO:0043248","proteasome assembly","2/676","13/18773",0.153846153846154,4.27241693218025,2.28112570180085,0.0776877312714886,0.382472271607522,0.338829552122215,"sem1/psmd5",2
"GO:0051222","positive regulation of protein transport","2/676","13/18773",0.153846153846154,4.27241693218025,2.28112570180085,0.0776877312714886,0.382472271607522,0.338829552122215,"oaz1b/oaz1a",2
"GO:0060351","cartilage development involved in endochondral bone morphogenesis","2/676","13/18773",0.153846153846154,4.27241693218025,2.28112570180085,0.0776877312714886,0.382472271607522,0.338829552122215,"rap1b/rap1aa",2
"GO:0070534","protein K63-linked ubiquitination","2/676","13/18773",0.153846153846154,4.27241693218025,2.28112570180085,0.0776877312714886,0.382472271607522,0.338829552122215,"ube2v2/rnf8",2
"GO:0071356","cellular response to tumor necrosis factor","2/676","13/18773",0.153846153846154,4.27241693218025,2.28112570180085,0.0776877312714886,0.382472271607522,0.338829552122215,"cpne1/chuk",2
"GO:0090087","regulation of peptide transport","2/676","13/18773",0.153846153846154,4.27241693218025,2.28112570180085,0.0776877312714886,0.382472271607522,0.338829552122215,"uqcc2/chga",2
"GO:0090276","regulation of peptide hormone secretion","2/676","13/18773",0.153846153846154,4.27241693218025,2.28112570180085,0.0776877312714886,0.382472271607522,0.338829552122215,"uqcc2/chga",2
"GO:0008299","isoprenoid biosynthetic process","3/676","28/18773",0.107142857142857,2.97543322062553,2.02173380922709,0.078262260680403,0.382472271607522,0.338829552122215,"pdss1/idi1/hmgcra",3
"GO:0042398","cellular modified amino acid biosynthetic process","3/676","28/18773",0.107142857142857,2.97543322062553,2.02173380922709,0.078262260680403,0.382472271607522,0.338829552122215,"gch2/mthfs/gch1",3
"GO:0042558","pteridine-containing compound metabolic process","3/676","28/18773",0.107142857142857,2.97543322062553,2.02173380922709,0.078262260680403,0.382472271607522,0.338829552122215,"gch2/mthfs/gch1",3
"GO:0072089","stem cell proliferation","3/676","28/18773",0.107142857142857,2.97543322062553,2.02173380922709,0.078262260680403,0.382472271607522,0.338829552122215,"rab5c/tp53/slco2b1",3
"GO:1904888","cranial skeletal system development","14/676","256/18773",0.0546875,1.51871070636095,1.61504716210361,0.0801372055452613,0.390715905909643,0.346132530993617,"nr2f2/rap1b/polr1d/eif3ea/cxcr4a/msx1b/tfap2a/hand2/ndnf/cnbpa/mab21l2/wdr43/zic2b/smc1al",14
"GO:0070085","glycosylation","12/676","212/18773",0.0566037735849057,1.57192698448141,1.61857623839363,0.0823099070716461,0.400369266950372,0.354684377076883,"dad1/rpn1/ddost/si:zfos-464b6.2/alg1/alg2/st8sia6/dpm2/alg12/krtcap2/c1galt1b/ostc",12
"GO:0031146","SCF-dependent proteasomal ubiquitin-dependent protein catabolic process","4/676","46/18773",0.0869565217391304,2.41484435297144,1.85685847374314,0.0829440003057794,0.402510954754916,0.356581683557556,"fbxl15/fbxl18/fbxl5/amn1",4
"GO:0002181","cytoplasmic translation","5/676","65/18773",0.0769230769230769,2.13620846609012,1.77348020836003,0.0845316534509642,0.405768467898735,0.359467492023915,"eif3c/eif3s6ip/eif3ea/eif3ba/cnbpa",5
"GO:0006612","protein targeting to membrane","5/676","65/18773",0.0769230769230769,2.13620846609012,1.77348020836003,0.0845316534509642,0.405768467898735,0.359467492023915,"arl6ip1/ssr3/naca/sec61g/zdhhc15a",5
"GO:0008286","insulin receptor signaling pathway","3/676","29/18773",0.103448275862069,2.87283207508672,1.95070693257672,0.0850588461305823,0.405768467898735,0.359467492023915,"grb10b/gsk3ba/pik3r1",3
"GO:0051588","regulation of neurotransmitter transport","3/676","29/18773",0.103448275862069,2.87283207508672,1.95070693257672,0.0850588461305823,0.405768467898735,0.359467492023915,"rap1b/rims2b/rap1aa",3
"GO:0090307","mitotic spindle assembly","3/676","29/18773",0.103448275862069,2.87283207508672,1.95070693257672,0.0850588461305823,0.405768467898735,0.359467492023915,"zgc:86764/aurkb/znf207b",3
"GO:1901800","positive regulation of proteasomal protein catabolic process","3/676","29/18773",0.103448275862069,2.87283207508672,1.95070693257672,0.0850588461305823,0.405768467898735,0.359467492023915,"dda1/cdc20/gsk3ba",3
"GO:2000779","regulation of double-strand break repair","3/676","29/18773",0.103448275862069,2.87283207508672,1.95070693257672,0.0850588461305823,0.405768467898735,0.359467492023915,"tp53/rnf8/spire1a",3
"GO:0008544","epidermis development","8/676","126/18773",0.0634920634920635,1.76321968629661,1.66132912423147,0.0851781665882755,0.405768467898735,0.359467492023915,"ybx1/tp53/maff/slc39a7/pax2a/atp6v0d1/krt4/mafgb",8
"GO:1901657","glycosyl compound metabolic process","4/676","47/18773",0.0851063829787234,2.36346468588694,1.80882120673867,0.0882107012540416,0.41140424697332,0.364460189904145,"dnph1/ada2b/tyw3/tyw5",4
"GO:0002200","somatic diversification of immune receptors","2/676","14/18773",0.142857142857143,3.96724429416737,2.14653417399523,0.0885400570038873,0.41140424697332,0.364460189904145,"rnf8/msh2",2
"GO:0002832","negative regulation of response to biotic stimulus","2/676","14/18773",0.142857142857143,3.96724429416737,2.14653417399523,0.0885400570038873,0.41140424697332,0.364460189904145,"parp1/socs1a",2
"GO:0006278","RNA-templated DNA biosynthetic process","2/676","14/18773",0.142857142857143,3.96724429416737,2.14653417399523,0.0885400570038873,0.41140424697332,0.364460189904145,"nop10/nhp2",2
"GO:0007004","telomere maintenance via telomerase","2/676","14/18773",0.142857142857143,3.96724429416737,2.14653417399523,0.0885400570038873,0.41140424697332,0.364460189904145,"nop10/nhp2",2
"GO:0009070","serine family amino acid biosynthetic process","2/676","14/18773",0.142857142857143,3.96724429416737,2.14653417399523,0.0885400570038873,0.41140424697332,0.364460189904145,"psat1/psph",2
"GO:0016444","somatic cell DNA recombination","2/676","14/18773",0.142857142857143,3.96724429416737,2.14653417399523,0.0885400570038873,0.41140424697332,0.364460189904145,"rnf8/msh2",2
"GO:0034614","cellular response to reactive oxygen species","2/676","14/18773",0.142857142857143,3.96724429416737,2.14653417399523,0.0885400570038873,0.41140424697332,0.364460189904145,"prdx2/sod1",2
"GO:0045176","apical protein localization","2/676","14/18773",0.142857142857143,3.96724429416737,2.14653417399523,0.0885400570038873,0.41140424697332,0.364460189904145,"atp6ap2/atp6v0d1",2
"GO:0048268","clathrin coat assembly","2/676","14/18773",0.142857142857143,3.96724429416737,2.14653417399523,0.0885400570038873,0.41140424697332,0.364460189904145,"fcho1/nsg2",2
"GO:2000781","positive regulation of double-strand break repair","2/676","14/18773",0.142857142857143,3.96724429416737,2.14653417399523,0.0885400570038873,0.41140424697332,0.364460189904145,"rnf8/spire1a",2
"GO:0000956","nuclear-transcribed mRNA catabolic process","6/676","86/18773",0.0697674418604651,1.93749139947709,1.6841161965114,0.0897550725183212,0.416118941117306,0.368636904985962,"lsm7/ncbp2/sb:cb81/rbm8a/zgc:162730/magoh",6
"GO:0001822","kidney development","12/676","216/18773",0.0555555555555556,1.54281722550953,1.55078624449774,0.0914280154638178,0.418566747121845,0.37080539947241,"rbpjb/osr2/kcnq1.1/cenpf/tfap2a/anln/pax2a/vhl/atp6v0d1/prkcsh/mafba/tyro3",12
"GO:0061448","connective tissue development","12/676","216/18773",0.0555555555555556,1.54281722550953,1.55078624449774,0.0914280154638178,0.418566747121845,0.37080539947241,"marcksl1a/rap1b/polr1d/ncl/foxl1/tfap2a/msmo1/rap1aa/inka1a/cnbpa/marcksl1b/dnmt1",12
"GO:0002072","optic cup morphogenesis involved in camera-type eye development","3/676","30/18773",0.1,2.77707100591716,1.88265691346507,0.0920967758472235,0.418566747121845,0.37080539947241,"afap1l2/pax2a/mab21l2",3
"GO:0030278","regulation of ossification","3/676","30/18773",0.1,2.77707100591716,1.88265691346507,0.0920967758472235,0.418566747121845,0.37080539947241,"col1a1a/foxl1/bmp2k",3
"GO:0039021","pronephric glomerulus development","3/676","30/18773",0.1,2.77707100591716,1.88265691346507,0.0920967758472235,0.418566747121845,0.37080539947241,"rbpjb/pax2a/mafba",3
"GO:0045197","establishment or maintenance of epithelial cell apical/basal polarity","3/676","30/18773",0.1,2.77707100591716,1.88265691346507,0.0920967758472235,0.418566747121845,0.37080539947241,"lama1/lrrc7/rras",3
"GO:0051262","protein tetramerization","3/676","30/18773",0.1,2.77707100591716,1.88265691346507,0.0920967758472235,0.418566747121845,0.37080539947241,"tp53/farsa/nudt21",3
"GO:0060788","ectodermal placode formation","3/676","30/18773",0.1,2.77707100591716,1.88265691346507,0.0920967758472235,0.418566747121845,0.37080539947241,"msx1b/tfap2a/pax2a",3
"GO:1903052","positive regulation of proteolysis involved in protein catabolic process","3/676","30/18773",0.1,2.77707100591716,1.88265691346507,0.0920967758472235,0.418566747121845,0.37080539947241,"dda1/cdc20/gsk3ba",3
"GO:0048024","regulation of mRNA splicing, via spliceosome","5/676","67/18773",0.0746268656716418,2.07244104919191,1.69959597043874,0.093385119862597,0.419162206593532,0.37133291291868,"snrpc/cirbpb/ybx1/rbm8a/magoh",5
"GO:0030042","actin filament depolymerization","4/676","48/18773",0.0833333333333333,2.3142258382643,1.76199647162548,0.0936346085696318,0.419162206593532,0.37133291291868,"cfl1/capza1a/cfl1l/lmod1b",4
"GO:0039019","pronephric nephron development","4/676","48/18773",0.0833333333333333,2.3142258382643,1.76199647162548,0.0936346085696318,0.419162206593532,0.37133291291868,"rbpjb/tfap2a/pax2a/mafba",4
"GO:0045787","positive regulation of cell cycle","4/676","48/18773",0.0833333333333333,2.3142258382643,1.76199647162548,0.0936346085696318,0.419162206593532,0.37133291291868,"tp53/cdc25b/ranbp1/aurkb",4
"GO:0045765","regulation of angiogenesis","6/676","87/18773",0.0689655172413793,1.91522138339114,1.6536855826352,0.0936404736925368,0.419162206593532,0.37133291291868,"mydgf/nme2b.1/tp53/tmem33/vhl/basp1",6
"GO:0060218","hematopoietic stem cell differentiation","6/676","87/18773",0.0689655172413793,1.91522138339114,1.6536855826352,0.0936404736925368,0.419162206593532,0.37133291291868,"rap1b/fgfr4/adtrp1/epas1a/vhl/wdr43",6
"GO:0065004","protein-DNA complex assembly","6/676","87/18773",0.0689655172413793,1.91522138339114,1.6536855826352,0.0936404736925368,0.419162206593532,0.37133291291868,"cenpn/cenpx/cenpo/seta/si:ch211-161h7.4/h1-10",6
"GO:0007219","Notch signaling pathway","8/676","129/18773",0.062015503875969,1.72221457731297,1.59080477396939,0.0944458475588251,0.420051446209164,0.372120684171816,"rbpjb/snx5/tcima/rab5c/dlb/bmp2k/epas1a/rras",8
"GO:0010927","cellular component assembly involved in morphogenesis","8/676","129/18773",0.062015503875969,1.72221457731297,1.59080477396939,0.0944458475588251,0.420051446209164,0.372120684171816,"tpm3/myl9a/tpm4a/csrp3/cxcr4a/naca/cbfb/mybpc2b",8
"GO:0032989","cellular anatomical entity morphogenesis","8/676","129/18773",0.062015503875969,1.72221457731297,1.59080477396939,0.0944458475588251,0.420051446209164,0.372120684171816,"tpm3/myl9a/tpm4a/csrp3/cxcr4a/naca/cbfb/mybpc2b",8
"GO:0072001","renal system development","12/676","218/18773",0.055045871559633,1.52866293903697,1.5174065732266,0.0962105895450425,0.423925747639368,0.375552901134539,"rbpjb/osr2/kcnq1.1/cenpf/tfap2a/anln/pax2a/vhl/atp6v0d1/prkcsh/mafba/tyro3",12
"GO:0043434","response to peptide hormone","6/676","88/18773",0.0681818181818182,1.89345750403443,1.62365596839549,0.0976149809650063,0.423925747639368,0.375552901134539,"insig1/grb10b/insig2/gsk3ba/pik3r1/socs1a",6
"GO:0045930","negative regulation of mitotic cell cycle","6/676","88/18773",0.0681818181818182,1.89345750403443,1.62365596839549,0.0976149809650063,0.423925747639368,0.375552901134539,"spdl1/mad2l1/bub3/aurkb/nabp1a/znf207b",6
"GO:1902850","microtubule cytoskeleton organization involved in mitosis","6/676","88/18773",0.0681818181818182,1.89345750403443,1.62365596839549,0.0976149809650063,0.423925747639368,0.375552901134539,"spdl1/zgc:86764/aurkb/nuf2/pafah1b1a/znf207b",6
"GO:0006400","tRNA modification","5/676","68/18773",0.0735294117647059,2.04196397493909,1.66361807959938,0.0979830281701977,0.423925747639368,0.375552901134539,"elp5/elp6/tyw3/tyw5/trmt9b",5
"GO:0006576","biogenic amine metabolic process","4/676","49/18773",0.0816326530612245,2.26699673952421,1.71632507959378,0.0992124805065915,0.423925747639368,0.375552901134539,"oaz1b/amd1/oaz1a/sult1st1",4
"GO:0015833","peptide transport","3/676","31/18773",0.0967741935483871,2.68748807024241,1.81735143794648,0.0993666550771668,0.423925747639368,0.375552901134539,"uqcc2/chga/slc15a4",3
"GO:0016180","snRNA processing","3/676","31/18773",0.0967741935483871,2.68748807024241,1.81735143794648,0.0993666550771668,0.423925747639368,0.375552901134539,"nop10/ints6l/nhp2",3
"GO:0071383","cellular response to steroid hormone stimulus","3/676","31/18773",0.0967741935483871,2.68748807024241,1.81735143794648,0.0993666550771668,0.423925747639368,0.375552901134539,"anxa1a/cnot9/vhl",3
"GO:0072583","clathrin-dependent endocytosis","3/676","31/18773",0.0967741935483871,2.68748807024241,1.81735143794648,0.0993666550771668,0.423925747639368,0.375552901134539,"fcho1/bmp2k/ap2m1a",3
"GO:0099024","plasma membrane invagination","3/676","31/18773",0.0967741935483871,2.68748807024241,1.81735143794648,0.0993666550771668,0.423925747639368,0.375552901134539,"dchs1b/spire1a/aurkb",3
"GO:0002377","immunoglobulin production","2/676","15/18773",0.133333333333333,3.70276134122288,2.02388294048957,0.0998072655732552,0.423925747639368,0.375552901134539,"rnf8/msh2",2
"GO:0006692","prostanoid metabolic process","2/676","15/18773",0.133333333333333,3.70276134122288,2.02388294048957,0.0998072655732552,0.423925747639368,0.375552901134539,"slco2b1/hpgd",2
"GO:0006693","prostaglandin metabolic process","2/676","15/18773",0.133333333333333,3.70276134122288,2.02388294048957,0.0998072655732552,0.423925747639368,0.375552901134539,"slco2b1/hpgd",2
"GO:0006984","ER-nucleus signaling pathway","2/676","15/18773",0.133333333333333,3.70276134122288,2.02388294048957,0.0998072655732552,0.423925747639368,0.375552901134539,"insig1/insig2",2
"GO:0010043","response to zinc ion","2/676","15/18773",0.133333333333333,3.70276134122288,2.02388294048957,0.0998072655732552,0.423925747639368,0.375552901134539,"slc39a3/hvcn1",2
"GO:0032366","intracellular sterol transport","2/676","15/18773",0.133333333333333,3.70276134122288,2.02388294048957,0.0998072655732552,0.423925747639368,0.375552901134539,"stab2/npc1",2
"GO:0050777","negative regulation of immune response","2/676","15/18773",0.133333333333333,3.70276134122288,2.02388294048957,0.0998072655732552,0.423925747639368,0.375552901134539,"parp1/socs1a",2
"GO:0071763","nuclear membrane organization","2/676","15/18773",0.133333333333333,3.70276134122288,2.02388294048957,0.0998072655732552,0.423925747639368,0.375552901134539,"banf1/tmpoa",2
"GO:0072148","epithelial cell fate commitment","2/676","15/18773",0.133333333333333,3.70276134122288,2.02388294048957,0.0998072655732552,0.423925747639368,0.375552901134539,"rbpjb/nr2f2",2
"GO:0072662","protein localization to peroxisome","2/676","15/18773",0.133333333333333,3.70276134122288,2.02388294048957,0.0998072655732552,0.423925747639368,0.375552901134539,"pex12/pex10",2
"GO:0072663","establishment of protein localization to peroxisome","2/676","15/18773",0.133333333333333,3.70276134122288,2.02388294048957,0.0998072655732552,0.423925747639368,0.375552901134539,"pex12/pex10",2
"GO:0009725","response to hormone","15/676","289/18773",0.0519031141868512,1.44138633525112,1.46148766025139,0.100682421602499,0.426770182996714,0.378072766833873,"anxa1a/insig1/ssr4/grb10b/insig2/cnot9/ctbp1/jun/gsk3ba/pik3r1/nr1d2b/vhl/socs1a/zic2b/nupr1b",15
"GO:0046903","secretion","14/676","266/18773",0.0526315789473684,1.46161631890377,1.46547794502063,0.101236677176198,0.428002329431168,0.379164316876913,"rap1b/uqcc2/si:ch73-234b20.5/dchs1b/chga/tnfaip2b/sergef/rims2b/rap1aa/exoc6b/unc13d/snap25a/syn2b/rab11bb",14
"GO:0001525","angiogenesis","18/676","360/18773",0.05,1.38853550295858,1.43861641214002,0.10138524125187,0.428002329431168,0.379164316876913,"rbpjb/mydgf/nme2b.1/rab5c/tp53/hars/cxcr4a/sox18/tmem33/rack1/gsk3ba/rasip1/vhl/wdr43/clec14a/yy1a/basp1/cep41",18
"GO:0001756","somitogenesis","7/676","110/18773",0.0636363636363636,1.76722700376547,1.55974938191709,0.102194086587607,0.430541821181458,0.381414035134272,"rbpjb/rap1b/zeb2b/naa50/chuk/prrc1/mob1a",7
"GO:0006486","protein glycosylation","11/676","198/18773",0.0555555555555556,1.54281722550953,1.48404521293753,0.10289564384202,0.431745964161364,0.382480777109731,"dad1/rpn1/ddost/alg1/alg2/st8sia6/dpm2/alg12/krtcap2/c1galt1b/ostc",11
"GO:0043413","macromolecule glycosylation","11/676","198/18773",0.0555555555555556,1.54281722550953,1.48404521293753,0.10289564384202,0.431745964161364,0.382480777109731,"dad1/rpn1/ddost/alg1/alg2/st8sia6/dpm2/alg12/krtcap2/c1galt1b/ostc",11
"GO:0045055","regulated exocytosis","6/676","90/18773",0.0666666666666667,1.85138067061144,1.56475757004633,0.105828120055466,0.442123170842672,0.391673873062358,"rap1b/dchs1b/rims2b/rap1aa/snap25a/rab11bb",6
"GO:0009101","glycoprotein biosynthetic process","13/676","245/18773",0.0530612244897959,1.47354788069074,1.4419758801365,0.106251566794639,0.442123170842672,0.391673873062358,"dad1/rpn1/ddost/alg1/cant1a/alg2/st8sia6/dpm2/alg12/ndst1b/krtcap2/c1galt1b/ostc",13
"GO:0051146","striated muscle cell differentiation","13/676","245/18773",0.0530612244897959,1.47354788069074,1.4419758801365,0.106251566794639,0.442123170842672,0.391673873062358,"nr2f2/tpm3/myl9a/tpm4a/csrp3/six1b/col6a1/cxcr4a/naca/cbfb/hand2/jam3b/mybpc2b",13
"GO:0006383","transcription by RNA polymerase III","3/676","32/18773",0.09375,2.60350406804734,1.75458334433363,0.106858850150708,0.442123170842672,0.391673873062358,"polr1d/polr2eb/polr2f",3
"GO:0010324","membrane invagination","3/676","32/18773",0.09375,2.60350406804734,1.75458334433363,0.106858850150708,0.442123170842672,0.391673873062358,"dchs1b/spire1a/aurkb",3
"GO:0035088","establishment or maintenance of apical/basal cell polarity","3/676","32/18773",0.09375,2.60350406804734,1.75458334433363,0.106858850150708,0.442123170842672,0.391673873062358,"lama1/lrrc7/rras",3
"GO:0061245","establishment or maintenance of bipolar cell polarity","3/676","32/18773",0.09375,2.60350406804734,1.75458334433363,0.106858850150708,0.442123170842672,0.391673873062358,"lama1/lrrc7/rras",3
"GO:0071363","cellular response to growth factor stimulus","15/676","292/18773",0.0513698630136986,1.42657757153279,1.41988129262802,0.107289953220899,0.443024319761047,0.392472194684798,"tsc22d3/fbxl15/rab5c/tp53/fcho1/wfikkn1/ncl/fgfr4/tmem33/fstl5/rgmb/smad3a/ndnf/twsg1a/vhl",15
"GO:0051049","regulation of transport","17/676","340/18773",0.05,1.38853550295858,1.39732517532261,0.10895950255296,0.448295726239643,0.397142097390921,"rap1b/msna/clic2/oaz1b/uqcc2/slc35f6/rab5c/chga/ncbp2/tmem33/sergef/rims2b/rap1aa/bmp2k/oaz1a/npc1/pacsin2",17
"GO:0032879","regulation of localization","21/676","436/18773",0.0481651376146789,1.33758007165735,1.37841893640079,0.108998238686095,0.448295726239643,0.397142097390921,"rap1b/msna/clic2/oaz1b/uqcc2/slc35f6/rab5c/chga/ncbp2/gpc5a/mesd/tmem33/sergef/rack1/rims2b/rap1aa/bmp2k/oaz1a/npc1/pacsin2/tax1bp3",21
"GO:0070848","response to growth factor","15/676","293/18773",0.0511945392491468,1.42170870610094,1.40611461191492,0.109549575055994,0.449672860457115,0.398362091112707,"tsc22d3/fbxl15/rab5c/tp53/fcho1/wfikkn1/ncl/fgfr4/tmem33/fstl5/rgmb/smad3a/ndnf/twsg1a/vhl",15
"GO:0051668","localization within membrane","16/676","317/18773",0.0504731861198738,1.40167621749762,1.39399843637371,0.110489165221641,0.451213113152228,0.399726590370775,"arl5a/wdr83os/efr3a/timm13/arl6ip1/ssr3/camlg/naca/agrn/gpc5a/mesd/tmem147/exoc6b/sec61g/lrrc7/zdhhc15a",16
"GO:0003407","neural retina development","8/676","134/18773",0.0597014925373134,1.65795283935353,1.47727445470824,0.111116100314557,0.451213113152228,0.399726590370775,"marcksl1a/ran/agrn/slbp/sigmar1/marcksl1b/dnmt1/mafba",8
"GO:0006613","cotranslational protein targeting to membrane","2/676","16/18773",0.125,3.47133875739645,1.91133102692001,0.111445511337069,0.451213113152228,0.399726590370775,"arl6ip1/ssr3",2
"GO:0014074","response to purine-containing compound","2/676","16/18773",0.125,3.47133875739645,1.91133102692001,0.111445511337069,0.451213113152228,0.399726590370775,"rap1b/rap1aa",2
"GO:0031145","anaphase-promoting complex-dependent catabolic process","2/676","16/18773",0.125,3.47133875739645,1.91133102692001,0.111445511337069,0.451213113152228,0.399726590370775,"cdc26/cdc20",2
"GO:0046039","GTP metabolic process","2/676","16/18773",0.125,3.47133875739645,1.91133102692001,0.111445511337069,0.451213113152228,0.399726590370775,"nme2b.1/ran",2
"GO:0046683","response to organophosphorus","2/676","16/18773",0.125,3.47133875739645,1.91133102692001,0.111445511337069,0.451213113152228,0.399726590370775,"rap1b/rap1aa",2
"GO:0060536","cartilage morphogenesis","3/676","33/18773",0.0909090909090909,2.52461000537924,1.69416720170081,0.114563539297214,0.458744848947625,0.406398903256442,"rap1b/foxl1/rap1aa",3
"GO:0061318","renal filtration cell differentiation","3/676","33/18773",0.0909090909090909,2.52461000537924,1.69416720170081,0.114563539297214,0.458744848947625,0.406398903256442,"rbpjb/anln/tyro3",3
"GO:0072010","glomerular epithelium development","3/676","33/18773",0.0909090909090909,2.52461000537924,1.69416720170081,0.114563539297214,0.458744848947625,0.406398903256442,"rbpjb/anln/tyro3",3
"GO:0072112","podocyte differentiation","3/676","33/18773",0.0909090909090909,2.52461000537924,1.69416720170081,0.114563539297214,0.458744848947625,0.406398903256442,"rbpjb/anln/tyro3",3
"GO:0072311","glomerular epithelial cell differentiation","3/676","33/18773",0.0909090909090909,2.52461000537924,1.69416720170081,0.114563539297214,0.458744848947625,0.406398903256442,"rbpjb/anln/tyro3",3
"GO:0034976","response to endoplasmic reticulum stress","8/676","135/18773",0.0592592592592593,1.64567170721017,1.4551384433248,0.114630994994616,0.458744848947625,0.406398903256442,"pdia6/pdia4/ufc1/clgn/sel1l/sigmar1/rnf175/calr",8
"GO:0032940","secretion by cell","13/676","249/18773",0.0522088353413655,1.44987642879209,1.38118182205614,0.116306116414322,0.46443201199367,0.411437121843213,"rap1b/uqcc2/dchs1b/chga/tnfaip2b/sergef/rims2b/rap1aa/exoc6b/unc13d/snap25a/syn2b/rab11bb",13
"GO:0030855","epithelial cell differentiation","15/676","296/18773",0.0506756756756757,1.4072994962418,1.3651152761745,0.116499315478432,0.46443201199367,0.411437121843213,"rbpjb/nr2f2/cxcr4a/maff/ada2b/tfap2a/hand2/anln/stab2/lama1/pax2a/atp6v0d1/krt4/mafgb/tyro3",15
"GO:0030282","bone mineralization","4/676","52/18773",0.0769230769230769,2.13620846609012,1.58569807395785,0.116834661181596,0.46487661163635,0.411830989605626,"fbxl15/col1a1a/foxl1/bmp2k",4
"GO:0032835","glomerulus development","5/676","72/18773",0.0694444444444444,1.92852153188692,1.52563674404497,0.117478906726354,0.466054480738876,0.412874455734007,"rbpjb/anln/pax2a/mafba/tyro3",5
"GO:0043254","regulation of protein-containing complex assembly","8/676","136/18773",0.0588235294117647,1.63357117995127,1.43318479787469,0.11820524465806,0.466054480738876,0.412874455734007,"pfn1/cotl1/cdc42ep1a/capza1a/tmsb1/arpc3/lmod1b/arpc5b",8
"GO:0110053","regulation of actin filament organization","8/676","136/18773",0.0588235294117647,1.63357117995127,1.43318479787469,0.11820524465806,0.466054480738876,0.412874455734007,"pfn1/cotl1/cdc42ep1a/capza1a/tmsb1/arpc3/lmod1b/arpc5b",8
"GO:0071824","protein-DNA complex organization","6/676","93/18773",0.0645161290322581,1.79165871349494,1.47916411489441,0.118794242761379,0.466054480738876,0.412874455734007,"cenpn/cenpx/cenpo/seta/si:ch211-161h7.4/h1-10",6
"GO:0006913","nucleocytoplasmic transport","7/676","115/18773",0.0608695652173913,1.69039104708001,1.43528073043553,0.121411365719121,0.466054480738876,0.412874455734007,"ran/npm1a/ranbp1/ncbp2/sem1/nutf2l/kpnb3",7
"GO:0051169","nuclear transport","7/676","115/18773",0.0608695652173913,1.69039104708001,1.43528073043553,0.121411365719121,0.466054480738876,0.412874455734007,"ran/npm1a/ranbp1/ncbp2/sem1/nutf2l/kpnb3",7
"GO:0080135","regulation of cellular response to stress","7/676","115/18773",0.0608695652173913,1.69039104708001,1.43528073043553,0.121411365719121,0.466054480738876,0.412874455734007,"insig1/tp53/insig2/rnf8/spire1a/sigmar1/vhl",7
"GO:0009126","purine nucleoside monophosphate metabolic process","3/676","34/18773",0.0882352941176471,2.45035676992691,1.63593644244036,0.122470759355615,0.466054480738876,0.412874455734007,"nt5c2a/paics/gmps",3
"GO:0009167","purine ribonucleoside monophosphate metabolic process","3/676","34/18773",0.0882352941176471,2.45035676992691,1.63593644244036,0.122470759355615,0.466054480738876,0.412874455734007,"nt5c2a/paics/gmps",3
"GO:0048854","brain morphogenesis","3/676","34/18773",0.0882352941176471,2.45035676992691,1.63593644244036,0.122470759355615,0.466054480738876,0.412874455734007,"lama1/slbp/pafah1b1a",3
"GO:0051293","establishment of spindle localization","3/676","34/18773",0.0882352941176471,2.45035676992691,1.63593644244036,0.122470759355615,0.466054480738876,0.412874455734007,"spdl1/spire1a/pafah1b1a",3
"GO:0051653","spindle localization","3/676","34/18773",0.0882352941176471,2.45035676992691,1.63593644244036,0.122470759355615,0.466054480738876,0.412874455734007,"spdl1/spire1a/pafah1b1a",3
"GO:0071600","otic vesicle morphogenesis","3/676","34/18773",0.0882352941176471,2.45035676992691,1.63593644244036,0.122470759355615,0.466054480738876,0.412874455734007,"msx1b/tfap2a/pax2a",3
"GO:0048593","camera-type eye morphogenesis","11/676","205/18773",0.0536585365853659,1.49013566171165,1.36375387239432,0.12265397230138,0.466054480738876,0.412874455734007,"afap1l2/arl6ip1/agrn/atp6v0e1/lama1/sigmar1/pax2a/mab21l2/socs1a/dnmt1/mafba",11
"GO:0006354","DNA-templated transcription elongation","4/676","53/18773",0.0754716981132075,2.09590264597521,1.54412450657419,0.122992335630722,0.466054480738876,0.412874455734007,"polr1d/polr2eb/rnf8/supt4h1",4
"GO:0042147","retrograde transport, endosome to Golgi","4/676","53/18773",0.0754716981132075,2.09590264597521,1.54412450657419,0.122992335630722,0.466054480738876,0.412874455734007,"snx5/golt1bb/heatr5a/plekha3",4
"GO:0051225","spindle assembly","4/676","53/18773",0.0754716981132075,2.09590264597521,1.54412450657419,0.122992335630722,0.466054480738876,0.412874455734007,"zgc:86764/mapre1b/aurkb/znf207b",4
"GO:0000731","DNA synthesis involved in DNA repair","2/676","17/18773",0.117647058823529,3.26714235990254,1.80741743651385,0.123413560137882,0.466054480738876,0.412874455734007,"poln/pclaf",2
"GO:0001818","negative regulation of cytokine production","2/676","17/18773",0.117647058823529,3.26714235990254,1.80741743651385,0.123413560137882,0.466054480738876,0.412874455734007,"banf1/ppp1r11",2
"GO:0006743","ubiquinone metabolic process","2/676","17/18773",0.117647058823529,3.26714235990254,1.80741743651385,0.123413560137882,0.466054480738876,0.412874455734007,"pdss1/coq6",2
"GO:0006744","ubiquinone biosynthetic process","2/676","17/18773",0.117647058823529,3.26714235990254,1.80741743651385,0.123413560137882,0.466054480738876,0.412874455734007,"pdss1/coq6",2
"GO:0009163","nucleoside biosynthetic process","2/676","17/18773",0.117647058823529,3.26714235990254,1.80741743651385,0.123413560137882,0.466054480738876,0.412874455734007,"dnph1/ada2b",2
"GO:0014013","regulation of gliogenesis","2/676","17/18773",0.117647058823529,3.26714235990254,1.80741743651385,0.123413560137882,0.466054480738876,0.412874455734007,"swap70b/ctbp2a",2
"GO:0033617","mitochondrial cytochrome c oxidase assembly","2/676","17/18773",0.117647058823529,3.26714235990254,1.80741743651385,0.123413560137882,0.466054480738876,0.412874455734007,"coa5/pet100",2
"GO:0034404","nucleobase-containing small molecule biosynthetic process","2/676","17/18773",0.117647058823529,3.26714235990254,1.80741743651385,0.123413560137882,0.466054480738876,0.412874455734007,"dnph1/ada2b",2
"GO:0051347","positive regulation of transferase activity","2/676","17/18773",0.117647058823529,3.26714235990254,1.80741743651385,0.123413560137882,0.466054480738876,0.412874455734007,"cdc20/prrc1",2
"GO:1901661","quinone metabolic process","2/676","17/18773",0.117647058823529,3.26714235990254,1.80741743651385,0.123413560137882,0.466054480738876,0.412874455734007,"pdss1/coq6",2
"GO:1901663","quinone biosynthetic process","2/676","17/18773",0.117647058823529,3.26714235990254,1.80741743651385,0.123413560137882,0.466054480738876,0.412874455734007,"pdss1/coq6",2
"GO:0051129","negative regulation of cellular component organization","9/676","160/18773",0.05625,1.5621024408284,1.38004294530499,0.124304348227844,0.468566481432365,0.415099819853419,"spdl1/slc35f6/mad2l1/bub3/capza1a/bcl11aa/tmsb1/lmod1b/znf207b",9
"GO:0009880","embryonic pattern specification","5/676","74/18773",0.0675675675675676,1.87639932832241,1.45993672223451,0.127863811997092,0.480240755005351,0.425441978435169,"rap1b/pax2a/chuk/prrc1/mafba",5
"GO:0071375","cellular response to peptide hormone stimulus","5/676","74/18773",0.0675675675675676,1.87639932832241,1.45993672223451,0.127863811997092,0.480240755005351,0.425441978435169,"insig1/grb10b/insig2/gsk3ba/pik3r1",5
"GO:0043094","cellular metabolic compound salvage","3/676","35/18773",0.0857142857142857,2.38034657650042,1.5797409456825,0.130570448635914,0.488639318588816,0.432882208090237,"uck2b/dnph1/si:ch211-243j20.2",3
"GO:0097205","renal filtration","3/676","35/18773",0.0857142857142857,2.38034657650042,1.5797409456825,0.130570448635914,0.488639318588816,0.432882208090237,"kcnq1.1/anln/tyro3",3
"GO:0007030","Golgi organization","5/676","75/18773",0.0666666666666667,1.85138067061144,1.42784862426451,0.133208421580663,0.492775366269702,0.436546304254334,"sec22ba/tmed9/tmed5/trip11/tmed2",5
"GO:1903046","meiotic cell cycle process","5/676","75/18773",0.0666666666666667,1.85138067061144,1.42784862426451,0.133208421580663,0.492775366269702,0.436546304254334,"cenpx/cdc25b/spire1a/si:ch211-161h7.4/nuf2",5
"GO:0010256","endomembrane system organization","14/676","279/18773",0.050179211469534,1.39351233271829,1.27988323480648,0.133280070682095,0.492775366269702,0.436546304254334,"wdr83os/banf1/camlg/tmem33/tmpoa/tmem147/plekha3/sec22ba/snap25a/tmed9/tmed5/pacsin2/trip11/tmed2",14
"GO:0002042","cell migration involved in sprouting angiogenesis","2/676","18/18773",0.111111111111111,3.08563445101907,1.71096544233461,0.135672658536652,0.492775366269702,0.436546304254334,"rab5c/cxcr4a",2
"GO:0008535","respiratory chain complex IV assembly","2/676","18/18773",0.111111111111111,3.08563445101907,1.71096544233461,0.135672658536652,0.492775366269702,0.436546304254334,"coa5/pet100",2
"GO:0010669","epithelial structure maintenance","2/676","18/18773",0.111111111111111,3.08563445101907,1.71096544233461,0.135672658536652,0.492775366269702,0.436546304254334,"tp53/prrc1",2
"GO:0015919","peroxisomal membrane transport","2/676","18/18773",0.111111111111111,3.08563445101907,1.71096544233461,0.135672658536652,0.492775366269702,0.436546304254334,"pex12/pex10",2
"GO:0021548","pons development","2/676","18/18773",0.111111111111111,3.08563445101907,1.71096544233461,0.135672658536652,0.492775366269702,0.436546304254334,"pax2a/mafba",2
"GO:0030183","B cell differentiation","2/676","18/18773",0.111111111111111,3.08563445101907,1.71096544233461,0.135672658536652,0.492775366269702,0.436546304254334,"slc39a7/dnmt1",2
"GO:0030878","thyroid gland development","2/676","18/18773",0.111111111111111,3.08563445101907,1.71096544233461,0.135672658536652,0.492775366269702,0.436546304254334,"hand2/pax2a",2
"GO:0034312","diol biosynthetic process","2/676","18/18773",0.111111111111111,3.08563445101907,1.71096544233461,0.135672658536652,0.492775366269702,0.436546304254334,"gch2/gch1",2
"GO:0043574","peroxisomal transport","2/676","18/18773",0.111111111111111,3.08563445101907,1.71096544233461,0.135672658536652,0.492775366269702,0.436546304254334,"pex12/pex10",2
"GO:0060221","retinal rod cell differentiation","2/676","18/18773",0.111111111111111,3.08563445101907,1.71096544233461,0.135672658536652,0.492775366269702,0.436546304254334,"sigmar1/mafba",2
"GO:1904951","positive regulation of establishment of protein localization","2/676","18/18773",0.111111111111111,3.08563445101907,1.71096544233461,0.135672658536652,0.492775366269702,0.436546304254334,"oaz1b/oaz1a",2
"GO:0003401","axis elongation","4/676","55/18773",0.0727272727272727,2.01968800430339,1.46367367232881,0.135708959800804,0.492775366269702,0.436546304254334,"zeb2b/swap70b/fcho1/tax1bp3",4
"GO:0007029","endoplasmic reticulum organization","4/676","55/18773",0.0727272727272727,2.01968800430339,1.46367367232881,0.135708959800804,0.492775366269702,0.436546304254334,"wdr83os/camlg/tmem33/tmem147",4
"GO:0009308","amine metabolic process","4/676","55/18773",0.0727272727272727,2.01968800430339,1.46367367232881,0.135708959800804,0.492775366269702,0.436546304254334,"oaz1b/amd1/oaz1a/sult1st1",4
"GO:0055002","striated muscle cell development","11/676","210/18773",0.0523809523809524,1.4546562411947,1.28054265584523,0.13797373703525,0.499820821114347,0.44278782419374,"nr2f2/tpm3/myl9a/tpm4a/csrp3/six1b/col6a1/cxcr4a/naca/cbfb/mybpc2b",11
"GO:0050684","regulation of mRNA processing","5/676","76/18773",0.0657894736842105,1.82702039862971,1.39624741255707,0.138651532745847,0.499820821114347,0.44278782419374,"snrpc/cirbpb/ybx1/rbm8a/magoh",5
"GO:0031331","positive regulation of cellular catabolic process","3/676","36/18773",0.0833333333333333,2.3142258382643,1.52544498997032,0.138852486173798,0.499820821114347,0.44278782419374,"adam8a/snx4/gsk3ba",3
"GO:0032434","regulation of proteasomal ubiquitin-dependent protein catabolic process","3/676","36/18773",0.0833333333333333,2.3142258382643,1.52544498997032,0.138852486173798,0.499820821114347,0.44278782419374,"dda1/cdc20/gsk3ba",3
"GO:0042113","B cell activation","3/676","36/18773",0.0833333333333333,2.3142258382643,1.52544498997032,0.138852486173798,0.499820821114347,0.44278782419374,"rnf8/slc39a7/dnmt1",3
"GO:0048545","response to steroid hormone","4/676","56/18773",0.0714285714285714,1.98362214708369,1.42471999558239,0.142259432505186,0.511198687393202,0.452867397594363,"anxa1a/cnot9/jun/vhl",4
"GO:0044283","small molecule biosynthetic process","15/676","307/18773",0.0488599348534202,1.35687508432435,1.21849661733442,0.144148810564167,0.517093401626555,0.458089484348994,"gch2/hsd17b7/insig1/psat1/dnph1/insig2/fgfr4/gch1/lbr/ada2b/psph/pdss1/msmo1/coq6/elovl2",15
"GO:0001889","liver development","9/676","166/18773",0.0542168674698795,1.50564090682256,1.26468798981854,0.145681901684649,0.521666392556284,0.462140665528918,"zeb2b/epcam/atp6ap2/arf6a/gmnn/smc2/tomm22/dnmt1/prkcsh",9
"GO:0006518","peptide metabolic process","3/676","37/18773",0.0810810810810811,2.25167919398689,1.47292551018307,0.147306727607131,0.521666392556284,0.462140665528918,"cpe/lnpep/lancl2",3
"GO:0033559","unsaturated fatty acid metabolic process","3/676","37/18773",0.0810810810810811,2.25167919398689,1.47292551018307,0.147306727607131,0.521666392556284,0.462140665528918,"slco2b1/hpgd/elovl2",3
"GO:0001959","regulation of cytokine-mediated signaling pathway","2/676","19/18773",0.105263157894737,2.92323263780754,1.62101484725599,0.148186409055468,0.521666392556284,0.462140665528918,"cpne1/socs1a",2
"GO:0010833","telomere maintenance via telomere lengthening","2/676","19/18773",0.105263157894737,2.92323263780754,1.62101484725599,0.148186409055468,0.521666392556284,0.462140665528918,"nop10/nhp2",2
"GO:0016082","synaptic vesicle priming","2/676","19/18773",0.105263157894737,2.92323263780754,1.62101484725599,0.148186409055468,0.521666392556284,0.462140665528918,"rims2b/snap25a",2
"GO:0030856","regulation of epithelial cell differentiation","2/676","19/18773",0.105263157894737,2.92323263780754,1.62101484725599,0.148186409055468,0.521666392556284,0.462140665528918,"maff/mafgb",2
"GO:0051014","actin filament severing","2/676","19/18773",0.105263157894737,2.92323263780754,1.62101484725599,0.148186409055468,0.521666392556284,0.462140665528918,"cfl1/cfl1l",2
"GO:0060759","regulation of response to cytokine stimulus","2/676","19/18773",0.105263157894737,2.92323263780754,1.62101484725599,0.148186409055468,0.521666392556284,0.462140665528918,"cpne1/socs1a",2
"GO:0060996","dendritic spine development","2/676","19/18773",0.105263157894737,2.92323263780754,1.62101484725599,0.148186409055468,0.521666392556284,0.462140665528918,"llph/arf6a",2
"GO:2001257","regulation of cation channel activity","2/676","19/18773",0.105263157894737,2.92323263780754,1.62101484725599,0.148186409055468,0.521666392556284,0.462140665528918,"clic2/tmem33",2
"GO:0006720","isoprenoid metabolic process","4/676","57/18773",0.0701754385964912,1.94882175853836,1.38656704054516,0.148932191582275,0.522520543777678,0.462897352215179,"pdss1/dpm2/idi1/hmgcra",4
"GO:0141193","nuclear receptor-mediated signaling pathway","4/676","57/18773",0.0701754385964912,1.94882175853836,1.38656704054516,0.148932191582275,0.522520543777678,0.462897352215179,"cnot9/ctbp1/vhl/zic2b",4
"GO:0014033","neural crest cell differentiation","9/676","167/18773",0.0538922155688623,1.49662509300925,1.24590725340827,0.149414986459114,0.522998998442739,0.46332121190883,"zeb2b/sema3fa/arl6ip1/cxcr4a/tfap2a/eif3ba/cnbpa/zic2b/cep41",9
"GO:0140352","export from cell","14/676","285/18773",0.0491228070175439,1.36417523097685,1.19732815683363,0.149791444400911,0.522998998442739,0.46332121190883,"rap1b/uqcc2/kcnq1.1/dchs1b/chga/tnfaip2b/sergef/rims2b/rap1aa/exoc6b/unc13d/snap25a/syn2b/rab11bb",14
"GO:0001945","lymph vessel development","5/676","78/18773",0.0641025641025641,1.78017372174177,1.33444663909607,0.149823978850953,0.522998998442739,0.46332121190883,"nr2f2/cxcr4a/sox18/stab2/mafba",5
"GO:0031503","protein-containing complex localization","6/676","100/18773",0.06,1.6662426035503,1.29107264531219,0.151904926055619,0.529373374861612,0.468968228091173,"dynll1/ran/npm1a/tnfaip2b/lrrc7/ift52",6
"GO:0023061","signal release","7/676","123/18773",0.056910569105691,1.5804469139366,1.24824826682354,0.155676621772448,0.538855490346817,0.477368368915813,"rap1b/uqcc2/chga/rims2b/rap1aa/snap25a/syn2b",7
"GO:0140013","meiotic nuclear division","4/676","58/18773",0.0689655172413793,1.91522138339114,1.34918208899901,0.155722763021308,0.538855490346817,0.477368368915813,"cenpx/spire1a/si:ch211-161h7.4/nuf2",4
"GO:0002520","immune system development","3/676","38/18773",0.0789473684210526,2.19242447835565,1.42207060657309,0.155923037890437,0.538855490346817,0.477368368915813,"tlx1/rnf8/msh2",3
"GO:0062197","cellular response to chemical stress","3/676","38/18773",0.0789473684210526,2.19242447835565,1.42207060657309,0.155923037890437,0.538855490346817,0.477368368915813,"prdx2/sod1/nupr1b",3
"GO:0098754","detoxification","3/676","38/18773",0.0789473684210526,2.19242447835565,1.42207060657309,0.155923037890437,0.538855490346817,0.477368368915813,"prdx2/sod1/prdx6",3
"GO:0006974","DNA damage response","21/676","459/18773",0.0457516339869281,1.27055536218432,1.13421715345987,0.156499975473106,0.539950912055883,0.478338795465972,"ube2v2/atm/poln/nucks1b/parp1/pclaf/rfc4/cenpx/tp53/sem1/rnf8/msh2/mastl/spire1a/h2ax/ercc5/smc2/inip/vhl/nabp1a/polq",21
"GO:0072006","nephron development","6/676","101/18773",0.0594059405940594,1.64974515203,1.26541693660892,0.156941801421104,0.540204861001086,0.478563767088107,"rbpjb/tfap2a/anln/pax2a/mafba/tyro3",6
"GO:0048793","pronephros development","8/676","146/18773",0.0547945205479452,1.52168274296831,1.22302903903902,0.157093758326748,0.540204861001086,0.478563767088107,"rbpjb/osr2/tfap2a/pax2a/vhl/atp6v0d1/prkcsh/mafba",8
"GO:0061008","hepaticobiliary system development","9/676","170/18773",0.0529411764705882,1.47021406195614,1.19029307780566,0.160895610803849,0.542311705916941,0.480430206493583,"zeb2b/epcam/atp6ap2/arf6a/gmnn/smc2/tomm22/dnmt1/prkcsh",9
"GO:0001556","oocyte maturation","2/676","20/18773",0.1,2.77707100591716,1.5367730283789,0.160920651167443,0.542311705916941,0.480430206493583,"ybx1/nemp1",2
"GO:0001738","morphogenesis of a polarized epithelium","2/676","20/18773",0.1,2.77707100591716,1.5367730283789,0.160920651167443,0.542311705916941,0.480430206493583,"hand2/lama1",2
"GO:0001757","somite specification","2/676","20/18773",0.1,2.77707100591716,1.5367730283789,0.160920651167443,0.542311705916941,0.480430206493583,"chuk/prrc1",2
"GO:0009411","response to UV","2/676","20/18773",0.1,2.77707100591716,1.5367730283789,0.160920651167443,0.542311705916941,0.480430206493583,"tp53/aurkb",2
"GO:0030073","insulin secretion","2/676","20/18773",0.1,2.77707100591716,1.5367730283789,0.160920651167443,0.542311705916941,0.480430206493583,"uqcc2/chga",2
"GO:0030518","nuclear receptor-mediated steroid hormone signaling pathway","2/676","20/18773",0.1,2.77707100591716,1.5367730283789,0.160920651167443,0.542311705916941,0.480430206493583,"cnot9/vhl",2
"GO:0031124","mRNA 3'-end processing","2/676","20/18773",0.1,2.77707100591716,1.5367730283789,0.160920651167443,0.542311705916941,0.480430206493583,"nudt21/slbp",2
"GO:0046883","regulation of hormone secretion","2/676","20/18773",0.1,2.77707100591716,1.5367730283789,0.160920651167443,0.542311705916941,0.480430206493583,"uqcc2/chga",2
"GO:0060350","endochondral bone morphogenesis","2/676","20/18773",0.1,2.77707100591716,1.5367730283789,0.160920651167443,0.542311705916941,0.480430206493583,"rap1b/rap1aa",2
"GO:0070050","neuron cellular homeostasis","2/676","20/18773",0.1,2.77707100591716,1.5367730283789,0.160920651167443,0.542311705916941,0.480430206493583,"sod1/gch1",2
"GO:0072676","lymphocyte migration","2/676","20/18773",0.1,2.77707100591716,1.5367730283789,0.160920651167443,0.542311705916941,0.480430206493583,"ch25h/socs1a",2
"GO:0007269","neurotransmitter secretion","5/676","80/18773",0.0625,1.73566937869822,1.27442269708821,0.161361884572301,0.542311705916941,0.480430206493583,"rap1b/rims2b/rap1aa/snap25a/syn2b",5
"GO:0099643","signal release from synapse","5/676","80/18773",0.0625,1.73566937869822,1.27442269708821,0.161361884572301,0.542311705916941,0.480430206493583,"rap1b/rims2b/rap1aa/snap25a/syn2b",5
"GO:0006575","cellular modified amino acid metabolic process","6/676","102/18773",0.0588235294117647,1.63357117995127,1.24004383537817,0.162050864491966,0.543747407996468,0.481702085081127,"gch2/gstt1b/mthfs/gch1/cratb/gstr",6
"GO:0031076","embryonic camera-type eye development","4/676","59/18773",0.0677966101694915,1.88276000401163,1.31253432198522,0.162626600261752,0.543921817622639,0.481856593368154,"lmo4a/afap1l2/pax2a/mab21l2",4
"GO:0071599","otic vesicle development","4/676","59/18773",0.0677966101694915,1.88276000401163,1.31253432198522,0.162626600261752,0.543921817622639,0.481856593368154,"msx1b/tfap2a/pax2a/npc1",4
"GO:0030901","midbrain development","3/676","39/18773",0.0769230769230769,2.13620846609012,1.37277826383713,0.164691321051497,0.547711063451013,0.485213460158818,"dlb/pax2a/zic2b",3
"GO:0045727","positive regulation of translation","3/676","39/18773",0.0769230769230769,2.13620846609012,1.37277826383713,0.164691321051497,0.547711063451013,0.485213460158818,"uqcc2/ssb/cnbpa",3
"GO:0060840","artery development","3/676","39/18773",0.0769230769230769,2.13620846609012,1.37277826383713,0.164691321051497,0.547711063451013,0.485213460158818,"rbpjb/sox18/sox7",3
"GO:0031032","actomyosin structure organization","9/676","171/18773",0.0526315789473684,1.46161631890377,1.17199218611664,0.164814354673511,0.547711063451013,0.485213460158818,"tpm3/myl9a/tpm4a/csrp3/cxcr4a/naca/cbfb/anln/mybpc2b",9
"GO:1903530","regulation of secretion by cell","6/676","103/18773",0.058252427184466,1.61771126558281,1.21494691563257,0.167230494693351,0.554070666655024,0.490847388851827,"rap1b/uqcc2/chga/sergef/rims2b/rap1aa",6
"GO:1990542","mitochondrial transmembrane transport","5/676","81/18773",0.0617283950617284,1.71424136167726,1.24504470994423,0.167261583048965,0.554070666655024,0.490847388851827,"tomm40l/timm23a/pam16/dnajc15/vdac2",5
"GO:1901698","response to nitrogen compound","13/676","267/18773",0.048689138576779,1.35213195044656,1.12003117645614,0.168029920967019,0.555684846388309,0.492277379564029,"rap1b/insig1/grb10b/insig2/nsg2/clgn/rap1aa/sel1l/gsk3ba/pik3r1/socs1a/rnf175/calr",13
"GO:0030099","myeloid cell differentiation","12/676","243/18773",0.0493827160493827,1.37139308934181,1.12622346862467,0.168283952035747,0.555684846388309,0.492277379564029,"brd2a/tp53/nemp1/csnk2b/ada2b/mastl/alas1/nbeal2/arpc1b/vhl/npc1/dnmt1",12
"GO:0014032","neural crest cell development","8/676","149/18773",0.0536912751677852,1.49104483539176,1.16306270007393,0.169816229133464,0.558082765680702,0.494401679755654,"zeb2b/sema3fa/arl6ip1/cxcr4a/tfap2a/eif3ba/zic2b/cep41",8
"GO:0018193","peptidyl-amino acid modification","8/676","149/18773",0.0536912751677852,1.49104483539176,1.16306270007393,0.169816229133464,0.558082765680702,0.494401679755654,"ppib/ppiab/fkbp2/dohh/ppil2/sumo2b/socs1a/cep41",8
"GO:0048864","stem cell development","8/676","149/18773",0.0536912751677852,1.49104483539176,1.16306270007393,0.169816229133464,0.558082765680702,0.494401679755654,"zeb2b/sema3fa/arl6ip1/cxcr4a/tfap2a/eif3ba/zic2b/cep41",8
"GO:0048732","gland development","13/676","268/18773",0.0485074626865672,1.34708668197474,1.10607895587172,0.171200987802123,0.559802532316916,0.495925209178202,"rbpjb/zeb2b/epcam/atp6ap2/six1b/arf6a/hand2/gmnn/smc2/tomm22/pax2a/dnmt1/prkcsh",13
"GO:0071396","cellular response to lipid","6/676","104/18773",0.0576923076923077,1.60215634956759,1.19011996158389,0.172479029608782,0.559802532316916,0.495925209178202,"anxa1a/insig1/insig2/cnot9/vhl/cxcl18b",6
"GO:0006887","exocytosis","9/676","173/18773",0.0520231213872832,1.44471902041933,1.13573657365084,0.172785974142227,0.559802532316916,0.495925209178202,"rap1b/dchs1b/tnfaip2b/rims2b/rap1aa/exoc6b/unc13d/snap25a/rab11bb",9
"GO:0060900","embryonic camera-type eye formation","3/676","40/18773",0.075,2.08280325443787,1.32495524605387,0.173601547182775,0.559802532316916,0.495925209178202,"afap1l2/pax2a/mab21l2",3
"GO:2000058","regulation of ubiquitin-dependent protein catabolic process","3/676","40/18773",0.075,2.08280325443787,1.32495524605387,0.173601547182775,0.559802532316916,0.495925209178202,"dda1/cdc20/gsk3ba",3
"GO:0006376","mRNA splice site recognition","2/676","21/18773",0.0952380952380952,2.64482952944491,1.45757889720796,0.173843347782576,0.559802532316916,0.495925209178202,"snrpc/prpf39",2
"GO:0007379","segment specification","2/676","21/18773",0.0952380952380952,2.64482952944491,1.45757889720796,0.173843347782576,0.559802532316916,0.495925209178202,"chuk/prrc1",2
"GO:0019915","lipid storage","2/676","21/18773",0.0952380952380952,2.64482952944491,1.45757889720796,0.173843347782576,0.559802532316916,0.495925209178202,"bscl2l/npc1",2
"GO:0032365","intracellular lipid transport","2/676","21/18773",0.0952380952380952,2.64482952944491,1.45757889720796,0.173843347782576,0.559802532316916,0.495925209178202,"stab2/npc1",2
"GO:0034311","diol metabolic process","2/676","21/18773",0.0952380952380952,2.64482952944491,1.45757889720796,0.173843347782576,0.559802532316916,0.495925209178202,"gch2/gch1",2
"GO:0043173","nucleotide salvage","2/676","21/18773",0.0952380952380952,2.64482952944491,1.45757889720796,0.173843347782576,0.559802532316916,0.495925209178202,"uck2b/si:ch211-243j20.2",2
"GO:0050830","defense response to Gram-positive bacterium","2/676","21/18773",0.0952380952380952,2.64482952944491,1.45757889720796,0.173843347782576,0.559802532316916,0.495925209178202,"h2ax1/ppp1r11",2
"GO:0071248","cellular response to metal ion","2/676","21/18773",0.0952380952380952,2.64482952944491,1.45757889720796,0.173843347782576,0.559802532316916,0.495925209178202,"hvcn1/cpne1",2
"GO:1901699","cellular response to nitrogen compound","8/676","150/18773",0.0533333333333333,1.48110453648915,1.14336682641332,0.174158259652564,0.559948460214203,0.496054485697705,"rap1b/insig1/grb10b/insig2/nsg2/rap1aa/gsk3ba/pik3r1",8
"GO:0031123","RNA 3'-end processing","4/676","61/18773",0.0655737704918033,1.82103016781453,1.24133572893292,0.176755590829344,0.567420961595901,0.502674323224101,"ints6l/ptcd1/nudt21/slbp",4
"GO:0045944","positive regulation of transcription by RNA polymerase II","16/676","344/18773",0.0465116279069767,1.29166093298473,1.05519305593557,0.179161372099689,0.574256434955331,0.508729822011463,"gabpb2b/tp53/si:ch211-222l21.1/sub1b/npm1a/si:dkey-93h22.8/sox18/tfap2a/jun/mrtfaa/znf513a/smad3a/nr1d2b/chuk/cnbpa/sox7",16
"GO:0009314","response to radiation","9/676","175/18773",0.0514285714285714,1.42820794590025,1.09993229136878,0.180932096749519,0.579038466793143,0.512966191092626,"lsm7/tp53/rnf8/atp6v0e1/opn1sw2/aurkb/lama1/inip/nabp1a",9
"GO:0006418","tRNA aminoacylation for protein translation","3/676","41/18773",0.0731707317073171,2.03200317506134,1.27851613958457,0.182643776849583,0.58272062137724,0.5162281864873,"lrrc47/hars/farsa",3
"GO:0090068","positive regulation of cell cycle process","3/676","41/18773",0.0731707317073171,2.03200317506134,1.27851613958457,0.182643776849583,0.58272062137724,0.5162281864873,"cdc25b/ranbp1/aurkb",3
"GO:0008593","regulation of Notch signaling pathway","4/676","62/18773",0.0645161290322581,1.79165871349494,1.20673155457126,0.183971388242708,0.585158611608124,0.518387985247448,"tcima/rab5c/dlb/bmp2k",4
"GO:0072009","nephron epithelium development","4/676","62/18773",0.0645161290322581,1.79165871349494,1.20673155457126,0.183971388242708,0.585158611608124,0.518387985247448,"rbpjb/tfap2a/anln/tyro3",4
"GO:0000132","establishment of mitotic spindle orientation","2/676","22/18773",0.0909090909090909,2.52461000537924,1.38287592718503,0.186924476988996,0.587355731779341,0.520334398880109,"spdl1/pafah1b1a",2
"GO:0006829","zinc ion transport","2/676","22/18773",0.0909090909090909,2.52461000537924,1.38287592718503,0.186924476988996,0.587355731779341,0.520334398880109,"slc39a3/slc39a7",2
"GO:0006903","vesicle targeting","2/676","22/18773",0.0909090909090909,2.52461000537924,1.38287592718503,0.186924476988996,0.587355731779341,0.520334398880109,"exoc6b/tmed9",2
"GO:0006998","nuclear envelope organization","2/676","22/18773",0.0909090909090909,2.52461000537924,1.38287592718503,0.186924476988996,0.587355731779341,0.520334398880109,"banf1/tmpoa",2
"GO:0030513","positive regulation of BMP signaling pathway","2/676","22/18773",0.0909090909090909,2.52461000537924,1.38287592718503,0.186924476988996,0.587355731779341,0.520334398880109,"tsc22d3/fbxl15",2
"GO:0045109","intermediate filament organization","2/676","22/18773",0.0909090909090909,2.52461000537924,1.38287592718503,0.186924476988996,0.587355731779341,0.520334398880109,"gfap/krt4",2
"GO:0045995","regulation of embryonic development","2/676","22/18773",0.0909090909090909,2.52461000537924,1.38287592718503,0.186924476988996,0.587355731779341,0.520334398880109,"rack1/lama1",2
"GO:0060029","convergent extension involved in organogenesis","2/676","22/18773",0.0909090909090909,2.52461000537924,1.38287592718503,0.186924476988996,0.587355731779341,0.520334398880109,"rap1b/rap1aa",2
"GO:0007052","mitotic spindle organization","4/676","63/18773",0.0634920634920635,1.76321968629661,1.17275764426375,0.191281760109035,0.598331650220582,0.530057889458773,"zgc:86764/aurkb/nuf2/znf207b",4
"GO:0072175","epithelial tube formation","4/676","63/18773",0.0634920634920635,1.76321968629661,1.17275764426375,0.191281760109035,0.598331650220582,0.530057889458773,"msx1b/tfap2a/hand2/pax2a",4
"GO:0140053","mitochondrial gene expression","4/676","63/18773",0.0634920634920635,1.76321968629661,1.17275764426375,0.191281760109035,0.598331650220582,0.530057889458773,"uqcc2/hars/gfm1/tufm",4
"GO:0016197","endosomal transport","9/676","178/18773",0.050561797752809,1.40413702546373,1.0470462796161,0.193466445732037,0.6033480597379,0.534501892112535,"snx5/msna/golt1bb/si:ch211-11k18.4/vps28/heatr5a/nsg2/plekha3/lrrc7",9
"GO:0030162","regulation of proteolysis","9/676","178/18773",0.050561797752809,1.40413702546373,1.0470462796161,0.193466445732037,0.6033480597379,0.534501892112535,"adam8a/tfpia/dda1/appa/tp53/wfikkn1/cdc20/lamtor5/gsk3ba",9
"GO:0035282","segmentation","7/676","131/18773",0.0534351145038168,1.48393107186413,1.07423236134059,0.193845680663978,0.603597477203466,0.534722849328059,"rbpjb/rap1b/zeb2b/naa50/chuk/prrc1/mob1a",7
"GO:0051046","regulation of secretion","6/676","108/18773",0.0555555555555556,1.54281722550953,1.09339435924578,0.194127643125621,0.603597477203466,0.534722849328059,"rap1b/uqcc2/chga/sergef/rims2b/rap1aa",6
"GO:0060485","mesenchyme development","12/676","251/18773",0.047808764940239,1.32768334944247,1.01011919163812,0.195841556534197,0.608016312289277,0.538637464907207,"rbpjb/zeb2b/sema3fa/arl6ip1/cxcr4a/tfap2a/hand2/eif3ba/fbxl18/cnbpa/zic2b/cep41",12
"GO:0010970","transport along microtubule","5/676","86/18773",0.0581395348837209,1.61457616623091,1.1040289821503,0.197961468557911,0.610604813988378,0.540930600740788,"dynll1/vezt/rhot1b/pafah1b1a/ift52",5
"GO:0050878","regulation of body fluid levels","5/676","86/18773",0.0581395348837209,1.61457616623091,1.1040289821503,0.197961468557911,0.610604813988378,0.540930600740788,"tfpia/si:ch211-156j16.1/si:ch73-234b20.5/f2rl2/f8",5
"GO:0007422","peripheral nervous system development","4/676","64/18773",0.0625,1.73566937869822,1.13939079495709,0.19868195851155,0.610604813988378,0.540930600740788,"six1b/agrn/tfap2a/pax2a",4
"GO:0022037","metencephalon development","4/676","64/18773",0.0625,1.73566937869822,1.13939079495709,0.19868195851155,0.610604813988378,0.540930600740788,"bmi1b/rp1l1a/pax2a/mafba",4
"GO:0021700","developmental maturation","6/676","109/18773",0.055045871559633,1.52866293903697,1.06983075752934,0.199694475035952,0.610604813988378,0.540930600740788,"ybx1/tp53/col1a1a/nemp1/ctbp2a/zdhhc15a",6
"GO:0007634","optokinetic behavior","2/676","23/18773",0.0869565217391304,2.41484435297144,1.31219166641503,0.200135928819166,0.610604813988378,0.540930600740788,"atp6v0e1/lama1",2
"GO:0031398","positive regulation of protein ubiquitination","2/676","23/18773",0.0869565217391304,2.41484435297144,1.31219166641503,0.200135928819166,0.610604813988378,0.540930600740788,"ndfip1l/cdc20",2
"GO:0043401","steroid hormone receptor signaling pathway","2/676","23/18773",0.0869565217391304,2.41484435297144,1.31219166641503,0.200135928819166,0.610604813988378,0.540930600740788,"cnot9/vhl",2
"GO:0043525","positive regulation of neuron apoptotic process","2/676","23/18773",0.0869565217391304,2.41484435297144,1.31219166641503,0.200135928819166,0.610604813988378,0.540930600740788,"tp53/gsk3ba",2
"GO:0051923","sulfation","2/676","23/18773",0.0869565217391304,2.41484435297144,1.31219166641503,0.200135928819166,0.610604813988378,0.540930600740788,"ndst1b/sult1st1",2
"GO:0048562","embryonic organ morphogenesis","21/676","477/18773",0.0440251572327044,1.22260987681888,0.951811330929502,0.200531596518199,0.610604813988378,0.540930600740788,"rap1b/polr1d/epcam/afap1l2/eif3ea/ncl/cxcr4a/msx1b/cenpf/tfap2a/hand2/gsk3ba/pax2a/ndnf/cnbpa/mab21l2/atp6v0d1/wdr43/npc1/zic2b/smc1al",21
"GO:0000723","telomere maintenance","3/676","43/18773",0.0697674418604651,1.93749139947709,1.18948223131584,0.201085071144945,0.610604813988378,0.540930600740788,"atm/nop10/nhp2",3
"GO:0001837","epithelial to mesenchymal transition","3/676","43/18773",0.0697674418604651,1.93749139947709,1.18948223131584,0.201085071144945,0.610604813988378,0.540930600740788,"zeb2b/tfap2a/cnbpa",3
"GO:0006282","regulation of DNA repair","3/676","43/18773",0.0697674418604651,1.93749139947709,1.18948223131584,0.201085071144945,0.610604813988378,0.540930600740788,"tp53/rnf8/spire1a",3
"GO:1903305","regulation of regulated secretory pathway","3/676","43/18773",0.0697674418604651,1.93749139947709,1.18948223131584,0.201085071144945,0.610604813988378,0.540930600740788,"rap1b/rims2b/rap1aa",3
"GO:0042692","muscle cell differentiation","14/676","303/18773",0.0462046204620462,1.28313511824555,0.960300011037694,0.205400703500434,0.622798921416646,0.551733276555912,"nr2f2/tpm3/myl9a/tpm4a/csrp3/six1b/col6a1/cxcr4a/naca/cbfb/hand2/mrtfaa/jam3b/mybpc2b",14
"GO:0016079","synaptic vesicle exocytosis","4/676","65/18773",0.0615384615384615,1.7089667728721,1.10660902255046,0.206167224417162,0.624211844190155,0.552984975113089,"rap1b/rims2b/rap1aa/snap25a",4
"GO:0009306","protein secretion","3/676","44/18773",0.0681818181818182,1.89345750403443,1.14674874029182,0.210464896141704,0.629678039766495,0.557827440139793,"uqcc2/chga/sergef",3
"GO:0031401","positive regulation of protein modification process","3/676","44/18773",0.0681818181818182,1.89345750403443,1.14674874029182,0.210464896141704,0.629678039766495,0.557827440139793,"ndfip1l/cdc20/prrc1",3
"GO:0035592","establishment of protein localization to extracellular region","3/676","44/18773",0.0681818181818182,1.89345750403443,1.14674874029182,0.210464896141704,0.629678039766495,0.557827440139793,"uqcc2/chga/sergef",3
"GO:0043039","tRNA aminoacylation","3/676","44/18773",0.0681818181818182,1.89345750403443,1.14674874029182,0.210464896141704,0.629678039766495,0.557827440139793,"lrrc47/hars/farsa",3
"GO:0006402","mRNA catabolic process","8/676","158/18773",0.0506329113924051,1.40611190173021,0.990759095710025,0.210587341596659,0.629678039766495,0.557827440139793,"lsm7/ybx1/ncbp2/sb:cb81/cnot9/rbm8a/zgc:162730/magoh",8
"GO:0051248","negative regulation of protein metabolic process","9/676","182/18773",0.0494505494505494,1.37327687105794,0.978004216443581,0.210736405045694,0.629678039766495,0.557827440139793,"trim3a/tfpia/ybx1/appa/wfikkn1/lamtor5/cnot9/rack1/trim3b",9
"GO:0002790","peptide secretion","2/676","24/18773",0.0833333333333333,2.3142258382643,1.24512196705021,0.213451406820353,0.629678039766495,0.557827440139793,"uqcc2/chga",2
"GO:0006303","double-strand break repair via nonhomologous end joining","2/676","24/18773",0.0833333333333333,2.3142258382643,1.24512196705021,0.213451406820353,0.629678039766495,0.557827440139793,"rnf8/polq",2
"GO:0006541","glutamine metabolic process","2/676","24/18773",0.0833333333333333,2.3142258382643,1.24512196705021,0.213451406820353,0.629678039766495,0.557827440139793,"nit2/gmps",2
"GO:0006783","heme biosynthetic process","2/676","24/18773",0.0833333333333333,2.3142258382643,1.24512196705021,0.213451406820353,0.629678039766495,0.557827440139793,"tmem14ca/alas1",2
"GO:0009069","serine family amino acid metabolic process","2/676","24/18773",0.0833333333333333,2.3142258382643,1.24512196705021,0.213451406820353,0.629678039766495,0.557827440139793,"psat1/psph",2
"GO:0030072","peptide hormone secretion","2/676","24/18773",0.0833333333333333,2.3142258382643,1.24512196705021,0.213451406820353,0.629678039766495,0.557827440139793,"uqcc2/chga",2
"GO:0042181","ketone biosynthetic process","2/676","24/18773",0.0833333333333333,2.3142258382643,1.24512196705021,0.213451406820353,0.629678039766495,0.557827440139793,"pdss1/coq6",2
"GO:0043249","erythrocyte maturation","2/676","24/18773",0.0833333333333333,2.3142258382643,1.24512196705021,0.213451406820353,0.629678039766495,0.557827440139793,"tp53/nemp1",2
"GO:0045739","positive regulation of DNA repair","2/676","24/18773",0.0833333333333333,2.3142258382643,1.24512196705021,0.213451406820353,0.629678039766495,0.557827440139793,"rnf8/spire1a",2
"GO:0051294","establishment of spindle orientation","2/676","24/18773",0.0833333333333333,2.3142258382643,1.24512196705021,0.213451406820353,0.629678039766495,0.557827440139793,"spdl1/pafah1b1a",2
"GO:1903169","regulation of calcium ion transmembrane transport","2/676","24/18773",0.0833333333333333,2.3142258382643,1.24512196705021,0.213451406820353,0.629678039766495,0.557827440139793,"clic2/tmem33",2
"GO:0016482","cytosolic transport","4/676","66/18773",0.0606060606060606,1.68307333691949,1.07439147980962,0.21373279635791,0.629678039766495,0.557827440139793,"snx5/golt1bb/heatr5a/plekha3",4
"GO:0050931","pigment cell differentiation","4/676","66/18773",0.0606060606060606,1.68307333691949,1.07439147980962,0.21373279635791,0.629678039766495,0.557827440139793,"gch2/ctbp2a/tfap2a/h2az2a",4
"GO:0006631","fatty acid metabolic process","10/676","208/18773",0.0480769230769231,1.33513029130633,0.939340834773506,0.218242641591792,0.640689768553542,0.567582654857255,"dbi/slco2b1/slc7a3a/acat1/aldh3a2a/cryl1/aldh5a1/hpgd/elovl2/si:ch211-212o1.2",10
"GO:0000381","regulation of alternative mRNA splicing, via spliceosome","3/676","45/18773",0.0666666666666667,1.85138067061144,1.10512058867564,0.219938278757186,0.640689768553542,0.567582654857255,"snrpc/rbm8a/magoh",3
"GO:0003014","renal system process","3/676","45/18773",0.0666666666666667,1.85138067061144,1.10512058867564,0.219938278757186,0.640689768553542,0.567582654857255,"kcnq1.1/anln/tyro3",3
"GO:0009636","response to toxic substance","3/676","45/18773",0.0666666666666667,1.85138067061144,1.10512058867564,0.219938278757186,0.640689768553542,0.567582654857255,"prdx2/sod1/prdx6",3
"GO:0016073","snRNA metabolic process","3/676","45/18773",0.0666666666666667,1.85138067061144,1.10512058867564,0.219938278757186,0.640689768553542,0.567582654857255,"nop10/ints6l/nhp2",3
"GO:0032200","telomere organization","3/676","45/18773",0.0666666666666667,1.85138067061144,1.10512058867564,0.219938278757186,0.640689768553542,0.567582654857255,"atm/nop10/nhp2",3
"GO:0043038","amino acid activation","3/676","45/18773",0.0666666666666667,1.85138067061144,1.10512058867564,0.219938278757186,0.640689768553542,0.567582654857255,"lrrc47/hars/farsa",3
"GO:0071692","protein localization to extracellular region","3/676","45/18773",0.0666666666666667,1.85138067061144,1.10512058867564,0.219938278757186,0.640689768553542,0.567582654857255,"uqcc2/chga/sergef",3
"GO:0031214","biomineral tissue development","4/676","67/18773",0.0597014925373134,1.65795283935353,1.0427183809745,0.221373918675073,0.643478141489168,0.570052855243172,"fbxl15/col1a1a/foxl1/bmp2k",4
"GO:0009952","anterior/posterior pattern specification","12/676","258/18773",0.0465116279069767,1.29166093298473,0.911699219587708,0.221515104075472,0.643478141489168,0.570052855243172,"rbpjb/rap1b/zeb2b/brd2a/kdm6al/agrn/naa50/pax2a/chuk/prrc1/mob1a/mafba",12
"GO:0033043","regulation of organelle organization","21/676","485/18773",0.043298969072165,1.20244311596413,0.873003738652849,0.221868314244951,0.643604034478719,0.570164382975851,"pfn1/cotl1/msna/spdl1/slc35f6/appa/mad2l1/bub3/si:ch211-244o22.2/snx4/cdc42ep1a/capza1a/mapre1b/gsk3ba/aurkb/tmsb1/mief2/arpc3/lmod1b/arpc5b/znf207b",21
"GO:0009755","hormone-mediated signaling pathway","5/676","90/18773",0.0555555555555556,1.54281722550953,0.997646989281053,0.223796923114843,0.646309788986053,0.572561392264968,"cnot9/ctbp1/nr1d2b/vhl/zic2b",5
"GO:0060042","retina morphogenesis in camera-type eye","7/676","137/18773",0.0510948905109489,1.41894138988468,0.951179604504636,0.224671458397602,0.646309788986053,0.572561392264968,"arl6ip1/agrn/atp6v0e1/sigmar1/socs1a/dnmt1/mafba",7
"GO:0043473","pigmentation","8/676","161/18773",0.0496894409937888,1.37991105884082,0.935672098796143,0.224960044137623,0.646309788986053,0.572561392264968,"gch2/tspan36/eif3ea/ctbp2a/tfap2a/h2az2a/atp6v0d1/paics",8
"GO:0002440","production of molecular mediator of immune response","2/676","25/18773",0.08,2.22165680473373,1.18131869741396,0.226846334218023,0.646309788986053,0.572561392264968,"rnf8/msh2",2
"GO:0006779","porphyrin-containing compound biosynthetic process","2/676","25/18773",0.08,2.22165680473373,1.18131869741396,0.226846334218023,0.646309788986053,0.572561392264968,"tmem14ca/alas1",2
"GO:0006801","superoxide metabolic process","2/676","25/18773",0.08,2.22165680473373,1.18131869741396,0.226846334218023,0.646309788986053,0.572561392264968,"prdx2/sod1",2
"GO:0010821","regulation of mitochondrion organization","2/676","25/18773",0.08,2.22165680473373,1.18131869741396,0.226846334218023,0.646309788986053,0.572561392264968,"slc35f6/mief2",2
"GO:0030500","regulation of bone mineralization","2/676","25/18773",0.08,2.22165680473373,1.18131869741396,0.226846334218023,0.646309788986053,0.572561392264968,"foxl1/bmp2k",2
"GO:0033014","tetrapyrrole biosynthetic process","2/676","25/18773",0.08,2.22165680473373,1.18131869741396,0.226846334218023,0.646309788986053,0.572561392264968,"tmem14ca/alas1",2
"GO:0045746","negative regulation of Notch signaling pathway","2/676","25/18773",0.08,2.22165680473373,1.18131869741396,0.226846334218023,0.646309788986053,0.572561392264968,"tcima/dlb",2
"GO:0070167","regulation of biomineral tissue development","2/676","25/18773",0.08,2.22165680473373,1.18131869741396,0.226846334218023,0.646309788986053,0.572561392264968,"foxl1/bmp2k",2
"GO:1901875","positive regulation of post-translational protein modification","2/676","25/18773",0.08,2.22165680473373,1.18131869741396,0.226846334218023,0.646309788986053,0.572561392264968,"ndfip1l/cdc20",2
"GO:1903322","positive regulation of protein modification by small protein conjugation or removal","2/676","25/18773",0.08,2.22165680473373,1.18131869741396,0.226846334218023,0.646309788986053,0.572561392264968,"ndfip1l/cdc20",2
"GO:0022414","reproductive process","16/676","360/18773",0.0444444444444444,1.23425378040763,0.867363035125728,0.228045225564982,0.648521403673906,0.574520646490124,"strbp/ybx1/kdm6al/cenpx/tp53/cdc25b/dchs1b/bub3/rnf8/nemp1/spire1a/h2ax/si:ch211-161h7.4/spaca4l/nuf2/pafah1b1a",16
"GO:0016331","morphogenesis of embryonic epithelium","4/676","68/18773",0.0588235294117647,1.63357117995127,1.01157093242275,0.229085849331627,0.648521403673906,0.574520646490124,"afap1l2/hand2/pax2a/mab21l2",4
"GO:0030010","establishment of cell polarity","4/676","68/18773",0.0588235294117647,1.63357117995127,1.01157093242275,0.229085849331627,0.648521403673906,0.574520646490124,"spdl1/rack1/lama1/pafah1b1a",4
"GO:0006081","cellular aldehyde metabolic process","3/676","46/18773",0.0652173913043478,1.81113326472858,1.06454089651839,0.229496019114261,0.648521403673906,0.574520646490124,"aldh3b1/idh2/aldh3a2a",3
"GO:0030318","melanocyte differentiation","3/676","46/18773",0.0652173913043478,1.81113326472858,1.06454089651839,0.229496019114261,0.648521403673906,0.574520646490124,"ctbp2a/tfap2a/h2az2a",3
"GO:0030851","granulocyte differentiation","3/676","46/18773",0.0652173913043478,1.81113326472858,1.06454089651839,0.229496019114261,0.648521403673906,0.574520646490124,"ada2b/alas1/dnmt1",3
"GO:0060027","convergent extension involved in gastrulation","5/676","91/18773",0.0549450549450549,1.52586319006437,0.971867616980828,0.230409245972414,0.650217396582478,0.576023114931035,"pfn1/rap1b/zeb2b/swap70b/rack1",5
"GO:0030098","lymphocyte differentiation","4/676","69/18773",0.0579710144927536,1.6098962353143,0.980931268820822,0.236863867299687,0.666318379261927,0.590286864632617,"lsm8/slc39a7/arpc1b/dnmt1",4
"GO:0034504","protein localization to nucleus","4/676","69/18773",0.0579710144927536,1.6098962353143,0.980931268820822,0.236863867299687,0.666318379261927,0.590286864632617,"ran/nutf2l/tmem147/kpnb3",4
"GO:0006906","vesicle fusion","5/676","92/18773",0.0543478260869565,1.50927772060715,0.946398097308214,0.237077170088861,0.666318379261927,0.590286864632617,"vamp5/si:ch73-234b20.5/gosr1/sec22ba/snap25a",5
"GO:1902532","negative regulation of intracellular signal transduction","9/676","188/18773",0.0478723404255319,1.32944888581141,0.877427036930891,0.237733365453067,0.66725972979192,0.591120800586005,"insig1/atm/insig2/cnot9/dusp8a/gsk3ba/rasip1/chuk/vhl",9
"GO:0043542","endothelial cell migration","3/676","47/18773",0.0638297872340425,1.77259851441521,1.02495692894308,0.239129108968367,0.669930814501644,0.593487096140118,"rab5c/cxcr4a/tagln2",3
"GO:0000462","maturation of SSU-rRNA from tricistronic rRNA transcript (SSU-rRNA, 5.8S rRNA, LSU-rRNA)","2/676","26/18773",0.0769230769230769,2.13620846609012,1.12048006138104,0.240297764469776,0.669930814501644,0.593487096140118,"tsr2/wdr43",2
"GO:0007031","peroxisome organization","2/676","26/18773",0.0769230769230769,2.13620846609012,1.12048006138104,0.240297764469776,0.669930814501644,0.593487096140118,"pex12/pex10",2
"GO:0022600","digestive system process","2/676","26/18773",0.0769230769230769,2.13620846609012,1.12048006138104,0.240297764469776,0.669930814501644,0.593487096140118,"tp53/npc1",2
"GO:0048857","neural nucleus development","2/676","26/18773",0.0769230769230769,2.13620846609012,1.12048006138104,0.240297764469776,0.669930814501644,0.593487096140118,"pax2a/mafba",2
"GO:0007276","gamete generation","9/676","189/18773",0.0476190476190476,1.32241476472246,0.860996831004837,0.242349552821166,0.674745336742039,0.597752248245234,"strbp/ybx1/kdm6al/tp53/rnf8/nemp1/spire1a/spaca4l/pafah1b1a",9
"GO:0007596","blood coagulation","4/676","70/18773",0.0571428571428571,1.58689771766695,0.950782394255171,0.244703279530424,0.677664948779586,0.600338712447973,"tfpia/si:ch211-156j16.1/f2rl2/f8",4
"GO:0035148","tube formation","4/676","70/18773",0.0571428571428571,1.58689771766695,0.950782394255171,0.244703279530424,0.677664948779586,0.600338712447973,"msx1b/tfap2a/hand2/pax2a",4
"GO:0071214","cellular response to abiotic stimulus","4/676","70/18773",0.0571428571428571,1.58689771766695,0.950782394255171,0.244703279530424,0.677664948779586,0.600338712447973,"opn1sw2/hvcn1/aurkb/nupr1b",4
"GO:0104004","cellular response to environmental stimulus","4/676","70/18773",0.0571428571428571,1.58689771766695,0.950782394255171,0.244703279530424,0.677664948779586,0.600338712447973,"opn1sw2/hvcn1/aurkb/nupr1b",4
"GO:0007163","establishment or maintenance of cell polarity","6/676","117/18773",0.0512820512820513,1.42413897739342,0.88944106525025,0.246163027283617,0.680799743898899,0.603115805861326,"spdl1/rack1/lama1/lrrc7/pafah1b1a/rras",6
"GO:0021549","cerebellum development","3/676","48/18773",0.0625,1.73566937869822,0.986319711428849,0.248828742328283,0.687257044967878,0.608836284420267,"bmi1b/rp1l1a/pax2a",3
"GO:0090174","organelle membrane fusion","5/676","94/18773",0.0531914893617021,1.47716542867934,0.896357825093448,0.250568202442021,0.689934532493828,0.611208252185192,"vamp5/si:ch73-234b20.5/gosr1/sec22ba/snap25a",5
"GO:0030902","hindbrain development","7/676","142/18773",0.0492957746478873,1.36897866488874,0.853007150802817,0.251564931226752,0.689934532493828,0.611208252185192,"brd2a/tfap2a/bmi1b/rp1l1a/pax2a/zic2b/mafba",7
"GO:0007599","hemostasis","4/676","71/18773",0.0563380281690141,1.56454704558713,0.921108127889291,0.252599427514719,0.689934532493828,0.611208252185192,"tfpia/si:ch211-156j16.1/f2rl2/f8",4
"GO:0006506","GPI anchor biosynthetic process","2/676","27/18773",0.0740740740740741,2.05708963401271,1.06234289428457,0.253784296016025,0.689934532493828,0.611208252185192,"pigb/dpm2",2
"GO:0009127","purine nucleoside monophosphate biosynthetic process","2/676","27/18773",0.0740740740740741,2.05708963401271,1.06234289428457,0.253784296016025,0.689934532493828,0.611208252185192,"paics/gmps",2
"GO:0009168","purine ribonucleoside monophosphate biosynthetic process","2/676","27/18773",0.0740740740740741,2.05708963401271,1.06234289428457,0.253784296016025,0.689934532493828,0.611208252185192,"paics/gmps",2
"GO:0030149","sphingolipid catabolic process","2/676","27/18773",0.0740740740740741,2.05708963401271,1.06234289428457,0.253784296016025,0.689934532493828,0.611208252185192,"sgpl1/hexa",2
"GO:0032412","regulation of monoatomic ion transmembrane transporter activity","2/676","27/18773",0.0740740740740741,2.05708963401271,1.06234289428457,0.253784296016025,0.689934532493828,0.611208252185192,"clic2/tmem33",2
"GO:0040001","establishment of mitotic spindle localization","2/676","27/18773",0.0740740740740741,2.05708963401271,1.06234289428457,0.253784296016025,0.689934532493828,0.611208252185192,"spdl1/pafah1b1a",2
"GO:0043281","regulation of cysteine-type endopeptidase activity involved in apoptotic process","2/676","27/18773",0.0740740740740741,2.05708963401271,1.06234289428457,0.253784296016025,0.689934532493828,0.611208252185192,"tp53/lamtor5",2
"GO:0046466","membrane lipid catabolic process","2/676","27/18773",0.0740740740740741,2.05708963401271,1.06234289428457,0.253784296016025,0.689934532493828,0.611208252185192,"sgpl1/hexa",2
"GO:0046847","filopodium assembly","2/676","27/18773",0.0740740740740741,2.05708963401271,1.06234289428457,0.253784296016025,0.689934532493828,0.611208252185192,"rab5c/fgd1",2
"GO:0090287","regulation of cellular response to growth factor stimulus","8/676","167/18773",0.0479041916167665,1.33033341600822,0.828723326390815,0.254710281693593,0.69154673866352,0.612636494530995,"tsc22d3/fbxl15/rab5c/ncl/tmem33/fstl5/twsg1a/vhl",8
"GO:0007051","spindle organization","5/676","95/18773",0.0526315789473684,1.46161631890377,0.871772365502424,0.257385500285383,0.696606739608069,0.617119114530018,"zgc:86764/mapre1b/aurkb/nuf2/znf207b",5
"GO:0007281","germ cell development","6/676","119/18773",0.0504201680672269,1.40020386852966,0.846435957571465,0.258245744014149,0.696606739608069,0.617119114530018,"ybx1/tp53/rnf8/nemp1/spaca4l/pafah1b1a",6
"GO:0030100","regulation of endocytosis","3/676","49/18773",0.0612244897959184,1.70024755464316,0.948583688076098,0.258586324621002,0.696606739608069,0.617119114530018,"rab5c/bmp2k/pacsin2",3
"GO:0030217","T cell differentiation","3/676","49/18773",0.0612244897959184,1.70024755464316,0.948583688076098,0.258586324621002,0.696606739608069,0.617119114530018,"lsm8/arpc1b/dnmt1",3
"GO:0048596","embryonic camera-type eye morphogenesis","3/676","49/18773",0.0612244897959184,1.70024755464316,0.948583688076098,0.258586324621002,0.696606739608069,0.617119114530018,"afap1l2/pax2a/mab21l2",3
"GO:0061136","regulation of proteasomal protein catabolic process","3/676","49/18773",0.0612244897959184,1.70024755464316,0.948583688076098,0.258586324621002,0.696606739608069,0.617119114530018,"dda1/cdc20/gsk3ba",3
"GO:0043523","regulation of neuron apoptotic process","4/676","72/18773",0.0555555555555556,1.54281722550953,0.89189305373992,0.260547693443446,0.699830441548151,0.619974969883773,"tp53/arf6a/msx1b/gsk3ba",4
"GO:0051168","nuclear export","4/676","72/18773",0.0555555555555556,1.54281722550953,0.89189305373992,0.260547693443446,0.699830441548151,0.619974969883773,"ran/npm1a/ncbp2/sem1",4
"GO:0048762","mesenchymal cell differentiation","9/676","193/18773",0.0466321243523316,1.29500720483184,0.796184557493417,0.261115647926739,0.699830441548151,0.619974969883773,"zeb2b/sema3fa/arl6ip1/cxcr4a/tfap2a/eif3ba/cnbpa/zic2b/cep41",9
"GO:0006898","receptor-mediated endocytosis","5/676","96/18773",0.0520833333333333,1.44639114891519,0.847467319032253,0.264246785534418,0.699830441548151,0.619974969883773,"fcho1/mrc1a/stab2/bmp2k/ap2m1a",5
"GO:0016485","protein processing","5/676","96/18773",0.0520833333333333,1.44639114891519,0.847467319032253,0.264246785534418,0.699830441548151,0.619974969883773,"cpe/spcs1/sec11a/pisd/zmpste24",5
"GO:0071695","anatomical structure maturation","5/676","96/18773",0.0520833333333333,1.44639114891519,0.847467319032253,0.264246785534418,0.699830441548151,0.619974969883773,"ybx1/tp53/col1a1a/nemp1/ctbp2a",5
"GO:0045892","negative regulation of DNA-templated transcription","15/676","346/18773",0.0433526011560694,1.20393251701611,0.739984356187435,0.266798563055555,0.699830441548151,0.619974969883773,"nr2f2/sap18/osr2/zeb2b/parp1/smarce1/pphln1/foxl1/rnf8/cops2/phf14/bmi1b/aurkb/nr1d2b/cnbpa",15
"GO:1902679","negative regulation of RNA biosynthetic process","15/676","346/18773",0.0433526011560694,1.20393251701611,0.739984356187435,0.266798563055555,0.699830441548151,0.619974969883773,"nr2f2/sap18/osr2/zeb2b/parp1/smarce1/pphln1/foxl1/rnf8/cops2/phf14/bmi1b/aurkb/nr1d2b/cnbpa",15
"GO:0034655","nucleobase-containing compound catabolic process","13/676","295/18773",0.0440677966101695,1.22379400260756,0.74878527952915,0.266930171579522,0.699830441548151,0.619974969883773,"dut/lsm7/hint1/dnph1/ybx1/ncbp2/sb:cb81/cnot9/ada2b/rbm8a/zgc:162730/magoh/nudt4b",13
"GO:0006505","GPI anchor metabolic process","2/676","28/18773",0.0714285714285714,1.98362214708369,1.00667647455778,0.267285991041843,0.699830441548151,0.619974969883773,"pigb/dpm2",2
"GO:0022898","regulation of transmembrane transporter activity","2/676","28/18773",0.0714285714285714,1.98362214708369,1.00667647455778,0.267285991041843,0.699830441548151,0.619974969883773,"clic2/tmem33",2
"GO:0032409","regulation of transporter activity","2/676","28/18773",0.0714285714285714,1.98362214708369,1.00667647455778,0.267285991041843,0.699830441548151,0.619974969883773,"clic2/tmem33",2
"GO:0032474","otolith morphogenesis","2/676","28/18773",0.0714285714285714,1.98362214708369,1.00667647455778,0.267285991041843,0.699830441548151,0.619974969883773,"epcam/npc1",2
"GO:0043543","protein acylation","2/676","28/18773",0.0714285714285714,1.98362214708369,1.00667647455778,0.267285991041843,0.699830441548151,0.619974969883773,"naa50/selenok",2
"GO:0045132","meiotic chromosome segregation","2/676","28/18773",0.0714285714285714,1.98362214708369,1.00667647455778,0.267285991041843,0.699830441548151,0.619974969883773,"si:ch211-161h7.4/nuf2",2
"GO:0045766","positive regulation of angiogenesis","2/676","28/18773",0.0714285714285714,1.98362214708369,1.00667647455778,0.267285991041843,0.699830441548151,0.619974969883773,"mydgf/basp1",2
"GO:0072015","podocyte development","2/676","28/18773",0.0714285714285714,1.98362214708369,1.00667647455778,0.267285991041843,0.699830441548151,0.619974969883773,"anln/tyro3",2
"GO:0072310","glomerular epithelial cell development","2/676","28/18773",0.0714285714285714,1.98362214708369,1.00667647455778,0.267285991041843,0.699830441548151,0.619974969883773,"anln/tyro3",2
"GO:0090100","positive regulation of transmembrane receptor protein serine/threonine kinase signaling pathway","2/676","28/18773",0.0714285714285714,1.98362214708369,1.00667647455778,0.267285991041843,0.699830441548151,0.619974969883773,"tsc22d3/fbxl15",2
"GO:1905475","regulation of protein localization to membrane","2/676","28/18773",0.0714285714285714,1.98362214708369,1.00667647455778,0.267285991041843,0.699830441548151,0.619974969883773,"gpc5a/mesd",2
"GO:0006606","protein import into nucleus","3/676","50/18773",0.06,1.6662426035503,0.911706417274702,0.268393480507323,0.699830441548151,0.619974969883773,"ran/nutf2l/kpnb3",3
"GO:0051302","regulation of cell division","3/676","50/18773",0.06,1.6662426035503,0.911706417274702,0.268393480507323,0.699830441548151,0.619974969883773,"tp53/rack1/aurkb",3
"GO:0006664","glycolipid metabolic process","4/676","73/18773",0.0547945205479452,1.52168274296831,0.863122474207158,0.26854350597683,0.699830441548151,0.619974969883773,"pigb/hexa/dpm2/aldh5a1",4
"GO:0033339","pectoral fin development","4/676","73/18773",0.0547945205479452,1.52168274296831,0.863122474207158,0.26854350597683,0.699830441548151,0.619974969883773,"osr2/col1a1a/foxl1/hand2",4
"GO:0050817","coagulation","4/676","73/18773",0.0547945205479452,1.52168274296831,0.863122474207158,0.26854350597683,0.699830441548151,0.619974969883773,"tfpia/si:ch211-156j16.1/f2rl2/f8",4
"GO:1903509","liposaccharide metabolic process","4/676","73/18773",0.0547945205479452,1.52168274296831,0.863122474207158,0.26854350597683,0.699830441548151,0.619974969883773,"pigb/hexa/dpm2/aldh5a1",4
"GO:0090596","sensory organ morphogenesis","15/676","347/18773",0.0432276657060519,1.20046297085756,0.728465005769834,0.270363305384062,0.703689956494607,0.623394087602348,"epcam/afap1l2/arl6ip1/agrn/atp6v0e1/msx1b/tfap2a/lama1/sigmar1/pax2a/mab21l2/npc1/socs1a/dnmt1/mafba",15
"GO:0002040","sprouting angiogenesis","7/676","146/18773",0.047945205479452,1.33147240009727,0.777101363660692,0.273739083743627,0.711584576890505,0.630387877457164,"rbpjb/rab5c/hars/cxcr4a/tmem33/rasip1/clec14a",7
"GO:0006310","DNA recombination","8/676","171/18773",0.0467836257309941,1.29921450569224,0.759672152572147,0.275191791144529,0.713434774786322,0.632026955034585,"nucks1b/cenpx/sem1/rnf8/msh2/h2ax/h1-10/nabp1a",8
"GO:0009611","response to wounding","8/676","171/18773",0.0467836257309941,1.29921450569224,0.759672152572147,0.275191791144529,0.713434774786322,0.632026955034585,"tfpia/si:ch211-156j16.1/irg1l/fgfr1op2/f2rl2/rhoaa/f8/sigmar1",8
"GO:0016050","vesicle organization","9/676","196/18773",0.0459183673469388,1.27518566598237,0.748499269906873,0.275481314096596,0.713434774786322,0.632026955034585,"vamp5/si:ch73-234b20.5/gosr1/plekha3/sec22ba/snap25a/tmed9/zdhhc15a/atp6v0d1",9
"GO:0055001","muscle cell development","11/676","247/18773",0.0445344129554656,1.23675226984165,0.723897581657555,0.278238654054488,0.716448387096045,0.634696693431258,"nr2f2/tpm3/myl9a/tpm4a/csrp3/six1b/col6a1/cxcr4a/naca/cbfb/mybpc2b",11
"GO:0042273","ribosomal large subunit biogenesis","3/676","51/18773",0.0588235294117647,1.63357117995127,0.87564830001811,0.278242060448444,0.716448387096045,0.634696693431258,"npm1a/tma16/nop2",3
"GO:0048821","erythrocyte development","3/676","51/18773",0.0588235294117647,1.63357117995127,0.87564830001811,0.278242060448444,0.716448387096045,0.634696693431258,"tp53/nemp1/alas1",3
"GO:0051170","import into nucleus","3/676","51/18773",0.0588235294117647,1.63357117995127,0.87564830001811,0.278242060448444,0.716448387096045,0.634696693431258,"ran/nutf2l/kpnb3",3
"GO:0141091","transforming growth factor beta receptor superfamily signaling pathway","9/676","197/18773",0.0456852791878173,1.26871264229718,0.732774653665068,0.280320413643458,0.716448387096045,0.634696693431258,"tsc22d3/fbxl15/tp53/fcho1/wfikkn1/fstl5/rgmb/smad3a/twsg1a",9
"GO:1902903","regulation of supramolecular fiber organization","8/676","172/18773",0.0465116279069767,1.29166093298473,0.74267647140626,0.28038270674414,0.716448387096045,0.634696693431258,"pfn1/cotl1/cdc42ep1a/capza1a/tmsb1/arpc3/lmod1b/arpc5b",8
"GO:0003094","glomerular filtration","2/676","29/18773",0.0689655172413793,1.91522138339114,0.953277510126422,0.280784298072306,0.716448387096045,0.634696693431258,"anln/tyro3",2
"GO:0030488","tRNA methylation","2/676","29/18773",0.0689655172413793,1.91522138339114,0.953277510126422,0.280784298072306,0.716448387096045,0.634696693431258,"tyw3/trmt9b",2
"GO:0098930","axonal transport","2/676","29/18773",0.0689655172413793,1.91522138339114,0.953277510126422,0.280784298072306,0.716448387096045,0.634696693431258,"vezt/pafah1b1a",2
"GO:0180046","GPI anchored protein biosynthesis","2/676","29/18773",0.0689655172413793,1.91522138339114,0.953277510126422,0.280784298072306,0.716448387096045,0.634696693431258,"pigb/dpm2",2
"GO:1904018","positive regulation of vasculature development","2/676","29/18773",0.0689655172413793,1.91522138339114,0.953277510126422,0.280784298072306,0.716448387096045,0.634696693431258,"mydgf/basp1",2
"GO:2000116","regulation of cysteine-type endopeptidase activity","2/676","29/18773",0.0689655172413793,1.91522138339114,0.953277510126422,0.280784298072306,0.716448387096045,0.634696693431258,"tp53/lamtor5",2
"GO:0022412","cellular process involved in reproduction in multicellular organism","6/676","123/18773",0.048780487804878,1.35466878337422,0.762713494574025,0.282858235272907,0.720854668296722,0.63860018761,"ybx1/tp53/rnf8/nemp1/spaca4l/pafah1b1a",6
"GO:0010608","post-transcriptional regulation of gene expression","14/676","325/18773",0.0430769230769231,1.19627674101047,0.689860376947218,0.283843882139547,0.722480077455684,0.640040126393095,"trim3a/uqcc2/ybx1/ssb/ncbp2/sb:cb81/cnot9/nudt21/rbm8a/rack1/trim3b/zgc:162730/magoh/cnbpa",14
"GO:0060627","regulation of vesicle-mediated transport","7/676","148/18773",0.0472972972972973,1.31347952982568,0.739975313299736,0.285013394561751,0.724114394097813,0.641487956254201,"rap1b/msna/rab5c/rims2b/rap1aa/bmp2k/pacsin2",7
"GO:0048609","multicellular organismal reproductive process","9/676","198/18773",0.0454545454545455,1.26230500268962,0.717133623026961,0.285183232726053,0.724114394097813,0.641487956254201,"strbp/ybx1/kdm6al/tp53/rnf8/nemp1/spire1a/spaca4l/pafah1b1a",9
"GO:0061982","meiosis I cell cycle process","3/676","52/18773",0.0576923076923077,1.60215634956759,0.840372336791834,0.288124146117843,0.730688463353797,0.64731187894607,"cenpx/cdc25b/si:ch211-161h7.4",3
"GO:0036503","ERAD pathway","4/676","76/18773",0.0526315789473684,1.46161631890377,0.779340620777225,0.292771317419152,0.73352004283143,0.649820355710078,"clgn/sel1l/rnf175/calr",4
"GO:0000302","response to reactive oxygen species","2/676","30/18773",0.0666666666666667,1.85138067061144,0.901966044226753,0.294261978231241,0.73352004283143,0.649820355710078,"prdx2/sod1",2
"GO:0002687","positive regulation of leukocyte migration","2/676","30/18773",0.0666666666666667,1.85138067061144,0.901966044226753,0.294261978231241,0.73352004283143,0.649820355710078,"adam8a/socs1a",2
"GO:0010972","negative regulation of G2/M transition of mitotic cell cycle","2/676","30/18773",0.0666666666666667,1.85138067061144,0.901966044226753,0.294261978231241,0.73352004283143,0.649820355710078,"aurkb/nabp1a",2
"GO:0042073","intraciliary transport","2/676","30/18773",0.0666666666666667,1.85138067061144,0.901966044226753,0.294261978231241,0.73352004283143,0.649820355710078,"dynll1/ift52",2
"GO:0042168","heme metabolic process","2/676","30/18773",0.0666666666666667,1.85138067061144,0.901966044226753,0.294261978231241,0.73352004283143,0.649820355710078,"tmem14ca/alas1",2
"GO:0042632","cholesterol homeostasis","2/676","30/18773",0.0666666666666667,1.85138067061144,0.901966044226753,0.294261978231241,0.73352004283143,0.649820355710078,"stab2/npc1",2
"GO:0055092","sterol homeostasis","2/676","30/18773",0.0666666666666667,1.85138067061144,0.901966044226753,0.294261978231241,0.73352004283143,0.649820355710078,"stab2/npc1",2
"GO:1902750","negative regulation of cell cycle G2/M phase transition","2/676","30/18773",0.0666666666666667,1.85138067061144,0.901966044226753,0.294261978231241,0.73352004283143,0.649820355710078,"aurkb/nabp1a",2
"GO:0007369","gastrulation","12/676","277/18773",0.0433212996389892,1.20306325166086,0.658048100720077,0.297252916681941,0.73352004283143,0.649820355710078,"pfn1/rap1b/zeb2b/cfl1/swap70b/epcam/rab5c/cxcr4a/lbr/rack1/chuk/npc1",12
"GO:0001510","RNA methylation","3/676","53/18773",0.0566037735849057,1.57192698448141,0.805843909540844,0.29803205474707,0.73352004283143,0.649820355710078,"tyw3/trmt9b/nop2",3
"GO:0051017","actin filament bundle assembly","3/676","53/18773",0.0566037735849057,1.57192698448141,0.805843909540844,0.29803205474707,0.73352004283143,0.649820355710078,"pfn1/spire1a/lcp1",3
"GO:1903050","regulation of proteolysis involved in protein catabolic process","3/676","53/18773",0.0566037735849057,1.57192698448141,0.805843909540844,0.29803205474707,0.73352004283143,0.649820355710078,"dda1/cdc20/gsk3ba",3
"GO:0009913","epidermal cell differentiation","5/676","101/18773",0.0495049504950495,1.37478762669166,0.72992096819092,0.299112331464518,0.73352004283143,0.649820355710078,"maff/pax2a/atp6v0d1/krt4/mafgb",5
"GO:0051253","negative regulation of RNA metabolic process","16/676","382/18773",0.0418848167539267,1.16317110195483,0.622726838213402,0.303133108632752,0.73352004283143,0.649820355710078,"nr2f2/sap18/osr2/zeb2b/parp1/smarce1/ybx1/pphln1/foxl1/rnf8/cops2/phf14/bmi1b/aurkb/nr1d2b/cnbpa",16
"GO:0048592","eye morphogenesis","11/676","253/18773",0.0434782608695652,1.20742217648572,0.641978204766668,0.304412776311142,0.73352004283143,0.649820355710078,"afap1l2/arl6ip1/agrn/atp6v0e1/lama1/sigmar1/pax2a/mab21l2/socs1a/dnmt1/mafba",11
"GO:0042472","inner ear morphogenesis","5/676","102/18773",0.0490196078431373,1.36130931662606,0.707165043052151,0.306177355535268,0.73352004283143,0.649820355710078,"epcam/msx1b/tfap2a/pax2a/npc1",5
"GO:0006401","RNA catabolic process","8/676","177/18773",0.0451977401129944,1.25517333600776,0.659230790117593,0.306702351480829,0.73352004283143,0.649820355710078,"lsm7/ybx1/ncbp2/sb:cb81/cnot9/rbm8a/zgc:162730/magoh",8
"GO:0001780","neutrophil homeostasis","1/676","10/18773",0.1,2.77707100591716,1.08637301498909,0.307068726956377,0.73352004283143,0.649820355710078,"sema3fa",1
"GO:0006620","post-translational protein targeting to endoplasmic reticulum membrane","1/676","10/18773",0.1,2.77707100591716,1.08637301498909,0.307068726956377,0.73352004283143,0.649820355710078,"sec61g",1
"GO:0006689","ganglioside catabolic process","1/676","10/18773",0.1,2.77707100591716,1.08637301498909,0.307068726956377,0.73352004283143,0.649820355710078,"hexa",1
"GO:0009080","pyruvate family amino acid catabolic process","1/676","10/18773",0.1,2.77707100591716,1.08637301498909,0.307068726956377,0.73352004283143,0.649820355710078,"ivd",1
"GO:0032368","regulation of lipid transport","1/676","10/18773",0.1,2.77707100591716,1.08637301498909,0.307068726956377,0.73352004283143,0.649820355710078,"npc1",1
"GO:0032525","somite rostral/caudal axis specification","1/676","10/18773",0.1,2.77707100591716,1.08637301498909,0.307068726956377,0.73352004283143,0.649820355710078,"rap1b",1
"GO:0034389","lipid droplet organization","1/676","10/18773",0.1,2.77707100591716,1.08637301498909,0.307068726956377,0.73352004283143,0.649820355710078,"bscl2l",1
"GO:0042749","regulation of circadian sleep/wake cycle","1/676","10/18773",0.1,2.77707100591716,1.08637301498909,0.307068726956377,0.73352004283143,0.649820355710078,"parp1",1
"GO:0042776","proton motive force-driven mitochondrial ATP synthesis","1/676","10/18773",0.1,2.77707100591716,1.08637301498909,0.307068726956377,0.73352004283143,0.649820355710078,"atp5f1b",1
"GO:0045747","positive regulation of Notch signaling pathway","1/676","10/18773",0.1,2.77707100591716,1.08637301498909,0.307068726956377,0.73352004283143,0.649820355710078,"bmp2k",1
"GO:0048041","focal adhesion assembly","1/676","10/18773",0.1,2.77707100591716,1.08637301498909,0.307068726956377,0.73352004283143,0.649820355710078,"thy1",1
"GO:0051893","regulation of focal adhesion assembly","1/676","10/18773",0.1,2.77707100591716,1.08637301498909,0.307068726956377,0.73352004283143,0.649820355710078,"thy1",1
"GO:0051937","catecholamine transport","1/676","10/18773",0.1,2.77707100591716,1.08637301498909,0.307068726956377,0.73352004283143,0.649820355710078,"chga",1
"GO:0060467","negative regulation of fertilization","1/676","10/18773",0.1,2.77707100591716,1.08637301498909,0.307068726956377,0.73352004283143,0.649820355710078,"dchs1b",1
"GO:0060468","prevention of polyspermy","1/676","10/18773",0.1,2.77707100591716,1.08637301498909,0.307068726956377,0.73352004283143,0.649820355710078,"dchs1b",1
"GO:0060729","intestinal epithelial structure maintenance","1/676","10/18773",0.1,2.77707100591716,1.08637301498909,0.307068726956377,0.73352004283143,0.649820355710078,"tp53",1
"GO:0060839","endothelial cell fate commitment","1/676","10/18773",0.1,2.77707100591716,1.08637301498909,0.307068726956377,0.73352004283143,0.649820355710078,"nr2f2",1
"GO:0072488","ammonium transmembrane transport","1/676","10/18773",0.1,2.77707100591716,1.08637301498909,0.307068726956377,0.73352004283143,0.649820355710078,"rhd",1
"GO:0090109","regulation of cell-substrate junction assembly","1/676","10/18773",0.1,2.77707100591716,1.08637301498909,0.307068726956377,0.73352004283143,0.649820355710078,"thy1",1
"GO:0090329","regulation of DNA-templated DNA replication","1/676","10/18773",0.1,2.77707100591716,1.08637301498909,0.307068726956377,0.73352004283143,0.649820355710078,"gmnn",1
"GO:0098887","neurotransmitter receptor transport, endosome to postsynaptic membrane","1/676","10/18773",0.1,2.77707100591716,1.08637301498909,0.307068726956377,0.73352004283143,0.649820355710078,"lrrc7",1
"GO:0099625","ventricular cardiac muscle cell membrane repolarization","1/676","10/18773",0.1,2.77707100591716,1.08637301498909,0.307068726956377,0.73352004283143,0.649820355710078,"kcnq1.1",1
"GO:0099638","endosome to plasma membrane protein transport","1/676","10/18773",0.1,2.77707100591716,1.08637301498909,0.307068726956377,0.73352004283143,0.649820355710078,"lrrc7",1
"GO:0099639","neurotransmitter receptor transport, endosome to plasma membrane","1/676","10/18773",0.1,2.77707100591716,1.08637301498909,0.307068726956377,0.73352004283143,0.649820355710078,"lrrc7",1
"GO:0150116","regulation of cell-substrate junction organization","1/676","10/18773",0.1,2.77707100591716,1.08637301498909,0.307068726956377,0.73352004283143,0.649820355710078,"thy1",1
"GO:1900076","regulation of cellular response to insulin stimulus","1/676","10/18773",0.1,2.77707100591716,1.08637301498909,0.307068726956377,0.73352004283143,0.649820355710078,"grb10b",1
"GO:1905477","positive regulation of protein localization to membrane","1/676","10/18773",0.1,2.77707100591716,1.08637301498909,0.307068726956377,0.73352004283143,0.649820355710078,"mesd",1
"GO:2000641","regulation of early endosome to late endosome transport","1/676","10/18773",0.1,2.77707100591716,1.08637301498909,0.307068726956377,0.73352004283143,0.649820355710078,"msna",1
"GO:0006778","porphyrin-containing compound metabolic process","2/676","31/18773",0.0645161290322581,1.79165871349494,0.852582087366233,0.307703035000488,0.73352004283143,0.649820355710078,"tmem14ca/alas1",2
"GO:0007062","sister chromatid cohesion","2/676","31/18773",0.0645161290322581,1.79165871349494,0.852582087366233,0.307703035000488,0.73352004283143,0.649820355710078,"naa50/smc1al",2
"GO:0007586","digestion","2/676","31/18773",0.0645161290322581,1.79165871349494,0.852582087366233,0.307703035000488,0.73352004283143,0.649820355710078,"tp53/npc1",2
"GO:0030261","chromosome condensation","2/676","31/18773",0.0645161290322581,1.79165871349494,0.852582087366233,0.307703035000488,0.73352004283143,0.649820355710078,"smc2/h1-10",2
"GO:0046879","hormone secretion","2/676","31/18773",0.0645161290322581,1.79165871349494,0.852582087366233,0.307703035000488,0.73352004283143,0.649820355710078,"uqcc2/chga",2
"GO:0071391","cellular response to estrogen stimulus","2/676","31/18773",0.0645161290322581,1.79165871349494,0.852582087366233,0.307703035000488,0.73352004283143,0.649820355710078,"ssr4/nupr1b",2
"GO:0042325","regulation of phosphorylation","3/676","54/18773",0.0555555555555556,1.54281722550953,0.77203058570547,0.307958342488689,0.73352004283143,0.649820355710078,"ppp1r14aa/prrc1/socs1a",3
"GO:0061515","myeloid cell development","4/676","78/18773",0.0512820512820513,1.42413897739342,0.725467696641574,0.309079671859941,0.735347627094041,0.651439400025535,"tp53/nemp1/alas1/npc1",4
"GO:0007178","cell surface receptor protein serine/threonine kinase signaling pathway","9/676","203/18773",0.0443349753694581,1.23121374646574,0.640148961784011,0.309820182287176,0.736266039600074,0.652253015341423,"tsc22d3/fbxl15/tp53/fcho1/wfikkn1/fstl5/rgmb/smad3a/twsg1a",9
"GO:0061061","muscle structure development","18/676","437/18773",0.0411899313501144,1.14387364088121,0.588159315490509,0.312636090229651,0.737617364828747,0.653450145057725,"nr2f2/rbx1/tpm3/uqcc2/myl9a/tpm4a/csrp3/six1b/col6a1/cxcr4a/naca/cbfb/hand2/dpm2/mrtfaa/jam3b/mybpc2b/hmgcra",18
"GO:0042471","ear morphogenesis","5/676","103/18773",0.0485436893203883,1.34809272131901,0.684647021487717,0.313266481088427,0.737617364828747,0.653450145057725,"epcam/msx1b/tfap2a/pax2a/npc1",5
"GO:0061025","membrane fusion","5/676","103/18773",0.0485436893203883,1.34809272131901,0.684647021487717,0.313266481088427,0.737617364828747,0.653450145057725,"vamp5/si:ch73-234b20.5/gosr1/sec22ba/snap25a",5
"GO:1901701","cellular response to oxygen-containing compound","11/676","255/18773",0.0431372549019608,1.19795219863093,0.615118384999459,0.313277376537528,0.737617364828747,0.653450145057725,"prdx2/sod1/rap1b/insig1/grb10b/insig2/nsg2/rap1aa/gsk3ba/pik3r1/cxcl18b",11
"GO:0030509","BMP signaling pathway","6/676","128/18773",0.046875,1.30175203402367,0.662063010885955,0.314296585547616,0.737617364828747,0.653450145057725,"tsc22d3/fbxl15/fcho1/fstl5/rgmb/twsg1a",6
"GO:0071772","response to BMP","6/676","128/18773",0.046875,1.30175203402367,0.662063010885955,0.314296585547616,0.737617364828747,0.653450145057725,"tsc22d3/fbxl15/fcho1/fstl5/rgmb/twsg1a",6
"GO:0071773","cellular response to BMP stimulus","6/676","128/18773",0.046875,1.30175203402367,0.662063010885955,0.314296585547616,0.737617364828747,0.653450145057725,"tsc22d3/fbxl15/fcho1/fstl5/rgmb/twsg1a",6
"GO:0007292","female gamete generation","4/676","79/18773",0.0506329113924051,1.40611190173021,0.699090614046725,0.317268001303039,0.737617364828747,0.653450145057725,"ybx1/tp53/nemp1/spire1a",4
"GO:0021675","nerve development","4/676","79/18773",0.0506329113924051,1.40611190173021,0.699090614046725,0.317268001303039,0.737617364828747,0.653450145057725,"lrrn1/tuba1a/ctbp2a/st8sia6",4
"GO:0048469","cell maturation","4/676","79/18773",0.0506329113924051,1.40611190173021,0.699090614046725,0.317268001303039,0.737617364828747,0.653450145057725,"ybx1/tp53/nemp1/ctbp2a",4
"GO:0030837","negative regulation of actin filament polymerization","3/676","55/18773",0.0545454545454545,1.51476600322754,0.738901941725604,0.317895806874529,0.737617364828747,0.653450145057725,"capza1a/tmsb1/lmod1b",3
"GO:0045446","endothelial cell differentiation","3/676","55/18773",0.0545454545454545,1.51476600322754,0.738901941725604,0.317895806874529,0.737617364828747,0.653450145057725,"nr2f2/ada2b/stab2",3
"GO:0006836","neurotransmitter transport","5/676","104/18773",0.0480769230769231,1.33513029130633,0.662361610404829,0.320376958435884,0.737617364828747,0.653450145057725,"rap1b/rims2b/rap1aa/snap25a/syn2b",5
"GO:0030705","cytoskeleton-dependent intracellular transport","5/676","104/18773",0.0480769230769231,1.33513029130633,0.662361610404829,0.320376958435884,0.737617364828747,0.653450145057725,"dynll1/vezt/rhot1b/pafah1b1a/ift52",5
"GO:0051052","regulation of DNA metabolic process","5/676","104/18773",0.0480769230769231,1.33513029130633,0.662361610404829,0.320376958435884,0.737617364828747,0.653450145057725,"tp53/rnf8/spire1a/gmnn/h1-10",5
"GO:0006690","icosanoid metabolic process","2/676","32/18773",0.0625,1.73566937869822,0.804982827622032,0.321092647323806,0.737617364828747,0.653450145057725,"slco2b1/hpgd",2
"GO:0006879","intracellular iron ion homeostasis","2/676","32/18773",0.0625,1.73566937869822,0.804982827622032,0.321092647323806,0.737617364828747,0.653450145057725,"atp6v0d1/fbxl5",2
"GO:0007286","spermatid development","2/676","32/18773",0.0625,1.73566937869822,0.804982827622032,0.321092647323806,0.737617364828747,0.653450145057725,"rnf8/spaca4l",2
"GO:0009914","hormone transport","2/676","32/18773",0.0625,1.73566937869822,0.804982827622032,0.321092647323806,0.737617364828747,0.653450145057725,"uqcc2/chga",2
"GO:0010508","positive regulation of autophagy","2/676","32/18773",0.0625,1.73566937869822,0.804982827622032,0.321092647323806,0.737617364828747,0.653450145057725,"snx4/gsk3ba",2
"GO:0043467","regulation of generation of precursor metabolites and energy","2/676","32/18773",0.0625,1.73566937869822,0.804982827622032,0.321092647323806,0.737617364828747,0.653450145057725,"uqcc2/sigmar1",2
"GO:0048515","spermatid differentiation","2/676","32/18773",0.0625,1.73566937869822,0.804982827622032,0.321092647323806,0.737617364828747,0.653450145057725,"rnf8/spaca4l",2
"GO:0051924","regulation of calcium ion transport","2/676","32/18773",0.0625,1.73566937869822,0.804982827622032,0.321092647323806,0.737617364828747,0.653450145057725,"clic2/tmem33",2
"GO:0006520","amino acid metabolic process","10/676","231/18773",0.0432900432900433,1.20219524065678,0.597618396512562,0.321332188391565,0.737617364828747,0.653450145057725,"lrrc47/psat1/hars/nit2/farsa/psph/got2b/ivd/aldh5a1/gmps",10
"GO:0006897","endocytosis","13/676","309/18773",0.0420711974110032,1.16834702514314,0.576696237394067,0.322605525139725,0.737617364828747,0.653450145057725,"anxa1a/snx5/rab5c/si:ch211-11k18.4/sema3fa/fcho1/mrc1a/heatr5a/stab2/bmp2k/ap2m1a/pacsin2/tyro3",13
"GO:0030522","intracellular receptor signaling pathway","4/676","80/18773",0.05,1.38853550295858,0.673072004806269,0.325473586394131,0.737617364828747,0.653450145057725,"cnot9/ctbp1/vhl/zic2b",4
"GO:0016358","dendrite development","3/676","56/18773",0.0535714285714286,1.48771661031276,0.706429403760816,0.327837488442605,0.737617364828747,0.653450145057725,"llph/arf6a/bcl11aa",3
"GO:0032272","negative regulation of protein polymerization","3/676","56/18773",0.0535714285714286,1.48771661031276,0.706429403760816,0.327837488442605,0.737617364828747,0.653450145057725,"capza1a/tmsb1/lmod1b",3
"GO:0043123","positive regulation of canonical NF-kappaB signal transduction","3/676","56/18773",0.0535714285714286,1.48771661031276,0.706429403760816,0.327837488442605,0.737617364828747,0.653450145057725,"card11/tnfsf10l/chuk",3
"GO:0080134","regulation of response to stress","13/676","311/18773",0.0418006430868167,1.1608335394509,0.552767840512863,0.330789478913526,0.737617364828747,0.653450145057725,"insig1/atm/parp1/tp53/insig2/rnf8/gch1/spire1a/sigmar1/vhl/cnbpa/usp4/socs1a",13
"GO:0006000","fructose metabolic process","1/676","11/18773",0.0909090909090909,2.52461000537924,0.977554253736625,0.332033899933912,0.737617364828747,0.653450145057725,"pfkfb1",1
"GO:0006473","protein acetylation","1/676","11/18773",0.0909090909090909,2.52461000537924,0.977554253736625,0.332033899933912,0.737617364828747,0.653450145057725,"naa50",1
"GO:0006515","protein quality control for misfolded or incompletely synthesized proteins","1/676","11/18773",0.0909090909090909,2.52461000537924,0.977554253736625,0.332033899933912,0.737617364828747,0.653450145057725,"clpp",1
"GO:0006851","mitochondrial calcium ion transmembrane transport","1/676","11/18773",0.0909090909090909,2.52461000537924,0.977554253736625,0.332033899933912,0.737617364828747,0.653450145057725,"vdac2",1
"GO:0006901","vesicle coating","1/676","11/18773",0.0909090909090909,2.52461000537924,0.977554253736625,0.332033899933912,0.737617364828747,0.653450145057725,"tmed9",1
"GO:0007035","vacuolar acidification","1/676","11/18773",0.0909090909090909,2.52461000537924,0.977554253736625,0.332033899933912,0.737617364828747,0.653450145057725,"atp6v0d1",1
"GO:0009394","2'-deoxyribonucleotide metabolic process","1/676","11/18773",0.0909090909090909,2.52461000537924,0.977554253736625,0.332033899933912,0.737617364828747,0.653450145057725,"dut",1
"GO:0015721","bile acid and bile salt transport","1/676","11/18773",0.0909090909090909,2.52461000537924,0.977554253736625,0.332033899933912,0.737617364828747,0.653450145057725,"slco2b1",1
"GO:0015936","coenzyme A metabolic process","1/676","11/18773",0.0909090909090909,2.52461000537924,0.977554253736625,0.332033899933912,0.737617364828747,0.653450145057725,"hmgcra",1
"GO:0016556","mRNA modification","1/676","11/18773",0.0909090909090909,2.52461000537924,0.977554253736625,0.332033899933912,0.737617364828747,0.653450145057725,"pus7l",1
"GO:0018108","peptidyl-tyrosine phosphorylation","1/676","11/18773",0.0909090909090909,2.52461000537924,0.977554253736625,0.332033899933912,0.737617364828747,0.653450145057725,"socs1a",1
"GO:0030277","maintenance of gastrointestinal epithelium","1/676","11/18773",0.0909090909090909,2.52461000537924,0.977554253736625,0.332033899933912,0.737617364828747,0.653450145057725,"tp53",1
"GO:0031960","response to corticosteroid","1/676","11/18773",0.0909090909090909,2.52461000537924,0.977554253736625,0.332033899933912,0.737617364828747,0.653450145057725,"anxa1a",1
"GO:0034644","cellular response to UV","1/676","11/18773",0.0909090909090909,2.52461000537924,0.977554253736625,0.332033899933912,0.737617364828747,0.653450145057725,"aurkb",1
"GO:0042454","ribonucleoside catabolic process","1/676","11/18773",0.0909090909090909,2.52461000537924,0.977554253736625,0.332033899933912,0.737617364828747,0.653450145057725,"ada2b",1
"GO:0042551","neuron maturation","1/676","11/18773",0.0909090909090909,2.52461000537924,0.977554253736625,0.332033899933912,0.737617364828747,0.653450145057725,"ctbp2a",1
"GO:0043171","peptide catabolic process","1/676","11/18773",0.0909090909090909,2.52461000537924,0.977554253736625,0.332033899933912,0.737617364828747,0.653450145057725,"lnpep",1
"GO:0045911","positive regulation of DNA recombination","1/676","11/18773",0.0909090909090909,2.52461000537924,0.977554253736625,0.332033899933912,0.737617364828747,0.653450145057725,"rnf8",1
"GO:0051384","response to glucocorticoid","1/676","11/18773",0.0909090909090909,2.52461000537924,0.977554253736625,0.332033899933912,0.737617364828747,0.653450145057725,"anxa1a",1
"GO:0061383","trabecula morphogenesis","1/676","11/18773",0.0909090909090909,2.52461000537924,0.977554253736625,0.332033899933912,0.737617364828747,0.653450145057725,"rbx1",1
"GO:0061384","heart trabecula morphogenesis","1/676","11/18773",0.0909090909090909,2.52461000537924,0.977554253736625,0.332033899933912,0.737617364828747,0.653450145057725,"rbx1",1
"GO:0070979","protein K11-linked ubiquitination","1/676","11/18773",0.0909090909090909,2.52461000537924,0.977554253736625,0.332033899933912,0.737617364828747,0.653450145057725,"cdc26",1
"GO:0072350","tricarboxylic acid metabolic process","1/676","11/18773",0.0909090909090909,2.52461000537924,0.977554253736625,0.332033899933912,0.737617364828747,0.653450145057725,"idh2",1
"GO:0090049","regulation of cell migration involved in sprouting angiogenesis","1/676","11/18773",0.0909090909090909,2.52461000537924,0.977554253736625,0.332033899933912,0.737617364828747,0.653450145057725,"rab5c",1
"GO:0099622","cardiac muscle cell membrane repolarization","1/676","11/18773",0.0909090909090909,2.52461000537924,0.977554253736625,0.332033899933912,0.737617364828747,0.653450145057725,"kcnq1.1",1
"GO:2000738","positive regulation of stem cell differentiation","1/676","11/18773",0.0909090909090909,2.52461000537924,0.977554253736625,0.332033899933912,0.737617364828747,0.653450145057725,"nudt21",1
"GO:2000765","regulation of cytoplasmic translation","1/676","11/18773",0.0909090909090909,2.52461000537924,0.977554253736625,0.332033899933912,0.737617364828747,0.653450145057725,"cnbpa",1
"GO:2001252","positive regulation of chromosome organization","1/676","11/18773",0.0909090909090909,2.52461000537924,0.977554253736625,0.332033899933912,0.737617364828747,0.653450145057725,"aurkb",1
"GO:0051261","protein depolymerization","4/676","81/18773",0.0493827160493827,1.37139308934181,0.647401601202431,0.333692391762711,0.737617364828747,0.653450145057725,"cfl1/capza1a/cfl1l/lmod1b",4
"GO:0002263","cell activation involved in immune response","2/676","33/18773",0.0606060606060606,1.68307333691949,0.759040305181176,0.334417105906166,0.737617364828747,0.653450145057725,"tcima/rnf8",2
"GO:0007632","visual behavior","2/676","33/18773",0.0606060606060606,1.68307333691949,0.759040305181176,0.334417105906166,0.737617364828747,0.653450145057725,"atp6v0e1/lama1",2
"GO:0034599","cellular response to oxidative stress","2/676","33/18773",0.0606060606060606,1.68307333691949,0.759040305181176,0.334417105906166,0.737617364828747,0.653450145057725,"prdx2/sod1",2
"GO:0035138","pectoral fin morphogenesis","2/676","33/18773",0.0606060606060606,1.68307333691949,0.759040305181176,0.334417105906166,0.737617364828747,0.653450145057725,"foxl1/hand2",2
"GO:0043627","response to estrogen","2/676","33/18773",0.0606060606060606,1.68307333691949,0.759040305181176,0.334417105906166,0.737617364828747,0.653450145057725,"ssr4/nupr1b",2
"GO:0030203","glycosaminoglycan metabolic process","3/676","57/18773",0.0526315789473684,1.46161631890377,0.674586103670042,0.337776671601512,0.737617364828747,0.653450145057725,"hyal2b/hexa/ndst1b",3
"GO:0055007","cardiac muscle cell differentiation","3/676","57/18773",0.0526315789473684,1.46161631890377,0.674586103670042,0.337776671601512,0.737617364828747,0.653450145057725,"nr2f2/tpm4a/hand2",3
"GO:0060048","cardiac muscle contraction","3/676","57/18773",0.0526315789473684,1.46161631890377,0.674586103670042,0.337776671601512,0.737617364828747,0.653450145057725,"kcnq1.1/tpm4a/csrp3",3
"GO:0032535","regulation of cellular component size","8/676","183/18773",0.0437158469945355,1.21402011187635,0.562296997185392,0.338934531484989,0.737617364828747,0.653450145057725,"pfn1/cotl1/cdc42ep1a/capza1a/tmsb1/arpc3/lmod1b/arpc5b",8
"GO:0042060","wound healing","5/676","107/18773",0.0467289719626168,1.29769673173699,0.596850624221551,0.341809468392653,0.737617364828747,0.653450145057725,"tfpia/si:ch211-156j16.1/f2rl2/rhoaa/f8",5
"GO:0060173","limb development","4/676","82/18773",0.048780487804878,1.35466878337422,0.622069559744867,0.341920464578784,0.737617364828747,0.653450145057725,"osr2/col1a1a/foxl1/hand2",4
"GO:0070121","Kupffer's vesicle development","4/676","82/18773",0.048780487804878,1.35466878337422,0.622069559744867,0.341920464578784,0.737617364828747,0.653450145057725,"tcp1/cxcr4a/gmnn/dnmt1",4
"GO:2000026","regulation of multicellular organismal development","18/676","446/18773",0.0403587443946188,1.12079098893518,0.498978236619053,0.343508346451697,0.737617364828747,0.653450145057725,"mydgf/nme2b.1/swap70b/tp53/hars/ncl/foxl1/maff/ctbp2a/tmem33/rack1/msmo1/lama1/bmp2k/vhl/clec14a/basp1/mafgb",18
"GO:0006890","retrograde vesicle-mediated transport, Golgi to endoplasmic reticulum","2/676","34/18773",0.0588235294117647,1.63357117995127,0.714639462271384,0.347663752565576,0.737617364828747,0.653450145057725,"sec22ba/rer1",2
"GO:0009066","aspartate family amino acid metabolic process","2/676","34/18773",0.0588235294117647,1.63357117995127,0.714639462271384,0.347663752565576,0.737617364828747,0.653450145057725,"nit2/got2b",2
"GO:0030223","neutrophil differentiation","2/676","34/18773",0.0588235294117647,1.63357117995127,0.714639462271384,0.347663752565576,0.737617364828747,0.653450145057725,"ada2b/alas1",2
"GO:0031396","regulation of protein ubiquitination","2/676","34/18773",0.0588235294117647,1.63357117995127,0.714639462271384,0.347663752565576,0.737617364828747,0.653450145057725,"ndfip1l/cdc20",2
"GO:0007179","transforming growth factor beta receptor signaling pathway","3/676","58/18773",0.0517241379310345,1.43641603754336,0.643346748547043,0.347706884796796,0.737617364828747,0.653450145057725,"tp53/wfikkn1/smad3a",3
"GO:0071559","response to transforming growth factor beta","3/676","58/18773",0.0517241379310345,1.43641603754336,0.643346748547043,0.347706884796796,0.737617364828747,0.653450145057725,"tp53/wfikkn1/smad3a",3
"GO:0071560","cellular response to transforming growth factor beta stimulus","3/676","58/18773",0.0517241379310345,1.43641603754336,0.643346748547043,0.347706884796796,0.737617364828747,0.653450145057725,"tp53/wfikkn1/smad3a",3
"GO:0140029","exocytic process","3/676","58/18773",0.0517241379310345,1.43641603754336,0.643346748547043,0.347706884796796,0.737617364828747,0.653450145057725,"rims2b/exoc6b/snap25a",3
"GO:0043122","regulation of canonical NF-kappaB signal transduction","4/676","83/18773",0.0481927710843374,1.33834747273116,0.597066438565611,0.350153937003386,0.737617364828747,0.653450145057725,"cpne1/card11/tnfsf10l/chuk",4
"GO:0000712","resolution of meiotic recombination intermediates","1/676","12/18773",0.0833333333333333,2.3142258382643,0.880152567516064,0.35610090151395,0.737617364828747,0.653450145057725,"cenpx",1
"GO:0001952","regulation of cell-matrix adhesion","1/676","12/18773",0.0833333333333333,2.3142258382643,0.880152567516064,0.35610090151395,0.737617364828747,0.653450145057725,"thy1",1
"GO:0003313","heart rudiment development","1/676","12/18773",0.0833333333333333,2.3142258382643,0.880152567516064,0.35610090151395,0.737617364828747,0.653450145057725,"eif3ba",1
"GO:0006183","GTP biosynthetic process","1/676","12/18773",0.0833333333333333,2.3142258382643,0.880152567516064,0.35610090151395,0.737617364828747,0.653450145057725,"nme2b.1",1
"GO:0006206","pyrimidine nucleobase metabolic process","1/676","12/18773",0.0833333333333333,2.3142258382643,0.880152567516064,0.35610090151395,0.737617364828747,0.653450145057725,"cmpk",1
"GO:0006312","mitotic recombination","1/676","12/18773",0.0833333333333333,2.3142258382643,0.880152567516064,0.35610090151395,0.737617364828747,0.653450145057725,"msh2",1
"GO:0006677","glycosylceramide metabolic process","1/676","12/18773",0.0833333333333333,2.3142258382643,0.880152567516064,0.35610090151395,0.737617364828747,0.653450145057725,"aldh5a1",1
"GO:0009164","nucleoside catabolic process","1/676","12/18773",0.0833333333333333,2.3142258382643,0.880152567516064,0.35610090151395,0.737617364828747,0.653450145057725,"ada2b",1
"GO:0009437","carnitine metabolic process","1/676","12/18773",0.0833333333333333,2.3142258382643,0.880152567516064,0.35610090151395,0.737617364828747,0.653450145057725,"cratb",1
"GO:0010002","cardioblast differentiation","1/676","12/18773",0.0833333333333333,2.3142258382643,0.880152567516064,0.35610090151395,0.737617364828747,0.653450145057725,"hand2",1
"GO:0015780","nucleotide-sugar transmembrane transport","1/676","12/18773",0.0833333333333333,2.3142258382643,0.880152567516064,0.35610090151395,0.737617364828747,0.653450145057725,"slc35b1",1
"GO:0018200","peptidyl-glutamic acid modification","1/676","12/18773",0.0833333333333333,2.3142258382643,0.880152567516064,0.35610090151395,0.737617364828747,0.653450145057725,"cep41",1
"GO:0018345","protein palmitoylation","1/676","12/18773",0.0833333333333333,2.3142258382643,0.880152567516064,0.35610090151395,0.737617364828747,0.653450145057725,"selenok",1
"GO:0019692","deoxyribose phosphate metabolic process","1/676","12/18773",0.0833333333333333,2.3142258382643,0.880152567516064,0.35610090151395,0.737617364828747,0.653450145057725,"dut",1
"GO:0021654","rhombomere boundary formation","1/676","12/18773",0.0833333333333333,2.3142258382643,0.880152567516064,0.35610090151395,0.737617364828747,0.653450145057725,"mafba",1
"GO:0030325","adrenal gland development","1/676","12/18773",0.0833333333333333,2.3142258382643,0.880152567516064,0.35610090151395,0.737617364828747,0.653450145057725,"rbpjb",1
"GO:0032479","regulation of type I interferon production","1/676","12/18773",0.0833333333333333,2.3142258382643,0.880152567516064,0.35610090151395,0.737617364828747,0.653450145057725,"banf1",1
"GO:0032606","type I interferon production","1/676","12/18773",0.0833333333333333,2.3142258382643,0.880152567516064,0.35610090151395,0.737617364828747,0.653450145057725,"banf1",1
"GO:0033674","positive regulation of kinase activity","1/676","12/18773",0.0833333333333333,2.3142258382643,0.880152567516064,0.35610090151395,0.737617364828747,0.653450145057725,"prrc1",1
"GO:0034643","establishment of mitochondrion localization, microtubule-mediated","1/676","12/18773",0.0833333333333333,2.3142258382643,0.880152567516064,0.35610090151395,0.737617364828747,0.653450145057725,"rhot1b",1
"GO:0034656","nucleobase-containing small molecule catabolic process","1/676","12/18773",0.0833333333333333,2.3142258382643,0.880152567516064,0.35610090151395,0.737617364828747,0.653450145057725,"ada2b",1
"GO:0035794","positive regulation of mitochondrial membrane permeability","1/676","12/18773",0.0833333333333333,2.3142258382643,0.880152567516064,0.35610090151395,0.737617364828747,0.653450145057725,"slc35f6",1
"GO:0042745","circadian sleep/wake cycle","1/676","12/18773",0.0833333333333333,2.3142258382643,0.880152567516064,0.35610090151395,0.737617364828747,0.653450145057725,"parp1",1
"GO:0043124","negative regulation of canonical NF-kappaB signal transduction","1/676","12/18773",0.0833333333333333,2.3142258382643,0.880152567516064,0.35610090151395,0.737617364828747,0.653450145057725,"chuk",1
"GO:0043252","sodium-independent organic anion transport","1/676","12/18773",0.0833333333333333,2.3142258382643,0.880152567516064,0.35610090151395,0.737617364828747,0.653450145057725,"slco2b1",1
"GO:0045860","positive regulation of protein kinase activity","1/676","12/18773",0.0833333333333333,2.3142258382643,0.880152567516064,0.35610090151395,0.737617364828747,0.653450145057725,"prrc1",1
"GO:0047497","mitochondrion transport along microtubule","1/676","12/18773",0.0833333333333333,2.3142258382643,0.880152567516064,0.35610090151395,0.737617364828747,0.653450145057725,"rhot1b",1
"GO:0048070","regulation of developmental pigmentation","1/676","12/18773",0.0833333333333333,2.3142258382643,0.880152567516064,0.35610090151395,0.737617364828747,0.653450145057725,"h2az2a",1
"GO:0048385","regulation of retinoic acid receptor signaling pathway","1/676","12/18773",0.0833333333333333,2.3142258382643,0.880152567516064,0.35610090151395,0.737617364828747,0.653450145057725,"zic2b",1
"GO:0048799","animal organ maturation","1/676","12/18773",0.0833333333333333,2.3142258382643,0.880152567516064,0.35610090151395,0.737617364828747,0.653450145057725,"col1a1a",1
"GO:0051279","regulation of release of sequestered calcium ion into cytosol","1/676","12/18773",0.0833333333333333,2.3142258382643,0.880152567516064,0.35610090151395,0.737617364828747,0.653450145057725,"clic2",1
"GO:0051452","intracellular pH reduction","1/676","12/18773",0.0833333333333333,2.3142258382643,0.880152567516064,0.35610090151395,0.737617364828747,0.653450145057725,"atp6v0d1",1
"GO:0051654","establishment of mitochondrion localization","1/676","12/18773",0.0833333333333333,2.3142258382643,0.880152567516064,0.35610090151395,0.737617364828747,0.653450145057725,"rhot1b",1
"GO:0055010","ventricular cardiac muscle tissue morphogenesis","1/676","12/18773",0.0833333333333333,2.3142258382643,0.880152567516064,0.35610090151395,0.737617364828747,0.653450145057725,"rbx1",1
"GO:0060035","notochord cell development","1/676","12/18773",0.0833333333333333,2.3142258382643,0.880152567516064,0.35610090151395,0.737617364828747,0.653450145057725,"lama1",1
"GO:0070527","platelet aggregation","1/676","12/18773",0.0833333333333333,2.3142258382643,0.880152567516064,0.35610090151395,0.737617364828747,0.653450145057725,"si:ch211-156j16.1",1
"GO:0071786","endoplasmic reticulum tubular network organization","1/676","12/18773",0.0833333333333333,2.3142258382643,0.880152567516064,0.35610090151395,0.737617364828747,0.653450145057725,"tmem33",1
"GO:0071816","tail-anchored membrane protein insertion into ER membrane","1/676","12/18773",0.0833333333333333,2.3142258382643,0.880152567516064,0.35610090151395,0.737617364828747,0.653450145057725,"camlg",1
"GO:0072344","rescue of stalled ribosome","1/676","12/18773",0.0833333333333333,2.3142258382643,0.880152567516064,0.35610090151395,0.737617364828747,0.653450145057725,"rack1",1
"GO:0086002","cardiac muscle cell action potential involved in contraction","1/676","12/18773",0.0833333333333333,2.3142258382643,0.880152567516064,0.35610090151395,0.737617364828747,0.653450145057725,"kcnq1.1",1
"GO:0086009","membrane repolarization","1/676","12/18773",0.0833333333333333,2.3142258382643,0.880152567516064,0.35610090151395,0.737617364828747,0.653450145057725,"kcnq1.1",1
"GO:0097345","mitochondrial outer membrane permeabilization","1/676","12/18773",0.0833333333333333,2.3142258382643,0.880152567516064,0.35610090151395,0.737617364828747,0.653450145057725,"slc35f6",1
"GO:1902110","positive regulation of mitochondrial membrane permeability involved in apoptotic process","1/676","12/18773",0.0833333333333333,2.3142258382643,0.880152567516064,0.35610090151395,0.737617364828747,0.653450145057725,"slc35f6",1
"GO:1902686","mitochondrial outer membrane permeabilization involved in programmed cell death","1/676","12/18773",0.0833333333333333,2.3142258382643,0.880152567516064,0.35610090151395,0.737617364828747,0.653450145057725,"slc35f6",1
"GO:1905710","positive regulation of membrane permeability","1/676","12/18773",0.0833333333333333,2.3142258382643,0.880152567516064,0.35610090151395,0.737617364828747,0.653450145057725,"slc35f6",1
"GO:2000785","regulation of autophagosome assembly","1/676","12/18773",0.0833333333333333,2.3142258382643,0.880152567516064,0.35610090151395,0.737617364828747,0.653450145057725,"snx4",1
"GO:0001755","neural crest cell migration","5/676","109/18773",0.0458715596330275,1.27388578253081,0.554250000454373,0.356155605094411,0.737617364828747,0.653450145057725,"zeb2b/sema3fa/arl6ip1/cxcr4a/cep41",5
"GO:0016055","Wnt signaling pathway","12/676","291/18773",0.0412371134020619,1.14518391996584,0.482409506180515,0.35708179544972,0.737617364828747,0.653450145057725,"gpx4b/atp6ap2/grb10b/gpc5a/mesd/csnk2b/dixdc1a/rack1/jun/gsk3ba/ap2m1a/tax1bp3",12
"GO:0000380","alternative mRNA splicing, via spliceosome","3/676","59/18773",0.0508474576271186,1.41207000300873,0.612687502324104,0.357621900039744,0.737617364828747,0.653450145057725,"snrpc/rbm8a/magoh",3
"GO:0042886","amide transport","3/676","59/18773",0.0508474576271186,1.41207000300873,0.612687502324104,0.357621900039744,0.737617364828747,0.653450145057725,"uqcc2/chga/slc15a4",3
"GO:0048048","embryonic eye morphogenesis","3/676","59/18773",0.0508474576271186,1.41207000300873,0.612687502324104,0.357621900039744,0.737617364828747,0.653450145057725,"afap1l2/pax2a/mab21l2",3
"GO:0061572","actin filament bundle organization","3/676","59/18773",0.0508474576271186,1.41207000300873,0.612687502324104,0.357621900039744,0.737617364828747,0.653450145057725,"pfn1/spire1a/lcp1",3
"GO:0001775","cell activation","10/676","239/18773",0.0418410041841004,1.16195439578124,0.487003899686067,0.359521246214311,0.740538592918942,0.656038040910378,"prdx2/tcima/lsm8/si:ch211-156j16.1/ybx1/dchs1b/rnf8/slc39a7/arpc1b/dnmt1",10
"GO:0008088","axo-dendritic transport","2/676","35/18773",0.0571428571428571,1.58689771766695,0.671676498721555,0.360820922500708,0.740538592918942,0.656038040910378,"vezt/pafah1b1a",2
"GO:0032007","negative regulation of TOR signaling","2/676","35/18773",0.0571428571428571,1.58689771766695,0.671676498721555,0.360820922500708,0.740538592918942,0.656038040910378,"atm/gsk3ba",2
"GO:0033013","tetrapyrrole metabolic process","2/676","35/18773",0.0571428571428571,1.58689771766695,0.671676498721555,0.360820922500708,0.740538592918942,0.656038040910378,"tmem14ca/alas1",2
"GO:0046148","pigment biosynthetic process","2/676","35/18773",0.0571428571428571,1.58689771766695,0.671676498721555,0.360820922500708,0.740538592918942,0.656038040910378,"tmem14ca/alas1",2
"GO:0010466","negative regulation of peptidase activity","4/676","85/18773",0.0470588235294118,1.30685694396102,0.548011072196047,0.366622047102454,0.74462216634588,0.659655650494184,"tfpia/appa/wfikkn1/lamtor5",4
"GO:0060562","epithelial tube morphogenesis","11/676","267/18773",0.0411985018726592,1.14411165037786,0.458378006054419,0.367559997472921,0.74462216634588,0.659655650494184,"marcksl1a/msna/ncl/msx1b/cenpf/tfap2a/hand2/gsk3ba/pax2a/atp6v0d1/marcksl1b",11
"GO:0045934","negative regulation of nucleobase-containing compound metabolic process","17/676","427/18773",0.0398126463700234,1.10562545903025,0.426714282976348,0.370463996414256,0.74462216634588,0.659655650494184,"nr2f2/sap18/osr2/zeb2b/parp1/smarce1/ybx1/pphln1/foxl1/rnf8/cops2/phf14/bmi1b/aurkb/nr1d2b/cnbpa/h1-10",17
"GO:0001503","ossification","5/676","111/18773",0.045045045045045,1.25093288554827,0.51246629271171,0.370524005788009,0.74462216634588,0.659655650494184,"fbxl15/col1a1a/ncl/foxl1/bmp2k",5
"GO:0051259","protein complex oligomerization","5/676","111/18773",0.045045045045045,1.25093288554827,0.51246629271171,0.370524005788009,0.74462216634588,0.659655650494184,"tp53/kctd5a/farsa/nudt21/kctd3",5
"GO:0090497","mesenchymal cell migration","5/676","111/18773",0.045045045045045,1.25093288554827,0.51246629271171,0.370524005788009,0.74462216634588,0.659655650494184,"zeb2b/sema3fa/arl6ip1/cxcr4a/cep41",5
"GO:0000245","spliceosomal complex assembly","2/676","36/18773",0.0555555555555556,1.54281722550953,0.630057477957287,0.373877889343467,0.74462216634588,0.659655650494184,"snrpc/prpf39",2
"GO:0006749","glutathione metabolic process","2/676","36/18773",0.0555555555555556,1.54281722550953,0.630057477957287,0.373877889343467,0.74462216634588,0.659655650494184,"gstt1b/gstr",2
"GO:0043534","blood vessel endothelial cell migration","2/676","36/18773",0.0555555555555556,1.54281722550953,0.630057477957287,0.373877889343467,0.74462216634588,0.659655650494184,"rab5c/cxcr4a",2
"GO:0046328","regulation of JNK cascade","2/676","36/18773",0.0555555555555556,1.54281722550953,0.630057477957287,0.373877889343467,0.74462216634588,0.659655650494184,"dusp19b/rassf2a",2
"GO:0051054","positive regulation of DNA metabolic process","2/676","36/18773",0.0555555555555556,1.54281722550953,0.630057477957287,0.373877889343467,0.74462216634588,0.659655650494184,"rnf8/spire1a",2
"GO:0072384","organelle transport along microtubule","2/676","36/18773",0.0555555555555556,1.54281722550953,0.630057477957287,0.373877889343467,0.74462216634588,0.659655650494184,"rhot1b/pafah1b1a",2
"GO:1901873","regulation of post-translational protein modification","2/676","36/18773",0.0555555555555556,1.54281722550953,0.630057477957287,0.373877889343467,0.74462216634588,0.659655650494184,"ndfip1l/cdc20",2
"GO:1903320","regulation of protein modification by small protein conjugation or removal","2/676","36/18773",0.0555555555555556,1.54281722550953,0.630057477957287,0.373877889343467,0.74462216634588,0.659655650494184,"ndfip1l/cdc20",2
"GO:0051402","neuron apoptotic process","4/676","86/18773",0.0465116279069767,1.29166093298473,0.523941767789206,0.374849392397309,0.74462216634588,0.659655650494184,"tp53/arf6a/msx1b/gsk3ba",4
"GO:0141188","nucleic acid catabolic process","8/676","190/18773",0.0421052631578947,1.16929305512301,0.453297534650685,0.377115420684613,0.74462216634588,0.659655650494184,"lsm7/ybx1/ncbp2/sb:cb81/cnot9/rbm8a/zgc:162730/magoh",8
"GO:0017157","regulation of exocytosis","3/676","61/18773",0.0491803278688525,1.3657726258609,0.553020640344258,0.377382635701366,0.74462216634588,0.659655650494184,"rap1b/rims2b/rap1aa",3
"GO:0010628","positive regulation of gene expression","7/676","164/18773",0.0426829268292683,1.18533518545245,0.460726943343489,0.378128810098812,0.74462216634588,0.659655650494184,"uqcc2/cirbpb/ybx1/ssb/dyrk1ab/cnbpa/yy1a",7
"GO:0170039","proteinogenic amino acid metabolic process","6/676","138/18773",0.0434782608695652,1.20742217648572,0.472667083599685,0.378481999003655,0.74462216634588,0.659655650494184,"psat1/nit2/psph/got2b/ivd/gmps",6
"GO:0000002","mitochondrial genome maintenance","1/676","13/18773",0.0769230769230769,2.13620846609012,0.792024484751426,0.379301999034156,0.74462216634588,0.659655650494184,"ssbp1",1
"GO:0003229","ventricular cardiac muscle tissue development","1/676","13/18773",0.0769230769230769,2.13620846609012,0.792024484751426,0.379301999034156,0.74462216634588,0.659655650494184,"rbx1",1
"GO:0006904","vesicle docking involved in exocytosis","1/676","13/18773",0.0769230769230769,2.13620846609012,0.792024484751426,0.379301999034156,0.74462216634588,0.659655650494184,"rims2b",1
"GO:0007064","mitotic sister chromatid cohesion","1/676","13/18773",0.0769230769230769,2.13620846609012,0.792024484751426,0.379301999034156,0.74462216634588,0.659655650494184,"naa50",1
"GO:0009078","pyruvate family amino acid metabolic process","1/676","13/18773",0.0769230769230769,2.13620846609012,0.792024484751426,0.379301999034156,0.74462216634588,0.659655650494184,"ivd",1
"GO:0009083","branched-chain amino acid catabolic process","1/676","13/18773",0.0769230769230769,2.13620846609012,0.792024484751426,0.379301999034156,0.74462216634588,0.659655650494184,"ivd",1
"GO:0019367","fatty acid elongation, saturated fatty acid","1/676","13/18773",0.0769230769230769,2.13620846609012,0.792024484751426,0.379301999034156,0.74462216634588,0.659655650494184,"elovl2",1
"GO:0019368","fatty acid elongation, unsaturated fatty acid","1/676","13/18773",0.0769230769230769,2.13620846609012,0.792024484751426,0.379301999034156,0.74462216634588,0.659655650494184,"elovl2",1
"GO:0031365","N-terminal protein amino acid modification","1/676","13/18773",0.0769230769230769,2.13620846609012,0.792024484751426,0.379301999034156,0.74462216634588,0.659655650494184,"naa50",1
"GO:0034394","protein localization to cell surface","1/676","13/18773",0.0769230769230769,2.13620846609012,0.792024484751426,0.379301999034156,0.74462216634588,0.659655650494184,"tax1bp3",1
"GO:0034625","fatty acid elongation, monounsaturated fatty acid","1/676","13/18773",0.0769230769230769,2.13620846609012,0.792024484751426,0.379301999034156,0.74462216634588,0.659655650494184,"elovl2",1
"GO:0034626","fatty acid elongation, polyunsaturated fatty acid","1/676","13/18773",0.0769230769230769,2.13620846609012,0.792024484751426,0.379301999034156,0.74462216634588,0.659655650494184,"elovl2",1
"GO:0043174","nucleoside salvage","1/676","13/18773",0.0769230769230769,2.13620846609012,0.792024484751426,0.379301999034156,0.74462216634588,0.659655650494184,"dnph1",1
"GO:0043271","negative regulation of monoatomic ion transport","1/676","13/18773",0.0769230769230769,2.13620846609012,0.792024484751426,0.379301999034156,0.74462216634588,0.659655650494184,"clic2",1
"GO:0046688","response to copper ion","1/676","13/18773",0.0769230769230769,2.13620846609012,0.792024484751426,0.379301999034156,0.74462216634588,0.659655650494184,"atp6v0d1",1
"GO:0048008","platelet-derived growth factor receptor signaling pathway","1/676","13/18773",0.0769230769230769,2.13620846609012,0.792024484751426,0.379301999034156,0.74462216634588,0.659655650494184,"phf14",1
"GO:0048199","vesicle targeting, to, from or within Golgi","1/676","13/18773",0.0769230769230769,2.13620846609012,0.792024484751426,0.379301999034156,0.74462216634588,0.659655650494184,"tmed9",1
"GO:0050853","B cell receptor signaling pathway","1/676","13/18773",0.0769230769230769,2.13620846609012,0.792024484751426,0.379301999034156,0.74462216634588,0.659655650494184,"tec",1
"GO:0051952","regulation of amine transport","1/676","13/18773",0.0769230769230769,2.13620846609012,0.792024484751426,0.379301999034156,0.74462216634588,0.659655650494184,"chga",1
"GO:0060384","innervation","1/676","13/18773",0.0769230769230769,2.13620846609012,0.792024484751426,0.379301999034156,0.74462216634588,0.659655650494184,"ctbp2a",1
"GO:0072529","pyrimidine-containing compound catabolic process","1/676","13/18773",0.0769230769230769,2.13620846609012,0.792024484751426,0.379301999034156,0.74462216634588,0.659655650494184,"dut",1
"GO:0090162","establishment of epithelial cell polarity","1/676","13/18773",0.0769230769230769,2.13620846609012,0.792024484751426,0.379301999034156,0.74462216634588,0.659655650494184,"lama1",1
"GO:0090594","inflammatory response to wounding","1/676","13/18773",0.0769230769230769,2.13620846609012,0.792024484751426,0.379301999034156,0.74462216634588,0.659655650494184,"irg1l",1
"GO:0170044","non-proteinogenic amino acid catabolic process","1/676","13/18773",0.0769230769230769,2.13620846609012,0.792024484751426,0.379301999034156,0.74462216634588,0.659655650494184,"aldh5a1",1
"GO:1902108","regulation of mitochondrial membrane permeability involved in apoptotic process","1/676","13/18773",0.0769230769230769,2.13620846609012,0.792024484751426,0.379301999034156,0.74462216634588,0.659655650494184,"slc35f6",1
"GO:1902117","positive regulation of organelle assembly","1/676","13/18773",0.0769230769230769,2.13620846609012,0.792024484751426,0.379301999034156,0.74462216634588,0.659655650494184,"snx4",1
"GO:1902253","regulation of intrinsic apoptotic signaling pathway by p53 class mediator","1/676","13/18773",0.0769230769230769,2.13620846609012,0.792024484751426,0.379301999034156,0.74462216634588,0.659655650494184,"tp53",1
"GO:0010648","negative regulation of cell communication","19/676","484/18773",0.0392561983471074,1.09017250232285,0.388442866299057,0.382671753644309,0.749820030489839,0.664260402552385,"insig1/tcima/atm/gpx4b/slc35f6/grb10b/insig2/chga/cnot9/dlb/rack1/dusp8a/phf14/gsk3ba/rasip1/chuk/vhl/usp4/socs1a",19
"GO:0023057","negative regulation of signaling","19/676","484/18773",0.0392561983471074,1.09017250232285,0.388442866299057,0.382671753644309,0.749820030489839,0.664260402552385,"insig1/tcima/atm/gpx4b/slc35f6/grb10b/insig2/chga/cnot9/dlb/rack1/dusp8a/phf14/gsk3ba/rasip1/chuk/vhl/usp4/socs1a",19
"GO:0015850","organic hydroxy compound transport","4/676","87/18773",0.0459770114942529,1.2768142555941,0.500167229318564,0.383067555653556,0.749888136750646,0.664320737419927,"slco2b1/chga/stab2/npc1",4
"GO:0052547","regulation of peptidase activity","5/676","113/18773",0.0442477876106195,1.22879248049432,0.471466105896043,0.384894854118103,0.752137668453787,0.666313582067871,"tfpia/appa/tp53/wfikkn1/lamtor5",5
"GO:0002262","myeloid cell homeostasis","6/676","139/18773",0.0431654676258993,1.19873568600741,0.454522660772977,0.384940944422906,0.752137668453787,0.666313582067871,"tp53/sema3fa/nemp1/csnk2b/alas1/vhl",6
"GO:0009116","nucleoside metabolic process","2/676","37/18773",0.0540540540540541,1.50111946265792,0.589697139445956,0.386824812871258,0.752946808491954,0.667030393656811,"dnph1/ada2b",2
"GO:0048384","retinoic acid receptor signaling pathway","2/676","37/18773",0.0540540540540541,1.50111946265792,0.589697139445956,0.386824812871258,0.752946808491954,0.667030393656811,"ctbp1/zic2b",2
"GO:0006909","phagocytosis","3/676","62/18773",0.0483870967741935,1.34374403512121,0.523971715090663,0.387217105911128,0.752946808491954,0.667030393656811,"anxa1a/sema3fa/tyro3",3
"GO:0021545","cranial nerve development","3/676","62/18773",0.0483870967741935,1.34374403512121,0.523971715090663,0.387217105911128,0.752946808491954,0.667030393656811,"lrrn1/tuba1a/st8sia6",3
"GO:0031333","negative regulation of protein-containing complex assembly","3/676","62/18773",0.0483870967741935,1.34374403512121,0.523971715090663,0.387217105911128,0.752946808491954,0.667030393656811,"capza1a/tmsb1/lmod1b",3
"GO:0044087","regulation of cellular component biogenesis","12/676","298/18773",0.0402684563758389,1.11828362654382,0.397800997188592,0.387718063022905,0.752946808491954,0.667030393656811,"pfn1/cotl1/msna/appa/snx4/cdc42ep1a/capza1a/tmsb1/arpc3/lmod1b/arpc5b/thy1",12
"GO:0043085","positive regulation of catalytic activity","4/676","88/18773",0.0454545454545455,1.26230500268962,0.476679731530446,0.391273121688561,0.752946808491954,0.667030393656811,"tp53/cdc20/prrc1/ssbp1",4
"GO:0007626","locomotory behavior","7/676","167/18773",0.0419161676646707,1.16404173900719,0.411539399373364,0.395875229818861,0.752946808491954,0.667030393656811,"atm/lsm7/col6a1/lgi1a/gch1/sigmar1/snap25a",7
"GO:0048483","autonomic nervous system development","3/676","63/18773",0.0476190476190476,1.32241476472246,0.495420108706175,0.397013873201233,0.752946808491954,0.667030393656811,"cxcr4a/hand2/mab21l2",3
"GO:0051050","positive regulation of transport","4/676","89/18773",0.0449438202247191,1.24812180041221,0.453471842352892,0.399462769734015,0.752946808491954,0.667030393656811,"msna/oaz1b/ncbp2/oaz1a",4
"GO:0051346","negative regulation of hydrolase activity","4/676","89/18773",0.0449438202247191,1.24812180041221,0.453471842352892,0.399462769734015,0.752946808491954,0.667030393656811,"tfpia/appa/wfikkn1/lamtor5",4
"GO:0006687","glycosphingolipid metabolic process","2/676","38/18773",0.0526315789473684,1.46161631890377,0.550517882300404,0.399652689259081,0.752946808491954,0.667030393656811,"hexa/aldh5a1",2
"GO:0008630","intrinsic apoptotic signaling pathway in response to DNA damage","2/676","38/18773",0.0526315789473684,1.46161631890377,0.550517882300404,0.399652689259081,0.752946808491954,0.667030393656811,"atm/tp53",2
"GO:0043588","skin development","2/676","38/18773",0.0526315789473684,1.46161631890377,0.550517882300404,0.399652689259081,0.752946808491954,0.667030393656811,"slc39a7/krt4",2
"GO:0061035","regulation of cartilage development","2/676","38/18773",0.0526315789473684,1.46161631890377,0.550517882300404,0.399652689259081,0.752946808491954,0.667030393656811,"ncl/msmo1",2
"GO:0022603","regulation of anatomical structure morphogenesis","12/676","301/18773",0.0398671096345515,1.10713794255834,0.362155360160958,0.400925921809294,0.752946808491954,0.667030393656811,"mydgf/msna/nme2b.1/tp53/cdc42ep1a/tmem33/rack1/stab2/mief2/vhl/clec14a/basp1",12
"GO:0006298","mismatch repair","1/676","14/18773",0.0714285714285714,1.98362214708369,0.711562090510704,0.401668302267253,0.752946808491954,0.667030393656811,"msh2",1
"GO:0006577","amino-acid betaine metabolic process","1/676","14/18773",0.0714285714285714,1.98362214708369,0.711562090510704,0.401668302267253,0.752946808491954,0.667030393656811,"cratb",1
"GO:0006882","intracellular zinc ion homeostasis","1/676","14/18773",0.0714285714285714,1.98362214708369,0.711562090510704,0.401668302267253,0.752946808491954,0.667030393656811,"slc39a7",1
"GO:0009409","response to cold","1/676","14/18773",0.0714285714285714,1.98362214708369,0.711562090510704,0.401668302267253,0.752946808491954,0.667030393656811,"cirbpb",1
"GO:0015844","monoamine transport","1/676","14/18773",0.0714285714285714,1.98362214708369,0.711562090510704,0.401668302267253,0.752946808491954,0.667030393656811,"chga",1
"GO:0018212","peptidyl-tyrosine modification","1/676","14/18773",0.0714285714285714,1.98362214708369,0.711562090510704,0.401668302267253,0.752946808491954,0.667030393656811,"socs1a",1
"GO:0021594","rhombomere formation","1/676","14/18773",0.0714285714285714,1.98362214708369,0.711562090510704,0.401668302267253,0.752946808491954,0.667030393656811,"mafba",1
"GO:0021884","forebrain neuron development","1/676","14/18773",0.0714285714285714,1.98362214708369,0.711562090510704,0.401668302267253,0.752946808491954,0.667030393656811,"ndnf",1
"GO:0031424","keratinization","1/676","14/18773",0.0714285714285714,1.98362214708369,0.711562090510704,0.401668302267253,0.752946808491954,0.667030393656811,"krt4",1
"GO:0032233","positive regulation of actin filament bundle assembly","1/676","14/18773",0.0714285714285714,1.98362214708369,0.711562090510704,0.401668302267253,0.752946808491954,0.667030393656811,"pfn1",1
"GO:0032836","glomerular basement membrane development","1/676","14/18773",0.0714285714285714,1.98362214708369,0.711562090510704,0.401668302267253,0.752946808491954,0.667030393656811,"anln",1
"GO:0034067","protein localization to Golgi apparatus","1/676","14/18773",0.0714285714285714,1.98362214708369,0.711562090510704,0.401668302267253,0.752946808491954,0.667030393656811,"arl5a",1
"GO:0035775","pronephric glomerulus morphogenesis","1/676","14/18773",0.0714285714285714,1.98362214708369,0.711562090510704,0.401668302267253,0.752946808491954,0.667030393656811,"pax2a",1
"GO:0035914","skeletal muscle cell differentiation","1/676","14/18773",0.0714285714285714,1.98362214708369,0.711562090510704,0.401668302267253,0.752946808491954,0.667030393656811,"uqcc2",1
"GO:0042771","intrinsic apoptotic signaling pathway in response to DNA damage by p53 class mediator","1/676","14/18773",0.0714285714285714,1.98362214708369,0.711562090510704,0.401668302267253,0.752946808491954,0.667030393656811,"tp53",1
"GO:0044088","regulation of vacuole organization","1/676","14/18773",0.0714285714285714,1.98362214708369,0.711562090510704,0.401668302267253,0.752946808491954,0.667030393656811,"snx4",1
"GO:0045685","regulation of glial cell differentiation","1/676","14/18773",0.0714285714285714,1.98362214708369,0.711562090510704,0.401668302267253,0.752946808491954,0.667030393656811,"swap70b",1
"GO:0046902","regulation of mitochondrial membrane permeability","1/676","14/18773",0.0714285714285714,1.98362214708369,0.711562090510704,0.401668302267253,0.752946808491954,0.667030393656811,"slc35f6",1
"GO:0050679","positive regulation of epithelial cell proliferation","1/676","14/18773",0.0714285714285714,1.98362214708369,0.711562090510704,0.401668302267253,0.752946808491954,0.667030393656811,"mydgf",1
"GO:0051145","smooth muscle cell differentiation","1/676","14/18773",0.0714285714285714,1.98362214708369,0.711562090510704,0.401668302267253,0.752946808491954,0.667030393656811,"mrtfaa",1
"GO:0071277","cellular response to calcium ion","1/676","14/18773",0.0714285714285714,1.98362214708369,0.711562090510704,0.401668302267253,0.752946808491954,0.667030393656811,"cpne1",1
"GO:0071677","positive regulation of mononuclear cell migration","1/676","14/18773",0.0714285714285714,1.98362214708369,0.711562090510704,0.401668302267253,0.752946808491954,0.667030393656811,"socs1a",1
"GO:0071907","determination of digestive tract left/right asymmetry","1/676","14/18773",0.0714285714285714,1.98362214708369,0.711562090510704,0.401668302267253,0.752946808491954,0.667030393656811,"hand2",1
"GO:0086003","cardiac muscle cell contraction","1/676","14/18773",0.0714285714285714,1.98362214708369,0.711562090510704,0.401668302267253,0.752946808491954,0.667030393656811,"kcnq1.1",1
"GO:0090151","establishment of protein localization to mitochondrial membrane","1/676","14/18773",0.0714285714285714,1.98362214708369,0.711562090510704,0.401668302267253,0.752946808491954,0.667030393656811,"timm13",1
"GO:0097006","regulation of plasma lipoprotein particle levels","1/676","14/18773",0.0714285714285714,1.98362214708369,0.711562090510704,0.401668302267253,0.752946808491954,0.667030393656811,"stab2",1
"GO:0120305","regulation of pigmentation","1/676","14/18773",0.0714285714285714,1.98362214708369,0.711562090510704,0.401668302267253,0.752946808491954,0.667030393656811,"h2az2a",1
"GO:1901534","positive regulation of hematopoietic progenitor cell differentiation","1/676","14/18773",0.0714285714285714,1.98362214708369,0.711562090510704,0.401668302267253,0.752946808491954,0.667030393656811,"nudt21",1
"GO:2000404","regulation of T cell migration","1/676","14/18773",0.0714285714285714,1.98362214708369,0.711562090510704,0.401668302267253,0.752946808491954,0.667030393656811,"socs1a",1
"GO:0170033","L-amino acid metabolic process","6/676","142/18773",0.0422535211267606,1.17341028419035,0.400890963388681,0.404311491701119,0.757218185990284,0.670814377574445,"psat1/nit2/psph/got2b/ivd/gmps",6
"GO:0048284","organelle fusion","5/676","116/18773",0.0431034482758621,1.19701336461947,0.411366673112597,0.406414099425229,0.759763428078311,0.673069190016415,"vamp5/si:ch73-234b20.5/gosr1/sec22ba/snap25a",5
"GO:0006352","DNA-templated transcription initiation","3/676","64/18773",0.046875,1.30175203402367,0.46734783298243,0.406767901792529,0.759763428078311,0.673069190016415,"sub1b/rrn3/taf8",3
"GO:0019751","polyol metabolic process","3/676","64/18773",0.046875,1.30175203402367,0.46734783298243,0.406767901792529,0.759763428078311,0.673069190016415,"gch2/gch1/nudt4b",3
"GO:0030178","negative regulation of Wnt signaling pathway","4/676","90/18773",0.0444444444444444,1.23425378040763,0.430536408515778,0.40763327422793,0.760695696829659,0.673895080484629,"gpx4b/grb10b/rack1/gsk3ba",4
"GO:0045103","intermediate filament-based process","2/676","39/18773",0.0512820512820513,1.42413897739342,0.512448891544876,0.412353303756788,0.766062443562476,0.678649444465554,"gfap/krt4",2
"GO:0045104","intermediate filament cytoskeleton organization","2/676","39/18773",0.0512820512820513,1.42413897739342,0.512448891544876,0.412353303756788,0.766062443562476,0.678649444465554,"gfap/krt4",2
"GO:0048599","oocyte development","2/676","39/18773",0.0512820512820513,1.42413897739342,0.512448891544876,0.412353303756788,0.766062443562476,0.678649444465554,"ybx1/nemp1",2
"GO:0061077","chaperone-mediated protein folding","2/676","39/18773",0.0512820512820513,1.42413897739342,0.512448891544876,0.412353303756788,0.766062443562476,0.678649444465554,"fkbp2/dnajb12a",2
"GO:2000736","regulation of stem cell differentiation","2/676","39/18773",0.0512820512820513,1.42413897739342,0.512448891544876,0.412353303756788,0.766062443562476,0.678649444465554,"fgfr4/nudt21",2
"GO:0007266","Rho protein signal transduction","4/676","91/18773",0.043956043956044,1.2206905520515,0.4078665420301,0.415781505412092,0.76677423862812,0.679280018813548,"arhgdia/cdc42ep1a/rasip1/tax1bp3",4
"GO:0070646","protein modification by small protein removal","4/676","91/18773",0.043956043956044,1.2206905520515,0.4078665420301,0.415781505412092,0.76677423862812,0.679280018813548,"usp54b/otub1a/cops2/usp4",4
"GO:0031023","microtubule organizing center organization","3/676","65/18773",0.0461538461538462,1.28172507965407,0.439737836740888,0.416474386181659,0.76677423862812,0.679280018813548,"npm1a/ranbp1/pafah1b1a",3
"GO:0045214","sarcomere organization","3/676","65/18773",0.0461538461538462,1.28172507965407,0.439737836740888,0.416474386181659,0.76677423862812,0.679280018813548,"csrp3/cbfb/mybpc2b",3
"GO:0002521","leukocyte differentiation","6/676","144/18773",0.0416666666666667,1.15711291913215,0.365783153762389,0.417202940794616,0.76677423862812,0.679280018813548,"lsm8/ada2b/slc39a7/alas1/arpc1b/dnmt1",6
"GO:0001655","urogenital system development","1/676","15/18773",0.0666666666666667,1.85138067061144,0.637531249552888,0.423229804888253,0.76677423862812,0.679280018813548,"osr2",1
"GO:0001881","receptor recycling","1/676","15/18773",0.0666666666666667,1.85138067061144,0.637531249552888,0.423229804888253,0.76677423862812,0.679280018813548,"plekha3",1
"GO:0006188","IMP biosynthetic process","1/676","15/18773",0.0666666666666667,1.85138067061144,0.637531249552888,0.423229804888253,0.76677423862812,0.679280018813548,"paics",1
"GO:0006614","SRP-dependent cotranslational protein targeting to membrane","1/676","15/18773",0.0666666666666667,1.85138067061144,0.637531249552888,0.423229804888253,0.76677423862812,0.679280018813548,"ssr3",1
"GO:0009068","aspartate family amino acid catabolic process","1/676","15/18773",0.0666666666666667,1.85138067061144,0.637531249552888,0.423229804888253,0.76677423862812,0.679280018813548,"got2b",1
"GO:0009262","deoxyribonucleotide metabolic process","1/676","15/18773",0.0666666666666667,1.85138067061144,0.637531249552888,0.423229804888253,0.76677423862812,0.679280018813548,"dut",1
"GO:0015837","amine transport","1/676","15/18773",0.0666666666666667,1.85138067061144,0.637531249552888,0.423229804888253,0.76677423862812,0.679280018813548,"chga",1
"GO:0032790","ribosome disassembly","1/676","15/18773",0.0666666666666667,1.85138067061144,0.637531249552888,0.423229804888253,0.76677423862812,0.679280018813548,"rack1",1
"GO:0046112","nucleobase biosynthetic process","1/676","15/18773",0.0666666666666667,1.85138067061144,0.637531249552888,0.423229804888253,0.76677423862812,0.679280018813548,"cmpk",1
"GO:0046686","response to cadmium ion","1/676","15/18773",0.0666666666666667,1.85138067061144,0.637531249552888,0.423229804888253,0.76677423862812,0.679280018813548,"jun",1
"GO:0062237","protein localization to postsynapse","1/676","15/18773",0.0666666666666667,1.85138067061144,0.637531249552888,0.423229804888253,0.76677423862812,0.679280018813548,"lrrc7",1
"GO:0097320","plasma membrane tubulation","1/676","15/18773",0.0666666666666667,1.85138067061144,0.637531249552888,0.423229804888253,0.76677423862812,0.679280018813548,"pacsin2",1
"GO:0098877","neurotransmitter receptor transport to plasma membrane","1/676","15/18773",0.0666666666666667,1.85138067061144,0.637531249552888,0.423229804888253,0.76677423862812,0.679280018813548,"lrrc7",1
"GO:0098969","neurotransmitter receptor transport to postsynaptic membrane","1/676","15/18773",0.0666666666666667,1.85138067061144,0.637531249552888,0.423229804888253,0.76677423862812,0.679280018813548,"lrrc7",1
"GO:1901992","positive regulation of mitotic cell cycle phase transition","1/676","15/18773",0.0666666666666667,1.85138067061144,0.637531249552888,0.423229804888253,0.76677423862812,0.679280018813548,"cdc25b",1
"GO:1903539","protein localization to postsynaptic membrane","1/676","15/18773",0.0666666666666667,1.85138067061144,0.637531249552888,0.423229804888253,0.76677423862812,0.679280018813548,"lrrc7",1
"GO:1903540","establishment of protein localization to postsynaptic membrane","1/676","15/18773",0.0666666666666667,1.85138067061144,0.637531249552888,0.423229804888253,0.76677423862812,0.679280018813548,"lrrc7",1
"GO:2000401","regulation of lymphocyte migration","1/676","15/18773",0.0666666666666667,1.85138067061144,0.637531249552888,0.423229804888253,0.76677423862812,0.679280018813548,"socs1a",1
"GO:2001238","positive regulation of extrinsic apoptotic signaling pathway","1/676","15/18773",0.0666666666666667,1.85138067061144,0.637531249552888,0.423229804888253,0.76677423862812,0.679280018813548,"tnfsf10l",1
"GO:0003012","muscle system process","6/676","145/18773",0.0413793103448276,1.14913283003469,0.348417109434172,0.423637031779348,0.76677423862812,0.679280018813548,"tpm3/kcnq1.1/tpm4a/csrp3/chga/cacnb1",6
"GO:0007249","canonical NF-kappaB signal transduction","4/676","92/18773",0.0434782608695652,1.20742217648572,0.385455607466169,0.423904429744966,0.76677423862812,0.679280018813548,"cpne1/card11/tnfsf10l/chuk",4
"GO:0031101","fin regeneration","4/676","92/18773",0.0434782608695652,1.20742217648572,0.385455607466169,0.423904429744966,0.76677423862812,0.679280018813548,"anxa1a/col1a1a/msx1b/vdac2",4
"GO:0031399","regulation of protein modification process","4/676","92/18773",0.0434782608695652,1.20742217648572,0.385455607466169,0.423904429744966,0.76677423862812,0.679280018813548,"ndfip1l/cdc20/prrc1/socs1a",4
"GO:0048066","developmental pigmentation","4/676","92/18773",0.0434782608695652,1.20742217648572,0.385455607466169,0.423904429744966,0.76677423862812,0.679280018813548,"gch2/ctbp2a/tfap2a/h2az2a",4
"GO:0009994","oocyte differentiation","2/676","40/18773",0.05,1.38853550295858,0.475425383894327,0.424919185681736,0.76677423862812,0.679280018813548,"ybx1/nemp1",2
"GO:0030301","cholesterol transport","2/676","40/18773",0.05,1.38853550295858,0.475425383894327,0.424919185681736,0.76677423862812,0.679280018813548,"stab2/npc1",2
"GO:0051693","actin filament capping","2/676","40/18773",0.05,1.38853550295858,0.475425383894327,0.424919185681736,0.76677423862812,0.679280018813548,"capza1a/lmod1b",2
"GO:0072666","establishment of protein localization to vacuole","2/676","40/18773",0.05,1.38853550295858,0.475425383894327,0.424919185681736,0.76677423862812,0.679280018813548,"vps28/mon1a",2
"GO:0010638","positive regulation of organelle organization","5/676","119/18773",0.0420168067226891,1.16683655710805,0.352861309143525,0.427834637416731,0.76851669716663,0.68082365083611,"pfn1/snx4/cdc42ep1a/aurkb/mief2",5
"GO:0099003","vesicle-mediated transport in synapse","5/676","119/18773",0.0420168067226891,1.16683655710805,0.352861309143525,0.427834637416731,0.76851669716663,0.68082365083611,"rap1b/rims2b/rap1aa/snap25a/syn2b",5
"GO:0099111","microtubule-based transport","5/676","119/18773",0.0420168067226891,1.16683655710805,0.352861309143525,0.427834637416731,0.76851669716663,0.68082365083611,"dynll1/vezt/rhot1b/pafah1b1a/ift52",5
"GO:0099504","synaptic vesicle cycle","5/676","119/18773",0.0420168067226891,1.16683655710805,0.352861309143525,0.427834637416731,0.76851669716663,0.68082365083611,"rap1b/rims2b/rap1aa/snap25a/syn2b",5
"GO:0009968","negative regulation of signal transduction","18/676","470/18773",0.0382978723404255,1.06355910864912,0.269706190426169,0.4283990437615,0.76851669716663,0.68082365083611,"insig1/tcima/atm/gpx4b/slc35f6/grb10b/insig2/cnot9/dlb/rack1/dusp8a/phf14/gsk3ba/rasip1/chuk/vhl/usp4/socs1a",18
"GO:0000724","double-strand break repair via homologous recombination","4/676","93/18773",0.043010752688172,1.19443914232996,0.363297209975271,0.431999110139807,0.76851669716663,0.68082365083611,"nucks1b/sem1/rnf8/nabp1a",4
"GO:0000122","negative regulation of transcription by RNA polymerase II","9/676","227/18773",0.039647577092511,1.10104136798478,0.296014064293832,0.432288188156153,0.76851669716663,0.68082365083611,"nr2f2/osr2/zeb2b/parp1/cops2/phf14/bmi1b/aurkb/nr1d2b",9
"GO:0000288","nuclear-transcribed mRNA catabolic process, deadenylation-dependent decay","2/676","41/18773",0.048780487804878,1.35466878337422,0.439387954134751,0.437343565621846,0.76851669716663,0.68082365083611,"sb:cb81/zgc:162730",2
"GO:0030834","regulation of actin filament depolymerization","2/676","41/18773",0.048780487804878,1.35466878337422,0.439387954134751,0.437343565621846,0.76851669716663,0.68082365083611,"capza1a/lmod1b",2
"GO:0030835","negative regulation of actin filament depolymerization","2/676","41/18773",0.048780487804878,1.35466878337422,0.439387954134751,0.437343565621846,0.76851669716663,0.68082365083611,"capza1a/lmod1b",2
"GO:0060219","camera-type eye photoreceptor cell differentiation","2/676","41/18773",0.048780487804878,1.35466878337422,0.439387954134751,0.437343565621846,0.76851669716663,0.68082365083611,"sigmar1/mafba",2
"GO:1903510","mucopolysaccharide metabolic process","2/676","41/18773",0.048780487804878,1.35466878337422,0.439387954134751,0.437343565621846,0.76851669716663,0.68082365083611,"hyal2b/ndst1b",2
"GO:0000725","recombinational repair","4/676","94/18773",0.0425531914893617,1.18173234294347,0.341385184003797,0.440062706037487,0.76851669716663,0.68082365083611,"nucks1b/sem1/rnf8/nabp1a",4
"GO:0030510","regulation of BMP signaling pathway","4/676","94/18773",0.0425531914893617,1.18173234294347,0.341385184003797,0.440062706037487,0.76851669716663,0.68082365083611,"tsc22d3/fbxl15/fstl5/twsg1a",4
"GO:0036269","swimming behavior","4/676","94/18773",0.0425531914893617,1.18173234294347,0.341385184003797,0.440062706037487,0.76851669716663,0.68082365083611,"atm/lsm7/gch1/sigmar1",4
"GO:0044092","negative regulation of molecular function","5/676","121/18773",0.0413223140495868,1.14755000244511,0.314698396724895,0.442031632228928,0.76851669716663,0.68082365083611,"clic2/tfpia/appa/wfikkn1/lamtor5",5
"GO:0009416","response to light stimulus","6/676","148/18773",0.0405405405405405,1.12583959699344,0.297047131793632,0.442873710335485,0.76851669716663,0.68082365083611,"lsm7/tp53/atp6v0e1/opn1sw2/aurkb/lama1",6
"GO:0001936","regulation of endothelial cell proliferation","1/676","16/18773",0.0625,1.73566937869822,0.568965992562759,0.444015424458332,0.76851669716663,0.68082365083611,"mydgf",1
"GO:0003157","endocardium development","1/676","16/18773",0.0625,1.73566937869822,0.568965992562759,0.444015424458332,0.76851669716663,0.68082365083611,"smarce1",1
"GO:0003406","retinal pigment epithelium development","1/676","16/18773",0.0625,1.73566937869822,0.568965992562759,0.444015424458332,0.76851669716663,0.68082365083611,"atp6v0d1",1
"GO:0006027","glycosaminoglycan catabolic process","1/676","16/18773",0.0625,1.73566937869822,0.568965992562759,0.444015424458332,0.76851669716663,0.68082365083611,"hyal2b",1
"GO:0006346","DNA methylation-dependent heterochromatin formation","1/676","16/18773",0.0625,1.73566937869822,0.568965992562759,0.444015424458332,0.76851669716663,0.68082365083611,"dnmt1",1
"GO:0006509","membrane protein ectodomain proteolysis","1/676","16/18773",0.0625,1.73566937869822,0.568965992562759,0.444015424458332,0.76851669716663,0.68082365083611,"adam8a",1
"GO:0007044","cell-substrate junction assembly","1/676","16/18773",0.0625,1.73566937869822,0.568965992562759,0.444015424458332,0.76851669716663,0.68082365083611,"thy1",1
"GO:0010458","exit from mitosis","1/676","16/18773",0.0625,1.73566937869822,0.568965992562759,0.444015424458332,0.76851669716663,0.68082365083611,"swap70b",1
"GO:0010824","regulation of centrosome duplication","1/676","16/18773",0.0625,1.73566937869822,0.568965992562759,0.444015424458332,0.76851669716663,0.68082365083611,"npm1a",1
"GO:0019377","glycolipid catabolic process","1/676","16/18773",0.0625,1.73566937869822,0.568965992562759,0.444015424458332,0.76851669716663,0.68082365083611,"hexa",1
"GO:0022616","DNA strand elongation","1/676","16/18773",0.0625,1.73566937869822,0.568965992562759,0.444015424458332,0.76851669716663,0.68082365083611,"poln",1
"GO:0030330","DNA damage response, signal transduction by p53 class mediator","1/676","16/18773",0.0625,1.73566937869822,0.568965992562759,0.444015424458332,0.76851669716663,0.68082365083611,"tp53",1
"GO:0030431","sleep","1/676","16/18773",0.0625,1.73566937869822,0.568965992562759,0.444015424458332,0.76851669716663,0.68082365083611,"parp1",1
"GO:0030497","fatty acid elongation","1/676","16/18773",0.0625,1.73566937869822,0.568965992562759,0.444015424458332,0.76851669716663,0.68082365083611,"elovl2",1
"GO:0031167","rRNA methylation","1/676","16/18773",0.0625,1.73566937869822,0.568965992562759,0.444015424458332,0.76851669716663,0.68082365083611,"nop2",1
"GO:0032231","regulation of actin filament bundle assembly","1/676","16/18773",0.0625,1.73566937869822,0.568965992562759,0.444015424458332,0.76851669716663,0.68082365083611,"pfn1",1
"GO:0042058","regulation of epidermal growth factor receptor signaling pathway","1/676","16/18773",0.0625,1.73566937869822,0.568965992562759,0.444015424458332,0.76851669716663,0.68082365083611,"afap1l2",1
"GO:0042451","purine nucleoside biosynthetic process","1/676","16/18773",0.0625,1.73566937869822,0.568965992562759,0.444015424458332,0.76851669716663,0.68082365083611,"ada2b",1
"GO:0042455","ribonucleoside biosynthetic process","1/676","16/18773",0.0625,1.73566937869822,0.568965992562759,0.444015424458332,0.76851669716663,0.68082365083611,"ada2b",1
"GO:0043162","ubiquitin-dependent protein catabolic process via the multivesicular body sorting pathway","1/676","16/18773",0.0625,1.73566937869822,0.568965992562759,0.444015424458332,0.76851669716663,0.68082365083611,"vps28",1
"GO:0043535","regulation of blood vessel endothelial cell migration","1/676","16/18773",0.0625,1.73566937869822,0.568965992562759,0.444015424458332,0.76851669716663,0.68082365083611,"rab5c",1
"GO:0046129","purine ribonucleoside biosynthetic process","1/676","16/18773",0.0625,1.73566937869822,0.568965992562759,0.444015424458332,0.76851669716663,0.68082365083611,"ada2b",1
"GO:0046337","phosphatidylethanolamine metabolic process","1/676","16/18773",0.0625,1.73566937869822,0.568965992562759,0.444015424458332,0.76851669716663,0.68082365083611,"pisd",1
"GO:0046479","glycosphingolipid catabolic process","1/676","16/18773",0.0625,1.73566937869822,0.568965992562759,0.444015424458332,0.76851669716663,0.68082365083611,"hexa",1
"GO:0046605","regulation of centrosome cycle","1/676","16/18773",0.0625,1.73566937869822,0.568965992562759,0.444015424458332,0.76851669716663,0.68082365083611,"npm1a",1
"GO:0048859","formation of anatomical boundary","1/676","16/18773",0.0625,1.73566937869822,0.568965992562759,0.444015424458332,0.76851669716663,0.68082365083611,"mafba",1
"GO:0051445","regulation of meiotic cell cycle","1/676","16/18773",0.0625,1.73566937869822,0.568965992562759,0.444015424458332,0.76851669716663,0.68082365083611,"cdc25b",1
"GO:0060030","dorsal convergence","1/676","16/18773",0.0625,1.73566937869822,0.568965992562759,0.444015424458332,0.76851669716663,0.68082365083611,"zeb2b",1
"GO:0061709","reticulophagy","1/676","16/18773",0.0625,1.73566937869822,0.568965992562759,0.444015424458332,0.76851669716663,0.68082365083611,"ufc1",1
"GO:0090559","regulation of membrane permeability","1/676","16/18773",0.0625,1.73566937869822,0.568965992562759,0.444015424458332,0.76851669716663,0.68082365083611,"slc35f6",1
"GO:0097009","energy homeostasis","1/676","16/18773",0.0625,1.73566937869822,0.568965992562759,0.444015424458332,0.76851669716663,0.68082365083611,"si:dkey-93h22.8",1
"GO:0150115","cell-substrate junction organization","1/676","16/18773",0.0625,1.73566937869822,0.568965992562759,0.444015424458332,0.76851669716663,0.68082365083611,"thy1",1
"GO:0033334","fin morphogenesis","3/676","68/18773",0.0441176470588235,1.22517838496345,0.359523785246115,0.445263897017449,0.768755705823143,0.681035386959356,"col1a1a/foxl1/hand2",3
"GO:1902115","regulation of organelle assembly","3/676","68/18773",0.0441176470588235,1.22517838496345,0.359523785246115,0.445263897017449,0.768755705823143,0.681035386959356,"msna/appa/snx4",3
"GO:1902904","negative regulation of supramolecular fiber organization","3/676","68/18773",0.0441176470588235,1.22517838496345,0.359523785246115,0.445263897017449,0.768755705823143,0.681035386959356,"capza1a/tmsb1/lmod1b",3
"GO:0060537","muscle tissue development","10/676","257/18773",0.0389105058365759,1.08057237584325,0.251364807006014,0.446868548442468,0.769243356896916,0.681467393688169,"nr2f2/rbx1/uqcc2/tpm4a/csrp3/six1b/col6a1/hand2/mybpc2b/hmgcra",10
"GO:0001894","tissue homeostasis","4/676","95/18773",0.0421052631578947,1.16929305512301,0.319713582652803,0.448092473323294,0.769243356896916,0.681467393688169,"nxnl2/tp53/foxf2a/prrc1",4
"GO:1901292","nucleoside phosphate catabolic process","4/676","95/18773",0.0421052631578947,1.16929305512301,0.319713582652803,0.448092473323294,0.769243356896916,0.681467393688169,"dut/hint1/dnph1/nudt4b",4
"GO:0032956","regulation of actin cytoskeleton organization","8/676","203/18773",0.0394088669950739,1.09441221908065,0.261393991265834,0.448409561053454,0.769243356896916,0.681467393688169,"pfn1/cotl1/cdc42ep1a/capza1a/tmsb1/arpc3/lmod1b/arpc5b",8
"GO:1903311","regulation of mRNA metabolic process","7/676","176/18773",0.0397727272727273,1.10451687735342,0.269244376795255,0.448966116662324,0.769243356896916,0.681467393688169,"snrpc/cirbpb/ybx1/sb:cb81/rbm8a/zgc:162730/magoh",7
"GO:0006643","membrane lipid metabolic process","6/676","149/18773",0.0402684563758389,1.11828362654382,0.28016031153823,0.449258951549472,0.769243356896916,0.681467393688169,"pigb/sgpl1/hexa/dpm2/aldh5a1/elovl2",6
"GO:0000018","regulation of DNA recombination","2/676","42/18773",0.0476190476190476,1.32241476472246,0.404282006570007,0.449620334748607,0.769243356896916,0.681467393688169,"rnf8/h1-10",2
"GO:0006368","transcription elongation by RNA polymerase II","2/676","42/18773",0.0476190476190476,1.32241476472246,0.404282006570007,0.449620334748607,0.769243356896916,0.681467393688169,"rnf8/supt4h1",2
"GO:0051338","regulation of transferase activity","2/676","42/18773",0.0476190476190476,1.32241476472246,0.404282006570007,0.449620334748607,0.769243356896916,0.681467393688169,"cdc20/prrc1",2
"GO:1901532","regulation of hematopoietic progenitor cell differentiation","2/676","42/18773",0.0476190476190476,1.32241476472246,0.404282006570007,0.449620334748607,0.769243356896916,0.681467393688169,"fgfr4/nudt21",2
"GO:1903432","regulation of TORC1 signaling","2/676","42/18773",0.0476190476190476,1.32241476472246,0.404282006570007,0.449620334748607,0.769243356896916,0.681467393688169,"atm/lamtor5",2
"GO:0045861","negative regulation of proteolysis","4/676","96/18773",0.0416666666666667,1.15711291913215,0.298276667639644,0.456085764096723,0.77431411457398,0.685959543002467,"tfpia/appa/wfikkn1/lamtor5",4
"GO:0000077","DNA damage checkpoint signaling","2/676","43/18773",0.0465116279069767,1.29166093298473,0.370057258709613,0.461744006143908,0.77431411457398,0.685959543002467,"atm/tp53",2
"GO:0006334","nucleosome assembly","2/676","43/18773",0.0465116279069767,1.29166093298473,0.370057258709613,0.461744006143908,0.77431411457398,0.685959543002467,"seta/h1-10",2
"GO:0006367","transcription initiation at RNA polymerase II promoter","2/676","43/18773",0.0465116279069767,1.29166093298473,0.370057258709613,0.461744006143908,0.77431411457398,0.685959543002467,"sub1b/taf8",2
"GO:0031348","negative regulation of defense response","2/676","43/18773",0.0465116279069767,1.29166093298473,0.370057258709613,0.461744006143908,0.77431411457398,0.685959543002467,"parp1/socs1a",2
"GO:0042440","pigment metabolic process","2/676","43/18773",0.0465116279069767,1.29166093298473,0.370057258709613,0.461744006143908,0.77431411457398,0.685959543002467,"tmem14ca/alas1",2
"GO:0055013","cardiac muscle cell development","2/676","43/18773",0.0465116279069767,1.29166093298473,0.370057258709613,0.461744006143908,0.77431411457398,0.685959543002467,"nr2f2/tpm4a",2
"GO:0060349","bone morphogenesis","2/676","43/18773",0.0465116279069767,1.29166093298473,0.370057258709613,0.461744006143908,0.77431411457398,0.685959543002467,"rap1b/rap1aa",2
"GO:0007283","spermatogenesis","4/676","97/18773",0.0412371134020619,1.14518391996584,0.277068899821669,0.464040026302988,0.77431411457398,0.685959543002467,"strbp/tp53/rnf8/spaca4l",4
"GO:0035162","embryonic hemopoiesis","4/676","97/18773",0.0412371134020619,1.14518391996584,0.277068899821669,0.464040026302988,0.77431411457398,0.685959543002467,"nop10/myct1a/smad3a/socs1a",4
"GO:1903131","mononuclear cell differentiation","4/676","97/18773",0.0412371134020619,1.14518391996584,0.277068899821669,0.464040026302988,0.77431411457398,0.685959543002467,"lsm8/slc39a7/arpc1b/dnmt1",4
"GO:0001776","leukocyte homeostasis","1/676","17/18773",0.0588235294117647,1.63357117995127,0.505097349936951,0.46405304097836,0.77431411457398,0.685959543002467,"sema3fa",1
"GO:0001941","postsynaptic membrane organization","1/676","17/18773",0.0588235294117647,1.63357117995127,0.505097349936951,0.46405304097836,0.77431411457398,0.685959543002467,"mesd",1
"GO:0008354","germ cell migration","1/676","17/18773",0.0588235294117647,1.63357117995127,0.505097349936951,0.46405304097836,0.77431411457398,0.685959543002467,"kdm6al",1
"GO:0009226","nucleotide-sugar biosynthetic process","1/676","17/18773",0.0588235294117647,1.63357117995127,0.505097349936951,0.46405304097836,0.77431411457398,0.685959543002467,"gmppab",1
"GO:0010977","negative regulation of neuron projection development","1/676","17/18773",0.0588235294117647,1.63357117995127,0.505097349936951,0.46405304097836,0.77431411457398,0.685959543002467,"bcl11aa",1
"GO:0021984","adenohypophysis development","1/676","17/18773",0.0588235294117647,1.63357117995127,0.505097349936951,0.46405304097836,0.77431411457398,0.685959543002467,"six1b",1
"GO:0034109","homotypic cell-cell adhesion","1/676","17/18773",0.0588235294117647,1.63357117995127,0.505097349936951,0.46405304097836,0.77431411457398,0.685959543002467,"si:ch211-156j16.1",1
"GO:0045931","positive regulation of mitotic cell cycle","1/676","17/18773",0.0588235294117647,1.63357117995127,0.505097349936951,0.46405304097836,0.77431411457398,0.685959543002467,"cdc25b",1
"GO:0046849","bone remodeling","1/676","17/18773",0.0588235294117647,1.63357117995127,0.505097349936951,0.46405304097836,0.77431411457398,0.685959543002467,"col1a1a",1
"GO:0050935","iridophore differentiation","1/676","17/18773",0.0588235294117647,1.63357117995127,0.505097349936951,0.46405304097836,0.77431411457398,0.685959543002467,"tfap2a",1
"GO:0051592","response to calcium ion","1/676","17/18773",0.0588235294117647,1.63357117995127,0.505097349936951,0.46405304097836,0.77431411457398,0.685959543002467,"cpne1",1
"GO:0060395","SMAD protein signal transduction","1/676","17/18773",0.0588235294117647,1.63357117995127,0.505097349936951,0.46405304097836,0.77431411457398,0.685959543002467,"smad3a",1
"GO:0072102","glomerulus morphogenesis","1/676","17/18773",0.0588235294117647,1.63357117995127,0.505097349936951,0.46405304097836,0.77431411457398,0.685959543002467,"pax2a",1
"GO:0072337","modified amino acid transport","1/676","17/18773",0.0588235294117647,1.63357117995127,0.505097349936951,0.46405304097836,0.77431411457398,0.685959543002467,"slc25a20",1
"GO:0072678","T cell migration","1/676","17/18773",0.0588235294117647,1.63357117995127,0.505097349936951,0.46405304097836,0.77431411457398,0.685959543002467,"socs1a",1
"GO:0097720","calcineurin-mediated signaling","1/676","17/18773",0.0588235294117647,1.63357117995127,0.505097349936951,0.46405304097836,0.77431411457398,0.685959543002467,"ppp3cb",1
"GO:1901184","regulation of ERBB signaling pathway","1/676","17/18773",0.0588235294117647,1.63357117995127,0.505097349936951,0.46405304097836,0.77431411457398,0.685959543002467,"afap1l2",1
"GO:1901658","glycosyl compound catabolic process","1/676","17/18773",0.0588235294117647,1.63357117995127,0.505097349936951,0.46405304097836,0.77431411457398,0.685959543002467,"ada2b",1
"GO:0048477","oogenesis","3/676","70/18773",0.0428571428571429,1.19017328825021,0.308083348909055,0.464141103825038,0.77431411457398,0.685959543002467,"ybx1/tp53/nemp1",3
"GO:0055088","lipid homeostasis","3/676","70/18773",0.0428571428571429,1.19017328825021,0.308083348909055,0.464141103825038,0.77431411457398,0.685959543002467,"cln8/stab2/npc1",3
"GO:0032970","regulation of actin filament-based process","8/676","206/18773",0.0388349514563107,1.07847417705521,0.218884414496372,0.464740177460354,0.774691290999322,0.686293681000844,"pfn1/cotl1/cdc42ep1a/capza1a/tmsb1/arpc3/lmod1b/arpc5b",8
"GO:0035270","endocrine system development","5/676","125/18773",0.04,1.11082840236686,0.240278701644518,0.470153991299424,0.783087281418528,0.693731631107411,"rbpjb/six1b/hand2/lama1/pax2a",5
"GO:0060249","anatomical structure homeostasis","4/676","98/18773",0.0408163265306122,1.13349836976211,0.256084930244982,0.471952803234741,0.783118972113258,0.693759705675684,"nxnl2/tp53/foxf2a/prrc1",4
"GO:0035107","appendage morphogenesis","3/676","71/18773",0.0422535211267606,1.17341028419035,0.282934121214296,0.473473824838729,0.783118972113258,0.693759705675684,"col1a1a/foxl1/hand2",3
"GO:0051494","negative regulation of cytoskeleton organization","3/676","71/18773",0.0422535211267606,1.17341028419035,0.282934121214296,0.473473824838729,0.783118972113258,0.693759705675684,"capza1a/tmsb1/lmod1b",3
"GO:0015918","sterol transport","2/676","44/18773",0.0454545454545455,1.26230500268962,0.336667306557171,0.473709678048774,0.783118972113258,0.693759705675684,"stab2/npc1",2
"GO:0030917","midbrain-hindbrain boundary development","2/676","44/18773",0.0454545454545455,1.26230500268962,0.336667306557171,0.473709678048774,0.783118972113258,0.693759705675684,"brd2a/pax2a",2
"GO:0046173","polyol biosynthetic process","2/676","44/18773",0.0454545454545455,1.26230500268962,0.336667306557171,0.473709678048774,0.783118972113258,0.693759705675684,"gch2/gch1",2
"GO:0070098","chemokine-mediated signaling pathway","2/676","44/18773",0.0454545454545455,1.26230500268962,0.336667306557171,0.473709678048774,0.783118972113258,0.693759705675684,"cxcr4a/cxcl18b",2
"GO:1901136","carbohydrate derivative catabolic process","6/676","153/18773",0.0392156862745098,1.08904745330085,0.21374831905704,0.474625886201801,0.783118972113258,0.693759705675684,"dut/hyal2b/hint1/hexa/ada2b/nudt4b",6
"GO:0030218","erythrocyte differentiation","5/676","126/18773",0.0396825396825397,1.10201230393538,0.222054035817857,0.477117150854217,0.783118972113258,0.693759705675684,"tp53/nemp1/csnk2b/alas1/vhl",5
"GO:0045088","regulation of innate immune response","4/676","99/18773",0.0404040404040404,1.12204889127966,0.235319591684085,0.479821732912204,0.783118972113258,0.693759705675684,"parp1/gch1/usp4/socs1a",4
"GO:0032787","monocarboxylic acid metabolic process","12/676","319/18773",0.0376175548589342,1.04466620912244,0.155508633763783,0.480173362755279,0.783118972113258,0.693759705675684,"dbi/idh2/slco2b1/fgfr4/slc7a3a/acat1/aldh3a2a/cryl1/aldh5a1/hpgd/elovl2/si:ch211-212o1.2",12
"GO:0032006","regulation of TOR signaling","3/676","72/18773",0.0416666666666667,1.15711291913215,0.258149363434866,0.48273148272548,0.783118972113258,0.693759705675684,"atm/lamtor5/gsk3ba",3
"GO:0000266","mitochondrial fission","1/676","18/18773",0.0555555555555556,1.54281722550953,0.445304072291752,0.483369534063167,0.783118972113258,0.693759705675684,"mief2",1
"GO:0001934","positive regulation of protein phosphorylation","1/676","18/18773",0.0555555555555556,1.54281722550953,0.445304072291752,0.483369534063167,0.783118972113258,0.693759705675684,"prrc1",1
"GO:0002089","lens morphogenesis in camera-type eye","1/676","18/18773",0.0555555555555556,1.54281722550953,0.445304072291752,0.483369534063167,0.783118972113258,0.693759705675684,"mab21l2",1
"GO:0010569","regulation of double-strand break repair via homologous recombination","1/676","18/18773",0.0555555555555556,1.54281722550953,0.445304072291752,0.483369534063167,0.783118972113258,0.693759705675684,"rnf8",1
"GO:0010594","regulation of endothelial cell migration","1/676","18/18773",0.0555555555555556,1.54281722550953,0.445304072291752,0.483369534063167,0.783118972113258,0.693759705675684,"rab5c",1
"GO:0016239","positive regulation of macroautophagy","1/676","18/18773",0.0555555555555556,1.54281722550953,0.445304072291752,0.483369534063167,0.783118972113258,0.693759705675684,"snx4",1
"GO:0021554","optic nerve development","1/676","18/18773",0.0555555555555556,1.54281722550953,0.445304072291752,0.483369534063167,0.783118972113258,0.693759705675684,"tuba1a",1
"GO:0030168","platelet activation","1/676","18/18773",0.0555555555555556,1.54281722550953,0.445304072291752,0.483369534063167,0.783118972113258,0.693759705675684,"si:ch211-156j16.1",1
"GO:0030212","hyaluronan metabolic process","1/676","18/18773",0.0555555555555556,1.54281722550953,0.445304072291752,0.483369534063167,0.783118972113258,0.693759705675684,"hyal2b",1
"GO:0032438","melanosome organization","1/676","18/18773",0.0555555555555556,1.54281722550953,0.445304072291752,0.483369534063167,0.783118972113258,0.693759705675684,"atp6v0d1",1
"GO:0039020","pronephric nephron tubule development","1/676","18/18773",0.0555555555555556,1.54281722550953,0.445304072291752,0.483369534063167,0.783118972113258,0.693759705675684,"tfap2a",1
"GO:0042327","positive regulation of phosphorylation","1/676","18/18773",0.0555555555555556,1.54281722550953,0.445304072291752,0.483369534063167,0.783118972113258,0.693759705675684,"prrc1",1
"GO:0042541","hemoglobin biosynthetic process","1/676","18/18773",0.0555555555555556,1.54281722550953,0.445304072291752,0.483369534063167,0.783118972113258,0.693759705675684,"alas1",1
"GO:0046040","IMP metabolic process","1/676","18/18773",0.0555555555555556,1.54281722550953,0.445304072291752,0.483369534063167,0.783118972113258,0.693759705675684,"paics",1
"GO:0046330","positive regulation of JNK cascade","1/676","18/18773",0.0555555555555556,1.54281722550953,0.445304072291752,0.483369534063167,0.783118972113258,0.693759705675684,"rassf2a",1
"GO:0050852","T cell receptor signaling pathway","1/676","18/18773",0.0555555555555556,1.54281722550953,0.445304072291752,0.483369534063167,0.783118972113258,0.693759705675684,"tec",1
"GO:0060541","respiratory system development","1/676","18/18773",0.0555555555555556,1.54281722550953,0.445304072291752,0.483369534063167,0.783118972113258,0.693759705675684,"phf14",1
"GO:0061484","hematopoietic stem cell homeostasis","1/676","18/18773",0.0555555555555556,1.54281722550953,0.445304072291752,0.483369534063167,0.783118972113258,0.693759705675684,"tp53",1
"GO:0072698","protein localization to microtubule cytoskeleton","1/676","18/18773",0.0555555555555556,1.54281722550953,0.445304072291752,0.483369534063167,0.783118972113258,0.693759705675684,"mapre1b",1
"GO:0080154","regulation of fertilization","1/676","18/18773",0.0555555555555556,1.54281722550953,0.445304072291752,0.483369534063167,0.783118972113258,0.693759705675684,"dchs1b",1
"GO:0140719","constitutive heterochromatin formation","1/676","18/18773",0.0555555555555556,1.54281722550953,0.445304072291752,0.483369534063167,0.783118972113258,0.693759705675684,"dnmt1",1
"GO:1901989","positive regulation of cell cycle phase transition","1/676","18/18773",0.0555555555555556,1.54281722550953,0.445304072291752,0.483369534063167,0.783118972113258,0.693759705675684,"cdc25b",1
"GO:1904262","negative regulation of TORC1 signaling","1/676","18/18773",0.0555555555555556,1.54281722550953,0.445304072291752,0.483369534063167,0.783118972113258,0.693759705675684,"atm",1
"GO:0033993","response to lipid","7/676","182/18773",0.0384615384615385,1.06810423304506,0.178436523235292,0.483902348007673,0.783371143267293,0.693983102364862,"anxa1a/insig1/insig2/cnot9/jun/vhl/cxcl18b",7
"GO:0042742","defense response to bacterium","4/676","100/18773",0.04,1.11082840236686,0.214767890640768,0.487644547349676,0.788814427449593,0.69880527034533,"cfl1/h2ax1/chga/ppp1r11",4
"GO:0006941","striated muscle contraction","3/676","73/18773",0.0410958904109589,1.14126205722623,0.233717633922393,0.49191096744328,0.791073543716343,0.700806605892187,"kcnq1.1/tpm4a/csrp3",3
"GO:0044344","cellular response to fibroblast growth factor stimulus","3/676","73/18773",0.0410958904109589,1.14126205722623,0.233717633922393,0.49191096744328,0.791073543716343,0.700806605892187,"ncl/fgfr4/ndnf",3
"GO:0071774","response to fibroblast growth factor","3/676","73/18773",0.0410958904109589,1.14126205722623,0.233717633922393,0.49191096744328,0.791073543716343,0.700806605892187,"ncl/fgfr4/ndnf",3
"GO:2000241","regulation of reproductive process","3/676","73/18773",0.0410958904109589,1.14126205722623,0.233717633922393,0.49191096744328,0.791073543716343,0.700806605892187,"tp53/cdc25b/dchs1b",3
"GO:0040007","growth","15/676","406/18773",0.0369458128078818,1.02601145538811,0.102407999812719,0.496821719263162,0.791073543716343,0.700806605892187,"rap1b/anxa1a/zeb2b/swap70b/cgrrf1/dnph1/llph/fcho1/col1a1a/cebpd/msx1b/rap1aa/col6a3/vdac2/tax1bp3",15
"GO:0007127","meiosis I","2/676","46/18773",0.0434782608695652,1.20742217648572,0.272223319293646,0.497150134392957,0.791073543716343,0.700806605892187,"cenpx/si:ch211-161h7.4",2
"GO:0035265","organ growth","2/676","46/18773",0.0434782608695652,1.20742217648572,0.272223319293646,0.497150134392957,0.791073543716343,0.700806605892187,"rap1b/rap1aa",2
"GO:1990868","response to chemokine","2/676","46/18773",0.0434782608695652,1.20742217648572,0.272223319293646,0.497150134392957,0.791073543716343,0.700806605892187,"cxcr4a/cxcl18b",2
"GO:1990869","cellular response to chemokine","2/676","46/18773",0.0434782608695652,1.20742217648572,0.272223319293646,0.497150134392957,0.791073543716343,0.700806605892187,"cxcr4a/cxcl18b",2
"GO:0034101","erythrocyte homeostasis","5/676","129/18773",0.0387596899224806,1.0763841108206,0.168249453785489,0.497817156779601,0.791073543716343,0.700806605892187,"tp53/nemp1/csnk2b/alas1/vhl",5
"GO:0007097","nuclear migration","1/676","19/18773",0.0526315789473684,1.46161631890377,0.389077687206735,0.501990818785816,0.791073543716343,0.700806605892187,"pafah1b1a",1
"GO:0010562","positive regulation of phosphorus metabolic process","1/676","19/18773",0.0526315789473684,1.46161631890377,0.389077687206735,0.501990818785816,0.791073543716343,0.700806605892187,"prrc1",1
"GO:0010811","positive regulation of cell-substrate adhesion","1/676","19/18773",0.0526315789473684,1.46161631890377,0.389077687206735,0.501990818785816,0.791073543716343,0.700806605892187,"thy1",1
"GO:0020027","hemoglobin metabolic process","1/676","19/18773",0.0526315789473684,1.46161631890377,0.389077687206735,0.501990818785816,0.791073543716343,0.700806605892187,"alas1",1
"GO:0021593","rhombomere morphogenesis","1/676","19/18773",0.0526315789473684,1.46161631890377,0.389077687206735,0.501990818785816,0.791073543716343,0.700806605892187,"mafba",1
"GO:0021983","pituitary gland development","1/676","19/18773",0.0526315789473684,1.46161631890377,0.389077687206735,0.501990818785816,0.791073543716343,0.700806605892187,"six1b",1
"GO:0030308","negative regulation of cell growth","1/676","19/18773",0.0526315789473684,1.46161631890377,0.389077687206735,0.501990818785816,0.791073543716343,0.700806605892187,"cgrrf1",1
"GO:0032330","regulation of chondrocyte differentiation","1/676","19/18773",0.0526315789473684,1.46161631890377,0.389077687206735,0.501990818785816,0.791073543716343,0.700806605892187,"msmo1",1
"GO:0032511","late endosome to vacuole transport via multivesicular body sorting pathway","1/676","19/18773",0.0526315789473684,1.46161631890377,0.389077687206735,0.501990818785816,0.791073543716343,0.700806605892187,"vps28",1
"GO:0035469","determination of pancreatic left/right asymmetry","1/676","19/18773",0.0526315789473684,1.46161631890377,0.389077687206735,0.501990818785816,0.791073543716343,0.700806605892187,"gmnn",1
"GO:0042761","very long-chain fatty acid biosynthetic process","1/676","19/18773",0.0526315789473684,1.46161631890377,0.389077687206735,0.501990818785816,0.791073543716343,0.700806605892187,"elovl2",1
"GO:0043112","receptor metabolic process","1/676","19/18773",0.0526315789473684,1.46161631890377,0.389077687206735,0.501990818785816,0.791073543716343,0.700806605892187,"plekha3",1
"GO:0043280","positive regulation of cysteine-type endopeptidase activity involved in apoptotic process","1/676","19/18773",0.0526315789473684,1.46161631890377,0.389077687206735,0.501990818785816,0.791073543716343,0.700806605892187,"tp53",1
"GO:0045937","positive regulation of phosphate metabolic process","1/676","19/18773",0.0526315789473684,1.46161631890377,0.389077687206735,0.501990818785816,0.791073543716343,0.700806605892187,"prrc1",1
"GO:0046777","protein autophosphorylation","1/676","19/18773",0.0526315789473684,1.46161631890377,0.389077687206735,0.501990818785816,0.791073543716343,0.700806605892187,"dyrk1ab",1
"GO:0048753","pigment granule organization","1/676","19/18773",0.0526315789473684,1.46161631890377,0.389077687206735,0.501990818785816,0.791073543716343,0.700806605892187,"atp6v0d1",1
"GO:0051647","nucleus localization","1/676","19/18773",0.0526315789473684,1.46161631890377,0.389077687206735,0.501990818785816,0.791073543716343,0.700806605892187,"pafah1b1a",1
"GO:0055003","cardiac myofibril assembly","1/676","19/18773",0.0526315789473684,1.46161631890377,0.389077687206735,0.501990818785816,0.791073543716343,0.700806605892187,"tpm4a",1
"GO:0089718","amino acid import across plasma membrane","1/676","19/18773",0.0526315789473684,1.46161631890377,0.389077687206735,0.501990818785816,0.791073543716343,0.700806605892187,"slc7a3a",1
"GO:1901222","regulation of non-canonical NF-kappaB signal transduction","1/676","19/18773",0.0526315789473684,1.46161631890377,0.389077687206735,0.501990818785816,0.791073543716343,0.700806605892187,"rassf2a",1
"GO:1902742","apoptotic process involved in development","1/676","19/18773",0.0526315789473684,1.46161631890377,0.389077687206735,0.501990818785816,0.791073543716343,0.700806605892187,"tp53",1
"GO:1903670","regulation of sprouting angiogenesis","1/676","19/18773",0.0526315789473684,1.46161631890377,0.389077687206735,0.501990818785816,0.791073543716343,0.700806605892187,"tmem33",1
"GO:1905952","regulation of lipid localization","1/676","19/18773",0.0526315789473684,1.46161631890377,0.389077687206735,0.501990818785816,0.791073543716343,0.700806605892187,"npc1",1
"GO:2001056","positive regulation of cysteine-type endopeptidase activity","1/676","19/18773",0.0526315789473684,1.46161631890377,0.389077687206735,0.501990818785816,0.791073543716343,0.700806605892187,"tp53",1
"GO:0048232","male gamete generation","4/676","102/18773",0.0392156862745098,1.08904745330085,0.174286250726135,0.503143223396923,0.792288457161038,0.701882889348248,"strbp/tp53/rnf8/spaca4l",4
"GO:0006405","RNA export from nucleus","2/676","47/18773",0.0425531914893617,1.18173234294347,0.241092651147486,0.508617735522939,0.79464259400829,0.70396840297316,"ncbp2/sem1",2
"GO:0031570","DNA integrity checkpoint signaling","2/676","47/18773",0.0425531914893617,1.18173234294347,0.241092651147486,0.508617735522939,0.79464259400829,0.70396840297316,"atm/tp53",2
"GO:0055006","cardiac cell development","2/676","47/18773",0.0425531914893617,1.18173234294347,0.241092651147486,0.508617735522939,0.79464259400829,0.70396840297316,"nr2f2/tpm4a",2
"GO:0071674","mononuclear cell migration","2/676","47/18773",0.0425531914893617,1.18173234294347,0.241092651147486,0.508617735522939,0.79464259400829,0.70396840297316,"ch25h/socs1a",2
"GO:0030334","regulation of cell migration","10/676","270/18773",0.037037037037037,1.02854481700636,0.0913089604568008,0.509252968568277,0.79464259400829,0.70396840297316,"adam8a/elp5/rab5c/sema3fa/elp6/tmsb1/lama1/socs1a/arhgap4a/thy1",10
"GO:0042180","cellular ketone metabolic process","3/676","75/18773",0.04,1.11082840236686,0.185870066483083,0.510023927002035,0.79464259400829,0.70396840297316,"fgfr4/pdss1/coq6",3
"GO:0060348","bone development","3/676","75/18773",0.04,1.11082840236686,0.185870066483083,0.510023927002035,0.79464259400829,0.70396840297316,"rap1b/col1a1a/rap1aa",3
"GO:0002064","epithelial cell development","4/676","103/18773",0.0388349514563107,1.07847417705521,0.15434712734286,0.510815010964943,0.79464259400829,0.70396840297316,"rbpjb/anln/lama1/tyro3",4
"GO:0007034","vacuolar transport","4/676","103/18773",0.0388349514563107,1.07847417705521,0.15434712734286,0.510815010964943,0.79464259400829,0.70396840297316,"ndfip1l/vps28/mon1a/atp6v0d1",4
"GO:0030335","positive regulation of cell migration","5/676","131/18773",0.0381679389312977,1.05995076561724,0.133078978097239,0.511443304076222,0.79464259400829,0.70396840297316,"adam8a/elp5/sema3fa/elp6/socs1a",5
"GO:0051094","positive regulation of developmental process","10/676","271/18773",0.03690036900369,1.02474944867792,0.079316978829975,0.513977502742895,0.79464259400829,0.70396840297316,"mydgf/swap70b/llph/nudt21/rack1/stab2/mief2/h2az2a/clec14a/basp1",10
"GO:0043086","negative regulation of catalytic activity","4/676","104/18773",0.0384615384615385,1.06810423304506,0.134603259225768,0.518432533066106,0.79464259400829,0.70396840297316,"tfpia/appa/wfikkn1/lamtor5",4
"GO:0001932","regulation of protein phosphorylation","2/676","48/18773",0.0416666666666667,1.15711291913215,0.210642951232218,0.519912909140098,0.79464259400829,0.70396840297316,"prrc1/socs1a",2
"GO:0031290","retinal ganglion cell axon guidance","2/676","48/18773",0.0416666666666667,1.15711291913215,0.210642951232218,0.519912909140098,0.79464259400829,0.70396840297316,"lama1/slbp",2
"GO:0072665","protein localization to vacuole","2/676","48/18773",0.0416666666666667,1.15711291913215,0.210642951232218,0.519912909140098,0.79464259400829,0.70396840297316,"vps28/mon1a",2
"GO:1901880","negative regulation of protein depolymerization","2/676","48/18773",0.0416666666666667,1.15711291913215,0.210642951232218,0.519912909140098,0.79464259400829,0.70396840297316,"capza1a/lmod1b",2
"GO:0006026","aminoglycan catabolic process","1/676","20/18773",0.05,1.38853550295858,0.335997199620177,0.519941880239415,0.79464259400829,0.70396840297316,"hyal2b",1
"GO:0006513","protein monoubiquitination","1/676","20/18773",0.05,1.38853550295858,0.335997199620177,0.519941880239415,0.79464259400829,0.70396840297316,"pex12",1
"GO:0006584","catecholamine metabolic process","1/676","20/18773",0.05,1.38853550295858,0.335997199620177,0.519941880239415,0.79464259400829,0.70396840297316,"sult1st1",1
"GO:0006970","response to osmotic stress","1/676","20/18773",0.05,1.38853550295858,0.335997199620177,0.519941880239415,0.79464259400829,0.70396840297316,"nupr1b",1
"GO:0008345","larval locomotory behavior","1/676","20/18773",0.05,1.38853550295858,0.335997199620177,0.519941880239415,0.79464259400829,0.70396840297316,"col6a1",1
"GO:0009081","branched-chain amino acid metabolic process","1/676","20/18773",0.05,1.38853550295858,0.335997199620177,0.519941880239415,0.79464259400829,0.70396840297316,"ivd",1
"GO:0009712","catechol-containing compound metabolic process","1/676","20/18773",0.05,1.38853550295858,0.335997199620177,0.519941880239415,0.79464259400829,0.70396840297316,"sult1st1",1
"GO:0016925","protein sumoylation","1/676","20/18773",0.05,1.38853550295858,0.335997199620177,0.519941880239415,0.79464259400829,0.70396840297316,"sumo2b",1
"GO:0030307","positive regulation of cell growth","1/676","20/18773",0.05,1.38853550295858,0.335997199620177,0.519941880239415,0.79464259400829,0.70396840297316,"dnph1",1
"GO:0031345","negative regulation of cell projection organization","1/676","20/18773",0.05,1.38853550295858,0.335997199620177,0.519941880239415,0.79464259400829,0.70396840297316,"bcl11aa",1
"GO:0033077","T cell differentiation in thymus","1/676","20/18773",0.05,1.38853550295858,0.335997199620177,0.519941880239415,0.79464259400829,0.70396840297316,"dnmt1",1
"GO:0034472","snRNA 3'-end processing","1/676","20/18773",0.05,1.38853550295858,0.335997199620177,0.519941880239415,0.79464259400829,0.70396840297316,"ints6l",1
"GO:0036302","atrioventricular canal development","1/676","20/18773",0.05,1.38853550295858,0.335997199620177,0.519941880239415,0.79464259400829,0.70396840297316,"dchs1b",1
"GO:0042744","hydrogen peroxide catabolic process","1/676","20/18773",0.05,1.38853550295858,0.335997199620177,0.519941880239415,0.79464259400829,0.70396840297316,"prdx2",1
"GO:0043647","inositol phosphate metabolic process","1/676","20/18773",0.05,1.38853550295858,0.335997199620177,0.519941880239415,0.79464259400829,0.70396840297316,"nudt4b",1
"GO:0045022","early endosome to late endosome transport","1/676","20/18773",0.05,1.38853550295858,0.335997199620177,0.519941880239415,0.79464259400829,0.70396840297316,"msna",1
"GO:0045143","homologous chromosome segregation","1/676","20/18773",0.05,1.38853550295858,0.335997199620177,0.519941880239415,0.79464259400829,0.70396840297316,"si:ch211-161h7.4",1
"GO:0046514","ceramide catabolic process","1/676","20/18773",0.05,1.38853550295858,0.335997199620177,0.519941880239415,0.79464259400829,0.70396840297316,"hexa",1
"GO:0051646","mitochondrion localization","1/676","20/18773",0.05,1.38853550295858,0.335997199620177,0.519941880239415,0.79464259400829,0.70396840297316,"rhot1b",1
"GO:0060841","venous blood vessel development","1/676","20/18773",0.05,1.38853550295858,0.335997199620177,0.519941880239415,0.79464259400829,0.70396840297316,"nr2f2",1
"GO:0071229","cellular response to acid chemical","1/676","20/18773",0.05,1.38853550295858,0.335997199620177,0.519941880239415,0.79464259400829,0.70396840297316,"lamtor5",1
"GO:0071230","cellular response to amino acid stimulus","1/676","20/18773",0.05,1.38853550295858,0.335997199620177,0.519941880239415,0.79464259400829,0.70396840297316,"lamtor5",1
"GO:0071577","zinc ion transmembrane transport","1/676","20/18773",0.05,1.38853550295858,0.335997199620177,0.519941880239415,0.79464259400829,0.70396840297316,"slc39a3",1
"GO:0098927","vesicle-mediated transport between endosomal compartments","1/676","20/18773",0.05,1.38853550295858,0.335997199620177,0.519941880239415,0.79464259400829,0.70396840297316,"msna",1
"GO:0022411","cellular component disassembly","6/676","161/18773",0.0372670807453416,1.03493329413062,0.0860362126251072,0.524246092699061,0.800043449328399,0.708752983516733,"cfl1/nemp1/rack1/capza1a/cfl1l/lmod1b",6
"GO:1901605","alpha-amino acid metabolic process","6/676","161/18773",0.0372670807453416,1.03493329413062,0.0860362126251072,0.524246092699061,0.800043449328399,0.708752983516733,"psat1/nit2/psph/got2b/ivd/gmps",6
"GO:0006022","aminoglycan metabolic process","3/676","77/18773",0.038961038961039,1.0819757165911,0.139309765823066,0.527791551701523,0.804272232490142,0.712499233404844,"hyal2b/hexa/ndst1b",3
"GO:0016579","protein deubiquitination","3/676","77/18773",0.038961038961039,1.0819757165911,0.139309765823066,0.527791551701523,0.804272232490142,0.712499233404844,"usp54b/otub1a/usp4",3
"GO:0050790","regulation of catalytic activity","8/676","218/18773",0.036697247706422,1.01910862602465,0.0548469593649703,0.528818122516276,0.804514504580323,0.712713860581509,"tfpia/appa/tp53/wfikkn1/cdc20/lamtor5/prrc1/ssbp1",8
"GO:0035050","embryonic heart tube development","7/676","190/18773",0.0368421052631579,1.02313142323264,0.0619364870974607,0.529439706544579,0.804514504580323,0.712713860581509,"ncl/tbx3a/cenpf/hand2/eif3ba/gsk3ba/atp6v0d1",7
"GO:0007006","mitochondrial membrane organization","2/676","49/18773",0.0408163265306122,1.13349836976211,0.180842296558418,0.5310331893324,0.804514504580323,0.712713860581509,"slc35f6/timm13",2
"GO:0007254","JNK cascade","2/676","49/18773",0.0408163265306122,1.13349836976211,0.180842296558418,0.5310331893324,0.804514504580323,0.712713860581509,"dusp19b/rassf2a",2
"GO:0034728","nucleosome organization","2/676","49/18773",0.0408163265306122,1.13349836976211,0.180842296558418,0.5310331893324,0.804514504580323,0.712713860581509,"seta/h1-10",2
"GO:0043648","dicarboxylic acid metabolic process","2/676","49/18773",0.0408163265306122,1.13349836976211,0.180842296558418,0.5310331893324,0.804514504580323,0.712713860581509,"nit2/got2b",2
"GO:0009894","regulation of catabolic process","11/676","303/18773",0.0363036303630363,1.00817759290722,0.0277356712502695,0.532304403775931,0.804514504580323,0.712713860581509,"adam8a/oaz1b/dda1/ybx1/snx4/cdc20/sb:cb81/gfap/zgc:162730/gsk3ba/oaz1a",11
"GO:1903313","positive regulation of mRNA metabolic process","3/676","78/18773",0.0384615384615385,1.06810423304506,0.116488754187082,0.536540026895187,0.804514504580323,0.712713860581509,"cirbpb/sb:cb81/zgc:162730",3
"GO:0003208","cardiac ventricle morphogenesis","1/676","21/18773",0.0476190476190476,1.32241476472246,0.285710433084404,0.537246806862257,0.804514504580323,0.712713860581509,"rbx1",1
"GO:0006623","protein targeting to vacuole","1/676","21/18773",0.0476190476190476,1.32241476472246,0.285710433084404,0.537246806862257,0.804514504580323,0.712713860581509,"mon1a",1
"GO:0006636","unsaturated fatty acid biosynthetic process","1/676","21/18773",0.0476190476190476,1.32241476472246,0.285710433084404,0.537246806862257,0.804514504580323,0.712713860581509,"elovl2",1
"GO:0007032","endosome organization","1/676","21/18773",0.0476190476190476,1.32241476472246,0.285710433084404,0.537246806862257,0.804514504580323,0.712713860581509,"plekha3",1
"GO:0021546","rhombomere development","1/676","21/18773",0.0476190476190476,1.32241476472246,0.285710433084404,0.537246806862257,0.804514504580323,0.712713860581509,"mafba",1
"GO:0030216","keratinocyte differentiation","1/676","21/18773",0.0476190476190476,1.32241476472246,0.285710433084404,0.537246806862257,0.804514504580323,0.712713860581509,"krt4",1
"GO:0033619","membrane protein proteolysis","1/676","21/18773",0.0476190476190476,1.32241476472246,0.285710433084404,0.537246806862257,0.804514504580323,0.712713860581509,"adam8a",1
"GO:0034243","regulation of transcription elongation by RNA polymerase II","1/676","21/18773",0.0476190476190476,1.32241476472246,0.285710433084404,0.537246806862257,0.804514504580323,0.712713860581509,"rnf8",1
"GO:0038092","nodal signaling pathway","1/676","21/18773",0.0476190476190476,1.32241476472246,0.285710433084404,0.537246806862257,0.804514504580323,0.712713860581509,"smad3a",1
"GO:0043277","apoptotic cell clearance","1/676","21/18773",0.0476190476190476,1.32241476472246,0.285710433084404,0.537246806862257,0.804514504580323,0.712713860581509,"sema3fa",1
"GO:0044818","mitotic G2/M transition checkpoint","1/676","21/18773",0.0476190476190476,1.32241476472246,0.285710433084404,0.537246806862257,0.804514504580323,0.712713860581509,"nabp1a",1
"GO:0046128","purine ribonucleoside metabolic process","1/676","21/18773",0.0476190476190476,1.32241476472246,0.285710433084404,0.537246806862257,0.804514504580323,0.712713860581509,"ada2b",1
"GO:0048259","regulation of receptor-mediated endocytosis","1/676","21/18773",0.0476190476190476,1.32241476472246,0.285710433084404,0.537246806862257,0.804514504580323,0.712713860581509,"bmp2k",1
"GO:0050773","regulation of dendrite development","1/676","21/18773",0.0476190476190476,1.32241476472246,0.285710433084404,0.537246806862257,0.804514504580323,0.712713860581509,"bcl11aa",1
"GO:0060034","notochord cell differentiation","1/676","21/18773",0.0476190476190476,1.32241476472246,0.285710433084404,0.537246806862257,0.804514504580323,0.712713860581509,"lama1",1
"GO:0071542","dopaminergic neuron differentiation","1/676","21/18773",0.0476190476190476,1.32241476472246,0.285710433084404,0.537246806862257,0.804514504580323,0.712713860581509,"rem2",1
"GO:0002831","regulation of response to biotic stimulus","4/676","107/18773",0.0373831775700935,1.03815738538959,0.0765015428807635,0.540941818603184,0.80868190544394,0.716405732314323,"parp1/gch1/usp4/socs1a",4
"GO:0007338","single fertilization","2/676","50/18773",0.04,1.11082840236686,0.15166091918429,0.541976510533445,0.80868190544394,0.716405732314323,"ybx1/dchs1b",2
"GO:0021903","rostrocaudal neural tube patterning","2/676","50/18773",0.04,1.11082840236686,0.15166091918429,0.541976510533445,0.80868190544394,0.716405732314323,"brd2a/pax2a",2
"GO:0030166","proteoglycan biosynthetic process","2/676","50/18773",0.04,1.11082840236686,0.15166091918429,0.541976510533445,0.80868190544394,0.716405732314323,"cant1a/ndst1b",2
"GO:0071482","cellular response to light stimulus","2/676","50/18773",0.04,1.11082840236686,0.15166091918429,0.541976510533445,0.80868190544394,0.716405732314323,"opn1sw2/aurkb",2
"GO:0098657","import into cell","16/676","448/18773",0.0357142857142857,0.991811073541843,-0.0339054344623356,0.549683127579383,0.812507178304339,0.719794515204615,"anxa1a/snx5/rab5c/si:ch211-11k18.4/sema3fa/fcho1/mrc1a/slc7a3a/kcnh3/heatr5a/stab2/slc15a4/bmp2k/ap2m1a/pacsin2/tyro3",16
"GO:0006936","muscle contraction","5/676","137/18773",0.0364963503649635,1.01352956420334,0.0307180093415888,0.551360523043784,0.812507178304339,0.719794515204615,"tpm3/kcnq1.1/tpm4a/csrp3/cacnb1",5
"GO:0006805","xenobiotic metabolic process","2/676","51/18773",0.0392156862745098,1.08904745330085,0.123071019596923,0.552741181965485,0.812507178304339,0.719794515204615,"ahr1b/sult1st1",2
"GO:0015695","organic cation transport","2/676","51/18773",0.0392156862745098,1.08904745330085,0.123071019596923,0.552741181965485,0.812507178304339,0.719794515204615,"slc25a20/slc7a3a",2
"GO:0170034","L-amino acid biosynthetic process","2/676","51/18773",0.0392156862745098,1.08904745330085,0.123071019596923,0.552741181965485,0.812507178304339,0.719794515204615,"psat1/psph",2
"GO:0170038","proteinogenic amino acid biosynthetic process","2/676","51/18773",0.0392156862745098,1.08904745330085,0.123071019596923,0.552741181965485,0.812507178304339,0.719794515204615,"psat1/psph",2
"GO:0002573","myeloid leukocyte differentiation","3/676","80/18773",0.0375,1.04140162721893,0.0717213125243307,0.553756095688139,0.812507178304339,0.719794515204615,"ada2b/alas1/dnmt1",3
"GO:0009166","nucleotide catabolic process","3/676","80/18773",0.0375,1.04140162721893,0.0717213125243307,0.553756095688139,0.812507178304339,0.719794515204615,"dut/hint1/nudt4b",3
"GO:0015718","monocarboxylic acid transport","3/676","80/18773",0.0375,1.04140162721893,0.0717213125243307,0.553756095688139,0.812507178304339,0.719794515204615,"fabp7a/slco2b1/slc16a8",3
"GO:0035051","cardiocyte differentiation","3/676","80/18773",0.0375,1.04140162721893,0.0717213125243307,0.553756095688139,0.812507178304339,0.719794515204615,"nr2f2/tpm4a/hand2",3
"GO:0043414","macromolecule methylation","3/676","80/18773",0.0375,1.04140162721893,0.0717213125243307,0.553756095688139,0.812507178304339,0.719794515204615,"tyw3/trmt9b/nop2",3
"GO:0001101","response to acid chemical","1/676","22/18773",0.0454545454545455,1.26230500268962,0.237920040220023,0.553928822570508,0.812507178304339,0.719794515204615,"lamtor5",1
"GO:0002285","lymphocyte activation involved in immune response","1/676","22/18773",0.0454545454545455,1.26230500268962,0.237920040220023,0.553928822570508,0.812507178304339,0.719794515204615,"rnf8",1
"GO:0006275","regulation of DNA replication","1/676","22/18773",0.0454545454545455,1.26230500268962,0.237920040220023,0.553928822570508,0.812507178304339,0.719794515204615,"gmnn",1
"GO:0010950","positive regulation of endopeptidase activity","1/676","22/18773",0.0454545454545455,1.26230500268962,0.237920040220023,0.553928822570508,0.812507178304339,0.719794515204615,"tp53",1
"GO:0010952","positive regulation of peptidase activity","1/676","22/18773",0.0454545454545455,1.26230500268962,0.237920040220023,0.553928822570508,0.812507178304339,0.719794515204615,"tp53",1
"GO:0043200","response to amino acid","1/676","22/18773",0.0454545454545455,1.26230500268962,0.237920040220023,0.553928822570508,0.812507178304339,0.719794515204615,"lamtor5",1
"GO:0048934","peripheral nervous system neuron differentiation","1/676","22/18773",0.0454545454545455,1.26230500268962,0.237920040220023,0.553928822570508,0.812507178304339,0.719794515204615,"six1b",1
"GO:0048935","peripheral nervous system neuron development","1/676","22/18773",0.0454545454545455,1.26230500268962,0.237920040220023,0.553928822570508,0.812507178304339,0.719794515204615,"six1b",1
"GO:0055008","cardiac muscle tissue morphogenesis","1/676","22/18773",0.0454545454545455,1.26230500268962,0.237920040220023,0.553928822570508,0.812507178304339,0.719794515204615,"rbx1",1
"GO:0061026","cardiac muscle tissue regeneration","1/676","22/18773",0.0454545454545455,1.26230500268962,0.237920040220023,0.553928822570508,0.812507178304339,0.719794515204615,"cebpd",1
"GO:0140888","interferon-mediated signaling pathway","1/676","22/18773",0.0454545454545455,1.26230500268962,0.237920040220023,0.553928822570508,0.812507178304339,0.719794515204615,"socs1a",1
"GO:1901890","positive regulation of cell junction assembly","1/676","22/18773",0.0454545454545455,1.26230500268962,0.237920040220023,0.553928822570508,0.812507178304339,0.719794515204615,"thy1",1
"GO:2000242","negative regulation of reproductive process","1/676","22/18773",0.0454545454545455,1.26230500268962,0.237920040220023,0.553928822570508,0.812507178304339,0.719794515204615,"dchs1b",1
"GO:0006470","protein dephosphorylation","5/676","138/18773",0.036231884057971,1.00618514707143,0.0140945171698718,0.557859715676872,0.817695574778308,0.724390879919156,"cdc25b/dusp22a/dusp8a/ppm1h/dusp19b",5
"GO:0008610","lipid biosynthetic process","14/676","394/18773",0.0355329949238579,0.986776499564473,-0.0512694824558821,0.558880749077442,0.818614468147989,0.725204921228839,"ch25h/hsd17b7/insig1/pigb/insig2/fgfr4/lbr/pdss1/msmo1/dpm2/pisd/elovl2/idi1/hmgcra",14
"GO:0003015","heart process","7/676","196/18773",0.0357142857142857,0.991811073541843,-0.022273709109705,0.562544587339506,0.822764815805965,0.728881685644186,"kcnq1.1/tpm4a/csrp3/chga/cbfb/hand2/vdac2",7
"GO:0031329","regulation of cellular catabolic process","4/676","110/18773",0.0363636363636364,1.00984400215169,0.0200125597721919,0.562902649619777,0.822764815805965,0.728881685644186,"adam8a/snx4/gfap/gsk3ba",4
"GO:0044089","positive regulation of cellular component biogenesis","4/676","110/18773",0.0363636363636364,1.00984400215169,0.0200125597721919,0.562902649619777,0.822764815805965,0.728881685644186,"pfn1/snx4/cdc42ep1a/thy1",4
"GO:0038202","TORC1 signaling","2/676","52/18773",0.0384615384615385,1.06810423304506,0.0950465996258162,0.563325863399391,0.822804372911769,0.728916729011871,"atm/lamtor5",2
"GO:2000147","positive regulation of cell motility","5/676","139/18773",0.0359712230215827,0.998946405006172,-0.00240964675037625,0.564311908634109,0.823665378941001,0.729679488325201,"adam8a/elp5/sema3fa/elp6/socs1a",5
"GO:0048872","homeostasis of number of cells","6/676","168/18773",0.0357142857142857,0.991811073541843,-0.0206059243992004,0.56605558197582,0.823877125920742,0.72986707351669,"tp53/sema3fa/nemp1/csnk2b/alas1/vhl",6
"GO:0001573","ganglioside metabolic process","1/676","23/18773",0.0434782608695652,1.20742217648572,0.192372857722906,0.570010317741023,0.823877125920742,0.72986707351669,"hexa",1
"GO:0006497","protein lipidation","1/676","23/18773",0.0434782608695652,1.20742217648572,0.192372857722906,0.570010317741023,0.823877125920742,0.72986707351669,"selenok",1
"GO:0007520","myoblast fusion","1/676","23/18773",0.0434782608695652,1.20742217648572,0.192372857722906,0.570010317741023,0.823877125920742,0.72986707351669,"jam3b",1
"GO:0014866","skeletal myofibril assembly","1/676","23/18773",0.0434782608695652,1.20742217648572,0.192372857722906,0.570010317741023,0.823877125920742,0.72986707351669,"tpm3",1
"GO:0030537","larval behavior","1/676","23/18773",0.0434782608695652,1.20742217648572,0.192372857722906,0.570010317741023,0.823877125920742,0.72986707351669,"col6a1",1
"GO:0030838","positive regulation of actin filament polymerization","1/676","23/18773",0.0434782608695652,1.20742217648572,0.192372857722906,0.570010317741023,0.823877125920742,0.72986707351669,"cdc42ep1a",1
"GO:0035675","neuromast hair cell development","1/676","23/18773",0.0434782608695652,1.20742217648572,0.192372857722906,0.570010317741023,0.823877125920742,0.72986707351669,"atp6v0d1",1
"GO:0070252","actin-mediated cell contraction","1/676","23/18773",0.0434782608695652,1.20742217648572,0.192372857722906,0.570010317741023,0.823877125920742,0.72986707351669,"kcnq1.1",1
"GO:0071910","determination of liver left/right asymmetry","1/676","23/18773",0.0434782608695652,1.20742217648572,0.192372857722906,0.570010317741023,0.823877125920742,0.72986707351669,"gmnn",1
"GO:0086001","cardiac muscle cell action potential","1/676","23/18773",0.0434782608695652,1.20742217648572,0.192372857722906,0.570010317741023,0.823877125920742,0.72986707351669,"kcnq1.1",1
"GO:0141060","disruption of anatomical structure in another organism","1/676","23/18773",0.0434782608695652,1.20742217648572,0.192372857722906,0.570010317741023,0.823877125920742,0.72986707351669,"h2ax1",1
"GO:1901796","regulation of signal transduction by p53 class mediator","1/676","23/18773",0.0434782608695652,1.20742217648572,0.192372857722906,0.570010317741023,0.823877125920742,0.72986707351669,"tp53",1
"GO:1904263","positive regulation of TORC1 signaling","1/676","23/18773",0.0434782608695652,1.20742217648572,0.192372857722906,0.570010317741023,0.823877125920742,0.72986707351669,"lamtor5",1
"GO:0042074","cell migration involved in gastrulation","3/676","82/18773",0.0365853658536585,1.01600158753067,0.0280659053659051,0.570585892644524,0.824135534786284,0.730095996151546,"zeb2b/cxcr4a/lbr",3
"GO:0060560","developmental growth involved in morphogenesis","6/676","169/18773",0.0355029585798817,0.985942368964672,-0.0354795133958288,0.571884342877684,0.825436956328665,0.731248916535746,"zeb2b/swap70b/llph/fcho1/col6a3/tax1bp3",6
"GO:0003006","developmental process involved in reproduction","7/676","198/18773",0.0353535353535354,0.981792779869703,-0.0497779668836114,0.573344905632412,0.826139966523842,0.731871708427477,"strbp/ybx1/tp53/rnf8/nemp1/spaca4l/pafah1b1a",7
"GO:0009266","response to temperature stimulus","2/676","53/18773",0.0377358490566038,1.04795132298761,0.0675633125074993,0.57372954217007,0.826139966523842,0.731871708427477,"cirbpb/nupr1b",2
"GO:1902905","positive regulation of supramolecular fiber organization","2/676","53/18773",0.0377358490566038,1.04795132298761,0.0675633125074993,0.57372954217007,0.826139966523842,0.731871708427477,"pfn1/cdc42ep1a",2
"GO:0051493","regulation of cytoskeleton organization","10/676","284/18773",0.0352112676056338,0.977841903491958,-0.0727210659072397,0.573962432206984,0.826139966523842,0.731871708427477,"pfn1/cotl1/cdc42ep1a/capza1a/mapre1b/gsk3ba/tmsb1/arpc3/lmod1b/arpc5b",10
"GO:0001947","heart looping","5/676","141/18773",0.0354609929078014,0.984776952452894,-0.0350676569936576,0.577071150777132,0.828977675433113,0.734385615212772,"ncl/cenpf/hand2/gsk3ba/atp6v0d1",5
"GO:0044093","positive regulation of molecular function","4/676","112/18773",0.0357142857142857,0.991811073541843,-0.0167994031872973,0.577219709399659,0.828977675433113,0.734385615212772,"tp53/cdc20/prrc1/ssbp1",4
"GO:0048738","cardiac muscle tissue development","4/676","112/18773",0.0357142857142857,0.991811073541843,-0.0167994031872973,0.577219709399659,0.828977675433113,0.734385615212772,"nr2f2/rbx1/tpm4a/hand2",4
"GO:0019220","regulation of phosphate metabolic process","3/676","83/18773",0.036144578313253,1.00376060454837,0.00663616827524982,0.578852090981067,0.828977675433113,0.734385615212772,"ppp1r14aa/prrc1/socs1a",3
"GO:0051174","regulation of phosphorus metabolic process","3/676","83/18773",0.036144578313253,1.00376060454837,0.00663616827524982,0.578852090981067,0.828977675433113,0.734385615212772,"ppp1r14aa/prrc1/socs1a",3
"GO:0001764","neuron migration","2/676","54/18773",0.037037037037037,1.02854481700636,0.0405983280497149,0.583951511388585,0.828977675433113,0.734385615212772,"lama1/ndnf",2
"GO:0009247","glycolipid biosynthetic process","2/676","54/18773",0.037037037037037,1.02854481700636,0.0405983280497149,0.583951511388585,0.828977675433113,0.734385615212772,"pigb/dpm2",2
"GO:0043242","negative regulation of protein-containing complex disassembly","2/676","54/18773",0.037037037037037,1.02854481700636,0.0405983280497149,0.583951511388585,0.828977675433113,0.734385615212772,"capza1a/lmod1b",2
"GO:0006665","sphingolipid metabolic process","4/676","113/18773",0.0353982300884956,0.983033984395455,-0.0349613820015606,0.584277502254028,0.828977675433113,0.734385615212772,"sgpl1/hexa/aldh5a1/elovl2",4
"GO:0003323","type B pancreatic cell development","1/676","24/18773",0.0416666666666667,1.15711291913215,0.14885169749606,0.5855128790854,0.828977675433113,0.734385615212772,"lama1",1
"GO:0009225","nucleotide-sugar metabolic process","1/676","24/18773",0.0416666666666667,1.15711291913215,0.14885169749606,0.5855128790854,0.828977675433113,0.734385615212772,"gmppab",1
"GO:0032465","regulation of cytokinesis","1/676","24/18773",0.0416666666666667,1.15711291913215,0.14885169749606,0.5855128790854,0.828977675433113,0.734385615212772,"aurkb",1
"GO:0036297","interstrand cross-link repair","1/676","24/18773",0.0416666666666667,1.15711291913215,0.14885169749606,0.5855128790854,0.828977675433113,0.734385615212772,"nucks1b",1
"GO:0042278","purine nucleoside metabolic process","1/676","24/18773",0.0416666666666667,1.15711291913215,0.14885169749606,0.5855128790854,0.828977675433113,0.734385615212772,"ada2b",1
"GO:0042743","hydrogen peroxide metabolic process","1/676","24/18773",0.0416666666666667,1.15711291913215,0.14885169749606,0.5855128790854,0.828977675433113,0.734385615212772,"prdx2",1
"GO:0045927","positive regulation of growth","1/676","24/18773",0.0416666666666667,1.15711291913215,0.14885169749606,0.5855128790854,0.828977675433113,0.734385615212772,"dnph1",1
"GO:0046425","regulation of receptor signaling pathway via JAK-STAT","1/676","24/18773",0.0416666666666667,1.15711291913215,0.14885169749606,0.5855128790854,0.828977675433113,0.734385615212772,"socs1a",1
"GO:0047496","vesicle transport along microtubule","1/676","24/18773",0.0416666666666667,1.15711291913215,0.14885169749606,0.5855128790854,0.828977675433113,0.734385615212772,"pafah1b1a",1
"GO:0048534","hematopoietic or lymphoid organ development","1/676","24/18773",0.0416666666666667,1.15711291913215,0.14885169749606,0.5855128790854,0.828977675433113,0.734385615212772,"tlx1",1
"GO:0062207","regulation of pattern recognition receptor signaling pathway","1/676","24/18773",0.0416666666666667,1.15711291913215,0.14885169749606,0.5855128790854,0.828977675433113,0.734385615212772,"usp4",1
"GO:0071675","regulation of mononuclear cell migration","1/676","24/18773",0.0416666666666667,1.15711291913215,0.14885169749606,0.5855128790854,0.828977675433113,0.734385615212772,"socs1a",1
"GO:1903008","organelle disassembly","1/676","24/18773",0.0416666666666667,1.15711291913215,0.14885169749606,0.5855128790854,0.828977675433113,0.734385615212772,"rack1",1
"GO:1904892","regulation of receptor signaling pathway via STAT","1/676","24/18773",0.0416666666666667,1.15711291913215,0.14885169749606,0.5855128790854,0.828977675433113,0.734385615212772,"socs1a",1
"GO:1905897","regulation of response to endoplasmic reticulum stress","1/676","24/18773",0.0416666666666667,1.15711291913215,0.14885169749606,0.5855128790854,0.828977675433113,0.734385615212772,"sigmar1",1
"GO:0048871","multicellular organismal-level homeostasis","10/676","287/18773",0.0348432055749129,0.967620559553017,-0.106835144302044,0.587359125238399,0.830459430306435,0.73569829165327,"nxnl2/tp53/sema3fa/si:dkey-93h22.8/nemp1/csnk2b/foxf2a/alas1/prrc1/vhl",10
"GO:0065009","regulation of molecular function","10/676","287/18773",0.0348432055749129,0.967620559553017,-0.106835144302044,0.587359125238399,0.830459430306435,0.73569829165327,"clic2/tfpia/appa/tp53/wfikkn1/cdc20/lamtor5/tmem33/prrc1/ssbp1",10
"GO:0019725","cellular homeostasis","11/676","316/18773",0.0348101265822785,0.966701932439518,-0.115373838762365,0.588728871347011,0.831829840671934,0.736912328760885,"prdx2/sod1/clic2/gch1/slc39a7/atp6v0d1/npc1/fbxl5/selenok/selenot1a/prdx6",11
"GO:0031347","regulation of defense response","6/676","172/18773",0.0348837209302326,0.968745699738544,-0.0795849934268208,0.589135852711419,0.831838998016056,0.736920441188995,"atm/parp1/gch1/cnbpa/usp4/socs1a",6
"GO:0007610","behavior","10/676","288/18773",0.0347222222222222,0.964260765943458,-0.118129151544461,0.591782398321803,0.83500818024075,0.739727997902254,"atm/lsm7/parp1/col6a1/lgi1a/gch1/atp6v0e1/lama1/sigmar1/snap25a",10
"GO:0000082","G1/S transition of mitotic cell cycle","2/676","55/18773",0.0363636363636364,1.00984400215169,0.0141302111223978,0.593991349294776,0.835287767424001,0.739975682262957,"cxcr4a/ccna2",2
"GO:0008045","motor neuron axon guidance","2/676","55/18773",0.0363636363636364,1.00984400215169,0.0141302111223978,0.593991349294776,0.835287767424001,0.739975682262957,"lama1/col6a3",2
"GO:0010842","retina layer formation","2/676","55/18773",0.0363636363636364,1.00984400215169,0.0141302111223978,0.593991349294776,0.835287767424001,0.739975682262957,"agrn/dnmt1",2
"GO:0051495","positive regulation of cytoskeleton organization","2/676","55/18773",0.0363636363636364,1.00984400215169,0.0141302111223978,0.593991349294776,0.835287767424001,0.739975682262957,"pfn1/cdc42ep1a",2
"GO:1901879","regulation of protein depolymerization","2/676","55/18773",0.0363636363636364,1.00984400215169,0.0141302111223978,0.593991349294776,0.835287767424001,0.739975682262957,"capza1a/lmod1b",2
"GO:0006954","inflammatory response","8/676","231/18773",0.0346320346320346,0.961756192525423,-0.113035315891968,0.594807671360597,0.835687948933748,0.74033020030722,"adam8a/atm/afap1l2/irg1l/il1fma/agtr2/cnbpa/cxcl18b",8
"GO:0072523","purine-containing compound catabolic process","3/676","85/18773",0.0352941176470588,0.980142707970762,-0.0354628308402728,0.595080633833901,0.835687948933748,0.74033020030722,"hint1/ada2b/nudt4b",3
"GO:0040017","positive regulation of locomotion","5/676","144/18773",0.0347222222222222,0.964260765943458,-0.0832064595226464,0.59583286770161,0.836178963659625,0.740765186872272,"adam8a/elp5/sema3fa/elp6/socs1a",5
"GO:0003140","determination of left/right asymmetry in lateral mesoderm","1/676","25/18773",0.04,1.11082840236686,0.107168939274259,0.600457318454874,0.83645194529227,0.741007019421173,"rbpjb",1
"GO:0006891","intra-Golgi vesicle-mediated transport","1/676","25/18773",0.04,1.11082840236686,0.107168939274259,0.600457318454874,0.83645194529227,0.741007019421173,"gosr1",1
"GO:0014855","striated muscle cell proliferation","1/676","25/18773",0.04,1.11082840236686,0.107168939274259,0.600457318454874,0.83645194529227,0.741007019421173,"six1b",1
"GO:0021879","forebrain neuron differentiation","1/676","25/18773",0.04,1.11082840236686,0.107168939274259,0.600457318454874,0.83645194529227,0.741007019421173,"ndnf",1
"GO:0042158","lipoprotein biosynthetic process","1/676","25/18773",0.04,1.11082840236686,0.107168939274259,0.600457318454874,0.83645194529227,0.741007019421173,"selenok",1
"GO:0044380","protein localization to cytoskeleton","1/676","25/18773",0.04,1.11082840236686,0.107168939274259,0.600457318454874,0.83645194529227,0.741007019421173,"mapre1b",1
"GO:0045926","negative regulation of growth","1/676","25/18773",0.04,1.11082840236686,0.107168939274259,0.600457318454874,0.83645194529227,0.741007019421173,"cgrrf1",1
"GO:0048255","mRNA stabilization","1/676","25/18773",0.04,1.11082840236686,0.107168939274259,0.600457318454874,0.83645194529227,0.741007019421173,"ybx1",1
"GO:0048771","tissue remodeling","1/676","25/18773",0.04,1.11082840236686,0.107168939274259,0.600457318454874,0.83645194529227,0.741007019421173,"col1a1a",1
"GO:0051016","barbed-end actin filament capping","1/676","25/18773",0.04,1.11082840236686,0.107168939274259,0.600457318454874,0.83645194529227,0.741007019421173,"capza1a",1
"GO:0051781","positive regulation of cell division","1/676","25/18773",0.04,1.11082840236686,0.107168939274259,0.600457318454874,0.83645194529227,0.741007019421173,"aurkb",1
"GO:0018205","peptidyl-lysine modification","2/676","56/18773",0.0357142857142857,0.991811073541843,-0.0118611880607622,0.603848899696708,0.839487392684111,0.743696101366762,"dohh/sumo2b",2
"GO:0042462","eye photoreceptor cell development","2/676","56/18773",0.0357142857142857,0.991811073541843,-0.0118611880607622,0.603848899696708,0.839487392684111,0.743696101366762,"sigmar1/mafba",2
"GO:1901607","alpha-amino acid biosynthetic process","2/676","56/18773",0.0357142857142857,0.991811073541843,-0.0118611880607622,0.603848899696708,0.839487392684111,0.743696101366762,"psat1/psph",2
"GO:2000145","regulation of cell motility","10/676","291/18773",0.0343642611683849,0.954319933304866,-0.151783327119681,0.604919737790796,0.840012156630403,0.744160986133818,"adam8a/elp5/rab5c/sema3fa/elp6/tmsb1/lama1/socs1a/arhgap4a/thy1",10
"GO:0046530","photoreceptor cell differentiation","4/676","116/18773",0.0344827586206897,0.957610691695572,-0.0885094712555032,0.605035236552278,0.840012156630403,0.744160986133818,"slbp/sigmar1/rp1l1a/mafba",4
"GO:0009064","glutamine family amino acid metabolic process","2/676","57/18773",0.0350877192982456,0.974410879269179,-0.0373948332050746,0.613524253445625,0.84295175325139,0.746765154541434,"nit2/gmps",2
"GO:0016064","immunoglobulin mediated immune response","2/676","57/18773",0.0350877192982456,0.974410879269179,-0.0373948332050746,0.613524253445625,0.84295175325139,0.746765154541434,"rnf8/msh2",2
"GO:0019724","B cell mediated immunity","2/676","57/18773",0.0350877192982456,0.974410879269179,-0.0373948332050746,0.613524253445625,0.84295175325139,0.746765154541434,"rnf8/msh2",2
"GO:0044843","cell cycle G1/S phase transition","2/676","57/18773",0.0350877192982456,0.974410879269179,-0.0373948332050746,0.613524253445625,0.84295175325139,0.746765154541434,"cxcr4a/ccna2",2
"GO:0071478","cellular response to radiation","2/676","57/18773",0.0350877192982456,0.974410879269179,-0.0373948332050746,0.613524253445625,0.84295175325139,0.746765154541434,"opn1sw2/aurkb",2
"GO:0097191","extrinsic apoptotic signaling pathway","2/676","57/18773",0.0350877192982456,0.974410879269179,-0.0373948332050746,0.613524253445625,0.84295175325139,0.746765154541434,"siva1/tnfsf10l",2
"GO:0000038","very long-chain fatty acid metabolic process","1/676","26/18773",0.0384615384615385,1.06810423304506,0.0671614738844823,0.614863700614279,0.84295175325139,0.746765154541434,"elovl2",1
"GO:0000470","maturation of LSU-rRNA","1/676","26/18773",0.0384615384615385,1.06810423304506,0.0671614738844823,0.614863700614279,0.84295175325139,0.746765154541434,"nop2",1
"GO:0002068","glandular epithelial cell development","1/676","26/18773",0.0384615384615385,1.06810423304506,0.0671614738844823,0.614863700614279,0.84295175325139,0.746765154541434,"lama1",1
"GO:0007622","rhythmic behavior","1/676","26/18773",0.0384615384615385,1.06810423304506,0.0671614738844823,0.614863700614279,0.84295175325139,0.746765154541434,"parp1",1
"GO:0015012","heparan sulfate proteoglycan biosynthetic process","1/676","26/18773",0.0384615384615385,1.06810423304506,0.0671614738844823,0.614863700614279,0.84295175325139,0.746765154541434,"ndst1b",1
"GO:0016241","regulation of macroautophagy","1/676","26/18773",0.0384615384615385,1.06810423304506,0.0671614738844823,0.614863700614279,0.84295175325139,0.746765154541434,"snx4",1
"GO:0021587","cerebellum morphogenesis","1/676","26/18773",0.0384615384615385,1.06810423304506,0.0671614738844823,0.614863700614279,0.84295175325139,0.746765154541434,"pax2a",1
"GO:0031100","animal organ regeneration","1/676","26/18773",0.0384615384615385,1.06810423304506,0.0671614738844823,0.614863700614279,0.84295175325139,0.746765154541434,"cebpd",1
"GO:0035118","embryonic pectoral fin morphogenesis","1/676","26/18773",0.0384615384615385,1.06810423304506,0.0671614738844823,0.614863700614279,0.84295175325139,0.746765154541434,"hand2",1
"GO:0035418","protein localization to synapse","1/676","26/18773",0.0384615384615385,1.06810423304506,0.0671614738844823,0.614863700614279,0.84295175325139,0.746765154541434,"lrrc7",1
"GO:0044458","motile cilium assembly","1/676","26/18773",0.0384615384615385,1.06810423304506,0.0671614738844823,0.614863700614279,0.84295175325139,0.746765154541434,"dynll1",1
"GO:0048512","circadian behavior","1/676","26/18773",0.0384615384615385,1.06810423304506,0.0671614738844823,0.614863700614279,0.84295175325139,0.746765154541434,"parp1",1
"GO:0061951","establishment of protein localization to plasma membrane","1/676","26/18773",0.0384615384615385,1.06810423304506,0.0671614738844823,0.614863700614279,0.84295175325139,0.746765154541434,"lrrc7",1
"GO:0048589","developmental growth","13/676","381/18773",0.0341207349081365,0.947557036139713,-0.199875960843308,0.618428057963467,0.846464270132959,0.749876869063382,"rap1b/anxa1a/zeb2b/swap70b/llph/fcho1/col1a1a/cebpd/msx1b/rap1aa/col6a3/vdac2/tax1bp3",13
"GO:0033333","fin development","4/676","118/18773",0.0338983050847458,0.941380002005817,-0.123456654421736,0.618518227731521,0.846464270132959,0.749876869063382,"osr2/col1a1a/foxl1/hand2",4
"GO:0021536","diencephalon development","3/676","88/18773",0.0340909090909091,0.946728752017213,-0.0968083869020754,0.61864841697729,0.846464270132959,0.749876869063382,"six1b/dlb/ndnf",3
"GO:0007098","centrosome cycle","2/676","58/18773",0.0344827586206897,0.957610691695572,-0.0624885919049257,0.623017730897368,0.846897921877752,0.750261038158432,"npm1a/ranbp1",2
"GO:0009566","fertilization","2/676","58/18773",0.0344827586206897,0.957610691695572,-0.0624885919049257,0.623017730897368,0.846897921877752,0.750261038158432,"ybx1/dchs1b",2
"GO:0042770","signal transduction in response to DNA damage","2/676","58/18773",0.0344827586206897,0.957610691695572,-0.0624885919049257,0.623017730897368,0.846897921877752,0.750261038158432,"atm/tp53",2
"GO:0072593","reactive oxygen species metabolic process","2/676","58/18773",0.0344827586206897,0.957610691695572,-0.0624885919049257,0.623017730897368,0.846897921877752,0.750261038158432,"prdx2/sod1",2
"GO:0001708","cell fate specification","4/676","119/18773",0.0336134453781513,0.93346924568644,-0.140713339284416,0.625150700438122,0.846897921877752,0.750261038158432,"tbx3a/tfap2a/pax2a/cnbpa",4
"GO:0002683","negative regulation of immune system process","3/676","89/18773",0.0337078651685393,0.936091350309155,-0.11680059176359,0.626294427927637,0.846897921877752,0.750261038158432,"parp1/usp4/socs1a",3
"GO:0042461","photoreceptor cell development","3/676","89/18773",0.0337078651685393,0.936091350309155,-0.11680059176359,0.626294427927637,0.846897921877752,0.750261038158432,"sigmar1/rp1l1a/mafba",3
"GO:0042063","gliogenesis","6/676","179/18773",0.0335195530726257,0.930861789692903,-0.179631941160677,0.627928898552897,0.846897921877752,0.750261038158432,"snx5/swap70b/ctbp2a/f8/pax2a/tuba8l3",6
"GO:0090066","regulation of anatomical structure size","8/676","238/18773",0.0336134453781513,0.93346924568644,-0.199636505078081,0.628391410612007,0.846897921877752,0.750261038158432,"pfn1/cotl1/cdc42ep1a/capza1a/tmsb1/arpc3/lmod1b/arpc5b",8
"GO:0000768","syncytium formation by plasma membrane fusion","1/676","27/18773",0.037037037037037,1.02854481700636,0.0286866719147021,0.628751370021903,0.846897921877752,0.750261038158432,"jam3b",1
"GO:0006024","glycosaminoglycan biosynthetic process","1/676","27/18773",0.037037037037037,1.02854481700636,0.0286866719147021,0.628751370021903,0.846897921877752,0.750261038158432,"ndst1b",1
"GO:0006949","syncytium formation","1/676","27/18773",0.037037037037037,1.02854481700636,0.0286866719147021,0.628751370021903,0.846897921877752,0.750261038158432,"jam3b",1
"GO:0010810","regulation of cell-substrate adhesion","1/676","27/18773",0.037037037037037,1.02854481700636,0.0286866719147021,0.628751370021903,0.846897921877752,0.750261038158432,"thy1",1
"GO:0016525","negative regulation of angiogenesis","1/676","27/18773",0.037037037037037,1.02854481700636,0.0286866719147021,0.628751370021903,0.846897921877752,0.750261038158432,"tp53",1
"GO:0032008","positive regulation of TOR signaling","1/676","27/18773",0.037037037037037,1.02854481700636,0.0286866719147021,0.628751370021903,0.846897921877752,0.750261038158432,"lamtor5",1
"GO:0032784","regulation of DNA-templated transcription elongation","1/676","27/18773",0.037037037037037,1.02854481700636,0.0286866719147021,0.628751370021903,0.846897921877752,0.750261038158432,"rnf8",1
"GO:0045324","late endosome to vacuole transport","1/676","27/18773",0.037037037037037,1.02854481700636,0.0286866719147021,0.628751370021903,0.846897921877752,0.750261038158432,"vps28",1
"GO:0048702","embryonic neurocranium morphogenesis","1/676","27/18773",0.037037037037037,1.02854481700636,0.0286866719147021,0.628751370021903,0.846897921877752,0.750261038158432,"ndnf",1
"GO:0050851","antigen receptor-mediated signaling pathway","1/676","27/18773",0.037037037037037,1.02854481700636,0.0286866719147021,0.628751370021903,0.846897921877752,0.750261038158432,"tec",1
"GO:0072332","intrinsic apoptotic signaling pathway by p53 class mediator","1/676","27/18773",0.037037037037037,1.02854481700636,0.0286866719147021,0.628751370021903,0.846897921877752,0.750261038158432,"tp53",1
"GO:0140253","cell-cell fusion","1/676","27/18773",0.037037037037037,1.02854481700636,0.0286866719147021,0.628751370021903,0.846897921877752,0.750261038158432,"jam3b",1
"GO:1902373","negative regulation of mRNA catabolic process","1/676","27/18773",0.037037037037037,1.02854481700636,0.0286866719147021,0.628751370021903,0.846897921877752,0.750261038158432,"ybx1",1
"GO:1905515","non-motile cilium assembly","1/676","27/18773",0.037037037037037,1.02854481700636,0.0286866719147021,0.628751370021903,0.846897921877752,0.750261038158432,"appa",1
"GO:2000181","negative regulation of blood vessel morphogenesis","1/676","27/18773",0.037037037037037,1.02854481700636,0.0286866719147021,0.628751370021903,0.846897921877752,0.750261038158432,"tp53",1
"GO:0002685","regulation of leukocyte migration","2/676","59/18773",0.0338983050847458,0.941380002005817,-0.0871593173370096,0.632329865313425,0.850064161977983,0.753065988463885,"adam8a/socs1a",2
"GO:0006029","proteoglycan metabolic process","2/676","59/18773",0.0338983050847458,0.941380002005817,-0.0871593173370096,0.632329865313425,0.850064161977983,0.753065988463885,"cant1a/ndst1b",2
"GO:0021532","neural tube patterning","2/676","59/18773",0.0338983050847458,0.941380002005817,-0.0871593173370096,0.632329865313425,0.850064161977983,0.753065988463885,"brd2a/pax2a",2
"GO:0031929","TOR signaling","3/676","90/18773",0.0333333333333333,0.92569033530572,-0.136574172249497,0.633834467710386,0.851535698211171,0.754369612281442,"atm/lamtor5/gsk3ba",3
"GO:0009410","response to xenobiotic stimulus","3/676","91/18773",0.032967032967033,0.915517914038624,-0.156134532920627,0.6412680914251,0.851674747448084,0.754492795043079,"sod1/ahr1b/sult1st1",3
"GO:2001233","regulation of apoptotic signaling pathway","3/676","91/18773",0.032967032967033,0.915517914038624,-0.156134532920627,0.6412680914251,0.851674747448084,0.754492795043079,"slc35f6/tp53/tnfsf10l",3
"GO:0002066","columnar/cuboidal epithelial cell development","1/676","28/18773",0.0357142857142857,0.991811073541843,-0.0083808601115295,0.642138976650795,0.851674747448084,0.754492795043079,"lama1",1
"GO:0007212","G protein-coupled dopamine receptor signaling pathway","1/676","28/18773",0.0357142857142857,0.991811073541843,-0.0083808601115295,0.642138976650795,0.851674747448084,0.754492795043079,"nsg2",1
"GO:0009119","ribonucleoside metabolic process","1/676","28/18773",0.0357142857142857,0.991811073541843,-0.0083808601115295,0.642138976650795,0.851674747448084,0.754492795043079,"ada2b",1
"GO:0021854","hypothalamus development","1/676","28/18773",0.0357142857142857,0.991811073541843,-0.0083808601115295,0.642138976650795,0.851674747448084,0.754492795043079,"ndnf",1
"GO:0021872","forebrain generation of neurons","1/676","28/18773",0.0357142857142857,0.991811073541843,-0.0083808601115295,0.642138976650795,0.851674747448084,0.754492795043079,"ndnf",1
"GO:0032509","endosome transport via multivesicular body sorting pathway","1/676","28/18773",0.0357142857142857,0.991811073541843,-0.0083808601115295,0.642138976650795,0.851674747448084,0.754492795043079,"vps28",1
"GO:0043489","RNA stabilization","1/676","28/18773",0.0357142857142857,0.991811073541843,-0.0083808601115295,0.642138976650795,0.851674747448084,0.754492795043079,"ybx1",1
"GO:0048368","lateral mesoderm development","1/676","28/18773",0.0357142857142857,0.991811073541843,-0.0083808601115295,0.642138976650795,0.851674747448084,0.754492795043079,"rbpjb",1
"GO:0048920","posterior lateral line neuromast primordium migration","1/676","28/18773",0.0357142857142857,0.991811073541843,-0.0083808601115295,0.642138976650795,0.851674747448084,0.754492795043079,"epcam",1
"GO:0050795","regulation of behavior","1/676","28/18773",0.0357142857142857,0.991811073541843,-0.0083808601115295,0.642138976650795,0.851674747448084,0.754492795043079,"parp1",1
"GO:0051085","chaperone cofactor-dependent protein refolding","1/676","28/18773",0.0357142857142857,0.991811073541843,-0.0083808601115295,0.642138976650795,0.851674747448084,0.754492795043079,"dnajb12a",1
"GO:0060415","muscle tissue morphogenesis","1/676","28/18773",0.0357142857142857,0.991811073541843,-0.0083808601115295,0.642138976650795,0.851674747448084,0.754492795043079,"rbx1",1
"GO:0071880","adenylate cyclase-activating adrenergic receptor signaling pathway","1/676","28/18773",0.0357142857142857,0.991811073541843,-0.0083808601115295,0.642138976650795,0.851674747448084,0.754492795043079,"chga",1
"GO:0072114","pronephros morphogenesis","1/676","28/18773",0.0357142857142857,0.991811073541843,-0.0083808601115295,0.642138976650795,0.851674747448084,0.754492795043079,"pax2a",1
"GO:0097479","synaptic vesicle localization","1/676","28/18773",0.0357142857142857,0.991811073541843,-0.0083808601115295,0.642138976650795,0.851674747448084,0.754492795043079,"syn2b",1
"GO:0099637","neurotransmitter receptor transport","1/676","28/18773",0.0357142857142857,0.991811073541843,-0.0083808601115295,0.642138976650795,0.851674747448084,0.754492795043079,"lrrc7",1
"GO:1901343","negative regulation of vasculature development","1/676","28/18773",0.0357142857142857,0.991811073541843,-0.0083808601115295,0.642138976650795,0.851674747448084,0.754492795043079,"tp53",1
"GO:1902017","regulation of cilium assembly","1/676","28/18773",0.0357142857142857,0.991811073541843,-0.0083808601115295,0.642138976650795,0.851674747448084,0.754492795043079,"appa",1
"GO:0030111","regulation of Wnt signaling pathway","6/676","182/18773",0.032967032967033,0.915517914038624,-0.221347323368853,0.643889430256761,0.853451401814482,0.756066720914129,"gpx4b/atp6ap2/grb10b/gpc5a/rack1/gsk3ba",6
"GO:0032102","negative regulation of response to external stimulus","2/676","61/18773",0.0327868852459016,0.910515083907266,-0.135294448244402,0.650413209240048,0.861548619637487,0.76323999043475,"parp1/socs1a",2
"GO:0051648","vesicle localization","4/676","123/18773",0.032520325203252,0.903112522249483,-0.208356049925003,0.650939147237045,0.861638649993466,0.76331974770726,"exoc6b/syn2b/tmed9/pafah1b1a",4
"GO:0002224","toll-like receptor signaling pathway","1/676","29/18773",0.0344827586206897,0.957610691695572,-0.04415191232388,0.655044500885741,0.861638649993466,0.76331974770726,"usp4",1
"GO:0021761","limbic system development","1/676","29/18773",0.0344827586206897,0.957610691695572,-0.04415191232388,0.655044500885741,0.861638649993466,0.76331974770726,"ndnf",1
"GO:0048644","muscle organ morphogenesis","1/676","29/18773",0.0344827586206897,0.957610691695572,-0.04415191232388,0.655044500885741,0.861638649993466,0.76331974770726,"rbx1",1
"GO:0048883","neuromast primordium migration","1/676","29/18773",0.0344827586206897,0.957610691695572,-0.04415191232388,0.655044500885741,0.861638649993466,0.76331974770726,"epcam",1
"GO:0051058","negative regulation of small GTPase mediated signal transduction","1/676","29/18773",0.0344827586206897,0.957610691695572,-0.04415191232388,0.655044500885741,0.861638649993466,0.76331974770726,"rasip1",1
"GO:0051084","'de novo' post-translational protein folding","1/676","29/18773",0.0344827586206897,0.957610691695572,-0.04415191232388,0.655044500885741,0.861638649993466,0.76331974770726,"dnajb12a",1
"GO:0060059","embryonic retina morphogenesis in camera-type eye","1/676","29/18773",0.0344827586206897,0.957610691695572,-0.04415191232388,0.655044500885741,0.861638649993466,0.76331974770726,"atp6v0e1",1
"GO:0071985","multivesicular body sorting pathway","1/676","29/18773",0.0344827586206897,0.957610691695572,-0.04415191232388,0.655044500885741,0.861638649993466,0.76331974770726,"vps28",1
"GO:1903312","negative regulation of mRNA metabolic process","1/676","29/18773",0.0344827586206897,0.957610691695572,-0.04415191232388,0.655044500885741,0.861638649993466,0.76331974770726,"ybx1",1
"GO:2000243","positive regulation of reproductive process","1/676","29/18773",0.0344827586206897,0.957610691695572,-0.04415191232388,0.655044500885741,0.861638649993466,0.76331974770726,"cdc25b",1
"GO:0021510","spinal cord development","3/676","93/18773",0.032258064516129,0.895829356747471,-0.194636242484297,0.655814817968412,0.862105934759742,0.76373371206448,"cox5aa/brd2a/arf6a",3
"GO:0035966","response to topologically incorrect protein","2/676","62/18773",0.032258064516129,0.895829356747471,-0.158788124389938,0.659186412684345,0.86544259111592,0.766689632957772,"dnajb12a/tmem129",2
"GO:1904062","regulation of monoatomic cation transmembrane transport","2/676","62/18773",0.032258064516129,0.895829356747471,-0.158788124389938,0.659186412684345,0.86544259111592,0.766689632957772,"clic2/tmem33",2
"GO:0009953","dorsal/ventral pattern formation","5/676","155/18773",0.032258064516129,0.895829356747471,-0.25169234645615,0.66044193279304,0.866543205566105,0.767664659721537,"zeb2b/tsc22d3/fbxl15/fcho1/msx1b",5
"GO:0009063","amino acid catabolic process","3/676","94/18773",0.0319148936170213,0.886299257207604,-0.213587457085854,0.662927524955146,0.86686481205821,0.767949568698655,"got2b/ivd/aldh5a1",3
"GO:0048736","appendage development","4/676","125/18773",0.032,0.888662721893491,-0.24138195676152,0.663381668944931,0.86686481205821,0.767949568698655,"osr2/col1a1a/foxl1/hand2",4
"GO:1901700","response to oxygen-containing compound","12/676","364/18773",0.032967032967033,0.915517914038624,-0.314575973358325,0.663562446103227,0.86686481205821,0.767949568698655,"prdx2/sod1/rap1b/insig1/grb10b/insig2/nsg2/rap1aa/gsk3ba/pik3r1/socs1a/cxcl18b",12
"GO:0050776","regulation of immune response","7/676","216/18773",0.0324074074074074,0.899976714880561,-0.285758681565601,0.664290819363609,0.86686481205821,0.767949568698655,"parp1/tlx1/gch1/tec/card11/usp4/socs1a",7
"GO:0042246","tissue regeneration","5/676","156/18773",0.032051282051282,0.890086860870885,-0.266429548541998,0.665972137646479,0.86686481205821,0.767949568698655,"anxa1a/col1a1a/cebpd/msx1b/vdac2",5
"GO:0000578","embryonic axis specification","1/676","30/18773",0.0333333333333333,0.92569033530572,-0.0787248250115671,0.667485277528999,0.86686481205821,0.767949568698655,"rap1b",1
"GO:0006893","Golgi to plasma membrane transport","1/676","30/18773",0.0333333333333333,0.92569033530572,-0.0787248250115671,0.667485277528999,0.86686481205821,0.767949568698655,"exoc6b",1
"GO:0009311","oligosaccharide metabolic process","1/676","30/18773",0.0333333333333333,0.92569033530572,-0.0787248250115671,0.667485277528999,0.86686481205821,0.767949568698655,"st8sia6",1
"GO:0035845","photoreceptor cell outer segment organization","1/676","30/18773",0.0333333333333333,0.92569033530572,-0.0787248250115671,0.667485277528999,0.86686481205821,0.767949568698655,"rp1l1a",1
"GO:0072080","nephron tubule development","1/676","30/18773",0.0333333333333333,0.92569033530572,-0.0787248250115671,0.667485277528999,0.86686481205821,0.767949568698655,"tfap2a",1
"GO:0120034","positive regulation of plasma membrane bounded cell projection assembly","1/676","30/18773",0.0333333333333333,0.92569033530572,-0.0787248250115671,0.667485277528999,0.86686481205821,0.767949568698655,"cdc42ep1a",1
"GO:0008652","amino acid biosynthetic process","2/676","63/18773",0.0317460317460317,0.881609843148305,-0.181917426851397,0.667782233651004,0.86686481205821,0.767949568698655,"psat1/psph",2
"GO:0031109","microtubule polymerization or depolymerization","2/676","63/18773",0.0317460317460317,0.881609843148305,-0.181917426851397,0.667782233651004,0.86686481205821,0.767949568698655,"dchs1b/mapre1b",2
"GO:0035082","axoneme assembly","2/676","63/18773",0.0317460317460317,0.881609843148305,-0.181917426851397,0.667782233651004,0.86686481205821,0.767949568698655,"rp1l1a/cep41",2
"GO:0048840","otolith development","2/676","63/18773",0.0317460317460317,0.881609843148305,-0.181917426851397,0.667782233651004,0.86686481205821,0.767949568698655,"epcam/npc1",2
"GO:0052548","regulation of endopeptidase activity","2/676","63/18773",0.0317460317460317,0.881609843148305,-0.181917426851397,0.667782233651004,0.86686481205821,0.767949568698655,"tp53/lamtor5",2
"GO:0060215","primitive hemopoiesis","2/676","63/18773",0.0317460317460317,0.881609843148305,-0.181917426851397,0.667782233651004,0.86686481205821,0.767949568698655,"nop10/smad3a",2
"GO:0014706","striated muscle tissue development","8/676","247/18773",0.0323886639676113,0.899456196248473,-0.307424365709621,0.669245067153566,0.868221114602096,0.769151107784235,"nr2f2/rbx1/uqcc2/tpm4a/six1b/col6a1/hand2/hmgcra",8
"GO:0007368","determination of left/right symmetry","10/676","308/18773",0.0324675324675325,0.901646430492584,-0.336369148654813,0.675208368227805,0.870083751758398,0.770801205216877,"rbpjb/cfl1/ncl/nudcd2/cenpf/hand2/gmnn/gsk3ba/atp6v0d1/dnmt1",10
"GO:0010506","regulation of autophagy","3/676","96/18773",0.03125,0.867834689349112,-0.250913983752965,0.676831314210277,0.870083751758398,0.770801205216877,"snx4/gfap/gsk3ba",3
"GO:0003143","embryonic heart tube morphogenesis","5/676","158/18773",0.0316455696202532,0.87881993858138,-0.295633414233098,0.676855154429789,0.870083751758398,0.770801205216877,"ncl/cenpf/hand2/gsk3ba/atp6v0d1",5
"GO:0030900","forebrain development","5/676","158/18773",0.0316455696202532,0.87881993858138,-0.295633414233098,0.676855154429789,0.870083751758398,0.770801205216877,"lmo4a/six1b/dixdc1a/dlb/ndnf",5
"GO:0061371","determination of heart left/right asymmetry","7/676","219/18773",0.0319634703196347,0.887648266731512,-0.323227561317052,0.678240450821552,0.870083751758398,0.770801205216877,"cfl1/ncl/cenpf/hand2/gmnn/gsk3ba/atp6v0d1",7
"GO:0006446","regulation of translational initiation","1/676","31/18773",0.032258064516129,0.895829356747471,-0.112187263214014,0.679478018946616,0.870083751758398,0.770801205216877,"ybx1",1
"GO:0006458","'de novo' protein folding","1/676","31/18773",0.032258064516129,0.895829356747471,-0.112187263214014,0.679478018946616,0.870083751758398,0.770801205216877,"dnajb12a",1
"GO:0007131","reciprocal meiotic recombination","1/676","31/18773",0.032258064516129,0.895829356747471,-0.112187263214014,0.679478018946616,0.870083751758398,0.770801205216877,"cenpx",1
"GO:0007173","epidermal growth factor receptor signaling pathway","1/676","31/18773",0.032258064516129,0.895829356747471,-0.112187263214014,0.679478018946616,0.870083751758398,0.770801205216877,"afap1l2",1
"GO:0033002","muscle cell proliferation","1/676","31/18773",0.032258064516129,0.895829356747471,-0.112187263214014,0.679478018946616,0.870083751758398,0.770801205216877,"six1b",1
"GO:0035329","hippo signaling","1/676","31/18773",0.032258064516129,0.895829356747471,-0.112187263214014,0.679478018946616,0.870083751758398,0.770801205216877,"mob1a",1
"GO:0038061","non-canonical NF-kappaB signal transduction","1/676","31/18773",0.032258064516129,0.895829356747471,-0.112187263214014,0.679478018946616,0.870083751758398,0.770801205216877,"rassf2a",1
"GO:0043549","regulation of kinase activity","1/676","31/18773",0.032258064516129,0.895829356747471,-0.112187263214014,0.679478018946616,0.870083751758398,0.770801205216877,"prrc1",1
"GO:0045859","regulation of protein kinase activity","1/676","31/18773",0.032258064516129,0.895829356747471,-0.112187263214014,0.679478018946616,0.870083751758398,0.770801205216877,"prrc1",1
"GO:0045910","negative regulation of DNA recombination","1/676","31/18773",0.032258064516129,0.895829356747471,-0.112187263214014,0.679478018946616,0.870083751758398,0.770801205216877,"h1-10",1
"GO:0048570","notochord morphogenesis","1/676","31/18773",0.032258064516129,0.895829356747471,-0.112187263214014,0.679478018946616,0.870083751758398,0.770801205216877,"npc1",1
"GO:0048886","neuromast hair cell differentiation","1/676","31/18773",0.032258064516129,0.895829356747471,-0.112187263214014,0.679478018946616,0.870083751758398,0.770801205216877,"atp6v0d1",1
"GO:0050678","regulation of epithelial cell proliferation","1/676","31/18773",0.032258064516129,0.895829356747471,-0.112187263214014,0.679478018946616,0.870083751758398,0.770801205216877,"mydgf",1
"GO:0099518","vesicle cytoskeletal trafficking","1/676","31/18773",0.032258064516129,0.895829356747471,-0.112187263214014,0.679478018946616,0.870083751758398,0.770801205216877,"pafah1b1a",1
"GO:0140527","reciprocal homologous recombination","1/676","31/18773",0.032258064516129,0.895829356747471,-0.112187263214014,0.679478018946616,0.870083751758398,0.770801205216877,"cenpx",1
"GO:2001242","regulation of intrinsic apoptotic signaling pathway","1/676","31/18773",0.032258064516129,0.895829356747471,-0.112187263214014,0.679478018946616,0.870083751758398,0.770801205216877,"tp53",1
"GO:0050900","leukocyte migration","4/676","128/18773",0.03125,0.867834689349112,-0.289979034564986,0.681473069104774,0.872100779131618,0.77258807587972,"adam8a/ch25h/socs1a/cxcl18b",4
"GO:0040012","regulation of locomotion","10/676","310/18773",0.032258064516129,0.895829356747471,-0.357437723583909,0.682974069575146,0.873483462135208,0.773812985232924,"adam8a/elp5/rab5c/sema3fa/elp6/tmsb1/lama1/socs1a/arhgap4a/thy1",10
"GO:0009154","purine ribonucleotide catabolic process","2/676","65/18773",0.0307692307692308,0.854483386436049,-0.227133349068684,0.684447373494271,0.874829042921601,0.77500502598736,"hint1/nudt4b",2
"GO:0001838","embryonic epithelial tube formation","1/676","32/18773",0.03125,0.867834689349112,-0.144617689089568,0.691038837386062,0.876780002940987,0.77673336803631,"hand2",1
"GO:0002366","leukocyte activation involved in immune response","1/676","32/18773",0.03125,0.867834689349112,-0.144617689089568,0.691038837386062,0.876780002940987,0.77673336803631,"rnf8",1
"GO:0003206","cardiac chamber morphogenesis","1/676","32/18773",0.03125,0.867834689349112,-0.144617689089568,0.691038837386062,0.876780002940987,0.77673336803631,"rbx1",1
"GO:0030866","cortical actin cytoskeleton organization","1/676","32/18773",0.03125,0.867834689349112,-0.144617689089568,0.691038837386062,0.876780002940987,0.77673336803631,"anln",1
"GO:0032273","positive regulation of protein polymerization","1/676","32/18773",0.03125,0.867834689349112,-0.144617689089568,0.691038837386062,0.876780002940987,0.77673336803631,"cdc42ep1a",1
"GO:0035825","homologous recombination","1/676","32/18773",0.03125,0.867834689349112,-0.144617689089568,0.691038837386062,0.876780002940987,0.77673336803631,"cenpx",1
"GO:0040036","regulation of fibroblast growth factor receptor signaling pathway","1/676","32/18773",0.03125,0.867834689349112,-0.144617689089568,0.691038837386062,0.876780002940987,0.77673336803631,"ncl",1
"GO:0050772","positive regulation of axonogenesis","1/676","32/18773",0.03125,0.867834689349112,-0.144617689089568,0.691038837386062,0.876780002940987,0.77673336803631,"clec14a",1
"GO:1902036","regulation of hematopoietic stem cell differentiation","1/676","32/18773",0.03125,0.867834689349112,-0.144617689089568,0.691038837386062,0.876780002940987,0.77673336803631,"fgfr4",1
"GO:1902369","negative regulation of RNA catabolic process","1/676","32/18773",0.03125,0.867834689349112,-0.144617689089568,0.691038837386062,0.876780002940987,0.77673336803631,"ybx1",1
"GO:0007169","cell surface receptor protein tyrosine kinase signaling pathway","11/676","342/18773",0.0321637426900585,0.893209972663414,-0.385207406368607,0.69124695233517,0.876780002940987,0.77673336803631,"rab5c/afap1l2/grb10b/ncl/fgfr4/tmem33/phf14/gsk3ba/pik3r1/vhl/tyro3",11
"GO:0009261","ribonucleotide catabolic process","2/676","66/18773",0.0303030303030303,0.841536668459745,-0.249243593721421,0.69251983055341,0.876780002940987,0.77673336803631,"hint1/nudt4b",2
"GO:0015914","phospholipid transport","2/676","66/18773",0.0303030303030303,0.841536668459745,-0.249243593721421,0.69251983055341,0.876780002940987,0.77673336803631,"prelid1a/pitpnaa",2
"GO:0050727","regulation of inflammatory response","2/676","66/18773",0.0303030303030303,0.841536668459745,-0.249243593721421,0.69251983055341,0.876780002940987,0.77673336803631,"atm/cnbpa",2
"GO:0051336","regulation of hydrolase activity","5/676","161/18773",0.031055900621118,0.862444411775515,-0.338781730460411,0.692732394922348,0.876780002940987,0.77673336803631,"tfpia/appa/tp53/wfikkn1/lamtor5",5
"GO:0008654","phospholipid biosynthetic process","4/676","130/18773",0.0307692307692308,0.854483386436049,-0.321774543805902,0.693150103432403,0.876780002940987,0.77673336803631,"pigb/dpm2/pisd/idi1",4
"GO:0090092","regulation of transmembrane receptor protein serine/threonine kinase signaling pathway","4/676","130/18773",0.0307692307692308,0.854483386436049,-0.321774543805902,0.693150103432403,0.876780002940987,0.77673336803631,"tsc22d3/fbxl15/fstl5/twsg1a",4
"GO:0060047","heart contraction","6/676","192/18773",0.03125,0.867834689349112,-0.355761445742335,0.694019737198052,0.877345705514519,0.77723452005138,"kcnq1.1/tpm4a/csrp3/cbfb/hand2/vdac2",6
"GO:0006661","phosphatidylinositol biosynthetic process","2/676","67/18773",0.0298507462686567,0.828976419676764,-0.271036797953977,0.700421159794814,0.880165748044488,0.779732776312883,"pigb/dpm2",2
"GO:0007229","integrin-mediated signaling pathway","2/676","67/18773",0.0298507462686567,0.828976419676764,-0.271036797953977,0.700421159794814,0.880165748044488,0.779732776312883,"adam8a/thy1",2
"GO:0030177","positive regulation of Wnt signaling pathway","2/676","67/18773",0.0298507462686567,0.828976419676764,-0.271036797953977,0.700421159794814,0.880165748044488,0.779732776312883,"atp6ap2/gpc5a",2
"GO:0061157","mRNA destabilization","2/676","67/18773",0.0298507462686567,0.828976419676764,-0.271036797953977,0.700421159794814,0.880165748044488,0.779732776312883,"sb:cb81/zgc:162730",2
"GO:0120032","regulation of plasma membrane bounded cell projection assembly","2/676","67/18773",0.0298507462686567,0.828976419676764,-0.271036797953977,0.700421159794814,0.880165748044488,0.779732776312883,"appa/cdc42ep1a",2
"GO:0001676","long-chain fatty acid metabolic process","1/676","33/18773",0.0303030303030303,0.841536668459745,-0.17608659133846,0.702183266494808,0.880165748044488,0.779732776312883,"elovl2",1
"GO:0001966","thigmotaxis","1/676","33/18773",0.0303030303030303,0.841536668459745,-0.17608659133846,0.702183266494808,0.880165748044488,0.779732776312883,"col6a1",1
"GO:0006289","nucleotide-excision repair","1/676","33/18773",0.0303030303030303,0.841536668459745,-0.17608659133846,0.702183266494808,0.880165748044488,0.779732776312883,"ercc5",1
"GO:0007007","inner mitochondrial membrane organization","1/676","33/18773",0.0303030303030303,0.841536668459745,-0.17608659133846,0.702183266494808,0.880165748044488,0.779732776312883,"timm13",1
"GO:0009112","nucleobase metabolic process","1/676","33/18773",0.0303030303030303,0.841536668459745,-0.17608659133846,0.702183266494808,0.880165748044488,0.779732776312883,"cmpk",1
"GO:0032924","activin receptor signaling pathway","1/676","33/18773",0.0303030303030303,0.841536668459745,-0.17608659133846,0.702183266494808,0.880165748044488,0.779732776312883,"smad3a",1
"GO:0035113","embryonic appendage morphogenesis","1/676","33/18773",0.0303030303030303,0.841536668459745,-0.17608659133846,0.702183266494808,0.880165748044488,0.779732776312883,"hand2",1
"GO:0046890","regulation of lipid biosynthetic process","1/676","33/18773",0.0303030303030303,0.841536668459745,-0.17608659133846,0.702183266494808,0.880165748044488,0.779732776312883,"fgfr4",1
"GO:0061326","renal tubule development","1/676","33/18773",0.0303030303030303,0.841536668459745,-0.17608659133846,0.702183266494808,0.880165748044488,0.779732776312883,"tfap2a",1
"GO:0046434","organophosphate catabolic process","4/676","132/18773",0.0303030303030303,0.841536668459745,-0.353107117994353,0.704519197403452,0.882561141741236,0.781854839096714,"dut/hint1/dnph1/nudt4b",4
"GO:0045165","cell fate commitment","6/676","195/18773",0.0307692307692308,0.854483386436049,-0.394780536863723,0.708107698070506,0.884028589764842,0.783154841197549,"rbpjb/nr2f2/tbx3a/tfap2a/pax2a/cnbpa",6
"GO:0030595","leukocyte chemotaxis","2/676","68/18773",0.0294117647058824,0.816785589975635,-0.292523361930517,0.708153198060794,0.884028589764842,0.783154841197549,"ch25h/cxcl18b",2
"GO:0050779","RNA destabilization","2/676","68/18773",0.0294117647058824,0.816785589975635,-0.292523361930517,0.708153198060794,0.884028589764842,0.783154841197549,"sb:cb81/zgc:162730",2
"GO:0060491","regulation of cell projection assembly","2/676","68/18773",0.0294117647058824,0.816785589975635,-0.292523361930517,0.708153198060794,0.884028589764842,0.783154841197549,"appa/cdc42ep1a",2
"GO:0170040","proteinogenic amino acid catabolic process","2/676","68/18773",0.0294117647058824,0.816785589975635,-0.292523361930517,0.708153198060794,0.884028589764842,0.783154841197549,"got2b/ivd",2
"GO:0060972","left/right pattern formation","10/676","317/18773",0.0315457413249211,0.876047635936013,-0.430170854442105,0.709262108635415,0.884028589764842,0.783154841197549,"rbpjb/cfl1/ncl/nudcd2/cenpf/hand2/gmnn/gsk3ba/atp6v0d1/dnmt1",10
"GO:0003231","cardiac ventricle development","1/676","34/18773",0.0294117647058824,0.816785589975635,-0.206657517897596,0.712926282068421,0.884028589764842,0.783154841197549,"rbx1",1
"GO:0010565","regulation of cellular ketone metabolic process","1/676","34/18773",0.0294117647058824,0.816785589975635,-0.206657517897596,0.712926282068421,0.884028589764842,0.783154841197549,"fgfr4",1
"GO:0043409","negative regulation of MAPK cascade","1/676","34/18773",0.0294117647058824,0.816785589975635,-0.206657517897596,0.712926282068421,0.884028589764842,0.783154841197549,"dusp8a",1
"GO:0048278","vesicle docking","1/676","34/18773",0.0294117647058824,0.816785589975635,-0.206657517897596,0.712926282068421,0.884028589764842,0.783154841197549,"rims2b",1
"GO:0071867","response to monoamine","1/676","34/18773",0.0294117647058824,0.816785589975635,-0.206657517897596,0.712926282068421,0.884028589764842,0.783154841197549,"nsg2",1
"GO:0071868","cellular response to monoamine stimulus","1/676","34/18773",0.0294117647058824,0.816785589975635,-0.206657517897596,0.712926282068421,0.884028589764842,0.783154841197549,"nsg2",1
"GO:0071869","response to catecholamine","1/676","34/18773",0.0294117647058824,0.816785589975635,-0.206657517897596,0.712926282068421,0.884028589764842,0.783154841197549,"nsg2",1
"GO:0071870","cellular response to catecholamine stimulus","1/676","34/18773",0.0294117647058824,0.816785589975635,-0.206657517897596,0.712926282068421,0.884028589764842,0.783154841197549,"nsg2",1
"GO:0099072","regulation of postsynaptic membrane neurotransmitter receptor levels","1/676","34/18773",0.0294117647058824,0.816785589975635,-0.206657517897596,0.712926282068421,0.884028589764842,0.783154841197549,"lrrc7",1
"GO:1903350","response to dopamine","1/676","34/18773",0.0294117647058824,0.816785589975635,-0.206657517897596,0.712926282068421,0.884028589764842,0.783154841197549,"nsg2",1
"GO:1903351","cellular response to dopamine","1/676","34/18773",0.0294117647058824,0.816785589975635,-0.206657517897596,0.712926282068421,0.884028589764842,0.783154841197549,"nsg2",1
"GO:0035315","hair cell differentiation","2/676","69/18773",0.0289855072463768,0.804948117657148,-0.313713184889336,0.715717871864371,0.886431735159391,0.785283771157091,"pax2a/atp6v0d1",2
"GO:0061014","positive regulation of mRNA catabolic process","2/676","69/18773",0.0289855072463768,0.804948117657148,-0.313713184889336,0.715717871864371,0.886431735159391,0.785283771157091,"sb:cb81/zgc:162730",2
"GO:0016042","lipid catabolic process","6/676","198/18773",0.0303030303030303,0.841536668459745,-0.433233761838898,0.721748441704339,0.892076830706475,0.790284722436165,"sgpl1/hexa/pcca/iah1/acat1/prdx6",6
"GO:0000041","transition metal ion transport","2/676","70/18773",0.0285714285714286,0.793448858833474,-0.33461569643706,0.72311718857141,0.892076830706475,0.790284722436165,"slc39a3/slc39a7",2
"GO:0002460","adaptive immune response based on somatic recombination of immune receptors built from immunoglobulin superfamily domains","2/676","70/18773",0.0285714285714286,0.793448858833474,-0.33461569643706,0.72311718857141,0.892076830706475,0.790284722436165,"rnf8/msh2",2
"GO:0008360","regulation of cell shape","2/676","70/18773",0.0285714285714286,0.793448858833474,-0.33461569643706,0.72311718857141,0.892076830706475,0.790284722436165,"msna/cdc42ep1a",2
"GO:0050769","positive regulation of neurogenesis","2/676","70/18773",0.0285714285714286,0.793448858833474,-0.33461569643706,0.72311718857141,0.892076830706475,0.790284722436165,"swap70b/clec14a",2
"GO:0030199","collagen fibril organization","1/676","35/18773",0.0285714285714286,0.793448858833474,-0.236387948239395,0.723282322055707,0.892076830706475,0.790284722436165,"col1a1a",1
"GO:0045494","photoreceptor cell maintenance","1/676","35/18773",0.0285714285714286,0.793448858833474,-0.236387948239395,0.723282322055707,0.892076830706475,0.790284722436165,"nxnl2",1
"GO:0048839","inner ear development","6/676","199/18773",0.0301507537688442,0.837307840980048,-0.445929052402656,0.726195611316458,0.895138447895718,0.792996988025094,"epcam/six1b/msx1b/tfap2a/pax2a/npc1",6
"GO:0097190","apoptotic signaling pathway","5/676","168/18773",0.0297619047619048,0.826509227951536,-0.436557557459618,0.727671225163844,0.895997582967172,0.79375808986981,"atm/slc35f6/tp53/siva1/tnfsf10l",5
"GO:0014902","myotube differentiation","3/676","104/18773",0.0288461538461538,0.801078174783796,-0.393155091953293,0.728186769402304,0.895997582967172,0.79375808986981,"six1b/col6a1/jam3b",3
"GO:0043488","regulation of mRNA stability","3/676","104/18773",0.0288461538461538,0.801078174783796,-0.393155091953293,0.728186769402304,0.895997582967172,0.79375808986981,"ybx1/sb:cb81/zgc:162730",3
"GO:0001578","microtubule bundle formation","2/676","71/18773",0.028169014084507,0.782273522793566,-0.355239885460699,0.730353228099894,0.89693288589236,0.794586668291739,"rp1l1a/cep41",2
"GO:0002449","lymphocyte mediated immunity","2/676","71/18773",0.028169014084507,0.782273522793566,-0.355239885460699,0.730353228099894,0.89693288589236,0.794586668291739,"rnf8/msh2",2
"GO:0043244","regulation of protein-containing complex disassembly","2/676","71/18773",0.028169014084507,0.782273522793566,-0.355239885460699,0.730353228099894,0.89693288589236,0.794586668291739,"capza1a/lmod1b",2
"GO:0016049","cell growth","4/676","137/18773",0.0291970802919708,0.810823651362674,-0.429512788239935,0.731597061600658,0.89693288589236,0.794586668291739,"cgrrf1/dnph1/llph/col6a3",4
"GO:0032984","protein-containing complex disassembly","4/676","137/18773",0.0291970802919708,0.810823651362674,-0.429512788239935,0.731597061600658,0.89693288589236,0.794586668291739,"cfl1/capza1a/cfl1l/lmod1b",4
"GO:0006406","mRNA export from nucleus","1/676","36/18773",0.0277777777777778,0.771408612754767,-0.265330034055745,0.733265305847486,0.89693288589236,0.794586668291739,"sem1",1
"GO:0010951","negative regulation of endopeptidase activity","1/676","36/18773",0.0277777777777778,0.771408612754767,-0.265330034055745,0.733265305847486,0.89693288589236,0.794586668291739,"lamtor5",1
"GO:0021522","spinal cord motor neuron differentiation","1/676","36/18773",0.0277777777777778,0.771408612754767,-0.265330034055745,0.733265305847486,0.89693288589236,0.794586668291739,"cox5aa",1
"GO:0051298","centrosome duplication","1/676","36/18773",0.0277777777777778,0.771408612754767,-0.265330034055745,0.733265305847486,0.89693288589236,0.794586668291739,"npm1a",1
"GO:0140115","export across plasma membrane","1/676","36/18773",0.0277777777777778,0.771408612754767,-0.265330034055745,0.733265305847486,0.89693288589236,0.794586668291739,"kcnq1.1",1
"GO:0043583","ear development","6/676","201/18773",0.0298507462686567,0.828976419676764,-0.471140038146611,0.734940138165455,0.898452423172248,0.795932815906084,"epcam/six1b/msx1b/tfap2a/pax2a/npc1",6
"GO:0006195","purine nucleotide catabolic process","2/676","72/18773",0.0277777777777778,0.771408612754767,-0.375594326870188,0.737428135110591,0.899904956888776,0.797219605524963,"hint1/nudt4b",2
"GO:0008543","fibroblast growth factor receptor signaling pathway","2/676","72/18773",0.0277777777777778,0.771408612754767,-0.375594326870188,0.737428135110591,0.899904956888776,0.797219605524963,"ncl/fgfr4",2
"GO:0170035","L-amino acid catabolic process","2/676","72/18773",0.0277777777777778,0.771408612754767,-0.375594326870188,0.737428135110591,0.899904956888776,0.797219605524963,"got2b/ivd",2
"GO:0003013","circulatory system process","9/676","295/18773",0.0305084745762712,0.847242001805235,-0.511108157706794,0.739529133918602,0.900747070648307,0.797965628306637,"kcnq1.1/tpm4a/csrp3/chga/cbfb/hand2/vdac2/npc1/lnpep",9
"GO:0021782","glial cell development","3/676","106/18773",0.0283018867924528,0.785963492240706,-0.427099293286217,0.739977383152393,0.900747070648307,0.797965628306637,"f8/pax2a/tuba8l3",3
"GO:0000271","polysaccharide biosynthetic process","1/676","37/18773",0.027027027027027,0.750559731328962,-0.293531231291154,0.742888652874603,0.900747070648307,0.797965628306637,"ndst1b",1
"GO:0002062","chondrocyte differentiation","1/676","37/18773",0.027027027027027,0.750559731328962,-0.293531231291154,0.742888652874603,0.900747070648307,0.797965628306637,"msmo1",1
"GO:0006641","triglyceride metabolic process","1/676","37/18773",0.027027027027027,0.750559731328962,-0.293531231291154,0.742888652874603,0.900747070648307,0.797965628306637,"slc7a3a",1
"GO:0008637","apoptotic mitochondrial changes","1/676","37/18773",0.027027027027027,0.750559731328962,-0.293531231291154,0.742888652874603,0.900747070648307,0.797965628306637,"slc35f6",1
"GO:0031334","positive regulation of protein-containing complex assembly","1/676","37/18773",0.027027027027027,0.750559731328962,-0.293531231291154,0.742888652874603,0.900747070648307,0.797965628306637,"cdc42ep1a",1
"GO:0031629","synaptic vesicle fusion to presynaptic active zone membrane","1/676","37/18773",0.027027027027027,0.750559731328962,-0.293531231291154,0.742888652874603,0.900747070648307,0.797965628306637,"snap25a",1
"GO:0051209","release of sequestered calcium ion into cytosol","1/676","37/18773",0.027027027027027,0.750559731328962,-0.293531231291154,0.742888652874603,0.900747070648307,0.797965628306637,"clic2",1
"GO:0099500","vesicle fusion to plasma membrane","1/676","37/18773",0.027027027027027,0.750559731328962,-0.293531231291154,0.742888652874603,0.900747070648307,0.797965628306637,"snap25a",1
"GO:2001236","regulation of extrinsic apoptotic signaling pathway","1/676","37/18773",0.027027027027027,0.750559731328962,-0.293531231291154,0.742888652874603,0.900747070648307,0.797965628306637,"tnfsf10l",1
"GO:0001558","regulation of cell growth","2/676","73/18773",0.0273972602739726,0.760841371484153,-0.395687206362371,0.7443441116646,0.900933985971663,0.798131215304699,"cgrrf1/dnph1",2
"GO:0042552","myelination","2/676","73/18773",0.0273972602739726,0.760841371484153,-0.395687206362371,0.7443441116646,0.900933985971663,0.798131215304699,"lgi1a/tuba8l3",2
"GO:0070507","regulation of microtubule cytoskeleton organization","2/676","73/18773",0.0273972602739726,0.760841371484153,-0.395687206362371,0.7443441116646,0.900933985971663,0.798131215304699,"mapre1b/gsk3ba",2
"GO:0032886","regulation of microtubule-based process","3/676","107/18773",0.0280373831775701,0.778618039042194,-0.443847538460024,0.745718793668236,0.900950016851988,0.798145416951207,"npm1a/mapre1b/gsk3ba",3
"GO:0046474","glycerophospholipid biosynthetic process","3/676","107/18773",0.0280373831775701,0.778618039042194,-0.443847538460024,0.745718793668236,0.900950016851988,0.798145416951207,"pigb/dpm2/pisd",3
"GO:0045321","leukocyte activation","6/676","204/18773",0.0294117647058824,0.816785589975635,-0.508517357570844,0.74768255024365,0.900950016851988,0.798145416951207,"prdx2/lsm8/rnf8/slc39a7/arpc1b/dnmt1",6
"GO:0009798","axis specification","2/676","74/18773",0.027027027027027,0.750559731328962,-0.415526343378167,0.751103410324335,0.900950016851988,0.798145416951207,"rap1b/atp6v0d1",2
"GO:0046467","membrane lipid biosynthetic process","3/676","108/18773",0.0277777777777778,0.771408612754767,-0.460450629862549,0.751358615670571,0.900950016851988,0.798145416951207,"pigb/dpm2/elovl2",3
"GO:0061013","regulation of mRNA catabolic process","3/676","108/18773",0.0277777777777778,0.771408612754767,-0.460450629862549,0.751358615670571,0.900950016851988,0.798145416951207,"ybx1/sb:cb81/zgc:162730",3
"GO:0003146","heart jogging","1/676","38/18773",0.0263157894736842,0.730808159451884,-0.321034841972279,0.752165300539888,0.900950016851988,0.798145416951207,"gsk3ba",1
"GO:0003309","type B pancreatic cell differentiation","1/676","38/18773",0.0263157894736842,0.730808159451884,-0.321034841972279,0.752165300539888,0.900950016851988,0.798145416951207,"lama1",1
"GO:0048499","synaptic vesicle membrane organization","1/676","38/18773",0.0263157894736842,0.730808159451884,-0.321034841972279,0.752165300539888,0.900950016851988,0.798145416951207,"snap25a",1
"GO:0050919","negative chemotaxis","1/676","38/18773",0.0263157894736842,0.730808159451884,-0.321034841972279,0.752165300539888,0.900950016851988,0.798145416951207,"sema3fa",1
"GO:0051208","sequestering of calcium ion","1/676","38/18773",0.0263157894736842,0.730808159451884,-0.321034841972279,0.752165300539888,0.900950016851988,0.798145416951207,"clic2",1
"GO:0051282","regulation of sequestering of calcium ion","1/676","38/18773",0.0263157894736842,0.730808159451884,-0.321034841972279,0.752165300539888,0.900950016851988,0.798145416951207,"clic2",1
"GO:0051283","negative regulation of sequestering of calcium ion","1/676","38/18773",0.0263157894736842,0.730808159451884,-0.321034841972279,0.752165300539888,0.900950016851988,0.798145416951207,"clic2",1
"GO:0051453","regulation of intracellular pH","1/676","38/18773",0.0263157894736842,0.730808159451884,-0.321034841972279,0.752165300539888,0.900950016851988,0.798145416951207,"atp6v0d1",1
"GO:0060993","kidney morphogenesis","1/676","38/18773",0.0263157894736842,0.730808159451884,-0.321034841972279,0.752165300539888,0.900950016851988,0.798145416951207,"pax2a",1
"GO:0061844","antimicrobial humoral immune response mediated by antimicrobial peptide","1/676","38/18773",0.0263157894736842,0.730808159451884,-0.321034841972279,0.752165300539888,0.900950016851988,0.798145416951207,"cxcl18b",1
"GO:0097120","receptor localization to synapse","1/676","38/18773",0.0263157894736842,0.730808159451884,-0.321034841972279,0.752165300539888,0.900950016851988,0.798145416951207,"lrrc7",1
"GO:1902414","protein localization to cell junction","1/676","38/18773",0.0263157894736842,0.730808159451884,-0.321034841972279,0.752165300539888,0.900950016851988,0.798145416951207,"lrrc7",1
"GO:0007272","ensheathment of neurons","2/676","75/18773",0.0266666666666667,0.740552268244576,-0.435119212407629,0.757708327675631,0.906543892040487,0.803100992467258,"lgi1a/tuba8l3",2
"GO:0008366","axon ensheathment","2/676","75/18773",0.0266666666666667,0.740552268244576,-0.435119212407629,0.757708327675631,0.906543892040487,0.803100992467258,"lgi1a/tuba8l3",2
"GO:0007259","cell surface receptor signaling pathway via JAK-STAT","1/676","39/18773",0.0256410256410256,0.712069488696708,-0.347880480747376,0.761107721507864,0.907474591028607,0.803925492293036,"socs1a",1
"GO:0030048","actin filament-based movement","1/676","39/18773",0.0256410256410256,0.712069488696708,-0.347880480747376,0.761107721507864,0.907474591028607,0.803925492293036,"kcnq1.1",1
"GO:0038127","ERBB signaling pathway","1/676","39/18773",0.0256410256410256,0.712069488696708,-0.347880480747376,0.761107721507864,0.907474591028607,0.803925492293036,"afap1l2",1
"GO:0070374","positive regulation of ERK1 and ERK2 cascade","1/676","39/18773",0.0256410256410256,0.712069488696708,-0.347880480747376,0.761107721507864,0.907474591028607,0.803925492293036,"fgfr4",1
"GO:0097696","cell surface receptor signaling pathway via STAT","1/676","39/18773",0.0256410256410256,0.712069488696708,-0.347880480747376,0.761107721507864,0.907474591028607,0.803925492293036,"socs1a",1
"GO:0170041","non-proteinogenic amino acid metabolic process","1/676","39/18773",0.0256410256410256,0.712069488696708,-0.347880480747376,0.761107721507864,0.907474591028607,0.803925492293036,"aldh5a1",1
"GO:0043487","regulation of RNA stability","3/676","110/18773",0.0272727272727273,0.757383001613771,-0.493233047609442,0.762336771064127,0.908418516064367,0.804761708983358,"ybx1/sb:cb81/zgc:162730",3
"GO:0042490","mechanoreceptor differentiation","2/676","76/18773",0.0263157894736842,0.730808159451884,-0.454472962782468,0.764161198249649,0.909548887544138,0.805763097294759,"pax2a/atp6v0d1",2
"GO:0045785","positive regulation of cell adhesion","2/676","76/18773",0.0263157894736842,0.730808159451884,-0.454472962782468,0.764161198249649,0.909548887544138,0.805763097294759,"si:ch211-156j16.1/thy1",2
"GO:0040011","locomotion","13/676","426/18773",0.0305164319248826,0.847462983026363,-0.615492613930438,0.767271353833475,0.91234580136146,0.808240863988968,"adam8a/ch25h/elp5/rab5c/sema3fa/cxcr4a/elp6/tmsb1/lama1/socs1a/arhgap4a/cxcl18b/thy1",13
"GO:0002250","adaptive immune response","3/676","111/18773",0.027027027027027,0.750559731328962,-0.50941800417893,0.76767683763194,0.91234580136146,0.808240863988968,"rnf8/msh2/tec",3
"GO:0019221","cytokine-mediated signaling pathway","5/676","177/18773",0.0282485875706215,0.784483335004847,-0.556779260604034,0.768257210135344,0.91234580136146,0.808240863988968,"cxcr4a/cpne1/chuk/socs1a/cxcl18b",5
"GO:0021575","hindbrain morphogenesis","1/676","40/18773",0.025,0.69426775147929,-0.37410447826522,0.7697279403752,0.91234580136146,0.808240863988968,"pax2a",1
"GO:0031110","regulation of microtubule polymerization or depolymerization","1/676","40/18773",0.025,0.69426775147929,-0.37410447826522,0.7697279403752,0.91234580136146,0.808240863988968,"mapre1b",1
"GO:0042752","regulation of circadian rhythm","1/676","40/18773",0.025,0.69426775147929,-0.37410447826522,0.7697279403752,0.91234580136146,0.808240863988968,"parp1",1
"GO:0007264","small GTPase-mediated signal transduction","9/676","304/18773",0.0296052631578947,0.82215917938337,-0.604187703724618,0.770278978649864,0.91234580136146,0.808240863988968,"rap1b/arhgdia/arhgap15/cdc42ep1a/rhoaa/rap1aa/rhot1b/rasip1/tax1bp3",9
"GO:0001754","eye photoreceptor cell differentiation","2/676","77/18773",0.025974025974026,0.721317144394067,-0.473594437082118,0.770464388824266,0.91234580136146,0.808240863988968,"sigmar1/mafba",2
"GO:0006672","ceramide metabolic process","2/676","77/18773",0.025974025974026,0.721317144394067,-0.473594437082118,0.770464388824266,0.91234580136146,0.808240863988968,"hexa/aldh5a1",2
"GO:0046649","lymphocyte activation","5/676","178/18773",0.0280898876404494,0.780076125257629,-0.569783168427913,0.772469328748979,0.913015802518258,0.808834413400864,"lsm8/rnf8/slc39a7/arpc1b/dnmt1",5
"GO:0051130","positive regulation of cellular component organization","7/676","242/18773",0.0289256198347107,0.803285001711575,-0.595279677063006,0.772650453609808,0.913015802518258,0.808834413400864,"pfn1/snx4/cdc42ep1a/aurkb/mief2/clec14a/thy1",7
"GO:0009799","specification of symmetry","10/676","336/18773",0.0297619047619048,0.826509227951536,-0.620192083110997,0.773372094115491,0.913015802518258,0.808834413400864,"rbpjb/cfl1/ncl/nudcd2/cenpf/hand2/gmnn/gsk3ba/atp6v0d1/dnmt1",10
"GO:0009855","determination of bilateral symmetry","10/676","336/18773",0.0297619047619048,0.826509227951536,-0.620192083110997,0.773372094115491,0.913015802518258,0.808834413400864,"rbpjb/cfl1/ncl/nudcd2/cenpf/hand2/gmnn/gsk3ba/atp6v0d1/dnmt1",10
"GO:0010959","regulation of metal ion transport","2/676","78/18773",0.0256410256410256,0.712069488696708,-0.492490188267411,0.776620293085558,0.913015802518258,0.808834413400864,"clic2/tmem33",2
"GO:0019722","calcium-mediated signaling","2/676","78/18773",0.0256410256410256,0.712069488696708,-0.492490188267411,0.776620293085558,0.913015802518258,0.808834413400864,"cxcr4a/ppp3cb",2
"GO:0002067","glandular epithelial cell differentiation","1/676","41/18773",0.024390243902439,0.677334391687112,-0.399740231315064,0.778037549744034,0.913015802518258,0.808834413400864,"lama1",1
"GO:0006730","one-carbon metabolic process","1/676","41/18773",0.024390243902439,0.677334391687112,-0.399740231315064,0.778037549744034,0.913015802518258,0.808834413400864,"mthfs",1
"GO:0006900","vesicle budding from membrane","1/676","41/18773",0.024390243902439,0.677334391687112,-0.399740231315064,0.778037549744034,0.913015802518258,0.808834413400864,"tmed9",1
"GO:0007528","neuromuscular junction development","1/676","41/18773",0.024390243902439,0.677334391687112,-0.399740231315064,0.778037549744034,0.913015802518258,0.808834413400864,"mesd",1
"GO:0030641","regulation of cellular pH","1/676","41/18773",0.024390243902439,0.677334391687112,-0.399740231315064,0.778037549744034,0.913015802518258,0.808834413400864,"atp6v0d1",1
"GO:0035883","enteroendocrine cell differentiation","1/676","41/18773",0.024390243902439,0.677334391687112,-0.399740231315064,0.778037549744034,0.913015802518258,0.808834413400864,"lama1",1
"GO:0051053","negative regulation of DNA metabolic process","1/676","41/18773",0.024390243902439,0.677334391687112,-0.399740231315064,0.778037549744034,0.913015802518258,0.808834413400864,"h1-10",1
"GO:1901888","regulation of cell junction assembly","1/676","41/18773",0.024390243902439,0.677334391687112,-0.399740231315064,0.778037549744034,0.913015802518258,0.808834413400864,"thy1",1
"GO:2001235","positive regulation of apoptotic signaling pathway","1/676","41/18773",0.024390243902439,0.677334391687112,-0.399740231315064,0.778037549744034,0.913015802518258,0.808834413400864,"tnfsf10l",1
"GO:0051650","establishment of vesicle localization","3/676","113/18773",0.0265486725663717,0.737275488296591,-0.541388869899164,0.778063538978005,0.913015802518258,0.808834413400864,"exoc6b/tmed9/pafah1b1a",3
"GO:0001667","ameboidal-type cell migration","6/676","212/18773",0.0283018867924528,0.785963492240706,-0.605731876634698,0.77947944977044,0.914160822796841,0.809848778982276,"zeb2b/sema3fa/arl6ip1/cxcr4a/lbr/cep41",6
"GO:0002443","leukocyte mediated immunity","2/676","79/18773",0.0253164556962025,0.703055950865104,-0.511166495645194,0.782631326630907,0.917339314566813,0.812664582957601,"rnf8/msh2",2
"GO:0040008","regulation of growth","3/676","114/18773",0.0263157894736842,0.730808159451884,-0.557179927818359,0.783112102812416,0.917385131157016,0.812705171559417,"cgrrf1/dnph1/cebpd",3
"GO:0001935","endothelial cell proliferation","1/676","42/18773",0.0238095238095238,0.661207382361228,-0.424818507886924,0.786047725719532,0.918751337264755,0.813915484144029,"mydgf",1
"GO:0006635","fatty acid beta-oxidation","1/676","42/18773",0.0238095238095238,0.661207382361228,-0.424818507886924,0.786047725719532,0.918751337264755,0.813915484144029,"acat1",1
"GO:0018958","phenol-containing compound metabolic process","1/676","42/18773",0.0238095238095238,0.661207382361228,-0.424818507886924,0.786047725719532,0.918751337264755,0.813915484144029,"sult1st1",1
"GO:0071875","adrenergic receptor signaling pathway","1/676","42/18773",0.0238095238095238,0.661207382361228,-0.424818507886924,0.786047725719532,0.918751337264755,0.813915484144029,"chga",1
"GO:0048565","digestive tract development","3/676","115/18773",0.0260869565217391,0.724453305891433,-0.572844711793324,0.788065474356755,0.920064235173602,0.815078571362267,"six1b/hand2/dnmt1",3
"GO:0001817","regulation of cytokine production","2/676","80/18773",0.025,0.69426775147929,-0.529629379757607,0.788499922296106,0.920064235173602,0.815078571362267,"banf1/ppp1r11",2
"GO:0071466","cellular response to xenobiotic stimulus","2/676","80/18773",0.025,0.69426775147929,-0.529629379757607,0.788499922296106,0.920064235173602,0.815078571362267,"ahr1b/sult1st1",2
"GO:0009617","response to bacterium","6/676","215/18773",0.027906976744186,0.774996559790835,-0.641310175271681,0.790594982769614,0.921553223814531,0.816397656147683,"cfl1/h2ax1/irg1l/chga/ppp1r11/cxcl18b",6
"GO:0010876","lipid localization","8/676","279/18773",0.028673835125448,0.796292761553308,-0.662549703323518,0.790911627745269,0.921553223814531,0.816397656147683,"fabp7a/prelid1a/pitpnaa/slco2b1/bscl2l/stab2/sigmar1/npc1",8
"GO:0098771","inorganic ion homeostasis","7/676","248/18773",0.0282258064516129,0.783850687154037,-0.662256026200619,0.793595904511159,0.921553223814531,0.816397656147683,"clic2/rhd/cnnm2a/slc39a7/atp6v0d1/fbxl5/selenok",7
"GO:0006023","aminoglycan biosynthetic process","1/676","43/18773",0.0232558139534884,0.645830466492363,-0.449367713896611,0.793769242852285,0.921553223814531,0.816397656147683,"ndst1b",1
"GO:0009948","anterior/posterior axis specification","1/676","43/18773",0.0232558139534884,0.645830466492363,-0.449367713896611,0.793769242852285,0.921553223814531,0.816397656147683,"rap1b",1
"GO:0017156","calcium-ion regulated exocytosis","1/676","43/18773",0.0232558139534884,0.645830466492363,-0.449367713896611,0.793769242852285,0.921553223814531,0.816397656147683,"dchs1b",1
"GO:0072331","signal transduction by p53 class mediator","1/676","43/18773",0.0232558139534884,0.645830466492363,-0.449367713896611,0.793769242852285,0.921553223814531,0.816397656147683,"tp53",1
"GO:0099173","postsynapse organization","1/676","43/18773",0.0232558139534884,0.645830466492363,-0.449367713896611,0.793769242852285,0.921553223814531,0.816397656147683,"mesd",1
"GO:0140056","organelle localization by membrane tethering","1/676","43/18773",0.0232558139534884,0.645830466492363,-0.449367713896611,0.793769242852285,0.921553223814531,0.816397656147683,"rims2b",1
"GO:0001816","cytokine production","2/676","81/18773",0.0246913580246914,0.685696544670904,-0.547884616281168,0.794228525789662,0.921571311768227,0.816413680141328,"banf1/ppp1r11",2
"GO:0071345","cellular response to cytokine stimulus","5/676","184/18773",0.0271739130434783,0.754638860303576,-0.646415863228541,0.796520696949476,0.923714956763853,0.818312720484107,"cxcr4a/cpne1/chuk/socs1a/cxcl18b",5
"GO:0048741","skeletal muscle fiber development","2/676","82/18773",0.024390243902439,0.677334391687112,-0.565937749013057,0.79981959161829,0.927007273157689,0.821229360910037,"six1b/col6a1",2
"GO:0002429","immune response-activating cell surface receptor signaling pathway","1/676","44/18773",0.0227272727272727,0.631152501344809,-0.473414127177483,0.80121248854539,0.927007273157689,0.821229360910037,"tec",1
"GO:0022406","membrane docking","1/676","44/18773",0.0227272727272727,0.631152501344809,-0.473414127177483,0.80121248854539,0.927007273157689,0.821229360910037,"rims2b",1
"GO:0060119","inner ear receptor cell development","1/676","44/18773",0.0227272727272727,0.631152501344809,-0.473414127177483,0.80121248854539,0.927007273157689,0.821229360910037,"pax2a",1
"GO:0007519","skeletal muscle tissue development","4/676","152/18773",0.0263157894736842,0.730808159451884,-0.644032098879252,0.801591267496971,0.927007273157689,0.821229360910037,"uqcc2/six1b/col6a1/hmgcra",4
"GO:0002088","lens development in camera-type eye","3/676","118/18773",0.0254237288135593,0.706035001504363,-0.619105023425,0.802364852310495,0.927385530466832,0.821564456455932,"lama1/mab21l2/dnmt1",3
"GO:0009967","positive regulation of signal transduction","14/676","471/18773",0.029723991507431,0.825456349954145,-0.74146483573922,0.804650450477307,0.92866194115904,0.822695219900161,"tsc22d3/fbxl15/atp6ap2/afap1l2/fgfr4/gpc5a/lamtor5/cpne1/card11/bmp2k/tnfsf10l/chuk/vhl/rassf2a",14
"GO:0014904","myotube cell development","2/676","83/18773",0.0240963855421687,0.669173736365581,-0.583794102015112,0.805275579288345,0.92866194115904,0.822695219900161,"six1b/col6a1",2
"GO:0098656","monoatomic anion transmembrane transport","2/676","83/18773",0.0240963855421687,0.669173736365581,-0.583794102015112,0.805275579288345,0.92866194115904,0.822695219900161,"clic2/vdac2",2
"GO:0007018","microtubule-based movement","7/676","252/18773",0.0277777777777778,0.771408612754767,-0.706078919154721,0.806730387427048,0.92866194115904,0.822695219900161,"dynll1/dynlt3/kif20bb/vezt/rhot1b/pafah1b1a/ift52",7
"GO:0006885","regulation of pH","1/676","45/18773",0.0222222222222222,0.617126890203813,-0.496982103413458,0.808387476945375,0.92866194115904,0.822695219900161,"atp6v0d1",1
"GO:0030336","negative regulation of cell migration","1/676","45/18773",0.0222222222222222,0.617126890203813,-0.496982103413458,0.808387476945375,0.92866194115904,0.822695219900161,"arhgap4a",1
"GO:0030865","cortical cytoskeleton organization","1/676","45/18773",0.0222222222222222,0.617126890203813,-0.496982103413458,0.808387476945375,0.92866194115904,0.822695219900161,"anln",1
"GO:0071222","cellular response to lipopolysaccharide","1/676","45/18773",0.0222222222222222,0.617126890203813,-0.496982103413458,0.808387476945375,0.92866194115904,0.822695219900161,"cxcl18b",1
"GO:0071526","semaphorin-plexin signaling pathway","1/676","45/18773",0.0222222222222222,0.617126890203813,-0.496982103413458,0.808387476945375,0.92866194115904,0.822695219900161,"sema3fa",1
"GO:1902475","L-alpha-amino acid transmembrane transport","1/676","45/18773",0.0222222222222222,0.617126890203813,-0.496982103413458,0.808387476945375,0.92866194115904,0.822695219900161,"slc7a3a",1
"GO:2001234","negative regulation of apoptotic signaling pathway","1/676","45/18773",0.0222222222222222,0.617126890203813,-0.496982103413458,0.808387476945375,0.92866194115904,0.822695219900161,"slc35f6",1
"GO:0043066","negative regulation of apoptotic process","8/676","285/18773",0.0280701754385965,0.779528703415343,-0.724861189670553,0.809523023431866,0.929452360236586,0.823395446718979,"zgc:158343/slc35f6/si:ch211-222l21.1/tuba1a/lamtor5/tfap2a/aurkb/chuk",8
"GO:0097193","intrinsic apoptotic signaling pathway","2/676","84/18773",0.0238095238095238,0.661207382361228,-0.601458790979768,0.810598949768638,0.930173490977603,0.824034291477511,"atm/tp53",2
"GO:0006790","sulfur compound metabolic process","6/676","221/18773",0.0271493212669683,0.753955929208279,-0.71111362587113,0.811534189395056,0.930732474529835,0.82452949115787,"gstt1b/suclg2/ndst1b/sult1st1/gstr/hmgcra",6
"GO:0001895","retina homeostasis","1/676","46/18773",0.0217391304347826,0.603711088242861,-0.520094257931101,0.815303862335429,0.931562306649906,0.825264633719705,"nxnl2",1
"GO:0030593","neutrophil chemotaxis","1/676","46/18773",0.0217391304347826,0.603711088242861,-0.520094257931101,0.815303862335429,0.931562306649906,0.825264633719705,"cxcl18b",1
"GO:0035023","regulation of Rho protein signal transduction","1/676","46/18773",0.0217391304347826,0.603711088242861,-0.520094257931101,0.815303862335429,0.931562306649906,0.825264633719705,"rasip1",1
"GO:0071219","cellular response to molecule of bacterial origin","1/676","46/18773",0.0217391304347826,0.603711088242861,-0.520094257931101,0.815303862335429,0.931562306649906,0.825264633719705,"cxcl18b",1
"GO:2000146","negative regulation of cell motility","1/676","46/18773",0.0217391304347826,0.603711088242861,-0.520094257931101,0.815303862335429,0.931562306649906,0.825264633719705,"arhgap4a",1
"GO:0008015","blood circulation","8/676","287/18773",0.0278745644599303,0.774096447642414,-0.745363053879335,0.815439492701754,0.931562306649906,0.825264633719705,"kcnq1.1/tpm4a/csrp3/cbfb/hand2/vdac2/npc1/lnpep",8
"GO:0022604","regulation of cell morphogenesis","2/676","85/18773",0.0235294117647059,0.653428471980508,-0.618936733876593,0.8157921622008,0.931562306649906,0.825264633719705,"msna/cdc42ep1a",2
"GO:0015748","organophosphate ester transport","3/676","121/18773",0.0247933884297521,0.688530001467064,-0.664311132103748,0.815845852573991,0.931562306649906,0.825264633719705,"prelid1a/pitpnaa/slc35b1",3
"GO:0006816","calcium ion transport","5/676","190/18773",0.0263157894736842,0.730808159451884,-0.720785608008989,0.818531536476835,0.934115385309004,0.827526388526031,"clic2/tmem33/vdac2/selenok/cacnb1",5
"GO:0030903","notochord development","2/676","86/18773",0.0232558139534884,0.645830466492363,-0.636232660932988,0.820857670843985,0.934446451781741,0.82781967803486,"lama1/npc1",2
"GO:0051962","positive regulation of nervous system development","2/676","86/18773",0.0232558139534884,0.645830466492363,-0.636232660932988,0.820857670843985,0.934446451781741,0.82781967803486,"swap70b/clec14a",2
"GO:1901606","alpha-amino acid catabolic process","2/676","86/18773",0.0232558139534884,0.645830466492363,-0.636232660932988,0.820857670843985,0.934446451781741,0.82781967803486,"got2b/ivd",2
"GO:0043069","negative regulation of programmed cell death","8/676","289/18773",0.027681660899654,0.768739378800598,-0.765734045646666,0.821214369502297,0.934446451781741,0.82781967803486,"zgc:158343/slc35f6/si:ch211-222l21.1/tuba1a/lamtor5/tfap2a/aurkb/chuk",8
"GO:0019730","antimicrobial humoral response","1/676","47/18773",0.0212765957446809,0.590866171471736,-0.542771626648107,0.821970952048744,0.934446451781741,0.82781967803486,"cxcl18b",1
"GO:0040013","negative regulation of locomotion","1/676","47/18773",0.0212765957446809,0.590866171471736,-0.542771626648107,0.821970952048744,0.934446451781741,0.82781967803486,"arhgap4a",1
"GO:0090263","positive regulation of canonical Wnt signaling pathway","1/676","47/18773",0.0212765957446809,0.590866171471736,-0.542771626648107,0.821970952048744,0.934446451781741,0.82781967803486,"gpc5a",1
"GO:0008283","cell population proliferation","13/676","448/18773",0.0290178571428571,0.805846497252747,-0.803873242318898,0.823473176616055,0.93564211588159,0.828878908628852,"mydgf/slc35f6/rab5c/tp53/six1b/slco2b1/cxcr4a/tfap2a/phf14/jun/zic2b/mob1a/nupr1b",13
"GO:0045017","glycerolipid biosynthetic process","3/676","123/18773",0.024390243902439,0.677334391687112,-0.693890822174517,0.824393459024925,0.935664051581841,0.828898341314679,"pigb/dpm2/pisd",3
"GO:0048511","rhythmic process","3/676","123/18773",0.024390243902439,0.677334391687112,-0.693890822174517,0.824393459024925,0.935664051581841,0.828898341314679,"parp1/mtnr1ba/ahr1b",3
"GO:0072330","monocarboxylic acid biosynthetic process","2/676","87/18773",0.0229885057471264,0.638407127797048,-0.65335112399807,0.825797922241348,0.936234871449388,0.829404026705284,"fgfr4/elovl2",2
"GO:0098876","vesicle-mediated transport to the plasma membrane","2/676","87/18773",0.0229885057471264,0.638407127797048,-0.65335112399807,0.825797922241348,0.936234871449388,0.829404026705284,"exoc6b/lrrc7",2
"GO:0007602","phototransduction","1/676","48/18773",0.0208333333333333,0.578556459566075,-0.565033808964413,0.828397718919141,0.937597903778992,0.830611527661697,"opn1sw2",1
"GO:0019395","fatty acid oxidation","1/676","48/18773",0.0208333333333333,0.578556459566075,-0.565033808964413,0.828397718919141,0.937597903778992,0.830611527661697,"acat1",1
"GO:0050804","modulation of chemical synaptic transmission","4/676","159/18773",0.0251572327044025,0.698634215325072,-0.737561057646898,0.82880585042765,0.937597903778992,0.830611527661697,"rap1b/rims2b/rap1aa/pxk",4
"GO:0099177","regulation of trans-synaptic signaling","4/676","159/18773",0.0251572327044025,0.698634215325072,-0.737561057646898,0.82880585042765,0.937597903778992,0.830611527661697,"rap1b/rims2b/rap1aa/pxk",4
"GO:0010001","glial cell differentiation","4/676","160/18773",0.025,0.69426775147929,-0.750616973129353,0.832429079898501,0.940865215930058,0.833506017001111,"swap70b/f8/pax2a/tuba8l3",4
"GO:0098739","import across plasma membrane","3/676","125/18773",0.024,0.666497041420118,-0.723042615167557,0.832600032200022,0.940865215930058,0.833506017001111,"slc7a3a/kcnh3/slc15a4",3
"GO:0006869","lipid transport","7/676","261/18773",0.0268199233716475,0.744808315763223,-0.80238985420245,0.833927302431355,0.941369410942162,0.833952679890986,"fabp7a/prelid1a/pitpnaa/slco2b1/stab2/sigmar1/npc1",7
"GO:0008217","regulation of blood pressure","1/676","49/18773",0.0204081632653061,0.566749184881053,-0.586899094959262,0.834592813285531,0.941369410942162,0.833952679890986,"lnpep",1
"GO:0021954","central nervous system neuron development","1/676","49/18773",0.0204081632653061,0.566749184881053,-0.586899094959262,0.834592813285531,0.941369410942162,0.833952679890986,"ndnf",1
"GO:0008285","negative regulation of cell population proliferation","2/676","89/18773",0.0224719101123595,0.624060900206103,-0.687073025880072,0.83531238534733,0.941369410942162,0.833952679890986,"phf14/nupr1b",2
"GO:0031346","positive regulation of cell projection organization","2/676","89/18773",0.0224719101123595,0.624060900206103,-0.687073025880072,0.83531238534733,0.941369410942162,0.833952679890986,"cdc42ep1a/clec14a",2
"GO:0016311","dephosphorylation","5/676","196/18773",0.0255102040816327,0.708436481101316,-0.793046688126283,0.83858885128551,0.942685000741883,0.835118151836815,"cdc25b/dusp22a/dusp8a/ppm1h/dusp19b",5
"GO:0034765","regulation of monoatomic ion transmembrane transport","2/676","90/18773",0.0222222222222222,0.617126890203813,-0.703684753014772,0.839891428929988,0.942685000741883,0.835118151836815,"clic2/tmem33",2
"GO:0051260","protein homooligomerization","2/676","90/18773",0.0222222222222222,0.617126890203813,-0.703684753014772,0.839891428929988,0.942685000741883,0.835118151836815,"kctd5a/kctd3",2
"GO:0002065","columnar/cuboidal epithelial cell differentiation","1/676","50/18773",0.02,0.555414201183432,-0.608384578906122,0.840564574566186,0.942685000741883,0.835118151836815,"lama1",1
"GO:0021591","ventricular system development","1/676","50/18773",0.02,0.555414201183432,-0.608384578906122,0.840564574566186,0.942685000741883,0.835118151836815,"cenpf",1
"GO:0031017","exocrine pancreas development","1/676","50/18773",0.02,0.555414201183432,-0.608384578906122,0.840564574566186,0.942685000741883,0.835118151836815,"dnmt1",1
"GO:0035272","exocrine system development","1/676","50/18773",0.02,0.555414201183432,-0.608384578906122,0.840564574566186,0.942685000741883,0.835118151836815,"dnmt1",1
"GO:0048484","enteric nervous system development","1/676","50/18773",0.02,0.555414201183432,-0.608384578906122,0.840564574566186,0.942685000741883,0.835118151836815,"mab21l2",1
"GO:0071216","cellular response to biotic stimulus","1/676","50/18773",0.02,0.555414201183432,-0.608384578906122,0.840564574566186,0.942685000741883,0.835118151836815,"cxcl18b",1
"GO:0034097","response to cytokine","5/676","197/18773",0.0253807106598985,0.704840356831766,-0.80489516030775,0.841748681661339,0.942994612627077,0.835392434874253,"cxcr4a/cpne1/chuk/socs1a/cxcl18b",5
"GO:1901652","response to peptide","5/676","197/18773",0.0253807106598985,0.704840356831766,-0.80489516030775,0.841748681661339,0.942994612627077,0.835392434874253,"cxcr4a/cpne1/chuk/socs1a/cxcl18b",5
"GO:0046394","carboxylic acid biosynthetic process","4/676","163/18773",0.0245398773006135,0.681489817402984,-0.789349365547952,0.842917151580864,0.943794568104288,0.836101109923876,"psat1/fgfr4/psph/elovl2",4
"GO:0002757","immune response-activating signaling pathway","2/676","91/18773",0.021978021978022,0.610345276025749,-0.720135607871354,0.844354874716615,0.944894975639229,0.837075953382851,"tec/usp4",2
"GO:0002768","immune response-regulating cell surface receptor signaling pathway","1/676","51/18773",0.0196078431372549,0.544523726650423,-0.629506260824263,0.8463210424182,0.94505849736699,0.837220816155639,"tec",1
"GO:0015807","L-amino acid transport","1/676","51/18773",0.0196078431372549,0.544523726650423,-0.629506260824263,0.8463210424182,0.94505849736699,0.837220816155639,"slc7a3a",1
"GO:0042157","lipoprotein metabolic process","1/676","51/18773",0.0196078431372549,0.544523726650423,-0.629506260824263,0.8463210424182,0.94505849736699,0.837220816155639,"selenok",1
"GO:0071621","granulocyte chemotaxis","1/676","51/18773",0.0196078431372549,0.544523726650423,-0.629506260824263,0.8463210424182,0.94505849736699,0.837220816155639,"cxcl18b",1
"GO:0016053","organic acid biosynthetic process","4/676","165/18773",0.0242424242424242,0.673229334767796,-0.814817810217268,0.849598388699148,0.947190474142851,0.839109519702862,"psat1/fgfr4/psph/elovl2",4
"GO:0016054","organic acid catabolic process","4/676","165/18773",0.0242424242424242,0.673229334767796,-0.814817810217268,0.849598388699148,0.947190474142851,0.839109519702862,"acat1/got2b/ivd/aldh5a1",4
"GO:0046395","carboxylic acid catabolic process","4/676","165/18773",0.0242424242424242,0.673229334767796,-0.814817810217268,0.849598388699148,0.947190474142851,0.839109519702862,"acat1/got2b/ivd/aldh5a1",4
"GO:0031647","regulation of protein stability","1/676","52/18773",0.0192307692307692,0.534052116522531,-0.650279137540202,0.851869967497,0.94870451608111,0.840450799031893,"tp53",1
"GO:0051896","regulation of phosphatidylinositol 3-kinase/protein kinase B signal transduction","1/676","52/18773",0.0192307692307692,0.534052116522531,-0.650279137540202,0.851869967497,0.94870451608111,0.840450799031893,"socs1a",1
"GO:0070588","calcium ion transmembrane transport","4/676","166/18773",0.0240963855421687,0.669173736365581,-0.82744888059822,0.852847958531545,0.948883559599222,0.840609412451887,"clic2/tmem33/vdac2/cacnb1",4
"GO:0010720","positive regulation of cell development","2/676","93/18773",0.021505376344086,0.597219571164981,-0.752569694943865,0.852944441873735,0.948883559599222,0.840609412451887,"swap70b/clec14a",2
"GO:0060326","cell chemotaxis","3/676","131/18773",0.0229007633587786,0.635970459370342,-0.808074405146111,0.855267764570443,0.949063695597733,0.840768993692743,"ch25h/cxcr4a/cxcl18b",3
"GO:0002221","pattern recognition receptor signaling pathway","1/676","53/18773",0.0188679245283019,0.523975661493804,-0.670717284525845,0.85721882183021,0.949063695597733,0.840768993692743,"usp4",1
"GO:0002758","innate immune response-activating signaling pathway","1/676","53/18773",0.0188679245283019,0.523975661493804,-0.670717284525845,0.85721882183021,0.949063695597733,0.840768993692743,"usp4",1
"GO:0003205","cardiac chamber development","1/676","53/18773",0.0188679245283019,0.523975661493804,-0.670717284525845,0.85721882183021,0.949063695597733,0.840768993692743,"rbx1",1
"GO:0006892","post-Golgi vesicle-mediated transport","1/676","53/18773",0.0188679245283019,0.523975661493804,-0.670717284525845,0.85721882183021,0.949063695597733,0.840768993692743,"exoc6b",1
"GO:0015908","fatty acid transport","1/676","53/18773",0.0188679245283019,0.523975661493804,-0.670717284525845,0.85721882183021,0.949063695597733,0.840768993692743,"fabp7a",1
"GO:0035967","cellular response to topologically incorrect protein","1/676","53/18773",0.0188679245283019,0.523975661493804,-0.670717284525845,0.85721882183021,0.949063695597733,0.840768993692743,"dnajb12a",1
"GO:0060113","inner ear receptor cell differentiation","1/676","53/18773",0.0188679245283019,0.523975661493804,-0.670717284525845,0.85721882183021,0.949063695597733,0.840768993692743,"pax2a",1
"GO:0061351","neural precursor cell proliferation","1/676","53/18773",0.0188679245283019,0.523975661493804,-0.670717284525845,0.85721882183021,0.949063695597733,0.840768993692743,"zic2b",1
"GO:0060538","skeletal muscle organ development","4/676","168/18773",0.0238095238095238,0.661207382361228,-0.852509190520035,0.859168709236415,0.950715721408649,0.842232511984552,"uqcc2/six1b/col6a1/hmgcra",4
"GO:0002252","immune effector process","3/676","133/18773",0.0225563909774436,0.626406993815901,-0.835654837274452,0.86220474374463,0.951728202932234,0.843129462395431,"tcima/rnf8/msh2",3
"GO:0006639","acylglycerol metabolic process","1/676","54/18773",0.0185185185185185,0.514272408503178,-0.690833929606041,0.862374808819675,0.951728202932234,0.843129462395431,"slc7a3a",1
"GO:0006986","response to unfolded protein","1/676","54/18773",0.0185185185185185,0.514272408503178,-0.690833929606041,0.862374808819675,0.951728202932234,0.843129462395431,"tmem129",1
"GO:0007204","positive regulation of cytosolic calcium ion concentration","1/676","54/18773",0.0185185185185185,0.514272408503178,-0.690833929606041,0.862374808819675,0.951728202932234,0.843129462395431,"cxcr4a",1
"GO:0032456","endocytic recycling","1/676","54/18773",0.0185185185185185,0.514272408503178,-0.690833929606041,0.862374808819675,0.951728202932234,0.843129462395431,"lrrc7",1
"GO:0006638","neutral lipid metabolic process","1/676","55/18773",0.0181818181818182,0.504922001075847,-0.710641519480808,0.867344872884951,0.954803842744948,0.84585415052995,"slc7a3a",1
"GO:0009612","response to mechanical stimulus","1/676","55/18773",0.0181818181818182,0.504922001075847,-0.710641519480808,0.867344872884951,0.954803842744948,0.84585415052995,"csrp3",1
"GO:0022409","positive regulation of cell-cell adhesion","1/676","55/18773",0.0181818181818182,0.504922001075847,-0.710641519480808,0.867344872884951,0.954803842744948,0.84585415052995,"si:ch211-156j16.1",1
"GO:0034440","lipid oxidation","1/676","55/18773",0.0181818181818182,0.504922001075847,-0.710641519480808,0.867344872884951,0.954803842744948,0.84585415052995,"acat1",1
"GO:0120035","regulation of plasma membrane bounded cell projection organization","5/676","206/18773",0.0242718446601942,0.674046360659505,-0.909167501684189,0.867952230560394,0.954803842744948,0.84585415052995,"appa/cdc42ep1a/bcl11aa/gsk3ba/clec14a",5
"GO:0030155","regulation of cell adhesion","4/676","171/18773",0.0233918128654971,0.649607252846119,-0.889607981605824,0.868215097950614,0.954803842744948,0.84585415052995,"adam8a/si:ch211-156j16.1/lama1/thy1",4
"GO:0002764","immune response-regulating signaling pathway","2/676","97/18773",0.0206185567010309,0.57259195998292,-0.815665229664086,0.868839317663916,0.954803842744948,0.84585415052995,"tec/usp4",2
"GO:1990138","neuron projection extension","2/676","97/18773",0.0206185567010309,0.57259195998292,-0.815665229664086,0.868839317663916,0.954803842744948,0.84585415052995,"llph/col6a3",2
"GO:0032101","regulation of response to external stimulus","6/676","241/18773",0.024896265560166,0.691386972427509,-0.931937866147709,0.869634379707103,0.955172187547146,0.846180464654188,"atm/parp1/gch1/cnbpa/usp4/socs1a",6
"GO:0010817","regulation of hormone levels","2/676","98/18773",0.0204081632653061,0.566749184881053,-0.831088836260908,0.872558744437201,0.957877649152255,0.84857721446324,"uqcc2/chga",2
"GO:0044242","cellular lipid catabolic process","3/676","137/18773",0.0218978102189781,0.608117738522006,-0.889743585821459,0.875207501761031,0.95944476571396,0.849965512235767,"sgpl1/hexa/acat1",3
"GO:0031344","regulation of cell projection organization","5/676","209/18773",0.0239234449760766,0.664371054047167,-0.943022597417367,0.875833235385653,0.95944476571396,0.849965512235767,"appa/cdc42ep1a/bcl11aa/gsk3ba/clec14a",5
"GO:0009185","ribonucleoside diphosphate metabolic process","1/676","57/18773",0.0175438596491228,0.487205439634589,-0.749375770080191,0.876753770463163,0.95944476571396,0.849965512235767,"cmpk",1
"GO:0070372","regulation of ERK1 and ERK2 cascade","1/676","57/18773",0.0175438596491228,0.487205439634589,-0.749375770080191,0.876753770463163,0.95944476571396,0.849965512235767,"fgfr4",1
"GO:1901264","carbohydrate derivative transport","1/676","57/18773",0.0175438596491228,0.487205439634589,-0.749375770080191,0.876753770463163,0.95944476571396,0.849965512235767,"slc35b1",1
"GO:0046942","carboxylic acid transport","4/676","174/18773",0.0229885057471264,0.638407127797048,-0.926136531816361,0.876757903382329,0.95944476571396,0.849965512235767,"fabp7a/slco2b1/slc7a3a/slc16a8",4
"GO:0043065","positive regulation of apoptotic process","3/676","138/18773",0.0217391304347826,0.603711088242861,-0.903050615689755,0.878283596221693,0.959597595661472,0.850100903234043,"tp53/gsk3ba/tnfsf10l",3
"GO:0043068","positive regulation of programmed cell death","3/676","138/18773",0.0217391304347826,0.603711088242861,-0.903050615689755,0.878283596221693,0.959597595661472,0.850100903234043,"tp53/gsk3ba/tnfsf10l",3
"GO:0050767","regulation of neurogenesis","3/676","138/18773",0.0217391304347826,0.603711088242861,-0.903050615689755,0.878283596221693,0.959597595661472,0.850100903234043,"swap70b/ctbp2a/clec14a",3
"GO:0032259","methylation","5/676","211/18773",0.023696682464455,0.658073698084635,-0.965354177360867,0.880862548155415,0.960825897999613,0.851189047818627,"setd1ba/tyw3/trmt9b/dnmt1/nop2",5
"GO:0021517","ventral spinal cord development","1/676","58/18773",0.0172413793103448,0.478805345847786,-0.768323932356894,0.881205279929229,0.960825897999613,0.851189047818627,"cox5aa",1
"GO:0033059","cellular pigmentation","1/676","58/18773",0.0172413793103448,0.478805345847786,-0.768323932356894,0.881205279929229,0.960825897999613,0.851189047818627,"atp6v0d1",1
"GO:0042110","T cell activation","3/676","139/18773",0.0215827338129496,0.599367843003704,-0.916274261797083,0.881292200998021,0.960825897999613,0.851189047818627,"lsm8/arpc1b/dnmt1",3
"GO:0015849","organic acid transport","4/676","176/18773",0.0227272727272727,0.631152501344809,-0.950182567855488,0.882183431625066,0.960825897999613,0.851189047818627,"fabp7a/slco2b1/slc7a3a/slc16a8",4
"GO:0051241","negative regulation of multicellular organismal process","4/676","176/18773",0.0227272727272727,0.631152501344809,-0.950182567855488,0.882183431625066,0.960825897999613,0.851189047818627,"banf1/tp53/phf14/ppp1r11",4
"GO:0045595","regulation of cell differentiation","13/676","479/18773",0.0271398747390397,0.753693592420106,-1.05539360156094,0.884612810407717,0.962966880092677,0.85308572911436,"uqcc2/swap70b/tp53/maff/fgfr4/cebpd/nudt21/ctbp2a/msmo1/lama1/h2az2a/clec14a/mafgb",13
"GO:0002218","activation of innate immune response","1/676","59/18773",0.0169491525423729,0.470690001002908,-0.787006136998124,0.88549623535364,0.963423614892357,0.853490347328809,"usp4",1
"GO:0034762","regulation of transmembrane transport","2/676","102/18773",0.0196078431372549,0.544523726650423,-0.891471333925896,0.886485227316255,0.963490223514318,0.853549355448409,"clic2/tmem33",2
"GO:0072659","protein localization to plasma membrane","2/676","102/18773",0.0196078431372549,0.544523726650423,-0.891471333925896,0.886485227316255,0.963490223514318,0.853549355448409,"efr3a/lrrc7",2
"GO:0010975","regulation of neuron projection development","3/676","141/18773",0.0212765957446809,0.590866171471736,-0.942476512599357,0.887111588465488,0.963666720315282,0.853705712749214,"bcl11aa/gsk3ba/clec14a",3
"GO:0009583","detection of light stimulus","1/676","60/18773",0.0166666666666667,0.46284516765286,-0.805431723274353,0.889632419221383,0.964387544218586,0.85434428568233,"opn1sw2",1
"GO:0070371","ERK1 and ERK2 cascade","1/676","60/18773",0.0166666666666667,0.46284516765286,-0.805431723274353,0.889632419221383,0.964387544218586,0.85434428568233,"fgfr4",1
"GO:0097553","calcium ion transmembrane import into cytosol","1/676","60/18773",0.0166666666666667,0.46284516765286,-0.805431723274353,0.889632419221383,0.964387544218586,0.85434428568233,"clic2",1
"GO:1990573","potassium ion import across plasma membrane","1/676","60/18773",0.0166666666666667,0.46284516765286,-0.805431723274353,0.889632419221383,0.964387544218586,0.85434428568233,"kcnh3",1
"GO:0042127","regulation of cell population proliferation","8/676","319/18773",0.0250783699059561,0.696444139414962,-1.05685165761806,0.891972628361974,0.966420004751079,0.856144828474717,"mydgf/slc35f6/tp53/six1b/tfap2a/phf14/jun/nupr1b",8
"GO:0009062","fatty acid catabolic process","1/676","61/18773",0.0163934426229508,0.455257541953633,-0.823609536833062,0.893619406054405,0.967699429809697,0.857278262325394,"acat1",1
"GO:0043603","amide metabolic process","6/676","252/18773",0.0238095238095238,0.661207382361228,-1.04647129606573,0.894678817496559,0.96834179465365,0.857847328918014,"hexa/gstt1b/suclg2/aldh5a1/gstr/hmgcra",6
"GO:0044282","small molecule catabolic process","5/676","218/18773",0.0229357798165138,0.636942891265404,-1.04207275103125,0.897117680999603,0.969334247343244,0.858726535922758,"ada2b/acat1/got2b/ivd/aldh5a1",5
"GO:0005976","polysaccharide metabolic process","1/676","62/18773",0.0161290322580645,0.447914678373735,-0.841547963870539,0.897462569880144,0.969334247343244,0.858726535922758,"ndst1b",1
"GO:0050770","regulation of axonogenesis","1/676","62/18773",0.0161290322580645,0.447914678373735,-0.841547963870539,0.897462569880144,0.969334247343244,0.858726535922758,"clec14a",1
"GO:0051345","positive regulation of hydrolase activity","1/676","62/18773",0.0161290322580645,0.447914678373735,-0.841547963870539,0.897462569880144,0.969334247343244,0.858726535922758,"tp53",1
"GO:0045597","positive regulation of cell differentiation","4/676","183/18773",0.0218579234972678,0.607010055938177,-1.03250607399777,0.899568936281221,0.97110430387531,0.8602946168178,"swap70b/nudt21/h2az2a/clec14a",4
"GO:0009267","cellular response to starvation","1/676","63/18773",0.0158730158730159,0.440804921574152,-0.85925496240897,0.901167091432226,0.971315022783983,0.860481291248208,"nupr1b",1
"GO:0048709","oligodendrocyte differentiation","1/676","63/18773",0.0158730158730159,0.440804921574152,-0.85925496240897,0.901167091432226,0.971315022783983,0.860481291248208,"swap70b",1
"GO:0090090","negative regulation of canonical Wnt signaling pathway","1/676","63/18773",0.0158730158730159,0.440804921574152,-0.85925496240897,0.901167091432226,0.971315022783983,0.860481291248208,"gsk3ba",1
"GO:0021915","neural tube development","2/676","107/18773",0.0186915887850467,0.519078692694796,-0.964196619800812,0.901910065916879,0.971611621840953,0.860744046310714,"brd2a/pax2a",2
"GO:1902533","positive regulation of intracellular signal transduction","7/676","291/18773",0.0240549828178694,0.668023953313406,-1.10307257706998,0.903241978400919,0.972542036878543,0.861568294586673,"fgfr4/lamtor5/card11/tnfsf10l/chuk/vhl/rassf2a",7
"GO:0021515","cell differentiation in spinal cord","1/676","64/18773",0.015625,0.433917344674556,-0.876738090966886,0.904737965092933,0.973648058807265,0.862548111798444,"cox5aa",1
"GO:0043269","regulation of monoatomic ion transport","2/676","110/18773",0.0181818181818182,0.504922001075847,-1.00647865499108,0.910202738950042,0.976369800751945,0.864959284248232,"clic2/tmem33",2
"GO:0048588","developmental cell growth","2/676","110/18773",0.0181818181818182,0.504922001075847,-1.00647865499108,0.910202738950042,0.976369800751945,0.864959284248232,"llph/col6a3",2
"GO:0051093","negative regulation of developmental process","3/676","150/18773",0.02,0.555414201183432,-1.05657838433787,0.910259500194633,0.976369800751945,0.864959284248232,"tp53/phf14/bcl11aa",3
"GO:0098542","defense response to other organism","11/676","431/18773",0.0255220417633411,0.708765221927813,-1.1821806689832,0.911307207198098,0.976369800751945,0.864959284248232,"ch25h/parp1/cfl1/h2ax1/chga/gch1/ppp1r11/btr04/usp4/socs1a/cxcl18b",11
"GO:0031099","regeneration","5/676","225/18773",0.0222222222222222,0.617126890203813,-1.11666501189695,0.911417965536774,0.976369800751945,0.864959284248232,"anxa1a/col1a1a/cebpd/msx1b/vdac2",5
"GO:0006637","acyl-CoA metabolic process","1/676","66/18773",0.0151515151515152,0.420768334229873,-0.911061130486943,0.911497854433327,0.976369800751945,0.864959284248232,"suclg2",1
"GO:0032496","response to lipopolysaccharide","1/676","66/18773",0.0151515151515152,0.420768334229873,-0.911061130486943,0.911497854433327,0.976369800751945,0.864959284248232,"cxcl18b",1
"GO:0035383","thioester metabolic process","1/676","66/18773",0.0151515151515152,0.420768334229873,-0.911061130486943,0.911497854433327,0.976369800751945,0.864959284248232,"suclg2",1
"GO:0062012","regulation of small molecule metabolic process","1/676","66/18773",0.0151515151515152,0.420768334229873,-0.911061130486943,0.911497854433327,0.976369800751945,0.864959284248232,"fgfr4",1
"GO:1990778","protein localization to cell periphery","2/676","111/18773",0.018018018018018,0.500373154219308,-1.02036015262425,0.912817893102668,0.977209075039259,0.865702791561019,"efr3a/lrrc7",2
"GO:0030198","extracellular matrix organization","4/676","190/18773",0.0210526315789474,0.584646527561507,-1.11214665556221,0.914653875485125,0.977209075039259,0.865702791561019,"col1a1a/anln/ndnf/col4a2",4
"GO:0043062","extracellular structure organization","4/676","190/18773",0.0210526315789474,0.584646527561507,-1.11214665556221,0.914653875485125,0.977209075039259,0.865702791561019,"col1a1a/anln/ndnf/col4a2",4
"GO:0050673","epithelial cell proliferation","1/676","67/18773",0.0149253731343284,0.414488209838382,-0.927914387418217,0.914695986170274,0.977209075039259,0.865702791561019,"mydgf",1
"GO:0007498","mesoderm development","2/676","112/18773",0.0178571428571429,0.495905536770921,-1.03413874523611,0.915361513396515,0.977209075039259,0.865702791561019,"rbpjb/smad3a",2
"GO:0045229","external encapsulating structure organization","4/676","191/18773",0.0209424083769634,0.581585550977416,-1.12331732430751,0.916635615697892,0.977209075039259,0.865702791561019,"col1a1a/anln/ndnf/col4a2",4
"GO:0007517","muscle organ development","5/676","228/18773",0.0219298245614035,0.609006799543237,-1.14801757599434,0.916993698204159,0.977209075039259,0.865702791561019,"rbx1/uqcc2/six1b/col6a1/hmgcra",5
"GO:0002237","response to molecule of bacterial origin","1/676","68/18773",0.0147058823529412,0.408392794987818,-0.944570509107148,0.917778714351013,0.977209075039259,0.865702791561019,"cxcl18b",1
"GO:0009132","nucleoside diphosphate metabolic process","1/676","68/18773",0.0147058823529412,0.408392794987818,-0.944570509107148,0.917778714351013,0.977209075039259,0.865702791561019,"cmpk",1
"GO:0031669","cellular response to nutrient levels","1/676","68/18773",0.0147058823529412,0.408392794987818,-0.944570509107148,0.917778714351013,0.977209075039259,0.865702791561019,"nupr1b",1
"GO:0006873","intracellular monoatomic ion homeostasis","5/676","229/18773",0.0218340611353712,0.60634738120462,-1.15838921211573,0.918782402584915,0.977209075039259,0.865702791561019,"clic2/slc39a7/atp6v0d1/fbxl5/selenok",5
"GO:0030003","intracellular monoatomic cation homeostasis","5/676","229/18773",0.0218340611353712,0.60634738120462,-1.15838921211573,0.918782402584915,0.977209075039259,0.865702791561019,"clic2/slc39a7/atp6v0d1/fbxl5/selenok",5
"GO:0003007","heart morphogenesis","6/676","265/18773",0.0226415094339623,0.628770793792565,-1.1762798454419,0.918876235132703,0.977209075039259,0.865702791561019,"rbx1/ncl/cenpf/hand2/gsk3ba/atp6v0d1",6
"GO:0022407","regulation of cell-cell adhesion","2/676","114/18773",0.0175438596491228,0.487205439634589,-1.06139486081108,0.920241123058443,0.977209075039259,0.865702791561019,"adam8a/si:ch211-156j16.1",2
"GO:0046488","phosphatidylinositol metabolic process","2/676","114/18773",0.0175438596491228,0.487205439634589,-1.06139486081108,0.920241123058443,0.977209075039259,0.865702791561019,"pigb/dpm2",2
"GO:0045087","innate immune response","6/676","266/18773",0.0225563909774436,0.626406993815901,-1.18603326736135,0.920519312314364,0.977209075039259,0.865702791561019,"parp1/h2ax1/gch1/btr04/usp4/socs1a",6
"GO:0072329","monocarboxylic acid catabolic process","1/676","69/18773",0.0144927536231884,0.402474058828574,-0.961035411744415,0.920750197328758,0.977209075039259,0.865702791561019,"acat1",1
"GO:1902476","chloride transmembrane transport","1/676","69/18773",0.0144927536231884,0.402474058828574,-0.961035411744415,0.920750197328758,0.977209075039259,0.865702791561019,"clic2",1
"GO:0007009","plasma membrane organization","1/676","70/18773",0.0142857142857143,0.396724429416737,-0.977314741783176,0.923614443832487,0.978748571346978,0.867066620740703,"pacsin2",1
"GO:0043491","phosphatidylinositol 3-kinase/protein kinase B signal transduction","1/676","70/18773",0.0142857142857143,0.396724429416737,-0.977314741783176,0.923614443832487,0.978748571346978,0.867066620740703,"socs1a",1
"GO:1990266","neutrophil migration","1/676","70/18773",0.0142857142857143,0.396724429416737,-0.977314741783176,0.923614443832487,0.978748571346978,0.867066620740703,"cxcl18b",1
"GO:0060070","canonical Wnt signaling pathway","4/676","195/18773",0.0205128205128205,0.569655590957366,-1.16750653191561,0.924157610602969,0.978824761459646,0.867134117036952,"gpc5a/dixdc1a/jun/gsk3ba",4
"GO:0006633","fatty acid biosynthetic process","1/676","71/18773",0.0140845070422535,0.391136761396783,-0.993413892135694,0.926375318342953,0.979674916597919,0.867887263620689,"elovl2",1
"GO:0007492","endoderm development","1/676","71/18773",0.0140845070422535,0.391136761396783,-0.993413892135694,0.926375318342953,0.979674916597919,0.867887263620689,"msna",1
"GO:0048916","posterior lateral line development","1/676","71/18773",0.0140845070422535,0.391136761396783,-0.993413892135694,0.926375318342953,0.979674916597919,0.867887263620689,"epcam",1
"GO:0055123","digestive system development","3/676","158/18773",0.0189873417721519,0.527291963148828,-1.15322842086185,0.927127229083103,0.979971122038476,0.868149669981125,"six1b/hand2/dnmt1",3
"GO:0006914","autophagy","5/676","235/18773",0.0212765957446809,0.590866171471736,-1.21981286563695,0.928816887823305,0.980758859180988,0.868847520892161,"tp53/snx4/ufc1/gfap/gsk3ba",5
"GO:0061919","process utilizing autophagic mechanism","5/676","235/18773",0.0212765957446809,0.590866171471736,-1.21981286563695,0.928816887823305,0.980758859180988,0.868847520892161,"tp53/snx4/ufc1/gfap/gsk3ba",5
"GO:0055080","monoatomic cation homeostasis","6/676","272/18773",0.0220588235294118,0.612589192481726,-1.2438955380189,0.929779626767884,0.981276567478097,0.869306155108184,"clic2/cnnm2a/slc39a7/atp6v0d1/fbxl5/selenok",6
"GO:0000045","autophagosome assembly","1/676","73/18773",0.0136986301369863,0.380420685742077,-1.02509204664714,0.931601718978736,0.981703079816761,0.869683999452499,"snx4",1
"GO:0002833","positive regulation of response to biotic stimulus","1/676","73/18773",0.0136986301369863,0.380420685742077,-1.02509204664714,0.931601718978736,0.981703079816761,0.869683999452499,"usp4",1
"GO:0045089","positive regulation of innate immune response","1/676","73/18773",0.0136986301369863,0.380420685742077,-1.02509204664714,0.931601718978736,0.981703079816761,0.869683999452499,"usp4",1
"GO:0030148","sphingolipid biosynthetic process","1/676","74/18773",0.0135135135135135,0.375279865664481,-1.04068069858239,0.934074298549345,0.983310855594014,0.871108316944143,"elovl2",1
"GO:1905037","autophagosome organization","1/676","74/18773",0.0135135135135135,0.375279865664481,-1.04068069858239,0.934074298549345,0.983310855594014,0.871108316944143,"snx4",1
"GO:0003333","amino acid transmembrane transport","1/676","75/18773",0.0133333333333333,0.370276134122288,-1.05610849129834,0.936457622480071,0.984323118365945,0.872005073564438,"slc7a3a",1
"GO:0031018","endocrine pancreas development","1/676","75/18773",0.0133333333333333,0.370276134122288,-1.05610849129834,0.936457622480071,0.984323118365945,0.872005073564438,"lama1",1
"GO:0097530","granulocyte migration","1/676","75/18773",0.0133333333333333,0.370276134122288,-1.05610849129834,0.936457622480071,0.984323118365945,0.872005073564438,"cxcl18b",1
"GO:0009895","negative regulation of catabolic process","1/676","76/18773",0.0131578947368421,0.365404079725942,-1.07137975456231,0.938754908136476,0.985346336680306,0.872911535624344,"ybx1",1
"GO:0042594","response to starvation","1/676","76/18773",0.0131578947368421,0.365404079725942,-1.07137975456231,0.938754908136476,0.985346336680306,0.872911535624344,"nupr1b",1
"GO:0005975","carbohydrate metabolic process","8/676","350/18773",0.0228571428571429,0.634759087066779,-1.33308730702912,0.938854309239444,0.985346336680306,0.872911535624344,"idh2/hyal2b/hexa/chid1/pfkfb1/st8sia6/ndst1b/lancl2",8
"GO:0048878","chemical homeostasis","10/676","420/18773",0.0238095238095238,0.661207382361228,-1.35715789929972,0.93953082077148,0.985558340778971,0.873099348595718,"clic2/rhd/cln8/cnnm2a/slc39a7/stab2/atp6v0d1/npc1/fbxl5/selenok",10
"GO:0051607","defense response to virus","1/676","77/18773",0.012987012987013,0.360658572197034,-1.0864986399873,0.940969257074795,0.986568978770494,0.873994665834236,"ch25h",1
"GO:0007601","visual perception","3/676","167/18773",0.0179640718562874,0.498875031003083,-1.25719630869644,0.94259559602172,0.987672527502918,0.874972292058435,"nxnl2/opn1sw2/rp1l1a",3
"GO:0051960","regulation of nervous system development","3/676","168/18773",0.0178571428571429,0.495905536770921,-1.26846082358045,0.944112448508726,0.987672527502918,0.874972292058435,"swap70b/ctbp2a/clec14a",3
"GO:0006874","intracellular calcium ion homeostasis","2/676","126/18773",0.0158730158730159,0.440804921574152,-1.21722105259575,0.944382133242457,0.987672527502918,0.874972292058435,"clic2/selenok",2
"GO:0048882","lateral line development","2/676","126/18773",0.0158730158730159,0.440804921574152,-1.21722105259575,0.944382133242457,0.987672527502918,0.874972292058435,"epcam/atp6v0d1",2
"GO:0019216","regulation of lipid metabolic process","1/676","79/18773",0.0126582278481013,0.351527975432552,-1.11629505049115,0.945160996801623,0.987672527502918,0.874972292058435,"fgfr4",1
"GO:0031016","pancreas development","3/676","169/18773",0.0177514792899408,0.492971184482336,-1.27967049405566,0.94559204603818,0.987672527502918,0.874972292058435,"gmnn/lama1/dnmt1",3
"GO:0002253","activation of immune response","2/676","127/18773",0.015748031496063,0.437334016679868,-1.22965989310284,0.946044648190425,0.987672527502918,0.874972292058435,"tec/usp4",2
"GO:0015711","organic anion transport","5/676","248/18773",0.0201612903225806,0.559893347967169,-1.3484349251086,0.946859750007228,0.987672527502918,0.874972292058435,"fabp7a/slco2b1/slc35b1/slc7a3a/slc16a8",5
"GO:0050953","sensory perception of light stimulus","3/676","170/18773",0.0176470588235294,0.490071353985381,-1.29082600167458,0.947035197822488,0.987672527502918,0.874972292058435,"nxnl2/opn1sw2/rp1l1a",3
"GO:0140546","defense response to symbiont","8/676","358/18773",0.0223463687150838,0.620574526461935,-1.40090106061318,0.947588069432498,0.987672527502918,0.874972292058435,"ch25h/parp1/h2ax1/gch1/btr04/usp4/socs1a/cxcl18b",8
"GO:0001508","action potential","1/676","81/18773",0.0123456790123457,0.342848272335452,-1.14552772502297,0.949055492409992,0.987672527502918,0.874972292058435,"kcnq1.1",1
"GO:0006820","monoatomic anion transport","2/676","129/18773",0.0155038759689922,0.430553644328242,-1.25430586639841,0.949228795044897,0.987672527502918,0.874972292058435,"clic2/vdac2",2
"GO:0016236","macroautophagy","2/676","129/18773",0.0155038759689922,0.430553644328242,-1.25430586639841,0.949228795044897,0.987672527502918,0.874972292058435,"snx4/ufc1",2
"GO:0021953","central nervous system neuron differentiation","2/676","129/18773",0.0155038759689922,0.430553644328242,-1.25430586639841,0.949228795044897,0.987672527502918,0.874972292058435,"cox5aa/ndnf",2
"GO:0006644","phospholipid metabolic process","5/676","251/18773",0.0199203187250996,0.553201395601028,-1.37730478484312,0.950386979627382,0.987672527502918,0.874972292058435,"pigb/cln8/dpm2/pisd/idi1",5
"GO:0060828","regulation of canonical Wnt signaling pathway","2/676","130/18773",0.0153846153846154,0.427241693218025,-1.26651547450158,0.950752897958682,0.987672527502918,0.874972292058435,"gpc5a/gsk3ba",2
"GO:0050801","monoatomic ion homeostasis","6/676","289/18773",0.0207612456747405,0.576554534100448,-1.40208310447468,0.951049429553709,0.987672527502918,0.874972292058435,"clic2/cnnm2a/slc39a7/atp6v0d1/fbxl5/selenok",6
"GO:0006935","chemotaxis","4/676","214/18773",0.0186915887850467,0.519078692694796,-1.36750507687989,0.952182798981872,0.987672527502918,0.874972292058435,"ch25h/sema3fa/cxcr4a/cxcl18b",4
"GO:0042330","taxis","4/676","214/18773",0.0186915887850467,0.519078692694796,-1.36750507687989,0.952182798981872,0.987672527502918,0.874972292058435,"ch25h/sema3fa/cxcr4a/cxcl18b",4
"GO:0071805","potassium ion transmembrane transport","3/676","174/18773",0.0172413793103448,0.478805345847786,-1.33491959190732,0.952459061502034,0.987672527502918,0.874972292058435,"kcnq1.1/kcnh3/kcnh5a",3
"GO:0055082","intracellular chemical homeostasis","5/676","253/18773",0.0197628458498024,0.548828262038964,-1.39639081647387,0.952619045039116,0.987672527502918,0.874972292058435,"clic2/slc39a7/atp6v0d1/fbxl5/selenok",5
"GO:0031349","positive regulation of defense response","1/676","83/18773",0.0120481927710843,0.33458686818279,-1.17422437230547,0.952673793031576,0.987672527502918,0.874972292058435,"usp4",1
"GO:0006959","humoral immune response","1/676","84/18773",0.0119047619047619,0.330603691180614,-1.18837977460921,0.95438553813113,0.987672527502918,0.874972292058435,"cxcl18b",1
"GO:0007623","circadian rhythm","1/676","84/18773",0.0119047619047619,0.330603691180614,-1.18837977460921,0.95438553813113,0.987672527502918,0.874972292058435,"parp1",1
"GO:0008016","regulation of heart contraction","1/676","84/18773",0.0119047619047619,0.330603691180614,-1.18837977460921,0.95438553813113,0.987672527502918,0.874972292058435,"vdac2",1
"GO:0048915","posterior lateral line system development","1/676","84/18773",0.0119047619047619,0.330603691180614,-1.18837977460921,0.95438553813113,0.987672527502918,0.874972292058435,"epcam",1
"GO:0007416","synapse assembly","1/676","85/18773",0.0117647058823529,0.326714235990254,-1.20241063691291,0.956035459273157,0.988395046744822,0.875612366880343,"ctbp2a",1
"GO:0048638","regulation of developmental growth","1/676","85/18773",0.0117647058823529,0.326714235990254,-1.20241063691291,0.956035459273157,0.988395046744822,0.875612366880343,"cebpd",1
"GO:0042391","regulation of membrane potential","3/676","178/18773",0.0168539325842697,0.468045675154578,-1.37819789244992,0.957361053756129,0.988563000958642,0.875761156362013,"kcnq1.1/kcnh3/kcnh5a",3
"GO:0016051","carbohydrate biosynthetic process","1/676","86/18773",0.0116279069767442,0.322915233246181,-1.21631987529408,0.957625786195854,0.988563000958642,0.875761156362013,"ndst1b",1
"GO:0098661","inorganic anion transmembrane transport","1/676","86/18773",0.0116279069767442,0.322915233246181,-1.21631987529408,0.957625786195854,0.988563000958642,0.875761156362013,"clic2",1
"GO:0060284","regulation of cell development","5/676","259/18773",0.0193050193050193,0.536114093806402,-1.45290178673858,0.958778106115103,0.988671242745163,0.875857047015455,"swap70b/tp53/ctbp2a/lama1/clec14a",5
"GO:0048675","axon extension","1/676","87/18773",0.0114942528735632,0.319203563898524,-1.23011030065639,0.95915866833486,0.988671242745163,0.875857047015455,"col6a3",1
"GO:0048881","mechanosensory lateral line system development","1/676","87/18773",0.0114942528735632,0.319203563898524,-1.23011030065639,0.95915866833486,0.988671242745163,0.875857047015455,"epcam",1
"GO:0048884","neuromast development","1/676","88/18773",0.0113636363636364,0.315576250672405,-1.24378462376712,0.960636177711164,0.989703046183576,0.87677111457765,"atp6v0d1",1
"GO:0055074","calcium ion homeostasis","2/676","139/18773",0.0143884892086331,0.399578562002469,-1.37320656932044,0.962637037402096,0.990128813586851,0.877148298988833,"clic2/selenok",2
"GO:0007160","cell-matrix adhesion","1/676","90/18773",0.0111111111111111,0.308563445101907,-1.27079533378005,0.963432995791538,0.990128813586851,0.877148298988833,"thy1",1
"GO:0009581","detection of external stimulus","1/676","90/18773",0.0111111111111111,0.308563445101907,-1.27079533378005,0.963432995791538,0.990128813586851,0.877148298988833,"opn1sw2",1
"GO:0009582","detection of abiotic stimulus","1/676","90/18773",0.0111111111111111,0.308563445101907,-1.27079533378005,0.963432995791538,0.990128813586851,0.877148298988833,"opn1sw2",1
"GO:0009615","response to virus","1/676","90/18773",0.0111111111111111,0.308563445101907,-1.27079533378005,0.963432995791538,0.990128813586851,0.877148298988833,"ch25h",1
"GO:0043408","regulation of MAPK cascade","4/676","227/18773",0.0176211453744493,0.489351719104345,-1.49601174318379,0.965490076480649,0.991563574167635,0.878419343509123,"fgfr4/dusp8a/dusp19b/rassf2a",4
"GO:0048925","lateral line system development","2/676","142/18773",0.0140845070422535,0.391136761396783,-1.40757378626786,0.965947090890903,0.991563574167635,0.878419343509123,"epcam/atp6v0d1",2
"GO:1905039","carboxylic acid transmembrane transport","1/676","93/18773",0.010752688172043,0.29860978558249,-1.31050314740343,0.967260577398348,0.991563574167635,0.878419343509123,"slc7a3a",1
"GO:0019318","hexose metabolic process","1/676","94/18773",0.0106382978723404,0.295433085735868,-1.32353273926516,0.968445365925046,0.991563574167635,0.878419343509123,"pfkfb1",1
"GO:0006650","glycerophospholipid metabolic process","3/676","189/18773",0.0158730158730159,0.440804921574152,-1.49330999420146,0.968510048597739,0.991563574167635,0.878419343509123,"pigb/dpm2/pisd",3
"GO:0046486","glycerolipid metabolic process","4/676","231/18773",0.0173160173160173,0.480878096262712,-1.53434274070103,0.96883427718087,0.991563574167635,0.878419343509123,"pigb/slc7a3a/dpm2/pisd",4
"GO:1903825","organic acid transmembrane transport","1/676","95/18773",0.0105263157894737,0.292323263780754,-1.33646276589606,0.9695873399405,0.991563574167635,0.878419343509123,"slc7a3a",1
"GO:0043410","positive regulation of MAPK cascade","2/676","146/18773",0.0136986301369863,0.380420685742077,-1.45253701323097,0.969924471028689,0.991563574167635,0.878419343509123,"fgfr4/rassf2a",2
"GO:0097529","myeloid leukocyte migration","1/676","96/18773",0.0104166666666667,0.289278229783037,-1.34929528653818,0.970688044416366,0.991563574167635,0.878419343509123,"cxcl18b",1
"GO:0098659","inorganic cation import across plasma membrane","1/676","96/18773",0.0104166666666667,0.289278229783037,-1.34929528653818,0.970688044416366,0.991563574167635,0.878419343509123,"kcnh3",1
"GO:0099587","inorganic ion import across plasma membrane","1/676","96/18773",0.0104166666666667,0.289278229783037,-1.34929528653818,0.970688044416366,0.991563574167635,0.878419343509123,"kcnh3",1
"GO:0006813","potassium ion transport","3/676","192/18773",0.015625,0.433917344674556,-1.52377641967043,0.97103529603128,0.991563574167635,0.878419343509123,"kcnq1.1/kcnh3/kcnh5a",3
"GO:0050808","synapse organization","3/676","192/18773",0.015625,0.433917344674556,-1.52377641967043,0.97103529603128,0.991563574167635,0.878419343509123,"mesd/ctbp2a/syn2b",3
"GO:0002684","positive regulation of immune system process","4/676","240/18773",0.0166666666666667,0.46284516765286,-1.61866722299126,0.975284655326127,0.995192166504317,0.881633888477585,"adam8a/tec/usp4/socs1a",4
"GO:0006821","chloride transport","1/676","101/18773",0.0099009900990099,0.274957525338333,-1.41206290548107,0.975622810926636,0.995192166504317,0.881633888477585,"clic2",1
"GO:0005996","monosaccharide metabolic process","1/676","102/18773",0.00980392156862745,0.272261863325212,-1.42435012625191,0.976505361259412,0.995192166504317,0.881633888477585,"pfkfb1",1
"GO:1903522","regulation of blood circulation","1/676","102/18773",0.00980392156862745,0.272261863325212,-1.42435012625191,0.976505361259412,0.995192166504317,0.881633888477585,"vdac2",1
"GO:0099536","synaptic signaling","8/676","402/18773",0.0199004975124378,0.552650946451176,-1.75234041883695,0.978588087422424,0.996622692371328,0.882901181494099,"rap1b/dytn/rims2b/rap1aa/pxk/snap25a/syn2b/cacnb1",8
"GO:0032103","positive regulation of response to external stimulus","1/676","105/18773",0.00952380952380952,0.264482952944491,-1.46070939907145,0.978966140623797,0.996622692371328,0.882901181494099,"usp4",1
"GO:0031047","regulatory ncRNA-mediated gene silencing","2/676","158/18773",0.0126582278481013,0.351527975432552,-1.58202592417622,0.979348538820357,0.996622692371328,0.882901181494099,"ncbp2/cnot9",2
"GO:0044272","sulfur compound biosynthetic process","1/676","107/18773",0.00934579439252336,0.259539346347398,-1.4845457011416,0.980461942095707,0.996796775013709,0.883055400108438,"ndst1b",1
"GO:0050865","regulation of cell activation","1/676","108/18773",0.00925925925925926,0.257136204251589,-1.4963472892681,0.981169524177744,0.996796775013709,0.883055400108438,"si:ch211-156j16.1",1
"GO:0051240","positive regulation of multicellular organismal process","5/676","292/18773",0.0171232876712329,0.475525857177596,-1.74573412564756,0.981373989175465,0.996796775013709,0.883055400108438,"mydgf/swap70b/rack1/clec14a/basp1",5
"GO:0007409","axonogenesis","9/676","446/18773",0.0201793721973094,0.560395494467588,-1.81597222536253,0.981439289794432,0.996796775013709,0.883055400108438,"appa/pitpnaa/sema3fa/agrn/elavl4/lama1/slbp/col6a3/clec14a",9
"GO:0031667","response to nutrient levels","1/676","110/18773",0.00909090909090909,0.252461000537924,-1.51972426237271,0.982508845543308,0.997052896848626,0.883282296678609,"nupr1b",1
"GO:0002682","regulation of immune system process","8/676","412/18773",0.0194174757281553,0.539237088527604,-1.82769314977155,0.982709308393811,0.997052896848626,0.883282296678609,"adam8a/parp1/tlx1/gch1/tec/card11/usp4/socs1a",8
"GO:0050778","positive regulation of immune response","2/676","165/18773",0.0121212121212121,0.336614667383898,-1.65418209638983,0.983450161756726,0.997052896848626,0.883282296678609,"tec/usp4",2
"GO:0098609","cell-cell adhesion","9/676","452/18773",0.0199115044247788,0.552956616222443,-1.85938631102123,0.983611644507864,0.997052896848626,0.883282296678609,"adam8a/cfl1/si:ch211-156j16.1/epcam/rab5c/dchs1b/vezt/jam3b/lrrc7",9
"GO:0008284","positive regulation of cell population proliferation","2/676","167/18773",0.0119760479041916,0.332583354002055,-1.67438023571389,0.984468826545793,0.997248013706467,0.883455149359605,"mydgf/slc35f6",2
"GO:0007033","vacuole organization","1/676","114/18773",0.0087719298245614,0.243602719817295,-1.56560979380381,0.9849088498136,0.997248013706467,0.883455149359605,"snx4",1
"GO:0045216","cell-cell junction organization","1/676","115/18773",0.00869565217391304,0.241484435297144,-1.57690743290775,0.985455589592045,0.997248013706467,0.883455149359605,"rasip1",1
"GO:0006865","amino acid transport","1/676","117/18773",0.00854700854700855,0.237356496232236,-1.59930231964556,0.986490444653837,0.997248013706467,0.883455149359605,"slc7a3a",1
"GO:0000165","MAPK cascade","4/676","265/18773",0.0150943396226415,0.419180529195043,-1.84038924180535,0.987241774171216,0.997248013706467,0.883455149359605,"fgfr4/dusp8a/dusp19b/rassf2a",4
"GO:0007268","chemical synaptic transmission","7/676","389/18773",0.0179948586118252,0.499730001064784,-1.9270127212199,0.98773465514204,0.997248013706467,0.883455149359605,"rap1b/rims2b/rap1aa/pxk/snap25a/syn2b/cacnb1",7
"GO:0098916","anterograde trans-synaptic signaling","7/676","389/18773",0.0179948586118252,0.499730001064784,-1.9270127212199,0.98773465514204,0.997248013706467,0.883455149359605,"rap1b/rims2b/rap1aa/pxk/snap25a/syn2b/cacnb1",7
"GO:0099537","trans-synaptic signaling","7/676","390/18773",0.0179487179487179,0.498448642087695,-1.93448269033738,0.98801382857996,0.997248013706467,0.883455149359605,"rap1b/rims2b/rap1aa/pxk/snap25a/syn2b/cacnb1",7
"GO:0031589","cell-substrate adhesion","1/676","122/18773",0.00819672131147541,0.227628770976816,-1.65417049321336,0.988767198800307,0.997248013706467,0.883455149359605,"thy1",1
"GO:0051056","regulation of small GTPase mediated signal transduction","1/676","122/18773",0.00819672131147541,0.227628770976816,-1.65417049321336,0.988767198800307,0.997248013706467,0.883455149359605,"rasip1",1
"GO:0015698","inorganic anion transport","1/676","125/18773",0.008,0.222165680473373,-1.68636393197963,0.98994491430474,0.997248013706467,0.883455149359605,"clic2",1
"GO:0030258","lipid modification","1/676","125/18773",0.008,0.222165680473373,-1.68636393197963,0.98994491430474,0.997248013706467,0.883455149359605,"acat1",1
"GO:0007188","adenylate cyclase-modulating G protein-coupled receptor signaling pathway","3/676","231/18773",0.012987012987013,0.360658572197034,-1.88966959690329,0.990531215932118,0.997248013706467,0.883455149359605,"vipr2/chga/ghrhrb",3
"GO:0034330","cell junction organization","5/676","323/18773",0.0154798761609907,0.429887152618755,-1.99751123792765,0.99150352877456,0.997248013706467,0.883455149359605,"mesd/ctbp2a/rasip1/syn2b/thy1",5
"GO:0034329","cell junction assembly","2/676","186/18773",0.010752688172043,0.29860978558249,-1.85796210821431,0.991552119174747,0.997248013706467,0.883455149359605,"ctbp2a/thy1",2
"GO:0007411","axon guidance","4/676","282/18773",0.0141843971631206,0.393910780981157,-1.98201182555995,0.991966488357035,0.997248013706467,0.883455149359605,"sema3fa/lama1/slbp/col6a3",4
"GO:0097485","neuron projection guidance","4/676","282/18773",0.0141843971631206,0.393910780981157,-1.98201182555995,0.991966488357035,0.997248013706467,0.883455149359605,"sema3fa/lama1/slbp/col6a3",4
"GO:0048667","cell morphogenesis involved in neuron differentiation","9/676","489/18773",0.0184049079754601,0.511117363052238,-2.11713603422139,0.992588690865216,0.997390764841342,0.883581611607159,"appa/pitpnaa/sema3fa/agrn/elavl4/lama1/slbp/col6a3/clec14a",9
"GO:0061564","axon development","9/676","500/18773",0.018,0.499872781065089,-2.190715060225,0.994193578348205,0.997997416769413,0.884119040373481,"appa/pitpnaa/sema3fa/agrn/elavl4/lama1/slbp/col6a3/clec14a",9
"GO:0098742","cell-cell adhesion via plasma-membrane adhesion molecules","2/676","198/18773",0.0101010101010101,0.280512222819915,-1.96705694166004,0.994275594211253,0.997997416769413,0.884119040373481,"cfl1/dchs1b",2
"GO:0007608","sensory perception of smell","1/676","142/18773",0.00704225352112676,0.195568380698392,-1.859689973682,0.994633920420166,0.997997416769413,0.884119040373481,"nxnl2",1
"GO:0007189","adenylate cyclase-activating G protein-coupled receptor signaling pathway","1/676","147/18773",0.00680272108843537,0.188916394960351,-1.90805029577027,0.995539386961894,0.998423615026486,0.884496606475077,"chga",1
"GO:0044057","regulation of system process","1/676","153/18773",0.0065359477124183,0.181507908883475,-1.96469749726099,0.996426856147223,0.998831361108968,0.884857825922244,"vdac2",1
"GO:0007606","sensory perception of chemical stimulus","1/676","158/18773",0.00632911392405063,0.175763987716276,-2.0108234274906,0.997030115003344,0.998833053538271,0.884859325233712,"nxnl2",1
"GO:0006814","sodium ion transport","1/676","165/18773",0.00606060606060606,0.168307333691949,-2.07386423947611,0.997707720920836,0.998833053538271,0.884859325233712,"slc5a2",1
"GO:0007156","homophilic cell adhesion via plasma membrane adhesion molecules","1/676","167/18773",0.00598802395209581,0.166291677001028,-2.09156416273134,0.997871249923887,0.998833053538271,0.884859325233712,"dchs1b",1
"GO:0051606","detection of stimulus","1/676","232/18773",0.00431034482758621,0.119701336461947,-2.60755084501004,0.99980876709043,0.999950376492181,0.88584915394589,"opn1sw2",1
"GO:0007600","sensory perception","3/676","399/18773",0.0075187969924812,0.208802331271967,-3.08741434944331,0.999950376492181,0.999950376492181,0.88584915394589,"nxnl2/opn1sw2/rp1l1a",3
