"ID","Description","GeneRatio","BgRatio","RichFactor","FoldEnrichment","zScore","pvalue","p.adjust","qvalue","geneID","Count"
"GO:0016071","mRNA metabolic process","178/2534","474/18773",0.375527426160338,2.78207433753276,15.5231639962428,1.46007979391362e-40,4.20356972667732e-37,3.69938111994746e-37,"hnrnpa0b/snrpg/hnrnpa1b/dkc1/cirbpa/hnrpkl/etf1b/safb/syncrip/hnrnpa0a/khdrbs1b/ddx39ab/puf60a/snrpd3l/snu13b/srsf2a/magoh/sf3a2/snrpb/prpf39/papolg/snrpd1/exosc9/snrpd2/edc4/pqbp1/ptbp1a/hnrnpl/dhx38/snrpe/prpf19/cpsf1/ddx23/sart3/prpf40a/rbm4.3/sf3a1/qki2/srsf7a/hnrnpul1/prpf6/lsm7/prpf8/larp1b/srrm1/sf3a3/rbm4.2/puf60b/prpf31/lsm8/igf2bp3/dhx9/hnrnpl2/rbm39b/ddx39aa/sf3b6/hnrnpub/srsf10b/nbas/lsm4/sf3b2/fip1l1b/luc7l/txnl4a/clns1a/cnot3a/celf1/sf3b5/wtap/srsf9/aar2/rc3h2/dhx16/lsm5/rbm8a/exosc10/srpk1b/exosc2/srsf1b/zgc:158803/hnrnpua/sltm/rbmx2/bcas2/fmr1/gpkow/tdrd3/tnrc6c2/sb:cb81/cnot3b/pum1/usp39/gemin8/celf2/igf2bp1/casc3/cactin/u2af2a/rbfox1/fam50a/yju2/smu1a/fastk/edc3/sfswap/prpf38a/ilf3b/mfap1/phf5a/u2af2b/pde12/smg1/hnrnpk/snrpc/ddx46/isy1/thoc2/supv3l1/cwf19l2/sde2/ptbp3/sf3b4/srsf1a/snrnp70/ddx5/khdc4/ncbp3/eif4a3/dcp2/aqr/cpsf3/zfp36l1a/snrnp200/prmt7/pelo/snrpb2/rbm25b/cpsf6/khdrbs1a/lsm6/cstf2/cnot2/syncripl/tssc4/snrnp27/snrpf/qkia/rbm39a/dbr1/rbmx/rbm15/srrt/slbp/dhx8/prpf38b/snu13a/dhx37/cnot9/srrm2/virma/exosc5/snw1/srsf2b/dhx34/nsrp1/u2af1/srpk1a/pcf11/slu7/snrpd3/xrn2/mrto4/ncbp2/snd1/hnrnpa0l/larp1/rbm6/fxr2",178
"GO:0022613","ribonucleoprotein complex biogenesis","139/2534","319/18773",0.435736677115987,3.2281312705203,15.8551295259433,2.96602723586183e-40,4.2695962060231e-37,3.75748818774706e-37,"rpf2/fbl/nop10/npm1a/ncl/snrpg/wdr43/pwp1/pes/utp3/dkc1/eif5/nsun5/nop56/gar1/mphosph6/abt1/denr/xpo1b/tma16/ebna1bp2/puf60a/utp25/gnl3/ppan/snrpd3l/snu13b/c1qbp/nop2/sf3a2/pin4/prpf39/snrpd1/exosc9/snrpd2/znf593/tsr1/wdr3/snrpe/rrp1/wdr12/ddx18/sart3/trmt112/eif2s2/prpf6/wdr36/prpf8/ddx27/pwp2h/nhp2/ftsj3/esf1/polr1c/utp11/ruvbl1/ddx49/puf60b/prpf31/wdr75/riok2/utp6/imp3/lsm4/wdr18/ngdn/luc7l/wdr55/srfbp1/clns1a/celf1/rexo4/aar2/eif3s10/dcaf13/eif2d/imp4/exosc10/srpk1b/exosc2/zgc:158803/bxdc2/nat10/ddx52/usp39/gemin8/celf2/tarbp2/rrs1/utp15/nvl/u2af2a/yju2/sfswap/rrp15/tfb2m/u2af2b/tsr2/gnl2/noc2l/snrpc/ddx46/isy1/noc4l/eif6/sde2/khdc4/rpf1/ddx10/bud23/snrnp200/nol6/prmt7/znf622/nop16/lsm6/mtrex/tssc4/snrpf/nop14/ltv1/snu13a/ddx28/dhx37/utp23/mcts1/pdcd11/nob1/srpk1a/snrpd3/nup88/mrto4/mak16/pak1ip1/sbds/nom1/eif3jb/utp4/eri1",139
"GO:0008380","RNA splicing","139/2534","320/18773",0.434375,3.21804336029992,15.8084928558167,4.56930409458179e-40,4.38500882943366e-37,3.85905787917838e-37,"hnrnph1l/snrpg/hnrnpa1b/cirbpa/hnrpkl/khdrbs1b/ddx39ab/puf60a/snrpd3l/snu13b/srsf2a/magoh/sf3a2/snrpb/prpf39/snrpd1/snrpd2/pqbp1/ptbp1a/hnrnpl/dhx38/hmga1a/snrpe/prpf19/ddx23/sart3/prpf40a/rbm4.3/sf3a1/qki2/srsf7a/hnrnpul1/prpf6/lsm7/prpf8/tsen34/srrm1/sf3a3/rbm4.2/puf60b/prpf31/lsm8/hnrnpl2/ddx39aa/rtraf/sf3b6/hnrnpub/srsf10b/dyrk1ab/lsm4/sf3b2/luc7l/txnl4a/clns1a/celf1/sf3b5/wtap/srsf9/aar2/dhx16/lsm5/rbm8a/srsf11/srpk1b/srsf1b/zgc:158803/hnrnpua/rbmx2/bcas2/fmr1/gpkow/usp39/gemin8/celf2/casc3/cactin/u2af2a/rbfox1/fam50a/yju2/smu1a/sfswap/prpf38a/ilf3b/mfap1/phf5a/u2af2b/hnrnpk/snrpc/ddx46/isy1/cwf19l2/sde2/ptbp3/sf3b4/srsf1a/snrnp70/ddx5/khdc4/eif4a3/aqr/snrnp200/ints5/prmt7/tsen15/snrpb2/rbm25b/khdrbs1a/lsm6/tssc4/snrnp27/snrpf/qkia/hnrnph3/dbr1/rbmx/rbm15/acin1a/dhx8/prpf38b/snu13a/dyrk1aa/dhx37/virma/snw1/srsf2b/usb1/nsrp1/mbnl1/zc3h10/u2af1/srpk1a/slu7/snrpd3/ncbp2/mbnl3/acin1b/hnrnpa0l/rbm6",139
"GO:0006397","mRNA processing","141/2534","334/18773",0.422155688622754,3.12751726223953,15.4973192924638,6.44655800683729e-39,3.45277303416281e-36,3.0386372070821e-36,"snrpg/hnrnpa1b/cirbpa/hnrpkl/safb/khdrbs1b/ddx39ab/puf60a/snrpd3l/snu13b/srsf2a/magoh/sf3a2/snrpb/prpf39/papolg/snrpd1/snrpd2/pqbp1/ptbp1a/hnrnpl/dhx38/snrpe/prpf19/ddx23/sart3/prpf40a/rbm4.3/sf3a1/qki2/srsf7a/hnrnpul1/prpf6/lsm7/prpf8/srrm1/sf3a3/rbm4.2/puf60b/prpf31/lsm8/dhx9/hnrnpl2/rbm39b/ddx39aa/sf3b6/hnrnpub/srsf10b/lsm4/sf3b2/fip1l1b/luc7l/txnl4a/clns1a/celf1/sf3b5/wtap/srsf9/aar2/dhx16/lsm5/rbm8a/srpk1b/srsf1b/zgc:158803/hnrnpua/sltm/rbmx2/bcas2/fmr1/gpkow/tdrd3/usp39/gemin8/celf2/casc3/cactin/u2af2a/rbfox1/fam50a/yju2/smu1a/sfswap/prpf38a/ilf3b/mfap1/phf5a/u2af2b/hnrnpk/snrpc/ddx46/isy1/thoc2/cwf19l2/sde2/ptbp3/sf3b4/srsf1a/snrnp70/ddx5/khdc4/ncbp3/eif4a3/aqr/cpsf3/snrnp200/prmt7/snrpb2/rbm25b/cpsf6/khdrbs1a/lsm6/cstf2/tssc4/snrnp27/snrpf/qkia/rbm39a/dbr1/rbmx/rbm15/srrt/slbp/dhx8/prpf38b/snu13a/dhx37/srrm2/virma/snw1/srsf2b/nsrp1/u2af1/srpk1a/pcf11/slu7/snrpd3/xrn2/ncbp2/hnrnpa0l/rbm6",141
"GO:0000375","RNA splicing, via transesterification reactions","115/2534","238/18773",0.483193277310924,3.57971088988081,15.8212997033697,8.3950716356859e-39,3.45277303416281e-36,3.0386372070821e-36,"snrpg/hnrnpa1b/cirbpa/hnrpkl/khdrbs1b/ddx39ab/puf60a/snrpd3l/snu13b/srsf2a/magoh/sf3a2/snrpb/prpf39/snrpd1/snrpd2/pqbp1/dhx38/snrpe/prpf19/ddx23/sart3/prpf40a/rbm4.3/sf3a1/qki2/srsf7a/hnrnpul1/prpf6/lsm7/prpf8/srrm1/sf3a3/rbm4.2/puf60b/prpf31/lsm8/ddx39aa/sf3b6/hnrnpub/srsf10b/lsm4/sf3b2/luc7l/txnl4a/clns1a/celf1/sf3b5/wtap/srsf9/aar2/lsm5/rbm8a/srpk1b/srsf1b/zgc:158803/hnrnpua/rbmx2/bcas2/gpkow/usp39/gemin8/celf2/casc3/cactin/u2af2a/rbfox1/fam50a/yju2/smu1a/sfswap/prpf38a/ilf3b/mfap1/phf5a/u2af2b/hnrnpk/snrpc/ddx46/isy1/cwf19l2/sde2/sf3b4/srsf1a/snrnp70/ddx5/khdc4/eif4a3/aqr/snrnp200/prmt7/snrpb2/rbm25b/khdrbs1a/lsm6/tssc4/snrpf/qkia/dbr1/rbmx/rbm15/dhx8/prpf38b/snu13a/dhx37/snw1/srsf2b/nsrp1/u2af1/srpk1a/slu7/snrpd3/ncbp2/hnrnpa0l/rbm6",115
"GO:0000377","RNA splicing, via transesterification reactions with bulged adenosine as nucleophile","115/2534","238/18773",0.483193277310924,3.57971088988081,15.8212997033697,8.3950716356859e-39,3.45277303416281e-36,3.0386372070821e-36,"snrpg/hnrnpa1b/cirbpa/hnrpkl/khdrbs1b/ddx39ab/puf60a/snrpd3l/snu13b/srsf2a/magoh/sf3a2/snrpb/prpf39/snrpd1/snrpd2/pqbp1/dhx38/snrpe/prpf19/ddx23/sart3/prpf40a/rbm4.3/sf3a1/qki2/srsf7a/hnrnpul1/prpf6/lsm7/prpf8/srrm1/sf3a3/rbm4.2/puf60b/prpf31/lsm8/ddx39aa/sf3b6/hnrnpub/srsf10b/lsm4/sf3b2/luc7l/txnl4a/clns1a/celf1/sf3b5/wtap/srsf9/aar2/lsm5/rbm8a/srpk1b/srsf1b/zgc:158803/hnrnpua/rbmx2/bcas2/gpkow/usp39/gemin8/celf2/casc3/cactin/u2af2a/rbfox1/fam50a/yju2/smu1a/sfswap/prpf38a/ilf3b/mfap1/phf5a/u2af2b/hnrnpk/snrpc/ddx46/isy1/cwf19l2/sde2/sf3b4/srsf1a/snrnp70/ddx5/khdc4/eif4a3/aqr/snrnp200/prmt7/snrpb2/rbm25b/khdrbs1a/lsm6/tssc4/snrpf/qkia/dbr1/rbmx/rbm15/dhx8/prpf38b/snu13a/dhx37/snw1/srsf2b/nsrp1/u2af1/srpk1a/slu7/snrpd3/ncbp2/hnrnpa0l/rbm6",115
"GO:0000398","mRNA splicing, via spliceosome","115/2534","238/18773",0.483193277310924,3.57971088988081,15.8212997033697,8.3950716356859e-39,3.45277303416281e-36,3.0386372070821e-36,"snrpg/hnrnpa1b/cirbpa/hnrpkl/khdrbs1b/ddx39ab/puf60a/snrpd3l/snu13b/srsf2a/magoh/sf3a2/snrpb/prpf39/snrpd1/snrpd2/pqbp1/dhx38/snrpe/prpf19/ddx23/sart3/prpf40a/rbm4.3/sf3a1/qki2/srsf7a/hnrnpul1/prpf6/lsm7/prpf8/srrm1/sf3a3/rbm4.2/puf60b/prpf31/lsm8/ddx39aa/sf3b6/hnrnpub/srsf10b/lsm4/sf3b2/luc7l/txnl4a/clns1a/celf1/sf3b5/wtap/srsf9/aar2/lsm5/rbm8a/srpk1b/srsf1b/zgc:158803/hnrnpua/rbmx2/bcas2/gpkow/usp39/gemin8/celf2/casc3/cactin/u2af2a/rbfox1/fam50a/yju2/smu1a/sfswap/prpf38a/ilf3b/mfap1/phf5a/u2af2b/hnrnpk/snrpc/ddx46/isy1/cwf19l2/sde2/sf3b4/srsf1a/snrnp70/ddx5/khdc4/eif4a3/aqr/snrnp200/prmt7/snrpb2/rbm25b/khdrbs1a/lsm6/tssc4/snrpf/qkia/dbr1/rbmx/rbm15/dhx8/prpf38b/snu13a/dhx37/snw1/srsf2b/nsrp1/u2af1/srpk1a/slu7/snrpd3/ncbp2/hnrnpa0l/rbm6",115
"GO:0016072","rRNA metabolic process","83/2534","179/18773",0.463687150837989,3.43520082189486,12.9316464039389,9.17356076449775e-27,3.30133518012363e-24,2.90536325791396e-24,"rpf2/fbl/nop10/ncl/wdr43/pwp1/pes/utp3/dkc1/nsun5/nop56/gar1/mphosph6/abt1/ebna1bp2/utp25/gnl3/ppan/snu13b/chd7/nop2/pin4/exosc9/tsr1/wdr3/rrp1/wdr12/ddx18/trmt112/wdr36/ddx27/pwp2h/nhp2/ftsj3/esf1/utp11/polr2eb/ddx49/wdr75/riok2/utp6/imp3/wdr18/ngdn/wdr55/srfbp1/rexo4/dcaf13/imp4/exosc10/exosc2/bxdc2/polr1e/nat10/ddx52/rrs1/utp15/rrp15/tfb2m/tsr2/gnl2/eif6/sde2/rpf1/ddx10/bud23/nol6/pelo/lsm6/mtrex/ltv1/rnaset2/snu13a/dhx37/utp23/exosc5/pdcd11/nob1/mrto4/mak16/pak1ip1/utp4/eri1",83
"GO:0006364","rRNA processing","77/2534","161/18773",0.478260869565217,3.54316941765897,12.8017884340463,5.19094307842702e-26,1.66052501364349e-23,1.46135672395016e-23,"rpf2/fbl/nop10/ncl/wdr43/pwp1/pes/utp3/dkc1/nsun5/nop56/gar1/mphosph6/abt1/ebna1bp2/utp25/gnl3/ppan/snu13b/nop2/pin4/exosc9/tsr1/wdr3/rrp1/wdr12/ddx18/trmt112/wdr36/ddx27/pwp2h/nhp2/ftsj3/esf1/utp11/ddx49/wdr75/riok2/utp6/imp3/wdr18/ngdn/wdr55/srfbp1/rexo4/dcaf13/imp4/exosc10/exosc2/bxdc2/nat10/ddx52/rrs1/utp15/rrp15/tfb2m/tsr2/gnl2/eif6/sde2/rpf1/ddx10/bud23/nol6/lsm6/mtrex/ltv1/snu13a/dhx37/utp23/pdcd11/nob1/mrto4/mak16/pak1ip1/utp4/eri1",77
"GO:0042254","ribosome biogenesis","93/2534","226/18773",0.411504424778761,3.04860795831558,12.2392604392347,4.73703336149711e-25,1.36379190477502e-22,1.20021466327616e-22,"rpf2/fbl/nop10/npm1a/ncl/wdr43/pwp1/pes/utp3/dkc1/nsun5/nop56/gar1/mphosph6/abt1/xpo1b/tma16/ebna1bp2/utp25/gnl3/ppan/snu13b/c1qbp/nop2/pin4/exosc9/znf593/tsr1/wdr3/rrp1/wdr12/ddx18/trmt112/wdr36/ddx27/pwp2h/nhp2/ftsj3/esf1/polr1c/utp11/ddx49/wdr75/riok2/utp6/imp3/wdr18/ngdn/wdr55/srfbp1/rexo4/dcaf13/imp4/exosc10/exosc2/bxdc2/nat10/ddx52/rrs1/utp15/nvl/rrp15/tfb2m/tsr2/gnl2/noc2l/noc4l/eif6/sde2/rpf1/ddx10/bud23/nol6/znf622/nop16/lsm6/mtrex/nop14/ltv1/snu13a/ddx28/dhx37/utp23/pdcd11/nob1/nup88/mrto4/mak16/pak1ip1/sbds/nom1/utp4/eri1",93
"GO:0006325","chromatin organization","113/2534","375/18773",0.301333333333333,2.23241147066561,9.52280728690567,2.18555821940099e-17,5.72020192150497e-15,5.03410395607483e-15,"seta/setb/npm1a/h2az2b/hcfc1a/h2az2a/ehmt1a/ddx39ab/hmgn3/anp32e/chd7/smarca5/apex1/hdgfl2/kdm1a/rbbp4/hells/psip1b/nasp/cbx5/zgc:110425/sart3/hmgn2/hmgn7/baz1b/h1-10/rbb4l/chd4b/lmnb1/kmt2d/cbx3a/ruvbl1/ssrp1a/dnmt1/smarcad1a/setdb1a/uhrf1/nsd2/rnf8/prmt1/phf2/eed/h2ax/chd1/mtf2/smarca4a/lmnb2/mysm1/hcfc1b/atrxl/mbd3b/ing4/tdrd3/dek/pole3/setd1ba/fam50a/eny2/nap1l1/nap1l4a/hdac9b/setd2/setdb1b/riox1/znf644a/dnajc2/ash1l/rbl1/kdm5ba/brd4/nr3c1/kdm7ab/glyr1/prmt7/atad2b/si:dkey-108k21.21/kansl3/tet3/rnf40/supt4h1/atrx/actl6a/ino80/ing1/banf1/smarcb1a/dnmt3bb.1/hdac6/znhit1/arid1aa/cbx1a/kdm2ab/kdm7aa/chd2/setd1a/hdac1/jarid2b/tada2a/yeats4/psip1a/lrwd1/nsd1b/mis18a/kmt2e/prdm9/kmt2ca/npm3/brd3a/vps72a/chaf1a/ing5a/tet1/setd7",113
"GO:0071826","protein-RNA complex organization","55/2534","126/18773",0.436507936507937,3.2338451034189,9.93831550282894,9.7364137339068e-17,2.33592792832647e-14,2.0557498120626e-14,"rpf2/snrpg/eif5/abt1/denr/puf60a/snrpd3l/sf3a2/prpf39/snrpd1/snrpd2/snrpe/sart3/eif2s2/prpf6/prpf8/pwp2h/ruvbl1/puf60b/prpf31/lsm4/luc7l/clns1a/celf1/aar2/eif3s10/eif2d/zfand1/srpk1b/zgc:158803/bxdc2/usp39/gemin8/celf2/tarbp2/u2af2a/yju2/sfswap/u2af2b/snrpc/ddx46/isy1/eif6/khdc4/snrnp200/prmt7/tssc4/snrpf/dyrk3/ddx28/mcts1/srpk1a/snrpd3/mrto4/eif3jb",55
"GO:0022618","protein-RNA complex assembly","53/2534","122/18773",0.434426229508197,3.21842289130125,9.71073559784219,4.50768023151614e-16,9.98277798964228e-14,8.78541402207235e-14,"rpf2/snrpg/eif5/abt1/denr/puf60a/snrpd3l/sf3a2/prpf39/snrpd1/snrpd2/snrpe/sart3/eif2s2/prpf6/prpf8/pwp2h/ruvbl1/puf60b/prpf31/lsm4/luc7l/clns1a/celf1/aar2/eif3s10/eif2d/srpk1b/zgc:158803/bxdc2/usp39/gemin8/celf2/tarbp2/u2af2a/yju2/sfswap/u2af2b/snrpc/ddx46/isy1/eif6/khdc4/snrnp200/prmt7/tssc4/snrpf/ddx28/mcts1/srpk1a/snrpd3/mrto4/eif3jb",53
"GO:0033365","protein localization to organelle","101/2534","342/18773",0.295321637426901,2.18787415130829,8.75765782399102,4.82702953223949e-15,9.92644144522679e-13,8.7358346496996e-13,"hspd1/ssr3/tmem147/pam16/dnajc19/timm23a/timm10/mapre1a/m6pr/tram1/tomm70a/arl1/nup107/kdelr2b/ncln/utp25/maip1/snupn/hikeshi/myo7aa/lamtor4/tomm40/srp68/tomm40l/scarb2a/srpra/vcp/washc2c/emc10/lmnb1/vps28/nup62l/grpel1/nedd1/ccdc47/bcap31/ipo11/rcc2/kpnb3/nf2b/rer1/get4/bcs1l/nup93/nup50/emc4/gas8/msna/emc6/timm17a/agk/lmnb2/ap3d1/spcs3/sgta/spcs2/rab41/lztfl1/sec63/kdelr3/neurl1b/srp9/mib1/vps13a/nipblb/gnptab/tmco1/timm13/nol8/camlg/pex19/kdelr2a/timm29/ptpn23a/srp72/mmgt1/zgc:162200/tprb/immp2l/vps37a/pex26/vps36/terfa/srp54/mapre2/ipo4/bbip1/ddrgk1/nup98/insig1/oxa1l/lrwd1/ipo9/nup155/nup88/emc3/nutf2l/srprb/nipbla/pik3r4/nup35",101
"GO:0006403","RNA localization","41/2534","85/18773",0.482352941176471,3.5734853057245,9.39352682904484,1.15569907207725e-14,2.21817175234027e-12,1.9521176606947e-12,"nup107/ddx39ab/alyref/magoh/snupn/seh1l/phax/qki2/nup62l/igf2bp3/ddx39aa/nxt2/nup93/nup50/rbm8a/xpot/fmr1/pum1/eif4eb/igf2bp1/casc3/eny2/thoc2/kif1b/ncbp3/mcm3ap/eif4a3/nol6/tprb/sem1/cpsf6/pcid2/qkia/slbp/nup98/nup155/nup88/ncbp2/nutf2l/nup35/fxr2",41
"GO:0050657","nucleic acid transport","39/2534","79/18773",0.493670886075949,3.6573336796779,9.3494799697493,1.93587020588236e-14,3.09631684596407e-12,2.72493543015137e-12,"nup107/ddx39ab/alyref/magoh/snupn/seh1l/phax/qki2/nup62l/igf2bp3/ddx39aa/nxt2/nup93/nup50/rbm8a/xpot/fmr1/eif4eb/igf2bp1/casc3/eny2/thoc2/ncbp3/mcm3ap/eif4a3/nol6/tprb/sem1/cpsf6/pcid2/qkia/slbp/nup98/nup155/nup88/ncbp2/nutf2l/nup35/fxr2",39
"GO:0050658","RNA transport","39/2534","79/18773",0.493670886075949,3.6573336796779,9.3494799697493,1.93587020588236e-14,3.09631684596407e-12,2.72493543015137e-12,"nup107/ddx39ab/alyref/magoh/snupn/seh1l/phax/qki2/nup62l/igf2bp3/ddx39aa/nxt2/nup93/nup50/rbm8a/xpot/fmr1/eif4eb/igf2bp1/casc3/eny2/thoc2/ncbp3/mcm3ap/eif4a3/nol6/tprb/sem1/cpsf6/pcid2/qkia/slbp/nup98/nup155/nup88/ncbp2/nutf2l/nup35/fxr2",39
"GO:0051236","establishment of RNA localization","39/2534","79/18773",0.493670886075949,3.6573336796779,9.3494799697493,1.93587020588236e-14,3.09631684596407e-12,2.72493543015137e-12,"nup107/ddx39ab/alyref/magoh/snupn/seh1l/phax/qki2/nup62l/igf2bp3/ddx39aa/nxt2/nup93/nup50/rbm8a/xpot/fmr1/eif4eb/igf2bp1/casc3/eny2/thoc2/ncbp3/mcm3ap/eif4a3/nol6/tprb/sem1/cpsf6/pcid2/qkia/slbp/nup98/nup155/nup88/ncbp2/nutf2l/nup35/fxr2",39
"GO:0048193","Golgi vesicle transport","63/2534","186/18773",0.338709677419355,2.50931206558546,8.1716508757012,9.43772460282917e-13,1.43006363850238e-10,1.25853756892021e-10,"tmed9/uso1/tmed2/golt1bb/yipf5/sar1b/copb1/lman1/exoc1/rabif/pef1/exoc2/snx12/mia3/tmed10/bcap31/ap1ar/nbas/rer1/snx3/lman2/rab14/ykt6/cog4/ap3d1/cope/copg2/copz1/nsfb/rab41/tmed3/golga7/kdelr3/mia2/tmed7/arcn1b/copb2/trappc5/gosr2/kdelr2a/bet1/trappc2l/bet1l/sec22ba/sec22a/trappc2/vps54/exoc6b/rint1/stx5a/trappc6b/cux1b/yipf6/tfg/tex261/ccdc93/golga4/ergic2/rabggtb/sec23a/trappc10/rab34a/ergic3",63
"GO:0006338","chromatin remodeling","81/2534","273/18773",0.296703296703297,2.19811009826795,7.87718644843316,1.88164695690103e-12,2.70863079445904e-10,2.38374959224252e-10,"seta/setb/npm1a/h2az2b/hcfc1a/h2az2a/ehmt1a/ddx39ab/chd7/smarca5/apex1/hdgfl2/kdm1a/rbbp4/hells/psip1b/nasp/cbx5/zgc:110425/sart3/baz1b/h1-10/rbb4l/chd4b/lmnb1/cbx3a/ruvbl1/dnmt1/setdb1a/uhrf1/rnf8/prmt1/phf2/eed/h2ax/chd1/mtf2/smarca4a/lmnb2/mysm1/hcfc1b/atrxl/mbd3b/pole3/nap1l1/nap1l4a/setd2/setdb1b/znf644a/kdm5ba/brd4/kdm7ab/glyr1/prmt7/atad2b/si:dkey-108k21.21/tet3/supt4h1/atrx/actl6a/ino80/smarcb1a/dnmt3bb.1/hdac6/znhit1/arid1aa/cbx1a/kdm7aa/chd2/hdac1/jarid2b/tada2a/yeats4/psip1a/nsd1b/mis18a/npm3/brd3a/vps72a/chaf1a/tet1",81
"GO:0051028","mRNA transport","33/2534","67/18773",0.492537313432836,3.64893566893237,8.5801975037472,2.12952199680373e-12,2.91947325180854e-10,2.5693029806048e-10,"nup107/ddx39ab/alyref/magoh/seh1l/qki2/igf2bp3/ddx39aa/nxt2/nup93/nup50/rbm8a/fmr1/eif4eb/igf2bp1/casc3/eny2/thoc2/ncbp3/mcm3ap/eif4a3/tprb/sem1/pcid2/qkia/slbp/nup98/nup155/nup88/ncbp2/nutf2l/nup35/fxr2",33
"GO:0072594","establishment of protein localization to organelle","62/2534","189/18773",0.328042328042328,2.43028359287239,7.80660845469398,6.90663727007885e-12,9.03827668207137e-10,7.95419899955971e-10,"hspd1/ssr3/pam16/dnajc19/timm23a/timm10/m6pr/tram1/tomm70a/nup107/maip1/snupn/hikeshi/tomm40/srp68/tomm40l/scarb2a/srpra/vps28/nup62l/grpel1/ipo11/kpnb3/bcs1l/nup93/nup50/timm17a/agk/ap3d1/spcs3/sgta/spcs2/sec63/neurl1b/srp9/mib1/vps13a/nipblb/gnptab/timm13/pex19/timm29/ptpn23a/srp72/tprb/immp2l/vps37a/pex26/vps36/srp54/ipo4/nup98/oxa1l/lrwd1/ipo9/nup155/nup88/nutf2l/srprb/nipbla/pik3r4/nup35",62
"GO:0010498","proteasomal protein catabolic process","91/2534","333/18773",0.273273273273273,2.0245300549168,7.45152732947157,1.36667606008848e-11,1.71072190304119e-09,1.50553284971761e-09,"hsp90b1/calr3b/calr/canx/hspa5/calr3a/nsfl1c/psmd7/psmc5/psma6a/faf2/psmb5/psmb6/psmc6/tmem259/psmc2/psma6b/psmb7/psmd4b/faf1/vcp/psmc3/wwp2/psmc1b/ubr3/psmc4/ube4b/gsk3ab/ivns1abpb/psma3/psme1/klhl18/psma4/psmd8/psmd6/psmd14/psmc1a/skp1/shrprbck1r/usp14/psmb3/ube3d/psmd1/edn1/derl2/trim71/psma5/psme3/cul2/ddb1/styx/derl1/klhl20/dda1/hectd1/cul1a/uggt1/klhl8/csnk1db/uggt2/fem1b/kbtbd2/fzr1b/ankzf1/man1b1a/kbtbd8/appbp2/rnf145b/pcnp/fbxw5/psmf1/anapc5/ercc8/ubxn1/edem1/kctd5a/os9/yod1/fbxo45/psmb4/psma1/hectd3/rmnd5b/anapc11/n4bp1/fbxl4/tmub2/kctd10/fhit/ecpas/anapc4",91
"GO:0043484","regulation of RNA splicing","43/2534","110/18773",0.390909090909091,2.89602855707828,7.87824397275911,1.90109077836518e-11,2.28051681288056e-09,2.0069848699671e-09,"hnrnph1l/cirbpa/hnrpkl/khdrbs1b/puf60a/srsf2a/magoh/ptbp1a/hnrnpl/hmga1a/qki2/srrm1/puf60b/prpf31/hnrnpl2/dyrk1ab/celf1/wtap/rbm8a/usp39/celf2/rbfox1/fam50a/smu1a/hnrnpk/snrpc/ptbp3/eif4a3/ints5/rbm25b/khdrbs1a/qkia/hnrnph3/rbmx/rbm15/dyrk1aa/dhx37/srsf2b/usb1/nsrp1/mbnl1/zc3h10/mbnl3",43
"GO:0019941","modification-dependent protein catabolic process","108/2534","424/18773",0.254716981132075,1.88705678247532,7.29805422669356,2.01985727429238e-11,2.3260676370751e-09,2.04707219335653e-09,"ube2l3b/nsfl1c/psmd7/psmc5/psma6a/ubl7b/ndfip1l/psmb5/psmb6/psmc6/psmc2/psma6b/psmb7/psmd4b/vcp/psmc3/wwp2/psmc1b/ubr3/vps28/psmc4/ubqln4/ube4b/gsk3ab/ivns1abpb/psma3/mylipb/klhl18/uhrf1/psma4/psmd8/psmd6/psmd14/psmc1a/skp1/rnf8/shrprbck1r/usp14/psmb3/nedd8l/ubap1/psmd11b/rc3h2/ube3d/psmd1/edn1/ccdc22/ube3a/trim71/psma5/ube2d1b/uba1/ankib1a/rbx1/psmd11a/cul2/rnf217/ddb1/rnf25/styx/rnf146/ube2l3a/klhl20/dda1/cdc34a/anapc2/cul3b/hectd1/cul1a/klhl8/csnk1db/ptpn23a/uchl3/fem1b/kbtbd2/ubb/fzr1b/cops3/ndfip1/rnf114/kbtbd8/appbp2/rnf145b/pcnp/vps37a/vps36/fbxw5/rnf11a/cul3a/psmf1/anapc5/ercc8/ubxn1/wdr81/kctd5a/fbxo45/psmb4/psma1/hectd3/rmnd5b/anapc11/n4bp1/fbxl4/ppp1r11/rnf6/kctd10/fhit/anapc4",108
"GO:0006511","ubiquitin-dependent protein catabolic process","106/2534","414/18773",0.256038647342995,1.89684827410026,7.28909437899759,2.22452440844198e-11,2.46323298919402e-09,2.16778552676917e-09,"ube2l3b/nsfl1c/psmd7/psmc5/psma6a/ubl7b/ndfip1l/psmb5/psmb6/psmc6/psmc2/psma6b/psmb7/psmd4b/vcp/psmc3/wwp2/psmc1b/ubr3/vps28/psmc4/ubqln4/ube4b/gsk3ab/ivns1abpb/psma3/mylipb/klhl18/uhrf1/psma4/psmd8/psmd6/psmd14/psmc1a/skp1/rnf8/shrprbck1r/usp14/psmb3/ubap1/psmd11b/rc3h2/ube3d/psmd1/edn1/ccdc22/ube3a/trim71/psma5/ube2d1b/uba1/ankib1a/rbx1/psmd11a/cul2/rnf217/ddb1/rnf25/styx/rnf146/ube2l3a/klhl20/dda1/cdc34a/anapc2/cul3b/hectd1/cul1a/klhl8/csnk1db/ptpn23a/uchl3/fem1b/kbtbd2/fzr1b/cops3/ndfip1/rnf114/kbtbd8/appbp2/rnf145b/pcnp/vps37a/vps36/fbxw5/rnf11a/cul3a/psmf1/anapc5/ercc8/ubxn1/wdr81/kctd5a/fbxo45/psmb4/psma1/hectd3/rmnd5b/anapc11/n4bp1/fbxl4/ppp1r11/rnf6/kctd10/fhit/anapc4",106
"GO:0043632","modification-dependent macromolecule catabolic process","108/2534","426/18773",0.253521126760563,1.87819736096135,7.24258054817104,2.74541873146608e-11,2.92742982514476e-09,2.57630521896252e-09,"ube2l3b/nsfl1c/psmd7/psmc5/psma6a/ubl7b/ndfip1l/psmb5/psmb6/psmc6/psmc2/psma6b/psmb7/psmd4b/vcp/psmc3/wwp2/psmc1b/ubr3/vps28/psmc4/ubqln4/ube4b/gsk3ab/ivns1abpb/psma3/mylipb/klhl18/uhrf1/psma4/psmd8/psmd6/psmd14/psmc1a/skp1/rnf8/shrprbck1r/usp14/psmb3/nedd8l/ubap1/psmd11b/rc3h2/ube3d/psmd1/edn1/ccdc22/ube3a/trim71/psma5/ube2d1b/uba1/ankib1a/rbx1/psmd11a/cul2/rnf217/ddb1/rnf25/styx/rnf146/ube2l3a/klhl20/dda1/cdc34a/anapc2/cul3b/hectd1/cul1a/klhl8/csnk1db/ptpn23a/uchl3/fem1b/kbtbd2/ubb/fzr1b/cops3/ndfip1/rnf114/kbtbd8/appbp2/rnf145b/pcnp/vps37a/vps36/fbxw5/rnf11a/cul3a/psmf1/anapc5/ercc8/ubxn1/wdr81/kctd5a/fbxo45/psmb4/psma1/hectd3/rmnd5b/anapc11/n4bp1/fbxl4/ppp1r11/rnf6/kctd10/fhit/anapc4",108
"GO:0006888","endoplasmic reticulum to Golgi vesicle-mediated transport","37/2534","89/18773",0.415730337078652,3.07991539778119,7.76934990805716,5.7531869544292e-11,5.91550901492917e-09,5.20598533808687e-09,"tmed9/uso1/tmed2/golt1bb/yipf5/sar1b/copb1/lman1/pef1/mia3/tmed10/bcap31/lman2/ykt6/cope/copg2/tmed3/mia2/tmed7/arcn1b/copb2/trappc5/bet1/trappc2l/sec22ba/sec22a/trappc2/rint1/stx5a/trappc6b/yipf6/tfg/tex261/ergic2/rabggtb/sec23a/ergic3",37
"GO:0000387","spliceosomal snRNP assembly","18/2534","26/18773",0.692307692307692,5.12892356262522,8.32216964343393,1.10746229839479e-10,1.0994427438202e-08,9.67572323860708e-09,"snrpg/snrpd3l/snrpd1/snrpd2/snrpe/sart3/prpf6/prpf8/prpf31/lsm4/clns1a/aar2/gemin8/snrpc/prmt7/tssc4/snrpf/snrpd3",18
"GO:0006886","intracellular protein transport","99/2534","388/18773",0.255154639175258,1.89029914808094,7.00001451634167,1.25758242423084e-10,1.20685993312019e-08,1.06210557723636e-08,"tmed9/uso1/tomm20a/tmed2/arf5/timm10/m6pr/tram1/tomm70a/arl1/xpo1b/nup107/tomm22/snupn/sar1b/rab5ab/hikeshi/stx4/rab5b/copb1/oaz1a/ranbp3a/scarb2a/srpra/vps35/vcp/vps28/nup62l/tmed10/bcap31/ipo11/kpnb3/rab32a/snx27a/nup93/nup50/ap2a1/ap1s2/rab14/ap3b1a/snapin/ap2s1/agk/arf2a/vps26c/ap3d1/copg2/copz1/rab41/tmed3/rab11a/rabl2/arf1/cfap45/vipas39/tmed7/vps13a/gnptab/vps26a/cltcb/timm13/rab22a/copb2/rab18b/vps29/cltca/pex19/timm29/arl4ab/ptpn23a/wls/xpo7/tprb/exoc6b/appbp2/vps37a/stxbp3/pex26/vps36/oaz1b/stx5a/snx6/srp54/vps18/ipo4/xpo6/nup98/os9/rabl3/sec23a/vps39/ipo9/nup155/nup88/nutf2l/pik3r4/nup35/arfip1/si:ch211-266g18.9",99
"GO:0050684","regulation of mRNA processing","33/2534","76/18773",0.43421052631579,3.21682486603248,7.64946661450639,1.55153720270927e-10,1.40197273679536e-08,1.23381597318749e-08,"cirbpa/hnrpkl/safb/khdrbs1b/puf60a/srsf2a/magoh/qki2/srrm1/puf60b/prpf31/dhx9/celf1/wtap/rbm8a/srpk1b/sltm/celf2/rbfox1/fam50a/smu1a/hnrnpk/snrpc/eif4a3/rbm25b/khdrbs1a/qkia/rbmx/rbm15/dhx37/srsf2b/nsrp1/srpk1a",33
"GO:0030490","maturation of SSU-rRNA","23/2534","41/18773",0.560975609756098,4.15595703312992,7.99116085661398,1.55828855774406e-10,1.40197273679536e-08,1.23381597318749e-08,"wdr43/utp3/abt1/utp25/snu13b/tsr1/wdr3/trmt112/pwp2h/riok2/utp6/ngdn/srfbp1/dcaf13/nat10/ddx52/rrs1/tsr2/lsm6/snu13a/dhx37/nob1/utp4",23
"GO:1903311","regulation of mRNA metabolic process","56/2534","176/18773",0.318181818181818,2.35723254645907,7.14608357388848,2.66065582426262e-10,2.32122064183397e-08,2.04280656108457e-08,"hnrnpa0b/cirbpa/hnrpkl/safb/syncrip/hnrnpa0a/khdrbs1b/puf60a/srsf2a/magoh/qki2/larp1b/srrm1/puf60b/prpf31/igf2bp3/dhx9/nbas/cnot3a/celf1/wtap/rc3h2/rbm8a/srpk1b/sltm/fmr1/tnrc6c2/sb:cb81/cnot3b/pum1/celf2/igf2bp1/rbfox1/fam50a/smu1a/fastk/pde12/hnrnpk/snrpc/eif4a3/dcp2/zfp36l1a/rbm25b/khdrbs1a/cnot2/syncripl/qkia/rbmx/rbm15/dhx37/srsf2b/dhx34/nsrp1/srpk1a/larp1/fxr2",56
"GO:0000380","alternative mRNA splicing, via spliceosome","28/2534","59/18773",0.474576271186441,3.51587227268471,7.64557616683826,3.00503167176621e-10,2.54455475971027e-08,2.23935332320163e-08,"khdrbs1b/puf60a/srsf2a/magoh/pqbp1/hnrnpul1/puf60b/prpf31/hnrnpub/celf1/wtap/srsf9/rbm8a/srsf1b/hnrnpua/celf2/rbfox1/smu1a/snrpc/srsf1a/ddx5/eif4a3/rbm25b/khdrbs1a/rbmx/rbm15/srsf2b/nsrp1",28
"GO:0006401","RNA catabolic process","55/2534","177/18773",0.310734463276836,2.30205922616261,6.87521906745992,1.02346478848139e-09,8.4187289315369e-08,7.40896164172842e-08,"hnrnpa0b/etf1b/syncrip/hnrnpa0a/elavl1a/magoh/exosc9/edc4/rnaseh2c/lsm7/larp1b/rnaseh1/igf2bp3/nbas/lsm4/cnot3a/celf1/rc3h2/rbm8a/exosc10/exosc2/fmr1/tnrc6c2/sb:cb81/cnot3b/pum1/igf2bp1/casc3/fastk/edc3/pde12/wdr82/smg1/supv3l1/zcchc17/rnaseh2a/eif4a3/dcp2/zfp36l1a/fen1/pelo/cnot2/syncripl/mtrex/qkia/rnaset2/cnot9/exosc5/dhx34/xrn2/mrto4/ncbp2/snd1/larp1/fxr2",55
"GO:0006457","protein folding","50/2534","156/18773",0.320512820512821,2.37450164936353,6.80975758764454,1.79563535854379e-09,1.43600949923543e-07,1.26377026550143e-07,"hsp90b1/calr3b/calr/dnajb11/canx/hspd1/hspe1/hspa5/calr3a/hspa9/p4hb/tbcb/dnajc5ab/dnajc18/dnaja2b/nudcd2/pfdn4/dnajc3b/grpel1/nudc/ppig/pdia4/dnajc3a/cwc27/pdia7/pdia5/hsc70/hspa14/ppih/pdrg1/txndc5/cct4/dnajc2/fkbp2/mesd/fkbp10b/cdc37/erp44/ppil2/nudcd3/unc45a/dnajb6a/cct7/pfdn6/cct3/tbcc/hsp90aa1.2/ero1b/hspb15/hspa4a",50
"GO:0042274","ribosomal small subunit biogenesis","29/2534","67/18773",0.432835820895522,3.20664043633451,7.14755401030026,2.1754873942039e-09,1.68579889794261e-07,1.48359918368873e-07,"npm1a/wdr43/utp3/abt1/utp25/snu13b/tsr1/wdr3/trmt112/pwp2h/wdr75/riok2/utp6/imp3/ngdn/srfbp1/dcaf13/nat10/ddx52/rrs1/utp15/tsr2/lsm6/ltv1/snu13a/dhx37/nob1/nom1/utp4",29
"GO:0141188","nucleic acid catabolic process","57/2534","190/18773",0.3,2.22253354380426,6.69050051202942,2.22509059124068e-09,1.68579889794261e-07,1.48359918368873e-07,"hnrnpa0b/etf1b/syncrip/hnrnpa0a/elavl1a/magoh/exosc9/edc4/rnaseh2c/lsm7/larp1b/rnaseh1/igf2bp3/nbas/lsm4/cnot3a/celf1/rexo4/rc3h2/rbm8a/exosc10/exosc2/fmr1/tnrc6c2/sb:cb81/cnot3b/pum1/igf2bp1/casc3/fastk/edc3/pde12/wdr82/smg1/supv3l1/zcchc17/rnaseh2a/eif4a3/dcp2/zfp36l1a/fen1/pelo/cnot2/syncripl/mtrex/qkia/rnaset2/dnase1l1/cnot9/exosc5/dhx34/xrn2/mrto4/ncbp2/snd1/larp1/fxr2",57
"GO:0015931","nucleobase-containing compound transport","45/2534","135/18773",0.333333333333333,2.46948171533807,6.76877930513681,2.8826716463765e-09,2.12800299228665e-07,1.87276400886052e-07,"nup107/ddx39ab/alyref/magoh/snupn/seh1l/phax/qki2/nup62l/igf2bp3/ddx39aa/nxt2/nup93/nup50/rbm8a/xpot/fmr1/slc25a36a/eif4eb/igf2bp1/casc3/eny2/slc17a9b/slc35b4/thoc2/slc35d1a/ncbp3/mcm3ap/eif4a3/slc35c1/nol6/tprb/sem1/cpsf6/pcid2/qkia/slbp/nup98/slc35b3/nup155/nup88/ncbp2/nutf2l/nup35/fxr2",45
"GO:0042273","ribosomal large subunit biogenesis","24/2534","51/18773",0.470588235294118,3.4863271275361,7.02338010714582,6.88802435387632e-09,4.95765552870248e-07,4.36301963678429e-07,"rpf2/npm1a/pes/tma16/ebna1bp2/ppan/nop2/wdr12/ddx18/trmt112/ftsj3/bxdc2/rrs1/rrp15/gnl2/noc2l/eif6/rpf1/znf622/nop16/ddx28/mrto4/mak16/pak1ip1",24
"GO:0006412","translation","109/2534","473/18773",0.230443974630021,1.707231545276,6.15383129852378,8.05360368273557e-09,5.6552012201453e-07,4.97689963141066e-07,"cnbpa/yars1/kars1/ssb/eif4bb/gars1/coa3a/eif5/etf1b/mtif3/denr/eif4g2b/chchd1/eif1axb/hars/eif5b/magoh/eif4e2/paip2b/eif4ebp3l/eif4e1c/eif2s2/eif4g1a/qki2/cnbpb/abce1/ell/eif4a1a/larp1b/eif4e2rs1/farsb/igf2bp3/larp4ab/nanos1/nck1b/eprs1/ngdn/drg2/eef2a.1/qars1/rwdd1/lrrc47/eif3s10/eif2d/eif1ad/rbm8a/eif1axa/ddx6/aars1/fmr1/tnrc6c2/mtg1/tars1/eif4eb/eif4ebp1/tarbp2/igf2bp1/rnf25/casc3/eif4h/bzw1a/srp9/caprin1b/tcea1/eif2b4/eif6/eif4a3/elof1/drg1/dap/gcn1/rars1/pelo/gspt1l/sars1/eefsec/vars1/kbtbd8/mettl17/pdik1l/qkia/farsa/ufl1/gfm1/eif4a2/cnot9/ddrgk1/mcts1/trip4/cyfip1/eif5a/eif4g2a/stk35/tufm/pdf/caprin1a/nelfcd/ncbp2/eef1b2/cars1/lars1b/wars2/rcc1l/eif3jb/zc3h15/larp1/gfm2/fxr2/aars2",109
"GO:0034976","response to endoplasmic reticulum stress","44/2534","135/18773",0.325925925925926,2.41460434388611,6.5160011913793,9.37725151439842e-09,6.42788264522691e-07,5.6569033571822e-07,"hsp90b1/calr3b/calr/canx/hspa5/calr3a/faf2/pdia6/p4hb/psmc6/tmem259/faf1/sigmar1/vcp/ube4b/mia3/nck1b/pdia4/serp1/usp14/cdipt/pdia7/derl2/tmbim4/ptpn1/atf4a/atf6/sec63/mia2/derl1/tmco1/uggt1/ufc1/uggt2/ankzf1/man1b1a/ern1/ufl1/edem1/ddrgk1/os9/yod1/tmub2/ecpas",44
"GO:0048024","regulation of mRNA splicing, via spliceosome","28/2534","67/18773",0.417910447761194,3.09606662818504,6.78939313693853,1.06131189417572e-08,7.10585335658584e-07,6.25355625282979e-07,"cirbpa/hnrpkl/khdrbs1b/puf60a/srsf2a/magoh/qki2/srrm1/puf60b/prpf31/celf1/wtap/rbm8a/celf2/rbfox1/fam50a/smu1a/hnrnpk/snrpc/eif4a3/rbm25b/khdrbs1a/qkia/rbmx/rbm15/dhx37/srsf2b/nsrp1",28
"GO:0006352","DNA-templated transcription initiation","27/2534","64/18773",0.421875,3.12543779597474,6.72809377365817,1.51771440267485e-08,9.93068128477473e-07,8.73956595033099e-07,"psmc6/apex1/taf4a/gtf3c5/gtf2f1/phf2/brf1b/polr1e/sub1a/taf7/crcp/sub1b/taf10/tfb2m/taf6/polr2i/tbpl1/polr2d/atad2b/mdc1/snapc5/dr1/gtf2e2/taf1/zgc:162472/vps72a/taf11",27
"GO:0000245","spliceosomal complex assembly","19/2534","36/18773",0.527777777777778,3.91001271595194,6.90359087231209,2.40399189128955e-08,1.53802059000503e-06,1.35354584382081e-06,"puf60a/sf3a2/prpf39/sart3/puf60b/luc7l/celf1/srpk1b/zgc:158803/usp39/celf2/u2af2a/sfswap/u2af2b/snrpc/ddx46/isy1/khdc4/srpk1a",19
"GO:0000460","maturation of 5.8S rRNA","17/2534","30/18773",0.566666666666667,4.19811891607472,6.92491775903213,3.2335092211658e-08,2.02375501037747e-06,1.78101983875196e-06,"pes/mphosph6/abt1/gnl3/exosc9/wdr12/ftsj3/exosc10/exosc2/rrs1/rrp15/gnl2/eif6/rpf1/mtrex/mak16/eri1",17
"GO:0006605","protein targeting","42/2534","133/18773",0.31578947368421,2.33950899347817,6.12389079411237,5.60338366763545e-08,3.43237054874946e-06,3.02068185621467e-06,"hspd1/tomm20a/ssr3/pam16/dnajc19/timm23a/timm10/m6pr/tram1/tomm70a/tomm40/srp68/tomm40l/scarb2a/srpra/grpel1/zdhhc20b/zdhhc6/timm17a/agk/ap3d1/spcs3/sgta/spcs2/sec63/golga7/zgc:77880/srp9/vps13a/gnptab/zdhhc9/timm13/timm29/srp72/zdhhc14/mief1/immp2l/vps37a/srp54/sec23a/srprb/pik3r4",42
"GO:0006913","nucleocytoplasmic transport","38/2534","115/18773",0.330434782608696,2.44800796129165,6.15270740661652,6.23029496235924e-08,3.6422026457281e-06,3.20534606982232e-06,"npm1a/xpo1b/nup107/ddx39ab/alyref/snupn/phax/hikeshi/ranbp3a/anp32a/nup62l/ipo11/kpnb3/ddx39aa/nxt2/nup93/nup50/xpot/eny2/thoc2/eif6/mcm3ap/nol6/xpo7/tprb/sem1/cpsf6/pcid2/ltv1/ipo4/xpo6/nup98/ipo9/nup155/nup88/ncbp2/nutf2l/nup35",38
"GO:0051169","nuclear transport","38/2534","115/18773",0.330434782608696,2.44800796129165,6.15270740661652,6.23029496235924e-08,3.6422026457281e-06,3.20534606982232e-06,"npm1a/xpo1b/nup107/ddx39ab/alyref/snupn/phax/hikeshi/ranbp3a/anp32a/nup62l/ipo11/kpnb3/ddx39aa/nxt2/nup93/nup50/xpot/eny2/thoc2/eif6/mcm3ap/nol6/xpo7/tprb/sem1/cpsf6/pcid2/ltv1/ipo4/xpo6/nup98/ipo9/nup155/nup88/ncbp2/nutf2l/nup35",38
"GO:0006399","tRNA metabolic process","49/2534","167/18773",0.293413173652695,2.17373540212393,6.01839749907414,6.32546482411967e-08,3.6422026457281e-06,3.20534606982232e-06,"polr2l/yars1/kars1/ssb/gars1/hars/tyw1/exosc9/mettl6/polr2f/tsen34/polr2eb/dtd1/farsb/ctu2/rtraf/eprs1/cdkal1/qars1/lrrc47/exosc10/exosc2/aars1/tars1/nat10/nsun2/trmt1/polr3d/elp3/thada/trmt61b/tsen15/qtrt1/rars1/dtd2/sars1/vars1/lsm6/farsa/trmt61a/tp53rk/trmt11/ptcd1/cars1/lars1b/dus3l/wdr6/wars2/aars2",49
"GO:0051168","nuclear export","28/2534","72/18773",0.388888888888889,2.88106200122775,6.31707278300758,6.88570011977537e-08,3.88704522447712e-06,3.42082150429294e-06,"npm1a/xpo1b/nup107/ddx39ab/alyref/phax/ranbp3a/nup62l/ddx39aa/nxt2/nup93/xpot/eny2/thoc2/eif6/mcm3ap/nol6/xpo7/tprb/sem1/cpsf6/pcid2/ltv1/xpo6/nup98/nup155/nup88/ncbp2",28
"GO:0070972","protein localization to endoplasmic reticulum","19/2534","38/18773",0.5,3.7042225730071,6.59153132614141,7.53904998202442e-08,4.17402401889391e-06,3.67337921188923e-06,"ssr3/tram1/kdelr2b/srp68/srpra/bcap31/rer1/spcs3/sgta/spcs2/sec63/kdelr3/srp9/kdelr2a/srp72/srp54/ddrgk1/insig1/srprb",19
"GO:0006974","DNA damage response","103/2534","459/18773",0.224400871459695,1.66246154692694,5.67615634690957,8.60551339217047e-08,4.67457982189789e-06,4.11389686890851e-06,"yars1/rad21a/csnk2a2a/tp53/ube2nb/ccnd1/mcm4/nucks1a/parp1/apex1/hdgfl2/mcm2/mcm6/nucks1b/prpf19/zgc:86598/baz1b/usp10/vcp/supt16h/ppp4cb/huwe1/ruvbl1/ssrp1a/bccip/gadd45ab/actr2a/smarcad1a/si:dkey-9i23.15/mre11a/pias4a/tipin/rfc4/xrcc6/pold3/rnf8/mcm5/h2ax/ube2v2/plk3/tex264a/uba1/mcm3/dtymk/pcna/xrcc5/dek/top3b/ino80db/pole3/ddb1/ube2na/zgc:110269/yju2/nipblb/smek1/lig1/rnaseh2a/gins2/polr2i/ercc5/txndc12/pin1/fen1/susd6/nabp1a/usp1/sem1/rad51b/fan1/csnk2a1/mta1/atrx/poldip2/rev3l/terfa/zdhhc16a/ino80/ufl1/rfc2/nsmce4a/rad50/ercc8/mcm7/csnk2a2b/hdac1/hipk2/ciao2a/fance/ddb2/smc5/parp2/prdm9/park7/ptpn11a/eepd1/inip/si:ch211-127m7.2/cep290/nipbla/chaf1a/apbb1/kat5b",103
"GO:0043161","proteasome-mediated ubiquitin-dependent protein catabolic process","68/2534","268/18773",0.253731343283582,1.87975473854092,5.73011587165366,1.22810284790441e-07,6.46179430199031e-06,5.68674754936497e-06,"nsfl1c/psmd7/psmc5/psma6a/psmb5/psmb6/psmc6/psmc2/psma6b/psmb7/psmd4b/vcp/psmc3/wwp2/psmc1b/ubr3/psmc4/gsk3ab/ivns1abpb/psma3/klhl18/psma4/psmd8/psmd6/psmd14/psmc1a/skp1/shrprbck1r/usp14/psmb3/ube3d/psmd1/edn1/trim71/psma5/cul2/ddb1/styx/klhl20/dda1/hectd1/cul1a/klhl8/csnk1db/fem1b/kbtbd2/fzr1b/kbtbd8/appbp2/rnf145b/pcnp/fbxw5/psmf1/anapc5/ercc8/ubxn1/kctd5a/fbxo45/psmb4/psma1/hectd3/rmnd5b/anapc11/n4bp1/fbxl4/kctd10/fhit/anapc4",68
"GO:0051604","protein maturation","84/2534","355/18773",0.236619718309859,1.75298420356392,5.65793227684863,1.23445184650735e-07,6.46179430199031e-06,5.68674754936497e-06,"hsp90b1/calr3b/calr/dnajb11/f13a1b/canx/hspd1/hspe1/hspa5/calr3a/hm13/dpm1/hspa9/sec11a/p4hb/tbcb/dnajc5ab/lmf2b/dnajc18/dnaja2b/nudcd2/pfdn4/dnajc3b/grpel1/pigk/nudc/ppig/pdia4/metap2b/psen2/dnajc3a/tll1/cwc27/pdia7/pdia5/hsc70/hspa14/ppih/spcs3/spcs2/plgrkt/pdrg1/pmm2/txndc5/ciao2b/cct4/nfu1/dnajc2/psen1/naa50/fkbp2/mesd/si:ch211-51a6.2/zgc:110319/caspa/pigt/fkbp10b/cdc37/afg3l2/pigu/immp2l/erp44/sppl3/ppil2/nudcd3/yme1l1b/unc45a/dnajb6a/cct7/fnta/pfdn6/cct3/tbcc/pigp/ciao2a/bola3/dhps/tmem260/pigc/hsp90aa1.2/ero1b/hspb15/hspa4a/tspan15",84
"GO:0090150","establishment of protein localization to membrane","41/2534","133/18773",0.308270676691729,2.28380639839536,5.86923284788234,1.68452470525049e-07,8.660261832886e-06,7.62152437131189e-06,"ssr3/tmem147/timm10/tram1/tomm70a/ncln/maip1/srp68/srpra/emc10/ccdc47/zdhhc20b/zdhhc6/get4/bcs1l/emc4/emc6/agk/sgta/nsfb/sec63/golga7/rab11a/zgc:77880/srp9/zdhhc9/tmco1/timm13/camlg/pex19/timm29/srp72/mmgt1/zdhhc14/mief1/vps37a/pex26/srp54/oxa1l/emc3/rab34a",41
"GO:0009894","regulation of catabolic process","74/2534","303/18773",0.244224422442244,1.80932323698037,5.61033524868971,1.82777248458119e-07,9.10680083509021e-06,8.01450416265228e-06,"hspd1/hnrnpa0b/syncrip/hnrnpa0a/elavl1a/washc4/tmem259/etfa/cisd2/oaz1a/psmd2/usp10/vcp/larp1b/gsk3ab/igf2bp3/psme1/nbas/tmem39a/psen2/cnot3a/celf1/usp14/rc3h2/psmd1/edn1/ccdc22/ube3a/ap3d1/fmr1/psme3/tnrc6c2/nprl2/sb:cb81/cnot3b/pum1/igf2bp1/azin1b/styx/fastk/pde12/dda1/supv3l1/zcchc17/cisd1/zgc:195173/csnk1db/azin1a/depdc5/dcp2/zfp36l1a/dap/fzr1b/ambra1b/cnot2/syncripl/oaz1b/pdik1l/qkia/ctns/ufl1/fyco1a/rmc1/ubxn1/ddrgk1/dhx34/asah1b/stk35/tigarb/n4bp1/lars1b/fhit/larp1/fxr2",74
"GO:0006405","RNA export from nucleus","21/2534","47/18773",0.446808510638298,3.31015634183614,6.26392759029667,1.83464553120956e-07,9.10680083509021e-06,8.01450416265228e-06,"nup107/ddx39ab/alyref/phax/nup62l/ddx39aa/nxt2/nup93/xpot/eny2/thoc2/mcm3ap/nol6/tprb/sem1/cpsf6/pcid2/nup98/nup155/nup88/ncbp2",21
"GO:0006402","mRNA catabolic process","46/2534","158/18773",0.291139240506329,2.15688909314338,5.76856362397015,2.03667731471131e-07,9.93829489670145e-06,8.74626636308674e-06,"hnrnpa0b/etf1b/syncrip/hnrnpa0a/magoh/exosc9/edc4/lsm7/larp1b/igf2bp3/nbas/lsm4/cnot3a/celf1/rc3h2/rbm8a/exosc10/exosc2/fmr1/tnrc6c2/sb:cb81/cnot3b/pum1/igf2bp1/casc3/fastk/edc3/pde12/smg1/supv3l1/eif4a3/dcp2/zfp36l1a/pelo/cnot2/syncripl/qkia/cnot9/exosc5/dhx34/xrn2/mrto4/ncbp2/snd1/larp1/fxr2",46
"GO:0006413","translational initiation","33/2534","97/18773",0.34020618556701,2.52039886410793,5.93035112802953,2.08484525452953e-07,1.00037824796508e-05,8.8038991713203e-06,"eif4bb/eif5/mtif3/denr/eif4g2b/eif1axb/eif5b/eif4e2/paip2b/eif4ebp3l/eif4e1c/eif2s2/eif4g1a/abce1/eif4a1a/eif4e2rs1/eif3s10/eif2d/eif1ad/eif1axa/eif4eb/eif4ebp1/eif4h/bzw1a/eif2b4/eif6/pdik1l/eif4a2/mcts1/eif5a/eif4g2a/stk35/eif3jb",33
"GO:0007029","endoplasmic reticulum organization","23/2534","55/18773",0.418181818181818,3.09807706106049,6.1553392779401,2.12948964084864e-07,1.00504929114807e-05,8.84500701556975e-06,"tmem147/tram1/ncln/esyt2a/emc10/ccdc47/get4/emc4/jagn1b/lnpa/reep3a/emc6/cdipt/atl3/tmco1/copb2/camlg/tmem170a/vapb/lnpk/mmgt1/rtn1a/emc3",23
"GO:1902600","proton transmembrane transport","29/2534","80/18773",0.3625,2.68556136543015,5.96800249386711,2.41481196430045e-07,1.12132962019694e-05,9.86834023441628e-06,"atp6v0e1/atp5f1b/atp5mc1/nnt/atp5pd/cox5ab/atp6v1h/atp6v1c1b/atp6v0d1/atp5fa1/atp6v1ba/atp6v1g1/atp5mc3a/atp6v0ca/atp5po/tcirg1b/ndufs7/atp5l/nr3c1/slc9a7/atp6v1ab/atp5mf/atp6v0a2b/park7/atp6v1e1b/atp6v1b2/atp5f1c/dmxl2/atp6v0a1a",29
"GO:0051205","protein insertion into membrane","15/2534","27/18773",0.555555555555556,4.11580285889678,6.39994857487846,3.01747541348253e-07,1.37893836752638e-05,1.21354441441144e-05,"tmem147/tram1/ncln/maip1/emc10/ccdc47/get4/bcs1l/emc4/emc6/tmco1/camlg/mmgt1/oxa1l/emc3",15
"GO:0000381","regulation of alternative mRNA splicing, via spliceosome","20/2534","45/18773",0.444444444444444,3.29264228711742,6.08241141126022,3.99248650687023e-07,1.79599510207491e-05,1.58057812862445e-05,"khdrbs1b/puf60a/srsf2a/magoh/puf60b/prpf31/celf1/wtap/rbm8a/celf2/rbfox1/smu1a/snrpc/eif4a3/rbm25b/khdrbs1a/rbmx/rbm15/srsf2b/nsrp1",20
"GO:0051668","localization within membrane","75/2534","317/18773",0.236593059936909,1.75278670647024,5.33963681522955,5.77716997010913e-07,2.55884189906834e-05,2.25192682073728e-05,"nmt1a/ssr3/tmem147/timm10/tram1/tomm70a/ncln/maip1/exoc1/srp68/exoc2/srpra/atp6ap1b/snx12/emc10/lmnb1/snx7/ccdc47/zdhhc20b/zdhhc6/snx27a/dag1/snx3/get4/bcs1l/emc4/rab14/emc6/agk/lmnb2/tm9sf1/sgta/nsfb/rab41/sec63/golga7/rab11a/zgc:77880/ehd1a/srp9/tm9sf3/zdhhc9/hgs/tmco1/timm13/flot2b/vps29/camlg/pex19/timm29/ptpn23a/prkci/srp72/vps35l/mesd/mmgt1/tm9sf2/zdhhc14/mief1/camk2g1/exoc6b/vps37a/pex26/flot1b/agrn/ehd1b/srp54/ccdc93/bbip1/efr3bb/oxa1l/nup155/emc3/rab34a/tspan15",75
"GO:0006367","transcription initiation at RNA polymerase II promoter","19/2534","43/18773",0.441860465116279,3.27349901800628,5.89574983070638,8.68675821237117e-07,3.78926922627524e-05,3.33477304899161e-05,"psmc6/apex1/taf4a/gtf2f1/phf2/sub1a/taf7/sub1b/taf10/taf6/polr2i/polr2d/atad2b/mdc1/dr1/gtf2e2/taf1/vps72a/taf11",19
"GO:0000470","maturation of LSU-rRNA","14/2534","26/18773",0.538461538461538,3.98916277093073,6.02489227378816,1.25771007411436e-06,5.40439896026156e-05,4.75617933761707e-05,"rpf2/pes/ppan/nop2/wdr12/ddx18/trmt112/ftsj3/rrp15/gnl2/eif6/rpf1/mak16/pak1ip1",14
"GO:0000956","nuclear-transcribed mRNA catabolic process","29/2534","86/18773",0.337209302325581,2.49819661900479,5.50081681568874,1.3749884373175e-06,5.82145839858396e-05,5.12321543130532e-05,"etf1b/magoh/exosc9/edc4/lsm7/nbas/lsm4/cnot3a/rc3h2/rbm8a/exosc10/exosc2/tnrc6c2/sb:cb81/cnot3b/casc3/edc3/pde12/smg1/eif4a3/dcp2/zfp36l1a/pelo/cnot2/exosc5/dhx34/xrn2/mrto4/ncbp2",29
"GO:0006418","tRNA aminoacylation for protein translation","18/2534","41/18773",0.439024390243902,3.25248811288429,5.70349806689785,1.88964040451861e-06,7.88445612262184e-05,6.93877109637877e-05,"yars1/kars1/gars1/hars/farsb/eprs1/qars1/lrrc47/aars1/tars1/rars1/sars1/vars1/farsa/cars1/lars1b/wars2/aars2",18
"GO:0010629","negative regulation of gene expression","94/2534","436/18773",0.215596330275229,1.597233586526,4.9842780585277,2.00970536912072e-06,8.26563108242651e-05,7.2742268022159e-05,"hnrnpa0b/h2az2b/etf1b/syncrip/h2az2a/hnrnpa0a/eif1axb/smarca5/magoh/exosc9/edc4/hells/cbx5/paip2b/eif4ebp3l/lsm7/lmnb1/cbx3a/larp1b/dnmt1/ddx3xb/igf2bp3/setdb1a/uhrf1/nanos1/pias4a/nbas/lsm4/phf2/cnot3a/celf1/eed/h2ax/lgr4/rc3h2/mtf2/rbm8a/exosc10/exosc2/smarca4a/ddx6/lmnb2/mbd3b/fmr1/tnrc6c2/sb:cb81/cnot3b/pum1/eif4ebp1/tarbp2/igf2bp1/pole3/tbk1/casc3/srp9/caprin1b/fastk/edc3/pde12/smg1/setdb1b/dgcr8/supv3l1/eif4a3/dcp2/zfp36l1a/dap/pelo/sars1/cnot2/syncripl/qkia/rbmx/srrt/banf1/dnmt3bb.1/cnot9/cbx1a/exosc5/dhx34/hdac1/nsd1b/caprin1a/xrn2/n4bp1/mrto4/ncbp2/ppp1r11/snd1/mov10a/larp1/eri1/fxr2/lin28b",94
"GO:0009060","aerobic respiration","33/2534","106/18773",0.311320754716981,2.3064027341365,5.32809165047216,2.04652966115136e-06,8.29853365416165e-05,7.30318294201828e-05,"ndufs2/suclg1/uqcrfs1/atp5f1b/dlst/uqcrb/ndufa10/ireb2/cox6a1/ndufb6/cox5ab/sdha/cyc1/sdhaf2/uqcr10/aco2/cox8a/atp5po/sdhb/ndufs7/atp5if1a/uqcrh/cs/cox7a2l/aco1/ogdhb/idh3g/ndufb8/cln5/atp5mf/ndufa7/cox5aa/ogdha",33
"GO:0006281","DNA repair","77/2534","341/18773",0.225806451612903,1.6728747103903,4.95340800504996,2.7868531190515e-06,0.00011143541846874,9.80695242332891e-05,"rad21a/tp53/ube2nb/mcm4/nucks1a/parp1/apex1/hdgfl2/mcm2/mcm6/nucks1b/prpf19/vcp/supt16h/ppp4cb/huwe1/ruvbl1/ssrp1a/bccip/actr2a/smarcad1a/mre11a/pias4a/rfc4/xrcc6/pold3/rnf8/mcm5/h2ax/ube2v2/tex264a/mcm3/dtymk/pcna/xrcc5/dek/top3b/ino80db/ddb1/ube2na/zgc:110269/nipblb/smek1/lig1/rnaseh2a/gins2/polr2i/ercc5/fen1/nabp1a/usp1/sem1/rad51b/fan1/mta1/atrx/poldip2/rev3l/ino80/ufl1/rfc2/nsmce4a/rad50/ercc8/mcm7/fance/ddb2/smc5/parp2/prdm9/park7/eepd1/inip/si:ch211-127m7.2/nipbla/chaf1a/kat5b",77
"GO:0016197","endosomal transport","47/2534","178/18773",0.264044943820225,1.95616248237454,5.06317042554563,3.23500941985322e-06,0.000127583453695307,0.000112280716273781,"si:ch211-11k18.4/golt1bb/arl1/washc4/vps35/vcp/snx12/washc2c/vps28/snx7/tmem50a/snx27a/nf2b/snx3/rab14/msna/ap3d1/bloc1s1/eps15/rab41/rab11a/dennd10/ehd1a/reps1/vps53/vta1/vps26a/hgs/chmp6b/vps29/bet1l/ptpn23a/vps35l/vps54/vps36/snx6/ehd1b/chmp7/aktip/vps4a/zgc:162698/wdr81/lamtor1/itsn1/chmp1a/als2a/tbc1d5",47
"GO:0072657","protein localization to membrane","60/2534","248/18773",0.241935483870968,1.79236576113247,4.96193842064235,3.53676583688766e-06,0.000137599308708102,0.000121095239962853,"nmt1a/ssr3/tmem147/timm10/tram1/tomm70a/ncln/maip1/srp68/srpra/atp6ap1b/emc10/ccdc47/zdhhc20b/zdhhc6/dag1/get4/bcs1l/emc4/emc6/agk/tm9sf1/sgta/nsfb/rab41/sec63/golga7/rab11a/zgc:77880/ehd1a/srp9/tm9sf3/zdhhc9/tmco1/timm13/flot2b/camlg/pex19/timm29/prkci/srp72/mesd/mmgt1/tm9sf2/zdhhc14/mief1/camk2g1/vps37a/pex26/flot1b/agrn/ehd1b/srp54/bbip1/efr3bb/oxa1l/nup155/emc3/rab34a/tspan15",60
"GO:0032446","protein modification by small protein conjugation","99/2534","472/18773",0.209745762711864,1.55388997765976,4.81433196218559,3.86984588232467e-06,0.00014855048393617,0.00013073289878955,"cand1/ube2l3b/ube2nb/ndfip1l/prpf19/pef1/vcp/sae1/huwe1/ubr3/dtx2/dcun1d5/ube4b/sumo3a/ctu2/mylipb/uhrf1/pias4a/nae1/ube2ib/usp44/skp1/socs3a/uba3/rnf8/anapc16/shrprbck1r/nedd8l/dcaf13/rc3h2/ube3d/ube2v2/ube3a/sumo3b/trim71/ube2d1b/uba1/zmiz1a/ankib1a/rbx1/msl2a/cul2/rnf217/ddb1/rnf25/ube2na/mgrn1a/rnf146/mib1/si:ch73-335l21.4/ube2l3a/klhl20/dda1/cdc34a/birc2/anapc2/mdm4/cul3b/asb12a/hectd1/cul1a/ufc1/kctd6b/ubb/fzr1b/ambra1b/ndfip1/rnf114/kbtbd8/rnf181/pcnp/ppil2/rnf40/msl2b/fbxw11b/dcun1d2b/fbxw5/cul3a/ufl1/toporsa/aktip/anapc5/wsb1/ercc8/ubxn1/ube2q1/ddrgk1/cnot4b/fbxo45/anapc11/n4bp1/ddb2/parp2/ppp1r11/zgc:101783/rnf6/peli1b/kctd10/anapc4",99
"GO:0040029","epigenetic regulation of gene expression","35/2534","120/18773",0.291666666666667,2.16079650092081,5.03908060474077,5.34353464530997e-06,0.000202421529524308,0.000178142491568713,"h2az2b/h2az2a/ehmt1a/ddx39ab/smarca5/apex1/kdm1a/hells/cbx5/lmnb1/cbx3a/dnmt1/setdb1a/uhrf1/rnf8/phf2/eed/h2ax/mtf2/smarca4a/lmnb2/mbd3b/pole3/setdb1b/znf644a/prmt7/atad2b/tet3/dnmt3bb.1/hdac6/cbx1a/hdac1/nsd1b/vps72a/tet1",35
"GO:0045048","protein insertion into ER membrane","12/2534","22/18773",0.545454545454545,4.04097007964411,5.637547417334,6.18101126318455e-06,0.000231105602944264,0.000203386112241766,"tmem147/tram1/ncln/emc10/ccdc47/get4/emc4/emc6/tmco1/camlg/mmgt1/emc3",12
"GO:0043039","tRNA aminoacylation","18/2534","44/18773",0.409090909090909,3.03072755973308,5.32720786879628,6.43080683734151e-06,0.000237362729291105,0.000208892740316883,"yars1/kars1/gars1/hars/farsb/eprs1/qars1/lrrc47/aars1/tars1/rars1/sars1/vars1/farsa/cars1/lars1b/wars2/aars2",18
"GO:0000462","maturation of SSU-rRNA from tricistronic rRNA transcript (SSU-rRNA, 5.8S rRNA, LSU-rRNA)","13/2534","26/18773",0.5,3.7042225730071,5.45057293137671,8.91340269989558e-06,0.000324831473075941,0.00028587022383276,"wdr43/utp3/abt1/utp25/tsr1/pwp2h/utp6/ngdn/dcaf13/rrs1/tsr2/dhx37/utp4",13
"GO:0034620","cellular response to unfolded protein","18/2534","45/18773",0.4,2.96337805840568,5.20886889950879,9.37114856000879e-06,0.000333080700052658,0.000293130014086305,"hspd1/hspa5/tegt/nck1b/serp1/derl2/tmbim4/ptpn1/atf4a/atf6/sec63/derl1/ern1/ufl1/edem1/ddrgk1/os9/yod1",18
"GO:0043038","amino acid activation","18/2534","45/18773",0.4,2.96337805840568,5.20886889950879,9.37114856000879e-06,0.000333080700052658,0.000293130014086305,"yars1/kars1/gars1/hars/farsb/eprs1/qars1/lrrc47/aars1/tars1/rars1/sars1/vars1/farsa/cars1/lars1b/wars2/aars2",18
"GO:0009895","negative regulation of catabolic process","25/2534","76/18773",0.328947368421053,2.43698853487309,4.95853145251534,1.18224926521502e-05,0.000415084833482199,0.000365298328802637,"hnrnpa0b/syncrip/hnrnpa0a/elavl1a/larp1b/igf2bp3/nbas/tmem39a/usp14/edn1/ap3d1/igf2bp1/azin1b/styx/zcchc17/azin1a/dap/syncripl/qkia/ubxn1/dhx34/tigarb/n4bp1/fhit/larp1",25
"GO:0006986","response to unfolded protein","20/2534","54/18773",0.37037037037037,2.74386857259785,5.06930294746917,1.19986639337575e-05,0.000416194620063709,0.00036627500429365,"hspd1/hspa5/tegt/nck1b/dnajc3a/serp1/derl2/tmbim4/ptpn1/atf4a/atf6/sec63/derl1/vapb/ern1/ufl1/edem1/ddrgk1/os9/yod1",20
"GO:0006890","retrograde vesicle-mediated transport, Golgi to endoplasmic reticulum","15/2534","34/18773",0.441176470588235,3.26843168206509,5.2296291688576,1.26714208112887e-05,0.000434297863282144,0.000382206890886865,"nbas/rer1/cog4/cope/copz1/rab41/kdelr3/arcn1b/copb2/kdelr2a/bet1l/sec22ba/rint1/ergic2/ergic3",15
"GO:0006271","DNA strand elongation involved in DNA replication","9/2534","14/18773",0.642857142857143,4.76257187958056,5.56317752295714,1.54550901274824e-05,0.000523472993847317,0.000460686092097216,"mcm4/pold3/mcm3/pcna/pole3/lig1/pola1/gins1/mcm7",9
"GO:0007005","mitochondrion organization","53/2534","221/18773",0.239819004524887,1.77668593999436,4.58801838522735,1.66294754598849e-05,0.000556700695918706,0.000489928365140062,"hspd1/si:ch211-11k18.4/ssbp1/coa3a/phb/rab5if/timm10/tomm70a/dlst/phb2b/maip1/etfa/atpaf1/ndufa12/phb2a/atg3/sdhaf2/ndufs5/chchd6b/bcs1l/vat1/agk/ndufa11/cluha/rhot1a/lyrm7/cox17/slc25a36a/ndufs7/slc35f6/mfn1b/letm2/timm13/supv3l1/immt/timm29/sco1/si:dkey-88p24.11/tmem223/mief1/tmem70/cox7a2l/dnm1l/ndufaf6/ndufb8/yme1l1b/oxa1l/surf1/sdhaf3/zgc:193742/fis1/opa1/miga2",53
"GO:0002244","hematopoietic progenitor cell differentiation","38/2534","142/18773",0.267605633802817,1.98254165879253,4.64254369021562,1.95968213281777e-05,0.000648497110388778,0.000570714445697807,"wdr43/myca/chd7/tnfrsf1b/jun/rbb4l/adtrp1/sf3a3/crebbpa/metap2b/ap2a1/smarca4a/rap1b/efna1b/mbd3b/ing4/fev/dlc/ash2l/ncor2/cxxc1a/setd1ba/tgfb1a/mib1/nap1l4a/ddx46/snrnp70/nr3c1/cdca7a/nfkbiaa/nop14/fgfr4/ufl1/dnmt3bb.1/hdac6/notch1a/hdac1/hlx1",38
"GO:1903008","organelle disassembly","12/2534","24/18773",0.5,3.7042225730071,5.23646176888477,1.98823528146489e-05,0.000650469247197432,0.000572450038574878,"mtif3/vcp/zfand1/plk3/rnf25/ufsp2/pelo/dyrk3/ufl1/ddrgk1/trip4/gfm2",12
"GO:0051246","regulation of protein metabolic process","92/2534","448/18773",0.205357142857143,1.52137712819935,4.41212622042576,2.01218234742263e-05,0.000650907076205592,0.000572835353074664,"cnbpa/rad21a/ssb/coa3a/tp53/serpinh1b/eif1axb/pycard/ndfip1l/magoh/tmem259/oaz1a/paip2b/eif4ebp3l/tnfrsf1b/pef1/psmd2/qki2/vcp/cnbpb/hip1/larp1b/gsk3ab/fktn/igf2bp3/psme1/larp4ab/nanos1/rtraf/nck1b/usp44/ngdn/usp14/nedd8l/diablob/rbm8a/psmd1/edn1/ccdc22/ube3a/ube2d1b/ddx6/zgpat/fmr1/psme3/tnrc6c2/plgrkt/eif4ebp1/tarbp2/igf2bp1/azin1b/casc3/styx/bzw1a/srp9/caprin1b/mib1/dda1/birc2/appb/psen1/csnk1db/eif4a3/azin1a/dap/caspa/gcn1/fzr1b/ndfip1/eefsec/kbtbd8/oaz1b/pdik1l/qkia/serpinh1a/hdac6/ubxn1/cnot9/prkar2aa/cyfip1/eif5a/serpinb1l3/rabl3/stk35/serpinf1/caprin1a/n4bp1/ncbp2/rcc1l/fhit/larp1/fxr2",92
"GO:0051276","chromosome organization","58/2534","252/18773",0.23015873015873,1.70511832725724,4.4515268226191,2.51124864836433e-05,0.000792661876946002,0.000697587663044196,"nop10/rad21a/gar1/nup107/mcm4/rcc1/seh1l/mcm2/mcm6/nasp/zgc:110425/h1-10/nhp2/bccip/zgc:113263/ska2/setdb1a/mre11a/ewsr1a/top2b/xrcc6/mcm5/rif1/tert/mcm3/xrcc5/top3b/nipblb/mcmbp/setdb1b/anapc2/tinf2/supv3l1/naa50/si:dkey-108k21.21/smc3/tprb/clasp2/mis12/pcid2/terfa/banf1/ufl1/rad50/racgap1/anapc5/mcm7/nup98/ylpm1/anapc11/nup155/mis18a/si:ch211-269e2.1/abraxas2/prdm9/nipbla/nek7/anapc4",58
"GO:0000466","maturation of 5.8S rRNA from tricistronic rRNA transcript (SSU-rRNA, 5.8S rRNA, LSU-rRNA)","11/2534","21/18773",0.523809523809524,3.88061412410268,5.21734881375849,2.53299384088337e-05,0.000792661876946002,0.000697587663044196,"pes/abt1/gnl3/exosc9/wdr12/ftsj3/exosc10/exosc2/rrs1/gnl2/eri1",11
"GO:0006376","mRNA splice site recognition","11/2534","21/18773",0.523809523809524,3.88061412410268,5.21734881375849,2.53299384088337e-05,0.000792661876946002,0.000697587663044196,"puf60a/prpf39/puf60b/luc7l/celf1/zgc:158803/celf2/sfswap/snrpc/isy1/khdc4",11
"GO:0006383","transcription by RNA polymerase III","14/2534","32/18773",0.4375,3.24119475138122,5.01230099105382,2.77109089446123e-05,0.0008578463102316,0.00075495368228276,"polr2l/gtf3c2/polr2f/polr3f/polr2eb/gtf3c5/brf1b/crcp/ice2/polr3d/polr3k/snapc1b/snapc5/zgc:162472",14
"GO:0045333","cellular respiration","35/2534","129/18773",0.271317829457364,2.01004325667052,4.54720170066104,2.99271909300389e-05,0.000916599815825341,0.000806660118349426,"ndufs2/suclg1/uqcrfs1/atp5f1b/dlst/uqcrb/ndufa10/ireb2/cox6a1/sigmar1/ndufb6/cox5ab/sdha/cyc1/sdhaf2/uqcr10/aco2/cox8a/atp5po/sdhb/ndufs7/atp5if1a/uqcrh/cs/coq10b/cox7a2l/aco1/ogdhb/idh3g/ndufb8/cln5/atp5mf/ndufa7/cox5aa/ogdha",35
"GO:0061484","hematopoietic stem cell homeostasis","10/2534","18/18773",0.555555555555556,4.11580285889678,5.2242821847243,3.0610690418216e-05,0.000927665028568882,0.000816398136694137,"tp53/sart3/sae1/mre11a/ube2ib/crcp/clasp2/polr3k/ufl1/dnmt3bb.1",10
"GO:0006354","DNA-templated transcription elongation","19/2534","53/18773",0.358490566037736,2.65585769385415,4.76855680030791,3.36049614376118e-05,0.000997409113184375,0.00087777690917343,"sart3/supt16h/ell/polr2eb/gtf2f1/rnf8/ctr9/polr1e/paf1/eny2/tcea1/wdr82/polr2i/brd4/elof1/glyr1/pcid2/supt4h1/nelfcd",19
"GO:0035967","cellular response to topologically incorrect protein","19/2534","53/18773",0.358490566037736,2.65585769385415,4.76855680030791,3.36049614376118e-05,0.000997409113184375,0.00087777690917343,"hspd1/hspa5/dnajc18/tegt/nck1b/serp1/derl2/tmbim4/ptpn1/atf4a/atf6/sec63/derl1/ern1/ufl1/edem1/ddrgk1/os9/yod1",19
"GO:0035966","response to topologically incorrect protein","21/2534","62/18773",0.338709677419355,2.50931206558546,4.7022457907026,3.5358463270502e-05,0.0010387450587324,0.000914154898948423,"hspd1/hspa5/dnajc18/tegt/nck1b/dnajc3a/serp1/derl2/tmbim4/ptpn1/atf4a/atf6/sec63/derl1/vapb/ern1/ufl1/edem1/ddrgk1/os9/yod1",21
"GO:0034655","nucleobase-containing compound catabolic process","65/2534","295/18773",0.220338983050847,1.63236926946076,4.3244733054291,3.61573141952322e-05,0.00105148391482903,0.00092536581890403,"hnrnpa0b/dut/etf1b/syncrip/hnrnpa0a/elavl1a/magoh/exosc9/edc4/rnaseh2c/lsm7/hint1/larp1b/rnaseh1/igf2bp3/nbas/lsm4/itpa/cnot3a/celf1/rexo4/rc3h2/rbm8a/pkma/exosc10/exosc2/fmr1/tnrc6c2/sb:cb81/cnot3b/pum1/igf2bp1/casc3/pde4d/fastk/edc3/pde12/wdr82/smg1/supv3l1/zcchc17/rnaseh2a/cnp/eif4a3/dcp2/zfp36l1a/fen1/pelo/cnot2/syncripl/mtrex/qkia/rnaset2/dnase1l1/cnot9/exosc5/dhx34/tigarb/xrn2/mrto4/ncbp2/snd1/fhit/larp1/fxr2",65
"GO:0036503","ERAD pathway","24/2534","76/18773",0.31578947368421,2.33950899347817,4.62216455726646,3.75871063715055e-05,0.00108213279243564,0.000952338579328567,"hsp90b1/calr3b/calr/canx/hspa5/calr3a/faf2/psmc6/tmem259/faf1/vcp/ube4b/usp14/derl2/derl1/uggt1/uggt2/ankzf1/man1b1a/edem1/os9/yod1/tmub2/ecpas",24
"GO:0006417","regulation of translation","41/2534","164/18773",0.25,1.85211128650355,4.32947923416688,5.30418176325248e-05,0.00151195438578256,0.00133060609735787,"cnbpa/ssb/coa3a/magoh/paip2b/eif4ebp3l/qki2/cnbpb/larp1b/igf2bp3/larp4ab/nanos1/nck1b/ngdn/rbm8a/ddx6/fmr1/tnrc6c2/eif4ebp1/tarbp2/igf2bp1/casc3/bzw1a/srp9/caprin1b/eif4a3/dap/gcn1/eefsec/kbtbd8/pdik1l/qkia/cnot9/cyfip1/eif5a/stk35/caprin1a/ncbp2/rcc1l/larp1/fxr2",41
"GO:0022600","digestive system process","12/2534","26/18773",0.461538461538462,3.41928237508348,4.87625358896527,5.465024678897e-05,0.00151498346604366,0.00133327186075834,"tp53/chd7/sar1b/ptbp1a/npc1/uhrf1/cdipt/tert/shank3b/nr1h3/flna/mllt10",12
"GO:0045047","protein targeting to ER","12/2534","26/18773",0.461538461538462,3.41928237508348,4.87625358896527,5.465024678897e-05,0.00151498346604366,0.00133327186075834,"ssr3/tram1/srp68/srpra/spcs3/sgta/spcs2/sec63/srp9/srp72/srp54/srprb",12
"GO:0070585","protein localization to mitochondrion","17/2534","46/18773",0.369565217391304,2.73790364091829,4.66175495173201,5.52529572541107e-05,0.00151498346604366,0.00133327186075834,"hspd1/pam16/dnajc19/timm23a/timm10/tomm70a/maip1/tomm40/tomm40l/grpel1/bcs1l/timm17a/agk/timm13/timm29/immp2l/oxa1l",17
"GO:0072655","establishment of protein localization to mitochondrion","17/2534","46/18773",0.369565217391304,2.73790364091829,4.66175495173201,5.52529572541107e-05,0.00151498346604366,0.00133327186075834,"hspd1/pam16/dnajc19/timm23a/timm10/tomm70a/maip1/tomm40/tomm40l/grpel1/bcs1l/timm17a/agk/timm13/timm29/immp2l/oxa1l",17
"GO:0006302","double-strand break repair","39/2534","154/18773",0.253246753246753,1.87616467983477,4.31267631210927,5.88954599956217e-05,0.00158182232063343,0.00139209386510837,"rad21a/tp53/ube2nb/mcm4/nucks1a/parp1/hdgfl2/mcm2/mcm6/nucks1b/vcp/ppp4cb/actr2a/smarcad1a/mre11a/pias4a/xrcc6/rnf8/mcm5/mcm3/xrcc5/dek/nipblb/smek1/gins2/nabp1a/sem1/rad51b/fan1/mta1/rev3l/rad50/mcm7/smc5/parp2/prdm9/si:ch211-127m7.2/nipbla/kat5b",39
"GO:0006368","transcription elongation by RNA polymerase II","16/2534","42/18773",0.380952380952381,2.82226481752922,4.67019044261705,5.93389408226503e-05,0.00158182232063343,0.00139209386510837,"sart3/supt16h/ell/gtf2f1/rnf8/ctr9/paf1/eny2/tcea1/polr2i/brd4/elof1/glyr1/pcid2/supt4h1/nelfcd",16
"GO:0030968","endoplasmic reticulum unfolded protein response","16/2534","42/18773",0.380952380952381,2.82226481752922,4.67019044261705,5.93389408226503e-05,0.00158182232063343,0.00139209386510837,"hspa5/nck1b/serp1/derl2/tmbim4/ptpn1/atf4a/atf6/sec63/derl1/ern1/ufl1/edem1/ddrgk1/os9/yod1",16
"GO:0006310","DNA recombination","42/2534","171/18773",0.245614035087719,1.81961810603858,4.25313057418024,6.70918125633271e-05,0.00177208558137448,0.00155953638667241,"rad21a/ube2nb/mcm4/nucks1a/hdgfl2/mcm2/mcm6/nucks1b/zgc:110425/h1-10/ppp4cb/ruvbl1/actr2a/mre11a/pias4a/top2b/xrcc6/rnf8/mcm5/h2ax/mcm3/xrcc5/top3b/ino80db/nipblb/lig1/supv3l1/gins2/si:dkey-108k21.21/nabp1a/sem1/rad51b/fan1/rev3l/terfa/nsmce4a/rad50/mcm7/smc5/prdm9/nipbla/kat5b",42
"GO:0022616","DNA strand elongation","9/2534","16/18773",0.5625,4.16725039463299,5.00656245491083,6.83645266428837e-05,0.00178928611095329,0.00157467383377436,"mcm4/pold3/mcm3/pcna/pole3/lig1/pola1/gins1/mcm7",9
"GO:0010256","endomembrane system organization","61/2534","279/18773",0.218637992831541,1.61976757672712,4.11997389647283,7.81751399099052e-05,0.00202762367387943,0.001784424483292,"tmed9/uso1/tmed2/tmem147/nsfl1c/tram1/arl1/ncln/washc4/yipf5/esyt2a/emc10/lmnb1/tango2/gorasp2/ccdc47/tmed10/dag1/get4/emc4/jagn1b/lnpa/reep3a/emc6/cdipt/dysf/atl3/cog4/vmp1/plk3/lmnb2/ap3d1/mtss1/ist1/tmed3/tmpoa/tmed7/snap29/tmco1/copb2/pdcd10b/camlg/tmem170a/baiap2a/bet1/mtss1lb/vapb/armh3/sec22ba/lnpk/mmgt1/clasp2/pacsin2/rtn1a/golga2/banf1/chmp7/aktip/vps18/ctdnep1a/emc3",61
"GO:0006099","tricarboxylic acid cycle","12/2534","27/18773",0.444444444444444,3.29264228711742,4.70915311482142,8.6317406135862e-05,0.00219918417933758,0.00193540751345151,"suclg1/dlst/ireb2/sdha/sdhaf2/aco2/sdhb/cs/aco1/ogdhb/idh3g/ogdha",12
"GO:0072599","establishment of protein localization to endoplasmic reticulum","12/2534","27/18773",0.444444444444444,3.29264228711742,4.70915311482142,8.6317406135862e-05,0.00219918417933758,0.00193540751345151,"ssr3/tram1/srp68/srpra/spcs3/sgta/spcs2/sec63/srp9/srp72/srp54/srprb",12
"GO:0031123","RNA 3'-end processing","20/2534","61/18773",0.327868852459016,2.42899840852925,4.41586202598731,9.0768154625834e-05,0.0022840629437909,0.0020101056674301,"fbl/dkc1/gnl3/papolg/exosc9/ints12/exosc10/exosc2/ints14/supv3l1/cpsf3/ints5/cpsf6/cstf2/slbp/exosc5/usb1/pcf11/ptcd1/eri1",20
"GO:0031647","regulation of protein stability","18/2534","52/18773",0.346153846153846,2.56446178131261,4.46252893843879,9.12355812907098e-05,0.0022840629437909,0.0020101056674301,"usp9/tp53/usp36/hypk/utp25/mapk14a/usp10/bag3/usp5/usp24/cdc37/usp1/usp40/bag1/ddrgk1/usp12a/park7/hsp90aa1.2",18
"GO:0045454","cell redox homeostasis","10/2534","20/18773",0.5,3.7042225730071,4.77970388547009,9.98504934648169e-05,0.00247818595418283,0.00218094498883679,"prdx1/txn2/selenot1b/gclm/prdx6/prdx4/prdx3/prdx5/gsr/selenot1a",10
"GO:0097250","mitochondrial respirasome assembly","21/2534","67/18773",0.313432835820896,2.32204997113878,4.28226702340639,0.000127044134633737,0.00311949098353355,0.00274532999300387,"coa3a/rab5if/atpaf1/ndufa12/sdhaf2/ndufs5/bcs1l/ndufa11/lyrm7/cox17/ndufs7/sco1/si:dkey-88p24.11/tmem223/tmem70/cox7a2l/ndufaf6/ndufb8/surf1/sdhaf3/zgc:193742",21
"GO:0070897","transcription preinitiation complex assembly","9/2534","17/18773",0.529411764705882,3.92211801847811,4.76136020713726,0.000127856872544966,0.00311949098353355,0.00274532999300387,"psmc6/brf1b/polr1e/taf7/taf6/dr1/taf1/zgc:162472/taf11",9
"GO:1902369","negative regulation of RNA catabolic process","13/2534","32/18773",0.40625,3.00968084056827,4.49453366900592,0.000135195709989079,0.00327082730301309,0.00287851458596826,"hnrnpa0b/syncrip/hnrnpa0a/elavl1a/larp1b/igf2bp3/nbas/igf2bp1/zcchc17/syncripl/qkia/dhx34/larp1",13
"GO:0045176","apical protein localization","8/2534","14/18773",0.571428571428571,4.23339722629383,4.78076256023979,0.000153110506406103,0.00364301775159645,0.00320606340947795,"atp6ap2/atp6ap1b/atp6v0d1/atp6v0ca/dctn1a/prkci/vps18/pafah1b1b",8
"GO:0090151","establishment of protein localization to mitochondrial membrane","8/2534","14/18773",0.571428571428571,4.23339722629383,4.78076256023979,0.000153110506406103,0.00364301775159645,0.00320606340947795,"timm10/tomm70a/maip1/bcs1l/agk/timm13/timm29/oxa1l",8
"GO:0006260","DNA replication","35/2534","139/18773",0.251798561151079,1.86543582813307,4.04546233686737,0.000155255719020878,0.00366378045132056,0.00322433576948451,"ssbp1/mcm4/parp1/mcm2/rbbp4/mcm6/supt16h/rbb4l/ssrp1a/rnaseh1/tipin/rfc4/wdr18/pold3/mcm5/mcm3/atrxl/pcna/pole3/zgc:110269/mcmbp/lig1/pola1/rnaseh2a/gins2/sde2/gmnn/fen1/atrx/rfc2/gins1/mcm7/orc1/lrwd1/chaf1a",35
"GO:0048514","blood vessel morphogenesis","88/2534","448/18773",0.196428571428571,1.4552302965385,3.85236217520032,0.000157528140410947,0.00368718305888712,0.00324493139896576,"nrp2a/wdr43/mtdhb/tp53/vash2/elavl1a/myh9a/sema3ab/uqcrb/hars/sdf4/arhgef9b/elmo1/spns2/cds2/shc1/eif4e2/robo4/nus1/ell/kmt2d/iqsec1b/fktn/lpar2a/abca1a/aplnrb/mydgf/mcamb/map3k7/msna/ube3d/flt4/pkma/ppih/cemip2/vezf1b/psme3/tars1/tspan18a/nrp2b/utp15/rab11a/camsap2b/dlc/mtdha/mib1/hdac9b/prmt5/sh3gl3b/efnb2a/pdcd10b/nfkb2/ephb4a/rasip1/itga5/rasa3/ctsz/rtn4a/nrxn1a/sars1/plekhg5a/fmnl3/sec14l8/nrp1b/fbxw11b/ppp1cab/pknox1.1/pdcd2l/hdac6/unc45a/dyrk1aa/dcbld2/vclb/notch1a/prcp/gata2a/serpinf1/fbn2b/dhx15/plekhg5b/pik3c2a/ptenb/wars2/hlx1/kctd10/pdgfbb/jak2a/pald1a",88
"GO:0007035","vacuolar acidification","7/2534","11/18773",0.636363636363636,4.71446509291813,4.86779180565792,0.000162277201604777,0.00376771018887221,0.00331579986640661,"atp6v0d1/atp6v1ba/tcirg1b/atp6v0a2b/atp6v1b2/dmxl2/atp6v0a1a",7
"GO:0007034","vacuolar transport","28/2534","103/18773",0.271844660194175,2.01394625328542,4.07605771969216,0.00017319601893102,0.00398905070801926,0.00351059214793234,"m6pr/ndfip1l/scarb2a/vcp/vps28/tmem50a/atp6v0d1/zgc:100918/snapin/ap3d1/mgrn1a/vipas39/vps13a/vta1/mcoln1a/gnptab/chmp6b/sybl1/ptpn23a/ndfip1/vps54/vps37a/vps36/chmp7/aktip/vps18/chmp1a/pik3r4",28
"GO:0000724","double-strand break repair via homologous recombination","26/2534","93/18773",0.279569892473118,2.07117821286419,4.09066303449368,0.000178227745395298,0.00407236253169097,0.00358391130464897,"rad21a/ube2nb/mcm4/nucks1a/hdgfl2/mcm2/mcm6/nucks1b/ppp4cb/actr2a/mre11a/pias4a/rnf8/mcm5/mcm3/nipblb/gins2/nabp1a/sem1/rad51b/fan1/rev3l/mcm7/smc5/nipbla/kat5b",26
"GO:0000154","rRNA modification","11/2534","25/18773",0.44,3.25971586424625,4.46606771514615,0.000190400781014751,0.00431625077591706,0.00379854687030671,"fbl/nop10/dkc1/nsun5/gar1/nop2/nhp2/ftsj3/nat10/tfb2m/bud23",11
"GO:1903312","negative regulation of mRNA metabolic process","12/2534","29/18773",0.413793103448276,3.06556350869553,4.39729245691847,0.000198492440728189,0.00446452919419105,0.00392904033579564,"hnrnpa0b/syncrip/hnrnpa0a/larp1b/igf2bp3/nbas/igf2bp1/syncripl/qkia/rbmx/dhx34/larp1",12
"GO:0034504","protein localization to nucleus","21/2534","69/18773",0.304347826086957,2.25474417487389,4.12469104454887,0.000201933282693825,0.00450671256492654,0.00396616410807049,"tmem147/nup107/utp25/snupn/hikeshi/lmnb1/nup62l/ipo11/kpnb3/nup93/nup50/lmnb2/nol8/tprb/ipo4/nup98/ipo9/nup155/nup88/nutf2l/nup35",21
"GO:0000725","recombinational repair","26/2534","94/18773",0.276595744680851,2.04914440208904,4.028109988883,0.000215157182818819,0.00472853075828534,0.00416137677014783,"rad21a/ube2nb/mcm4/nucks1a/hdgfl2/mcm2/mcm6/nucks1b/ppp4cb/actr2a/mre11a/pias4a/rnf8/mcm5/mcm3/nipblb/gins2/nabp1a/sem1/rad51b/fan1/rev3l/mcm7/smc5/nipbla/kat5b",26
"GO:0036269","swimming behavior","26/2534","94/18773",0.276595744680851,2.04914440208904,4.028109988883,0.000215157182818819,0.00472853075828534,0.00416137677014783,"gars1/nop56/sigmar1/nus1/lsm7/tango2/slc26a2/nup50/cyp20a1/rbfox1/myo9aa/psen1/ngly1/vapb/depdc5/zc4h2/tfg/ctns/hdac6/cln5/asah1b/surf1/sin3b/park7/lars1b/dnmt3aa",26
"GO:0006520","amino acid metabolic process","51/2534","231/18773",0.220779220779221,1.63563074652262,3.83982591472883,0.000225632396456429,0.00492117931362166,0.00433091848700658,"yars1/kars1/gars1/aldh18a1/dlst/nit2/hars/got2b/psat1/dbt/tdh/farsb/hibadhb/eprs1/ctps1a/qars1/gcsha/lrrc47/sephs1/cbsb/bckdha/adi1/aars1/bckdhb/tars1/si:dkeyp-120h9.1/azin1b/glud1b/azin1a/odc1/aldh6a1/aasdhppt/rars1/sars1/vars1/blmh/enosf1/farsa/phgdh/psph/pycr1b/amt/glulb/agxta/accs/ivd/cars1/lars1b/tha1/wars2/aars2",51
"GO:1904888","cranial skeletal system development","55/2534","256/18773",0.21484375,1.59165813683899,3.76516877246543,0.000273768273058195,0.00592615682807927,0.005215356020982,"nolc1/cnbpa/psmd12/wdr43/rad21a/usp36/psmd7/mvp/chd7/egr1/sar1b/spns2/itga8/kmt2d/polr1c/mia3/usp44/nbas/htt/mmachc/shrprbck1r/edn1/zyg11/ep300b/smarca4a/rap1b/rap1ab/mysm1/hcfc1b/ep300a/meis2a/usp39/fscn1a/vdrb/mapk3/pmm2/mia2/fam50a/nipblb/gnptab/usp5/usp24/bptf/nr3c1/itga5/wls/uchl3/caspa/kdm6a/mapre2/nr1h3/nr2f2/sec23a/ptpn11a/nipbla",55
"GO:0006614","SRP-dependent cotranslational protein targeting to membrane","8/2534","15/18773",0.533333333333333,3.95117074454091,4.51674568058332,0.000289246936002614,0.00610296599614687,0.00537095817360762,"ssr3/tram1/srp68/srpra/sec63/srp9/srp72/srp54",8
"GO:0032790","ribosome disassembly","8/2534","15/18773",0.533333333333333,3.95117074454091,4.51674568058332,0.000289246936002614,0.00610296599614687,0.00537095817360762,"mtif3/rnf25/ufsp2/pelo/ufl1/ddrgk1/trip4/gfm2",8
"GO:0007040","lysosome organization","12/2534","30/18773",0.4,2.96337805840568,4.25132146150312,0.000290415540629427,0.00610296599614687,0.00537095817360762,"zgc:100918/rab14/snapin/cln3/gnptab/aktip/vps18/cln5/lamtor1/mfsd8/rab34a/atp6v0a1a",12
"GO:0080171","lytic vacuole organization","12/2534","30/18773",0.4,2.96337805840568,4.25132146150312,0.000290415540629427,0.00610296599614687,0.00537095817360762,"zgc:100918/rab14/snapin/cln3/gnptab/aktip/vps18/cln5/lamtor1/mfsd8/rab34a/atp6v0a1a",12
"GO:0000723","telomere maintenance","15/2534","43/18773",0.348837209302326,2.58434133000496,4.10859211030108,0.000313983808856812,0.00651649704082712,0.00573488907964054,"nop10/gar1/nhp2/zgc:113263/mre11a/xrcc6/rif1/tert/xrcc5/tinf2/terfa/ufl1/rad50/ylpm1/nek7",15
"GO:0048701","embryonic cranial skeleton morphogenesis","41/2534","177/18773",0.231638418079096,1.71608051404849,3.7810955946545,0.000314620732433126,0.00651649704082712,0.00573488907964054,"nolc1/cnbpa/wdr43/rad21a/chd7/egr1/sar1b/spns2/itga8/kmt2d/polr1c/mia3/nbas/htt/mmachc/shrprbck1r/edn1/ep300b/smarca4a/rap1b/rap1ab/hcfc1b/ep300a/meis2a/fscn1a/vdrb/pmm2/mia2/fam50a/nipblb/gnptab/nr3c1/itga5/wls/caspa/kdm6a/mapre2/nr1h3/sec23a/ptpn11a/nipbla",41
"GO:0051452","intracellular pH reduction","7/2534","12/18773",0.583333333333333,4.32159300184162,4.54661295709065,0.000343970111917614,0.00707349965864864,0.00622508315327591,"atp6v0d1/atp6v1ba/tcirg1b/atp6v0a2b/atp6v1b2/dmxl2/atp6v0a1a",7
"GO:0001525","angiogenesis","72/2534","360/18773",0.2,1.48168902920284,3.64531167075791,0.000348113479779004,0.00710793410130322,0.00625538742686124,"nrp2a/wdr43/mtdhb/tp53/vash2/elavl1a/myh9a/sema3ab/uqcrb/hars/sdf4/arhgef9b/elmo1/spns2/cds2/shc1/eif4e2/robo4/nus1/iqsec1b/lpar2a/abca1a/aplnrb/mydgf/mcamb/ube3d/flt4/pkma/ppih/cemip2/psme3/tars1/tspan18a/nrp2b/utp15/rab11a/camsap2b/mtdha/mib1/hdac9b/efnb2a/pdcd10b/nfkb2/ephb4a/rasip1/itga5/ctsz/rtn4a/nrxn1a/sars1/plekhg5a/fmnl3/nrp1b/fbxw11b/ppp1cab/pknox1.1/hdac6/unc45a/dyrk1aa/dcbld2/notch1a/prcp/gata2a/serpinf1/plekhg5b/pik3c2a/ptenb/wars2/hlx1/kctd10/pdgfbb/pald1a",72
"GO:0010833","telomere maintenance via telomere lengthening","9/2534","19/18773",0.473684210526316,3.50926349021726,4.32269953585456,0.000376579992269738,0.00758163494926277,0.006672271191706,"nop10/gar1/nhp2/zgc:113263/tert/tinf2/terfa/rad50/nek7",9
"GO:0045292","mRNA cis splicing, via spliceosome","9/2534","19/18773",0.473684210526316,3.50926349021726,4.32269953585456,0.000376579992269738,0.00758163494926277,0.006672271191706,"prpf39/prpf40a/sf3a1/srsf7a/clns1a/sfswap/snrpc/sde2/ncbp2",9
"GO:0060218","hematopoietic stem cell differentiation","24/2534","87/18773",0.275862068965517,2.04370900579702,3.85442697498191,0.000386319506023875,0.00772370734613011,0.00679730300438207,"wdr43/myca/tnfrsf1b/adtrp1/sf3a3/metap2b/ap2a1/rap1b/efna1b/fev/dlc/ncor2/tgfb1a/mib1/ddx46/snrnp70/nr3c1/cdca7a/nop14/fgfr4/ufl1/dnmt3bb.1/notch1a/hdac1",24
"GO:0016567","protein ubiquitination","83/2534","429/18773",0.193473193473193,1.43333554107035,3.58661592594614,0.000393991397754941,0.00782276713197569,0.00688448126603371,"cand1/ube2l3b/ube2nb/ndfip1l/prpf19/pef1/vcp/huwe1/ubr3/dtx2/ube4b/mylipb/uhrf1/usp44/skp1/socs3a/rnf8/anapc16/shrprbck1r/dcaf13/rc3h2/ube3d/ube2v2/ube3a/trim71/ube2d1b/uba1/ankib1a/rbx1/msl2a/cul2/rnf217/ddb1/rnf25/ube2na/mgrn1a/rnf146/mib1/si:ch73-335l21.4/ube2l3a/klhl20/dda1/cdc34a/birc2/anapc2/mdm4/cul3b/asb12a/hectd1/cul1a/kctd6b/ubb/fzr1b/ambra1b/ndfip1/rnf114/kbtbd8/rnf181/pcnp/ppil2/rnf40/msl2b/fbxw11b/fbxw5/cul3a/toporsa/anapc5/wsb1/ercc8/ubxn1/ube2q1/cnot4b/fbxo45/anapc11/n4bp1/ddb2/parp2/ppp1r11/zgc:101783/rnf6/peli1b/kctd10/anapc4",83
"GO:0007586","digestion","12/2534","31/18773",0.387096774193548,2.86778521781195,4.11129605235338,0.000416027454986056,0.00820371947195106,0.0072197410537234,"tp53/chd7/sar1b/ptbp1a/npc1/uhrf1/cdipt/tert/shank3b/nr1h3/flna/mllt10",12
"GO:1902373","negative regulation of mRNA catabolic process","11/2534","27/18773",0.407407407407407,3.01825542985764,4.14555462813574,0.000429949387348391,0.00842057337534705,0.00741058485748354,"hnrnpa0b/syncrip/hnrnpa0a/larp1b/igf2bp3/nbas/igf2bp1/syncripl/qkia/dhx34/larp1",11
"GO:0006487","protein N-linked glycosylation","16/2534","49/18773",0.326530612244898,2.41908412931076,3.92903415337402,0.000471392675790023,0.00916986157837483,0.00807000121356034,"rpn1/dpm1/ddost/krtcap2/mgat4a/stt3a/dad1/si:ch73-91k6.2/pmm2/alg8/uggt1/uggt2/mgat1b/tmem258/mogs/mgat3b",16
"GO:0051247","positive regulation of protein metabolic process","35/2534","147/18773",0.238095238095238,1.76391551095576,3.67301864967201,0.00048755779864941,0.0094206637739037,0.00829072145071798,"cnbpa/rad21a/ssb/coa3a/tp53/pycard/ndfip1l/tmem259/oaz1a/pef1/cnbpb/hip1/larp1b/gsk3ab/psme1/larp4ab/nck1b/diablob/ccdc22/ube2d1b/fmr1/psme3/plgrkt/mib1/dda1/birc2/csnk1db/caspa/fzr1b/ndfip1/oaz1b/eif5a/rcc1l/larp1/fxr2",35
"GO:0006613","cotranslational protein targeting to membrane","8/2534","16/18773",0.5,3.7042225730071,4.27464125560826,0.000510129345362347,0.00979108256865465,0.0086167111178047,"ssr3/tram1/srp68/srpra/sec63/srp9/srp72/srp54",8
"GO:0061024","membrane organization","74/2534","377/18773",0.196286472148541,1.45417756181711,3.51895397227825,0.000515235002592996,0.00982358657261745,0.00864531649523417,"tmed9/uso1/tmem147/triap1/timm10/nsfl1c/tram1/tomm70a/ncln/maip1/atp11a/yipf5/sar1b/stx4/picalma/pef1/emc10/lmnb1/ccdc47/dchs1b/tmem30aa/chchd6b/dag1/get4/bcs1l/zgc:100918/emc4/emc6/dysf/agk/lmnb2/ap3d1/rhot1a/mtss1/sptan1/tmpoa/snap29/slc35f6/chmp6b/tmco1/timm13/gosr2/sclt1/immt/camlg/baiap2a/picalmb/bet1/sybl1/mtss1lb/timm29/vapb/sh3glb1b/uvrag/sec22ba/mesd/mmgt1/pacsin2/stx5a/tfg/ywhaba/banf1/chmp7/ndrg4/pitpnb/ctdnep1a/oxa1l/sec23a/vps39/mfsd2ab/emc3/opa1/rab34a/si:ch211-266g18.9",74
"GO:0006406","mRNA export from nucleus","13/2534","36/18773",0.361111111111111,2.67527185828291,3.9743439766035,0.000532759843144169,0.0100908920290267,0.0088805605432688,"nup107/ddx39ab/alyref/ddx39aa/nxt2/nup93/eny2/thoc2/mcm3ap/tprb/sem1/pcid2/nup88",13
"GO:0019646","aerobic electron transport chain","18/2534","59/18773",0.305084745762712,2.26020360386874,3.82967877332698,0.000544283175288918,0.0102417729520052,0.00901334436133764,"ndufs2/uqcrfs1/uqcrb/ndufa10/cox6a1/ndufb6/cox5ab/sdha/cyc1/sdhaf2/uqcr10/cox8a/sdhb/uqcrh/cox7a2l/ndufb8/ndufa7/cox5aa",18
"GO:0032200","telomere organization","15/2534","45/18773",0.333333333333333,2.46948171533807,3.89855513188164,0.000548922720668207,0.0102620033298946,0.00903114824776743,"nop10/gar1/nhp2/zgc:113263/mre11a/xrcc6/rif1/tert/xrcc5/tinf2/terfa/ufl1/rad50/ylpm1/nek7",15
"GO:0006119","oxidative phosphorylation","22/2534","79/18773",0.278481012658228,2.06311130648497,3.74041767566052,0.00057651842496501,0.0107083648095114,0.00942397180910546,"ndufs2/uqcrfs1/atp5f1b/uqcrb/ndufa10/cox6a1/ndufb6/cox5ab/sdha/cyc1/sdhaf2/uqcr10/cox8a/atp5po/sdhb/atp5if1a/uqcrh/cox7a2l/ndufb8/atp5mf/ndufa7/cox5aa",22
"GO:0006606","protein import into nucleus","16/2534","50/18773",0.32,2.37070244672455,3.83371133262332,0.000607355419678747,0.0112088221362507,0.00986440280139503,"nup107/snupn/hikeshi/nup62l/ipo11/kpnb3/nup93/nup50/tprb/ipo4/nup98/ipo9/nup155/nup88/nutf2l/nup35",16
"GO:0043489","RNA stabilization","11/2534","28/18773",0.392857142857143,2.91046059307701,3.99625612014437,0.000622373678470321,0.011412826880994,0.0100439386126588,"hnrnpa0b/syncrip/hnrnpa0a/elavl1a/larp1b/igf2bp3/igf2bp1/zcchc17/syncripl/qkia/larp1",11
"GO:0006626","protein targeting to mitochondrion","14/2534","41/18773",0.341463414634146,2.52971297668778,3.87336783512496,0.000633048760693203,0.0115351100128844,0.010151554743428,"hspd1/pam16/dnajc19/timm23a/timm10/tomm70a/tomm40/tomm40l/grpel1/timm17a/agk/timm13/timm29/immp2l",14
"GO:0060026","convergent extension","38/2534","166/18773",0.228915662650602,1.69590912981048,3.55751988676202,0.000650932476844353,0.011764382950682,0.0103533280058104,"acvr1l/kmt2d/nup62l/tab2/prmt1/ap2a1/mcamb/robo1/csk/rap1b/rap1ab/dsc2l/ppp1r12a/fzd7a/gata6/ppp1caa/gna13a/ptprea/akap12b/appb/cdh2/ephb4a/marcksb/tax1bp3/vangl2/kdm6a/rap1aa/sec14l8/diaph2/mpzl1l/ctsba/pigp/ptk2ab/hdac1/hipk2/ptenb/ptpn11a/mcc",38
"GO:0000727","double-strand break repair via break-induced replication","7/2534","13/18773",0.538461538461538,3.98916277093073,4.25876583019993,0.000658409929200122,0.011764382950682,0.0103533280058104,"mcm4/mcm2/mcm6/mcm5/mcm3/gins2/mcm7",7
"GO:1902969","mitotic DNA replication","7/2534","13/18773",0.538461538461538,3.98916277093073,4.25876583019993,0.000658409929200122,0.011764382950682,0.0103533280058104,"mcm4/mcm2/mcm6/mcm3/lig1/pola1/gins1",7
"GO:0006261","DNA-templated DNA replication","24/2534","90/18773",0.266666666666667,1.97558537227046,3.66473153185726,0.00066197639389041,0.011764382950682,0.0103533280058104,"ssbp1/mcm4/parp1/mcm2/mcm6/tipin/rfc4/wdr18/pold3/mcm5/mcm3/atrxl/pcna/pole3/mcmbp/lig1/pola1/gins2/gmnn/atrx/rfc2/gins1/mcm7/orc1",24
"GO:0048706","embryonic skeletal system development","47/2534","218/18773",0.215596330275229,1.597233586526,3.50365171212911,0.000675769245104268,0.011935826114449,0.0105042077685888,"nolc1/cnbpa/wdr43/rad21a/nansa/chd7/egr1/sar1b/spns2/itga8/kmt2d/polr1c/mia3/nsd2/nbas/htt/mmachc/shrprbck1r/edn1/ep300b/smarca4a/rap1b/rap1ab/hcfc1b/ep300a/meis2a/fscn1a/vdrb/pmm2/hoxa9a/itpr3/mia2/fam50a/nipblb/gnptab/hoxb9a/nr3c1/itga5/wls/caspa/kdm6a/mapre2/nr1h3/hdac1/sec23a/ptpn11a/nipbla",47
"GO:0042775","mitochondrial ATP synthesis coupled electron transport","18/2534","60/18773",0.3,2.22253354380426,3.74665442604575,0.000680718383251095,0.011949928203536,0.0105166184113311,"ndufs2/uqcrfs1/uqcrb/ndufa10/cox6a1/ndufb6/cox5ab/sdha/cyc1/sdhaf2/uqcr10/cox8a/sdhb/uqcrh/cox7a2l/ndufb8/ndufa7/cox5aa",18
"GO:0045944","positive regulation of transcription by RNA polymerase II","68/2534","344/18773",0.197674418604651,1.46446008700281,3.43443793587237,0.000696805169737781,0.0121581944465156,0.0106999045841074,"ptmaa/cnbpa/npm1a/tp53/ptmab/smarca5/egr1/psmc6/hells/neurod6b/jun/ell/med25/crebbpa/actr2a/relb/rel/dhx9/rtraf/hnrnpub/top2b/gtf2f1/ep300b/smarca4a/hnrnpua/mysm1/ep300a/atf4a/meis2a/sub1a/purbb/vdrb/raraa/taf3/med10/tead3b/znf142/sub1b/gata6/tcea1/akirin1/nfkb2/brd4/lpin2/tfap2c/kansl3/mef2aa/mdc1/tet3/sox3/rbmx/crebbpb/nr1h3/gata2a/med19b/hipk2/mrtfab/ldb1a/pax6b/ikbkb/rxrbb/abhd14b/kmt2ca/ppargc1b/nr2c2/tet1/jak2a/mrtfba",68
"GO:0031507","heterochromatin formation","21/2534","75/18773",0.28,2.07436464088398,3.68267757836701,0.000704032360657233,0.0122102961827239,0.0107457570837157,"h2az2b/h2az2a/smarca5/hells/cbx5/lmnb1/cbx3a/dnmt1/setdb1a/uhrf1/phf2/eed/h2ax/smarca4a/lmnb2/mbd3b/pole3/setdb1b/cbx1a/hdac1/nsd1b",21
"GO:0060729","intestinal epithelial structure maintenance","6/2534","10/18773",0.6,4.44506708760852,4.30452744766851,0.000775216352800373,0.0132104561812319,0.011625954928877,"tp53/ptbp1a/uhrf1/cdipt/tert/mllt10",6
"GO:1903051","negative regulation of proteolysis involved in protein catabolic process","6/2534","10/18773",0.6,4.44506708760852,4.30452744766851,0.000775216352800373,0.0132104561812319,0.011625954928877,"usp14/edn1/styx/ubxn1/n4bp1/fhit",6
"GO:0051170","import into nucleus","16/2534","51/18773",0.313725490196078,2.32421808502406,3.74065297075263,0.000775466166942754,0.0132104561812319,0.011625954928877,"nup107/snupn/hikeshi/nup62l/ipo11/kpnb3/nup93/nup50/tprb/ipo4/nup98/ipo9/nup155/nup88/nutf2l/nup35",16
"GO:0003407","neural retina development","32/2534","134/18773",0.238805970149254,1.76918093039145,3.52978733722095,0.000787158217756361,0.0133307559348268,0.0117318255736196,"pcdh17/ccnd1/gnl3/chd7/egr1/sigmar1/atp6v1h/dnmt1/top2b/tubgcp3/ube3d/cdipt/exosc2/smarca4a/rpgrb/crk/tbx2b/igf2bp1/cactin/dctn1a/mib1/gnl2/znf644a/nrf1/marcksb/tapt1a/agrn/cdk5/slbp/toporsa/mafba/cep290",32
"GO:0000463","maturation of LSU-rRNA from tricistronic rRNA transcript (SSU-rRNA, 5.8S rRNA, LSU-rRNA)","8/2534","17/18773",0.470588235294118,3.4863271275361,4.05127341610311,0.000849927098977798,0.0143095913330823,0.0125932565542601,"rpf2/pes/ppan/wdr12/ddx18/ftsj3/gnl2/pak1ip1",8
"GO:0071985","multivesicular body sorting pathway","11/2534","29/18773",0.379310344827586,2.81009988297091,3.85344654286793,0.000881412212646073,0.0147534055826049,0.012983838407828,"vcp/vps28/tmem50a/dennd10/vta1/chmp6b/ptpn23a/pdcd6ip/vps36/chmp7/chmp1a",11
"GO:0015980","energy derivation by oxidation of organic compounds","41/2534","186/18773",0.220430107526882,1.63304436014292,3.4274008787659,0.000912335653256432,0.015182741882805,0.0133616788402083,"ndufs2/suclg1/uqcrfs1/atp5f1b/dlst/uqcrb/ndufa10/ireb2/cox6a1/sigmar1/ndufb6/cox5ab/sdha/atg3/cyc1/sdhaf2/uqcr10/aco2/cox8a/atp5po/sdhb/inpp5ka/ndufs7/atp5if1a/uqcrh/ppp1caa/cs/ppp1r3cb/coq10b/cox7a2l/aco1/ogdhb/idh3g/wipi1/ndufb8/ppp1cab/cln5/atp5mf/ndufa7/cox5aa/ogdha",41
"GO:0048704","embryonic skeletal system morphogenesis","43/2534","198/18773",0.217171717171717,1.60890475393238,3.40248708817862,0.000956288980264808,0.0158227354838068,0.0139249097126279,"nolc1/cnbpa/wdr43/rad21a/chd7/egr1/sar1b/spns2/itga8/kmt2d/polr1c/mia3/nbas/htt/mmachc/shrprbck1r/edn1/ep300b/smarca4a/rap1b/rap1ab/hcfc1b/ep300a/meis2a/fscn1a/vdrb/pmm2/hoxa9a/mia2/fam50a/nipblb/gnptab/hoxb9a/nr3c1/itga5/wls/caspa/kdm6a/mapre2/nr1h3/sec23a/ptpn11a/nipbla",43
"GO:0045814","negative regulation of gene expression, epigenetic","23/2534","87/18773",0.264367816091954,1.95855446388881,3.5399504671141,0.000965783865771833,0.0158885242831835,0.0139828076084981,"h2az2b/h2az2a/smarca5/hells/cbx5/lmnb1/cbx3a/dnmt1/setdb1a/uhrf1/phf2/eed/h2ax/mtf2/smarca4a/lmnb2/mbd3b/pole3/setdb1b/dnmt3bb.1/cbx1a/hdac1/nsd1b",23
"GO:0010628","positive regulation of gene expression","37/2534","164/18773",0.225609756097561,1.67141750245442,3.41139494379941,0.00101177146632006,0.0165505116564514,0.0145653942549783,"hspd1/hnrnpa0b/cnbpa/ssb/cirbpa/coa3a/syncrip/hnrnpa0a/apex1/cnbpb/larp1b/igf2bp3/larp4ab/nck1b/dyrk1ab/nbas/phf2/zgc:153631/fmr1/plgrkt/igf2bp1/tbk1/caspa/atad2b/mef2aa/syncripl/qkia/rbmx/dyrk1aa/dhx37/dhx34/eif5a/opa1/vps72a/rcc1l/larp1/fxr2",37
"GO:0042176","regulation of protein catabolic process","20/2534","72/18773",0.277777777777778,2.05790142944839,3.55269540435745,0.00104133636995134,0.0169378949666096,0.0149063136632344,"tmem259/oaz1a/psmd2/vcp/gsk3ab/psme1/usp14/psmd1/edn1/psme3/azin1b/styx/dda1/csnk1db/azin1a/fzr1b/oaz1b/ubxn1/n4bp1/fhit",20
"GO:0006997","nucleus organization","14/2534","43/18773",0.325581395348837,2.41205190800463,3.66180268019975,0.00108343377012609,0.0175236282258034,0.015421792339997,"nsfl1c/nup107/seh1l/lmnb1/nup93/rnf8/phf2/nup205/lmnb2/tmpoa/banf1/chmp7/ctdnep1a/nup35",14
"GO:0071824","protein-DNA complex organization","24/2534","93/18773",0.258064516129032,1.91185681187463,3.48223937743565,0.00109497951507398,0.0175695804676704,0.015462232933834,"seta/setb/psmc6/nasp/zgc:110425/sart3/h1-10/chd1/brf1b/polr1e/taf7/nap1l1/nap1l4a/taf6/atad2b/si:dkey-108k21.21/mis12/chd2/dr1/mis18a/taf1/zgc:162472/chaf1a/taf11",24
"GO:0032259","methylation","45/2534","211/18773",0.213270142180095,1.58000014962388,3.34684720834161,0.00109848019596411,0.0175695804676704,0.015462232933834,"fbl/lyn/nsun5/nop2/kdm1a/trmt112/coq5/mettl6/ftsj3/kmt2d/dnmt1/setdb1a/eef1akmt1/prmt1/pcmt/dph7/dnmt3ba/ash2l/setd1ba/tfb2m/nsun2/setd2/setdb1b/prmt5/trmt1/thada/trmt61b/bud23/prmt7/mettl17/dnmt3bb.1/pcmtl/amt/trmt61a/kmt5c/eef1akmt2/setd1a/trmt11/prdm9/kmt2ca/trmt10a/mettl25/wdr6/setd7/dnmt3aa",45
"GO:0006914","autophagy","49/2534","235/18773",0.208510638297872,1.5447396261902,3.31948261003052,0.00114157269878353,0.0178208469382507,0.0156833617595179,"hspd1/tp53/nsfl1c/washc4/cisd2/atp2a2b/usp10/vcp/snx7/atg3/gsk3ab/tmem39a/psen2/emc6/vmp1/ap3d1/tex264a/nprl2/vps13a/mcoln1a/cisd1/ufc1/depdc5/tp53inp2/ei24/dap/spns1/ambra1b/pdik1l/ctns/nrbf2b/wipi1/ufl1/fyco1a/rmc1/wdr81/ddrgk1/yod1/asah1b/stk35/vps39/tigarb/mfsd8/park7/lars1b/plekhm1/pik3r4/si:ch211-266g18.9/atp6v0a1a",49
"GO:0061919","process utilizing autophagic mechanism","49/2534","235/18773",0.208510638297872,1.5447396261902,3.31948261003052,0.00114157269878353,0.0178208469382507,0.0156833617595179,"hspd1/tp53/nsfl1c/washc4/cisd2/atp2a2b/usp10/vcp/snx7/atg3/gsk3ab/tmem39a/psen2/emc6/vmp1/ap3d1/tex264a/nprl2/vps13a/mcoln1a/cisd1/ufc1/depdc5/tp53inp2/ei24/dap/spns1/ambra1b/pdik1l/ctns/nrbf2b/wipi1/ufl1/fyco1a/rmc1/wdr81/ddrgk1/yod1/asah1b/stk35/vps39/tigarb/mfsd8/park7/lars1b/plekhm1/pik3r4/si:ch211-266g18.9/atp6v0a1a",49
"GO:0048863","stem cell differentiation","55/2534","271/18773",0.202952029520295,1.50355897797336,3.29840961432285,0.00115224236617306,0.0178208469382507,0.0156833617595179,"cnbpa/nrp2a/wdr43/myca/sema3ab/chd7/sema3fb/fosl2/tnfrsf1b/pef1/adtrp1/esf1/sf3a3/rcc2/metap2b/ap2a1/psmd11b/edn1/ctr9/smarca4a/rap1b/efna1b/fmr1/psmd11a/fev/fscn1a/nrp2b/dlc/ncor2/tgfb1a/paf1/mib1/acvr2aa/ddx46/cdh2/snrnp70/nr3c1/tfap2c/cdca7a/kbtbd8/nop14/nrp1b/fgfr4/ufl1/dnmt3bb.1/sema4c/pknox1.1/notch1a/nr5a2/hdac1/jarid2b/pax6b/sema3fa/dmxl2/atp6v0a1a",55
"GO:0006278","RNA-templated DNA biosynthetic process","7/2534","14/18773",0.5,3.7042225730071,3.99834759752244,0.00116370935199414,0.0178208469382507,0.0156833617595179,"nop10/gar1/nhp2/tert/terfa/rad50/nek7",7
"GO:0007004","telomere maintenance via telomerase","7/2534","14/18773",0.5,3.7042225730071,3.99834759752244,0.00116370935199414,0.0178208469382507,0.0156833617595179,"nop10/gar1/nhp2/tert/terfa/rad50/nek7",7
"GO:0009070","serine family amino acid biosynthetic process","7/2534","14/18773",0.5,3.7042225730071,3.99834759752244,0.00116370935199414,0.0178208469382507,0.0156833617595179,"psat1/sephs1/cbsb/phgdh/psph/agxta/tha1",7
"GO:0045685","regulation of glial cell differentiation","7/2534","14/18773",0.5,3.7042225730071,3.99834759752244,0.00116370935199414,0.0178208469382507,0.0156833617595179,"chd7/qki2/eed/mib1/znf16l/grnb/qkia",7
"GO:0071025","RNA surveillance","7/2534","14/18773",0.5,3.7042225730071,3.99834759752244,0.00116370935199414,0.0178208469382507,0.0156833617595179,"exosc9/exosc10/exosc2/wdr82/supv3l1/pelo/exosc5",7
"GO:0080135","regulation of cellular response to stress","28/2534","115/18773",0.243478260869565,1.80379533989911,3.41539388829714,0.00118395303704611,0.0180349248341574,0.0158717625183514,"tp53/ube2nb/hyou1/tmem259/hdgfl2/prpf19/sigmar1/mia3/actr2a/pias4a/nck1b/socs3a/rnf8/sfpq/usp14/ptpn1/il6st/dek/mia2/yju2/smek1/pin1/usp1/ufl1/ddrgk1/insig1/ptpn11a/si:ch211-127m7.2",28
"GO:1903050","regulation of proteolysis involved in protein catabolic process","16/2534","53/18773",0.30188679245283,2.23651174219297,3.56091981743343,0.0012323193732652,0.0186728814506869,0.0164332007282512,"tmem259/vcp/gsk3ab/psme1/usp14/edn1/ccdc22/ube3a/psme3/styx/dda1/csnk1db/fzr1b/ubxn1/n4bp1/fhit",16
"GO:0071897","DNA biosynthetic process","13/2534","39/18773",0.333333333333333,2.46948171533807,3.62877607270012,0.00126638041550922,0.0190791928946071,0.0167907779738283,"nop10/gar1/vcp/nhp2/pold3/tert/pcna/lig1/poldip2/rev3l/terfa/rad50/nek7",13
"GO:0042773","ATP synthesis coupled electron transport","18/2534","63/18773",0.285714285714286,2.11669861314692,3.50710117531179,0.0012790150151647,0.0190791928946071,0.0167907779738283,"ndufs2/uqcrfs1/uqcrb/ndufa10/cox6a1/ndufb6/cox5ab/sdha/cyc1/sdhaf2/uqcr10/cox8a/sdhb/uqcrh/cox7a2l/ndufb8/ndufa7/cox5aa",18
"GO:0060216","definitive hemopoiesis","18/2534","63/18773",0.285714285714286,2.11669861314692,3.50710117531179,0.0012790150151647,0.0190791928946071,0.0167907779738283,"dkc1/tp53/gar1/cpsf1/sae1/adtrp1/myef2/dnmt1/sumo3a/ube2ib/metap2b/mbd3b/smarcc1a/mib1/ddx46/ltv1/hdac6/dhx15",18
"GO:0016226","iron-sulfur cluster assembly","9/2534","22/18773",0.409090909090909,3.03072755973308,3.76469436063049,0.00138601672849078,0.0203971855092717,0.0179506866495373,"hspa9/fdx2/ciapin1/nubp1/glrx5/nfu1/nfs1/nubp2/zgc:110319",9
"GO:0031163","metallo-sulfur cluster assembly","9/2534","22/18773",0.409090909090909,3.03072755973308,3.76469436063049,0.00138601672849078,0.0203971855092717,0.0179506866495373,"hspa9/fdx2/ciapin1/nubp1/glrx5/nfu1/nfs1/nubp2/zgc:110319",9
"GO:0022411","cellular component disassembly","36/2534","161/18773",0.22360248447205,1.65654674072367,3.3049203932092,0.0013886239526979,0.0203971855092717,0.0179506866495373,"etf1b/mtif3/cfl1/vcp/abce1/tmem39a/twf1b/zfand1/plk3/nsfb/tmod2/sptan1/camsap2b/rnf25/gsna/sh3gl3b/map1sa/capza1a/ufsp2/atad2b/spns1/pelo/sh3gl1a/dyrk3/ufl1/fyco1a/mtpn/ddrgk1/trip4/eif5a/pcf11/scaf4b/stmn1a/mfsd8/gfm2/atp6v0a1a",36
"GO:0007626","locomotory behavior","37/2534","167/18773",0.221556886227545,1.64139203833848,3.28877550466419,0.00143197859993654,0.0209272405544026,0.0184171653221868,"gars1/nop56/sigmar1/vcp/nus1/lsm7/tango2/bag3/slc26a2/nup50/cyp20a1/rbfox1/myo9aa/adgrl3.1/psen1/slc6a9/ngly1/vapb/depdc5/ambra1b/sgsh/zc4h2/vps37a/tfg/ctns/hdac6/cln5/dnajb6a/desma/asah1b/surf1/sin3b/park7/lars1b/sncgb/ldb3a/dnmt3aa",37
"GO:0048703","embryonic viscerocranium morphogenesis","27/2534","111/18773",0.243243243243243,1.80205422470616,3.3478428577715,0.00145692893197551,0.0211843353290783,0.0186434233879057,"cnbpa/wdr43/rad21a/egr1/sar1b/spns2/itga8/kmt2d/polr1c/nbas/htt/mmachc/edn1/smarca4a/hcfc1b/meis2a/fscn1a/nipblb/gnptab/nr3c1/itga5/wls/caspa/kdm6a/nr1h3/ptpn11a/nipbla",27
"GO:0030277","maintenance of gastrointestinal epithelium","6/2534","11/18773",0.545454545454545,4.04097007964411,3.98517925586783,0.00151074333423509,0.0216389555187205,0.019043515085121,"tp53/ptbp1a/uhrf1/cdipt/tert/mllt10",6
"GO:0032388","positive regulation of intracellular transport","6/2534","11/18773",0.545454545454545,4.04097007964411,3.98517925586783,0.00151074333423509,0.0216389555187205,0.019043515085121,"oaz1a/nf2b/msna/cpsf6/oaz1b/ncbp2",6
"GO:0051123","RNA polymerase II preinitiation complex assembly","6/2534","11/18773",0.545454545454545,4.04097007964411,3.98517925586783,0.00151074333423509,0.0216389555187205,0.019043515085121,"psmc6/taf7/taf6/dr1/taf1/taf11",6
"GO:0006754","ATP biosynthetic process","11/2534","31/18773",0.354838709677419,2.62880311632762,3.58525796133206,0.00166771557977402,0.0237690750206406,0.020918141743179,"atp5f1b/dlst/atp5mc1/atp5pd/atp5fa1/atp5mc3a/atp5po/atp5if1a/atp5l/atp5mf/atp5f1c",11
"GO:0016073","snRNA metabolic process","14/2534","45/18773",0.311111111111111,2.3048496009822,3.46178387600593,0.00177593665269247,0.0251868060251312,0.0221658258907481,"nop10/dkc1/exosc9/nhp2/ell/ints12/exosc10/exosc2/ints14/ice2/ints5/exosc5/snapc1b/usb1",14
"GO:0007030","Golgi organization","20/2534","75/18773",0.266666666666667,1.97558537227046,3.34408471716562,0.00179685184576099,0.0253136599229264,0.0222774645562179,"tmed9/uso1/tmed2/nsfl1c/arl1/yipf5/tango2/gorasp2/tmed10/cog4/vmp1/plk3/tmed3/tmed7/pdcd10b/bet1/armh3/sec22ba/clasp2/golga2",20
"GO:0061448","connective tissue development","45/2534","216/18773",0.208333333333333,1.54342607208629,3.17316313174366,0.00180246623278913,0.0253136599229264,0.0222774645562179,"cnbpa/ncl/acsl4b/aldh7a1/chd7/acvr1l/spns2/kif5ba/mtch2/hnrnpul1/faf1/kmt2d/nup62l/polr1c/dnmt1/ewsr1a/nsd2/htt/edn1/rap1b/hcfc1b/fmr1/nomo/pmm2/gnptab/rerea/acvr2aa/mynn/cdh2/marcksb/itga5/wls/sox6/sh3pxd2b/tapt1a/rap1aa/ltv1/unc45a/ilk/ddrgk1/nr5a2/sec23a/mbtps1/smc5/notch2",45
"GO:0000184","nuclear-transcribed mRNA catabolic process, nonsense-mediated decay","10/2534","27/18773",0.37037037037037,2.74386857259785,3.58195614145006,0.00185910380944495,0.0258568109535846,0.0227554684430918,"etf1b/magoh/nbas/rbm8a/casc3/smg1/eif4a3/dcp2/dhx34/ncbp2",10
"GO:0015986","proton motive force-driven ATP synthesis","10/2534","27/18773",0.37037037037037,2.74386857259785,3.58195614145006,0.00185910380944495,0.0258568109535846,0.0227554684430918,"atp5f1b/atp5mc1/atp5pd/atp5fa1/atp5mc3a/atp5po/atp5if1a/atp5l/atp5mf/atp5f1c",10
"GO:0032204","regulation of telomere maintenance","7/2534","15/18773",0.466666666666667,3.4572744014733,3.7608408660845,0.00192886396598672,0.0266980738369028,0.023495827763816,"zgc:113263/mre11a/tinf2/terfa/ufl1/ylpm1/nek7",7
"GO:0006753","nucleoside phosphate metabolic process","73/2534","389/18773",0.187660668380463,1.39027376776102,3.07257924991278,0.00199583403762381,0.0274928526043969,0.0241952784112844,"kars1/dut/elovl1b/uck2b/atp5f1b/pgd/pdhb/dlst/atp5mc1/nnt/atp5pd/cmpk/gmpr2/acsl1b/pdha1a/rrm2/gcdha/hint1/adssl/adsl/adcy2b/dlat/atp5fa1/impdh1b/ctps1a/itpa/atp6v1ba/ppat/atp5mc3a/nadka/pkma/exosc2/rbks/dtymk/atp5po/acot15/acot20/umps/pmm2/pde4d/nt5c3a/uck2a/atp5if1a/adka/flad1/atp5l/nt5c2a/rpe/hprt1/cnp/acsl4a/acot8/paics/aprt/atp6v1ab/acot9.1/acot14/pgm3/gnpnat1/nudt5/atp5mf/nt5c2b/tigarb/taldo1/acss2/acsl3b/park7/bckdk/opa1/atp6v1b2/atp5f1c/fhit/rfk",73
"GO:0045934","negative regulation of nucleobase-containing compound metabolic process","79/2534","427/18773",0.185011709601874,1.37064910195579,3.06044889822751,0.00201536250095818,0.0276296601917076,0.0243156768912598,"hnrnpa0b/cnbpa/syncrip/zbtb2b/ccnd1/hnrnpa0a/ehmt1a/elavl1a/parp1/smarce1/zgc:110425/h1-10/wwp2/tegt/larp1b/brms1la/igf2bp3/uhrf1/tipin/sin3ab/nbas/rnf8/eed/mta2/zgpat/mbd3b/atf4a/dnmt3ba/brms1/igf2bp1/vdrb/phc2b/raraa/rcor2/ncor2/sap30l/paf1/rsf1b.1/atp5if1a/gata6/wdr82/riox1/noc2l/zcchc17/samd1a/zgc:113363/phc1/zeb1b/si:dkey-108k21.21/sars1/men1/zgc:112083/syncripl/phf14/mta1/qkia/terfa/sox3/rbmx/dnmt3bb.1/dhx34/dr1/smad9/nr1h3/nr2f2/gata2a/hdac1/scaf4b/ldb1a/sin3b/tigarb/nelfcd/rxrbb/znf703/cry3b/si:ch211-230g15.5/si:ch211-127m7.2/larp1/dnmt3aa",79
"GO:0042177","negative regulation of protein catabolic process","8/2534","19/18773",0.421052631578947,3.11934532463756,3.65098886061308,0.00205757276507933,0.0280746539841867,0.0247072968099075,"usp14/edn1/azin1b/styx/azin1a/ubxn1/n4bp1/fhit",8
"GO:0016482","cytosolic transport","18/2534","66/18773",0.272727272727273,2.02048503982206,3.28061657039496,0.0022740374306724,0.0308818573721974,0.0271777959067948,"golt1bb/arl1/vps35/snx12/washc2c/ap1ar/snx3/rab14/rab41/vps53/vps26a/vps29/kif1b/bet1l/vps54/snx6/zgc:162698/tbc1d5",18
"GO:0065004","protein-DNA complex assembly","22/2534","87/18773",0.252873563218391,1.8733999219806,3.22547395924629,0.00228606331478722,0.030899419170293,0.0271932512907974,"seta/setb/psmc6/nasp/zgc:110425/sart3/h1-10/brf1b/polr1e/taf7/nap1l1/nap1l4a/taf6/atad2b/si:dkey-108k21.21/mis12/dr1/mis18a/taf1/zgc:162472/chaf1a/taf11",22
"GO:0009201","ribonucleoside triphosphate biosynthetic process","15/2534","51/18773",0.294117647058824,2.17895445471006,3.33031207870348,0.00230746071925586,0.0310428944426992,0.0273195177139639,"uck2b/atp5f1b/dlst/atp5mc1/atp5pd/atp5fa1/impdh1b/ctps1a/atp5mc3a/atp5po/uck2a/atp5if1a/atp5l/atp5mf/atp5f1c",15
"GO:0048705","skeletal system morphogenesis","48/2534","237/18773",0.20253164556962,1.50044458653452,3.06267628329209,0.00238513760750015,0.0319386566139206,0.0281078395165379,"nolc1/cnbpa/wdr43/rad21a/chd7/egr1/sar1b/spns2/kif5ba/itga8/kmt2d/polr1c/mia3/nbas/htt/mmachc/shrprbck1r/edn1/ep300b/smarca4a/rap1b/rap1ab/hcfc1b/ep300a/meis2a/fscn1a/vdrb/pmm2/hoxa9a/mia2/fam50a/nipblb/gnptab/cdh2/hoxb9a/nr3c1/itga5/wls/caspa/sh3pxd2b/kdm6a/rap1aa/mapre2/nr1h3/sec23a/ptpn11a/nipbla/notch2",48
"GO:0032509","endosome transport via multivesicular body sorting pathway","10/2534","28/18773",0.357142857142857,2.64587326643365,3.44279863076052,0.00254617610443086,0.0339372268734095,0.0298666953380365,"vcp/vps28/tmem50a/dennd10/vta1/chmp6b/ptpn23a/vps36/chmp7/chmp1a",10
"GO:0071786","endoplasmic reticulum tubular network organization","6/2534","12/18773",0.5,3.7042225730071,3.70155325546335,0.00267751655655256,0.0353604136069487,0.0311191808383487,"lnpa/reep3a/cdipt/tmem170a/lnpk/rtn1a",6
"GO:0071816","tail-anchored membrane protein insertion into ER membrane","6/2534","12/18773",0.5,3.7042225730071,3.70155325546335,0.00267751655655256,0.0353604136069487,0.0311191808383487,"emc10/emc4/emc6/camlg/mmgt1/emc3",6
"GO:0048589","developmental growth","71/2534","381/18773",0.186351706036745,1.38057639203939,2.96461833638254,0.00273415779024554,0.0359435629137759,0.0316323854896468,"hspd1/gars1/pcdh17/serpinh1b/hspa9/pho/utp25/sar1b/rbbp4/wwc3/mapk14a/faf1/rbb4l/kmt2d/ruvbl1/ewsr1a/htt/llph/ap2a1/clns1a/ubap1/dcaf13/flt4/cbsb/mta2/smarca4a/rap1b/ist1/igf1rb/ppp1r12a/ddx52/fus/tmem108/nipblb/gna13a/akap12b/appb/akirin1/cdh2/myo9aa/galnt2/kif1b/prdx5/itga5/tax1bp3/smc3/vangl2/gna12a/mtrex/grnb/rap1aa/dusp6/sec14l8/lamb1a/ndrg4/kmt5c/mpzl1l/krt17/orc1/cyfip1/ctsba/asah1b/pigp/hdac1/ctnnd1/si:dkey-40c11.2/taf1/atp6v1e1b/ptpn11a/gap43/notch2",71
"GO:0009069","serine family amino acid metabolic process","9/2534","24/18773",0.375,2.77816692975533,3.44324584792027,0.00283033828650862,0.0367295193315762,0.0323240719661812,"psat1/gcsha/sephs1/cbsb/phgdh/psph/amt/agxta/tha1",9
"GO:1905897","regulation of response to endoplasmic reticulum stress","9/2534","24/18773",0.375,2.77816692975533,3.44324584792027,0.00283033828650862,0.0367295193315762,0.0323240719661812,"tmem259/sigmar1/mia3/nck1b/usp14/ptpn1/mia2/ufl1/ddrgk1",9
"GO:0009142","nucleoside triphosphate biosynthetic process","16/2534","57/18773",0.280701754385965,2.07956354975837,3.22446791149753,0.00283952065352063,0.0367295193315762,0.0323240719661812,"uck2b/atp5f1b/dlst/atp5mc1/atp5pd/atp5fa1/impdh1b/ctps1a/atp5mc3a/dtymk/atp5po/uck2a/atp5if1a/atp5l/atp5mf/atp5f1c",16
"GO:0009123","nucleoside monophosphate metabolic process","15/2534","52/18773",0.288461538461538,2.13705148442717,3.24336792011229,0.00284497492564831,0.0367295193315762,0.0323240719661812,"dut/uck2b/adssl/adsl/impdh1b/ppat/umps/uck2a/adka/nt5c2a/hprt1/paics/aprt/nt5c2b/rfk",15
"GO:0051253","negative regulation of RNA metabolic process","71/2534","382/18773",0.18586387434555,1.37696231771468,2.94039642053547,0.00292511374991181,0.0375955468124826,0.0330862255452901,"hnrnpa0b/cnbpa/syncrip/zbtb2b/ccnd1/hnrnpa0a/ehmt1a/elavl1a/parp1/smarce1/wwp2/tegt/larp1b/brms1la/igf2bp3/uhrf1/sin3ab/nbas/rnf8/eed/mta2/zgpat/mbd3b/atf4a/dnmt3ba/brms1/igf2bp1/vdrb/phc2b/raraa/rcor2/ncor2/sap30l/paf1/rsf1b.1/gata6/wdr82/riox1/noc2l/zcchc17/samd1a/zgc:113363/phc1/zeb1b/sars1/men1/zgc:112083/syncripl/phf14/mta1/qkia/sox3/rbmx/dnmt3bb.1/dhx34/dr1/smad9/nr1h3/nr2f2/gata2a/hdac1/scaf4b/ldb1a/sin3b/nelfcd/rxrbb/znf703/cry3b/si:ch211-230g15.5/larp1/dnmt3aa",71
"GO:0007007","inner mitochondrial membrane organization","11/2534","33/18773",0.333333333333333,2.46948171533807,3.33745409065857,0.00294928331385577,0.0377377184915145,0.0332113447319337,"timm10/tomm70a/maip1/chchd6b/bcs1l/agk/timm13/immt/timm29/oxa1l/opa1",11
"GO:0000209","protein polyubiquitination","28/2534","122/18773",0.229508196721311,1.70029888597047,3.06542875471944,0.00301160349313909,0.0383646303395905,0.0337630629156302,"ube2l3b/ube2nb/prpf19/ube4b/rnf8/shrprbck1r/rc3h2/ube3d/ube2v2/ube3a/trim71/ube2d1b/ube2na/rnf146/ube2l3a/dda1/cdc34a/anapc2/hectd1/ambra1b/rnf114/toporsa/anapc5/wsb1/ercc8/ube2q1/peli1b/anapc4",28
"GO:0030150","protein import into mitochondrial matrix","8/2534","20/18773",0.4,2.96337805840568,3.47026381189213,0.00302729125063456,0.0383945881523211,0.0337894274995473,"pam16/dnajc19/timm23a/tomm70a/tomm40/tomm40l/grpel1/timm17a",8
"GO:0090407","organophosphate biosynthetic process","70/2534","377/18773",0.185676392572944,1.37557336928646,2.90993107287122,0.00319580457747518,0.0403540411339958,0.0355138578854236,"kars1/dpm1/dut/elovl1b/uck2b/atp5f1b/pdhb/dlst/atp5mc1/cds2/atp5pd/cmpk/acsl1b/pdha1a/rrm2/gcdha/pcyt1aa/adssl/mboat7/zgc:158659/pigk/adsl/adcy2b/dlat/atp5fa1/impdh1b/ctps1a/ppat/atp5mc3a/pcyt1ab/cdipt/nadka/tpk1/mocs2/dtymk/atp5po/dgkza/umps/pmm2/crls1/uck2a/atp5if1a/adka/flad1/atp5l/hprt1/paics/aprt/serinc5/pik3cg/lpcat3/pcyt2/pigu/fdps/ptpmt1/ipmkb/pip4k2ca/pgm3/pik3c2b/gnpnat1/atp5mf/efr3bb/pigp/pik3c2a/acss2/pigc/bckdk/atp5f1c/ptdss2/rfk",70
"GO:0033108","mitochondrial respiratory chain complex assembly","17/2534","63/18773",0.26984126984127,1.99910424574987,3.13778456718417,0.00335671052343125,0.0422007405980723,0.0371390587446518,"coa3a/ndufa12/sdhaf2/ndufs5/bcs1l/ndufa11/lyrm7/cox17/ndufs7/sco1/si:dkey-88p24.11/tmem223/ndufaf6/ndufb8/surf1/sdhaf3/zgc:193742",17
"GO:0042147","retrograde transport, endosome to Golgi","15/2534","53/18773",0.283018867924528,2.09672975830591,3.15837415647527,0.00348154948579954,0.0435799172592038,0.0383528128710275,"golt1bb/arl1/vps35/snx12/washc2c/snx3/rab41/vps53/vps26a/vps29/bet1l/vps54/snx6/zgc:162698/tbc1d5",15
"GO:0055123","digestive system development","34/2534","158/18773",0.215189873417722,1.59422237319293,2.96295434615627,0.00358670100162169,0.0447017843448867,0.0393401198947523,"pes/utp3/utp25/chd7/mtch2/sart3/pwp2h/nup62l/dnmt1/wdr55/cnot3a/celf1/eed/rbm19/ppp1r12a/fscn1a/mib1/gata6/nipblb/ddx46/prkci/mgaa/vangl2/srp54/ltv1/notch1a/nr5a2/hdac1/dhx15/dhps/flna/sbds/nipbla/agr2",34
"GO:0001501","skeletal system development","78/2534","430/18773",0.181395348837209,1.34385749160258,2.84942002853703,0.00366130813735437,0.0454349402044967,0.0399853388684754,"nolc1/cnbpa/ncl/wdr43/rad21a/nansa/acsl4b/aldh7a1/chd7/acvr1l/egr1/sar1b/spns2/kif5ba/faf1/itga8/atp6v1h/kmt2d/nup62l/polr1c/dnmt1/mia3/ewsr1a/nsd2/nbas/htt/mmachc/shrprbck1r/edn1/cog4/ep300b/smarca4a/rap1b/rap1ab/hcfc1b/fmr1/ep300a/meis2a/nomo/akt2/fscn1a/vdrb/pmm2/hoxa9a/itpr3/mia2/fam50a/nipblb/gnptab/rerea/acvr2aa/mynn/cdh2/hoxb9a/nr3c1/marcksb/itga5/wls/caspa/sox6/sh3pxd2b/tapt1a/kdm6a/rap1aa/ltv1/mapre2/unc45a/ddrgk1/nr1h3/nr5a2/hdac1/sec23a/sin3b/mbtps1/smc5/ptpn11a/nipbla/notch2",78
"GO:0061008","hepaticobiliary system development","36/2534","170/18773",0.211764705882353,1.56884720739124,2.94311705339363,0.00368679131644383,0.0455548163091922,0.0400908366780226,"prkcsh/acvr1l/tomm22/atp6ap2/mtch2/ilf2/nup62l/snx7/dnmt1/uhrf1/socs3a/aplnrb/celf1/eed/cdipt/ppp1r12a/fscn1a/tbx2b/igf2bp1/sec63/raraa/vipas39/gata6/ddx46/supv3l1/gmnn/mgaa/fgf10b/rbm15/nr5a2/hdac1/mbtps1/gfer/arf6b/lars1b/notch2",36
"GO:0010506","regulation of autophagy","23/2534","96/18773",0.239583333333333,1.77493998289924,3.00696977736021,0.0038641217647111,0.0473682081795603,0.0416867249550105,"hspd1/washc4/cisd2/usp10/vcp/gsk3ab/tmem39a/psen2/ap3d1/nprl2/cisd1/depdc5/dap/ambra1b/pdik1l/ctns/ufl1/fyco1a/rmc1/ddrgk1/asah1b/stk35/lars1b",23
"GO:0006891","intra-Golgi vesicle-mediated transport","9/2534","25/18773",0.36,2.66704025256511,3.29471274226485,0.0038993627435067,0.0473682081795603,0.0416867249550105,"copb1/cope/copg2/copz1/nsfb/rab41/copb2/gosr2/cux1b",9
"GO:0045185","maintenance of protein location","9/2534","25/18773",0.36,2.66704025256511,3.29471274226485,0.0038993627435067,0.0473682081795603,0.0416867249550105,"kdelr2b/rer1/twf1b/kdelr3/vps13a/kdelr2a/insig1/zgc:113426/nrros",9
"GO:0048255","mRNA stabilization","9/2534","25/18773",0.36,2.66704025256511,3.29471274226485,0.0038993627435067,0.0473682081795603,0.0416867249550105,"hnrnpa0b/syncrip/hnrnpa0a/larp1b/igf2bp3/igf2bp1/syncripl/qkia/larp1",9
"GO:0040007","growth","74/2534","406/18773",0.182266009852217,1.35030773597303,2.8188539122066,0.00403516551919735,0.0488119392007108,0.0429572906002124,"hspd1/gars1/pcdh17/serpinh1b/hspa9/pho/utp25/sar1b/rbbp4/wwc3/mapk14a/faf1/rbb4l/kmt2d/ruvbl1/ewsr1a/htt/llph/ap2a1/clns1a/ubap1/dcaf13/flt4/cbsb/mta2/smarca4a/rap1b/ist1/igf1rb/ppp1r12a/ddx52/fus/tmem108/nipblb/gna13a/akap12b/lamtor2/appb/akirin1/cdh2/myo9aa/supv3l1/galnt2/kif1b/prdx5/itga5/tax1bp3/smc3/vangl2/gna12a/mtrex/grnb/rap1aa/dusp6/sec14l8/lamb1a/ndrg4/kmt5c/mpzl1l/krt17/orc1/cyfip1/ctsba/asah1b/pigp/hdac1/ctnnd1/si:dkey-40c11.2/taf1/atp6v1e1b/ptpn11a/gap43/lin28b/notch2",74
"GO:0043414","macromolecule methylation","20/2534","80/18773",0.25,1.85211128650355,3.01703775798618,0.00406925249498551,0.0490183177115618,0.0431389154610443,"fbl/lyn/nsun5/nop2/ftsj3/eef1akmt1/prmt1/pcmt/tfb2m/nsun2/prmt5/trmt1/thada/trmt61b/bud23/prmt7/trmt61a/eef1akmt2/wdr6/setd7",20
"GO:0045727","positive regulation of translation","12/2534","39/18773",0.307692307692308,2.27952158338899,3.15968362031448,0.00409558816210321,0.0491299929945631,0.0432371960797475,"cnbpa/ssb/coa3a/cnbpb/larp1b/larp4ab/nck1b/fmr1/eif5a/rcc1l/larp1/fxr2",12
"GO:0051216","cartilage development","41/2534","201/18773",0.203980099502488,1.5111753780427,2.87817737678606,0.00414946870376947,0.0495697941832046,0.0436242462108457,"cnbpa/ncl/acsl4b/aldh7a1/chd7/acvr1l/spns2/kif5ba/faf1/kmt2d/nup62l/polr1c/dnmt1/ewsr1a/nsd2/htt/edn1/rap1b/hcfc1b/fmr1/nomo/pmm2/gnptab/rerea/acvr2aa/mynn/cdh2/marcksb/itga5/wls/sox6/tapt1a/rap1aa/ltv1/unc45a/ddrgk1/nr5a2/sec23a/mbtps1/smc5/notch2",41
"GO:0009124","nucleoside monophosphate biosynthetic process","13/2534","44/18773",0.295454545454545,2.18885879314056,3.11873342504816,0.00423020246734706,0.0503254252210421,0.0442892446233335,"dut/uck2b/adssl/adsl/impdh1b/ppat/umps/uck2a/adka/hprt1/paics/aprt/rfk",13
"GO:0009161","ribonucleoside monophosphate metabolic process","14/2534","49/18773",0.285714285714286,2.11669861314692,3.09181598148845,0.00426725509487455,0.0503501123694419,0.0443109707220148,"uck2b/adssl/adsl/impdh1b/ppat/umps/uck2a/adka/nt5c2a/hprt1/paics/aprt/nt5c2b/rfk",14
"GO:0061136","regulation of proteasomal protein catabolic process","14/2534","49/18773",0.285714285714286,2.11669861314692,3.09181598148845,0.00426725509487455,0.0503501123694419,0.0443109707220148,"tmem259/vcp/gsk3ab/psme1/usp14/edn1/psme3/styx/dda1/csnk1db/fzr1b/ubxn1/n4bp1/fhit",14
"GO:0032392","DNA geometric change","8/2534","21/18773",0.380952380952381,2.82226481752922,3.30047370959534,0.00431821265111651,0.0505371309860342,0.0444755577716621,"mcm4/mcm2/mcm6/mcm5/mcm3/supv3l1/rad50/mcm7",8
"GO:0032508","DNA duplex unwinding","8/2534","21/18773",0.380952380952381,2.82226481752922,3.30047370959534,0.00431821265111651,0.0505371309860342,0.0444755577716621,"mcm4/mcm2/mcm6/mcm5/mcm3/supv3l1/rad50/mcm7",8
"GO:0061013","regulation of mRNA catabolic process","25/2534","108/18773",0.231481481481481,1.71491785787366,2.94328937828818,0.00433722983952607,0.0505541891011966,0.0444905698859546,"hnrnpa0b/syncrip/hnrnpa0a/larp1b/igf2bp3/nbas/cnot3a/celf1/rc3h2/fmr1/tnrc6c2/sb:cb81/cnot3b/pum1/igf2bp1/fastk/pde12/dcp2/zfp36l1a/cnot2/syncripl/qkia/dhx34/larp1/fxr2",25
"GO:0043248","proteasome assembly","6/2534","13/18773",0.461538461538462,3.41928237508348,3.44683709191333,0.00440817937999751,0.0509684676104933,0.0448551586034835,"pomp/psmd11b/psmd11a/sem1/psmg1/ecpas",6
"GO:0045116","protein neddylation","6/2534","13/18773",0.461538461538462,3.41928237508348,3.44683709191333,0.00440817937999751,0.0509684676104933,0.0448551586034835,"dcun1d5/nae1/uba3/nedd8l/dcun1d2b/aktip",6
"GO:0001889","liver development","35/2534","166/18773",0.210843373493976,1.56202156693071,2.87308042889112,0.00446530762763645,0.0514224826398614,0.0452547177251408,"prkcsh/acvr1l/tomm22/atp6ap2/mtch2/ilf2/nup62l/snx7/dnmt1/uhrf1/socs3a/aplnrb/celf1/eed/cdipt/ppp1r12a/fscn1a/tbx2b/igf2bp1/sec63/raraa/gata6/ddx46/supv3l1/gmnn/mgaa/fgf10b/rbm15/nr5a2/hdac1/mbtps1/gfer/arf6b/lars1b/notch2",35
"GO:1901293","nucleoside phosphate biosynthetic process","43/2534","214/18773",0.200934579439252,1.48861280971314,2.83970604792009,0.00450737564694213,0.0516593976137034,0.0454632164151237,"kars1/dut/elovl1b/uck2b/atp5f1b/pdhb/dlst/atp5mc1/atp5pd/cmpk/acsl1b/pdha1a/rrm2/gcdha/adssl/adsl/adcy2b/dlat/atp5fa1/impdh1b/ctps1a/ppat/atp5mc3a/nadka/dtymk/atp5po/umps/pmm2/uck2a/atp5if1a/adka/flad1/atp5l/hprt1/paics/aprt/pgm3/gnpnat1/atp5mf/acss2/bckdk/atp5f1c/rfk",43
"GO:0071103","DNA conformation change","10/2534","30/18773",0.333333333333333,2.46948171533807,3.18188294249151,0.00452176734930645,0.0516593976137034,0.0454632164151237,"mcm4/mcm2/mcm6/top2b/mcm5/mcm3/top3b/supv3l1/rad50/mcm7",10
"GO:0001818","negative regulation of cytokine production","7/2534","17/18773",0.411764705882353,3.05053623659409,3.34118662506896,0.00456000221571855,0.0516860093663531,0.0454866362753193,"pias4a/lgr4/tbk1/sars1/banf1/n4bp1/ppp1r11",7
"GO:0033260","nuclear DNA replication","7/2534","17/18773",0.411764705882353,3.05053623659409,3.34118662506896,0.00456000221571855,0.0516860093663531,0.0454866362753193,"mcm4/mcm2/mcm6/mcm3/lig1/pola1/gins1",7
"GO:0006091","generation of precursor metabolites and energy","49/2534","251/18773",0.195219123505976,1.446270167947,2.81170474787241,0.00464004675150501,0.0523870376375801,0.0461035811387928,"ndufs2/suclg1/uqcrfs1/atp5f1b/pgd/dlst/uqcrb/ndufa10/ireb2/cox6a1/nnt/fdx2/sigmar1/ndufb6/cox5ab/sdha/atg3/cyc1/sdhaf2/ndufs4/uqcr10/aco2/pkma/cox8a/atp5po/sdhb/inpp5ka/ndufs7/atp5if1a/uqcrh/ppp1caa/rpe/cs/ppp1r3cb/coq10b/cox7a2l/aco1/ogdhb/idh3g/wipi1/ndufb8/ppp1cab/cln5/atp5mf/tigarb/taldo1/ndufa7/cox5aa/ogdha",49
"GO:0009451","RNA modification","27/2534","120/18773",0.225,1.6669001578532,2.89504977665836,0.00471477690590749,0.0529748099422519,0.0466208542918778,"fbl/nop10/lyn/dkc1/nsun5/gar1/nop2/tyw1/nhp2/ftsj3/ctu2/cdkal1/wtap/fmr1/nat10/tfb2m/nsun2/trmt1/elp3/thada/trmt61b/bud23/qtrt1/trmt61a/virma/dus3l/wdr6",27
"GO:0002181","cytoplasmic translation","17/2534","65/18773",0.261538461538462,1.93759334588064,2.99113800758699,0.00475766170739825,0.0529748099422519,0.0466208542918778,"cnbpa/eif5/etf1b/denr/eif2s2/cnbpb/eif4a1a/drg2/rwdd1/eif3s10/eif2d/drg1/sars1/eif4a2/mcts1/eif3jb/zc3h15",17
"GO:0006612","protein targeting to membrane","17/2534","65/18773",0.261538461538462,1.93759334588064,2.99113800758699,0.00475766170739825,0.0529748099422519,0.0466208542918778,"ssr3/tram1/srp68/srpra/zdhhc20b/zdhhc6/sgta/sec63/golga7/zgc:77880/srp9/zdhhc9/srp72/zdhhc14/mief1/vps37a/srp54",17
"GO:0060041","retina development in camera-type eye","57/2534","301/18773",0.18936877076412,1.40292815057412,2.78376670000585,0.00476570884857355,0.0529748099422519,0.0466208542918778,"atp6v0e1/pcdh17/ccnd1/gnl3/chd7/smarca5/egr1/mcm2/psmd2/atp6ap1b/sigmar1/vps28/atp6v1h/polr3f/dnmt1/prpf31/atp6v0d1/top2b/rfc4/socs3a/tubgcp3/ube3d/atp6v0ca/cdipt/exosc2/smarca4a/rpgrb/mcm3/crk/nsfb/tbx2b/igf2bp1/cactin/dctn1a/mib1/gnl2/znf644a/nrf1/cdh2/sf3b4/marcksb/paics/prkci/itga5/fen1/tapt1a/myo6b/agrn/cdk5/slbp/toporsa/hdac1/mafba/pax6b/emc3/atp6v1e1b/cep290",57
"GO:0032386","regulation of intracellular transport","11/2534","35/18773",0.314285714285714,2.32836847446161,3.10720496473852,0.0049231038428084,0.054513907551713,0.0479753479742503,"yipf5/oaz1a/npc1/nf2b/msna/dennd10/mcoln1a/cpsf6/rint1/oaz1b/ncbp2",11
"GO:0009117","nucleotide metabolic process","53/2534","277/18773",0.191335740072202,1.41750033479694,2.76526490180604,0.00511020290697329,0.0563688665485675,0.049607817693425,"kars1/dut/uck2b/atp5f1b/pgd/dlst/atp5mc1/nnt/atp5pd/cmpk/gmpr2/rrm2/hint1/adssl/adsl/adcy2b/atp5fa1/impdh1b/ctps1a/itpa/atp6v1ba/ppat/atp5mc3a/nadka/pkma/exosc2/dtymk/atp5po/umps/pde4d/nt5c3a/uck2a/atp5if1a/adka/flad1/atp5l/nt5c2a/rpe/hprt1/cnp/paics/aprt/atp6v1ab/atp5mf/nt5c2b/tigarb/taldo1/park7/opa1/atp6v1b2/atp5f1c/fhit/rfk",53
"GO:2000058","regulation of ubiquitin-dependent protein catabolic process","12/2534","40/18773",0.3,2.22253354380426,3.05749707580091,0.00514487477592486,0.0565347117552964,0.0497537709347173,"vcp/gsk3ab/edn1/ccdc22/ube3a/styx/dda1/csnk1db/fzr1b/ubxn1/n4bp1/fhit",12
"GO:0031017","exocrine pancreas development","14/2534","50/18773",0.28,2.07436464088398,3.0048854942727,0.00520462548712808,0.0567580180963703,0.0499502932516638,"pes/utp25/sart3/nup62l/dnmt1/eed/ppp1r12a/ddx46/srp54/notch1a/nr5a2/hdac1/dhps/sbds",14
"GO:0035272","exocrine system development","14/2534","50/18773",0.28,2.07436464088398,3.0048854942727,0.00520462548712808,0.0567580180963703,0.0499502932516638,"pes/utp25/sart3/nup62l/dnmt1/eed/ppp1r12a/ddx46/srp54/notch1a/nr5a2/hdac1/dhps/sbds",14
"GO:0006270","DNA replication initiation","9/2534","26/18773",0.346153846153846,2.56446178131261,3.15329556173093,0.0052597261835191,0.0571424591786849,0.0502886233316007,"mcm4/mcm2/mcm6/mcm5/mcm3/pola1/gmnn/mcm7/orc1",9
"GO:0016579","protein deubiquitination","19/2534","77/18773",0.246753246753247,1.82805789317234,2.87614416706198,0.00585467775488652,0.0633669821666101,0.0557665585912618,"usp9/usp36/usp10/psmd14/usp44/usp14/otud6b/usp39/usp31/usp5/usp24/uchl3/spata2/usp1/usp40/usp12b/ubxn1/yod1/usp12a",19
"GO:0016180","snRNA processing","10/2534","31/18773",0.32258064516129,2.38982101484329,3.05921987031074,0.00588083962051236,0.0634117500653748,0.055805956895617,"nop10/dkc1/exosc9/nhp2/ints12/exosc2/ints14/ints5/exosc5/usb1",10
"GO:0051301","cell division","59/2534","317/18773",0.186119873817035,1.37885887575659,2.68730675419589,0.00606419579753962,0.0651448496310319,0.0573311833647991,"rad21a/iqgap2/tp53/mapre1a/ccnd1/cdc25b/rcc1/seh1l/mapk14a/arl3b/ska2/rcc2/nudc/tipin/ube2ib/dchs1b/usp44/birc6/si:dkey-12j5.1/cdca7b/arpp19a/si:ch211-244o22.2/specc1la/tgfb1a/ppp1caa/arpp19b/mcmbp/anapc2/iqgap1/cspp1b/sde2/cdc42l/pdcd6ip/si:dkey-6i22.5/pelo/smc3/cdc37/clasp2/cdca7a/mtrex/golga2/anxa11a/racgap1/anapc5/ppp1cab/dhx8/mapre2/spc25/pafah1b1b/anapc11/ikbkb/cdc14ab/mis18a/si:ch211-269e2.1/cks1b/abraxas2/cdk11b/anapc4/ccnb2",59
"GO:0043144","sno(s)RNA processing","5/2534","10/18773",0.5,3.7042225730071,3.37886026428423,0.00623219253020628,0.066453638127644,0.0584829918916434,"fbl/dkc1/exosc10/exosc2/exosc5",5
"GO:0097428","protein maturation by iron-sulfur cluster transfer","5/2534","10/18773",0.5,3.7042225730071,3.37886026428423,0.00623219253020628,0.066453638127644,0.0584829918916434,"ciao2b/nfu1/zgc:110319/ciao2a/bola3",5
"GO:0006301","postreplication repair","7/2534","18/18773",0.388888888888889,2.88106200122775,3.15398603390957,0.00660286686745229,0.0698884327624821,0.0615058070818795,"ube2nb/vcp/ube2v2/pcna/ube2na/poldip2/rev3l",7
"GO:0038084","vascular endothelial growth factor signaling pathway","7/2534","18/18773",0.388888888888889,2.88106200122775,3.15398603390957,0.00660286686745229,0.0698884327624821,0.0615058070818795,"nrp2a/cds2/flt4/cemip2/nrp2b/nrp1b/cd63",7
"GO:0010212","response to ionizing radiation","9/2534","27/18773",0.333333333333333,2.46948171533807,3.01835765476438,0.00696003737055617,0.0731311955833256,0.0643596233228148,"tp53/si:dkey-9i23.15/xrcc6/rnf8/badb/xrcc5/nabp1a/mta1/inip",9
"GO:0045324","late endosome to vacuole transport","9/2534","27/18773",0.333333333333333,2.46948171533807,3.01835765476438,0.00696003737055617,0.0731311955833256,0.0643596233228148,"vps28/tmem50a/vta1/chmp6b/ptpn23a/vps36/chmp7/chmp1a/pik3r4",9
"GO:0022900","electron transport chain","20/2534","84/18773",0.238095238095238,1.76391551095576,2.77185735194584,0.00727473553262126,0.0761598676306059,0.0670250274718445,"ndufs2/uqcrfs1/uqcrb/ndufa10/cox6a1/fdx2/ndufb6/cox5ab/sdha/cyc1/sdhaf2/ndufs4/uqcr10/cox8a/sdhb/uqcrh/cox7a2l/ndufb8/ndufa7/cox5aa",20
"GO:0055086","nucleobase-containing small molecule metabolic process","75/2534","423/18773",0.177304964539007,1.31355410390323,2.57657967072117,0.00759779130052684,0.0792537722978869,0.0697478400471705,"kars1/dut/elovl1b/uck2b/atp5f1b/pgd/pdhb/dlst/atp5mc1/nnt/atp5pd/cmpk/gmpr2/acsl1b/pdha1a/rrm2/gcdha/hint1/adssl/adsl/adcy2b/dlat/atp5fa1/impdh1b/ctps1a/itpa/atp6v1ba/ppat/atp5mc3a/nadka/pkma/exosc2/rbks/dtymk/atp5po/acot15/acot20/umps/pmm2/pde4d/nt5c3a/uck2a/atp5if1a/adka/flad1/atp5l/nt5c2a/rpe/hprt1/cnp/acsl4a/acot8/paics/aprt/aldh6a1/atp6v1ab/pnp5a/acot9.1/acot14/pgm3/gnpnat1/nudt5/atp5mf/nt5c2b/tigarb/taldo1/acss2/acsl3b/park7/bckdk/opa1/atp6v1b2/atp5f1c/fhit/rfk",75
"GO:0009156","ribonucleoside monophosphate biosynthetic process","12/2534","42/18773",0.285714285714286,2.11669861314692,2.86193046160746,0.0078785412904204,0.0818856331231781,0.0720640276877899,"uck2b/adssl/adsl/impdh1b/ppat/umps/uck2a/adka/hprt1/paics/aprt/rfk",12
"GO:0006414","translational elongation","16/2534","63/18773",0.253968253968254,1.88150987835281,2.76846795905654,0.00818957430599362,0.0845081879102352,0.0743720254839715,"ell/eef2a.1/rnf25/srp9/tcea1/elof1/pelo/eefsec/ufl1/gfm1/ddrgk1/trip4/eif5a/tufm/nelfcd/eef1b2",16
"GO:0140053","mitochondrial gene expression","16/2534","63/18773",0.253968253968254,1.88150987835281,2.76846795905654,0.00818957430599362,0.0845081879102352,0.0743720254839715,"gars1/coa3a/mtif3/chchd1/hars/mtg1/fastk/tfb2m/supv3l1/kansl3/polrmt/gfm1/tufm/wars2/rcc1l/gfm2",16
"GO:0006897","endocytosis","57/2534","309/18773",0.184466019417476,1.36660638615796,2.56681936478058,0.00829526576079213,0.0852931075904305,0.0750627995722807,"si:ch211-11k18.4/sema3fb/elmo1/rab5ab/myo7aa/rab5b/picalma/myo1cb/scarb2a/eea1/hip1/rhoj/tpte/rhoub/stab2/zgc:100918/ap2a1/arrb2a/necap2/rab14/ap2s1/trip10a/eps15/fscn1a/neurl1b/ehd1a/tfr1b/reps1/mib1/hgs/cltcb/sh3gl3b/rab22a/cdc42l/mertka/cltca/picalmb/csnk1db/sh3gl1a/mrc1b/myo6b/pacsin2/dnm1l/flot1b/ehd1b/anxa11a/ywhaba/smap2/notch1a/sema3fa/necap1/itsn1/stab1/sncgb/rab34a/dmxl2/atp6v0a1a",57
"GO:1903047","mitotic cell cycle process","59/2534","322/18773",0.183229813664596,1.35744802364857,2.55569968083919,0.0084567176839752,0.0866437374098384,0.0762514308497033,"iqgap2/ccnd1/mcm4/gnl3/cdc25b/rcc1/seh1l/mcm2/mcm6/tpd52l1/vcp/arl3b/pcnt/bccip/ska2/psme1/mre11a/tipin/ube2ib/ewsr1a/dchs1b/plk3/mcm3/psme3/si:ch211-244o22.2/tmpoa/dctn1a/nipblb/gnl2/anapc2/iqgap1/rbl1/lig1/pola1/naa50/prkci/pdcd6ip/mad2l1bp/ambra1b/nabp1a/tprb/vangl2/clasp2/mis12/banf1/gins1/chmp7/racgap1/anapc5/diaph2/pafah1b1b/orc1/anapc11/ccng1/cdc14ab/abraxas2/nipbla/anapc4/ccnb2",59
"GO:0009165","nucleotide biosynthetic process","32/2534","155/18773",0.206451612903226,1.52948544949971,2.61476283353222,0.00871642997522337,0.0887659693643337,0.0781191160161428,"kars1/dut/uck2b/atp5f1b/dlst/atp5mc1/atp5pd/cmpk/rrm2/adssl/adsl/adcy2b/atp5fa1/impdh1b/ctps1a/ppat/atp5mc3a/nadka/dtymk/atp5po/umps/uck2a/atp5if1a/adka/flad1/atp5l/hprt1/paics/aprt/atp5mf/atp5f1c/rfk",32
"GO:0043473","pigmentation","33/2534","161/18773",0.204968944099379,1.5185011789967,2.61002760973332,0.0087255190448442,0.0887659693643337,0.0781191160161428,"h2az2a/pdhb/tspan36/chd7/nnt/atp6ap1b/atp6v1h/ric8b/rab32a/atp6v0d1/psen2/ube3d/ctr9/ap3d1/bloc1s1/nsfb/rab11a/mib1/cdh2/psen1/paics/uvrag/tapt1a/ctns/vps18/bbip1/mfsd12a/tjp1a/hdac1/hipk2/vps39/aqp3a/adrb2a",33
"GO:0070646","protein modification by small protein removal","21/2534","91/18773",0.230769230769231,1.70964118754174,2.68056759655711,0.00877761585192684,0.0889815353440049,0.0783088263735653,"usp9/usp36/usp10/psmd14/usp44/usp14/otud6b/usp39/usp31/cops8/usp5/usp24/uchl3/spata2/usp1/usp40/cops5/usp12b/ubxn1/yod1/usp12a",21
"GO:0007033","vacuole organization","25/2534","114/18773",0.219298245614035,1.62465902324873,2.64259250095794,0.00892296074828467,0.0901375578747774,0.0793261921371051,"nsfl1c/atp2a2b/atg3/rab32a/tmem39a/zgc:100918/rab14/snapin/emc6/atp6v0ca/vmp1/cln3/gnptab/tp53inp2/ambra1b/wipi1/aktip/vps18/cln5/vps4a/lamtor1/mfsd8/atp6v1e1b/rab34a/atp6v0a1a",25
"GO:0002183","cytoplasmic translational initiation","9/2534","28/18773",0.321428571428571,2.38128593979028,2.88934114137667,0.0090508137597734,0.0911094154349217,0.0801814822222104,"eif5/denr/eif2s2/eif4a1a/eif3s10/eif2d/eif4a2/mcts1/eif3jb",9
"GO:0032511","late endosome to vacuole transport via multivesicular body sorting pathway","7/2534","19/18773",0.368421052631579,2.72942715905787,2.97927818537161,0.00925428842716985,0.0925107513257708,0.0814147377346412,"vps28/tmem50a/vta1/chmp6b/ptpn23a/vps36/chmp7",7
"GO:0044786","cell cycle DNA replication","7/2534","19/18773",0.368421052631579,2.72942715905787,2.97927818537161,0.00925428842716985,0.0925107513257708,0.0814147377346412,"mcm4/mcm2/mcm6/mcm3/lig1/pola1/gins1",7
"GO:0009145","purine nucleoside triphosphate biosynthetic process","12/2534","43/18773",0.27906976744186,2.06747306400396,2.7682238199971,0.00961515378443537,0.0954552680875498,0.0840060804324354,"atp5f1b/dlst/atp5mc1/atp5pd/atp5fa1/impdh1b/atp5mc3a/atp5po/atp5if1a/atp5l/atp5mf/atp5f1c",12
"GO:0009206","purine ribonucleoside triphosphate biosynthetic process","12/2534","43/18773",0.27906976744186,2.06747306400396,2.7682238199971,0.00961515378443537,0.0954552680875498,0.0840060804324354,"atp5f1b/dlst/atp5mc1/atp5pd/atp5fa1/impdh1b/atp5mc3a/atp5po/atp5if1a/atp5l/atp5mf/atp5f1c",12
"GO:0051640","organelle localization","52/2534","280/18773",0.185714285714286,1.3758540985455,2.50307324655303,0.00991923786093285,0.0981356900399508,0.0863650046347093,"tmed9/npm1a/uso1/xpo1b/seh1l/sar1b/kif5ba/stx4/esyt2a/picalma/pef1/lmnb1/ska2/rcc2/ap1ar/psen2/ube3d/snapin/lmnb2/cluha/ap3d1/rhot1a/copg2/rab11a/dctn1a/kxd1/arcn1b/mfn1b/copb2/eif6/kif1b/picalmb/vapb/prkci/vangl2/clasp2/exoc6b/stxbp3/dnm1l/stx5a/tfg/cdk5/ltv1/vps18/fyco1a/bbip1/nup98/diaph2/pafah1b1b/nup88/abraxas2/cep290",52
"GO:0006984","ER-nucleus signaling pathway","6/2534","15/18773",0.4,2.96337805840568,3.00493605158568,0.0101166438576756,0.0985815768414803,0.0867574104522561,"nck1b/ptpn1/atf4a/tmco1/insig1/erlin1",6
"GO:0046112","nucleobase biosynthetic process","6/2534","15/18773",0.4,2.96337805840568,3.00493605158568,0.0101166438576756,0.0985815768414803,0.0867574104522561,"cmpk/ctps1a/ppat/umps/hprt1/aprt",6
"GO:0006740","NADPH regeneration","5/2534","11/18773",0.454545454545455,3.36747506637009,3.10256670607774,0.0101667335268489,0.0985815768414803,0.0867574104522561,"pgd/nnt/rpe/tigarb/taldo1",5
"GO:0032367","intracellular cholesterol transport","5/2534","11/18773",0.454545454545455,3.36747506637009,3.10256670607774,0.0101667335268489,0.0985815768414803,0.0867574104522561,"nus1/npc1/stab2/relch/stab1",5
"GO:1903573","negative regulation of response to endoplasmic reticulum stress","5/2534","11/18773",0.454545454545455,3.36747506637009,3.10256670607774,0.0101667335268489,0.0985815768414803,0.0867574104522561,"nck1b/usp14/ptpn1/ufl1/ddrgk1",5
"GO:0045862","positive regulation of proteolysis","15/2534","59/18773",0.254237288135593,1.88350300322395,2.68490955527359,0.0101697562771517,0.0985815768414803,0.0867574104522561,"rad21a/tp53/pycard/tmem259/hip1/gsk3ab/psme1/diablob/ccdc22/psme3/plgrkt/dda1/csnk1db/caspa/fzr1b",15
"GO:0051052","regulation of DNA metabolic process","23/2534","104/18773",0.221153846153846,1.63840613806083,2.57888593098558,0.0106602717291622,0.102989672175363,0.0906367857721424,"tp53/ube2nb/hdgfl2/zgc:110425/h1-10/actr2a/zgc:113263/mre11a/pias4a/tipin/rnf8/pcna/dek/tinf2/smek1/gmnn/si:dkey-108k21.21/usp1/terfa/ufl1/ylpm1/si:ch211-127m7.2/nek7",23
"GO:0001878","response to yeast","8/2534","24/18773",0.333333333333333,2.46948171533807,2.84550720759877,0.0107650728645992,0.103654330358465,0.0912217228836132,"hspa5/xpo1b/mcm4/hip1/psmd14/atp6v0ca/nap1l1/orc1",8
"GO:0031329","regulation of cellular catabolic process","24/2534","110/18773",0.218181818181818,1.61638803185764,2.56117202387836,0.0109210992300189,0.104457955758221,0.0919289590720599,"hspd1/washc4/etfa/cisd2/usp10/vcp/gsk3ab/tmem39a/psen2/ap3d1/nprl2/cisd1/depdc5/dap/ambra1b/pdik1l/ctns/ufl1/fyco1a/rmc1/ddrgk1/asah1b/stk35/lars1b",24
"GO:0043487","regulation of RNA stability","24/2534","110/18773",0.218181818181818,1.61638803185764,2.56117202387836,0.0109210992300189,0.104457955758221,0.0919289590720599,"hnrnpa0b/syncrip/hnrnpa0a/elavl1a/larp1b/igf2bp3/cnot3a/rc3h2/fmr1/tnrc6c2/sb:cb81/cnot3b/pum1/igf2bp1/fastk/pde12/zcchc17/dcp2/zfp36l1a/cnot2/syncripl/qkia/larp1/fxr2",24
"GO:0007006","mitochondrial membrane organization","13/2534","49/18773",0.26530612244898,1.96550585506499,2.67320689554567,0.0112293031807751,0.107050211448515,0.09421029193491,"timm10/tomm70a/maip1/chchd6b/bcs1l/agk/rhot1a/slc35f6/timm13/immt/timm29/oxa1l/opa1",13
"GO:0009620","response to fungus","9/2534","29/18773",0.310344827586207,2.29917263152165,2.76575471476687,0.0115836145197812,0.110063452813366,0.096862116203277,"hspa5/xpo1b/mcm4/hip1/psmd14/jagn1b/atp6v0ca/nap1l1/orc1",9
"GO:0009126","purine nucleoside monophosphate metabolic process","10/2534","34/18773",0.294117647058824,2.17895445471006,2.71795472345612,0.0119068610380354,0.112025663165045,0.0985889732320302,"adssl/adsl/impdh1b/ppat/adka/nt5c2a/hprt1/paics/aprt/nt5c2b",10
"GO:0009167","purine ribonucleoside monophosphate metabolic process","10/2534","34/18773",0.294117647058824,2.17895445471006,2.71795472345612,0.0119068610380354,0.112025663165045,0.0985889732320302,"adssl/adsl/impdh1b/ppat/adka/nt5c2a/hprt1/paics/aprt/nt5c2b",10
"GO:0031396","regulation of protein ubiquitination","10/2534","34/18773",0.294117647058824,2.17895445471006,2.71795472345612,0.0119068610380354,0.112025663165045,0.0985889732320302,"ndfip1l/pef1/usp44/ube2d1b/mib1/birc2/fzr1b/ndfip1/ubxn1/n4bp1",10
"GO:0007369","gastrulation","51/2534","277/18773",0.184115523465704,1.36400975612536,2.41097627626574,0.0124196857607619,0.115963895577817,0.102054842381604,"cfl1/acvr1l/rab5ab/cdk5rap3/npc1/kmt2d/celsr1a/mylipb/hs2st1a/tab2/aplnrb/prmt1/tll1/dhx16/lbr/csk/lta4h/rap1b/rap1ab/dsc2l/megf8/fzd7a/tbx2b/gna13a/ptprea/cdh2/itgb1b/slc39a6/etv5a/marcksb/itga5/pigt/zeb1b/vangl2/plekhg5a/gna12a/kdm6a/dusp6/rac1a/sec14l8/notch1a/diaph2/pigp/ptk2ab/snai1a/ctnnd1/arf6b/ptenb/ptpn11a/cep290/mcc",51
"GO:0009260","ribonucleotide biosynthetic process","26/2534","123/18773",0.211382113821138,1.56601279509243,2.48781638385283,0.0125313802308002,0.115963895577817,0.102054842381604,"uck2b/atp5f1b/dlst/atp5mc1/atp5pd/cmpk/adssl/adsl/adcy2b/atp5fa1/impdh1b/ctps1a/ppat/atp5mc3a/atp5po/umps/uck2a/atp5if1a/adka/atp5l/hprt1/paics/aprt/atp5mf/atp5f1c/rfk",26
"GO:0018279","protein N-linked glycosylation via asparagine","7/2534","20/18773",0.35,2.59295580110497,2.81554377510314,0.0126072869068427,0.115963895577817,0.102054842381604,"rpn1/dpm1/ddost/stt3a/alg8/uggt1/uggt2",7
"GO:0032507","maintenance of protein location in cell","7/2534","20/18773",0.35,2.59295580110497,2.81554377510314,0.0126072869068427,0.115963895577817,0.102054842381604,"kdelr2b/rer1/twf1b/kdelr3/vps13a/kdelr2a/insig1",7
"GO:0034472","snRNA 3'-end processing","7/2534","20/18773",0.35,2.59295580110497,2.81554377510314,0.0126072869068427,0.115963895577817,0.102054842381604,"exosc9/ints12/exosc2/ints14/ints5/exosc5/usb1",7
"GO:0003401","axis elongation","14/2534","55/18773",0.254545454545455,1.88578603716725,2.5987194119889,0.0126476773919537,0.115963895577817,0.102054842381604,"ap2a1/cbsb/ppp1r12a/akap12b/cdh2/itga5/tax1bp3/vangl2/sec14l8/mpzl1l/pigp/hdac1/ctnnd1/ptpn11a",14
"GO:0010842","retina layer formation","14/2534","55/18773",0.254545454545455,1.88578603716725,2.5987194119889,0.0126476773919537,0.115963895577817,0.102054842381604,"egr1/dnmt1/top2b/cdipt/smarca4a/rpgrb/crk/dctn1a/marcksb/tapt1a/agrn/cdk5/toporsa/cep290",14
"GO:0033044","regulation of chromosome organization","14/2534","55/18773",0.254545454545455,1.88578603716725,2.5987194119889,0.0126476773919537,0.115963895577817,0.102054842381604,"mcm2/zgc:113263/setdb1a/mre11a/setdb1b/anapc2/tinf2/terfa/ufl1/anapc5/ylpm1/anapc11/nek7/anapc4",14
"GO:0016050","vesicle organization","38/2534","196/18773",0.193877551020408,1.43633120177826,2.42569086398309,0.0128965245490624,0.117452897924108,0.103365249375085,"tmed9/uso1/washc4/yipf5/sar1b/stx4/picalma/pef1/atp6ap1b/zdhhc20b/rab32a/atp6v0d1/zgc:100918/rab14/atp6v1g1/ap3d1/bloc1s1/ist1/snap29/chmp6b/gosr2/picalmb/bet1/sybl1/uvrag/sec22ba/stx5a/tfg/chmp7/aktip/vps18/sec23a/vps39/als2a/rab34a/dmxl2/si:ch211-266g18.9/atp6v0a1a",38
"GO:0006637","acyl-CoA metabolic process","16/2534","66/18773",0.242424242424242,1.79598670206405,2.55890783569027,0.0129324656623627,0.117452897924108,0.103365249375085,"elovl1b/pdhb/dlst/acsl1b/pdha1a/gcdha/dlat/acot15/acot20/acsl4a/acot8/acot9.1/acot14/acss2/acsl3b/bckdk",16
"GO:0035383","thioester metabolic process","16/2534","66/18773",0.242424242424242,1.79598670206405,2.55890783569027,0.0129324656623627,0.117452897924108,0.103365249375085,"elovl1b/pdhb/dlst/acsl1b/pdha1a/gcdha/dlat/acot15/acot20/acsl4a/acot8/acot9.1/acot14/acss2/acsl3b/bckdk",16
"GO:0071806","protein transmembrane transport","12/2534","45/18773",0.266666666666667,1.97558537227046,2.5882413642545,0.0139644241915409,0.126426343545429,0.111262393343393,"hspd1/pam16/dnajc19/timm23a/tram1/tomm70a/tomm40/tomm40l/grpel1/timm17a/pex26/srp54",12
"GO:0010458","exit from mitosis","6/2534","16/18773",0.375,2.77816692975533,2.81079885700312,0.0143672356363975,0.129260223116214,0.113756369002661,"gnl3/gnl2/mad2l1bp/clasp2/chmp7/cdc14ab",6
"GO:0031167","rRNA methylation","6/2534","16/18773",0.375,2.77816692975533,2.81079885700312,0.0143672356363975,0.129260223116214,0.113756369002661,"fbl/nsun5/nop2/ftsj3/tfb2m/bud23",6
"GO:0022904","respiratory electron transport chain","18/2534","78/18773",0.230769230769231,1.70964118754174,2.48086034781063,0.014542329775733,0.130222608352391,0.114603322902399,"ndufs2/uqcrfs1/uqcrb/ndufa10/cox6a1/ndufb6/cox5ab/sdha/cyc1/sdhaf2/uqcr10/cox8a/sdhb/uqcrh/cox7a2l/ndufb8/ndufa7/cox5aa",18
"GO:0042168","heme metabolic process","9/2534","30/18773",0.3,2.22253354380426,2.64716368298571,0.0146101204499846,0.130222608352391,0.114603322902399,"alad/tmem14ca/snx3/cox10/atp5if1a/urod/hmox1a/hmbsa/hmox2a",9
"GO:0042255","ribosome assembly","9/2534","30/18773",0.3,2.22253354380426,2.64716368298571,0.0146101204499846,0.130222608352391,0.114603322902399,"rpf2/abt1/c1qbp/pwp2h/bxdc2/eif6/ddx28/mrto4/sbds",9
"GO:0033013","tetrapyrrole metabolic process","10/2534","35/18773",0.285714285714286,2.11669861314692,2.61208508150801,0.0147003639161261,0.130222608352391,0.114603322902399,"alad/tmem14ca/snx3/mmachc/cox10/atp5if1a/urod/hmox1a/hmbsa/hmox2a",10
"GO:0044743","protein transmembrane import into intracellular organelle","10/2534","35/18773",0.285714285714286,2.11669861314692,2.61208508150801,0.0147003639161261,0.130222608352391,0.114603322902399,"hspd1/pam16/dnajc19/timm23a/tomm70a/tomm40/tomm40l/grpel1/timm17a/pex26",10
"GO:0010608","post-transcriptional regulation of gene expression","58/2534","325/18773",0.178461538461538,1.32212251836561,2.31401973460831,0.0151659817073395,0.132949599937927,0.117003231038039,"hnrnpa0b/cnbpa/ssb/coa3a/syncrip/hnrnpa0a/elavl1a/magoh/paip2b/eif4ebp3l/qki2/cnbpb/larp1b/igf2bp3/larp4ab/nanos1/nck1b/ngdn/cnot3a/rc3h2/rbm8a/ddx6/fmr1/tnrc6c2/sb:cb81/cnot3b/pum1/eif4ebp1/tarbp2/igf2bp1/casc3/bzw1a/srp9/caprin1b/fastk/pde12/zcchc17/eif4a3/dcp2/zfp36l1a/dap/gcn1/eefsec/kbtbd8/cnot2/syncripl/pdik1l/qkia/cnot9/cyfip1/eif5a/stk35/caprin1a/ncbp2/rcc1l/mov10a/larp1/fxr2",58
"GO:0000054","ribosomal subunit export from nucleus","5/2534","12/18773",0.416666666666667,3.08685214417259,2.85649355383604,0.0155161742199178,0.132949599937927,0.117003231038039,"npm1a/xpo1b/eif6/ltv1/nup88",5
"GO:0000479","endonucleolytic cleavage of tricistronic rRNA transcript (SSU-rRNA, 5.8S rRNA, LSU-rRNA)","5/2534","12/18773",0.416666666666667,3.08685214417259,2.85649355383604,0.0155161742199178,0.132949599937927,0.117003231038039,"abt1/tsr1/rrs1/gnl2/sde2",5
"GO:0016074","sno(s)RNA metabolic process","5/2534","12/18773",0.416666666666667,3.08685214417259,2.85649355383604,0.0155161742199178,0.132949599937927,0.117003231038039,"fbl/dkc1/exosc10/exosc2/exosc5",5
"GO:0021555","midbrain-hindbrain boundary morphogenesis","5/2534","12/18773",0.416666666666667,3.08685214417259,2.85649355383604,0.0155161742199178,0.132949599937927,0.117003231038039,"slc7a6os/myh9b/calm1a/ppp1r12a/ptk2ab",5
"GO:0031125","rRNA 3'-end processing","5/2534","12/18773",0.416666666666667,3.08685214417259,2.85649355383604,0.0155161742199178,0.132949599937927,0.117003231038039,"gnl3/exosc9/exosc10/exosc2/eri1",5
"GO:0033750","ribosome localization","5/2534","12/18773",0.416666666666667,3.08685214417259,2.85649355383604,0.0155161742199178,0.132949599937927,0.117003231038039,"npm1a/xpo1b/eif6/ltv1/nup88",5
"GO:0050848","regulation of calcium-mediated signaling","5/2534","12/18773",0.416666666666667,3.08685214417259,2.85649355383604,0.0155161742199178,0.132949599937927,0.117003231038039,"pcmt/chp2/pcmtl/hhatla/ndufa7",5
"GO:0060035","notochord cell development","5/2534","12/18773",0.416666666666667,3.08685214417259,2.85649355383604,0.0155161742199178,0.132949599937927,0.117003231038039,"rab32a/atp6v0ca/mib1/vps18/atp6v1e1b",5
"GO:0071027","nuclear RNA surveillance","5/2534","12/18773",0.416666666666667,3.08685214417259,2.85649355383604,0.0155161742199178,0.132949599937927,0.117003231038039,"exosc9/exosc10/exosc2/wdr82/exosc5",5
"GO:0072344","rescue of stalled ribosome","5/2534","12/18773",0.416666666666667,3.08685214417259,2.85649355383604,0.0155161742199178,0.132949599937927,0.117003231038039,"rnf25/pelo/ufl1/ddrgk1/trip4",5
"GO:0005996","monosaccharide metabolic process","22/2534","102/18773",0.215686274509804,1.59789993345404,2.3917938157156,0.0163653796109319,0.139809875073807,0.123040664449517,"pdhb/man2b2/rreb1b/fuca1.1/pdha1a/pfkfb3/foxo1a/fuca1.2/rbks/arpp19a/fggy/pmm2/glb1l/gale/pcxa/man2b1/rreb1a/man2a2/pfkfb4a/pofut1/nr4a1/bckdk",22
"GO:0006623","protein targeting to vacuole","7/2534","21/18773",0.333333333333333,2.46948171533807,2.66151534154096,0.0167518240347058,0.14226696576967,0.125203044407815,"m6pr/scarb2a/ap3d1/vps13a/gnptab/vps37a/pik3r4",7
"GO:0035924","cellular response to vascular endothelial growth factor stimulus","7/2534","21/18773",0.333333333333333,2.46948171533807,2.66151534154096,0.0167518240347058,0.14226696576967,0.125203044407815,"nrp2a/cds2/flt4/cemip2/nrp2b/nrp1b/cd63",7
"GO:0046390","ribose phosphate biosynthetic process","26/2534","126/18773",0.206349206349206,1.52872677616166,2.35229090336029,0.016910573582483,0.143192768658731,0.126017803755531,"uck2b/atp5f1b/dlst/atp5mc1/atp5pd/cmpk/adssl/adsl/adcy2b/atp5fa1/impdh1b/ctps1a/ppat/atp5mc3a/atp5po/umps/uck2a/atp5if1a/adka/atp5l/hprt1/paics/aprt/atp5mf/atp5f1c/rfk",26
"GO:0032543","mitochondrial translation","11/2534","41/18773",0.268292682926829,1.9876316245404,2.50077016129528,0.0173946421849264,0.146859750294438,0.129244956749862,"gars1/coa3a/mtif3/chchd1/hars/mtg1/gfm1/tufm/wars2/rcc1l/gfm2",11
"GO:0007368","determination of left/right symmetry","55/2534","308/18773",0.178571428571429,1.32293663321682,2.25733987150312,0.0174515910175989,0.146909738420079,0.129288949151617,"ncl/rad21a/tram1/ncln/cfl1/chd7/acvr1l/apex1/atp2a2b/atp6ap1b/nudcd2/kmt2d/dnmt1/mia3/gsk3ab/nudc/ube2ib/atp6v0d1/wdr18/aplnrb/mcamb/celf1/tsc1a/ep300b/smarca4a/rpgrb/cemip2/mbd3b/megf8/ep300a/dnmt3ba/nomo/tbx2b/vdrb/ttc39c/sap30l/mia2/mib1/nipblb/itgb1b/cnpy1/gmnn/mgaa/camk2g1/lamb1a/dnmt3bb.1/ndrg4/notch1a/numb/znf703/flna/ptpn11a/cep290/kctd10/nipbla",55
"GO:0060027","convergent extension involved in gastrulation","20/2534","91/18773",0.21978021978022,1.6282297024207,2.3730474119424,0.0175911364521732,0.147652716751623,0.12994281246089,"acvr1l/kmt2d/tab2/prmt1/csk/rap1b/rap1ab/dsc2l/fzd7a/ptprea/cdh2/marcksb/vangl2/kdm6a/diaph2/pigp/ptk2ab/ptenb/ptpn11a/mcc",20
"GO:0032434","regulation of proteasomal ubiquitin-dependent protein catabolic process","10/2534","36/18773",0.277777777777778,2.05790142944839,2.5097205287492,0.0179543130041327,0.149394413696237,0.131475605113926,"vcp/gsk3ab/edn1/styx/dda1/csnk1db/fzr1b/ubxn1/n4bp1/fhit",10
"GO:1901873","regulation of post-translational protein modification","10/2534","36/18773",0.277777777777778,2.05790142944839,2.5097205287492,0.0179543130041327,0.149394413696237,0.131475605113926,"ndfip1l/pef1/usp44/ube2d1b/mib1/birc2/fzr1b/ndfip1/ubxn1/n4bp1",10
"GO:1903320","regulation of protein modification by small protein conjugation or removal","10/2534","36/18773",0.277777777777778,2.05790142944839,2.5097205287492,0.0179543130041327,0.149394413696237,0.131475605113926,"ndfip1l/pef1/usp44/ube2d1b/mib1/birc2/fzr1b/ndfip1/ubxn1/n4bp1",10
"GO:0006778","porphyrin-containing compound metabolic process","9/2534","31/18773",0.290322580645161,2.15083891335896,2.53318177928942,0.0181811898802233,0.150846241109979,0.132753296046405,"alad/tmem14ca/snx3/cox10/atp5if1a/urod/hmox1a/hmbsa/hmox2a",9
"GO:0048565","digestive tract development","24/2534","115/18773",0.208695652173913,1.5461102913421,2.32046848096939,0.0185500637900959,0.153464464516339,0.135057481980523,"utp25/chd7/mtch2/nup62l/dnmt1/wdr55/cnot3a/celf1/eed/rbm19/fscn1a/mib1/gata6/nipblb/ddx46/prkci/mgaa/vangl2/nr5a2/hdac1/dhx15/flna/nipbla/agr2",24
"GO:0060341","regulation of cellular localization","25/2534","121/18773",0.206611570247934,1.53067048471368,2.31331009067116,0.018609100628005,0.153511749879732,0.13509909579734,"yipf5/oaz1a/vcp/npc1/nf2b/gas8/msna/edn1/lztfl1/dennd10/mcoln1a/mid1ip1l/marcksb/mesd/tax1bp3/si:ch73-375g18.1/mief1/cpsf6/camk2g1/rint1/oaz1b/tmem35/desma/ptk2ab/ncbp2",25
"GO:0090504","epiboly","18/2534","80/18773",0.225,1.6669001578532,2.36126781667931,0.0187089113667797,0.153894159499882,0.135435638074703,"cfl1/rab5ab/cdk5rap3/npc1/hs2st1a/lta4h/dsc2l/megf8/gab1/fzd7a/fscn1a/gna13a/gna12a/sec14l8/diaph2/ctsba/arf6b/arhgap24",18
"GO:0006595","polyamine metabolic process","6/2534","17/18773",0.352941176470588,2.61474534565207,2.63109983403481,0.0197166356840406,0.161721350810122,0.142324012869953,"oaz1a/azin1b/azin1a/odc1/oaz1b/dhps",6
"GO:0060972","left/right pattern formation","56/2534","317/18773",0.176656151419558,1.30874740749778,2.18999486775208,0.0202410453719699,0.165293125814933,0.145467378598762,"ncl/rad21a/tram1/ncln/cfl1/chd7/acvr1l/apex1/atp2a2b/atp6ap1b/nudcd2/kmt2d/dnmt1/mia3/gsk3ab/nudc/ube2ib/atp6v0d1/wdr18/aplnrb/mcamb/celf1/tsc1a/ep300b/smarca4a/rpgrb/cemip2/mbd3b/megf8/ep300a/dnmt3ba/nomo/tbx2b/vdrb/ttc39c/sap30l/mia2/mib1/nipblb/itgb1b/cnpy1/gmnn/mgaa/vangl2/camk2g1/lamb1a/dnmt3bb.1/ndrg4/notch1a/numb/znf703/flna/ptpn11a/cep290/kctd10/nipbla",56
"GO:0043488","regulation of mRNA stability","22/2534","104/18773",0.211538461538462,1.56717108857993,2.2911270014468,0.0202669237279164,0.165293125814933,0.145467378598762,"hnrnpa0b/syncrip/hnrnpa0a/larp1b/igf2bp3/cnot3a/rc3h2/fmr1/tnrc6c2/sb:cb81/cnot3b/pum1/igf2bp1/fastk/pde12/dcp2/zfp36l1a/cnot2/syncripl/qkia/larp1/fxr2",22
"GO:0001510","RNA methylation","13/2534","53/18773",0.245283018867925,1.81716579053179,2.35328283455895,0.0215518719542627,0.173635258154624,0.152808930870799,"fbl/lyn/nsun5/nop2/ftsj3/tfb2m/nsun2/trmt1/thada/trmt61b/bud23/trmt61a/wdr6",13
"GO:0098876","vesicle-mediated transport to the plasma membrane","19/2534","87/18773",0.218390804597701,1.61793629625598,2.28204443564287,0.021631471443657,0.173635258154624,0.152808930870799,"exoc1/exoc2/snx12/snx7/snx27a/snx3/rab14/nsfb/golga7/rab11a/ehd1a/hgs/vps29/ptpn23a/vps35l/exoc6b/ehd1b/ccdc93/rab34a",19
"GO:0006998","nuclear envelope organization","7/2534","22/18773",0.318181818181818,2.35723254645907,2.51612565616147,0.0217722571010139,0.173635258154624,0.152808930870799,"nsfl1c/lmnb1/lmnb2/tmpoa/banf1/chmp7/ctdnep1a",7
"GO:0010950","positive regulation of endopeptidase activity","7/2534","22/18773",0.318181818181818,2.35723254645907,2.51612565616147,0.0217722571010139,0.173635258154624,0.152808930870799,"rad21a/tp53/pycard/hip1/psme1/diablob/psme3",7
"GO:0010952","positive regulation of peptidase activity","7/2534","22/18773",0.318181818181818,2.35723254645907,2.51612565616147,0.0217722571010139,0.173635258154624,0.152808930870799,"rad21a/tp53/pycard/hip1/psme1/diablob/psme3",7
"GO:0014029","neural crest formation","7/2534","22/18773",0.318181818181818,2.35723254645907,2.51612565616147,0.0217722571010139,0.173635258154624,0.152808930870799,"cnbpa/chd7/pef1/fmr1/tfap2c/kbtbd8/snw1",7
"GO:0048934","peripheral nervous system neuron differentiation","7/2534","22/18773",0.318181818181818,2.35723254645907,2.51612565616147,0.0217722571010139,0.173635258154624,0.152808930870799,"chd7/dpysl2b/ngly1/rtn4a/cdk5/notch1a/hdac1",7
"GO:0048935","peripheral nervous system neuron development","7/2534","22/18773",0.318181818181818,2.35723254645907,2.51612565616147,0.0217722571010139,0.173635258154624,0.152808930870799,"chd7/dpysl2b/ngly1/rtn4a/cdk5/notch1a/hdac1",7
"GO:0007064","mitotic sister chromatid cohesion","5/2534","13/18773",0.384615384615385,2.84940197923623,2.63490835362673,0.022458670994868,0.174888726104137,0.15391205416086,"rad21a/nipblb/naa50/smc3/nipbla",5
"GO:0009083","branched-chain amino acid catabolic process","5/2534","13/18773",0.384615384615385,2.84940197923623,2.63490835362673,0.022458670994868,0.174888726104137,0.15391205416086,"hibadhb/bckdha/bckdhb/aldh6a1/ivd",5
"GO:0033120","positive regulation of RNA splicing","5/2534","13/18773",0.384615384615385,2.84940197923623,2.63490835362673,0.022458670994868,0.174888726104137,0.15391205416086,"cirbpa/dyrk1ab/rbmx/dyrk1aa/dhx37",5
"GO:0048199","vesicle targeting, to, from or within Golgi","5/2534","13/18773",0.384615384615385,2.84940197923623,2.63490835362673,0.022458670994868,0.174888726104137,0.15391205416086,"tmed9/sar1b/pef1/ap1ar/tfg",5
"GO:0060351","cartilage development involved in endochondral bone morphogenesis","5/2534","13/18773",0.384615384615385,2.84940197923623,2.63490835362673,0.022458670994868,0.174888726104137,0.15391205416086,"kmt2d/edn1/rap1b/rap1aa/notch2",5
"GO:0070534","protein K63-linked ubiquitination","5/2534","13/18773",0.384615384615385,2.84940197923623,2.63490835362673,0.022458670994868,0.174888726104137,0.15391205416086,"ube2nb/prpf19/rnf8/ube2v2/ube2na",5
"GO:0090162","establishment of epithelial cell polarity","5/2534","13/18773",0.384615384615385,2.84940197923623,2.63490835362673,0.022458670994868,0.174888726104137,0.15391205416086,"aplnrb/frmd4ba/cdh2/myo9aa/sipa1l3",5
"GO:0009127","purine nucleoside monophosphate biosynthetic process","8/2534","27/18773",0.296296296296296,2.19509485807828,2.4547591680787,0.0224761475020948,0.174888726104137,0.15391205416086,"adssl/adsl/impdh1b/ppat/adka/hprt1/paics/aprt",8
"GO:0009168","purine ribonucleoside monophosphate biosynthetic process","8/2534","27/18773",0.296296296296296,2.19509485807828,2.4547591680787,0.0224761475020948,0.174888726104137,0.15391205416086,"adssl/adsl/impdh1b/ppat/adka/hprt1/paics/aprt",8
"GO:0048732","gland development","48/2534","268/18773",0.17910447761194,1.32688569779359,2.12910808329395,0.0237887241471744,0.184603064204084,0.1624612257689,"prkcsh/pes/utp25/chd7/acvr1l/tomm22/atp6ap2/mcm2/mtch2/ilf2/sart3/nup62l/snx7/dnmt1/uhrf1/socs3a/aplnrb/wdr55/celf1/eed/cdipt/ppp1r12a/usp39/fscn1a/tbx2b/igf2bp1/sec63/raraa/gata6/ddx46/supv3l1/itga5/gmnn/mgaa/fgf10b/cdca7a/rbm15/srp54/notch1a/nr5a2/hdac1/mbtps1/gfer/dhps/sbds/arf6b/lars1b/notch2",48
"GO:0019318","hexose metabolic process","20/2534","94/18773",0.212765957446809,1.57626492468387,2.21252526796118,0.0245340888408651,0.189415540315083,0.166696479237456,"pdhb/man2b2/rreb1b/fuca1.1/pdha1a/pfkfb3/foxo1a/fuca1.2/arpp19a/pmm2/glb1l/gale/pcxa/man2b1/rreb1a/man2a2/pfkfb4a/pofut1/nr4a1/bckdk",20
"GO:0042440","pigment metabolic process","11/2534","43/18773",0.255813953488372,1.89518364200363,2.32143438989578,0.0246062563660441,0.189415540315083,0.166696479237456,"alad/tmem14ca/snx3/ddt/cox10/atp5if1a/urod/mfsd12a/hmox1a/hmbsa/hmox2a",11
"GO:0170036","import into the mitochondrion","11/2534","43/18773",0.255813953488372,1.89518364200363,2.32143438989578,0.0246062563660441,0.189415540315083,0.166696479237456,"pam16/dnajc19/timm23a/tomm70a/tomm40/tomm40l/grpel1/timm17a/slc25a36a/smdt1b/slc25a28",11
"GO:0030099","myeloid cell differentiation","44/2534","243/18773",0.181069958847737,1.34144685771451,2.11625250213713,0.0248519629788604,0.190796803776371,0.167912069866995,"tmem88a/tp53/csnk2b/eif1axb/elavl1a/chd7/ddx18/qki2/srpra/npc1/dnmt1/lpar2a/snx3/jagn1b/tert/brf1b/arhgef12a/ash2l/ncor2/atp5if1a/gata6/hdac9b/ddx46/kif1b/brd4/arhgef12b/rasa3/rnf145b/qkia/irf2bp2b/srp54/ufl1/jmjd1cb/usb1/nlrc3l/numb/smad9/gata2a/sbds/ptenb/brd3a/slc48a1b/jak2a/nrros",44
"GO:0055113","epiboly involved in gastrulation with mouth forming second","13/2534","54/18773",0.240740740740741,1.78351457218861,2.27762160095804,0.0249839242143648,0.191299781417969,0.168354718880112,"cfl1/rab5ab/cdk5rap3/npc1/hs2st1a/lta4h/dsc2l/megf8/gna13a/gna12a/sec14l8/diaph2/arf6b",13
"GO:0019693","ribose phosphate metabolic process","38/2534","205/18773",0.185365853658537,1.37327275877337,2.12275367034122,0.0252199836233693,0.192595047351937,0.169494626780539,"uck2b/atp5f1b/dlst/atp5mc1/atp5pd/cmpk/hint1/adssl/adsl/adcy2b/atp5fa1/impdh1b/ctps1a/atp6v1ba/ppat/atp5mc3a/pkma/exosc2/atp5po/umps/pde4d/uck2a/atp5if1a/adka/atp5l/nt5c2a/hprt1/paics/aprt/atp6v1ab/nudt5/atp5mf/nt5c2b/tigarb/opa1/atp6v1b2/atp5f1c/rfk",38
"GO:1903829","positive regulation of protein localization","10/2534","38/18773",0.263157894736842,1.94959082789848,2.31462371166773,0.026001031869084,0.19803431415633,0.174281491809761,"oaz1a/nf2b/gas8/msna/edn1/marcksb/mesd/mief1/oaz1b/tmem35",10
"GO:0006739","NADP metabolic process","6/2534","18/18773",0.333333333333333,2.46948171533807,2.46388731697133,0.0262735200923347,0.199056485120609,0.175181060560248,"pgd/nnt/nadka/rpe/tigarb/taldo1",6
"GO:0010669","epithelial structure maintenance","6/2534","18/18773",0.333333333333333,2.46948171533807,2.46388731697133,0.0262735200923347,0.199056485120609,0.175181060560248,"tp53/ptbp1a/uhrf1/cdipt/tert/mllt10",6
"GO:0032984","protein-containing complex disassembly","27/2534","137/18773",0.197080291970803,1.46005853242616,2.13489224444659,0.0265219619113907,0.200411360480036,0.176373428155042,"etf1b/cfl1/vcp/abce1/tmem39a/twf1b/zfand1/nsfb/tmod2/sptan1/camsap2b/gsna/sh3gl3b/map1sa/capza1a/atad2b/spns1/sh3gl1a/dyrk3/fyco1a/mtpn/eif5a/pcf11/scaf4b/stmn1a/mfsd8/atp6v0a1a",27
"GO:0070482","response to oxygen levels","18/2534","83/18773",0.216867469879518,1.6066507545573,2.18802396661642,0.0266112587103143,0.200559722060196,0.176503994807734,"hsp90b1/hspa5/tp53/hyou1/ndufa9a/npc1/ldha/atp6v0d1/egln1b/atf6/cct4/psen1/nr3c1/egln2/nrp1b/ern1/hmox1a/tet1",18
"GO:0034728","nucleosome organization","12/2534","49/18773",0.244897959183673,1.81431309698307,2.25459780960288,0.0269448318985024,0.202543527508586,0.178249856753319,"seta/setb/zgc:110425/sart3/h1-10/chd1/nap1l1/nap1l4a/atad2b/si:dkey-108k21.21/chd2/chaf1a",12
"GO:0006360","transcription by RNA polymerase I","9/2534","33/18773",0.272727272727273,2.02048503982206,2.31770285745029,0.0271507312863007,0.203031052917558,0.178678906920371,"polr2l/pho/polr2f/polr2eb/wdr75/ubtf/polr1e/utp15/ubtfl",9
"GO:0009112","nucleobase metabolic process","9/2534","33/18773",0.272727272727273,2.02048503982206,2.31770285745029,0.0271507312863007,0.203031052917558,0.178678906920371,"cmpk/gmpr2/ctps1a/ppat/umps/adka/hprt1/aprt/aldh6a1",9
"GO:0009259","ribonucleotide metabolic process","37/2534","200/18773",0.185,1.37056235201263,2.08120183361735,0.0276713471717124,0.20587112387269,0.181178331351004,"uck2b/atp5f1b/dlst/atp5mc1/atp5pd/cmpk/hint1/adssl/adsl/adcy2b/atp5fa1/impdh1b/ctps1a/atp6v1ba/ppat/atp5mc3a/pkma/exosc2/atp5po/umps/pde4d/uck2a/atp5if1a/adka/atp5l/nt5c2a/hprt1/paics/aprt/atp6v1ab/atp5mf/nt5c2b/tigarb/opa1/atp6v1b2/atp5f1c/rfk",37
"GO:0062012","regulation of small molecule metabolic process","15/2534","66/18773",0.227272727272727,1.68373753318505,2.19805346833793,0.0276774886501645,0.20587112387269,0.181178331351004,"etfa/kdm1a/rreb1b/cbsb/pptc7a/si:dkeyp-120h9.1/arpp19a/dcaf5/atp5if1a/rreb1a/fgfr4/nr4a1/tigarb/bckdk/wdtc1",15
"GO:0031398","positive regulation of protein ubiquitination","7/2534","23/18773",0.304347826086957,2.25474417487389,2.37846851748528,0.0277450489970836,0.20587112387269,0.181178331351004,"ndfip1l/pef1/ube2d1b/mib1/birc2/fzr1b/ndfip1",7
"GO:0045766","positive regulation of angiogenesis","8/2534","28/18773",0.285714285714286,2.11669861314692,2.33588365199282,0.0278462809990233,0.206091113100741,0.181371934419291,"mtdhb/elavl1a/elmo1/aplnrb/mydgf/utp15/mtdha/gata2a",8
"GO:0009799","specification of symmetry","58/2534","336/18773",0.172619047619048,1.27883874544293,2.03730742542454,0.0280775263000821,0.206739637386027,0.181942672780449,"ncl/rad21a/tram1/ncln/cfl1/chd7/acvr1l/apex1/atp2a2b/atp6ap1b/nudcd2/ppp4cb/kmt2d/dnmt1/mia3/gsk3ab/nudc/ube2ib/atp6v0d1/wdr18/aplnrb/mcamb/tll1/celf1/tsc1a/ep300b/smarca4a/rpgrb/cemip2/mbd3b/megf8/ep300a/dnmt3ba/nomo/tbx2b/vdrb/ttc39c/sap30l/mia2/mib1/nipblb/itgb1b/cnpy1/gmnn/mgaa/camk2g1/lamb1a/dnmt3bb.1/ndrg4/notch1a/numb/hdac1/znf703/flna/ptpn11a/cep290/kctd10/nipbla",58
"GO:0009855","determination of bilateral symmetry","58/2534","336/18773",0.172619047619048,1.27883874544293,2.03730742542454,0.0280775263000821,0.206739637386027,0.181942672780449,"ncl/rad21a/tram1/ncln/cfl1/chd7/acvr1l/apex1/atp2a2b/atp6ap1b/nudcd2/ppp4cb/kmt2d/dnmt1/mia3/gsk3ab/nudc/ube2ib/atp6v0d1/wdr18/aplnrb/mcamb/tll1/celf1/tsc1a/ep300b/smarca4a/rpgrb/cemip2/mbd3b/megf8/ep300a/dnmt3ba/nomo/tbx2b/vdrb/ttc39c/sap30l/mia2/mib1/nipblb/itgb1b/cnpy1/gmnn/mgaa/camk2g1/lamb1a/dnmt3bb.1/ndrg4/notch1a/numb/hdac1/znf703/flna/ptpn11a/cep290/kctd10/nipbla",58
"GO:0061077","chaperone-mediated protein folding","10/2534","39/18773",0.256410256410256,1.89960131949082,2.22149871554321,0.0308679936208815,0.226356717565728,0.199206822244824,"hspe1/hspa5/hspa9/dnajc5ab/dnajc18/hsc70/hspa14/fkbp2/unc45a/dnajb6a",10
"GO:0009409","response to cold","5/2534","14/18773",0.357142857142857,2.64587326643365,2.43351767208775,0.0311348593803502,0.226356717565728,0.199206822244824,"metrnla/tmem39a/slc25a27/nrf1/hsp90aa1.2",5
"GO:0021551","central nervous system morphogenesis","5/2534","14/18773",0.357142857142857,2.64587326643365,2.43351767208775,0.0311348593803502,0.226356717565728,0.199206822244824,"nop56/psmd7/acvr1l/usp44/usp24",5
"GO:0021594","rhombomere formation","5/2534","14/18773",0.357142857142857,2.64587326643365,2.43351767208775,0.0311348593803502,0.226356717565728,0.199206822244824,"sfpq/mib1/efnb2a/spry4/mafba",5
"GO:0048268","clathrin coat assembly","5/2534","14/18773",0.357142857142857,2.64587326643365,2.43351767208775,0.0311348593803502,0.226356717565728,0.199206822244824,"picalma/hip1/cltcb/cltca/picalmb",5
"GO:0021903","rostrocaudal neural tube patterning","12/2534","50/18773",0.24,1.77802683504341,2.17605965592208,0.0312391740254313,0.226543027756213,0.199370785839091,"sfpq/slc7a6os/myh9b/nin/fmr1/calm1a/ppp1r12a/cdh2/cnpy1/wls/ptk2ab/hdac1",12
"GO:0061053","somite development","30/2534","158/18773",0.189873417721519,1.40666679987612,2.02775125355165,0.0322225956624429,0.233087570131088,0.205130356412325,"setb/nono/snu13b/chd7/copb1/naa15a/mapk14a/psen2/slc7a6os/ctr9/rap1b/inpp5ka/dlc/mib1/efnb2a/copb2/cdh2/psen1/elp3/naa50/itga5/rtn4a/naa15b/mef2aa/crim1/lamb1a/gadd45bb/notch1a/trip4/ldb3a",30
"GO:0010565","regulation of cellular ketone metabolic process","9/2534","34/18773",0.264705882352941,1.96105900923905,2.21561983437583,0.0326385245756762,0.2355045419884,0.207257429504426,"etfa/kdm1a/cbsb/pptc7a/si:dkeyp-120h9.1/dcaf5/fgfr4/bckdk/wdtc1",9
"GO:0001666","response to hypoxia","17/2534","79/18773",0.215189873417722,1.59422237319293,2.09069347151676,0.0327524002677063,0.235735400926816,0.207460598537814,"hsp90b1/hspa5/tp53/hyou1/ndufa9a/npc1/ldha/egln1b/atf6/cct4/psen1/nr3c1/egln2/nrp1b/ern1/hmox1a/tet1",17
"GO:0008033","tRNA processing","22/2534","109/18773",0.201834862385321,1.49528250653498,2.04853228151018,0.0331740971205072,0.238175126209327,0.209607695941884,"ssb/tyw1/mettl6/tsen34/ctu2/rtraf/cdkal1/nat10/nsun2/trmt1/elp3/thada/trmt61b/tsen15/qtrt1/lsm6/trmt61a/tp53rk/trmt11/ptcd1/dus3l/wdr6",22
"GO:1903131","mononuclear cell differentiation","20/2534","97/18773",0.206185567010309,1.52751446309571,2.05758243124383,0.0333908636690717,0.239135065928501,0.210452497647174,"slc39a7/chd7/phf6/sart3/qki2/dnmt1/lsm8/ncor2/jak1/ddx46/kif1b/slc39a6/brd4/ambra1b/qkia/irf2bp2b/nlrc3l/rabl3/opa1/nrros",20
"GO:0016054","organic acid catabolic process","31/2534","165/18773",0.187878787878788,1.39188969409964,1.99726137429772,0.0340315471408676,0.23962277765396,0.210881711783361,"pgd/dlst/acadl/got2b/hadhb/hadhab/etfa/gcdha/tdh/renbp/hibadhb/gnpda2/gcsha/bckdha/bckdhb/hacl1/echs1/acox1/glud1b/decr1/acot8/ech1/aldh6a1/lpin2/acadm/amdhd2/blmh/npl/amt/ivd/tha1",31
"GO:0046395","carboxylic acid catabolic process","31/2534","165/18773",0.187878787878788,1.39188969409964,1.99726137429772,0.0340315471408676,0.23962277765396,0.210881711783361,"pgd/dlst/acadl/got2b/hadhb/hadhab/etfa/gcdha/tdh/renbp/hibadhb/gnpda2/gcsha/bckdha/bckdhb/hacl1/echs1/acox1/glud1b/decr1/acot8/ech1/aldh6a1/lpin2/acadm/amdhd2/blmh/npl/amt/ivd/tha1",31
"GO:0010257","NADH dehydrogenase complex assembly","8/2534","29/18773",0.275862068965517,2.04370900579702,2.22190880071634,0.0340415825149251,0.23962277765396,0.210881711783361,"ndufa12/ndufs5/ndufa11/ndufs7/si:dkey-88p24.11/ndufaf6/ndufb8/zgc:193742",8
"GO:0032981","mitochondrial respiratory chain complex I assembly","8/2534","29/18773",0.275862068965517,2.04370900579702,2.22190880071634,0.0340415825149251,0.23962277765396,0.210881711783361,"ndufa12/ndufs5/ndufa11/ndufs7/si:dkey-88p24.11/ndufaf6/ndufb8/zgc:193742",8
"GO:0098930","axonal transport","8/2534","29/18773",0.275862068965517,2.04370900579702,2.22190880071634,0.0340415825149251,0.23962277765396,0.210881711783361,"psen2/arl8bb/ap3d1/tmem108/kif1b/arl8a/vezt/pafah1b1b",8
"GO:1904018","positive regulation of vasculature development","8/2534","29/18773",0.275862068965517,2.04370900579702,2.22190880071634,0.0340415825149251,0.23962277765396,0.210881711783361,"mtdhb/elavl1a/elmo1/aplnrb/mydgf/utp15/mtdha/gata2a",8
"GO:2000779","regulation of double-strand break repair","8/2534","29/18773",0.275862068965517,2.04370900579702,2.22190880071634,0.0340415825149251,0.23962277765396,0.210881711783361,"tp53/hdgfl2/actr2a/pias4a/rnf8/dek/smek1/si:ch211-127m7.2",8
"GO:0046777","protein autophosphorylation","6/2534","19/18773",0.31578947368421,2.33950899347817,2.30756751013014,0.0341285500916416,0.239649013936186,0.210904801208168,"dyrk1ab/flt4/stk10/igf1rb/camk2g1/dyrk1aa",6
"GO:0006783","heme biosynthetic process","7/2534","24/18773",0.291666666666667,2.16079650092081,2.24776856727728,0.0347368038751654,0.24158737748524,0.212610671690453,"alad/tmem14ca/snx3/cox10/atp5if1a/urod/hmbsa",7
"GO:0042743","hydrogen peroxide metabolic process","7/2534","24/18773",0.291666666666667,2.16079650092081,2.24776856727728,0.0347368038751654,0.24158737748524,0.212610671690453,"prdx1/gpx1a/prdx4/prdx3/txndc12/prdx5/park7",7
"GO:0071675","regulation of mononuclear cell migration","7/2534","24/18773",0.291666666666667,2.16079650092081,2.24776856727728,0.0347368038751654,0.24158737748524,0.212610671690453,"spns2/asap1a/oxsr1a/zgc:153631/stk10/akirin1/hmox1a",7
"GO:0000394","RNA splicing, via endonucleolytic cleavage and ligation","4/2534","10/18773",0.4,2.96337805840568,2.45319308089995,0.0354115572416712,0.24158737748524,0.212610671690453,"tsen34/rtraf/tsen15/dhx8",4
"GO:0006054","N-acetylneuraminate metabolic process","4/2534","10/18773",0.4,2.96337805840568,2.45319308089995,0.0354115572416712,0.24158737748524,0.212610671690453,"renbp/gnpda2/amdhd2/npl",4
"GO:0006098","pentose-phosphate shunt","4/2534","10/18773",0.4,2.96337805840568,2.45319308089995,0.0354115572416712,0.24158737748524,0.212610671690453,"pgd/rpe/tigarb/taldo1",4
"GO:0006544","glycine metabolic process","4/2534","10/18773",0.4,2.96337805840568,2.45319308089995,0.0354115572416712,0.24158737748524,0.212610671690453,"gcsha/amt/agxta/tha1",4
"GO:0006563","L-serine metabolic process","4/2534","10/18773",0.4,2.96337805840568,2.45319308089995,0.0354115572416712,0.24158737748524,0.212610671690453,"psat1/cbsb/phgdh/psph",4
"GO:0008090","retrograde axonal transport","4/2534","10/18773",0.4,2.96337805840568,2.45319308089995,0.0354115572416712,0.24158737748524,0.212610671690453,"tmem108/kif1b/vezt/pafah1b1b",4
"GO:0016032","viral process","4/2534","10/18773",0.4,2.96337805840568,2.45319308089995,0.0354115572416712,0.24158737748524,0.212610671690453,"mvb12ba/tarbp2/usp5/n4bp1",4
"GO:0042776","proton motive force-driven mitochondrial ATP synthesis","4/2534","10/18773",0.4,2.96337805840568,2.45319308089995,0.0354115572416712,0.24158737748524,0.212610671690453,"atp5f1b/atp5po/atp5if1a/atp5mf",4
"GO:0046348","amino sugar catabolic process","4/2534","10/18773",0.4,2.96337805840568,2.45319308089995,0.0354115572416712,0.24158737748524,0.212610671690453,"renbp/gnpda2/amdhd2/npl",4
"GO:0009141","nucleoside triphosphate metabolic process","24/2534","122/18773",0.19672131147541,1.45739904511755,2.0021796598198,0.0355893178979102,0.242226114014382,0.213172796267936,"dut/uck2b/atp5f1b/dlst/atp5mc1/atp5pd/atp5fa1/impdh1b/ctps1a/itpa/atp6v1ba/atp5mc3a/pkma/dtymk/atp5po/uck2a/atp5if1a/atp5l/atp6v1ab/atp5mf/tigarb/opa1/atp6v1b2/atp5f1c",24
"GO:0007041","lysosomal transport","12/2534","51/18773",0.235294117647059,1.74316356376805,2.09928940255603,0.036003137503669,0.243316978575265,0.214132819301535,"m6pr/scarb2a/vcp/zgc:100918/snapin/ap3d1/mgrn1a/mcoln1a/gnptab/sybl1/aktip/vps18",12
"GO:0170034","L-amino acid biosynthetic process","12/2534","51/18773",0.235294117647059,1.74316356376805,2.09928940255603,0.036003137503669,0.243316978575265,0.214132819301535,"aldh18a1/psat1/sephs1/cbsb/adi1/aasdhppt/phgdh/psph/pycr1b/glulb/agxta/tha1",12
"GO:0170038","proteinogenic amino acid biosynthetic process","12/2534","51/18773",0.235294117647059,1.74316356376805,2.09928940255603,0.036003137503669,0.243316978575265,0.214132819301535,"aldh18a1/psat1/sephs1/cbsb/adi1/aasdhppt/phgdh/psph/pycr1b/glulb/agxta/tha1",12
"GO:0060028","convergent extension involved in axis elongation","10/2534","40/18773",0.25,1.85211128650355,2.13108898315733,0.0363426111609495,0.244463498907415,0.215141822588306,"ap2a1/ppp1r12a/akap12b/tax1bp3/vangl2/sec14l8/mpzl1l/pigp/hdac1/ptpn11a",10
"GO:0072666","establishment of protein localization to vacuole","10/2534","40/18773",0.25,1.85211128650355,2.13108898315733,0.0363426111609495,0.244463498907415,0.215141822588306,"m6pr/scarb2a/vps28/ap3d1/vps13a/gnptab/ptpn23a/vps37a/vps36/pik3r4",10
"GO:0036293","response to decreased oxygen levels","17/2534","80/18773",0.2125,1.57429459352802,2.03338284602587,0.036541913145734,0.245231160714611,0.215817408764033,"hsp90b1/hspa5/tp53/hyou1/ndufa9a/npc1/ldha/egln1b/atf6/cct4/psen1/nr3c1/egln2/nrp1b/ern1/hmox1a/tet1",17
"GO:0031101","fin regeneration","19/2534","92/18773",0.206521739130435,1.53000497580728,2.01304154290557,0.0368745893007365,0.246888238597257,0.21727573181609,"hspd1/serpinh1b/hspa9/rbbp4/faf1/rbb4l/mta2/smarca4a/igf1rb/ddx52/galnt2/prdx5/smc3/mtrex/lamb1a/krt17/ctsba/hdac1/atp6v1e1b",19
"GO:0051656","establishment of organelle localization","38/2534","211/18773",0.180094786729858,1.33422234857128,1.92860490640657,0.0376087960795369,0.251219777060294,0.221087732723032,"tmed9/npm1a/xpo1b/seh1l/sar1b/kif5ba/picalma/pef1/lmnb1/ska2/rcc2/ap1ar/psen2/ube3d/snapin/lmnb2/ap3d1/rhot1a/copg2/rab11a/dctn1a/eif6/kif1b/picalmb/prkci/vangl2/clasp2/exoc6b/stxbp3/tfg/cdk5/ltv1/fyco1a/bbip1/diaph2/pafah1b1b/nup88/abraxas2",38
"GO:0045017","glycerolipid biosynthetic process","24/2534","123/18773",0.195121951219512,1.44555027239302,1.95834312775283,0.0387561967322469,0.25770292444499,0.226793272203101,"dpm1/cds2/pcyt1aa/mboat7/zgc:158659/pigk/cnep1r1/pcyt1ab/cdipt/dgkza/crls1/lpin2/pik3cg/lpcat3/pcyt2/pigu/pip4k2ca/pik3c2b/ctdnep1a/efr3bb/pigp/pik3c2a/pigc/ptdss2",24
"GO:0008088","axo-dendritic transport","9/2534","35/18773",0.257142857142857,1.90502875183222,2.11696519827749,0.038847887880905,0.25770292444499,0.226793272203101,"kif5ba/psen2/arl8bb/ap3d1/tmem108/kif1b/arl8a/vezt/pafah1b1b",9
"GO:0046148","pigment biosynthetic process","9/2534","35/18773",0.257142857142857,1.90502875183222,2.11696519827749,0.038847887880905,0.25770292444499,0.226793272203101,"alad/tmem14ca/snx3/ddt/cox10/atp5if1a/urod/mfsd12a/hmbsa",9
"GO:0035265","organ growth","11/2534","46/18773",0.239130434782609,1.77158470882948,2.06969981095497,0.0391586256299281,0.2591670877898,0.228081819458529,"utp25/sar1b/wwc3/kmt2d/ruvbl1/smarca4a/rap1b/rap1aa/dusp6/ndrg4/hdac1",11
"GO:0031099","regeneration","40/2534","225/18773",0.177777777777778,1.31705691484697,1.88998728284426,0.0402698392794285,0.265910246067603,0.234016183354864,"hspd1/serpinh1b/hspa9/mvp/pho/rbbp4/faf1/rbb4l/uhrf1/ube2ib/socs3a/cdkal1/sfpq/mcamb/dpysl2b/flt4/mta2/smarca4a/il6st/igf1rb/ddx52/il4r.1/pepd/akirin1/cdh2/cnp/galnt2/prdx5/thada/smc3/mtrex/dusp6/lamb1a/krt17/ctsba/hdac1/atp6v1e1b/gap43/ide/notch2",40
"GO:0034314","Arp2/3 complex-mediated actin nucleation","8/2534","30/18773",0.266666666666667,1.97558537227046,2.11244442347991,0.041107568720358,0.27082080170689,0.238337752402509,"actr2a/ap1ar/wasf3b/arpc5lb/arpc5a/arpc5la/gmfb/arfip1",8
"GO:0032366","intracellular sterol transport","5/2534","15/18773",0.333333333333333,2.46948171533807,2.24903123708686,0.0416439671416875,0.27310474123216,0.240347749454602,"nus1/npc1/stab2/relch/stab1",5
"GO:0070373","negative regulation of ERK1 and ERK2 cascade","5/2534","15/18773",0.333333333333333,2.46948171533807,2.24903123708686,0.0416439671416875,0.27310474123216,0.240347749454602,"spred2b/ptpn1/dusp6/spry4/spred2a",5
"GO:0033043","regulation of organelle organization","79/2534","485/18773",0.162886597938144,1.20673642584561,1.8221482305152,0.0421969648127862,0.274912466999358,0.241938651237621,"hspd1/mapre1a/cttn/rcc1/arhgef9b/sar1b/mcm2/clip1a/atp6ap1b/gsk3ab/zgc:113263/ska2/setdb1a/mre11a/ube2ib/nck1b/ewsr1a/nf2b/ap1ar/tmem39a/wasf3b/vat1/twf1b/brk1/lnpa/msna/neb/arpc5lb/tmod2/arpc5a/sptan1/mapk3/si:ch211-244o22.2/camsap2b/gsna/slc35f6/gna13a/arpc5la/setdb1b/anapc2/tinf2/mid1ip1l/map1sa/appb/capza1a/mdm1/baiap2a/armh3/lnpk/gmfb/zgc:162200/mief1/tprb/tapt1a/clasp2/gna12a/rac1a/lamb1a/terfa/phldb1b/ufl1/anapc5/fyco1a/mtpn/mapre2/mcm7/ylpm1/cyfip1/phldb2b/stmn1a/anapc11/cdc42ep1a/evla/si:dkey-40c11.2/kank3/cep290/nek7/anapc4/arfip1",79
"GO:0048872","homeostasis of number of cells","31/2534","168/18773",0.18452380952381,1.36703452099072,1.88766817549186,0.0422367772185792,0.274912466999358,0.241938651237621,"tp53/csnk2b/eif1axb/elavl1a/chd7/sema3fb/sart3/sae1/mre11a/ube2ib/lpar2a/snx3/tert/crcp/arhgef12a/ash2l/atp5if1a/hdac9b/ddx46/arhgef12b/rasa3/clasp2/polr3k/ufl1/sod2/dnmt3bb.1/numb/gata2a/sema3fa/slc48a1b/jak2a",31
"GO:0006900","vesicle budding from membrane","10/2534","41/18773",0.24390243902439,1.80693784049127,2.04323760335206,0.042454859217731,0.274912466999358,0.241938651237621,"tmed9/sar1b/picalma/pef1/ap3d1/chmp6b/picalmb/tfg/chmp7/sec23a",10
"GO:0030641","regulation of cellular pH","10/2534","41/18773",0.24390243902439,1.80693784049127,2.04323760335206,0.042454859217731,0.274912466999358,0.241938651237621,"atp6ap1b/atp6v0d1/atp6v1ba/tcirg1b/cln3/slc9a7/atp6v0a2b/atp6v1b2/dmxl2/atp6v0a1a",10
"GO:0006779","porphyrin-containing compound biosynthetic process","7/2534","25/18773",0.28,2.07436464088398,2.12335776938354,0.0428026738865255,0.274912466999358,0.241938651237621,"alad/tmem14ca/snx3/cox10/atp5if1a/urod/hmbsa",7
"GO:0033014","tetrapyrrole biosynthetic process","7/2534","25/18773",0.28,2.07436464088398,2.12335776938354,0.0428026738865255,0.274912466999358,0.241938651237621,"alad/tmem14ca/snx3/cox10/atp5if1a/urod/hmbsa",7
"GO:0042026","protein refolding","7/2534","25/18773",0.28,2.07436464088398,2.12335776938354,0.0428026738865255,0.274912466999358,0.241938651237621,"hspd1/hspa5/hspa9/dnaja2b/hsc70/hspa14/hspb15",7
"GO:1901875","positive regulation of post-translational protein modification","7/2534","25/18773",0.28,2.07436464088398,2.12335776938354,0.0428026738865255,0.274912466999358,0.241938651237621,"ndfip1l/pef1/ube2d1b/mib1/birc2/fzr1b/ndfip1",7
"GO:1903322","positive regulation of protein modification by small protein conjugation or removal","7/2534","25/18773",0.28,2.07436464088398,2.12335776938354,0.0428026738865255,0.274912466999358,0.241938651237621,"ndfip1l/pef1/ube2d1b/mib1/birc2/fzr1b/ndfip1",7
"GO:0009081","branched-chain amino acid metabolic process","6/2534","20/18773",0.3,2.22253354380426,2.16082373831416,0.0433519485994125,0.274912466999358,0.241938651237621,"dbt/hibadhb/bckdha/bckdhb/aldh6a1/ivd",6
"GO:0009411","response to UV","6/2534","20/18773",0.3,2.22253354380426,2.16082373831416,0.0433519485994125,0.274912466999358,0.241938651237621,"tp53/mapk14a/pold3/ercc8/ciao2a/ddb2",6
"GO:0016925","protein sumoylation","6/2534","20/18773",0.3,2.22253354380426,2.16082373831416,0.0433519485994125,0.274912466999358,0.241938651237621,"sae1/sumo3a/pias4a/ube2ib/sumo3b/zmiz1a",6
"GO:0045022","early endosome to late endosome transport","6/2534","20/18773",0.3,2.22253354380426,2.16082373831416,0.0433519485994125,0.274912466999358,0.241938651237621,"nf2b/msna/dennd10/ptpn23a/aktip/wdr81",6
"GO:0060350","endochondral bone morphogenesis","6/2534","20/18773",0.3,2.22253354380426,2.16082373831416,0.0433519485994125,0.274912466999358,0.241938651237621,"kmt2d/edn1/rap1b/wls/rap1aa/notch2",6
"GO:0098927","vesicle-mediated transport between endosomal compartments","6/2534","20/18773",0.3,2.22253354380426,2.16082373831416,0.0433519485994125,0.274912466999358,0.241938651237621,"nf2b/msna/dennd10/ptpn23a/aktip/wdr81",6
"GO:0001702","gastrulation with mouth forming second","14/2534","64/18773",0.21875,1.62059737569061,1.96450695816185,0.0438461944269485,0.277435590670735,0.244159143980717,"cfl1/rab5ab/cdk5rap3/npc1/hs2st1a/aplnrb/lta4h/dsc2l/megf8/gna13a/gna12a/sec14l8/diaph2/arf6b",14
"GO:0060042","retina morphogenesis in camera-type eye","26/2534","137/18773",0.18978102189781,1.40598229048445,1.88395254570575,0.0439671309307682,0.277590723573863,0.244295669783839,"atp6v0e1/pcdh17/chd7/egr1/sigmar1/dnmt1/top2b/socs3a/atp6v0ca/cdipt/smarca4a/rpgrb/crk/tbx2b/dctn1a/znf644a/cdh2/marcksb/prkci/tapt1a/agrn/cdk5/toporsa/hdac1/mafba/cep290",26
"GO:0060560","developmental growth involved in morphogenesis","31/2534","169/18773",0.183431952662722,1.35894555932805,1.85160228850639,0.0452753298693689,0.285224671102655,0.251013979029301,"pcdh17/mapk14a/llph/ap2a1/clns1a/ubap1/cbsb/ist1/ppp1r12a/fus/tmem108/gna13a/akap12b/appb/cdh2/myo9aa/kif1b/itga5/tax1bp3/vangl2/gna12a/grnb/sec14l8/mpzl1l/cyfip1/asah1b/pigp/hdac1/ctnnd1/si:dkey-40c11.2/ptpn11a",31
"GO:0006892","post-Golgi vesicle-mediated transport","12/2534","53/18773",0.226415094339623,1.67738380664473,1.95073717360079,0.0470268990395571,0.295612319508482,0.260155702110351,"exoc1/rabif/exoc2/ap1ar/rab14/ap3d1/nsfb/golga7/vps54/exoc6b/ccdc93/rab34a",12
"GO:0007059","chromosome segregation","34/2534","189/18773",0.17989417989418,1.33273616383324,1.81610203927914,0.0477118112049197,0.299264279867024,0.263369635524003,"rad21a/csnk2a2a/mapre1a/rcc1/seh1l/bccip/ska2/rcc2/ube2ib/ewsr1a/top2b/tubgcp3/birc6/si:ch211-244o22.2/ciao2b/anapc2/csnk1db/tlk1a/si:dkey-6i22.5/tprb/clasp2/mis12/racgap1/anapc5/mapre2/spc25/csnk2a2b/anapc11/ciao2a/mis18a/si:ch211-269e2.1/abraxas2/prdm9/anapc4",34
"GO:0048871","multicellular organismal-level homeostasis","49/2534","287/18773",0.170731707317073,1.26485648834389,1.78611339597185,0.0479405929257664,0.29979765726013,0.26383903805237,"tp53/csnk2b/eif1axb/elavl1a/chd7/sema3fb/ptbp1a/sart3/ctnna1/sae1/metrnla/celsr1a/uhrf1/mre11a/ube2ib/lpar2a/snx3/cdipt/tert/bloc1s1/crcp/arhgef12a/ash2l/atp5if1a/mcoln1a/hdac9b/foxf2a/ddx46/nrf1/arhgef12b/rasa3/clasp2/polr3k/pgrmc1/ufl1/sod2/dnmt3bb.1/tjp1a/pafah1b1b/numb/gata2a/sema3fa/emc3/park7/ppargc1b/cep290/mllt10/slc48a1b/jak2a",49
"GO:0046474","glycerophospholipid biosynthetic process","21/2534","107/18773",0.196261682242991,1.45399390716167,1.8603524033648,0.0480051128853491,0.29979765726013,0.26383903805237,"dpm1/cds2/pcyt1aa/mboat7/zgc:158659/pigk/pcyt1ab/cdipt/dgkza/crls1/pik3cg/lpcat3/pcyt2/pigu/pip4k2ca/pik3c2b/efr3bb/pigp/pik3c2a/pigc/ptdss2",21
"GO:0006839","mitochondrial transport","20/2534","101/18773",0.198019801980198,1.46701884079489,1.85899664594095,0.0486328947371424,0.303060831056782,0.266710817116204,"hspd1/pam16/dnajc19/timm23a/timm10/tomm70a/tomm40/tomm40l/grpel1/timm17a/agk/rhot1a/slc25a36a/smdt1b/slc35f6/letm2/timm13/timm29/slc25a28/slc25a20",20
"GO:0006635","fatty acid beta-oxidation","10/2534","42/18773",0.238095238095238,1.76391551095576,1.95780047110267,0.0492309642396804,0.303985624392038,0.267524687998989,"acadl/hadhb/hadhab/etfa/gcdha/echs1/acox1/decr1/ech1/acadm",10
"GO:0006901","vesicle coating","4/2534","11/18773",0.363636363636364,2.69398005309608,2.21995415628766,0.0498371707929982,0.303985624392038,0.267524687998989,"tmed9/sar1b/pef1/tfg",4
"GO:0016075","rRNA catabolic process","4/2534","11/18773",0.363636363636364,2.69398005309608,2.21995415628766,0.0498371707929982,0.303985624392038,0.267524687998989,"exosc9/pelo/rnaset2/exosc5",4
"GO:0016556","mRNA modification","4/2534","11/18773",0.363636363636364,2.69398005309608,2.21995415628766,0.0498371707929982,0.303985624392038,0.267524687998989,"dkc1/wtap/fmr1/virma",4
"GO:0033962","P-body assembly","4/2534","11/18773",0.363636363636364,2.69398005309608,2.21995415628766,0.0498371707929982,0.303985624392038,0.267524687998989,"lsm4/ddx6/edc3/lsm14aa",4
"GO:0034453","microtubule anchoring","4/2534","11/18773",0.363636363636364,2.69398005309608,2.21995415628766,0.0498371707929982,0.303985624392038,0.267524687998989,"bccip/nin/zgc:162200/clasp2",4
"GO:0045638","negative regulation of myeloid cell differentiation","4/2534","11/18773",0.363636363636364,2.69398005309608,2.21995415628766,0.0498371707929982,0.303985624392038,0.267524687998989,"qki2/lpar2a/qkia/irf2bp2b",4
"GO:0045911","positive regulation of DNA recombination","4/2534","11/18773",0.363636363636364,2.69398005309608,2.21995415628766,0.0498371707929982,0.303985624392038,0.267524687998989,"hdgfl2/actr2a/pias4a/rnf8",4
"GO:0060324","face development","4/2534","11/18773",0.363636363636364,2.69398005309608,2.21995415628766,0.0498371707929982,0.303985624392038,0.267524687998989,"edn1/specc1la/kdm6a/notch2",4
"GO:0072350","tricarboxylic acid metabolic process","4/2534","11/18773",0.363636363636364,2.69398005309608,2.21995415628766,0.0498371707929982,0.303985624392038,0.267524687998989,"ireb2/cs/aco1/idh3g",4
"GO:0007610","behavior","49/2534","288/18773",0.170138888888889,1.26046462553714,1.75960100924097,0.0504579617165905,0.30712150482466,0.270284441642002,"atp6v0e1/gars1/nop56/chd7/parp1/sigmar1/vcp/nus1/lsm7/tango2/bag3/slc26a2/nup50/ap2s1/cyp20a1/rbfox1/atp5if1a/myo9aa/adgrl3.1/psen1/slc6a9/ngly1/sf3b4/nr3c1/vapb/depdc5/pcxa/ambra1b/sgsh/zc4h2/vps37a/golga2/tfg/lamb1a/ctns/vps18/hdac6/cln5/dnajb6a/trip4/desma/asah1b/surf1/sin3b/park7/lars1b/sncgb/ldb3a/dnmt3aa",49
"GO:0010564","regulation of cell cycle process","40/2534","229/18773",0.174672489082969,1.29405155388894,1.76855450041565,0.0509691842862396,0.309578653080345,0.272446872256226,"npm1a/csnk2a2a/tp53/ccnd1/gnl3/cdc25b/rcc1/psme1/mre11a/rcc2/tipin/ube2ib/ewsr1a/birc6/plk3/psme3/si:ch211-244o22.2/ddb1/gnl2/anapc2/rbl1/cspp1b/mdm1/chordc1b/mad2l1bp/ambra1b/nabp1a/tprb/dyrk3/cdk5/fbxw5/pgrmc1/ufl1/anapc5/orc1/csnk2a2b/anapc11/ikbkb/cdc14ab/anapc4",40
"GO:0019395","fatty acid oxidation","11/2534","48/18773",0.229166666666667,1.69776867929492,1.91205382667236,0.0516601121804426,0.312456854973728,0.274979854087407,"acadl/hadhb/hadhab/etfa/gcdha/hacl1/echs1/acox1/decr1/ech1/acadm",11
"GO:0072665","protein localization to vacuole","11/2534","48/18773",0.229166666666667,1.69776867929492,1.91205382667236,0.0516601121804426,0.312456854973728,0.274979854087407,"m6pr/lamtor4/scarb2a/vps28/ap3d1/vps13a/gnptab/ptpn23a/vps37a/vps36/pik3r4",11
"GO:0017004","cytochrome complex assembly","7/2534","26/18773",0.269230769230769,1.99458138546536,2.00465687690804,0.0519851605415422,0.313763683855556,0.27612993804147,"coa3a/bcs1l/lyrm7/cox17/sco1/tmem223/surf1",7
"GO:0048562","embryonic organ morphogenesis","77/2534","477/18773",0.161425576519916,1.19591252881152,1.71207293292414,0.0526009695508078,0.316816299867732,0.278816414245308,"nolc1/cnbpa/ncl/wdr43/rad21a/chd7/acvr1l/egr1/apex1/sar1b/spns2/atp6ap1b/itga8/psmc3/npc1/kmt2d/polr1c/mia3/gsk3ab/ube2ib/atp6v0d1/nbas/htt/slc26a2/mmachc/shrprbck1r/gas8/edn1/ep300b/smarca4a/rap1b/rap1ab/hcfc1b/cemip2/ep300a/meis2a/igf1rb/fscn1a/tbx2b/vdrb/ttc39c/pmm2/hoxa9a/sap30l/mia2/fam50a/mib1/nipblb/gnptab/rerea/efnb2a/cdh2/hoxb9a/nr3c1/itga5/wls/tfap2c/caspa/mgaa/vangl2/camk2g1/kdm6a/myo6b/crim1/lamb1a/sox3/ndrg4/mapre2/cct3/nr1h3/sec23a/fbn2b/znf703/ptpn11a/cep290/kctd10/nipbla",77
"GO:0032456","endocytic recycling","12/2534","54/18773",0.222222222222222,1.64632114355871,1.87880998002788,0.0533248918467549,0.317527151285482,0.279442004038009,"snx12/snx7/snx27a/snx3/rab14/rab11a/ehd1a/hgs/vps29/ptpn23a/vps35l/ehd1b",12
"GO:0036303","lymph vessel morphogenesis","12/2534","54/18773",0.222222222222222,1.64632114355871,1.87880998002788,0.0533248918467549,0.317527151285482,0.279442004038009,"elmo1/iqsec1b/stab2/mcamb/flt4/sele/psen1/nr2f2/mafba/dhx15/stab1/notch2",12
"GO:0006898","receptor-mediated endocytosis","19/2534","96/18773",0.197916666666667,1.46625476848198,1.80919042547027,0.0538374451830241,0.317527151285482,0.279442004038009,"picalma/scarb2a/stab2/ap2a1/arrb2a/ap2s1/fscn1a/tfr1b/mib1/hgs/cltcb/cltca/picalmb/mrc1b/flot1b/smap2/notch1a/itsn1/stab1",19
"GO:1901342","regulation of vasculature development","19/2534","96/18773",0.197916666666667,1.46625476848198,1.80919042547027,0.0538374451830241,0.317527151285482,0.279442004038009,"mtdhb/tp53/vash2/myca/elavl1a/hars/elmo1/aplnrb/mydgf/ube3d/cemip2/tars1/tspan18a/utp15/mtdha/sars1/gata2a/serpinf1/ptenb",19
"GO:0034198","cellular response to amino acid starvation","6/2534","21/18773",0.285714285714286,2.11669861314692,2.02255697348658,0.0539919984252952,0.317527151285482,0.279442004038009,"seh1l/atf4a/nprl2/depdc5/dap/gcn1",6
"GO:0038092","nodal signaling pathway","6/2534","21/18773",0.285714285714286,2.11669861314692,2.02255697348658,0.0539919984252952,0.317527151285482,0.279442004038009,"ncln/rab5ab/aplnrb/prex1/nomo/fscn1a",6
"GO:0006353","DNA-templated transcription termination","5/2534","16/18773",0.3125,2.31513910812944,2.07887765770055,0.0540424814622738,0.317527151285482,0.279442004038009,"dhx9/wdr82/polr3k/pcf11/scaf4b",5
"GO:0043162","ubiquitin-dependent protein catabolic process via the multivesicular body sorting pathway","5/2534","16/18773",0.3125,2.31513910812944,2.07887765770055,0.0540424814622738,0.317527151285482,0.279442004038009,"vps28/ubap1/ptpn23a/vps37a/vps36",5
"GO:0045445","myoblast differentiation","5/2534","16/18773",0.3125,2.31513910812944,2.07887765770055,0.0540424814622738,0.317527151285482,0.279442004038009,"fosl2/mapk14a/nup210/flot2b/akirin1",5
"GO:0048859","formation of anatomical boundary","5/2534","16/18773",0.3125,2.31513910812944,2.07887765770055,0.0540424814622738,0.317527151285482,0.279442004038009,"sfpq/fmr1/mib1/efnb2a/mafba",5
"GO:0061709","reticulophagy","5/2534","16/18773",0.3125,2.31513910812944,2.07887765770055,0.0540424814622738,0.317527151285482,0.279442004038009,"snx7/tex264a/ufc1/ufl1/ddrgk1",5
"GO:0090382","phagosome maturation","5/2534","16/18773",0.3125,2.31513910812944,2.07887765770055,0.0540424814622738,0.317527151285482,0.279442004038009,"slc37a2/zgc:100918/rab14/rab34a/atp6v0a1a",5
"GO:0001945","lymph vessel development","16/2534","78/18773",0.205128205128205,1.51968105559266,1.81677183760189,0.0551882931590742,0.323238720370934,0.284468510605963,"elmo1/foxo1b/iqsec1b/stab2/mcamb/flt4/foxo1a/hdac9b/sele/psen1/ephb4a/nr2f2/mafba/dhx15/stab1/notch2",16
"GO:0043523","regulation of neuron apoptotic process","15/2534","72/18773",0.208333333333333,1.54342607208629,1.82495954270112,0.0552391283162556,0.323238720370934,0.284468510605963,"hm13/tp53/gsk3ab/casp7/egln1b/casp20/cln3/yju2/caspa/egln2/sppl3/cdk5/il6r/park7/arf6b",15
"GO:0005975","carbohydrate metabolic process","58/2534","350/18773",0.165714285714286,1.22768519562521,1.69850792054249,0.0555875778610673,0.324617924263718,0.285682288697745,"pgd/nansa/pdhb/man2b2/rreb1b/fuca1.1/pdha1a/atg3/hyal2b/renbp/hs2st1a/gnpda2/pfkfb3/foxo1a/pkma/fuca1.2/rbks/chst2a/chid1/hexa/arpp19a/inpp5ka/fggy/si:ch73-91k6.2/pmm2/gnptab/ppp1caa/glb1l/gpd1l/gale/rpe/cs/ppp1r3cb/pcxa/neu1/lancl2/man1b1a/gusb/man2b1/rreb1a/man2a2/pfkfb4a/enosf1/wipi1/pgm3/ppp1cab/mogs/pofut1/edem1/b4galt6/mpdu1b/hyal2a/nr4a1/tigarb/taldo1/bckdk/si:ch211-226m16.2/kctd10",58
"GO:0006282","regulation of DNA repair","10/2534","43/18773",0.232558139534884,1.7228942200033,1.87464495979445,0.0566929969286609,0.329070843059707,0.289601111220897,"tp53/ube2nb/hdgfl2/actr2a/pias4a/rnf8/dek/smek1/usp1/si:ch211-127m7.2",10
"GO:0006334","nucleosome assembly","10/2534","43/18773",0.232558139534884,1.7228942200033,1.87464495979445,0.0566929969286609,0.329070843059707,0.289601111220897,"seta/setb/zgc:110425/sart3/h1-10/nap1l1/nap1l4a/atad2b/si:dkey-108k21.21/chaf1a",10
"GO:0072331","signal transduction by p53 class mediator","10/2534","43/18773",0.232558139534884,1.7228942200033,1.87464495979445,0.0566929969286609,0.329070843059707,0.289601111220897,"tp53/prpf19/sart3/usp10/nup62l/si:dkey-9i23.15/xrcc5/yju2/hipk2/fhit",10
"GO:0072528","pyrimidine-containing compound biosynthetic process","8/2534","32/18773",0.25,1.85211128650355,1.90569705876641,0.0579939755588652,0.335944981154875,0.295650744827255,"dut/uck2b/cmpk/ctps1a/tpk1/dtymk/umps/uck2a",8
"GO:0080134","regulation of response to stress","52/2534","311/18773",0.167202572347267,1.2387110855072,1.67684278290573,0.058615759456018,0.33886500295959,0.298220530565706,"cnbpa/tp53/ube2nb/hyou1/pycard/parp1/tmem259/hdgfl2/prpf19/sigmar1/cnbpb/mia3/metrnla/actr2a/pias4a/nck1b/socs3a/gramd4b/rnf8/sfpq/usp14/lgr4/dpp9/uba1/ptpn1/il6st/dek/trafd1/tbk1/mia2/yju2/atp5if1a/zdhhc9/smek1/brd4/pin1/spata2/caspa/tlr5a/usp1/pros1/grnb/ufl1/ddrgk1/insig1/nlrc3l/n4bp1/trim25/ptpn11a/tlr5b/si:ch211-127m7.2/nek7",52
"GO:0061371","determination of heart left/right asymmetry","38/2534","219/18773",0.17351598173516,1.28548363264173,1.6786626700563,0.0607147965569607,0.350296391357695,0.308280804372122,"ncl/rad21a/tram1/cfl1/chd7/acvr1l/apex1/atp2a2b/atp6ap1b/kmt2d/mia3/gsk3ab/nudc/ube2ib/atp6v0d1/aplnrb/ep300b/smarca4a/cemip2/mbd3b/ep300a/dnmt3ba/tbx2b/vdrb/ttc39c/sap30l/mia2/nipblb/gmnn/mgaa/camk2g1/dnmt3bb.1/ndrg4/flna/ptpn11a/cep290/kctd10/nipbla",38
"GO:0009062","fatty acid catabolic process","13/2534","61/18773",0.213114754098361,1.57884896554401,1.78874738451153,0.0609340908104288,0.350858494886449,0.30877548753832,"acadl/hadhb/hadhab/etfa/gcdha/hacl1/echs1/acox1/decr1/acot8/ech1/lpin2/acadm",13
"GO:0051453","regulation of intracellular pH","9/2534","38/18773",0.236842105263158,1.75463174510863,1.83941175450399,0.0621129243126197,0.355247592452077,0.31263814373856,"atp6v0d1/atp6v1ba/tcirg1b/cln3/slc9a7/atp6v0a2b/atp6v1b2/dmxl2/atp6v0a1a",9
"GO:0006479","protein methylation","7/2534","27/18773",0.259259259259259,1.9207080008185,1.89116068139302,0.0623133151053486,0.355247592452077,0.31263814373856,"eef1akmt1/prmt1/pcmt/prmt5/prmt7/eef1akmt2/setd7",7
"GO:0008213","protein alkylation","7/2534","27/18773",0.259259259259259,1.9207080008185,1.89116068139302,0.0623133151053486,0.355247592452077,0.31263814373856,"eef1akmt1/prmt1/pcmt/prmt5/prmt7/eef1akmt2/setd7",7
"GO:0030225","macrophage differentiation","7/2534","27/18773",0.259259259259259,1.9207080008185,1.89116068139302,0.0623133151053486,0.355247592452077,0.31263814373856,"qki2/ncor2/kif1b/qkia/irf2bp2b/nlrc3l/nrros",7
"GO:0072332","intrinsic apoptotic signaling pathway by p53 class mediator","7/2534","27/18773",0.259259259259259,1.9207080008185,1.89116068139302,0.0623133151053486,0.355247592452077,0.31263814373856,"tp53/sart3/nup62l/si:dkey-9i23.15/xrcc5/hipk2/fhit",7
"GO:1901137","carbohydrate derivative biosynthetic process","73/2534","455/18773",0.16043956043956,1.18860768276711,1.60881085355665,0.0643116992861571,0.365442451545298,0.321610201228326,"rpn1/dpm1/ddost/dut/uck2b/atp5f1b/dlst/ostc/atp5mc1/krtcap2/tyw1/atp5pd/cmpk/mgat4a/rrm2/nus1/stt3a/large2/adssl/dad1/fktn/pigk/adsl/adcy2b/hs2st1a/atp5fa1/impdh1b/ctps1a/cant1a/ppat/st3gal5/atp5mc3a/dtymk/atp5po/tmtc2b/csgalnact1a/umps/si:ch73-91k6.2/pmm2/uck2a/atp5if1a/adka/alg8/atp5l/hprt1/gxylt2/galnt2/uggt1/st6gal2a/paics/aprt/uggt2/slc35c1/st3gal3a/xxylt1/mgat1b/pigu/tmem258/pgm3/mogs/pofut1/gnpnat1/stt3b/b4galt6/atp5mf/mgat3b/pigp/pigc/atp5f1c/kctd10/hs6st1a/rfk/aars2",73
"GO:0051258","protein polymerization","28/2534","155/18773",0.180645161290323,1.33829976831224,1.67062883713088,0.0643554438810233,0.365442451545298,0.321610201228326,"cttn/clip1a/washc3/pcnt/nedd1/nck1b/tubgcp3/twf1b/nin/arpc5lb/tmod2/arpc5a/sptan1/gsna/arpc5la/capza1a/baiap2a/diaph3/ambra1b/clasp2/fmnl3/mtpn/diaph2/cyfip1/cdc42ep1a/evla/si:dkey-40c11.2/kank3",28
"GO:0030917","midbrain-hindbrain boundary development","10/2534","44/18773",0.227272727272727,1.68373753318505,1.79364875879928,0.0648585337767149,0.365734231650604,0.321866984363359,"sfpq/slc7a6os/myh9b/nin/calm1a/ppp1r12a/cdh2/cnpy1/wls/ptk2ab",10
"GO:0000959","mitochondrial RNA metabolic process","6/2534","22/18773",0.272727272727273,2.02048503982206,1.89184130392697,0.0660744014219007,0.365734231650604,0.321866984363359,"gars1/tfb2m/supv3l1/kansl3/polrmt/wars2",6
"GO:0006903","vesicle targeting","6/2534","22/18773",0.272727272727273,2.02048503982206,1.89184130392697,0.0660744014219007,0.365734231650604,0.321866984363359,"tmed9/sar1b/pef1/ap1ar/exoc6b/tfg",6
"GO:0030513","positive regulation of BMP signaling pathway","6/2534","22/18773",0.272727272727273,2.02048503982206,1.89184130392697,0.0660744014219007,0.365734231650604,0.321866984363359,"ppp4cb/tll1/ngly1/acsl4a/mgaa/snw1",6
"GO:0060029","convergent extension involved in organogenesis","6/2534","22/18773",0.272727272727273,2.02048503982206,1.89184130392697,0.0660744014219007,0.365734231650604,0.321866984363359,"kmt2d/robo1/rap1b/gata6/gna13a/rap1aa",6
"GO:1990928","response to amino acid starvation","6/2534","22/18773",0.272727272727273,2.02048503982206,1.89184130392697,0.0660744014219007,0.365734231650604,0.321866984363359,"seh1l/atf4a/nprl2/depdc5/dap/gcn1",6
"GO:0051402","neuron apoptotic process","17/2534","86/18773",0.197674418604651,1.46446008700281,1.70532346982498,0.0661578996089964,0.365734231650604,0.321866984363359,"hm13/tp53/gsk3ab/casp7/diablob/egln1b/casp20/cln3/yju2/caspa/egln2/sppl3/cdk5/il6r/park7/arf6b/aatka",17
"GO:0008654","phospholipid biosynthetic process","24/2534","130/18773",0.184615384615385,1.36771295003339,1.66188756607313,0.0669822072299332,0.365734231650604,0.321866984363359,"dpm1/cds2/pcyt1aa/mboat7/zgc:158659/pigk/pcyt1ab/cdipt/dgkza/crls1/serinc5/pik3cg/lpcat3/pcyt2/pigu/fdps/ptpmt1/pip4k2ca/pik3c2b/efr3bb/pigp/pik3c2a/pigc/ptdss2",24
"GO:0006044","N-acetylglucosamine metabolic process","4/2534","12/18773",0.333333333333333,2.46948171533807,2.01143385220873,0.0669976690795385,0.365734231650604,0.321866984363359,"renbp/gnpda2/chst2a/amdhd2",4
"GO:0006086","acetyl-CoA biosynthetic process from pyruvate","4/2534","12/18773",0.333333333333333,2.46948171533807,2.01143385220873,0.0669976690795385,0.365734231650604,0.321866984363359,"pdhb/pdha1a/dlat/bckdk",4
"GO:0006206","pyrimidine nucleobase metabolic process","4/2534","12/18773",0.333333333333333,2.46948171533807,2.01143385220873,0.0669976690795385,0.365734231650604,0.321866984363359,"cmpk/ctps1a/umps/aldh6a1",4
"GO:0006356","regulation of transcription by RNA polymerase I","4/2534","12/18773",0.333333333333333,2.46948171533807,2.01143385220873,0.0669976690795385,0.365734231650604,0.321866984363359,"wdr75/ubtf/utp15/ubtfl",4
"GO:0006611","protein export from nucleus","4/2534","12/18773",0.333333333333333,2.46948171533807,2.01143385220873,0.0669976690795385,0.365734231650604,0.321866984363359,"xpo1b/ranbp3a/xpo7/xpo6",4
"GO:0021654","rhombomere boundary formation","4/2534","12/18773",0.333333333333333,2.46948171533807,2.01143385220873,0.0669976690795385,0.365734231650604,0.321866984363359,"sfpq/mib1/efnb2a/mafba",4
"GO:0031468","nuclear membrane reassembly","4/2534","12/18773",0.333333333333333,2.46948171533807,2.01143385220873,0.0669976690795385,0.365734231650604,0.321866984363359,"nsfl1c/tmpoa/banf1/chmp7",4
"GO:0032479","regulation of type I interferon production","4/2534","12/18773",0.333333333333333,2.46948171533807,2.01143385220873,0.0669976690795385,0.365734231650604,0.321866984363359,"hspd1/pias4a/tbk1/banf1",4
"GO:0032606","type I interferon production","4/2534","12/18773",0.333333333333333,2.46948171533807,2.01143385220873,0.0669976690795385,0.365734231650604,0.321866984363359,"hspd1/pias4a/tbk1/banf1",4
"GO:0046548","retinal rod cell development","4/2534","12/18773",0.333333333333333,2.46948171533807,2.01143385220873,0.0669976690795385,0.365734231650604,0.321866984363359,"sigmar1/rpgrb/tbx2b/mafba",4
"GO:1902107","positive regulation of leukocyte differentiation","4/2534","12/18773",0.333333333333333,2.46948171533807,2.01143385220873,0.0669976690795385,0.365734231650604,0.321866984363359,"ddx46/brd4/ambra1b/opa1",4
"GO:1901607","alpha-amino acid biosynthetic process","12/2534","56/18773",0.214285714285714,1.58752395986019,1.73932369230875,0.0675702163905125,0.365734231650604,0.321866984363359,"aldh18a1/psat1/sephs1/cbsb/adi1/aasdhppt/phgdh/psph/pycr1b/glulb/agxta/tha1",12
"GO:0007632","visual behavior","8/2534","33/18773",0.242424242424242,1.79598670206405,1.80782724084615,0.0678638137260858,0.365734231650604,0.321866984363359,"atp6v0e1/chd7/cyp20a1/atp5if1a/psen1/sf3b4/lamb1a/vps18",8
"GO:0035384","thioester biosynthetic process","8/2534","33/18773",0.242424242424242,1.79598670206405,1.80782724084615,0.0678638137260858,0.365734231650604,0.321866984363359,"elovl1b/pdhb/acsl1b/pdha1a/gcdha/dlat/acss2/bckdk",8
"GO:0060536","cartilage morphogenesis","8/2534","33/18773",0.242424242424242,1.79598670206405,1.80782724084615,0.0678638137260858,0.365734231650604,0.321866984363359,"kmt2d/edn1/rap1b/rerea/wls/rap1aa/ltv1/smc5",8
"GO:0071616","acyl-CoA biosynthetic process","8/2534","33/18773",0.242424242424242,1.79598670206405,1.80782724084615,0.0678638137260858,0.365734231650604,0.321866984363359,"elovl1b/pdhb/acsl1b/pdha1a/gcdha/dlat/acss2/bckdk",8
"GO:1902115","regulation of organelle assembly","14/2534","68/18773",0.205882352941176,1.52526811829704,1.7140977264111,0.0679501658477565,0.365734231650604,0.321866984363359,"rcc1/arhgef9b/mcm2/atp6ap1b/nf2b/tmem39a/msna/appb/mdm1/tprb/tapt1a/lamb1a/mcm7/cep290",14
"GO:0009152","purine ribonucleotide biosynthetic process","20/2534","105/18773",0.19047619047619,1.41113240876461,1.66880811626178,0.0682959542887538,0.365734231650604,0.321866984363359,"atp5f1b/dlst/atp5mc1/atp5pd/adssl/adsl/adcy2b/atp5fa1/impdh1b/ppat/atp5mc3a/atp5po/atp5if1a/adka/atp5l/hprt1/paics/aprt/atp5mf/atp5f1c",20
"GO:0000731","DNA synthesis involved in DNA repair","5/2534","17/18773",0.294117647058824,2.17895445471006,1.92101304300066,0.0683449172032043,0.365734231650604,0.321866984363359,"vcp/pold3/pcna/poldip2/rev3l",5
"GO:0002574","thrombocyte differentiation","5/2534","17/18773",0.294117647058824,2.17895445471006,1.92101304300066,0.0683449172032043,0.365734231650604,0.321866984363359,"lpar2a/brf1b/brd4/rasa3/brd3a",5
"GO:0009309","amine biosynthetic process","5/2534","17/18773",0.294117647058824,2.17895445471006,1.92101304300066,0.0683449172032043,0.365734231650604,0.321866984363359,"oaz1a/azin1b/azin1a/odc1/oaz1b",5
"GO:0033617","mitochondrial cytochrome c oxidase assembly","5/2534","17/18773",0.294117647058824,2.17895445471006,1.92101304300066,0.0683449172032043,0.365734231650604,0.321866984363359,"coa3a/cox17/sco1/tmem223/surf1",5
"GO:0042401","biogenic amine biosynthetic process","5/2534","17/18773",0.294117647058824,2.17895445471006,1.92101304300066,0.0683449172032043,0.365734231650604,0.321866984363359,"oaz1a/azin1b/azin1a/odc1/oaz1b",5
"GO:0009199","ribonucleoside triphosphate metabolic process","21/2534","112/18773",0.1875,1.38908346487766,1.63141055103233,0.0722243369839793,0.385619607987306,0.339367249748796,"uck2b/atp5f1b/dlst/atp5mc1/atp5pd/atp5fa1/impdh1b/ctps1a/atp6v1ba/atp5mc3a/pkma/atp5po/uck2a/atp5if1a/atp5l/atp6v1ab/atp5mf/tigarb/opa1/atp6v1b2/atp5f1c",21
"GO:0045765","regulation of angiogenesis","17/2534","87/18773",0.195402298850575,1.44762721243956,1.65309141990725,0.0723287906610438,0.385619607987306,0.339367249748796,"mtdhb/tp53/vash2/elavl1a/elmo1/aplnrb/mydgf/ube3d/cemip2/tars1/tspan18a/utp15/mtdha/sars1/gata2a/serpinf1/ptenb",17
"GO:0006979","response to oxidative stress","16/2534","81/18773",0.197530864197531,1.46339657205219,1.65099735387485,0.073453971400445,0.389865867741289,0.343104200527699,"prdx1/ndufa12/atf4a/gpx1a/prdx4/prdx3/txndc12/prdx5/ndufa6/gsr/gpx4b/banf1/sod2/hmox1a/park7/hmox2a",16
"GO:0006885","regulation of pH","10/2534","45/18773",0.222222222222222,1.64632114355871,1.71469885250307,0.0737403916798892,0.389865867741289,0.343104200527699,"atp6ap1b/atp6v0d1/atp6v1ba/tcirg1b/cln3/slc9a7/atp6v0a2b/atp6v1b2/dmxl2/atp6v0a1a",10
"GO:0071692","protein localization to extracellular region","10/2534","45/18773",0.222222222222222,1.64632114355871,1.71469885250307,0.0737403916798892,0.389865867741289,0.343104200527699,"tango2/mia3/tmem167a/edn1/copg2/mia2/marcksb/wls/park7/nrros",10
"GO:0060973","cell migration involved in heart development","7/2534","28/18773",0.25,1.85211128650355,1.78242616260897,0.0738023264741238,0.389865867741289,0.343104200527699,"spns2/robo1/smarca4a/cemip2/gata6/gna13a/gna12a",7
"GO:1902017","regulation of cilium assembly","7/2534","28/18773",0.25,1.85211128650355,1.78242616260897,0.0738023264741238,0.389865867741289,0.343104200527699,"mcm2/atp6ap1b/appb/tapt1a/lamb1a/mcm7/cep290",7
"GO:0071621","granulocyte chemotaxis","11/2534","51/18773",0.215686274509804,1.59789993345404,1.68894851050688,0.075004194040728,0.39539061163227,0.347966290268505,"hspd1/lyn/ddx3xb/lta4h/akirin1/cul1a/pik3cg/rac1a/srp54/il6r/nsmaf",11
"GO:0072329","monocarboxylic acid catabolic process","14/2534","69/18773",0.202898550724638,1.50316278324926,1.65403519504452,0.0751228428492017,0.39539061163227,0.347966290268505,"pgd/acadl/hadhb/hadhab/etfa/gcdha/hacl1/echs1/acox1/decr1/acot8/ech1/lpin2/acadm",14
"GO:0031109","microtubule polymerization or depolymerization","13/2534","63/18773",0.206349206349206,1.52872677616166,1.66051813467366,0.0755347328349725,0.396110192772105,0.34859956271456,"mapre1a/clip1a/pcnt/nedd1/ska2/dchs1b/tubgcp3/nin/camsap2b/map1sa/clasp2/mapre2/stmn1a",13
"GO:0052548","regulation of endopeptidase activity","13/2534","63/18773",0.206349206349206,1.52872677616166,1.66051813467366,0.0755347328349725,0.396110192772105,0.34859956271456,"rad21a/tp53/serpinh1b/pycard/tnfrsf1b/hip1/psme1/diablob/psme3/psen1/serpinh1a/serpinb1l3/serpinf1",13
"GO:0007634","optokinetic behavior","6/2534","23/18773",0.260869565217391,1.93263786417762,1.76789009471522,0.0796024081600715,0.415172704878344,0.365375660643196,"atp6v0e1/cyp20a1/atp5if1a/psen1/lamb1a/vps18",6
"GO:0034502","protein localization to chromosome","6/2534","23/18773",0.260869565217391,1.93263786417762,1.76789009471522,0.0796024081600715,0.415172704878344,0.365375660643196,"vcp/rcc2/nipblb/terfa/lrwd1/nipbla",6
"GO:0043954","cellular component maintenance","6/2534","23/18773",0.260869565217391,1.93263786417762,1.76789009471522,0.0796024081600715,0.415172704878344,0.365375660643196,"myo7aa/ctnna1/lnpa/cdipt/prkci/lnpk",6
"GO:0030162","regulation of proteolysis","31/2534","178/18773",0.174157303370787,1.29023482880023,1.53688147018196,0.0802081683748281,0.417491698289912,0.367416507114611,"rad21a/tp53/serpinh1b/pycard/tmem259/tnfrsf1b/vcp/hip1/gsk3ab/psme1/usp14/nedd8l/diablob/edn1/ccdc22/ube3a/psme3/plgrkt/styx/dda1/appb/psen1/csnk1db/caspa/fzr1b/serpinh1a/ubxn1/serpinb1l3/serpinf1/n4bp1/fhit",31
"GO:0042074","cell migration involved in gastrulation","16/2534","82/18773",0.195121951219512,1.44555027239302,1.59722576823027,0.0803370617758287,0.417491698289912,0.367416507114611,"acvr1l/celsr1a/lbr/megf8/fzd7a/tbx2b/gna13a/cdh2/itgb1b/slc39a6/vangl2/gna12a/rac1a/diaph2/snai1a/ctnnd1",16
"GO:0042490","mechanoreceptor differentiation","15/2534","76/18773",0.197368421052632,1.46219312092386,1.59486250002653,0.0816543775543244,0.42357288825027,0.372768301134678,"pho/myo7aa/atp6v0d1/socs3a/slc26a2/vdrb/mif/tgfb1a/mib1/mcoln1a/cdh2/camk2g1/myo6b/cops5/ptpn11a",15
"GO:0009100","glycoprotein metabolic process","47/2534","285/18773",0.164912280701754,1.22174358548304,1.49007272920901,0.0829769076793303,0.426931575921093,0.375724137855641,"prkcsh/rpn1/dpm1/ddost/ostc/krtcap2/mgat4a/nus1/stt3a/large2/dad1/fktn/hs2st1a/cant1a/st3gal5/cog4/tmtc2b/hexa/csgalnact1a/si:ch73-91k6.2/pmm2/alg8/gnptab/gxylt2/galnt2/ngly1/uggt1/st6gal2a/uggt2/slc35c1/st3gal3a/xxylt1/mgat1b/oga/sgsh/tmem258/man2a2/aga/mogs/pofut1/edem1/stt3b/b4galt6/mgat3b/zgc:153169/hs6st1a/aars2",47
"GO:0002040","sprouting angiogenesis","26/2534","146/18773",0.178082191780822,1.3193121492902,1.5300279019142,0.0830741921452505,0.426931575921093,0.375724137855641,"hars/sdf4/arhgef9b/nus1/abca1a/aplnrb/flt4/pkma/cemip2/psme3/tars1/tspan18a/camsap2b/mib1/efnb2a/rasip1/itga5/rtn4a/nrxn1a/sars1/fmnl3/nrp1b/fbxw11b/wars2/hlx1/kctd10",26
"GO:0048593","camera-type eye morphogenesis","35/2534","205/18773",0.170731707317073,1.26485648834389,1.50620442968632,0.0832994693679278,0.426931575921093,0.375724137855641,"atp6v0e1/pcdh17/ccnd1/chd7/egr1/sigmar1/dnmt1/top2b/socs3a/atp6v0ca/cdipt/smarca4a/rpgrb/atf4a/crk/tbx2b/dctn1a/mib1/rerea/znf644a/efnb2a/cdh2/marcksb/prkci/itga5/tapt1a/agrn/cdk5/toporsa/ptk2ab/hdac1/mafba/pax6b/znf703/cep290",35
"GO:0030593","neutrophil chemotaxis","10/2534","46/18773",0.217391304347826,1.61053155348135,1.63769062082547,0.0833464378048785,0.426931575921093,0.375724137855641,"hspd1/lyn/ddx3xb/lta4h/cul1a/pik3cg/rac1a/srp54/il6r/nsmaf",10
"GO:0045892","negative regulation of DNA-templated transcription","56/2534","346/18773",0.161849710982659,1.19905470571328,1.47625750164602,0.0836055124272503,0.426931575921093,0.375724137855641,"cnbpa/zbtb2b/ccnd1/ehmt1a/parp1/smarce1/wwp2/brms1la/uhrf1/sin3ab/rnf8/eed/mta2/zgpat/mbd3b/atf4a/dnmt3ba/brms1/vdrb/phc2b/raraa/rcor2/ncor2/sap30l/paf1/rsf1b.1/gata6/wdr82/riox1/noc2l/samd1a/zgc:113363/phc1/zeb1b/sars1/men1/zgc:112083/phf14/mta1/sox3/dnmt3bb.1/dr1/smad9/nr1h3/nr2f2/gata2a/hdac1/scaf4b/ldb1a/sin3b/nelfcd/rxrbb/znf703/cry3b/si:ch211-230g15.5/dnmt3aa",56
"GO:1902679","negative regulation of RNA biosynthetic process","56/2534","346/18773",0.161849710982659,1.19905470571328,1.47625750164602,0.0836055124272503,0.426931575921093,0.375724137855641,"cnbpa/zbtb2b/ccnd1/ehmt1a/parp1/smarce1/wwp2/brms1la/uhrf1/sin3ab/rnf8/eed/mta2/zgpat/mbd3b/atf4a/dnmt3ba/brms1/vdrb/phc2b/raraa/rcor2/ncor2/sap30l/paf1/rsf1b.1/gata6/wdr82/riox1/noc2l/samd1a/zgc:113363/phc1/zeb1b/sars1/men1/zgc:112083/phf14/mta1/sox3/dnmt3bb.1/dr1/smad9/nr1h3/nr2f2/gata2a/hdac1/scaf4b/ldb1a/sin3b/nelfcd/rxrbb/znf703/cry3b/si:ch211-230g15.5/dnmt3aa",56
"GO:0002089","lens morphogenesis in camera-type eye","5/2534","18/18773",0.277777777777778,2.05790142944839,1.77378860003308,0.084526223784308,0.426931575921093,0.375724137855641,"atf4a/itga5/tapt1a/ptk2ab/pax6b",5
"GO:0006085","acetyl-CoA biosynthetic process","5/2534","18/18773",0.277777777777778,2.05790142944839,1.77378860003308,0.084526223784308,0.426931575921093,0.375724137855641,"pdhb/pdha1a/dlat/acss2/bckdk",5
"GO:0007020","microtubule nucleation","5/2534","18/18773",0.277777777777778,2.05790142944839,1.77378860003308,0.084526223784308,0.426931575921093,0.375724137855641,"pcnt/nedd1/tubgcp3/nin/clasp2",5
"GO:0008053","mitochondrial fusion","5/2534","18/18773",0.277777777777778,2.05790142944839,1.77378860003308,0.084526223784308,0.426931575921093,0.375724137855641,"vat1/mfn1b/mief1/opa1/miga2",5
"GO:0008535","respiratory chain complex IV assembly","5/2534","18/18773",0.277777777777778,2.05790142944839,1.77378860003308,0.084526223784308,0.426931575921093,0.375724137855641,"coa3a/cox17/sco1/tmem223/surf1",5
"GO:0030032","lamellipodium assembly","5/2534","18/18773",0.277777777777778,2.05790142944839,1.77378860003308,0.084526223784308,0.426931575921093,0.375724137855641,"robo4/twf1b/akirin1/arhgef7a/cyfip1",5
"GO:0046040","IMP metabolic process","5/2534","18/18773",0.277777777777778,2.05790142944839,1.77378860003308,0.084526223784308,0.426931575921093,0.375724137855641,"adssl/adsl/ppat/hprt1/paics",5
"GO:1901989","positive regulation of cell cycle phase transition","5/2534","18/18773",0.277777777777778,2.05790142944839,1.77378860003308,0.084526223784308,0.426931575921093,0.375724137855641,"ccnd1/cdc25b/dyrk3/anapc5/anapc11",5
"GO:1904951","positive regulation of establishment of protein localization","5/2534","18/18773",0.277777777777778,2.05790142944839,1.77378860003308,0.084526223784308,0.426931575921093,0.375724137855641,"oaz1a/edn1/marcksb/mief1/oaz1b",5
"GO:0007015","actin filament organization","54/2534","333/18773",0.162162162162162,1.20136948313744,1.46458388381984,0.0855961298204029,0.430079882475232,0.378494827194341,"iqgap2/cttn/cfl1/elmo1/myo7aa/xirp2a/myo1cb/shroom4/hip1/washc3/rhoj/actr2a/rhoub/nck1b/ap1ar/wasf3b/twf1b/brk1/myh9b/neb/arpc5lb/tmod2/ppp1r12a/fscn1a/arpc5a/sptan1/gsna/ppp1r9ba/gna13a/arpc5la/itgb5/iqgap1/capza1a/cdc42l/baiap2a/diaph3/marcksb/gmfb/cd2ap/vangl2/fmnl3/tagln2/cnn3b/gna12a/myo6b/rac1a/mtpn/diaph2/cyfip1/cdc42ep1a/evla/si:dkey-40c11.2/kank3/arfip1",54
"GO:0090307","mitotic spindle assembly","7/2534","29/18773",0.241379310344828,1.78824538007239,1.6780628866658,0.0864534722793235,0.430079882475232,0.378494827194341,"rcc1/bccip/ewsr1a/tprb/clasp2/racgap1/abraxas2",7
"GO:0001845","phagolysosome assembly","4/2534","13/18773",0.307692307692308,2.27952158338899,1.82297961534013,0.086792779339392,0.430079882475232,0.378494827194341,"zgc:100918/rab14/rab34a/atp6v0a1a",4
"GO:0009303","rRNA transcription","4/2534","13/18773",0.307692307692308,2.27952158338899,1.82297961534013,0.086792779339392,0.430079882475232,0.378494827194341,"ncl/chd7/polr2eb/polr1e",4
"GO:0016973","poly(A)+ mRNA export from nucleus","4/2534","13/18773",0.307692307692308,2.27952158338899,1.82297961534013,0.086792779339392,0.430079882475232,0.378494827194341,"nxt2/nup93/eny2/pcid2",4
"GO:0019985","translesion synthesis","4/2534","13/18773",0.307692307692308,2.27952158338899,1.82297961534013,0.086792779339392,0.430079882475232,0.378494827194341,"vcp/pcna/poldip2/rev3l",4
"GO:0031365","N-terminal protein amino acid modification","4/2534","13/18773",0.307692307692308,2.27952158338899,1.82297961534013,0.086792779339392,0.430079882475232,0.378494827194341,"nmt1a/metap2b/naa50/pdf",4
"GO:0034394","protein localization to cell surface","4/2534","13/18773",0.307692307692308,2.27952158338899,1.82297961534013,0.086792779339392,0.430079882475232,0.378494827194341,"pigk/tax1bp3/pigu/tmem35",4
"GO:0045661","regulation of myoblast differentiation","4/2534","13/18773",0.307692307692308,2.27952158338899,1.82297961534013,0.086792779339392,0.430079882475232,0.378494827194341,"fosl2/mapk14a/flot2b/akirin1",4
"GO:0051222","positive regulation of protein transport","4/2534","13/18773",0.307692307692308,2.27952158338899,1.82297961534013,0.086792779339392,0.430079882475232,0.378494827194341,"oaz1a/edn1/marcksb/oaz1b",4
"GO:1900107","regulation of nodal signaling pathway","4/2534","13/18773",0.307692307692308,2.27952158338899,1.82297961534013,0.086792779339392,0.430079882475232,0.378494827194341,"ncln/aplnrb/nomo/fscn1a",4
"GO:0008333","endosome to lysosome transport","8/2534","35/18773",0.228571428571429,1.69335889051753,1.62184531504698,0.090511097968126,0.447734451976348,0.394031855325157,"vcp/zgc:100918/snapin/ap3d1/mgrn1a/sybl1/aktip/vps18",8
"GO:0003158","endothelium development","14/2534","71/18773",0.197183098591549,1.4608201696366,1.53672290539625,0.0908956615364368,0.448865539559865,0.395027276912889,"stab2/tll1/msna/flt4/fev/dlc/mib1/sh3gl3b/itga5/rasa3/ilk/tjp1a/nr2f2/fbn2b",14
"GO:0000288","nuclear-transcribed mRNA catabolic process, deadenylation-dependent decay","9/2534","41/18773",0.219512195121951,1.62624405644214,1.58570504540883,0.0927241658597727,0.455550978686494,0.400910844664043,"cnot3a/rc3h2/tnrc6c2/sb:cb81/cnot3b/pde12/dcp2/zfp36l1a/cnot2",9
"GO:0007528","neuromuscular junction development","9/2534","41/18773",0.219512195121951,1.62624405644214,1.58570504540883,0.0927241658597727,0.455550978686494,0.400910844664043,"gars1/nop56/ppfibp1a/inpp5ka/myo9aa/mesd/zc4h2/trip4/als2a",9
"GO:0060219","camera-type eye photoreceptor cell differentiation","9/2534","41/18773",0.219512195121951,1.62624405644214,1.58570504540883,0.0927241658597727,0.455550978686494,0.400910844664043,"pcdh17/chd7/sigmar1/cdipt/rpgrb/tbx2b/dctn1a/znf644a/mafba",9
"GO:0021532","neural tube patterning","12/2534","59/18773",0.203389830508475,1.50680240257916,1.54014033722021,0.0932092560370547,0.456725135585576,0.401944169706031,"sfpq/slc7a6os/myh9b/nin/fmr1/calm1a/ppp1r12a/cdh2/cnpy1/wls/ptk2ab/hdac1",12
"GO:0055006","cardiac cell development","10/2534","47/18773",0.212765957446809,1.57626492468387,1.56252704445905,0.0936794750970483,0.456725135585576,0.401944169706031,"tomm70a/vcp/gsk3ab/neb/itgb1b/mat2aa/ilk/nr2f2/fbn2b/opa1",10
"GO:1901605","alpha-amino acid metabolic process","28/2534","161/18773",0.173913043478261,1.28842524278508,1.45187297060685,0.0937517875388094,0.456725135585576,0.401944169706031,"aldh18a1/dlst/nit2/got2b/psat1/tdh/hibadhb/ctps1a/gcsha/sephs1/cbsb/adi1/si:dkeyp-120h9.1/azin1b/glud1b/azin1a/odc1/aldh6a1/aasdhppt/blmh/phgdh/psph/pycr1b/amt/glulb/agxta/ivd/tha1",28
"GO:0009266","response to temperature stimulus","11/2534","53/18773",0.207547169811321,1.53760182275767,1.54819151264263,0.0937563581559831,0.456725135585576,0.401944169706031,"hikeshi/hsf1/dnaja2b/metrnla/tmem39a/ddx6/slc25a27/nrf1/hsp90aa1.2/hspb15/dnmt3aa",11
"GO:0051225","spindle assembly","11/2534","53/18773",0.207547169811321,1.53760182275767,1.54819151264263,0.0937563581559831,0.456725135585576,0.401944169706031,"mapre1a/rcc1/bccip/ewsr1a/tubgcp3/csnk1db/tprb/clasp2/racgap1/mapre2/abraxas2",11
"GO:0050821","protein stabilization","6/2534","24/18773",0.25,1.85211128650355,1.65002992695578,0.0945576095883736,0.459850266900216,0.404694463512118,"hypk/bag3/cdc37/bag1/park7/hsp90aa1.2",6
"GO:0016236","macroautophagy","23/2534","129/18773",0.178294573643411,1.3208855686692,1.44462268713125,0.0973155408486673,0.471669205876818,0.41509580393247,"nsfl1c/atp2a2b/vcp/snx7/atg3/tmem39a/emc6/vmp1/tex264a/ufc1/tp53inp2/ei24/spns1/ambra1b/wipi1/ufl1/fyco1a/wdr81/ddrgk1/yod1/mfsd8/pik3r4/atp6v0a1a",23
"GO:0009896","positive regulation of catabolic process","25/2534","142/18773",0.176056338028169,1.30430372288983,1.43784572996877,0.0973155638384265,0.471669205876818,0.41509580393247,"tmem259/oaz1a/gsk3ab/cnot3a/celf1/rc3h2/ccdc22/tnrc6c2/nprl2/sb:cb81/cnot3b/pde12/dda1/supv3l1/csnk1db/depdc5/dcp2/zfp36l1a/fzr1b/ambra1b/cnot2/oaz1b/ufl1/fyco1a/ddrgk1",25
"GO:0018193","peptidyl-amino acid modification","26/2534","149/18773",0.174496644295302,1.2927488174253,1.41719868032213,0.100138429945347,0.482662903035029,0.424770884483031,"asph/sae1/ggcx/sumo3a/pias4a/ube2ib/eef1akmt1/ppig/metap2b/prmt1/cwc27/sumo3b/ppih/zgpat/dph7/zmiz1a/zdhhc9/prmt5/fkbp2/prmt7/ppil2/eef1akmt2/pdf/hmbsa/dhps/setd7",26
"GO:0006221","pyrimidine nucleotide biosynthetic process","7/2534","30/18773",0.233333333333333,1.72863720073665,1.57772516397411,0.100254399449443,0.482662903035029,0.424770884483031,"dut/uck2b/cmpk/ctps1a/dtymk/umps/uck2a",7
"GO:0006893","Golgi to plasma membrane transport","7/2534","30/18773",0.233333333333333,1.72863720073665,1.57772516397411,0.100254399449443,0.482662903035029,0.424770884483031,"exoc1/exoc2/nsfb/golga7/exoc6b/ccdc93/rab34a",7
"GO:0051262","protein tetramerization","7/2534","30/18773",0.233333333333333,1.72863720073665,1.57772516397411,0.100254399449443,0.482662903035029,0.424770884483031,"tp53/stk3/atp5if1a/cpsf6/aldh9a1b/farsa/evla",7
"GO:0007266","Rho protein signal transduction","17/2534","91/18773",0.186813186813187,1.3839952470576,1.45048685809827,0.100773521714832,0.484352202031721,0.426257563953256,"arhgap35a/rhoj/rhoub/arhgdia/akap13/gna13a/akap12b/cdc42l/rasip1/tax1bp3/plekhg5a/gna12a/racgap1/stard8/cdc42ep1a/arhgap35b/kctd10",17
"GO:0050727","regulation of inflammatory response","13/2534","66/18773",0.196969696969697,1.45923919542704,1.47634473363324,0.101342013639163,0.485463656018555,0.427235706856058,"cnbpa/pycard/metrnla/dpp9/uba1/atp5if1a/zdhhc9/brd4/spata2/caspa/grnb/ufl1/nlrc3l",13
"GO:0050931","pigment cell differentiation","13/2534","66/18773",0.196969696969697,1.45923919542704,1.47634473363324,0.101342013639163,0.485463656018555,0.427235706856058,"h2az2a/ric8b/psen2/ap3d1/nsfb/mib1/cdh2/psen1/uvrag/vps18/hdac1/hipk2/aqp3a",13
"GO:0007097","nuclear migration","5/2534","19/18773",0.263157894736842,1.94959082789848,1.63585683488866,0.10252539296026,0.486277769905419,0.427952173511396,"lmnb1/lmnb2/dctn1a/prkci/pafah1b1b",5
"GO:0021593","rhombomere morphogenesis","5/2534","19/18773",0.263157894736842,1.94959082789848,1.63585683488866,0.10252539296026,0.486277769905419,0.427952173511396,"sfpq/mib1/efnb2a/spry4/mafba",5
"GO:0035337","fatty-acyl-CoA metabolic process","5/2534","19/18773",0.263157894736842,1.94959082789848,1.63585683488866,0.10252539296026,0.486277769905419,0.427952173511396,"elovl1b/acsl1b/gcdha/acsl4a/acsl3b",5
"GO:0043280","positive regulation of cysteine-type endopeptidase activity involved in apoptotic process","5/2534","19/18773",0.263157894736842,1.94959082789848,1.63585683488866,0.10252539296026,0.486277769905419,0.427952173511396,"rad21a/tp53/pycard/hip1/diablob",5
"GO:0051647","nucleus localization","5/2534","19/18773",0.263157894736842,1.94959082789848,1.63585683488866,0.10252539296026,0.486277769905419,0.427952173511396,"lmnb1/lmnb2/dctn1a/prkci/pafah1b1b",5
"GO:2001056","positive regulation of cysteine-type endopeptidase activity","5/2534","19/18773",0.263157894736842,1.94959082789848,1.63585683488866,0.10252539296026,0.486277769905419,0.427952173511396,"rad21a/tp53/pycard/hip1/diablob",5
"GO:0021522","spinal cord motor neuron differentiation","8/2534","36/18773",0.222222222222222,1.64632114355871,1.53330489684634,0.103282150861925,0.489061368966254,0.43040189945404,"cox5ab/sfpq/igf1rb/mib1/zc4h2/notch1a/surf1/cox5aa",8
"GO:0070507","regulation of microtubule cytoskeleton organization","14/2534","73/18773",0.191780821917808,1.4207976992356,1.42296074856728,0.10859024043018,0.504778251355212,0.444233652405622,"mapre1a/rcc1/clip1a/gsk3ab/ska2/camsap2b/map1sa/zgc:162200/tprb/clasp2/phldb1b/mapre2/phldb2b/stmn1a",14
"GO:0048066","developmental pigmentation","17/2534","92/18773",0.184782608695652,1.36895182045915,1.40133654553644,0.108838717605039,0.504778251355212,0.444233652405622,"h2az2a/atp6v1h/ric8b/psen2/ap3d1/nsfb/mib1/cdh2/psen1/uvrag/tapt1a/ctns/vps18/hdac1/hipk2/vps39/aqp3a",17
"GO:0006882","intracellular zinc ion homeostasis","4/2534","14/18773",0.285714285714286,2.11669861314692,1.6511027093704,0.109055947323009,0.504778251355212,0.444233652405622,"slc39a7/slc30a7/slc39a13/slc39a6",4
"GO:0009129","pyrimidine nucleoside monophosphate metabolic process","4/2534","14/18773",0.285714285714286,2.11669861314692,1.6511027093704,0.109055947323009,0.504778251355212,0.444233652405622,"dut/uck2b/umps/uck2a",4
"GO:0009130","pyrimidine nucleoside monophosphate biosynthetic process","4/2534","14/18773",0.285714285714286,2.11669861314692,1.6511027093704,0.109055947323009,0.504778251355212,0.444233652405622,"dut/uck2b/umps/uck2a",4
"GO:0042771","intrinsic apoptotic signaling pathway in response to DNA damage by p53 class mediator","4/2534","14/18773",0.285714285714286,2.11669861314692,1.6511027093704,0.109055947323009,0.504778251355212,0.444233652405622,"tp53/si:dkey-9i23.15/xrcc5/hipk2",4
"GO:0042953","lipoprotein transport","4/2534","14/18773",0.285714285714286,2.11669861314692,1.6511027093704,0.109055947323009,0.504778251355212,0.444233652405622,"mia3/vmp1/mia2/apobb.1",4
"GO:0044872","lipoprotein localization","4/2534","14/18773",0.285714285714286,2.11669861314692,1.6511027093704,0.109055947323009,0.504778251355212,0.444233652405622,"mia3/vmp1/mia2/apobb.1",4
"GO:0045580","regulation of T cell differentiation","4/2534","14/18773",0.285714285714286,2.11669861314692,1.6511027093704,0.109055947323009,0.504778251355212,0.444233652405622,"phf6/brd4/ambra1b/opa1",4
"GO:0048892","lateral line nerve development","4/2534","14/18773",0.285714285714286,2.11669861314692,1.6511027093704,0.109055947323009,0.504778251355212,0.444233652405622,"mib1/gna13a/kif1b/gna12a",4
"GO:0055117","regulation of cardiac muscle contraction","4/2534","14/18773",0.285714285714286,2.11669861314692,1.6511027093704,0.109055947323009,0.504778251355212,0.444233652405622,"atp2a2b/tmem161b/erp44/desma",4
"GO:0071677","positive regulation of mononuclear cell migration","4/2534","14/18773",0.285714285714286,2.11669861314692,1.6511027093704,0.109055947323009,0.504778251355212,0.444233652405622,"asap1a/oxsr1a/zgc:153631/akirin1",4
"GO:1902275","regulation of chromatin organization","4/2534","14/18773",0.285714285714286,2.11669861314692,1.6511027093704,0.109055947323009,0.504778251355212,0.444233652405622,"ssrp1a/setdb1a/phf2/setdb1b",4
"GO:2000781","positive regulation of double-strand break repair","4/2534","14/18773",0.285714285714286,2.11669861314692,1.6511027093704,0.109055947323009,0.504778251355212,0.444233652405622,"hdgfl2/actr2a/pias4a/rnf8",4
"GO:0002521","leukocyte differentiation","25/2534","144/18773",0.173611111111111,1.28618839340524,1.36181285193897,0.109948974817437,0.508094861154739,0.447152458199834,"slc39a7/chd7/phf6/sart3/qki2/srpra/dnmt1/lsm8/jagn1b/ncor2/jak1/ddx46/kif1b/slc39a6/brd4/ambra1b/qkia/irf2bp2b/srp54/usb1/nlrc3l/rabl3/sbds/opa1/nrros",25
"GO:0042158","lipoprotein biosynthetic process","6/2534","25/18773",0.24,1.77802683504341,1.53768028294289,0.11090127349422,0.509655957132862,0.448526311701358,"nmt1a/zdhhc9/zdhhc16a/wipi1/apoeb/rabl3",6
"GO:0048489","synaptic vesicle transport","6/2534","25/18773",0.24,1.77802683504341,1.53768028294289,0.11090127349422,0.509655957132862,0.448526311701358,"kif5ba/picalma/snapin/ap3d1/picalmb/cdk5",6
"GO:0006661","phosphatidylinositol biosynthetic process","13/2534","67/18773",0.194029850746269,1.43745950594306,1.41698003651251,0.110994888892777,0.509655957132862,0.448526311701358,"dpm1/mboat7/zgc:158659/pigk/cdipt/pik3cg/pigu/pip4k2ca/pik3c2b/efr3bb/pigp/pik3c2a/pigc",13
"GO:0120032","regulation of plasma membrane bounded cell projection assembly","13/2534","67/18773",0.194029850746269,1.43745950594306,1.41698003651251,0.110994888892777,0.509655957132862,0.448526311701358,"mcm2/atp6ap1b/twf1b/appb/akirin1/tapt1a/nrp1b/lamb1a/selenow2a/mcm7/cdc42ep1a/arhgap24/cep290",13
"GO:0030903","notochord development","16/2534","86/18773",0.186046511627907,1.37831537600264,1.38903235766967,0.111954341662058,0.513242913447557,0.451683037848767,"copb1/scarb2a/npc1/rab32a/ctps1a/atp6v0ca/zyg11/tbx2b/mib1/copb2/vangl2/crim1/lamb1a/vps18/fbn2b/atp6v1e1b",16
"GO:0034440","lipid oxidation","11/2534","55/18773",0.2,1.48168902920284,1.41317945667183,0.115082011830728,0.523032079992582,0.460298062756492,"acadl/hadhb/hadhab/etfa/gcdha/hacl1/echs1/acox1/decr1/ech1/acadm",11
"GO:0006458","'de novo' protein folding","7/2534","31/18773",0.225806451612903,1.6728747103903,1.48110559724678,0.11517969389208,0.523032079992582,0.460298062756492,"hspe1/hspa5/hspa9/dnajc18/hsc70/hspa14/dnajc2",7
"GO:0007062","sister chromatid cohesion","7/2534","31/18773",0.225806451612903,1.6728747103903,1.48110559724678,0.11517969389208,0.523032079992582,0.460298062756492,"rad21a/nipblb/mcmbp/naa50/smc3/si:ch211-269e2.1/nipbla",7
"GO:0038061","non-canonical NF-kappaB signal transduction","7/2534","31/18773",0.225806451612903,1.6728747103903,1.48110559724678,0.11517969389208,0.523032079992582,0.460298062756492,"tnfrsf1b/relb/rel/cul1a/nfkb2/notch1a/akip1",7
"GO:0071391","cellular response to estrogen stimulus","7/2534","31/18773",0.225806451612903,1.6728747103903,1.48110559724678,0.11517969389208,0.523032079992582,0.460298062756492,"lman1/ssr1/hdlbpa/slc31a1/esr1/adgrl3.1/ssr4",7
"GO:2001242","regulation of intrinsic apoptotic signaling pathway","7/2534","31/18773",0.225806451612903,1.6728747103903,1.48110559724678,0.11517969389208,0.523032079992582,0.460298062756492,"tp53/hyou1/sart3/nup62l/nck1b/pin1/ptpn11a",7
"GO:0030217","T cell differentiation","10/2534","49/18773",0.204081632653061,1.51192758081923,1.41737963771732,0.116512244939446,0.528250005008922,0.464890134387479,"chd7/phf6/dnmt1/lsm8/jak1/slc39a6/brd4/ambra1b/rabl3/opa1",10
"GO:0031334","positive regulation of protein-containing complex assembly","8/2534","37/18773",0.216216216216216,1.60182597751659,1.44747906169853,0.116998576566937,0.529156111744794,0.465687559996972,"psmc6/clip1a/nck1b/baiap2a/ambra1b/cdc42ep1a/evla/nek7",8
"GO:0001837","epithelial to mesenchymal transition","9/2534","43/18773",0.209302325581395,1.55060479800297,1.42785552969312,0.117263494023334,0.529156111744794,0.465687559996972,"cnbpa/chd7/pef1/fmr1/slc39a6/tfap2c/kbtbd8/snw1/snai1a",9
"GO:0055013","cardiac muscle cell development","9/2534","43/18773",0.209302325581395,1.55060479800297,1.42785552969312,0.117263494023334,0.529156111744794,0.465687559996972,"tomm70a/vcp/gsk3ab/neb/itgb1b/mat2aa/ilk/nr2f2/opa1",9
"GO:0140014","mitotic nuclear division","21/2534","119/18773",0.176470588235294,1.30737267282604,1.3287145332205,0.118279514656471,0.532905669320782,0.468987384528664,"gnl3/rcc1/seh1l/bccip/ska2/ube2ib/ewsr1a/si:ch211-244o22.2/tmpoa/gnl2/mad2l1bp/tprb/clasp2/mis12/banf1/chmp7/racgap1/anapc5/anapc11/cdc14ab/abraxas2",21
"GO:0048592","eye morphogenesis","41/2534","253/18773",0.162055335968379,1.20057806714064,1.26882623120192,0.121146259102933,0.536520409203581,0.472168561800706,"atp6v0e1/pcdh17/ccnd1/chd7/egr1/sigmar1/ubr3/dnmt1/top2b/socs3a/atp6v0ca/cdipt/smarca4a/rpgrb/atf4a/crk/tbx2b/dctn1a/cct4/mib1/rerea/znf644a/efnb2a/cdh2/marcksb/prkci/itga5/odc1/vangl2/tapt1a/agrn/cdk5/lamb1a/toporsa/cct3/ptk2ab/hdac1/mafba/pax6b/znf703/cep290",41
"GO:0006400","tRNA modification","13/2534","68/18773",0.191176470588235,1.41632039556154,1.35857063970338,0.121169096157964,0.536520409203581,0.472168561800706,"tyw1/ctu2/cdkal1/nat10/nsun2/trmt1/elp3/thada/trmt61b/qtrt1/trmt61a/dus3l/wdr6",13
"GO:0030010","establishment of cell polarity","13/2534","68/18773",0.191176470588235,1.41632039556154,1.35857063970338,0.121169096157964,0.536520409203581,0.472168561800706,"rhoj/rhoub/aplnrb/dctn1a/frmd4ba/cdh2/myo9aa/cdc42l/prkci/vangl2/sipa1l3/pafah1b1b/cep170aa",13
"GO:0030595","leukocyte chemotaxis","13/2534","68/18773",0.191176470588235,1.41632039556154,1.35857063970338,0.121169096157964,0.536520409203581,0.472168561800706,"hspd1/lyn/ddx3xb/oxsr1a/lta4h/ch25h/akirin1/cul1a/pik3cg/rac1a/srp54/il6r/nsmaf",13
"GO:0060491","regulation of cell projection assembly","13/2534","68/18773",0.191176470588235,1.41632039556154,1.35857063970338,0.121169096157964,0.536520409203581,0.472168561800706,"mcm2/atp6ap1b/twf1b/appb/akirin1/tapt1a/nrp1b/lamb1a/selenow2a/mcm7/cdc42ep1a/arhgap24/cep290",13
"GO:0001738","morphogenesis of a polarized epithelium","5/2534","20/18773",0.25,1.85211128650355,1.50610370152518,0.122249874413876,0.536520409203581,0.472168561800706,"cdh2/myo9aa/prkci/vangl2/intu",5
"GO:0006513","protein monoubiquitination","5/2534","20/18773",0.25,1.85211128650355,1.50610370152518,0.122249874413876,0.536520409203581,0.472168561800706,"ube2nb/pef1/ube3d/kbtbd8/toporsa",5
"GO:0031124","mRNA 3'-end processing","5/2534","20/18773",0.25,1.85211128650355,1.50610370152518,0.122249874413876,0.536520409203581,0.472168561800706,"cpsf3/cpsf6/cstf2/slbp/pcf11",5
"GO:0033077","T cell differentiation in thymus","5/2534","20/18773",0.25,1.85211128650355,1.50610370152518,0.122249874413876,0.536520409203581,0.472168561800706,"phf6/dnmt1/jak1/slc39a6/rabl3",5
"GO:0036302","atrioventricular canal development","5/2534","20/18773",0.25,1.85211128650355,1.50610370152518,0.122249874413876,0.536520409203581,0.472168561800706,"dchs1b/flt4/tbx2b/med10/kctd10",5
"GO:0042744","hydrogen peroxide catabolic process","5/2534","20/18773",0.25,1.85211128650355,1.50610370152518,0.122249874413876,0.536520409203581,0.472168561800706,"prdx1/gpx1a/prdx4/prdx3/prdx5",5
"GO:0048538","thymus development","5/2534","20/18773",0.25,1.85211128650355,1.50610370152518,0.122249874413876,0.536520409203581,0.472168561800706,"chd7/mcm2/sart3/wdr55/cdca7a",5
"GO:0051646","mitochondrion localization","5/2534","20/18773",0.25,1.85211128650355,1.50610370152518,0.122249874413876,0.536520409203581,0.472168561800706,"psen2/cluha/rhot1a/mfn1b/dnm1l",5
"GO:0070050","neuron cellular homeostasis","5/2534","20/18773",0.25,1.85211128650355,1.50610370152518,0.122249874413876,0.536520409203581,0.472168561800706,"ccnd1/atp6v1g1/nipblb/asah1b/dmxl2",5
"GO:0070306","lens fiber cell differentiation","5/2534","20/18773",0.25,1.85211128650355,1.50610370152518,0.122249874413876,0.536520409203581,0.472168561800706,"psmd6/celf1/atf4a/itga5/ptk2ab",5
"GO:0072676","lymphocyte migration","5/2534","20/18773",0.25,1.85211128650355,1.50610370152518,0.122249874413876,0.536520409203581,0.472168561800706,"spns2/oxsr1a/zgc:153631/stk10/ch25h",5
"GO:1990798","pancreas regeneration","5/2534","20/18773",0.25,1.85211128650355,1.50610370152518,0.122249874413876,0.536520409203581,0.472168561800706,"cdkal1/pepd/thada/ide/notch2",5
"GO:0022603","regulation of anatomical structure morphogenesis","48/2534","301/18773",0.159468438538206,1.18141317943084,1.25335489000254,0.122569951400437,0.537106377597958,0.472684247409841,"mtdhb/palm1a/tp53/vash2/elavl1a/myh9a/elmo1/arhgap35a/atp6ap1b/mapk14a/mia3/stab2/nf2b/strip1/aplnrb/vat1/mydgf/msna/ube3d/myh9b/dpysl2b/cemip2/fmr1/tars1/tspan18a/ppp1r12a/utp15/mtdha/mia2/zeb1b/mief1/sars1/fmnl3/brwd3/rac1a/sec14l8/notch1a/cyfip1/pigp/ptk2ab/gata2a/serpinf1/cdc42ep1a/arhgap35b/si:dkey-40c11.2/stab1/ptenb/pak2a",48
"GO:0008154","actin polymerization or depolymerization","23/2534","133/18773",0.172932330827068,1.28115968690471,1.28538981574172,0.125023408844239,0.547024914988699,0.481413126040767,"cttn/cfl1/washc3/nck1b/twf1b/brk1/arpc5lb/tmod2/arpc5a/sptan1/gsna/arpc5la/capza1a/baiap2a/diaph3/fmnl3/mtpn/diaph2/cyfip1/cdc42ep1a/evla/si:dkey-40c11.2/kank3",23
"GO:0042180","cellular ketone metabolic process","14/2534","75/18773",0.186666666666667,1.38290976058932,1.31252754995727,0.128198706392747,0.556647538567051,0.489881583638651,"etfa/kdm1a/ndufa9a/coq5/cbsb/pptc7a/si:dkeyp-120h9.1/dcaf5/fgfr4/hagh/park7/bckdk/pdss2/wdtc1",14
"GO:0009150","purine ribonucleotide metabolic process","30/2534","180/18773",0.166666666666667,1.23474085766903,1.25005505907136,0.128308292513518,0.556647538567051,0.489881583638651,"atp5f1b/dlst/atp5mc1/atp5pd/hint1/adssl/adsl/adcy2b/atp5fa1/impdh1b/atp6v1ba/ppat/atp5mc3a/pkma/atp5po/pde4d/atp5if1a/adka/atp5l/nt5c2a/hprt1/paics/aprt/atp6v1ab/atp5mf/nt5c2b/tigarb/opa1/atp6v1b2/atp5f1c",30
"GO:0031100","animal organ regeneration","6/2534","26/18773",0.230769230769231,1.70964118754174,1.4303375344966,0.128576107380024,0.556647538567051,0.489881583638651,"uhrf1/cdkal1/pepd/thada/ide/notch2",6
"GO:0046785","microtubule polymerization","6/2534","26/18773",0.230769230769231,1.70964118754174,1.4303375344966,0.128576107380024,0.556647538567051,0.489881583638651,"clip1a/pcnt/nedd1/tubgcp3/nin/clasp2",6
"GO:0071453","cellular response to oxygen levels","6/2534","26/18773",0.230769230769231,1.70964118754174,1.4303375344966,0.128576107380024,0.556647538567051,0.489881583638651,"tp53/hyou1/atp6v0d1/egln1b/nr3c1/egln2",6
"GO:0097352","autophagosome maturation","6/2534","26/18773",0.230769230769231,1.70964118754174,1.4303375344966,0.128576107380024,0.556647538567051,0.489881583638651,"vcp/tmem39a/spns1/fyco1a/mfsd8/atp6v0a1a",6
"GO:2000045","regulation of G1/S transition of mitotic cell cycle","6/2534","26/18773",0.230769230769231,1.70964118754174,1.4303375344966,0.128576107380024,0.556647538567051,0.489881583638651,"ccnd1/psme1/plk3/psme3/rbl1/ambra1b",6
"GO:0046034","ATP metabolic process","16/2534","88/18773",0.181818181818182,1.34699002654804,1.28881539246103,0.130220103859594,0.562202174314255,0.494769979917885,"atp5f1b/dlst/atp5mc1/atp5pd/atp5fa1/atp6v1ba/atp5mc3a/pkma/atp5po/atp5if1a/atp5l/atp6v1ab/atp5mf/tigarb/atp6v1b2/atp5f1c",16
"GO:0009306","protein secretion","9/2534","44/18773",0.204545454545455,1.51536377986654,1.35195387004966,0.130739055229607,0.562202174314255,0.494769979917885,"tango2/mia3/tmem167a/edn1/copg2/mia2/marcksb/wls/park7",9
"GO:0035592","establishment of protein localization to extracellular region","9/2534","44/18773",0.204545454545455,1.51536377986654,1.35195387004966,0.130739055229607,0.562202174314255,0.494769979917885,"tango2/mia3/tmem167a/edn1/copg2/mia2/marcksb/wls/park7",9
"GO:0006220","pyrimidine nucleotide metabolic process","7/2534","32/18773",0.21875,1.62059737569061,1.38792973671851,0.13119169502538,0.562202174314255,0.494769979917885,"dut/uck2b/cmpk/ctps1a/dtymk/umps/uck2a",7
"GO:0010508","positive regulation of autophagy","7/2534","32/18773",0.21875,1.62059737569061,1.38792973671851,0.13119169502538,0.562202174314255,0.494769979917885,"gsk3ab/nprl2/depdc5/ambra1b/ufl1/fyco1a/ddrgk1",7
"GO:0051983","regulation of chromosome segregation","8/2534","38/18773",0.210526315789474,1.55967266231878,1.36419979734024,0.131634750501422,0.562202174314255,0.494769979917885,"csnk2a2a/rcc2/si:ch211-244o22.2/anapc2/anapc5/csnk2a2b/anapc11/anapc4",8
"GO:0030098","lymphocyte differentiation","13/2534","69/18773",0.188405797101449,1.39579401301717,1.30108435940104,0.131858404961783,0.562202174314255,0.494769979917885,"slc39a7/chd7/phf6/sart3/dnmt1/lsm8/jak1/ddx46/slc39a6/brd4/ambra1b/rabl3/opa1",13
"GO:0035315","hair cell differentiation","13/2534","69/18773",0.188405797101449,1.39579401301717,1.30108435940104,0.131858404961783,0.562202174314255,0.494769979917885,"pho/myo7aa/atp6v0d1/socs3a/slc26a2/mif/tgfb1a/mib1/mcoln1a/cdh2/myo6b/cops5/ptpn11a",13
"GO:0006188","IMP biosynthetic process","4/2534","15/18773",0.266666666666667,1.97558537227046,1.49312642258804,0.133569394661671,0.562202174314255,0.494769979917885,"adsl/ppat/hprt1/paics",4
"GO:0008078","mesodermal cell migration","4/2534","15/18773",0.266666666666667,1.97558537227046,1.49312642258804,0.133569394661671,0.562202174314255,0.494769979917885,"aplnrb/prkci/snai1a/ctnnd1",4
"GO:0009068","aspartate family amino acid catabolic process","4/2534","15/18773",0.266666666666667,1.97558537227046,1.49312642258804,0.133569394661671,0.562202174314255,0.494769979917885,"dlst/got2b/tdh/tha1",4
"GO:0030947","regulation of vascular endothelial growth factor receptor signaling pathway","4/2534","15/18773",0.266666666666667,1.97558537227046,1.49312642258804,0.133569394661671,0.562202174314255,0.494769979917885,"nrp2a/flt4/nrp2b/nrp1b",4
"GO:0034315","regulation of Arp2/3 complex-mediated actin nucleation","4/2534","15/18773",0.266666666666667,1.97558537227046,1.49312642258804,0.133569394661671,0.562202174314255,0.494769979917885,"ap1ar/wasf3b/gmfb/arfip1",4
"GO:0050777","negative regulation of immune response","4/2534","15/18773",0.266666666666667,1.97558537227046,1.49312642258804,0.133569394661671,0.562202174314255,0.494769979917885,"parp1/pias4a/trafd1/sele",4
"GO:0071763","nuclear membrane organization","4/2534","15/18773",0.266666666666667,1.97558537227046,1.49312642258804,0.133569394661671,0.562202174314255,0.494769979917885,"nsfl1c/tmpoa/banf1/chmp7",4
"GO:1901992","positive regulation of mitotic cell cycle phase transition","4/2534","15/18773",0.266666666666667,1.97558537227046,1.49312642258804,0.133569394661671,0.562202174314255,0.494769979917885,"ccnd1/cdc25b/anapc5/anapc11",4
"GO:1903531","negative regulation of secretion by cell","4/2534","15/18773",0.266666666666667,1.97558537227046,1.49312642258804,0.133569394661671,0.562202174314255,0.494769979917885,"rap1b/rap1ab/rap1aa/il1rapl1a",4
"GO:1903708","positive regulation of hemopoiesis","4/2534","15/18773",0.266666666666667,1.97558537227046,1.49312642258804,0.133569394661671,0.562202174314255,0.494769979917885,"ddx46/brd4/ambra1b/opa1",4
"GO:2000401","regulation of lymphocyte migration","4/2534","15/18773",0.266666666666667,1.97558537227046,1.49312642258804,0.133569394661671,0.562202174314255,0.494769979917885,"spns2/oxsr1a/zgc:153631/stk10",4
"GO:0002011","morphogenesis of an epithelial sheet","19/2534","108/18773",0.175925925925926,1.30333757198398,1.248829140052,0.13510581755691,0.567666667492856,0.499579045595256,"cfl1/rab5ab/cdk5rap3/npc1/hs2st1a/lta4h/dsc2l/megf8/gab1/fzd7a/fscn1a/rerea/gna13a/gna12a/sec14l8/diaph2/ctsba/arf6b/arhgap24",19
"GO:0001894","tissue homeostasis","17/2534","95/18773",0.178947368421053,1.32572176297096,1.25725198796275,0.13532022161235,0.567666667492856,0.499579045595256,"tp53/ptbp1a/ctnna1/celsr1a/uhrf1/cdipt/tert/mcoln1a/foxf2a/nrf1/pgrmc1/tjp1a/pafah1b1b/emc3/park7/cep290/mllt10",17
"GO:0008652","amino acid biosynthetic process","12/2534","63/18773",0.19047619047619,1.41113240876461,1.29120152654603,0.135459187414933,0.567666667492856,0.499579045595256,"aldh18a1/psat1/sephs1/cbsb/adi1/aasdhppt/phgdh/psph/pycr1b/glulb/agxta/tha1",12
"GO:0070372","regulation of ERK1 and ERK2 cascade","11/2534","57/18773",0.192982456140351,1.42969994045888,1.28343872844927,0.138928914107942,0.574920926621733,0.505963207392373,"cds2/spred2b/arrb2a/ptpn1/styx/dusp6/fgfr4/ndrg4/spry4/pdgfbb/spred2a",11
"GO:0001946","lymphangiogenesis","10/2534","51/18773",0.196078431372549,1.45263630314004,1.27860761845773,0.142160075754635,0.574920926621733,0.505963207392373,"elmo1/iqsec1b/stab2/mcamb/flt4/psen1/nr2f2/mafba/stab1/notch2",10
"GO:0001780","neutrophil homeostasis","3/2534","10/18773",0.3,2.22253354380426,1.52752589751567,0.142352603098466,0.574920926621733,0.505963207392373,"sema3fb/sod2/sema3fa",3
"GO:0002819","regulation of adaptive immune response","3/2534","10/18773",0.3,2.22253354380426,1.52752589751567,0.142352603098466,0.574920926621733,0.505963207392373,"sele/brd4/opa1",3
"GO:0002822","regulation of adaptive immune response based on somatic recombination of immune receptors built from immunoglobulin superfamily domains","3/2534","10/18773",0.3,2.22253354380426,1.52752589751567,0.142352603098466,0.574920926621733,0.505963207392373,"sele/brd4/opa1",3
"GO:0006390","mitochondrial transcription","3/2534","10/18773",0.3,2.22253354380426,1.52752589751567,0.142352603098466,0.574920926621733,0.505963207392373,"tfb2m/kansl3/polrmt",3
"GO:0014821","phasic smooth muscle contraction","3/2534","10/18773",0.3,2.22253354380426,1.52752589751567,0.142352603098466,0.574920926621733,0.505963207392373,"shroom4/edn1/flna",3
"GO:0031397","negative regulation of protein ubiquitination","3/2534","10/18773",0.3,2.22253354380426,1.52752589751567,0.142352603098466,0.574920926621733,0.505963207392373,"usp44/ubxn1/n4bp1",3
"GO:0035459","vesicle cargo loading","3/2534","10/18773",0.3,2.22253354380426,1.52752589751567,0.142352603098466,0.574920926621733,0.505963207392373,"mia3/mia2/sec23a",3
"GO:0042542","response to hydrogen peroxide","3/2534","10/18773",0.3,2.22253354380426,1.52752589751567,0.142352603098466,0.574920926621733,0.505963207392373,"gpx1a/txndc12/park7",3
"GO:0048532","anatomical structure arrangement","3/2534","10/18773",0.3,2.22253354380426,1.52752589751567,0.142352603098466,0.574920926621733,0.505963207392373,"slc7a6os/cdh2/camk2g1",3
"GO:0050932","regulation of pigment cell differentiation","3/2534","10/18773",0.3,2.22253354380426,1.52752589751567,0.142352603098466,0.574920926621733,0.505963207392373,"h2az2a/ap3d1/hipk2",3
"GO:0060420","regulation of heart growth","3/2534","10/18773",0.3,2.22253354380426,1.52752589751567,0.142352603098466,0.574920926621733,0.505963207392373,"ruvbl1/dusp6/hdac1",3
"GO:0070142","synaptic vesicle budding","3/2534","10/18773",0.3,2.22253354380426,1.52752589751567,0.142352603098466,0.574920926621733,0.505963207392373,"picalma/ap3d1/picalmb",3
"GO:0097475","motor neuron migration","3/2534","10/18773",0.3,2.22253354380426,1.52752589751567,0.142352603098466,0.574920926621733,0.505963207392373,"dpysl2b/cdh2/vangl2",3
"GO:1901874","negative regulation of post-translational protein modification","3/2534","10/18773",0.3,2.22253354380426,1.52752589751567,0.142352603098466,0.574920926621733,0.505963207392373,"usp44/ubxn1/n4bp1",3
"GO:1902106","negative regulation of leukocyte differentiation","3/2534","10/18773",0.3,2.22253354380426,1.52752589751567,0.142352603098466,0.574920926621733,0.505963207392373,"qki2/qkia/irf2bp2b",3
"GO:1903321","negative regulation of protein modification by small protein conjugation or removal","3/2534","10/18773",0.3,2.22253354380426,1.52752589751567,0.142352603098466,0.574920926621733,0.505963207392373,"usp44/ubxn1/n4bp1",3
"GO:2000641","regulation of early endosome to late endosome transport","3/2534","10/18773",0.3,2.22253354380426,1.52752589751567,0.142352603098466,0.574920926621733,0.505963207392373,"nf2b/msna/dennd10",3
"GO:0009628","response to abiotic stimulus","59/2534","381/18773",0.154855643044619,1.14723953704682,1.14696823160879,0.142468211793766,0.574920926621733,0.505963207392373,"hsp90b1/hspa5/atp6v0e1/tp53/hyou1/chd7/ndufa9a/hikeshi/myo7aa/stx4/hsf1/mapk14a/dnaja2b/lsm7/npc1/metrnla/ldha/pigk/si:dkey-9i23.15/dlat/atp6v0d1/tmem39a/oxsr1a/xrcc6/slc31a1/pold3/rnf8/ddx6/egln1b/cyp20a1/badb/atf6/xrcc5/slc25a27/cct4/atp5if1a/nrf1/psen1/sf3b4/nr3c1/egln2/nabp1a/pigu/myo6b/mta1/nrp1b/lamb1a/ern1/vps18/ercc8/hmox1a/ciao2a/ddb2/cry3b/inip/hsp90aa1.2/hspb15/tet1/dnmt3aa",59
"GO:0060537","muscle tissue development","41/2534","257/18773",0.159533073929961,1.18189202718515,1.15980660032514,0.14325084814984,0.574920926621733,0.505963207392373,"tomm70a/ddx39ab/kif5ba/vcp/tango2/gsk3ab/hnrnpl2/dag1/bag3/aplnrb/foxo1a/neb/smarca4a/cemip2/rbx1/selenon/inpp5ka/rbfox1/prmt5/itgb1b/myo9aa/ngly1/acta1b/marcksb/neu1/sox6/ambra1b/mat2aa/golga2/qkia/mybpc2b/ndrg4/ilk/dnajb6a/spry4/desma/nr2f2/myl1/hdac1/opa1/ldb3a",41
"GO:0000413","protein peptidyl-prolyl isomerization","5/2534","21/18773",0.238095238095238,1.76391551095576,1.3835986054322,0.143580460660308,0.574920926621733,0.505963207392373,"ppig/cwc27/ppih/fkbp2/ppil2",5
"GO:0003318","cell migration to the midline involved in heart development","5/2534","21/18773",0.238095238095238,1.76391551095576,1.3835986054322,0.143580460660308,0.574920926621733,0.505963207392373,"spns2/robo1/cemip2/gata6/gna13a",5
"GO:0006144","purine nucleobase metabolic process","5/2534","21/18773",0.238095238095238,1.76391551095576,1.3835986054322,0.143580460660308,0.574920926621733,0.505963207392373,"gmpr2/ppat/adka/hprt1/aprt",5
"GO:0021546","rhombomere development","5/2534","21/18773",0.238095238095238,1.76391551095576,1.3835986054322,0.143580460660308,0.574920926621733,0.505963207392373,"sfpq/mib1/efnb2a/spry4/mafba",5
"GO:0032365","intracellular lipid transport","5/2534","21/18773",0.238095238095238,1.76391551095576,1.3835986054322,0.143580460660308,0.574920926621733,0.505963207392373,"nus1/npc1/stab2/relch/stab1",5
"GO:0033619","membrane protein proteolysis","5/2534","21/18773",0.238095238095238,1.76391551095576,1.3835986054322,0.143580460660308,0.574920926621733,0.505963207392373,"hm13/psen2/psen1/sppl3/rbmx",5
"GO:0034243","regulation of transcription elongation by RNA polymerase II","5/2534","21/18773",0.238095238095238,1.76391551095576,1.3835986054322,0.143580460660308,0.574920926621733,0.505963207392373,"ell/gtf2f1/rnf8/brd4/nelfcd",5
"GO:0035196","miRNA processing","5/2534","21/18773",0.238095238095238,1.76391551095576,1.3835986054322,0.143580460660308,0.574920926621733,0.505963207392373,"eif1axb/pum1/tarbp2/dgcr8/srrt",5
"GO:0043173","nucleotide salvage","5/2534","21/18773",0.238095238095238,1.76391551095576,1.3835986054322,0.143580460660308,0.574920926621733,0.505963207392373,"uck2b/uck2a/adka/hprt1/aprt",5
"GO:0045619","regulation of lymphocyte differentiation","5/2534","21/18773",0.238095238095238,1.76391551095576,1.3835986054322,0.143580460660308,0.574920926621733,0.505963207392373,"phf6/ddx46/brd4/ambra1b/opa1",5
"GO:0060034","notochord cell differentiation","5/2534","21/18773",0.238095238095238,1.76391551095576,1.3835986054322,0.143580460660308,0.574920926621733,0.505963207392373,"rab32a/atp6v0ca/mib1/vps18/atp6v1e1b",5
"GO:1901990","regulation of mitotic cell cycle phase transition","17/2534","96/18773",0.177083333333333,1.31191216127335,1.21030074952529,0.144898430526748,0.57894941483488,0.50950850679423,"ccnd1/gnl3/cdc25b/psme1/mre11a/plk3/psme3/gnl2/rbl1/mad2l1bp/ambra1b/nabp1a/anapc5/orc1/anapc11/cdc14ab/anapc4",17
"GO:0006109","regulation of carbohydrate metabolic process","9/2534","45/18773",0.2,1.48168902920284,1.27792759662736,0.144988721117037,0.57894941483488,0.50950850679423,"rreb1b/arpp19a/inpp5ka/ppp1r3cb/rreb1a/nr4a1/tigarb/bckdk/kctd10",9
"GO:0031102","neuron projection regeneration","8/2534","39/18773",0.205128205128205,1.51968105559266,1.28331381077193,0.147156904561107,0.581454094071182,0.511712767382437,"mvp/socs3a/sfpq/mcamb/dpysl2b/il6st/cnp/gap43",8
"GO:0045010","actin nucleation","8/2534","39/18773",0.205128205128205,1.51968105559266,1.28331381077193,0.147156904561107,0.581454094071182,0.511712767382437,"actr2a/ap1ar/wasf3b/arpc5lb/arpc5a/arpc5la/gmfb/arfip1",8
"GO:0007422","peripheral nervous system development","12/2534","64/18773",0.1875,1.38908346487766,1.2316474480855,0.147423876031556,0.581454094071182,0.511712767382437,"chd7/dpysl2b/sptan1/cdh2/ngly1/kif1b/rtn4a/agrn/cdk5/sox3/notch1a/hdac1",12
"GO:0006084","acetyl-CoA metabolic process","6/2534","27/18773",0.222222222222222,1.64632114355871,1.32756219470734,0.147508333744217,0.581454094071182,0.511712767382437,"pdhb/dlst/pdha1a/dlat/acss2/bckdk",6
"GO:0032784","regulation of DNA-templated transcription elongation","6/2534","27/18773",0.222222222222222,1.64632114355871,1.32756219470734,0.147508333744217,0.581454094071182,0.511712767382437,"ell/gtf2f1/rnf8/wdr82/brd4/nelfcd",6
"GO:0040001","establishment of mitotic spindle localization","6/2534","27/18773",0.222222222222222,1.64632114355871,1.32756219470734,0.147508333744217,0.581454094071182,0.511712767382437,"dctn1a/prkci/vangl2/clasp2/diaph2/pafah1b1b",6
"GO:0043281","regulation of cysteine-type endopeptidase activity involved in apoptotic process","6/2534","27/18773",0.222222222222222,1.64632114355871,1.32756219470734,0.147508333744217,0.581454094071182,0.511712767382437,"rad21a/tp53/pycard/tnfrsf1b/hip1/diablob",6
"GO:0048284","organelle fusion","20/2534","116/18773",0.172413793103448,1.27731812862314,1.18349189169446,0.147777509610299,0.581454094071182,0.511712767382437,"uso1/yipf5/stx4/zgc:100918/vat1/snap29/mfn1b/gosr2/bet1/sybl1/uvrag/sec22ba/mief1/stx5a/vps18/vps39/opa1/miga2/rab34a/si:ch211-266g18.9",20
"GO:0042246","tissue regeneration","26/2534","156/18773",0.166666666666667,1.23474085766903,1.16298757253737,0.148197471294623,0.581454094071182,0.511712767382437,"hspd1/serpinh1b/hspa9/pho/rbbp4/faf1/rbb4l/flt4/mta2/smarca4a/igf1rb/ddx52/akirin1/cdh2/galnt2/prdx5/smc3/mtrex/dusp6/lamb1a/krt17/ctsba/hdac1/atp6v1e1b/gap43/notch2",26
"GO:0001966","thigmotaxis","7/2534","33/18773",0.212121212121212,1.57148836430604,1.29795162424201,0.148241509221343,0.581454094071182,0.511712767382437,"nop56/chd7/nup50/depdc5/sgsh/golga2/trip4",7
"GO:0032924","activin receptor signaling pathway","7/2534","33/18773",0.212121212121212,1.57148836430604,1.29795162424201,0.148241509221343,0.581454094071182,0.511712767382437,"ncln/rab5ab/aplnrb/prex1/nomo/fscn1a/acvr2aa",7
"GO:0043627","response to estrogen","7/2534","33/18773",0.212121212121212,1.57148836430604,1.29795162424201,0.148241509221343,0.581454094071182,0.511712767382437,"lman1/ssr1/hdlbpa/slc31a1/esr1/adgrl3.1/ssr4",7
"GO:0046890","regulation of lipid biosynthetic process","7/2534","33/18773",0.212121212121212,1.57148836430604,1.29795162424201,0.148241509221343,0.581454094071182,0.511712767382437,"kdm1a/cnep1r1/dcaf5/mid1ip1l/fgfr4/ctdnep1a/wdtc1",7
"GO:0002064","epithelial cell development","18/2534","103/18773",0.174757281553398,1.29467973425491,1.18461072443892,0.149323664932575,0.584107107800111,0.514047570784764,"iqgap2/myh9a/cdkal1/tll1/atf4a/kirrel3l/slc43a1a/mib1/marcksb/itga5/thada/sipa1l3/ilk/tjp1a/ptk2ab/fbn2b/dhps/ide",18
"GO:0009205","purine ribonucleoside triphosphate metabolic process","18/2534","103/18773",0.174757281553398,1.29467973425491,1.18461072443892,0.149323664932575,0.584107107800111,0.514047570784764,"atp5f1b/dlst/atp5mc1/atp5pd/atp5fa1/impdh1b/atp6v1ba/atp5mc3a/pkma/atp5po/atp5if1a/atp5l/atp6v1ab/atp5mf/tigarb/opa1/atp6v1b2/atp5f1c",18
"GO:0072521","purine-containing compound metabolic process","52/2534","334/18773",0.155688622754491,1.15341062153515,1.11747783530689,0.150115310188846,0.5864070258259,0.516071629828684,"elovl1b/atp5f1b/pgd/pdhb/dlst/atp5mc1/nnt/atp5pd/gmpr2/acsl1b/pdha1a/gcdha/hint1/adssl/adsl/adcy2b/dlat/atp5fa1/impdh1b/atp6v1ba/ppat/atp5mc3a/nadka/pkma/atp5po/acot15/acot20/pde4d/atp5if1a/adka/atp5l/nt5c2a/rpe/hprt1/acsl4a/acot8/paics/aprt/atp6v1ab/acot9.1/acot14/atp5mf/nt5c2b/tigarb/taldo1/acss2/acsl3b/bckdk/opa1/atp6v1b2/atp5f1c/fhit",52
"GO:0030041","actin filament polymerization","21/2534","123/18773",0.170731707317073,1.26485648834389,1.16413324360282,0.151163890308259,0.589703035497939,0.51897230633573,"cttn/washc3/nck1b/twf1b/arpc5lb/tmod2/arpc5a/sptan1/gsna/arpc5la/capza1a/baiap2a/diaph3/fmnl3/mtpn/diaph2/cyfip1/cdc42ep1a/evla/si:dkey-40c11.2/kank3",21
"GO:0006163","purine nucleotide metabolic process","37/2534","231/18773",0.16017316017316,1.1866340710066,1.12745071937297,0.151485201967121,0.590156828773128,0.519371670301062,"atp5f1b/pgd/dlst/atp5mc1/nnt/atp5pd/gmpr2/hint1/adssl/adsl/adcy2b/atp5fa1/impdh1b/atp6v1ba/ppat/atp5mc3a/nadka/pkma/atp5po/pde4d/atp5if1a/adka/atp5l/nt5c2a/rpe/hprt1/paics/aprt/atp6v1ab/atp5mf/nt5c2b/tigarb/taldo1/opa1/atp6v1b2/atp5f1c/fhit",37
"GO:0072522","purine-containing compound biosynthetic process","29/2534","177/18773",0.163841807909605,1.2138130465221,1.12898976082127,0.154184286981578,0.599860219216166,0.527911207346597,"elovl1b/atp5f1b/pdhb/dlst/atp5mc1/atp5pd/acsl1b/pdha1a/gcdha/adssl/adsl/adcy2b/dlat/atp5fa1/impdh1b/ppat/atp5mc3a/nadka/atp5po/atp5if1a/adka/atp5l/hprt1/paics/aprt/atp5mf/acss2/bckdk/atp5f1c",29
"GO:0043244","regulation of protein-containing complex disassembly","13/2534","71/18773",0.183098591549296,1.35647587180542,1.18876011407329,0.154744700505467,0.601228060398432,0.529114985605026,"tmem39a/twf1b/tmod2/sptan1/camsap2b/gsna/map1sa/capza1a/fyco1a/mtpn/eif5a/pcf11/scaf4b",13
"GO:0097193","intrinsic apoptotic signaling pathway","15/2534","84/18773",0.178571428571429,1.32293663321682,1.17177131260858,0.155489623730924,0.603308122265944,0.53094555868965,"tp53/hyou1/pycard/sart3/nup62l/si:dkey-9i23.15/nck1b/diablob/atf4a/xrcc5/pin1/ern1/hipk2/ptpn11a/fhit",15
"GO:0044282","small molecule catabolic process","35/2534","218/18773",0.160550458715596,1.18942926656191,1.11128072682181,0.155780075611087,0.603621585039462,0.531221423809431,"pgd/dlst/acadl/got2b/hadhb/hadhab/etfa/gcdha/tdh/renbp/hibadhb/gnpda2/gcsha/bckdha/rbks/bckdhb/hacl1/echs1/acox1/glb1l/gale/glud1b/decr1/acot8/ech1/aldh6a1/lpin2/acadm/amdhd2/blmh/npl/amt/hagh/ivd/tha1",35
"GO:0006486","protein glycosylation","32/2534","198/18773",0.161616161616162,1.1973244680427,1.10262557544684,0.158868022557704,0.604810518282554,0.532267752876952,"rpn1/dpm1/ddost/ostc/krtcap2/mgat4a/nus1/stt3a/large2/dad1/fktn/st3gal5/tmtc2b/si:ch73-91k6.2/pmm2/alg8/gxylt2/galnt2/uggt1/st6gal2a/uggt2/slc35c1/st3gal3a/xxylt1/mgat1b/tmem258/mogs/pofut1/stt3b/b4galt6/mgat3b/aars2",32
"GO:0043413","macromolecule glycosylation","32/2534","198/18773",0.161616161616162,1.1973244680427,1.10262557544684,0.158868022557704,0.604810518282554,0.532267752876952,"rpn1/dpm1/ddost/ostc/krtcap2/mgat4a/nus1/stt3a/large2/dad1/fktn/st3gal5/tmtc2b/si:ch73-91k6.2/pmm2/alg8/gxylt2/galnt2/uggt1/st6gal2a/uggt2/slc35c1/st3gal3a/xxylt1/mgat1b/tmem258/mogs/pofut1/stt3b/b4galt6/mgat3b/aars2",32
"GO:0030318","melanocyte differentiation","9/2534","46/18773",0.195652173913043,1.44947839813321,1.20568143069596,0.159982790030805,0.604810518282554,0.532267752876952,"h2az2a/psen2/ap3d1/mib1/psen1/uvrag/hdac1/hipk2/aqp3a",9
"GO:0072527","pyrimidine-containing compound metabolic process","9/2534","46/18773",0.195652173913043,1.44947839813321,1.20568143069596,0.159982790030805,0.604810518282554,0.532267752876952,"dut/uck2b/cmpk/ctps1a/tpk1/dtymk/umps/uck2a/aldh6a1",9
"GO:0090257","regulation of muscle system process","9/2534","46/18773",0.195652173913043,1.44947839813321,1.20568143069596,0.159982790030805,0.604810518282554,0.532267752876952,"atp2a2b/eif4ebp3l/edn1/tmem161b/tnnt2c/tnnt3b/erp44/desma/hhatla",9
"GO:0003157","endocardium development","4/2534","16/18773",0.25,1.85211128650355,1.34695645839798,0.160078365728137,0.604810518282554,0.532267752876952,"smarce1/itga5/fbn2b/kctd10",4
"GO:0003406","retinal pigment epithelium development","4/2534","16/18773",0.25,1.85211128650355,1.34695645839798,0.160078365728137,0.604810518282554,0.532267752876952,"atp6ap1b/atp6v0d1/smarca4a/nsfb",4
"GO:0006027","glycosaminoglycan catabolic process","4/2534","16/18773",0.25,1.85211128650355,1.34695645839798,0.160078365728137,0.604810518282554,0.532267752876952,"hyal2b/cemip2/sgsh/hyal2a",4
"GO:0006346","DNA methylation-dependent heterochromatin formation","4/2534","16/18773",0.25,1.85211128650355,1.34695645839798,0.160078365728137,0.604810518282554,0.532267752876952,"dnmt1/setdb1a/mbd3b/setdb1b",4
"GO:0006491","N-glycan processing","4/2534","16/18773",0.25,1.85211128650355,1.34695645839798,0.160078365728137,0.604810518282554,0.532267752876952,"prkcsh/hexa/gnptab/man2a2",4
"GO:0006942","regulation of striated muscle contraction","4/2534","16/18773",0.25,1.85211128650355,1.34695645839798,0.160078365728137,0.604810518282554,0.532267752876952,"atp2a2b/tmem161b/erp44/desma",4
"GO:0010824","regulation of centrosome duplication","4/2534","16/18773",0.25,1.85211128650355,1.34695645839798,0.160078365728137,0.604810518282554,0.532267752876952,"npm1a/mdm1/chordc1b/fbxw5",4
"GO:0014823","response to activity","4/2534","16/18773",0.25,1.85211128650355,1.34695645839798,0.160078365728137,0.604810518282554,0.532267752876952,"metrnla/pcna/nrf1/cs",4
"GO:0030330","DNA damage response, signal transduction by p53 class mediator","4/2534","16/18773",0.25,1.85211128650355,1.34695645839798,0.160078365728137,0.604810518282554,0.532267752876952,"tp53/prpf19/usp10/yju2",4
"GO:0031145","anaphase-promoting complex-dependent catabolic process","4/2534","16/18773",0.25,1.85211128650355,1.34695645839798,0.160078365728137,0.604810518282554,0.532267752876952,"fzr1b/anapc5/anapc11/anapc4",4
"GO:0035336","long-chain fatty-acyl-CoA metabolic process","4/2534","16/18773",0.25,1.85211128650355,1.34695645839798,0.160078365728137,0.604810518282554,0.532267752876952,"elovl1b/acsl1b/acsl4a/acsl3b",4
"GO:0046605","regulation of centrosome cycle","4/2534","16/18773",0.25,1.85211128650355,1.34695645839798,0.160078365728137,0.604810518282554,0.532267752876952,"npm1a/mdm1/chordc1b/fbxw5",4
"GO:0046620","regulation of organ growth","4/2534","16/18773",0.25,1.85211128650355,1.34695645839798,0.160078365728137,0.604810518282554,0.532267752876952,"wwc3/ruvbl1/dusp6/hdac1",4
"GO:0071622","regulation of granulocyte chemotaxis","4/2534","16/18773",0.25,1.85211128650355,1.34695645839798,0.160078365728137,0.604810518282554,0.532267752876952,"hspd1/lyn/akirin1/il6r",4
"GO:0019722","calcium-mediated signaling","14/2534","78/18773",0.17948717948718,1.32972092364358,1.15268332739315,0.161097797648722,0.607864429135874,0.534955368614851,"atp2a2b/pcmt/selenon/ppp1r9ba/tmem161b/ppp3r1b/chp2/ccr8.1/erp44/ncalda/pcmtl/desma/hhatla/ndufa7",14
"GO:0070085","glycosylation","34/2534","212/18773",0.160377358490566,1.18814686304001,1.08828630485947,0.161413612716008,0.608258888755741,0.535302515579265,"rpn1/dpm1/ddost/nansa/ostc/krtcap2/mgat4a/nus1/stt3a/large2/dad1/fktn/si:dkey-56i24.1/st3gal5/tmtc2b/si:ch73-91k6.2/pmm2/alg8/gxylt2/galnt2/uggt1/st6gal2a/uggt2/slc35c1/st3gal3a/xxylt1/mgat1b/tmem258/mogs/pofut1/stt3b/b4galt6/mgat3b/aars2",34
"GO:0030301","cholesterol transport","8/2534","40/18773",0.2,1.48168902920284,1.20468089051376,0.163523770698505,0.613602909924804,0.540005559016838,"nus1/npc1/stab2/abca1a/relch/apobb.1/apoeb/stab1",8
"GO:0031110","regulation of microtubule polymerization or depolymerization","8/2534","40/18773",0.2,1.48168902920284,1.20468089051376,0.163523770698505,0.613602909924804,0.540005559016838,"mapre1a/clip1a/ska2/camsap2b/map1sa/clasp2/mapre2/stmn1a",8
"GO:0048546","digestive tract morphogenesis","8/2534","40/18773",0.2,1.48168902920284,1.20468089051376,0.163523770698505,0.613602909924804,0.540005559016838,"utp25/chd7/celf1/rbm19/mib1/ddx46/prkci/vangl2",8
"GO:0003143","embryonic heart tube morphogenesis","26/2534","158/18773",0.164556962025316,1.2191112265593,1.09254816094702,0.164024578415871,0.613602909924804,0.540005559016838,"ncl/rad21a/chd7/acvr1l/apex1/spns2/atp6ap1b/mia3/gsk3ab/ube2ib/atp6v0d1/ep300b/smarca4a/cemip2/ep300a/tbx2b/vdrb/sap30l/mia2/nipblb/mgaa/camk2g1/ndrg4/ptpn11a/kctd10/nipbla",26
"GO:0060249","anatomical structure homeostasis","17/2534","98/18773",0.173469387755102,1.28513844369634,1.11793729477345,0.165147583466074,0.613602909924804,0.540005559016838,"tp53/ptbp1a/ctnna1/celsr1a/uhrf1/cdipt/tert/mcoln1a/foxf2a/nrf1/pgrmc1/tjp1a/pafah1b1b/emc3/park7/cep290/mllt10",17
"GO:0002685","regulation of leukocyte migration","11/2534","59/18773",0.186440677966102,1.38123553569756,1.15855059786908,0.165183602019008,0.613602909924804,0.540005559016838,"hspd1/lyn/spns2/asap1a/oxsr1a/zgc:153631/stk10/akirin1/rac1a/hmox1a/il6r",11
"GO:0044772","mitotic cell cycle phase transition","23/2534","138/18773",0.166666666666667,1.23474085766903,1.09330785616474,0.165692395053449,0.613602909924804,0.540005559016838,"ccnd1/gnl3/cdc25b/tpd52l1/psme1/mre11a/plk3/psme3/gnl2/anapc2/rbl1/mad2l1bp/ambra1b/nabp1a/clasp2/chmp7/anapc5/orc1/anapc11/ccng1/cdc14ab/anapc4/ccnb2",23
"GO:0014706","striated muscle tissue development","39/2534","247/18773",0.157894736842105,1.16975449673909,1.06085950362886,0.166216744895077,0.613602909924804,0.540005559016838,"tomm70a/ddx39ab/kif5ba/vcp/tango2/gsk3ab/hnrnpl2/dag1/bag3/aplnrb/neb/smarca4a/cemip2/rbx1/selenon/inpp5ka/rbfox1/prmt5/itgb1b/myo9aa/ngly1/acta1b/marcksb/neu1/sox6/ambra1b/mat2aa/golga2/qkia/ndrg4/ilk/dnajb6a/spry4/desma/nr2f2/myl1/hdac1/opa1/ldb3a",39
"GO:0009066","aspartate family amino acid metabolic process","7/2534","34/18773",0.205882352941176,1.52526811829704,1.21095005621524,0.166270176440309,0.613602909924804,0.540005559016838,"dlst/nit2/got2b/tdh/adi1/aasdhppt/tha1",7
"GO:0006120","mitochondrial electron transport, NADH to ubiquinone","5/2534","22/18773",0.227272727272727,1.68373753318505,1.26755695169246,0.16637636043631,0.613602909924804,0.540005559016838,"ndufs2/ndufa10/ndufb6/ndufb8/ndufa7",5
"GO:0006123","mitochondrial electron transport, cytochrome c to oxygen","5/2534","22/18773",0.227272727272727,1.68373753318505,1.26755695169246,0.16637636043631,0.613602909924804,0.540005559016838,"cox6a1/cox5ab/cox8a/cox7a2l/cox5aa",5
"GO:0006829","zinc ion transport","5/2534","22/18773",0.227272727272727,1.68373753318505,1.26755695169246,0.16637636043631,0.613602909924804,0.540005559016838,"slc39a7/slc30a7/slc39a13/slc39a6/slc39a1",5
"GO:0018208","peptidyl-proline modification","5/2534","22/18773",0.227272727272727,1.68373753318505,1.26755695169246,0.16637636043631,0.613602909924804,0.540005559016838,"ppig/cwc27/ppih/fkbp2/ppil2",5
"GO:0021538","epithalamus development","5/2534","22/18773",0.227272727272727,1.68373753318505,1.26755695169246,0.16637636043631,0.613602909924804,0.540005559016838,"tbx2b/mib1/wls/notch1a/pax6b",5
"GO:0031400","negative regulation of protein modification process","5/2534","22/18773",0.227272727272727,1.68373753318505,1.26755695169246,0.16637636043631,0.613602909924804,0.540005559016838,"rtraf/usp44/zgpat/ubxn1/n4bp1",5
"GO:0044331","cell-cell adhesion mediated by cadherin","6/2534","28/18773",0.214285714285714,1.58752395986019,1.22896867322512,0.167609972090606,0.613602909924804,0.540005559016838,"hs2st1a/htt/gna13a/cdh2/gna12a/flot1b",6
"GO:0051085","chaperone cofactor-dependent protein refolding","6/2534","28/18773",0.214285714285714,1.58752395986019,1.22896867322512,0.167609972090606,0.613602909924804,0.540005559016838,"hspe1/hspa5/hspa9/dnajc18/hsc70/hspa14",6
"GO:0090100","positive regulation of transmembrane receptor protein serine/threonine kinase signaling pathway","6/2534","28/18773",0.214285714285714,1.58752395986019,1.22896867322512,0.167609972090606,0.613602909924804,0.540005559016838,"ppp4cb/tll1/ngly1/acsl4a/mgaa/snw1",6
"GO:0097479","synaptic vesicle localization","6/2534","28/18773",0.214285714285714,1.58752395986019,1.22896867322512,0.167609972090606,0.613602909924804,0.540005559016838,"kif5ba/picalma/snapin/ap3d1/picalmb/cdk5",6
"GO:1902806","regulation of cell cycle G1/S phase transition","6/2534","28/18773",0.214285714285714,1.58752395986019,1.22896867322512,0.167609972090606,0.613602909924804,0.540005559016838,"ccnd1/psme1/plk3/psme3/rbl1/ambra1b",6
"GO:1905330","regulation of morphogenesis of an epithelium","6/2534","28/18773",0.214285714285714,1.58752395986019,1.22896867322512,0.167609972090606,0.613602909924804,0.540005559016838,"atp6ap1b/mia3/mia2/sec14l8/pigp/ptk2ab",6
"GO:0140694","non-membrane-bounded organelle assembly","41/2534","261/18773",0.157088122605364,1.16377873941219,1.0525192414858,0.167636656721085,0.613602909924804,0.540005559016838,"hspd1/rpf2/mapre1a/abt1/rcc1/c1qbp/g3bp1/qki2/vcp/pwp2h/bccip/tango2/ewsr1a/lsm4/tubgcp3/neb/ddx6/bxdc2/tmod2/edc3/itgb1b/lsm14aa/eif6/mdm1/csnk1db/tprb/tnnt2c/clasp2/tnnt3b/mef2aa/mis12/qkia/racgap1/mybpc2b/mapre2/ddx28/desma/mrto4/abraxas2/si:ch211-11n16.2/sbds",41
"GO:1902903","regulation of supramolecular fiber organization","28/2534","172/18773",0.162790697674419,1.20602595400231,1.07225220506549,0.167733758287885,0.613602909924804,0.540005559016838,"hspd1/cttn/clip1a/nck1b/ap1ar/wasf3b/twf1b/brk1/neb/arpc5lb/tmod2/arpc5a/sptan1/camsap2b/gsna/arpc5la/map1sa/capza1a/baiap2a/gmfb/clasp2/mtpn/cyfip1/cdc42ep1a/evla/si:dkey-40c11.2/kank3/arfip1",28
"GO:0030855","epithelial cell differentiation","46/2534","296/18773",0.155405405405405,1.15131242134005,1.03653421970119,0.170232891691493,0.62183073490314,0.547246514291095,"iqgap2/pho/myh9a/myo7aa/psmd6/stab2/atp6v0d1/socs3a/slc26a2/cdkal1/tll1/celf1/flt4/atf4a/kirrel3l/tbx2b/slc43a1a/dlc/mif/tgfb1a/mib1/gata6/mcoln1a/cdh2/myo9aa/etv5a/marcksb/prkci/itga5/thada/rtn4a/sipa1l3/myo6b/cops5/cdk5/ilk/tjp1a/ptk2ab/nr5a2/nr2f2/fbn2b/pax6b/dhps/ptpn11a/ide/agr2",46
"GO:0000122","negative regulation of transcription by RNA polymerase II","36/2534","227/18773",0.158590308370044,1.17490760024895,1.0473104074409,0.170414883584084,0.62183073490314,0.547246514291095,"zbtb2b/ccnd1/ehmt1a/parp1/wwp2/brms1la/uhrf1/sin3ab/eed/mta2/zgpat/mbd3b/atf4a/dnmt3ba/brms1/vdrb/raraa/ncor2/sap30l/paf1/gata6/noc2l/zeb1b/sars1/phf14/mta1/sox3/dnmt3bb.1/dr1/nr1h3/nr2f2/gata2a/hdac1/scaf4b/ldb1a/sin3b",36
"GO:0007249","canonical NF-kappaB signal transduction","16/2534","92/18773",0.173913043478261,1.28842524278508,1.09548404685188,0.171511975547724,0.624251551961943,0.549376971379828,"mtdhb/ube2nb/relb/rel/tab2/map3k7/shrprbck1r/akap13/mtdha/nfkb2/brd4/tnip1/nfkbiaa/ufl1/ikbkb/map3k14a",16
"GO:0031399","regulation of protein modification process","16/2534","92/18773",0.173913043478261,1.28842524278508,1.09548404685188,0.171511975547724,0.624251551961943,0.549376971379828,"ndfip1l/pef1/fktn/rtraf/usp44/ube2d1b/zgpat/mib1/birc2/fzr1b/ndfip1/hdac6/ubxn1/prkar2aa/rabl3/n4bp1",16
"GO:0019216","regulation of lipid metabolic process","14/2534","79/18773",0.177215189873418,1.31288901321771,1.10085894903051,0.172953723503898,0.626185648554393,0.551079086696925,"dnajc19/etfa/kdm1a/mboat7/tango2/psap/cnep1r1/dcaf5/mid1ip1l/zgc:195173/fgfr4/ctdnep1a/bckdk/wdtc1",14
"GO:0002262","myeloid cell homeostasis","23/2534","139/18773",0.165467625899281,1.22585782991602,1.05576787406976,0.17460448641134,0.626185648554393,0.551079086696925,"tp53/csnk2b/eif1axb/elavl1a/chd7/sema3fb/lpar2a/snx3/tert/arhgef12a/ash2l/atp5if1a/hdac9b/ddx46/arhgef12b/rasa3/ufl1/sod2/numb/gata2a/sema3fa/slc48a1b/jak2a",23
"GO:0043542","endothelial cell migration","9/2534","47/18773",0.191489361702128,1.41863843221549,1.13512699483745,0.175686206725642,0.626185648554393,0.551079086696925,"robo4/flt4/efnb2a/itga5/plekhg5a/tagln2/nrp1b/prcp/plekhg5b",9
"GO:0071674","mononuclear cell migration","9/2534","47/18773",0.191489361702128,1.41863843221549,1.13512699483745,0.175686206725642,0.626185648554393,0.551079086696925,"spns2/asap1a/oxsr1a/zgc:153631/stk10/ch25h/akirin1/cdc42l/hmox1a",9
"GO:0001840","neural plate development","3/2534","11/18773",0.272727272727273,2.02048503982206,1.33734160649757,0.177045890213017,0.626185648554393,0.551079086696925,"htt/vangl2/notch1a",3
"GO:0002063","chondrocyte development","3/2534","11/18773",0.272727272727273,2.02048503982206,1.33734160649757,0.177045890213017,0.626185648554393,0.551079086696925,"ewsr1a/pmm2/gnptab",3
"GO:0016233","telomere capping","3/2534","11/18773",0.272727272727273,2.02048503982206,1.33734160649757,0.177045890213017,0.626185648554393,0.551079086696925,"zgc:113263/tinf2/terfa",3
"GO:0018216","peptidyl-arginine methylation","3/2534","11/18773",0.272727272727273,2.02048503982206,1.33734160649757,0.177045890213017,0.626185648554393,0.551079086696925,"prmt1/prmt5/prmt7",3
"GO:0021535","cell migration in hindbrain","3/2534","11/18773",0.272727272727273,2.02048503982206,1.33734160649757,0.177045890213017,0.626185648554393,0.551079086696925,"mcm5/cdh2/vangl2",3
"GO:0032488","Cdc42 protein signal transduction","3/2534","11/18773",0.272727272727273,2.02048503982206,1.33734160649757,0.177045890213017,0.626185648554393,0.551079086696925,"rhoj/rhoub/cdc42l",3
"GO:0033700","phospholipid efflux","3/2534","11/18773",0.272727272727273,2.02048503982206,1.33734160649757,0.177045890213017,0.626185648554393,0.551079086696925,"abca1a/abca1b/apoeb",3
"GO:0034063","stress granule assembly","3/2534","11/18773",0.272727272727273,2.02048503982206,1.33734160649757,0.177045890213017,0.626185648554393,0.551079086696925,"g3bp1/ddx6/lsm14aa",3
"GO:0034644","cellular response to UV","3/2534","11/18773",0.272727272727273,2.02048503982206,1.33734160649757,0.177045890213017,0.626185648554393,0.551079086696925,"mapk14a/pold3/ciao2a",3
"GO:0042551","neuron maturation","3/2534","11/18773",0.272727272727273,2.02048503982206,1.33734160649757,0.177045890213017,0.626185648554393,0.551079086696925,"sptan1/sclt1/ndrg4",3
"GO:0045824","negative regulation of innate immune response","3/2534","11/18773",0.272727272727273,2.02048503982206,1.33734160649757,0.177045890213017,0.626185648554393,0.551079086696925,"parp1/pias4a/trafd1",3
"GO:0051131","chaperone-mediated protein complex assembly","3/2534","11/18773",0.272727272727273,2.02048503982206,1.33734160649757,0.177045890213017,0.626185648554393,0.551079086696925,"tmem35/psmg1/pfdn6",3
"GO:0051597","response to methylmercury","3/2534","11/18773",0.272727272727273,2.02048503982206,1.33734160649757,0.177045890213017,0.626185648554393,0.551079086696925,"tp53/jun/sod2",3
"GO:0051865","protein autoubiquitination","3/2534","11/18773",0.272727272727273,2.02048503982206,1.33734160649757,0.177045890213017,0.626185648554393,0.551079086696925,"ube3d/rnf146/mib1",3
"GO:0060323","head morphogenesis","3/2534","11/18773",0.272727272727273,2.02048503982206,1.33734160649757,0.177045890213017,0.626185648554393,0.551079086696925,"edn1/specc1la/notch2",3
"GO:0070979","protein K11-linked ubiquitination","3/2534","11/18773",0.272727272727273,2.02048503982206,1.33734160649757,0.177045890213017,0.626185648554393,0.551079086696925,"anapc2/anapc5/anapc4",3
"GO:0090022","regulation of neutrophil chemotaxis","3/2534","11/18773",0.272727272727273,2.02048503982206,1.33734160649757,0.177045890213017,0.626185648554393,0.551079086696925,"hspd1/lyn/il6r",3
"GO:1903707","negative regulation of hemopoiesis","3/2534","11/18773",0.272727272727273,2.02048503982206,1.33734160649757,0.177045890213017,0.626185648554393,0.551079086696925,"qki2/qkia/irf2bp2b",3
"GO:2001252","positive regulation of chromosome organization","3/2534","11/18773",0.272727272727273,2.02048503982206,1.33734160649757,0.177045890213017,0.626185648554393,0.551079086696925,"setdb1a/setdb1b/nek7",3
"GO:0000819","sister chromatid segregation","15/2534","86/18773",0.174418604651163,1.29217066500248,1.07274124551435,0.178198618928888,0.62948935447395,0.553986536340761,"rcc1/seh1l/bccip/ska2/ewsr1a/top2b/anapc2/tprb/clasp2/mis12/racgap1/anapc5/anapc11/abraxas2/anapc4",15
"GO:0070371","ERK1 and ERK2 cascade","11/2534","60/18773",0.183333333333333,1.35821494343594,1.097808407877,0.179162771814111,0.632119632417678,0.556301330955321,"cds2/spred2b/arrb2a/ptpn1/styx/dusp6/fgfr4/ndrg4/spry4/pdgfbb/spred2a",11
"GO:0008064","regulation of actin polymerization or depolymerization","18/2534","106/18773",0.169811320754717,1.25803785498354,1.05239318987824,0.179599073544438,0.632883393799799,0.556973484534512,"cttn/nck1b/twf1b/brk1/arpc5lb/tmod2/arpc5a/sptan1/gsna/arpc5la/capza1a/baiap2a/mtpn/cyfip1/cdc42ep1a/evla/si:dkey-40c11.2/kank3",18
"GO:0090068","positive regulation of cell cycle process","8/2534","41/18773",0.195121951219512,1.44555027239302,1.12817248746561,0.18068731126547,0.635939815566366,0.559663310019285,"ccnd1/cdc25b/rcc2/cspp1b/dyrk3/anapc5/anapc11/cdc14ab",8
"GO:0006631","fatty acid metabolic process","33/2534","208/18773",0.158653846153846,1.17537831643495,1.00470606641705,0.182012562648644,0.63982193878565,0.563079799878269,"ndufab1b/elovl1b/acsl4b/acadl/hadhb/hadhab/etfa/hsd17b10/acsl1b/gcdha/ndufab1a/slc27a1a/hacd3/acot20/dcaf5/hacl1/cryl1/echs1/acsbg2/acox1/acsl4a/decr1/acot8/ech1/lpin2/acadm/elovl8b/acot14/hacd1/asah1b/acsl3b/bckdk/wdtc1",33
"GO:0032880","regulation of protein localization","16/2534","93/18773",0.172043010752688,1.27457120791642,1.04854474920355,0.182779626400728,0.640645560328848,0.563804633813472,"oaz1a/vcp/nf2b/gas8/msna/edn1/lztfl1/marcksb/mesd/tax1bp3/si:ch73-375g18.1/mief1/camk2g1/oaz1b/tmem35/ptk2ab",16
"GO:0051650","establishment of vesicle localization","19/2534","113/18773",0.168141592920354,1.24566776791389,1.03469063694871,0.182968857176346,0.640645560328848,0.563804633813472,"tmed9/sar1b/kif5ba/picalma/pef1/ap1ar/ube3d/snapin/ap3d1/rab11a/kif1b/picalmb/exoc6b/stxbp3/tfg/cdk5/fyco1a/bbip1/pafah1b1b",19
"GO:0006040","amino sugar metabolic process","7/2534","35/18773",0.2,1.48168902920284,1.12672543181647,0.185209946058355,0.640645560328848,0.563804633813472,"renbp/gnpda2/chst2a/amdhd2/npl/pgm3/gnpnat1",7
"GO:0031103","axon regeneration","7/2534","35/18773",0.2,1.48168902920284,1.12672543181647,0.185209946058355,0.640645560328848,0.563804633813472,"socs3a/sfpq/mcamb/dpysl2b/il6st/cnp/gap43",7
"GO:0035051","cardiocyte differentiation","14/2534","80/18773",0.175,1.29647790055249,1.04972793406556,0.185231898836242,0.640645560328848,0.563804633813472,"tomm70a/ddx39ab/fosl2/vcp/gsk3ab/neb/cdh2/itgb1b/itga5/mat2aa/ilk/nr2f2/fbn2b/opa1",14
"GO:0051094","positive regulation of developmental process","42/2534","271/18773",0.154981549815498,1.14817231045239,0.97055756078374,0.187775687042663,0.640645560328848,0.563804633813472,"mtdhb/h2az2a/elavl1a/chd7/elmo1/tnfrsf1b/mapk14a/atp6v1h/metrnla/stab2/tmem119b/aplnrb/llph/mydgf/edn1/fmr1/il6st/ccn1l2/utp15/cactin/mtdha/ddx46/akirin1/brd4/sox6/ambra1b/mief1/znf16l/zc4h2/grnb/sec14l8/notch1a/numb/gata2a/hdac1/serpinf1/brinp3b/si:dkey-40c11.2/stab1/opa1/nr2c2/fxr2",42
"GO:0001522","pseudouridine synthesis","4/2534","17/18773",0.235294117647059,1.74316356376805,1.21092625196651,0.188304042197347,0.640645560328848,0.563804633813472,"nop10/dkc1/gar1/nhp2",4
"GO:0006743","ubiquinone metabolic process","4/2534","17/18773",0.235294117647059,1.74316356376805,1.21092625196651,0.188304042197347,0.640645560328848,0.563804633813472,"ndufa9a/coq5/pptc7a/pdss2",4
"GO:0006744","ubiquinone biosynthetic process","4/2534","17/18773",0.235294117647059,1.74316356376805,1.21092625196651,0.188304042197347,0.640645560328848,0.563804633813472,"ndufa9a/coq5/pptc7a/pdss2",4
"GO:0014013","regulation of gliogenesis","4/2534","17/18773",0.235294117647059,1.74316356376805,1.21092625196651,0.188304042197347,0.640645560328848,0.563804633813472,"chd7/nf2b/znf16l/grnb",4
"GO:0032925","regulation of activin receptor signaling pathway","4/2534","17/18773",0.235294117647059,1.74316356376805,1.21092625196651,0.188304042197347,0.640645560328848,0.563804633813472,"ncln/aplnrb/nomo/fscn1a",4
"GO:0035476","angioblast cell migration","4/2534","17/18773",0.235294117647059,1.74316356376805,1.21092625196651,0.188304042197347,0.640645560328848,0.563804633813472,"aplnrb/efnb2a/ephb4a/sec14l8",4
"GO:0045931","positive regulation of mitotic cell cycle","4/2534","17/18773",0.235294117647059,1.74316356376805,1.21092625196651,0.188304042197347,0.640645560328848,0.563804633813472,"ccnd1/cdc25b/anapc5/anapc11",4
"GO:0048015","phosphatidylinositol-mediated signaling","4/2534","17/18773",0.235294117647059,1.74316356376805,1.21092625196651,0.188304042197347,0.640645560328848,0.563804633813472,"zgc:158659/pik3cg/pik3c2b/pik3c2a",4
"GO:0050890","cognition","4/2534","17/18773",0.235294117647059,1.74316356376805,1.21092625196651,0.188304042197347,0.640645560328848,0.563804633813472,"ap2s1/fmr1/adgrl3.1/pcxa",4
"GO:0051048","negative regulation of secretion","4/2534","17/18773",0.235294117647059,1.74316356376805,1.21092625196651,0.188304042197347,0.640645560328848,0.563804633813472,"rap1b/rap1ab/rap1aa/il1rapl1a",4
"GO:0051125","regulation of actin nucleation","4/2534","17/18773",0.235294117647059,1.74316356376805,1.21092625196651,0.188304042197347,0.640645560328848,0.563804633813472,"ap1ar/wasf3b/gmfb/arfip1",4
"GO:0060974","cell migration involved in heart formation","4/2534","17/18773",0.235294117647059,1.74316356376805,1.21092625196651,0.188304042197347,0.640645560328848,0.563804633813472,"robo1/cemip2/gata6/gna13a",4
"GO:0090114","COPII-coated vesicle budding","4/2534","17/18773",0.235294117647059,1.74316356376805,1.21092625196651,0.188304042197347,0.640645560328848,0.563804633813472,"sar1b/pef1/tfg/sec23a",4
"GO:0097720","calcineurin-mediated signaling","4/2534","17/18773",0.235294117647059,1.74316356376805,1.21092625196651,0.188304042197347,0.640645560328848,0.563804633813472,"ppp3r1b/chp2/hhatla/ndufa7",4
"GO:1901661","quinone metabolic process","4/2534","17/18773",0.235294117647059,1.74316356376805,1.21092625196651,0.188304042197347,0.640645560328848,0.563804633813472,"ndufa9a/coq5/pptc7a/pdss2",4
"GO:1901663","quinone biosynthetic process","4/2534","17/18773",0.235294117647059,1.74316356376805,1.21092625196651,0.188304042197347,0.640645560328848,0.563804633813472,"ndufa9a/coq5/pptc7a/pdss2",4
"GO:0006164","purine nucleotide biosynthetic process","21/2534","127/18773",0.165354330708661,1.22501848871101,1.0050927982962,0.188642651766698,0.640645560328848,0.563804633813472,"atp5f1b/dlst/atp5mc1/atp5pd/adssl/adsl/adcy2b/atp5fa1/impdh1b/ppat/atp5mc3a/nadka/atp5po/atp5if1a/adka/atp5l/hprt1/paics/aprt/atp5mf/atp5f1c",21
"GO:0030488","tRNA methylation","6/2534","29/18773",0.206896551724138,1.53278175434777,1.13421697261527,0.18878123291094,0.640645560328848,0.563804633813472,"nsun2/trmt1/thada/trmt61b/trmt61a/wdr6",6
"GO:0051058","negative regulation of small GTPase mediated signal transduction","6/2534","29/18773",0.206896551724138,1.53278175434777,1.13421697261527,0.18878123291094,0.640645560328848,0.563804633813472,"akap12b/rasip1/rasa3/spry4/arhgap24/kctd10",6
"GO:0051084","'de novo' post-translational protein folding","6/2534","29/18773",0.206896551724138,1.53278175434777,1.13421697261527,0.18878123291094,0.640645560328848,0.563804633813472,"hspe1/hspa5/hspa9/dnajc18/hsc70/hspa14",6
"GO:0060059","embryonic retina morphogenesis in camera-type eye","6/2534","29/18773",0.206896551724138,1.53278175434777,1.13421697261527,0.18878123291094,0.640645560328848,0.563804633813472,"atp6v0e1/egr1/atp6v0ca/smarca4a/cdh2/cdk5",6
"GO:0180046","GPI anchored protein biosynthesis","6/2534","29/18773",0.206896551724138,1.53278175434777,1.13421697261527,0.18878123291094,0.640645560328848,0.563804633813472,"dpm1/pigk/pigt/pigu/pigp/pigc",6
"GO:2000116","regulation of cysteine-type endopeptidase activity","6/2534","29/18773",0.206896551724138,1.53278175434777,1.13421697261527,0.18878123291094,0.640645560328848,0.563804633813472,"rad21a/tp53/pycard/tnfrsf1b/hip1/diablob",6
"GO:0009144","purine nucleoside triphosphate metabolic process","18/2534","107/18773",0.168224299065421,1.24628049185286,1.00919527265192,0.190337963114541,0.640645560328848,0.563804633813472,"atp5f1b/dlst/atp5mc1/atp5pd/atp5fa1/impdh1b/atp6v1ba/atp5mc3a/pkma/atp5po/atp5if1a/atp5l/atp6v1ab/atp5mf/tigarb/opa1/atp6v1b2/atp5f1c",18
"GO:0032886","regulation of microtubule-based process","18/2534","107/18773",0.168224299065421,1.24628049185286,1.00919527265192,0.190337963114541,0.640645560328848,0.563804633813472,"npm1a/mapre1a/rcc1/clip1a/gsk3ab/ska2/camsap2b/map1sa/mdm1/chordc1b/zgc:162200/tprb/clasp2/fbxw5/phldb1b/mapre2/phldb2b/stmn1a",18
"GO:0006497","protein lipidation","5/2534","23/18773",0.217391304347826,1.61053155348135,1.15731167194517,0.190480236068598,0.640645560328848,0.563804633813472,"nmt1a/zdhhc9/zdhhc16a/wipi1/rabl3",5
"GO:0009147","pyrimidine nucleoside triphosphate metabolic process","5/2534","23/18773",0.217391304347826,1.61053155348135,1.15731167194517,0.190480236068598,0.640645560328848,0.563804633813472,"dut/uck2b/ctps1a/dtymk/uck2a",5
"GO:0035675","neuromast hair cell development","5/2534","23/18773",0.217391304347826,1.61053155348135,1.15731167194517,0.190480236068598,0.640645560328848,0.563804633813472,"atp6v0d1/socs3a/tgfb1a/mcoln1a/ptpn11a",5
"GO:0043525","positive regulation of neuron apoptotic process","5/2534","23/18773",0.217391304347826,1.61053155348135,1.15731167194517,0.190480236068598,0.640645560328848,0.563804633813472,"tp53/gsk3ab/casp7/casp20/caspa",5
"GO:0070936","protein K48-linked ubiquitination","5/2534","23/18773",0.217391304347826,1.61053155348135,1.15731167194517,0.190480236068598,0.640645560328848,0.563804633813472,"rnf8/ube3a/ube2d1b/rnf146/peli1b",5
"GO:1901796","regulation of signal transduction by p53 class mediator","5/2534","23/18773",0.217391304347826,1.61053155348135,1.15731167194517,0.190480236068598,0.640645560328848,0.563804633813472,"tp53/prpf19/sart3/nup62l/yju2",5
"GO:0045787","positive regulation of cell cycle","9/2534","48/18773",0.1875,1.38908346487766,1.06618217468004,0.192059053928399,0.645201885950828,0.567814460241547,"tp53/ccnd1/cdc25b/rcc2/cspp1b/dyrk3/anapc5/anapc11/cdc14ab",9
"GO:0000018","regulation of DNA recombination","8/2534","42/18773",0.19047619047619,1.41113240876461,1.05367048059787,0.198593514358569,0.66560038165113,0.585766299933921,"hdgfl2/zgc:110425/h1-10/actr2a/pias4a/rnf8/si:dkey-108k21.21/terfa",8
"GO:0036465","synaptic vesicle recycling","8/2534","42/18773",0.19047619047619,1.41113240876461,1.05367048059787,0.198593514358569,0.66560038165113,0.585766299933921,"picalma/ap3d1/sh3gl3b/picalmb/sh3gl1a/git2b/itsn1/sncgb",8
"GO:0031016","pancreas development","27/2534","169/18773",0.159763313609467,1.1835977452212,0.947079567867021,0.199708507789953,0.668559062706132,0.588370108017645,"pes/utp25/sart3/nup62l/dnmt1/cdkal1/celf1/eed/ppp1r12a/fscn1a/pepd/ddx46/thada/gmnn/mgaa/ildr2/fgf10b/cdk5/srp54/notch1a/nr5a2/hdac1/pax6b/dhps/sbds/ide/notch2",27
"GO:0045446","endothelial cell differentiation","10/2534","55/18773",0.181818181818182,1.34699002654804,1.01799947156614,0.201211468227536,0.672605180068266,0.591930922076129,"stab2/tll1/flt4/dlc/mib1/itga5/ilk/tjp1a/nr2f2/fbn2b",10
"GO:0030832","regulation of actin filament length","18/2534","108/18773",0.166666666666667,1.23474085766903,0.966419100345965,0.201384392226067,0.672605180068266,0.591930922076129,"cttn/nck1b/twf1b/brk1/arpc5lb/tmod2/arpc5a/sptan1/gsna/arpc5la/capza1a/baiap2a/mtpn/cyfip1/cdc42ep1a/evla/si:dkey-40c11.2/kank3",18
"GO:1902850","microtubule cytoskeleton organization involved in mitosis","15/2534","88/18773",0.170454545454545,1.26280314988879,0.976122420962488,0.202451289421683,0.674722586916345,0.593794360873711,"rcc1/vcp/pcnt/bccip/ewsr1a/plk3/dctn1a/prkci/tprb/vangl2/clasp2/racgap1/diaph2/pafah1b1b/abraxas2",15
"GO:0006749","glutathione metabolic process","7/2534","36/18773",0.194444444444444,1.44053100061387,1.04509708089491,0.204985620760941,0.674722586916345,0.593794360873711,"gclm/gpx1a/gsr/gstm.1/hagh/gstr/gstm.2",7
"GO:0031331","positive regulation of cellular catabolic process","7/2534","36/18773",0.194444444444444,1.44053100061387,1.04509708089491,0.204985620760941,0.674722586916345,0.593794360873711,"gsk3ab/nprl2/depdc5/ambra1b/ufl1/fyco1a/ddrgk1",7
"GO:0043534","blood vessel endothelial cell migration","7/2534","36/18773",0.194444444444444,1.44053100061387,1.04509708089491,0.204985620760941,0.674722586916345,0.593794360873711,"flt4/efnb2a/itga5/plekhg5a/nrp1b/prcp/plekhg5b",7
"GO:0048678","response to axon injury","7/2534","36/18773",0.194444444444444,1.44053100061387,1.04509708089491,0.204985620760941,0.674722586916345,0.593794360873711,"socs3a/sfpq/mcamb/dpysl2b/il6st/cnp/gap43",7
"GO:0072384","organelle transport along microtubule","7/2534","36/18773",0.194444444444444,1.44053100061387,1.04509708089491,0.204985620760941,0.674722586916345,0.593794360873711,"psen2/ap3d1/rhot1a/copg2/kif1b/fyco1a/pafah1b1b",7
"GO:0046394","carboxylic acid biosynthetic process","26/2534","163/18773",0.159509202453988,1.18171517666484,0.92042997465023,0.207438090506102,0.674722586916345,0.593794360873711,"ndufab1b/elovl1b/aldh18a1/kdm1a/psat1/ndufab1a/hacd3/sephs1/cbsb/adi1/lta4h/dcaf5/acsbg2/aasdhppt/elovl8b/fgfr4/phgdh/psph/pycr1b/glulb/hacd1/mgst2/agxta/park7/tha1/wdtc1",26
"GO:0060562","epithelial tube morphogenesis","41/2534","267/18773",0.153558052434457,1.13762640818945,0.894705412480445,0.208326955148693,0.674722586916345,0.593794360873711,"ncl/rad21a/sema3ab/chd7/acvr1l/apex1/spns2/atp6ap1b/mia3/gsk3ab/ube2ib/atp6v0d1/htt/shrprbck1r/msna/nin/ep300b/smarca4a/cemip2/ep300a/tars1/tbx2b/vdrb/sap30l/mia2/nipblb/sh3gl3b/cdh2/prkci/rasa3/tfap2c/mgaa/vangl2/sars1/camk2g1/sox3/ndrg4/ptpn11a/cep290/kctd10/nipbla",41
"GO:0019725","cellular homeostasis","48/2534","316/18773",0.151898734177215,1.12533343990089,0.887582808456022,0.208503684115782,0.674722586916345,0.593794360873711,"prdx1/slc39a7/txn2/selenot1b/ccnd1/gclm/atp2a2b/zgc:56095/asph/atp6ap1b/npc1/ccdc47/atp6v0d1/slc30a7/bag3/htt/aplnrb/clns1a/atp6v1ba/atp6v1g1/cherp/edn1/rhot1a/prdx6/slc39a13/selenon/tcirg1b/smdt1b/cln3/itpr3/tfr1b/nipblb/prdx4/tmco1/prdx3/slc12a7a/cisd1/slc39a6/prdx5/gsr/slc9a7/ambra1b/selenot1a/asah1b/atp6v0a2b/atp6v1b2/dmxl2/atp6v0a1a",48
"GO:0001570","vasculogenesis","11/2534","62/18773",0.17741935483871,1.31440155816381,0.979514732026378,0.208694532392787,0.674722586916345,0.593794360873711,"nrp2a/wdr43/ell/fktn/aplnrb/vezf1b/nrp2b/mib1/prmt5/nrp1b/fbn2b",11
"GO:0042632","cholesterol homeostasis","6/2534","30/18773",0.2,1.48168902920284,1.0430059044683,0.210912941276315,0.674722586916345,0.593794360873711,"npc1/stab2/nfkb2/apobb.1/lamtor1/stab1",6
"GO:0055092","sterol homeostasis","6/2534","30/18773",0.2,1.48168902920284,1.0430059044683,0.210912941276315,0.674722586916345,0.593794360873711,"npc1/stab2/nfkb2/apobb.1/lamtor1/stab1",6
"GO:1903052","positive regulation of proteolysis involved in protein catabolic process","6/2534","30/18773",0.2,1.48168902920284,1.0430059044683,0.210912941276315,0.674722586916345,0.593794360873711,"tmem259/gsk3ab/ccdc22/dda1/csnk1db/fzr1b",6
"GO:0043254","regulation of protein-containing complex assembly","22/2534","136/18773",0.161764705882353,1.19842495009053,0.91739563298325,0.210951413995598,0.674722586916345,0.593794360873711,"cttn/psmc6/sar1b/clip1a/nck1b/twf1b/arpc5lb/tmod2/arpc5a/sptan1/gsna/arpc5la/capza1a/baiap2a/ambra1b/mtpn/cyfip1/cdc42ep1a/evla/si:dkey-40c11.2/kank3/nek7",22
"GO:0110053","regulation of actin filament organization","22/2534","136/18773",0.161764705882353,1.19842495009053,0.91739563298325,0.210951413995598,0.674722586916345,0.593794360873711,"cttn/nck1b/ap1ar/wasf3b/twf1b/brk1/arpc5lb/tmod2/arpc5a/sptan1/gsna/arpc5la/capza1a/baiap2a/gmfb/mtpn/cyfip1/cdc42ep1a/evla/si:dkey-40c11.2/kank3/arfip1",22
"GO:0001667","ameboidal-type cell migration","33/2534","212/18773",0.155660377358491,1.15320136706825,0.88615322611393,0.213445073792155,0.674722586916345,0.593794360873711,"nrp2a/sema3ab/chd7/acvr1l/sema3fb/celsr1a/rcc2/aplnrb/lbr/megf8/fzd7a/fscn1a/nrp2b/tbx2b/gna13a/acvr2aa/iqgap1/cdh2/itgb1b/slc39a6/prkci/vangl2/gna12a/rac1a/nrp1b/sema4c/diaph2/snai1a/pax6b/sema3fa/ctnnd1/dmxl2/atp6v0a1a",33
"GO:0002690","positive regulation of leukocyte chemotaxis","3/2534","12/18773",0.25,1.85211128650355,1.16637415058143,0.213728630590843,0.674722586916345,0.593794360873711,"oxsr1a/akirin1/il6r",3
"GO:0006166","purine ribonucleoside salvage","3/2534","12/18773",0.25,1.85211128650355,1.16637415058143,0.213728630590843,0.674722586916345,0.593794360873711,"adka/hprt1/aprt",3
"GO:0006222","UMP biosynthetic process","3/2534","12/18773",0.25,1.85211128650355,1.16637415058143,0.213728630590843,0.674722586916345,0.593794360873711,"uck2b/umps/uck2a",3
"GO:0009173","pyrimidine ribonucleoside monophosphate metabolic process","3/2534","12/18773",0.25,1.85211128650355,1.16637415058143,0.213728630590843,0.674722586916345,0.593794360873711,"uck2b/umps/uck2a",3
"GO:0009174","pyrimidine ribonucleoside monophosphate biosynthetic process","3/2534","12/18773",0.25,1.85211128650355,1.16637415058143,0.213728630590843,0.674722586916345,0.593794360873711,"uck2b/umps/uck2a",3
"GO:0015780","nucleotide-sugar transmembrane transport","3/2534","12/18773",0.25,1.85211128650355,1.16637415058143,0.213728630590843,0.674722586916345,0.593794360873711,"slc35b4/slc35d1a/slc35c1",3
"GO:0016203","muscle attachment","3/2534","12/18773",0.25,1.85211128650355,1.16637415058143,0.213728630590843,0.674722586916345,0.593794360873711,"dag1/cemip2/ilk",3
"GO:0018195","peptidyl-arginine modification","3/2534","12/18773",0.25,1.85211128650355,1.16637415058143,0.213728630590843,0.674722586916345,0.593794360873711,"prmt1/prmt5/prmt7",3
"GO:0031445","regulation of heterochromatin formation","3/2534","12/18773",0.25,1.85211128650355,1.16637415058143,0.213728630590843,0.674722586916345,0.593794360873711,"setdb1a/phf2/setdb1b",3
"GO:0032475","otolith formation","3/2534","12/18773",0.25,1.85211128650355,1.16637415058143,0.213728630590843,0.674722586916345,0.593794360873711,"npc1/gas8/cep290",3
"GO:0033209","tumor necrosis factor-mediated signaling pathway","3/2534","12/18773",0.25,1.85211128650355,1.16637415058143,0.213728630590843,0.674722586916345,0.593794360873711,"spata2/ikbkb/commd7",3
"GO:0042795","snRNA transcription by RNA polymerase II","3/2534","12/18773",0.25,1.85211128650355,1.16637415058143,0.213728630590843,0.674722586916345,0.593794360873711,"ell/ice2/snapc1b",3
"GO:0045444","fat cell differentiation","3/2534","12/18773",0.25,1.85211128650355,1.16637415058143,0.213728630590843,0.674722586916345,0.593794360873711,"mtch2/metrnla/tmem18",3
"GO:0046049","UMP metabolic process","3/2534","12/18773",0.25,1.85211128650355,1.16637415058143,0.213728630590843,0.674722586916345,0.593794360873711,"uck2b/umps/uck2a",3
"GO:0046365","monosaccharide catabolic process","3/2534","12/18773",0.25,1.85211128650355,1.16637415058143,0.213728630590843,0.674722586916345,0.593794360873711,"rbks/glb1l/gale",3
"GO:0046958","nonassociative learning","3/2534","12/18773",0.25,1.85211128650355,1.16637415058143,0.213728630590843,0.674722586916345,0.593794360873711,"ap2s1/adgrl3.1/pcxa",3
"GO:0046959","habituation","3/2534","12/18773",0.25,1.85211128650355,1.16637415058143,0.213728630590843,0.674722586916345,0.593794360873711,"ap2s1/adgrl3.1/pcxa",3
"GO:0048918","posterior lateral line nerve development","3/2534","12/18773",0.25,1.85211128650355,1.16637415058143,0.213728630590843,0.674722586916345,0.593794360873711,"gna13a/kif1b/gna12a",3
"GO:0051348","negative regulation of transferase activity","3/2534","12/18773",0.25,1.85211128650355,1.16637415058143,0.213728630590843,0.674722586916345,0.593794360873711,"rtraf/usp44/zgpat",3
"GO:0106380","purine ribonucleotide salvage","3/2534","12/18773",0.25,1.85211128650355,1.16637415058143,0.213728630590843,0.674722586916345,0.593794360873711,"adka/hprt1/aprt",3
"GO:1901207","regulation of heart looping","3/2534","12/18773",0.25,1.85211128650355,1.16637415058143,0.213728630590843,0.674722586916345,0.593794360873711,"atp6ap1b/mia3/mia2",3
"GO:1902807","negative regulation of cell cycle G1/S phase transition","3/2534","12/18773",0.25,1.85211128650355,1.16637415058143,0.213728630590843,0.674722586916345,0.593794360873711,"ccnd1/plk3/rbl1",3
"GO:2000134","negative regulation of G1/S transition of mitotic cell cycle","3/2534","12/18773",0.25,1.85211128650355,1.16637415058143,0.213728630590843,0.674722586916345,0.593794360873711,"ccnd1/plk3/rbl1",3
"GO:0051050","positive regulation of transport","15/2534","89/18773",0.168539325842697,1.24861435045183,0.928678100506011,0.215118872312245,0.674722586916345,0.593794360873711,"oaz1a/ptbp1a/nf2b/aplnrb/msna/edn1/akt2/azin1b/marcksb/azin1a/cpsf6/oaz1b/flot1b/ncbp2/park7",15
"GO:0032271","regulation of protein polymerization","19/2534","116/18773",0.163793103448276,1.21345222219198,0.910935666134076,0.21530881696666,0.674722586916345,0.593794360873711,"cttn/clip1a/nck1b/twf1b/arpc5lb/tmod2/arpc5a/sptan1/gsna/arpc5la/capza1a/baiap2a/ambra1b/mtpn/cyfip1/cdc42ep1a/evla/si:dkey-40c11.2/kank3",19
"GO:0061061","muscle structure development","65/2534","437/18773",0.148741418764302,1.10194264185566,0.851771764859288,0.215508152475642,0.674722586916345,0.593794360873711,"hspd1/dpm1/mylk5/tomm70a/ddx39ab/hdgfl2/kif5ba/fosl2/qki2/mapk14a/vcp/tango2/gsk3ab/fktn/hnrnpl2/dag1/bag3/gas8/foxo1a/dysf/neb/cemip2/rbx1/crk/tmod2/nup210/kirrel3l/selenon/inpp5ka/taf3/rbfox1/akap12b/prmt5/flot2b/akirin1/itgb1b/myo9aa/ngly1/acta1b/marcksb/neu1/sox6/ambra1b/cited4b/vangl2/tnnt2c/tnnt3b/mef2aa/mat2aa/golga2/dyrk3/qkia/rac1a/lamb1a/mybpc2b/ilk/dnajb6a/spry4/desma/nr2f2/myl1/mrtfab/opa1/ldb3a/mrtfba",65
"GO:0002688","regulation of leukocyte chemotaxis","5/2534","24/18773",0.208333333333333,1.54342607208629,1.05229128663428,0.215723032510763,0.674722586916345,0.593794360873711,"hspd1/lyn/oxsr1a/akirin1/il6r",5
"GO:0006303","double-strand break repair via nonhomologous end joining","5/2534","24/18773",0.208333333333333,1.54342607208629,1.05229128663428,0.215723032510763,0.674722586916345,0.593794360873711,"mre11a/xrcc6/rnf8/xrcc5/si:ch211-127m7.2",5
"GO:0010906","regulation of glucose metabolic process","5/2534","24/18773",0.208333333333333,1.54342607208629,1.05229128663428,0.215723032510763,0.674722586916345,0.593794360873711,"rreb1b/arpp19a/rreb1a/nr4a1/bckdk",5
"GO:0036297","interstrand cross-link repair","5/2534","24/18773",0.208333333333333,1.54342607208629,1.05229128663428,0.215723032510763,0.674722586916345,0.593794360873711,"nucks1a/nucks1b/vcp/fan1/fance",5
"GO:0045739","positive regulation of DNA repair","5/2534","24/18773",0.208333333333333,1.54342607208629,1.05229128663428,0.215723032510763,0.674722586916345,0.593794360873711,"ube2nb/hdgfl2/actr2a/pias4a/rnf8",5
"GO:0048534","hematopoietic or lymphoid organ development","5/2534","24/18773",0.208333333333333,1.54342607208629,1.05229128663428,0.215723032510763,0.674722586916345,0.593794360873711,"chd7/mcm2/sart3/wdr55/cdca7a",5
"GO:0071456","cellular response to hypoxia","5/2534","24/18773",0.208333333333333,1.54342607208629,1.05229128663428,0.215723032510763,0.674722586916345,0.593794360873711,"tp53/hyou1/egln1b/nr3c1/egln2",5
"GO:0097581","lamellipodium organization","5/2534","24/18773",0.208333333333333,1.54342607208629,1.05229128663428,0.215723032510763,0.674722586916345,0.593794360873711,"robo4/twf1b/akirin1/arhgef7a/cyfip1",5
"GO:0060349","bone morphogenesis","8/2534","43/18773",0.186046511627907,1.37831537600264,0.981066099591799,0.217183233292337,0.674722586916345,0.593794360873711,"kif5ba/kmt2d/edn1/rap1b/wls/sh3pxd2b/rap1aa/notch2",8
"GO:0140056","organelle localization by membrane tethering","8/2534","43/18773",0.186046511627907,1.37831537600264,0.981066099591799,0.217183233292337,0.674722586916345,0.593794360873711,"uso1/stx4/esyt2a/vapb/stxbp3/stx5a/vps18/cep290",8
"GO:0018205","peptidyl-lysine modification","10/2534","56/18773",0.178571428571429,1.32293663321682,0.956031371728408,0.217410481696202,0.674722586916345,0.593794360873711,"sae1/sumo3a/pias4a/ube2ib/eef1akmt1/sumo3b/zmiz1a/eef1akmt2/dhps/setd7",10
"GO:0001569","branching involved in blood vessel morphogenesis","4/2534","18/18773",0.222222222222222,1.64632114355871,1.08368988309484,0.217954847458215,0.674722586916345,0.593794360873711,"sema3ab/spns2/tars1/sars1",4
"GO:0008608","attachment of spindle microtubules to kinetochore","4/2534","18/18773",0.222222222222222,1.64632114355871,1.08368988309484,0.217954847458215,0.674722586916345,0.593794360873711,"seh1l/ska2/rcc2/abraxas2",4
"GO:0010171","body morphogenesis","4/2534","18/18773",0.222222222222222,1.64632114355871,1.08368988309484,0.217954847458215,0.674722586916345,0.593794360873711,"edn1/trim71/specc1la/notch2",4
"GO:0010563","negative regulation of phosphorus metabolic process","4/2534","18/18773",0.222222222222222,1.64632114355871,1.08368988309484,0.217954847458215,0.674722586916345,0.593794360873711,"rtraf/zgpat/atp5if1a/tigarb",4
"GO:0010569","regulation of double-strand break repair via homologous recombination","4/2534","18/18773",0.222222222222222,1.64632114355871,1.08368988309484,0.217954847458215,0.674722586916345,0.593794360873711,"hdgfl2/actr2a/pias4a/rnf8",4
"GO:0016239","positive regulation of macroautophagy","4/2534","18/18773",0.222222222222222,1.64632114355871,1.08368988309484,0.217954847458215,0.674722586916345,0.593794360873711,"ambra1b/ufl1/fyco1a/ddrgk1",4
"GO:0022612","gland morphogenesis","4/2534","18/18773",0.222222222222222,1.64632114355871,1.08368988309484,0.217954847458215,0.674722586916345,0.593794360873711,"cdipt/usp39/igf2bp1/ddx46",4
"GO:0030212","hyaluronan metabolic process","4/2534","18/18773",0.222222222222222,1.64632114355871,1.08368988309484,0.217954847458215,0.674722586916345,0.593794360873711,"hyal2b/cemip2/hyal2a/kctd10",4
"GO:0045936","negative regulation of phosphate metabolic process","4/2534","18/18773",0.222222222222222,1.64632114355871,1.08368988309484,0.217954847458215,0.674722586916345,0.593794360873711,"rtraf/zgpat/atp5if1a/tigarb",4
"GO:0046033","AMP metabolic process","4/2534","18/18773",0.222222222222222,1.64632114355871,1.08368988309484,0.217954847458215,0.674722586916345,0.593794360873711,"adssl/adsl/adka/aprt",4
"GO:0048168","regulation of neuronal synaptic plasticity","4/2534","18/18773",0.222222222222222,1.64632114355871,1.08368988309484,0.217954847458215,0.674722586916345,0.593794360873711,"rab5ab/fmr1/camk2g1/fxr2",4
"GO:0060221","retinal rod cell differentiation","4/2534","18/18773",0.222222222222222,1.64632114355871,1.08368988309484,0.217954847458215,0.674722586916345,0.593794360873711,"sigmar1/rpgrb/tbx2b/mafba",4
"GO:0080154","regulation of fertilization","4/2534","18/18773",0.222222222222222,1.64632114355871,1.08368988309484,0.217954847458215,0.674722586916345,0.593794360873711,"ptbp1a/dchs1b/lhfpl2a/prdm9",4
"GO:0140719","constitutive heterochromatin formation","4/2534","18/18773",0.222222222222222,1.64632114355871,1.08368988309484,0.217954847458215,0.674722586916345,0.593794360873711,"dnmt1/setdb1a/mbd3b/setdb1b",4
"GO:0150076","neuroinflammatory response","4/2534","18/18773",0.222222222222222,1.64632114355871,1.08368988309484,0.217954847458215,0.674722586916345,0.593794360873711,"atp5if1a/gmfb/sgsh/grnb",4
"GO:0048840","otolith development","11/2534","63/18773",0.174603174603175,1.29353804136756,0.921884918418405,0.22418662459964,0.692524991654895,0.609461492445598,"hsp90b1/chd7/npc1/slc26a2/gas8/ttc39c/tgfb1a/vangl2/ptenb/ptpn11a/cep290",11
"GO:0060215","primitive hemopoiesis","11/2534","63/18773",0.174603174603175,1.29353804136756,0.921884918418405,0.22418662459964,0.692524991654895,0.609461492445598,"nop10/tmem88a/chd7/ash2l/kat8/hdac9b/etv5a/dhx8/numb/gata2a/jak2a",11
"GO:0060037","pharyngeal system development","7/2534","37/18773",0.189189189189189,1.40159773032701,0.965900987313203,0.225515931072875,0.695884636183074,0.612418171255611,"rad21a/faf1/esf1/kmt2d/fscn1a/rerea/itga5",7
"GO:0016053","organic acid biosynthetic process","26/2534","165/18773",0.157575757575758,1.16739135634163,0.853108146108701,0.226241164303424,0.697375066412803,0.613729834867961,"ndufab1b/elovl1b/aldh18a1/kdm1a/psat1/ndufab1a/hacd3/sephs1/cbsb/adi1/lta4h/dcaf5/acsbg2/aasdhppt/elovl8b/fgfr4/phgdh/psph/pycr1b/glulb/hacd1/mgst2/agxta/park7/tha1/wdtc1",26
"GO:0000041","transition metal ion transport","12/2534","70/18773",0.171428571428571,1.27001916788815,0.894060514030816,0.229751328903745,0.707437514346397,0.622585362984873,"slc39a7/zgc:56095/abcb6b/slc30a7/slc31a1/slc39a13/atox1/tfr1b/slc39a6/slc25a28/slc39a1/slc48a1b",12
"GO:0051493","regulation of cytoskeleton organization","43/2534","284/18773",0.151408450704225,1.12170120168525,0.816349746901296,0.230072076819834,0.707668279021689,0.622788449061335,"hspd1/mapre1a/cttn/rcc1/clip1a/gsk3ab/ska2/nck1b/ap1ar/wasf3b/twf1b/brk1/neb/arpc5lb/tmod2/arpc5a/sptan1/camsap2b/gsna/gna13a/arpc5la/mid1ip1l/map1sa/capza1a/mdm1/baiap2a/gmfb/zgc:162200/tprb/clasp2/gna12a/rac1a/phldb1b/mtpn/mapre2/cyfip1/phldb2b/stmn1a/cdc42ep1a/evla/si:dkey-40c11.2/kank3/arfip1",43
"GO:0006790","sulfur compound metabolic process","34/2534","221/18773",0.153846153846154,1.13976079169449,0.82559120592929,0.230324163424333,0.707687584310198,0.622805438816346,"elovl1b/pdhb/dlst/gclm/acsl1b/pdha1a/gcdha/dlat/hs2st1a/cbsb/adi1/tpk1/chst2a/acot15/acot20/csgalnact1a/gpx1a/sult2st3/acsl4a/acot8/gsr/acot9.1/sgsh/mat2aa/blmh/acot14/gstm.1/hagh/gstr/acss2/acsl3b/bckdk/hs6st1a/gstm.2",34
"GO:0006446","regulation of translational initiation","6/2534","31/18773",0.193548387096774,1.43389260890598,0.955067506225464,0.233888920648531,0.713981897778222,0.628344793679158,"paip2b/eif4ebp3l/eif4ebp1/bzw1a/pdik1l/stk35",6
"GO:0009408","response to heat","6/2534","31/18773",0.193548387096774,1.43389260890598,0.955067506225464,0.233888920648531,0.713981897778222,0.628344793679158,"hikeshi/hsf1/dnaja2b/ddx6/hsp90aa1.2/hspb15",6
"GO:0048886","neuromast hair cell differentiation","6/2534","31/18773",0.193548387096774,1.43389260890598,0.955067506225464,0.233888920648531,0.713981897778222,0.628344793679158,"pho/atp6v0d1/socs3a/tgfb1a/mcoln1a/ptpn11a",6
"GO:0072348","sulfur compound transport","6/2534","31/18773",0.193548387096774,1.43389260890598,0.955067506225464,0.233888920648531,0.713981897778222,0.628344793679158,"slc26a2/slc26a11/ctns/mfsd12a/slc25a11/slc35b3",6
"GO:0072583","clathrin-dependent endocytosis","6/2534","31/18773",0.193548387096774,1.43389260890598,0.955067506225464,0.233888920648531,0.713981897778222,0.628344793679158,"picalma/ap2a1/ap2s1/picalmb/smap2/itsn1",6
"GO:0030833","regulation of actin filament polymerization","17/2534","104/18773",0.163461538461538,1.2109958411754,0.852332353752924,0.233955709232609,0.713981897778222,0.628344793679158,"cttn/nck1b/twf1b/arpc5lb/tmod2/arpc5a/sptan1/gsna/arpc5la/capza1a/baiap2a/mtpn/cyfip1/cdc42ep1a/evla/si:dkey-40c11.2/kank3",17
"GO:0055007","cardiac muscle cell differentiation","10/2534","57/18773",0.175438596491228,1.29972721859898,0.895232891839616,0.234108687566044,0.713981897778222,0.628344793679158,"tomm70a/ddx39ab/vcp/gsk3ab/neb/itgb1b/mat2aa/ilk/nr2f2/opa1",10
"GO:0015918","sterol transport","8/2534","44/18773",0.181818181818182,1.34699002654804,0.910258981300032,0.236393050639611,0.719424516692853,0.633134608756585,"nus1/npc1/stab2/abca1a/relch/apobb.1/apoeb/stab1",8
"GO:0022406","membrane docking","8/2534","44/18773",0.181818181818182,1.34699002654804,0.910258981300032,0.236393050639611,0.719424516692853,0.633134608756585,"uso1/stx4/esyt2a/vapb/stxbp3/stx5a/vps18/cep290",8
"GO:2001233","regulation of apoptotic signaling pathway","15/2534","91/18773",0.164835164835165,1.22117227681553,0.835446488868848,0.24144917409978,0.732399654732535,0.644553470298975,"tp53/hyou1/sart3/tpd52l1/ctsh/nup62l/tegt/nck1b/slc35f6/zgc:110239/pin1/snx13/ptpn11a/ing5a/ctsla",15
"GO:0003140","determination of left/right asymmetry in lateral mesoderm","5/2534","25/18773",0.2,1.48168902920284,0.952002796502238,0.241928472264898,0.732399654732535,0.644553470298975,"ncln/acvr1l/atp6ap1b/nomo/lamb1a",5
"GO:0036294","cellular response to decreased oxygen levels","5/2534","25/18773",0.2,1.48168902920284,0.952002796502238,0.241928472264898,0.732399654732535,0.644553470298975,"tp53/hyou1/egln1b/nr3c1/egln2",5
"GO:0045746","negative regulation of Notch signaling pathway","5/2534","25/18773",0.2,1.48168902920284,0.952002796502238,0.241928472264898,0.732399654732535,0.644553470298975,"tcima/ptbp1a/dlc/dlb/neurl1aa",5
"GO:0051090","regulation of DNA-binding transcription factor activity","5/2534","25/18773",0.2,1.48168902920284,0.952002796502238,0.241928472264898,0.732399654732535,0.644553470298975,"ube2nb/cops5/sox3/ufl1/kctd10",5
"GO:0014033","neural crest cell differentiation","26/2534","167/18773",0.155688622754491,1.15341062153515,0.786622009788409,0.245793178352837,0.739754308364201,0.651025984984783,"cnbpa/nrp2a/sema3ab/chd7/sema3fb/pef1/esf1/rcc2/edn1/ctr9/smarca4a/fmr1/fscn1a/nrp2b/paf1/acvr2aa/cdh2/tfap2c/kbtbd8/nrp1b/sema4c/pknox1.1/pax6b/sema3fa/dmxl2/atp6v0a1a",26
"GO:0003007","heart morphogenesis","40/2534","265/18773",0.150943396226415,1.11825587109648,0.765851981285877,0.246048236160247,0.739754308364201,0.651025984984783,"ncl/rad21a/chd7/acvr1l/apex1/spns2/atp6ap1b/mia3/gsk3ab/ube2ib/atp6v0d1/robo1/ep300b/smarca4a/dsc2l/cemip2/rbx1/ep300a/igf1rb/tbx2b/vdrb/smarcc1a/rbfox1/sap30l/mia2/gata6/nipblb/gna13a/pdcd10b/mgaa/camk2g1/lamb1a/ndrg4/ilk/hdac1/fbn2b/ptpn11a/kctd10/nipbla/setd7",40
"GO:0006937","regulation of muscle contraction","7/2534","38/18773",0.184210526315789,1.36471357952893,0.888987840176502,0.246714907330945,0.739754308364201,0.651025984984783,"atp2a2b/edn1/tmem161b/tnnt2c/tnnt3b/erp44/desma",7
"GO:0062197","cellular response to chemical stress","7/2534","38/18773",0.184210526315789,1.36471357952893,0.888987840176502,0.246714907330945,0.739754308364201,0.651025984984783,"prdx1/oxsr1a/atf4a/prdx5/gsr/sod2/park7",7
"GO:1902532","negative regulation of intracellular signal transduction","29/2534","188/18773",0.154255319148936,1.14279207039581,0.777285685297924,0.246943848837176,0.739754308364201,0.651025984984783,"hyou1/prpf19/spred2b/gsk3ab/nck1b/aplnrb/gramd4b/tsc1a/ptpn1/nprl2/inpp5ka/mgrn1a/yju2/akap12b/rasip1/depdc5/rasa3/tnip1/nfkbiaa/dusp6/ufl1/cnot9/ddrgk1/spry4/insig1/ptpn11a/arhgap24/kctd10/spred2a",29
"GO:0010830","regulation of myotube differentiation","4/2534","19/18773",0.210526315789474,1.55967266231878,0.964146159647192,0.248736035324336,0.739754308364201,0.651025984984783,"mapk14a/hnrnpl2/prmt5/neu1",4
"GO:0048753","pigment granule organization","4/2534","19/18773",0.210526315789474,1.55967266231878,0.964146159647192,0.248736035324336,0.739754308364201,0.651025984984783,"atp6ap1b/rab32a/atp6v0d1/bloc1s1",4
"GO:1903670","regulation of sprouting angiogenesis","4/2534","19/18773",0.210526315789474,1.55967266231878,0.964146159647192,0.248736035324336,0.739754308364201,0.651025984984783,"cemip2/tars1/tspan18a/sars1",4
"GO:1903313","positive regulation of mRNA metabolic process","13/2534","78/18773",0.166666666666667,1.23474085766903,0.820639072288785,0.249017882481135,0.739754308364201,0.651025984984783,"cirbpa/cnot3a/celf1/rc3h2/tnrc6c2/sb:cb81/cnot3b/pde12/dcp2/zfp36l1a/cnot2/rbmx/dhx37",13
"GO:0017148","negative regulation of translation","10/2534","58/18773",0.172413793103448,1.27731812862314,0.835557379270698,0.251263694109394,0.739754308364201,0.651025984984783,"paip2b/eif4ebp3l/nanos1/ddx6/eif4ebp1/srp9/caprin1b/dap/cnot9/caprin1a",10
"GO:0021517","ventral spinal cord development","10/2534","58/18773",0.172413793103448,1.27731812862314,0.835557379270698,0.251263694109394,0.739754308364201,0.651025984984783,"cox5ab/sfpq/igf1rb/dlc/mib1/zc4h2/notch1a/surf1/gata2a/cox5aa",10
"GO:0030218","erythrocyte differentiation","20/2534","126/18773",0.158730158730159,1.17594367397051,0.782768572435745,0.251419038806019,0.739754308364201,0.651025984984783,"tp53/csnk2b/eif1axb/elavl1a/chd7/lpar2a/snx3/tert/arhgef12a/ash2l/atp5if1a/hdac9b/ddx46/arhgef12b/rasa3/ufl1/numb/gata2a/slc48a1b/jak2a",20
"GO:0006415","translational termination","3/2534","13/18773",0.230769230769231,1.70964118754174,1.01105087705353,0.251809385966279,0.739754308364201,0.651025984984783,"etf1b/abce1/eif5a",3
"GO:0032261","purine nucleotide salvage","3/2534","13/18773",0.230769230769231,1.70964118754174,1.01105087705353,0.251809385966279,0.739754308364201,0.651025984984783,"adka/hprt1/aprt",3
"GO:0032968","positive regulation of transcription elongation by RNA polymerase II","3/2534","13/18773",0.230769230769231,1.70964118754174,1.01105087705353,0.251809385966279,0.739754308364201,0.651025984984783,"ell/gtf2f1/brd4",3
"GO:0033336","caudal fin development","3/2534","13/18773",0.230769230769231,1.70964118754174,1.01105087705353,0.251809385966279,0.739754308364201,0.651025984984783,"acvr1l/tll1/atp6v1e1b",3
"GO:0034612","response to tumor necrosis factor","3/2534","13/18773",0.230769230769231,1.70964118754174,1.01105087705353,0.251809385966279,0.739754308364201,0.651025984984783,"spata2/ikbkb/commd7",3
"GO:0036010","protein localization to endosome","3/2534","13/18773",0.230769230769231,1.70964118754174,1.01105087705353,0.251809385966279,0.739754308364201,0.651025984984783,"washc2c/nf2b/msna",3
"GO:0038066","p38MAPK cascade","3/2534","13/18773",0.230769230769231,1.70964118754174,1.01105087705353,0.251809385966279,0.739754308364201,0.651025984984783,"mapk14a/acsl4a/rell1",3
"GO:0043174","nucleoside salvage","3/2534","13/18773",0.230769230769231,1.70964118754174,1.01105087705353,0.251809385966279,0.739754308364201,0.651025984984783,"adka/hprt1/aprt",3
"GO:0045667","regulation of osteoblast differentiation","3/2534","13/18773",0.230769230769231,1.70964118754174,1.01105087705353,0.251809385966279,0.739754308364201,0.651025984984783,"tmem119b/atf4a/riox1",3
"GO:0046578","regulation of Ras protein signal transduction","3/2534","13/18773",0.230769230769231,1.70964118754174,1.01105087705353,0.251809385966279,0.739754308364201,0.651025984984783,"rasa3/spry4/rabl3",3
"GO:0046688","response to copper ion","3/2534","13/18773",0.230769230769231,1.70964118754174,1.01105087705353,0.251809385966279,0.739754308364201,0.651025984984783,"atp6v0d1/slc31a1/cox17",3
"GO:0046949","fatty-acyl-CoA biosynthetic process","3/2534","13/18773",0.230769230769231,1.70964118754174,1.01105087705353,0.251809385966279,0.739754308364201,0.651025984984783,"elovl1b/acsl1b/gcdha",3
"GO:0071356","cellular response to tumor necrosis factor","3/2534","13/18773",0.230769230769231,1.70964118754174,1.01105087705353,0.251809385966279,0.739754308364201,0.651025984984783,"spata2/ikbkb/commd7",3
"GO:0072576","liver morphogenesis","3/2534","13/18773",0.230769230769231,1.70964118754174,1.01105087705353,0.251809385966279,0.739754308364201,0.651025984984783,"cdipt/igf2bp1/ddx46",3
"GO:0098869","cellular oxidant detoxification","3/2534","13/18773",0.230769230769231,1.70964118754174,1.01105087705353,0.251809385966279,0.739754308364201,0.651025984984783,"prdx1/prdx6/sod2",3
"GO:1902253","regulation of intrinsic apoptotic signaling pathway by p53 class mediator","3/2534","13/18773",0.230769230769231,1.70964118754174,1.01105087705353,0.251809385966279,0.739754308364201,0.651025984984783,"tp53/sart3/nup62l",3
"GO:1903035","negative regulation of response to wounding","3/2534","13/18773",0.230769230769231,1.70964118754174,1.01105087705353,0.251809385966279,0.739754308364201,0.651025984984783,"socs3a/sfpq/pros1",3
"GO:0043603","amide metabolic process","38/2534","252/18773",0.150793650793651,1.11714649027198,0.739564869416844,0.254778983704084,0.747715284489357,0.65803209804789,"elovl1b/pdhb/dlst/gclm/acsl1b/pdha1a/gcdha/renbp/dlat/gnpda2/psen2/smpd5/agk/sptlc2b/sptlc2a/acot15/acot20/hexa/gpx1a/psen1/acsl4a/acot8/gsr/neu1/amdhd2/acot9.1/npl/acot14/gstm.1/asah1b/hagh/gstr/tigarb/acss2/acsl3b/bckdk/gstm.2/ide",38
"GO:0046486","glycerolipid metabolic process","35/2534","231/18773",0.151515151515152,1.12249168879003,0.739968548607843,0.25573374582007,0.749278940814087,0.659408204800464,"dpm1/dnajc19/abhd16a/cds2/pcyt1aa/mboat7/zgc:158659/pigk/tpte/cnep1r1/pcyt1ab/cdipt/agk/dgkh/inpp5ka/dgkza/mtmr6/crls1/lpin2/pik3cg/lpcat3/pcyt2/pigu/apobb.1/pip4k2ca/pik3c2b/ctdnep1a/efr3bb/mgll/pigp/pik3c2a/pigc/pip4p1b/ptenb/ptdss2",35
"GO:0097190","apoptotic signaling pathway","26/2534","168/18773",0.154761904761905,1.14654508212125,0.7536852039106,0.255832302473167,0.749278940814087,0.659408204800464,"tp53/hyou1/pycard/sart3/tpd52l1/ctsh/nup62l/tegt/si:dkey-9i23.15/nck1b/dido1/diablob/rhot1a/atf4a/xrcc5/slc35f6/zgc:110239/pin1/dap/ern1/hipk2/snx13/ptpn11a/fhit/ing5a/ctsla",26
"GO:0044770","cell cycle phase transition","28/2534","182/18773",0.153846153846154,1.13976079169449,0.748425554531673,0.256305525228423,0.749902039768932,0.659956567420639,"tp53/ccnd1/gnl3/cdc25b/tpd52l1/psme1/mre11a/tipin/plk3/psme3/gnl2/anapc2/rbl1/mad2l1bp/ambra1b/nabp1a/clasp2/dyrk3/cdk5/ufl1/chmp7/anapc5/orc1/anapc11/ccng1/cdc14ab/anapc4/ccnb2",28
"GO:0032273","positive regulation of protein polymerization","6/2534","32/18773",0.1875,1.38908346487766,0.870162414670607,0.25758828040772,0.752126429304083,0.661914157084853,"clip1a/nck1b/baiap2a/ambra1b/cdc42ep1a/evla",6
"GO:1902036","regulation of hematopoietic stem cell differentiation","6/2534","32/18773",0.1875,1.38908346487766,0.870162414670607,0.25758828040772,0.752126429304083,0.661914157084853,"tnfrsf1b/ddx46/nr3c1/cdca7a/fgfr4/dnmt3bb.1",6
"GO:0035050","embryonic heart tube development","29/2534","190/18773",0.152631578947368,1.13076268018112,0.715618629149179,0.26603110063308,0.775991427277242,0.68291671649744,"ncl/rad21a/chd7/acvr1l/apex1/spns2/atp6ap1b/mia3/gsk3ab/ube2ib/atp6v0d1/ep300b/smarca4a/cemip2/ep300a/tbx2b/vdrb/sap30l/mia2/nipblb/acta1b/prkci/mgaa/vangl2/camk2g1/ndrg4/ptpn11a/kctd10/nipbla",29
"GO:0042692","muscle cell differentiation","45/2534","303/18773",0.148514851485149,1.10026413059617,0.695044155857547,0.266717698742374,0.776542045048537,0.683401291541957,"hspd1/tomm70a/ddx39ab/qki2/mapk14a/vcp/tango2/gsk3ab/fktn/hnrnpl2/dag1/gas8/foxo1a/dysf/neb/crk/tmod2/kirrel3l/selenon/inpp5ka/akap12b/prmt5/itgb1b/myo9aa/acta1b/neu1/sox6/ambra1b/cited4b/vangl2/tnnt2c/tnnt3b/mef2aa/mat2aa/dyrk3/qkia/rac1a/mybpc2b/ilk/spry4/desma/nr2f2/mrtfab/opa1/mrtfba",45
"GO:0045732","positive regulation of protein catabolic process","7/2534","39/18773",0.17948717948718,1.32972092364358,0.814221358386298,0.268493220436847,0.776542045048537,0.683401291541957,"tmem259/oaz1a/gsk3ab/dda1/csnk1db/fzr1b/oaz1b",7
"GO:2000736","regulation of stem cell differentiation","7/2534","39/18773",0.17948717948718,1.32972092364358,0.814221358386298,0.268493220436847,0.776542045048537,0.683401291541957,"fosl2/tnfrsf1b/ddx46/nr3c1/cdca7a/fgfr4/dnmt3bb.1",7
"GO:0000038","very long-chain fatty acid metabolic process","5/2534","26/18773",0.192307692307692,1.42470098961812,0.856018192085156,0.26891713057082,0.776542045048537,0.683401291541957,"elovl1b/acsl1b/hacd3/acox1/elovl8b",5
"GO:0007031","peroxisome organization","5/2534","26/18773",0.192307692307692,1.42470098961812,0.856018192085156,0.26891713057082,0.776542045048537,0.683401291541957,"pex19/pex26/dnm1l/fis1/pex16",5
"GO:0009220","pyrimidine ribonucleotide biosynthetic process","5/2534","26/18773",0.192307692307692,1.42470098961812,0.856018192085156,0.26891713057082,0.776542045048537,0.683401291541957,"uck2b/cmpk/ctps1a/umps/uck2a",5
"GO:0016241","regulation of macroautophagy","5/2534","26/18773",0.192307692307692,1.42470098961812,0.856018192085156,0.26891713057082,0.776542045048537,0.683401291541957,"tmem39a/ambra1b/ufl1/fyco1a/ddrgk1",5
"GO:0046928","regulation of neurotransmitter secretion","5/2534","26/18773",0.192307692307692,1.42470098961812,0.856018192085156,0.26891713057082,0.776542045048537,0.683401291541957,"slc38a2/rap1b/rap1ab/rap1aa/caska",5
"GO:1901568","fatty acid derivative metabolic process","5/2534","26/18773",0.192307692307692,1.42470098961812,0.856018192085156,0.26891713057082,0.776542045048537,0.683401291541957,"elovl1b/acsl1b/gcdha/acsl4a/acsl3b",5
"GO:2000060","positive regulation of ubiquitin-dependent protein catabolic process","5/2534","26/18773",0.192307692307692,1.42470098961812,0.856018192085156,0.26891713057082,0.776542045048537,0.683401291541957,"gsk3ab/ccdc22/dda1/csnk1db/fzr1b",5
"GO:0021915","neural tube development","17/2534","107/18773",0.158878504672897,1.17704268674992,0.725476229080959,0.27225796541718,0.785401485406874,0.691198104376281,"celsr1a/htt/sfpq/slc7a6os/myh9b/nin/fmr1/calm1a/ppp1r12a/mib1/cdh2/cnpy1/prkci/wls/vangl2/ptk2ab/hdac1",17
"GO:0015914","phospholipid transport","11/2534","66/18773",0.166666666666667,1.23474085766903,0.75463599892855,0.273156780830333,0.787205577588118,0.692785808396409,"triap1/atp11a/prelid1b/tmem30aa/pitpnaa/abca1a/abca1b/pitpnb/pitpnbl/apoeb/mfsd2ab",11
"GO:0046488","phosphatidylinositol metabolic process","18/2534","114/18773",0.157894736842105,1.16975449673909,0.718138926023283,0.273435389825218,0.787220487306802,0.692798929799263,"dpm1/mboat7/zgc:158659/pigk/tpte/cdipt/inpp5ka/mtmr6/pik3cg/pigu/pip4k2ca/pik3c2b/efr3bb/pigp/pik3c2a/pigc/pip4p1b/ptenb",18
"GO:0050900","leukocyte migration","20/2534","128/18773",0.15625,1.15756955406472,0.706602279344138,0.275090763140897,0.790595466451754,0.695769103946682,"hspd1/lyn/spns2/asap1a/ddx3xb/oxsr1a/jagn1b/zgc:153631/lta4h/stk10/ch25h/akirin1/cul1a/cdc42l/pik3cg/rac1a/srp54/hmox1a/il6r/nsmaf",20
"GO:0048925","lateral line system development","22/2534","142/18773",0.154929577464789,1.14778727614305,0.698300046834885,0.276024184566125,0.790595466451754,0.695769103946682,"canx/setb/pho/atp6v0d1/top2b/socs3a/htt/slc26a2/edn1/esr1/fzd7a/tgfb1a/mib1/hoxb8a/mcoln1a/gna13a/kif1b/rtn4a/vangl2/gna12a/ctnnd1/ptpn11a",22
"GO:1901987","regulation of cell cycle phase transition","22/2534","142/18773",0.154929577464789,1.14778727614305,0.698300046834885,0.276024184566125,0.790595466451754,0.695769103946682,"tp53/ccnd1/gnl3/cdc25b/psme1/mre11a/tipin/plk3/psme3/gnl2/rbl1/mad2l1bp/ambra1b/nabp1a/dyrk3/cdk5/ufl1/anapc5/orc1/anapc11/cdc14ab/anapc4",22
"GO:0090596","sensory organ morphogenesis","51/2534","347/18773",0.146974063400576,1.08884928658998,0.659906013767149,0.276632826642082,0.790595466451754,0.695769103946682,"atp6v0e1/pcdh17/ccnd1/chd7/egr1/sigmar1/psmc3/npc1/ubr3/dnmt1/top2b/socs3a/slc26a2/shrprbck1r/gas8/atp6v0ca/cdipt/smarca4a/rpgrb/atf4a/crk/igf1rb/tbx2b/ttc39c/dctn1a/cct4/mib1/rerea/znf644a/efnb2a/cdh2/marcksb/prkci/itga5/odc1/tfap2c/vangl2/tapt1a/myo6b/agrn/cdk5/lamb1a/sox3/toporsa/cct3/ptk2ab/hdac1/mafba/pax6b/znf703/cep290",51
"GO:0001817","regulation of cytokine production","13/2534","80/18773",0.1625,1.20387233622731,0.721842963412128,0.279283621808055,0.790595466451754,0.695769103946682,"hspd1/zbtb2b/pias4a/lgr4/zgc:153631/tbk1/sars1/tet3/banf1/n4bp1/ppp1r11/opa1/tet1",13
"GO:0002573","myeloid leukocyte differentiation","13/2534","80/18773",0.1625,1.20387233622731,0.721842963412128,0.279283621808055,0.790595466451754,0.695769103946682,"qki2/srpra/dnmt1/jagn1b/ncor2/kif1b/qkia/irf2bp2b/srp54/usb1/nlrc3l/sbds/nrros",13
"GO:0006026","aminoglycan catabolic process","4/2534","20/18773",0.2,1.48168902920284,0.851383664736197,0.280357575551952,0.790595466451754,0.695769103946682,"hyal2b/cemip2/sgsh/hyal2a",4
"GO:0009148","pyrimidine nucleoside triphosphate biosynthetic process","4/2534","20/18773",0.2,1.48168902920284,0.851383664736197,0.280357575551952,0.790595466451754,0.695769103946682,"uck2b/ctps1a/dtymk/uck2a",4
"GO:0019217","regulation of fatty acid metabolic process","4/2534","20/18773",0.2,1.48168902920284,0.851383664736197,0.280357575551952,0.790595466451754,0.695769103946682,"etfa/dcaf5/bckdk/wdtc1",4
"GO:0035622","intrahepatic bile duct development","4/2534","20/18773",0.2,1.48168902920284,0.851383664736197,0.280357575551952,0.790595466451754,0.695769103946682,"atp6ap2/ilf2/dnmt1/arf6b",4
"GO:0046470","phosphatidylcholine metabolic process","4/2534","20/18773",0.2,1.48168902920284,0.851383664736197,0.280357575551952,0.790595466451754,0.695769103946682,"pcyt1aa/mboat7/pcyt1ab/lpcat3",4
"GO:0051156","glucose 6-phosphate metabolic process","4/2534","20/18773",0.2,1.48168902920284,0.851383664736197,0.280357575551952,0.790595466451754,0.695769103946682,"pgd/rpe/tigarb/taldo1",4
"GO:0060841","venous blood vessel development","4/2534","20/18773",0.2,1.48168902920284,0.851383664736197,0.280357575551952,0.790595466451754,0.695769103946682,"flt4/tspan18a/ephb4a/nr2f2",4
"GO:0071229","cellular response to acid chemical","4/2534","20/18773",0.2,1.48168902920284,0.851383664736197,0.280357575551952,0.790595466451754,0.695769103946682,"lamtor4/lamtor2/lamtor3/lamtor1",4
"GO:0071230","cellular response to amino acid stimulus","4/2534","20/18773",0.2,1.48168902920284,0.851383664736197,0.280357575551952,0.790595466451754,0.695769103946682,"lamtor4/lamtor2/lamtor3/lamtor1",4
"GO:0071577","zinc ion transmembrane transport","4/2534","20/18773",0.2,1.48168902920284,0.851383664736197,0.280357575551952,0.790595466451754,0.695769103946682,"slc30a7/slc39a13/slc39a6/slc39a1",4
"GO:1901071","glucosamine-containing compound metabolic process","4/2534","20/18773",0.2,1.48168902920284,0.851383664736197,0.280357575551952,0.790595466451754,0.695769103946682,"renbp/gnpda2/chst2a/amdhd2",4
"GO:1901654","response to ketone","4/2534","20/18773",0.2,1.48168902920284,0.851383664736197,0.280357575551952,0.790595466451754,0.695769103946682,"sult2st3/nr3c1/pgrmc1/park7",4
"GO:0032787","monocarboxylic acid metabolic process","47/2534","319/18773",0.147335423197492,1.09152640082341,0.65129149224664,0.280374067663479,0.790595466451754,0.695769103946682,"ndufab1b/elovl1b/pgd/pdhb/acsl4b/acadl/hadhb/hadhab/etfa/kdm1a/hsd17b10/acsl1b/pdha1a/gcdha/ndufab1a/slc27a1a/ldha/hacd3/dlat/pkma/acot20/dcaf5/hacl1/cryl1/echs1/acsbg2/acox1/me3/acsl4a/decr1/acot8/ech1/pcxa/lpin2/acadm/elovl8b/acot14/fgfr4/hacd1/asah1b/hagh/tigarb/acss2/acsl3b/park7/bckdk/wdtc1",47
"GO:0032101","regulation of response to external stimulus","36/2534","241/18773",0.149377593360996,1.10665570645855,0.658279619389387,0.281405518534778,0.790595466451754,0.695769103946682,"hspd1/cnbpa/lyn/nop56/pycard/parp1/cnbpb/metrnla/pias4a/oxsr1a/socs3a/gramd4b/sfpq/lgr4/dpp9/uba1/il6st/trafd1/tbk1/atp5if1a/zdhhc9/efnb2a/akirin1/brd4/spata2/caspa/tlr5a/pros1/grnb/ufl1/il6r/nlrc3l/n4bp1/trim25/tlr5b/nek7",36
"GO:0001676","long-chain fatty acid metabolic process","6/2534","33/18773",0.181818181818182,1.34699002654804,0.78807600763787,0.281887562893581,0.790595466451754,0.695769103946682,"acadl/acsl1b/slc27a1a/acsbg2/acsl4a/acsl3b",6
"GO:0002263","cell activation involved in immune response","6/2534","33/18773",0.181818181818182,1.34699002654804,0.78807600763787,0.281887562893581,0.790595466451754,0.695769103946682,"kars1/tcima/rnf8/brd4/ptenb/opa1",6
"GO:0006289","nucleotide-excision repair","6/2534","33/18773",0.181818181818182,1.34699002654804,0.78807600763787,0.281887562893581,0.790595466451754,0.695769103946682,"pold3/polr2i/ercc5/fan1/ercc8/ddb2",6
"GO:0008038","neuron recognition","6/2534","33/18773",0.181818181818182,1.34699002654804,0.78807600763787,0.281887562893581,0.790595466451754,0.695769103946682,"robo4/robo1/nrp2b/efnb2a/cdh2/gap43",6
"GO:0034599","cellular response to oxidative stress","6/2534","33/18773",0.181818181818182,1.34699002654804,0.78807600763787,0.281887562893581,0.790595466451754,0.695769103946682,"prdx1/atf4a/prdx5/gsr/sod2/park7",6
"GO:0060914","heart formation","6/2534","33/18773",0.181818181818182,1.34699002654804,0.78807600763787,0.281887562893581,0.790595466451754,0.695769103946682,"robo1/cemip2/gata6/gna13a/lamb1a/hdac1",6
"GO:0003205","cardiac chamber development","9/2534","53/18773",0.169811320754717,1.25803785498354,0.74310019072631,0.282296679233207,0.790595466451754,0.695769103946682,"acvr1l/sema3fb/smarca5/bag3/myh9b/rbx1/tbx2b/rbfox1/ilk",9
"GO:0060113","inner ear receptor cell differentiation","9/2534","53/18773",0.169811320754717,1.25803785498354,0.74310019072631,0.282296679233207,0.790595466451754,0.695769103946682,"myo7aa/slc26a2/vdrb/mif/mib1/cdh2/camk2g1/myo6b/cops5",9
"GO:0098657","import into cell","65/2534","448/18773",0.145089285714286,1.07488601448867,0.633718915154076,0.282729221749524,0.791037346372088,0.696157983480235,"si:ch211-11k18.4/sema3fb/elmo1/rab5ab/myo7aa/rab5b/picalma/myo1cb/scarb2a/eea1/hip1/slc27a1a/rhoj/tpte/rhoub/stab2/slc38a2/zgc:100918/ap2a1/arrb2a/necap2/rab14/ap2s1/trip10a/eps15/fscn1a/neurl1b/ehd1a/tfr1b/reps1/mib1/hgs/cltcb/sh3gl3b/rab22a/slc6a9/slc12a7a/cdc42l/mertka/cltca/picalmb/slc39a6/csnk1db/slc9a7/sh3gl1a/mrc1b/myo6b/pacsin2/dnm1l/flot1b/ehd1b/anxa11a/ywhaba/smap2/notch1a/sema3fa/slc1a3a/necap1/itsn1/stab1/sncgb/rab34a/slc15a4/dmxl2/atp6v0a1a",65
"GO:0044087","regulation of cellular component biogenesis","44/2534","298/18773",0.147651006711409,1.09386438397525,0.645201962787334,0.283153091697393,0.791454127181353,0.69652477436446,"cttn/rcc1/psmc6/arhgef9b/sar1b/mcm2/clip1a/atp6ap1b/setdb1a/nck1b/nf2b/tmem39a/twf1b/msna/arpc5lb/cemip2/tmod2/arpc5a/sptan1/gsna/arpc5la/setdb1b/appb/akirin1/capza1a/mdm1/baiap2a/ambra1b/tprb/tapt1a/flot1b/nrp1b/lamb1a/selenow2a/mtpn/mcm7/cyfip1/cdc42ep1a/evla/si:dkey-40c11.2/kank3/arhgap24/cep290/nek7",44
"GO:0048839","inner ear development","30/2534","199/18773",0.150753768844221,1.11685102703732,0.654613999165892,0.285176734393126,0.796337360153065,0.700822297906228,"hsp90b1/nono/chd7/myo7aa/psmc3/npc1/slc26a2/shrprbck1r/gas8/ddt/igf1rb/vdrb/arf1/ttc39c/mif/tgfb1a/mib1/rerea/cdh2/wls/tfap2c/fgf10b/vangl2/camk2g1/myo6b/cops5/sox3/ptenb/ptpn11a/cep290",30
"GO:0060047","heart contraction","29/2534","192/18773",0.151041666666667,1.11898390226256,0.654610878136368,0.285685162152293,0.796984090926795,0.701391457874919,"hspd1/adma/dlst/chd7/apex1/atp2a2b/emd/vcp/tango2/strip1/bag3/dsc2l/vezf1b/tbx2b/rbfox1/tmem161b/vapb/ankhd1/bin1b/tnnt2c/erp44/crip2/ogdhb/ilk/desma/surf1/lims1/ogdha/adrb2a",29
"GO:0034101","erythrocyte homeostasis","20/2534","129/18773",0.155038759689922,1.14859614666887,0.668977933748805,0.287219271986993,0.797947213253142,0.702239060456048,"tp53/csnk2b/eif1axb/elavl1a/chd7/lpar2a/snx3/tert/arhgef12a/ash2l/atp5if1a/hdac9b/ddx46/arhgef12b/rasa3/ufl1/numb/gata2a/slc48a1b/jak2a",20
"GO:0002832","negative regulation of response to biotic stimulus","3/2534","14/18773",0.214285714285714,1.58752395986019,0.868687746653049,0.290742141959898,0.797947213253142,0.702239060456048,"parp1/pias4a/trafd1",3
"GO:0003260","cardioblast migration","3/2534","14/18773",0.214285714285714,1.58752395986019,0.868687746653049,0.290742141959898,0.797947213253142,0.702239060456048,"robo1/gata6/gna13a",3
"GO:0007612","learning","3/2534","14/18773",0.214285714285714,1.58752395986019,0.868687746653049,0.290742141959898,0.797947213253142,0.702239060456048,"ap2s1/adgrl3.1/pcxa",3
"GO:0008089","anterograde axonal transport","3/2534","14/18773",0.214285714285714,1.58752395986019,0.868687746653049,0.290742141959898,0.797947213253142,0.702239060456048,"arl8bb/ap3d1/arl8a",3
"GO:0009301","snRNA transcription","3/2534","14/18773",0.214285714285714,1.58752395986019,0.868687746653049,0.290742141959898,0.797947213253142,0.702239060456048,"ell/ice2/snapc1b",3
"GO:0034067","protein localization to Golgi apparatus","3/2534","14/18773",0.214285714285714,1.58752395986019,0.868687746653049,0.290742141959898,0.797947213253142,0.702239060456048,"arl1/rab41/vps13a",3
"GO:0043001","Golgi to plasma membrane protein transport","3/2534","14/18773",0.214285714285714,1.58752395986019,0.868687746653049,0.290742141959898,0.797947213253142,0.702239060456048,"nsfb/golga7/rab34a",3
"GO:0048679","regulation of axon regeneration","3/2534","14/18773",0.214285714285714,1.58752395986019,0.868687746653049,0.290742141959898,0.797947213253142,0.702239060456048,"socs3a/sfpq/il6st",3
"GO:0051145","smooth muscle cell differentiation","3/2534","14/18773",0.214285714285714,1.58752395986019,0.868687746653049,0.290742141959898,0.797947213253142,0.702239060456048,"foxo1a/mrtfab/mrtfba",3
"GO:0060975","cardioblast migration to the midline involved in heart field formation","3/2534","14/18773",0.214285714285714,1.58752395986019,0.868687746653049,0.290742141959898,0.797947213253142,0.702239060456048,"robo1/gata6/gna13a",3
"GO:0070059","intrinsic apoptotic signaling pathway in response to endoplasmic reticulum stress","3/2534","14/18773",0.214285714285714,1.58752395986019,0.868687746653049,0.290742141959898,0.797947213253142,0.702239060456048,"nck1b/atf4a/ern1",3
"GO:0070570","regulation of neuron projection regeneration","3/2534","14/18773",0.214285714285714,1.58752395986019,0.868687746653049,0.290742141959898,0.797947213253142,0.702239060456048,"socs3a/sfpq/il6st",3
"GO:0097006","regulation of plasma lipoprotein particle levels","3/2534","14/18773",0.214285714285714,1.58752395986019,0.868687746653049,0.290742141959898,0.797947213253142,0.702239060456048,"stab2/apoeb/stab1",3
"GO:0120305","regulation of pigmentation","3/2534","14/18773",0.214285714285714,1.58752395986019,0.868687746653049,0.290742141959898,0.797947213253142,0.702239060456048,"h2az2a/nnt/ctns",3
"GO:1902358","sulfate transmembrane transport","3/2534","14/18773",0.214285714285714,1.58752395986019,0.868687746653049,0.290742141959898,0.797947213253142,0.702239060456048,"slc26a2/slc26a11/slc25a11",3
"GO:2000404","regulation of T cell migration","3/2534","14/18773",0.214285714285714,1.58752395986019,0.868687746653049,0.290742141959898,0.797947213253142,0.702239060456048,"spns2/oxsr1a/zgc:153631",3
"GO:0001816","cytokine production","13/2534","81/18773",0.160493827160494,1.1890097147924,0.673407094051082,0.29483919154846,0.803815821195582,0.707403770175231,"hspd1/zbtb2b/pias4a/lgr4/zgc:153631/tbk1/sars1/tet3/banf1/n4bp1/ppp1r11/opa1/tet1",13
"GO:1990542","mitochondrial transmembrane transport","13/2534","81/18773",0.160493827160494,1.1890097147924,0.673407094051082,0.29483919154846,0.803815821195582,0.707403770175231,"hspd1/pam16/dnajc19/timm23a/tomm70a/tomm40/tomm40l/grpel1/timm17a/slc25a36a/smdt1b/letm2/slc25a28",13
"GO:0048762","mesenchymal cell differentiation","29/2534","193/18773",0.150259067357513,1.11318605820939,0.624349362140803,0.295707234917945,0.803815821195582,0.707403770175231,"cnbpa/nrp2a/sema3ab/chd7/sema3fb/pef1/esf1/rcc2/edn1/ctr9/smarca4a/fmr1/fscn1a/nrp2b/paf1/acvr2aa/cdh2/slc39a6/tfap2c/kbtbd8/nrp1b/sema4c/pknox1.1/snw1/snai1a/pax6b/sema3fa/dmxl2/atp6v0a1a",29
"GO:0048884","neuromast development","14/2534","88/18773",0.159090909090909,1.17861627322953,0.66342944946395,0.296377395100314,0.803815821195582,0.707403770175231,"setb/pho/atp6v0d1/top2b/socs3a/htt/slc26a2/edn1/fzd7a/tgfb1a/mcoln1a/rtn4a/vangl2/ptpn11a",14
"GO:0006506","GPI anchor biosynthetic process","5/2534","27/18773",0.185185185185185,1.37193428629893,0.763963708021654,0.296510038940503,0.803815821195582,0.707403770175231,"dpm1/pigk/pigu/pigp/pigc",5
"GO:0009218","pyrimidine ribonucleotide metabolic process","5/2534","27/18773",0.185185185185185,1.37193428629893,0.763963708021654,0.296510038940503,0.803815821195582,0.707403770175231,"uck2b/cmpk/ctps1a/umps/uck2a",5
"GO:0019827","stem cell population maintenance","5/2534","27/18773",0.185185185185185,1.37193428629893,0.763963708021654,0.296510038940503,0.803815821195582,0.707403770175231,"celsr1a/cnot3a/cnot3b/cdh2/cnot2",5
"GO:0032008","positive regulation of TOR signaling","5/2534","27/18773",0.185185185185185,1.37193428629893,0.763963708021654,0.296510038940503,0.803815821195582,0.707403770175231,"seh1l/lamtor4/lamtor2/lamtor3/lamtor1",5
"GO:0044091","membrane biogenesis","5/2534","27/18773",0.185185185185185,1.37193428629893,0.763963708021654,0.296510038940503,0.803815821195582,0.707403770175231,"nsfl1c/tmpoa/pacsin2/banf1/chmp7",5
"GO:0046847","filopodium assembly","5/2534","27/18773",0.185185185185185,1.37193428629893,0.763963708021654,0.296510038940503,0.803815821195582,0.707403770175231,"arhgef9b/robo4/fmnl3/nrp1b/selenow2a",5
"GO:0060419","heart growth","5/2534","27/18773",0.185185185185185,1.37193428629893,0.763963708021654,0.296510038940503,0.803815821195582,0.707403770175231,"ruvbl1/smarca4a/dusp6/ndrg4/hdac1",5
"GO:0061462","protein localization to lysosome","5/2534","27/18773",0.185185185185185,1.37193428629893,0.763963708021654,0.296510038940503,0.803815821195582,0.707403770175231,"m6pr/lamtor4/scarb2a/ap3d1/gnptab",5
"GO:0071709","membrane assembly","5/2534","27/18773",0.185185185185185,1.37193428629893,0.763963708021654,0.296510038940503,0.803815821195582,0.707403770175231,"nsfl1c/tmpoa/pacsin2/banf1/chmp7",5
"GO:1902105","regulation of leukocyte differentiation","8/2534","47/18773",0.170212765957447,1.2610119397471,0.707726945215848,0.297063062117096,0.804557437286096,0.708056434634699,"phf6/qki2/ddx46/brd4/ambra1b/qkia/irf2bp2b/opa1",8
"GO:0044283","small molecule biosynthetic process","45/2534","307/18773",0.146579804560261,1.08592844159817,0.599651113888277,0.29808928440088,0.806578054314035,0.709834692869923,"ndufab1b/elovl1b/aldh18a1/kdm1a/ndufa9a/psat1/coq5/nus1/ndufab1a/hacd3/sephs1/lbr/foxo1a/cbsb/adi1/dhcr7/lta4h/sptlc2b/tpk1/sptlc2a/pptc7a/arpp19a/dcaf5/adka/acsbg2/hprt1/aprt/pcxa/aasdhppt/elovl8b/ipmkb/fgfr4/phgdh/psph/pycr1b/insig1/glulb/hacd1/mgst2/agxta/park7/tha1/pdss2/wdtc1/rfk",45
"GO:0021700","developmental maturation","17/2534","109/18773",0.155963302752294,1.15544557323157,0.642936648440348,0.298944870700859,0.808097292072431,0.711171708750605,"tp53/eif1axb/chd7/zdhhc20b/atp6v1g1/tert/nsfb/pum1/nup210/sptan1/sclt1/ddx5/pgrmc1/vps18/ndrg4/sin3b/dmxl2",17
"GO:0016049","cell growth","21/2534","137/18773",0.153284671532847,1.1356010807759,0.629254052001549,0.299427521357825,0.808097292072431,0.711171708750605,"pcdh17/mapk14a/ewsr1a/llph/clns1a/ubap1/dcaf13/ist1/fus/tmem108/gna13a/lamtor2/appb/myo9aa/supv3l1/kif1b/gna12a/grnb/cyfip1/asah1b/si:dkey-40c11.2",21
"GO:0051648","vesicle localization","19/2534","123/18773",0.154471544715447,1.14439396564447,0.634659987502815,0.299492813699647,0.808097292072431,0.711171708750605,"tmed9/sar1b/kif5ba/picalma/pef1/ap1ar/ube3d/snapin/ap3d1/rab11a/kif1b/picalmb/exoc6b/stxbp3/tfg/cdk5/fyco1a/bbip1/pafah1b1b",19
"GO:0043242","negative regulation of protein-containing complex disassembly","9/2534","54/18773",0.166666666666667,1.23474085766903,0.682375117237399,0.301645701666952,0.813144171441157,0.715613250455701,"tmem39a/twf1b/tmod2/sptan1/camsap2b/gsna/capza1a/mtpn/scaf4b",9
"GO:0043583","ear development","30/2534","201/18773",0.149253731343284,1.10573808149466,0.59535918022496,0.304961347847334,0.820522270099946,0.72210639810262,"hsp90b1/nono/chd7/myo7aa/psmc3/npc1/slc26a2/shrprbck1r/gas8/ddt/igf1rb/vdrb/arf1/ttc39c/mif/tgfb1a/mib1/rerea/cdh2/wls/tfap2c/fgf10b/vangl2/camk2g1/myo6b/cops5/sox3/ptenb/ptpn11a/cep290",30
"GO:0009952","anterior/posterior pattern specification","38/2534","258/18773",0.147286821705426,1.09116633933543,0.58245375379934,0.306048439232661,0.820522270099946,0.72210639810262,"setb/chd7/acvr1l/mapk14a/sfpq/slc7a6os/her13/myh9b/nin/ctr9/rap1b/fmr1/pum1/calm1a/ppp1r12a/dlc/cactin/hoxa9a/mib1/efnb2a/cdh2/hoxb9a/cnpy1/bptf/naa50/itga5/wls/frmd8/mef2aa/crim1/agrn/gadd45bb/notch1a/ptk2ab/hdac1/mafba/pax6b/ldb3a",38
"GO:0003231","cardiac ventricle development","6/2534","34/18773",0.176470588235294,1.30737267282604,0.708615167134947,0.306662717133568,0.820522270099946,0.72210639810262,"smarca5/bag3/myh9b/rbx1/rbfox1/ilk",6
"GO:0048488","synaptic vesicle endocytosis","6/2534","34/18773",0.176470588235294,1.30737267282604,0.708615167134947,0.306662717133568,0.820522270099946,0.72210639810262,"picalma/sh3gl3b/picalmb/sh3gl1a/itsn1/sncgb",6
"GO:0048854","brain morphogenesis","6/2534","34/18773",0.176470588235294,1.30737267282604,0.708615167134947,0.306662717133568,0.820522270099946,0.72210639810262,"tango2/usp39/mgaa/lamb1a/slbp/pafah1b1b",6
"GO:0051293","establishment of spindle localization","6/2534","34/18773",0.176470588235294,1.30737267282604,0.708615167134947,0.306662717133568,0.820522270099946,0.72210639810262,"dctn1a/prkci/vangl2/clasp2/diaph2/pafah1b1b",6
"GO:0051653","spindle localization","6/2534","34/18773",0.176470588235294,1.30737267282604,0.708615167134947,0.306662717133568,0.820522270099946,0.72210639810262,"dctn1a/prkci/vangl2/clasp2/diaph2/pafah1b1b",6
"GO:0140238","presynaptic endocytosis","6/2534","34/18773",0.176470588235294,1.30737267282604,0.708615167134947,0.306662717133568,0.820522270099946,0.72210639810262,"picalma/sh3gl3b/picalmb/sh3gl1a/itsn1/sncgb",6
"GO:0060348","bone development","12/2534","75/18773",0.16,1.18535122336227,0.63534182755448,0.309326958636555,0.826115319030279,0.727028600173994,"kif5ba/atp6v1h/kmt2d/edn1/rap1b/akt2/gnptab/wls/sh3pxd2b/rap1aa/sin3b/notch2",12
"GO:0097530","granulocyte migration","12/2534","75/18773",0.16,1.18535122336227,0.63534182755448,0.309326958636555,0.826115319030279,0.727028600173994,"hspd1/lyn/ddx3xb/jagn1b/lta4h/akirin1/cul1a/pik3cg/rac1a/srp54/il6r/nsmaf",12
"GO:0006470","protein dephosphorylation","21/2534","138/18773",0.152173913043478,1.12737208743694,0.593236751512833,0.311564757024124,0.826369982340019,0.727252718411885,"ppm1g/cdc25b/ppp2r1bb/ppp2r1ba/ptp4a2a/ptpn1/acp1/ptp4a2b/styx/ptprea/dusp12/ptpn23a/ptpmt1/dusp6/ctdnep1a/ppp2r5ea/cdc14ab/ilkap/ptenb/ptpn11a/ptprfa",21
"GO:0170039","proteinogenic amino acid metabolic process","21/2534","138/18773",0.152173913043478,1.12737208743694,0.593236751512833,0.311564757024124,0.826369982340019,0.727252718411885,"aldh18a1/dlst/nit2/got2b/psat1/tdh/ctps1a/gcsha/sephs1/cbsb/adi1/glud1b/aasdhppt/phgdh/psph/pycr1b/amt/glulb/agxta/ivd/tha1",21
"GO:0016485","protein processing","15/2534","96/18773",0.15625,1.15756955406472,0.611411073580321,0.312133619039126,0.826369982340019,0.727252718411885,"hm13/sec11a/metap2b/psen2/tll1/spcs3/spcs2/plgrkt/pmm2/psen1/si:ch211-51a6.2/caspa/afg3l2/immp2l/sppl3",15
"GO:0097529","myeloid leukocyte migration","15/2534","96/18773",0.15625,1.15756955406472,0.611411073580321,0.312133619039126,0.826369982340019,0.727252718411885,"hspd1/lyn/asap1a/ddx3xb/jagn1b/lta4h/akirin1/cul1a/cdc42l/pik3cg/rac1a/srp54/hmox1a/il6r/nsmaf",15
"GO:0061025","membrane fusion","16/2534","103/18773",0.155339805825243,1.15082643044881,0.606321325388267,0.312462547993706,0.826369982340019,0.727252718411885,"uso1/nsfl1c/yipf5/stx4/zgc:100918/dysf/snap29/gosr2/bet1/sybl1/uvrag/sec22ba/stx5a/vps39/rab34a/si:ch211-266g18.9",16
"GO:0000289","nuclear-transcribed mRNA poly(A) tail shortening","4/2534","21/18773",0.19047619047619,1.41113240876461,0.744640237377817,0.312540426114691,0.826369982340019,0.727252718411885,"cnot3a/tnrc6c2/cnot3b/cnot2",4
"GO:0007032","endosome organization","4/2534","21/18773",0.19047619047619,1.41113240876461,0.744640237377817,0.312540426114691,0.826369982340019,0.727252718411885,"washc4/ist1/aktip/vps18",4
"GO:0048259","regulation of receptor-mediated endocytosis","4/2534","21/18773",0.19047619047619,1.41113240876461,0.744640237377817,0.312540426114691,0.826369982340019,0.727252718411885,"mib1/flot1b/smap2/notch1a",4
"GO:0048264","determination of ventral identity","4/2534","21/18773",0.19047619047619,1.41113240876461,0.744640237377817,0.312540426114691,0.826369982340019,0.727252718411885,"acvr1l/ppp4cb/tll1/mgaa",4
"GO:0050974","detection of mechanical stimulus involved in sensory perception","4/2534","21/18773",0.19047619047619,1.41113240876461,0.744640237377817,0.312540426114691,0.826369982340019,0.727252718411885,"myo7aa/pigk/pigu/myo6b",4
"GO:0048588","developmental cell growth","17/2534","110/18773",0.154545454545455,1.14494152256583,0.60225077955387,0.312579684184884,0.826369982340019,0.727252718411885,"pcdh17/mapk14a/ewsr1a/llph/clns1a/ubap1/dcaf13/ist1/fus/tmem108/appb/myo9aa/kif1b/grnb/cyfip1/asah1b/si:dkey-40c11.2",17
"GO:0009101","glycoprotein biosynthetic process","36/2534","245/18773",0.146938775510204,1.08858785818984,0.55134305717979,0.317483490877223,0.838564192876627,0.737984319209536,"rpn1/dpm1/ddost/ostc/krtcap2/mgat4a/nus1/stt3a/large2/dad1/fktn/hs2st1a/cant1a/st3gal5/tmtc2b/csgalnact1a/si:ch73-91k6.2/pmm2/alg8/gxylt2/galnt2/uggt1/st6gal2a/uggt2/slc35c1/st3gal3a/xxylt1/mgat1b/tmem258/mogs/pofut1/stt3b/b4galt6/mgat3b/hs6st1a/aars2",36
"GO:0090287","regulation of cellular response to growth factor stimulus","25/2534","167/18773",0.149700598802395,1.10904867455302,0.559153510254247,0.3202403459028,0.845070536988232,0.743710273132364,"ncl/nrp2a/acvr1l/cds2/ppp4cb/nup62l/tll1/flt4/cemip2/ppp1r12a/nrp2b/rerea/mynn/ngly1/acsl4a/cnpy1/mgaa/dusp6/nrp1b/cd63/spry4/snw1/smad9/znf703/nrros",25
"GO:0006638","neutral lipid metabolic process","9/2534","55/18773",0.163636363636364,1.21229102389323,0.622819486460451,0.321295877774664,0.847079516587232,0.745478289766355,"abhd16a/mboat7/cnep1r1/dgkza/lpin2/apobb.1/ctdnep1a/mgll/sbds",9
"GO:1901698","response to nitrogen compound","39/2534","267/18773",0.146067415730337,1.08213243705825,0.533940665479523,0.322490636366826,0.849388209914132,0.747510071575772,"hsp90b1/calr3b/calr/canx/hspa5/calr3a/faf2/psmc6/tmem259/pik3r2/agtrap/faf1/vcp/ube4b/gsk3ab/usp14/derl2/rap1b/rap1ab/inpp5ka/derl1/jak1/pik3r1/uggt1/prkci/uggt2/lpin2/ankzf1/man1b1a/rap1aa/edem1/insig1/os9/yod1/nr4a1/tmub2/ecpas/gnao1a/jak2a",39
"GO:0006909","phagocytosis","10/2534","62/18773",0.161290322580645,1.19491050742165,0.607241626158756,0.323541021014988,0.849388209914132,0.747510071575772,"sema3fb/elmo1/zgc:100918/rab14/mertka/anxa11a/ywhaba/sema3fa/rab34a/atp6v0a1a",10
"GO:0001885","endothelial cell development","5/2534","28/18773",0.178571428571429,1.32293663321682,0.67551118384127,0.324531792603524,0.849388209914132,0.747510071575772,"tll1/mib1/ilk/tjp1a/fbn2b",5
"GO:0006505","GPI anchor metabolic process","5/2534","28/18773",0.178571428571429,1.32293663321682,0.67551118384127,0.324531792603524,0.849388209914132,0.747510071575772,"dpm1/pigk/pigu/pigp/pigc",5
"GO:0032474","otolith morphogenesis","5/2534","28/18773",0.178571428571429,1.32293663321682,0.67551118384127,0.324531792603524,0.849388209914132,0.747510071575772,"npc1/slc26a2/gas8/ttc39c/cep290",5
"GO:0048368","lateral mesoderm development","5/2534","28/18773",0.178571428571429,1.32293663321682,0.67551118384127,0.324531792603524,0.849388209914132,0.747510071575772,"ncln/acvr1l/atp6ap1b/nomo/lamb1a",5
"GO:0048920","posterior lateral line neuromast primordium migration","5/2534","28/18773",0.178571428571429,1.32293663321682,0.67551118384127,0.324531792603524,0.849388209914132,0.747510071575772,"esr1/tgfb1a/mib1/hoxb8a/ctnnd1",5
"GO:0050982","detection of mechanical stimulus","5/2534","28/18773",0.178571428571429,1.32293663321682,0.67551118384127,0.324531792603524,0.849388209914132,0.747510071575772,"myo7aa/stx4/pigk/pigu/myo6b",5
"GO:0030258","lipid modification","19/2534","125/18773",0.152,1.12608366219416,0.558697371474571,0.325299015398667,0.850459409344458,0.748452788172834,"acadl/hadhb/hadhab/etfa/gcdha/mboat7/tpte/plpp5/inpp5ka/hacl1/mtmr6/echs1/acox1/decr1/ech1/acadm/lpcat3/pip4p1b/ptenb",19
"GO:0002088","lens development in camera-type eye","18/2534","118/18773",0.152542372881356,1.13010180193437,0.560022693139974,0.325896413004945,0.850459409344458,0.748452788172834,"hsf1/psmc3/dnmt1/mia3/uhrf1/psmd6/celf1/cdipt/copz1/atf4a/inpp5ka/mia2/itga5/tapt1a/sipa1l3/rbm42/ptk2ab/pax6b",18
"GO:0003015","heart process","29/2534","196/18773",0.147959183673469,1.09614749609394,0.534511632263322,0.326464139157126,0.850459409344458,0.748452788172834,"hspd1/adma/dlst/chd7/apex1/atp2a2b/emd/vcp/tango2/strip1/bag3/dsc2l/vezf1b/tbx2b/rbfox1/tmem161b/vapb/ankhd1/bin1b/tnnt2c/erp44/crip2/ogdhb/ilk/desma/surf1/lims1/ogdha/adrb2a",29
"GO:0051235","maintenance of location","14/2534","90/18773",0.155555555555556,1.1524248004911,0.572575182525313,0.326912723507781,0.850459409344458,0.748452788172834,"kdelr2b/npc1/rer1/aplnrb/twf1b/selenon/kdelr3/itpr3/vps13a/kdelr2a/insig1/zgc:113426/si:ch211-11n16.2/nrros",14
"GO:0006650","glycerophospholipid metabolic process","28/2534","189/18773",0.148148148148148,1.09754742903914,0.532422093118822,0.327737344578059,0.850459409344458,0.748452788172834,"dpm1/dnajc19/abhd16a/cds2/pcyt1aa/mboat7/zgc:158659/pigk/tpte/pcyt1ab/cdipt/inpp5ka/dgkza/mtmr6/crls1/pik3cg/lpcat3/pcyt2/pigu/pip4k2ca/pik3c2b/efr3bb/pigp/pik3c2a/pigc/pip4p1b/ptenb/ptdss2",28
"GO:0006767","water-soluble vitamin metabolic process","3/2534","15/18773",0.2,1.48168902920284,0.737221608089218,0.330035328784454,0.850459409344458,0.748452788172834,"mmachc/tpk1/rfk",3
"GO:0007611","learning or memory","3/2534","15/18773",0.2,1.48168902920284,0.737221608089218,0.330035328784454,0.850459409344458,0.748452788172834,"ap2s1/adgrl3.1/pcxa",3
"GO:0009262","deoxyribonucleotide metabolic process","3/2534","15/18773",0.2,1.48168902920284,0.737221608089218,0.330035328784454,0.850459409344458,0.748452788172834,"dut/rrm2/dtymk",3
"GO:0032292","peripheral nervous system axon ensheathment","3/2534","15/18773",0.2,1.48168902920284,0.737221608089218,0.330035328784454,0.850459409344458,0.748452788172834,"chd7/tnfrsf1b/sptan1",3
"GO:0032885","regulation of polysaccharide biosynthetic process","3/2534","15/18773",0.2,1.48168902920284,0.737221608089218,0.330035328784454,0.850459409344458,0.748452788172834,"inpp5ka/ppp1r3cb/kctd10",3
"GO:0035268","protein mannosylation","3/2534","15/18773",0.2,1.48168902920284,0.737221608089218,0.330035328784454,0.850459409344458,0.748452788172834,"dpm1/large2/tmtc2b",3
"GO:0035269","protein O-linked mannosylation","3/2534","15/18773",0.2,1.48168902920284,0.737221608089218,0.330035328784454,0.850459409344458,0.748452788172834,"dpm1/large2/tmtc2b",3
"GO:0035907","dorsal aorta development","3/2534","15/18773",0.2,1.48168902920284,0.737221608089218,0.330035328784454,0.850459409344458,0.748452788172834,"dlc/notch1a/gata2a",3
"GO:0042116","macrophage activation","3/2534","15/18773",0.2,1.48168902920284,0.737221608089218,0.330035328784454,0.850459409344458,0.748452788172834,"kars1/sgsh/grnb",3
"GO:0048742","regulation of skeletal muscle fiber development","3/2534","15/18773",0.2,1.48168902920284,0.737221608089218,0.330035328784454,0.850459409344458,0.748452788172834,"hnrnpl2/prmt5/neu1",3
"GO:0060837","blood vessel endothelial cell differentiation","3/2534","15/18773",0.2,1.48168902920284,0.737221608089218,0.330035328784454,0.850459409344458,0.748452788172834,"stab2/dlc/nr2f2",3
"GO:0097502","mannosylation","3/2534","15/18773",0.2,1.48168902920284,0.737221608089218,0.330035328784454,0.850459409344458,0.748452788172834,"dpm1/large2/tmtc2b",3
"GO:0009314","response to radiation","26/2534","175/18773",0.148571428571429,1.1006832788364,0.528593952366111,0.330258290950713,0.850459409344458,0.748452788172834,"atp6v0e1/tp53/chd7/mapk14a/lsm7/si:dkey-9i23.15/dlat/xrcc6/pold3/rnf8/cyp20a1/badb/xrcc5/atp5if1a/psen1/sf3b4/nr3c1/nabp1a/mta1/lamb1a/vps18/ercc8/ciao2a/ddb2/cry3b/inip",26
"GO:0043094","cellular metabolic compound salvage","6/2534","35/18773",0.171428571428571,1.27001916788815,0.631605548585962,0.331790876666371,0.853642478929832,0.751254070961813,"uck2b/adi1/uck2a/adka/hprt1/aprt",6
"GO:0015804","neutral amino acid transport","7/2534","42/18773",0.166666666666667,1.23474085766903,0.601605485345477,0.336386955335383,0.86392332240015,0.760301799607744,"slc38a7/slc38a2/slc43a1a/slc38a3b/slc6a9/ctns/mfsd12a",7
"GO:1901532","regulation of hematopoietic progenitor cell differentiation","7/2534","42/18773",0.166666666666667,1.23474085766903,0.601605485345477,0.336386955335383,0.86392332240015,0.760301799607744,"tnfrsf1b/ddx46/nr3c1/cdca7a/nfkbiaa/fgfr4/dnmt3bb.1",7
"GO:0048882","lateral line development","19/2534","126/18773",0.150793650793651,1.11714649027198,0.521181517281654,0.338417889746895,0.868283573352164,0.76413906914267,"canx/setb/pho/atp6v0d1/top2b/socs3a/htt/slc26a2/edn1/esr1/fzd7a/tgfb1a/mib1/hoxb8a/mcoln1a/rtn4a/vangl2/ctnnd1/ptpn11a",19
"GO:0021954","central nervous system neuron development","8/2534","49/18773",0.163265306122449,1.20954206465538,0.580161465831746,0.339333478936089,0.868283573352164,0.76413906914267,"ewsr1a/htt/sfpq/lgr4/dtymk/mapk3/cdk5/ewsr1b",8
"GO:0048738","cardiac muscle tissue development","17/2534","112/18773",0.151785714285714,1.1244961382343,0.522007054558525,0.340336742738649,0.868283573352164,0.76413906914267,"tomm70a/ddx39ab/vcp/gsk3ab/aplnrb/neb/smarca4a/cemip2/rbx1/rbfox1/itgb1b/mat2aa/ndrg4/ilk/nr2f2/hdac1/opa1",17
"GO:0043123","positive regulation of canonical NF-kappaB signal transduction","9/2534","56/18773",0.160714285714286,1.19064296989514,0.564385211438236,0.341188825959901,0.868283573352164,0.76413906914267,"mtdhb/ube2nb/tab2/map3k7/shrprbck1r/akap13/mtdha/brd4/ikbkb",9
"GO:0007052","mitotic spindle organization","10/2534","63/18773",0.158730158730159,1.17594367397051,0.552568310290779,0.342287133546186,0.868283573352164,0.76413906914267,"rcc1/vcp/pcnt/bccip/ewsr1a/plk3/tprb/clasp2/racgap1/abraxas2",10
"GO:0051651","maintenance of location in cell","10/2534","63/18773",0.158730158730159,1.17594367397051,0.552568310290779,0.342287133546186,0.868283573352164,0.76413906914267,"kdelr2b/rer1/aplnrb/twf1b/selenon/kdelr3/itpr3/vps13a/kdelr2a/insig1",10
"GO:0008016","regulation of heart contraction","13/2534","84/18773",0.154761904761905,1.14654508212125,0.531736896873672,0.34283900685106,0.868283573352164,0.76413906914267,"hspd1/adma/chd7/atp2a2b/emd/vezf1b/tbx2b/tmem161b/vapb/erp44/ilk/desma/adrb2a",13
"GO:0008360","regulation of cell shape","11/2534","70/18773",0.157142857142857,1.1641842372308,0.543630456616825,0.34284098979437,0.868283573352164,0.76413906914267,"palm1a/myh9a/nf2b/msna/myh9b/ppp1r12a/fmnl3/brwd3/rac1a/cyfip1/cdc42ep1a",11
"GO:0043491","phosphatidylinositol 3-kinase/protein kinase B signal transduction","11/2534","70/18773",0.157142857142857,1.1641842372308,0.543630456616825,0.34284098979437,0.868283573352164,0.76413906914267,"zgc:158659/igf1rb/inpp5ka/acsl4a/pik3cg/btbd10a/pik3c2b/pik3c2a/ptenb/lims1/pdgfbb",11
"GO:0055088","lipid homeostasis","11/2534","70/18773",0.157142857142857,1.1641842372308,0.543630456616825,0.34284098979437,0.868283573352164,0.76413906914267,"mtch2/npc1/stab2/psmd10/nfkb2/apobb.1/nr1h3/apoeb/lamtor1/fis1/stab1",11
"GO:1990266","neutrophil migration","11/2534","70/18773",0.157142857142857,1.1641842372308,0.543630456616825,0.34284098979437,0.868283573352164,0.76413906914267,"hspd1/lyn/ddx3xb/jagn1b/lta4h/cul1a/pik3cg/rac1a/srp54/il6r/nsmaf",11
"GO:0000070","mitotic sister chromatid segregation","12/2534","77/18773",0.155844155844156,1.15456287989832,0.536852711784162,0.342992205246098,0.868283573352164,0.76413906914267,"rcc1/seh1l/bccip/ska2/ewsr1a/tprb/clasp2/mis12/racgap1/anapc5/anapc11/abraxas2",12
"GO:0001754","eye photoreceptor cell differentiation","12/2534","77/18773",0.155844155844156,1.15456287989832,0.536852711784162,0.342992205246098,0.868283573352164,0.76413906914267,"pcdh17/chd7/sigmar1/cdipt/rpgrb/tbx2b/dctn1a/znf644a/cdh2/odc1/mafba/cep290",12
"GO:1903706","regulation of hemopoiesis","12/2534","77/18773",0.155844155844156,1.15456287989832,0.536852711784162,0.342992205246098,0.868283573352164,0.76413906914267,"phf6/kdm1a/qki2/lpar2a/zmiz1a/nipblb/ddx46/brd4/ambra1b/qkia/irf2bp2b/opa1",12
"GO:0000132","establishment of mitotic spindle orientation","4/2534","22/18773",0.181818181818182,1.34699002654804,0.643272599457959,0.345021329598776,0.868283573352164,0.76413906914267,"dctn1a/prkci/vangl2/pafah1b1b",4
"GO:0001101","response to acid chemical","4/2534","22/18773",0.181818181818182,1.34699002654804,0.643272599457959,0.345021329598776,0.868283573352164,0.76413906914267,"lamtor4/lamtor2/lamtor3/lamtor1",4
"GO:0003179","heart valve morphogenesis","4/2534","22/18773",0.181818181818182,1.34699002654804,0.643272599457959,0.345021329598776,0.868283573352164,0.76413906914267,"rad21a/cemip2/gata2a/fbn2b",4
"GO:0031297","replication fork processing","4/2534","22/18773",0.181818181818182,1.34699002654804,0.643272599457959,0.345021329598776,0.868283573352164,0.76413906914267,"parp1/tipin/atrxl/atrx",4
"GO:0033338","medial fin development","4/2534","22/18773",0.181818181818182,1.34699002654804,0.643272599457959,0.345021329598776,0.868283573352164,0.76413906914267,"acvr1l/tll1/cdh2/atp6v1e1b",4
"GO:0034764","positive regulation of transmembrane transport","4/2534","22/18773",0.181818181818182,1.34699002654804,0.643272599457959,0.345021329598776,0.868283573352164,0.76413906914267,"aplnrb/akt2/azin1b/azin1a",4
"GO:0043200","response to amino acid","4/2534","22/18773",0.181818181818182,1.34699002654804,0.643272599457959,0.345021329598776,0.868283573352164,0.76413906914267,"lamtor4/lamtor2/lamtor3/lamtor1",4
"GO:0045995","regulation of embryonic development","4/2534","22/18773",0.181818181818182,1.34699002654804,0.643272599457959,0.345021329598776,0.868283573352164,0.76413906914267,"igf2bp3/cactin/zeb1b/nr2c2",4
"GO:1901659","glycosyl compound biosynthetic process","4/2534","22/18773",0.181818181818182,1.34699002654804,0.643272599457959,0.345021329598776,0.868283573352164,0.76413906914267,"tyw1/adka/hprt1/aprt",4
"GO:0001947","heart looping","21/2534","141/18773",0.148936170212766,1.10338544727871,0.486763681032941,0.348779979459348,0.876976035688613,0.771788931793749,"ncl/rad21a/chd7/acvr1l/apex1/atp6ap1b/mia3/gsk3ab/ube2ib/atp6v0d1/ep300b/smarca4a/cemip2/ep300a/tbx2b/vdrb/sap30l/mia2/mgaa/ndrg4/kctd10",21
"GO:0001841","neural tube formation","5/2534","29/18773",0.172413793103448,1.27731812862314,0.590371058564737,0.352813159206146,0.882492689274104,0.776643901604273,"htt/nin/cdh2/prkci/vangl2",5
"GO:0003073","regulation of systemic arterial blood pressure","5/2534","29/18773",0.172413793103448,1.27731812862314,0.590371058564737,0.352813159206146,0.882492689274104,0.776643901604273,"adma/avpr1ab/edn1/prcp/adrb2a",5
"GO:0048883","neuromast primordium migration","5/2534","29/18773",0.172413793103448,1.27731812862314,0.590371058564737,0.352813159206146,0.882492689274104,0.776643901604273,"esr1/tgfb1a/mib1/hoxb8a/ctnnd1",5
"GO:0051588","regulation of neurotransmitter transport","5/2534","29/18773",0.172413793103448,1.27731812862314,0.590371058564737,0.352813159206146,0.882492689274104,0.776643901604273,"slc38a2/rap1b/rap1ab/rap1aa/caska",5
"GO:0098727","maintenance of cell number","5/2534","29/18773",0.172413793103448,1.27731812862314,0.590371058564737,0.352813159206146,0.882492689274104,0.776643901604273,"celsr1a/cnot3a/cnot3b/cdh2/cnot2",5
"GO:1901800","positive regulation of proteasomal protein catabolic process","5/2534","29/18773",0.172413793103448,1.27731812862314,0.590371058564737,0.352813159206146,0.882492689274104,0.776643901604273,"tmem259/gsk3ab/dda1/csnk1db/fzr1b",5
"GO:0051054","positive regulation of DNA metabolic process","6/2534","36/18773",0.166666666666667,1.23474085766903,0.55688926494348,0.357151927847457,0.892569791903497,0.785512326689354,"ube2nb/hdgfl2/actr2a/pias4a/rnf8/nek7",6
"GO:0006906","vesicle fusion","14/2534","92/18773",0.152173913043478,1.12737208743694,0.483779049482742,0.35813482577275,0.894249924891368,0.786990939549011,"uso1/yipf5/stx4/zgc:100918/snap29/gosr2/bet1/sybl1/uvrag/sec22ba/stx5a/vps39/rab34a/si:ch211-266g18.9",14
"GO:0022604","regulation of cell morphogenesis","13/2534","85/18773",0.152941176470588,1.13305631644923,0.485671348330418,0.359181069812525,0.894852149549933,0.787520931597846,"palm1a/myh9a/nf2b/strip1/msna/myh9b/ppp1r12a/fmnl3/brwd3/rac1a/cyfip1/cdc42ep1a/si:dkey-40c11.2",13
"GO:0050920","regulation of chemotaxis","7/2534","43/18773",0.162790697674419,1.20602595400231,0.534276669490473,0.359565456843753,0.894852149549933,0.787520931597846,"hspd1/lyn/nop56/oxsr1a/efnb2a/akirin1/il6r",7
"GO:0014032","neural crest cell development","22/2534","149/18773",0.147651006711409,1.09386438397525,0.454398013522025,0.359619290388771,0.894852149549933,0.787520931597846,"nrp2a/sema3ab/chd7/sema3fb/pef1/esf1/rcc2/ctr9/smarca4a/fscn1a/nrp2b/paf1/acvr2aa/cdh2/tfap2c/kbtbd8/nrp1b/sema4c/pax6b/sema3fa/dmxl2/atp6v0a1a",22
"GO:0048864","stem cell development","22/2534","149/18773",0.147651006711409,1.09386438397525,0.454398013522025,0.359619290388771,0.894852149549933,0.787520931597846,"nrp2a/sema3ab/chd7/sema3fb/pef1/esf1/rcc2/ctr9/smarca4a/fscn1a/nrp2b/paf1/acvr2aa/cdh2/tfap2c/kbtbd8/nrp1b/sema4c/pax6b/sema3fa/dmxl2/atp6v0a1a",22
"GO:0061515","myeloid cell development","12/2534","78/18773",0.153846153846154,1.13976079169449,0.488594817184417,0.360078445748819,0.895220937228712,0.787845485789843,"tp53/eif1axb/npc1/tert/rnf145b/jmjd1cb/nlrc3l/smad9/gata2a/ptenb/slc48a1b/nrros",12
"GO:0021515","cell differentiation in spinal cord","10/2534","64/18773",0.15625,1.15756955406472,0.498787938009141,0.361207247941427,0.896974832344887,0.789389013529604,"cox5ab/sfpq/igf1rb/dlc/mib1/zc4h2/notch1a/surf1/gata2a/cox5aa",10
"GO:0170033","L-amino acid metabolic process","21/2534","142/18773",0.147887323943662,1.09561512722745,0.451784819123589,0.361407018242469,0.896974832344887,0.789389013529604,"aldh18a1/dlst/nit2/got2b/psat1/tdh/ctps1a/gcsha/sephs1/cbsb/adi1/glud1b/aasdhppt/phgdh/psph/pycr1b/amt/glulb/agxta/ivd/tha1",21
"GO:0015748","organophosphate ester transport","18/2534","121/18773",0.148760330578512,1.10208274899385,0.445001295782138,0.366810464403446,0.899398056770348,0.791521589238306,"triap1/atp11a/prelid1b/slc37a2/tmem30aa/pitpnaa/abca1a/slc25a36a/slc17a9b/slc35b4/slc35d1a/slc35c1/abca1b/pitpnb/pitpnbl/apoeb/slc35b3/mfsd2ab",18
"GO:0022407","regulation of cell-cell adhesion","17/2534","114/18773",0.149122807017544,1.10476813580914,0.443216986746904,0.36861305241396,0.899398056770348,0.791521589238306,"hspd1/cd276/acvr1l/hs2st1a/htt/zgc:153631/gna13a/appb/brd4/zeb1b/ambra1b/gna12a/tet3/flot1b/si:dkey-169i5.4/znf703/opa1",17
"GO:0003159","morphogenesis of an endothelium","3/2534","16/18773",0.1875,1.38908346487766,0.615035259095406,0.369256166412835,0.899398056770348,0.791521589238306,"msna/sh3gl3b/rasa3",3
"GO:0006509","membrane protein ectodomain proteolysis","3/2534","16/18773",0.1875,1.38908346487766,0.615035259095406,0.369256166412835,0.899398056770348,0.791521589238306,"psen2/psen1/rbmx",3
"GO:0014074","response to purine-containing compound","3/2534","16/18773",0.1875,1.38908346487766,0.615035259095406,0.369256166412835,0.899398056770348,0.791521589238306,"rap1b/rap1ab/rap1aa",3
"GO:0019377","glycolipid catabolic process","3/2534","16/18773",0.1875,1.38908346487766,0.615035259095406,0.369256166412835,0.899398056770348,0.791521589238306,"hexa/neu1/asah1b",3
"GO:0019748","secondary metabolic process","3/2534","16/18773",0.1875,1.38908346487766,0.615035259095406,0.369256166412835,0.899398056770348,0.791521589238306,"arl1/ddt/mfsd12a",3
"GO:0030497","fatty acid elongation","3/2534","16/18773",0.1875,1.38908346487766,0.615035259095406,0.369256166412835,0.899398056770348,0.791521589238306,"elovl1b/hacd3/elovl8b",3
"GO:0039531","regulation of cytoplasmic pattern recognition receptor signaling pathway","3/2534","16/18773",0.1875,1.38908346487766,0.615035259095406,0.369256166412835,0.899398056770348,0.791521589238306,"gramd4b/trim25/nek7",3
"GO:0042451","purine nucleoside biosynthetic process","3/2534","16/18773",0.1875,1.38908346487766,0.615035259095406,0.369256166412835,0.899398056770348,0.791521589238306,"adka/hprt1/aprt",3
"GO:0042455","ribonucleoside biosynthetic process","3/2534","16/18773",0.1875,1.38908346487766,0.615035259095406,0.369256166412835,0.899398056770348,0.791521589238306,"adka/hprt1/aprt",3
"GO:0046129","purine ribonucleoside biosynthetic process","3/2534","16/18773",0.1875,1.38908346487766,0.615035259095406,0.369256166412835,0.899398056770348,0.791521589238306,"adka/hprt1/aprt",3
"GO:0046479","glycosphingolipid catabolic process","3/2534","16/18773",0.1875,1.38908346487766,0.615035259095406,0.369256166412835,0.899398056770348,0.791521589238306,"hexa/neu1/asah1b",3
"GO:0046634","regulation of alpha-beta T cell activation","3/2534","16/18773",0.1875,1.38908346487766,0.615035259095406,0.369256166412835,0.899398056770348,0.791521589238306,"zgc:153631/brd4/opa1",3
"GO:0046683","response to organophosphorus","3/2534","16/18773",0.1875,1.38908346487766,0.615035259095406,0.369256166412835,0.899398056770348,0.791521589238306,"rap1b/rap1ab/rap1aa",3
"GO:0048936","peripheral nervous system neuron axonogenesis","3/2534","16/18773",0.1875,1.38908346487766,0.615035259095406,0.369256166412835,0.899398056770348,0.791521589238306,"ngly1/rtn4a/notch1a",3
"GO:0060030","dorsal convergence","3/2534","16/18773",0.1875,1.38908346487766,0.615035259095406,0.369256166412835,0.899398056770348,0.791521589238306,"acvr1l/cdh2/vangl2",3
"GO:0061074","regulation of neural retina development","3/2534","16/18773",0.1875,1.38908346487766,0.615035259095406,0.369256166412835,0.899398056770348,0.791521589238306,"ccnd1/atp6v1h/ube3d",3
"GO:0061154","endothelial tube morphogenesis","3/2534","16/18773",0.1875,1.38908346487766,0.615035259095406,0.369256166412835,0.899398056770348,0.791521589238306,"msna/sh3gl3b/rasa3",3
"GO:0072554","blood vessel lumenization","3/2534","16/18773",0.1875,1.38908346487766,0.615035259095406,0.369256166412835,0.899398056770348,0.791521589238306,"msna/sh3gl3b/rasa3",3
"GO:1901570","fatty acid derivative biosynthetic process","3/2534","16/18773",0.1875,1.38908346487766,0.615035259095406,0.369256166412835,0.899398056770348,0.791521589238306,"elovl1b/acsl1b/gcdha",3
"GO:2000300","regulation of synaptic vesicle exocytosis","3/2534","16/18773",0.1875,1.38908346487766,0.615035259095406,0.369256166412835,0.899398056770348,0.791521589238306,"rap1b/rap1ab/rap1aa",3
"GO:0044272","sulfur compound biosynthetic process","16/2534","107/18773",0.149532710280374,1.10780488164698,0.441757185509998,0.370407307700653,0.90143925517344,0.793317960257571,"elovl1b/pdhb/gclm/acsl1b/pdha1a/gcdha/dlat/hs2st1a/cbsb/adi1/tpk1/csgalnact1a/mat2aa/acss2/bckdk/hs6st1a",16
"GO:0060485","mesenchyme development","36/2534","251/18773",0.143426294820717,1.06256583767534,0.394193193902384,0.374058805617744,0.909556842376254,0.800461900001698,"cnbpa/nrp2a/ncln/sema3ab/chd7/acvr1l/sema3fb/pef1/atp6ap1b/esf1/rcc2/edn1/ctr9/smarca4a/cemip2/fmr1/nomo/fscn1a/nrp2b/dlc/paf1/acvr2aa/cdh2/slc39a6/tfap2c/kbtbd8/nrp1b/lamb1a/sema4c/pknox1.1/snw1/snai1a/pax6b/sema3fa/dmxl2/atp6v0a1a",36
"GO:0031347","regulation of defense response","25/2534","172/18773",0.145348837209302,1.07680888750206,0.399748174406181,0.377487360446271,0.909610525588026,0.800509144290005,"cnbpa/pycard/parp1/cnbpb/metrnla/pias4a/gramd4b/lgr4/dpp9/uba1/trafd1/tbk1/atp5if1a/zdhhc9/brd4/spata2/caspa/tlr5a/grnb/ufl1/nlrc3l/n4bp1/trim25/tlr5b/nek7",25
"GO:0007520","myoblast fusion","4/2534","23/18773",0.173913043478261,1.28842524278508,0.546733249175122,0.37755629665776,0.909610525588026,0.800509144290005,"mapk14a/crk/kirrel3l/rac1a",4
"GO:0030838","positive regulation of actin filament polymerization","4/2534","23/18773",0.173913043478261,1.28842524278508,0.546733249175122,0.37755629665776,0.909610525588026,0.800509144290005,"nck1b/baiap2a/cdc42ep1a/evla",4
"GO:0032011","ARF protein signal transduction","4/2534","23/18773",0.173913043478261,1.28842524278508,0.546733249175122,0.37755629665776,0.909610525588026,0.800509144290005,"iqsec1b/gbf1/git2b/arfgef1",4
"GO:0032012","regulation of ARF protein signal transduction","4/2534","23/18773",0.173913043478261,1.28842524278508,0.546733249175122,0.37755629665776,0.909610525588026,0.800509144290005,"iqsec1b/gbf1/git2b/arfgef1",4
"GO:0032506","cytokinetic process","4/2534","23/18773",0.173913043478261,1.28842524278508,0.546733249175122,0.37755629665776,0.909610525588026,0.800509144290005,"iqgap2/dchs1b/iqgap1/anxa11a",4
"GO:0048754","branching morphogenesis of an epithelial tube","4/2534","23/18773",0.173913043478261,1.28842524278508,0.546733249175122,0.37755629665776,0.909610525588026,0.800509144290005,"sema3ab/spns2/tars1/sars1",4
"GO:0061009","common bile duct development","4/2534","23/18773",0.173913043478261,1.28842524278508,0.546733249175122,0.37755629665776,0.909610525588026,0.800509144290005,"atp6ap2/ilf2/dnmt1/arf6b",4
"GO:0097237","cellular response to toxic substance","4/2534","23/18773",0.173913043478261,1.28842524278508,0.546733249175122,0.37755629665776,0.909610525588026,0.800509144290005,"prdx1/prdx6/sod2/park7",4
"GO:1904263","positive regulation of TORC1 signaling","4/2534","23/18773",0.173913043478261,1.28842524278508,0.546733249175122,0.37755629665776,0.909610525588026,0.800509144290005,"seh1l/lamtor4/lamtor2/lamtor3",4
"GO:1990748","cellular detoxification","4/2534","23/18773",0.173913043478261,1.28842524278508,0.546733249175122,0.37755629665776,0.909610525588026,0.800509144290005,"prdx1/prdx6/sod2/park7",4
"GO:0000302","response to reactive oxygen species","5/2534","30/18773",0.166666666666667,1.23474085766903,0.508286644962502,0.381193202792112,0.912031044492685,0.802639338986085,"prdx1/gpx1a/txndc12/sod2/park7",5
"GO:0002687","positive regulation of leukocyte migration","5/2534","30/18773",0.166666666666667,1.23474085766903,0.508286644962502,0.381193202792112,0.912031044492685,0.802639338986085,"asap1a/oxsr1a/zgc:153631/akirin1/il6r",5
"GO:0060872","semicircular canal development","5/2534","30/18773",0.166666666666667,1.23474085766903,0.508286644962502,0.381193202792112,0.912031044492685,0.802639338986085,"psmc3/igf1rb/arf1/cdh2/wls",5
"GO:0120034","positive regulation of plasma membrane bounded cell projection assembly","5/2534","30/18773",0.166666666666667,1.23474085766903,0.508286644962502,0.381193202792112,0.912031044492685,0.802639338986085,"akirin1/tapt1a/nrp1b/selenow2a/cdc42ep1a",5
"GO:0033059","cellular pigmentation","9/2534","58/18773",0.155172413793103,1.14958631576083,0.450702413839401,0.381470921708631,0.912031044492685,0.802639338986085,"atp6ap1b/rab32a/atp6v0d1/ube3d/bloc1s1/nsfb/rab11a/vps18/bbip1",9
"GO:0072593","reactive oxygen species metabolic process","9/2534","58/18773",0.155172413793103,1.14958631576083,0.450702413839401,0.381470921708631,0.912031044492685,0.802639338986085,"prdx1/gpx1a/prdx4/prdx3/txndc12/prdx5/sh3pxd2b/sod2/park7",9
"GO:0002062","chondrocyte differentiation","6/2534","37/18773",0.162162162162162,1.20136948313744,0.484322912927875,0.382629862707053,0.912031044492685,0.802639338986085,"nup62l/ewsr1a/hcfc1b/pmm2/gnptab/sox6",6
"GO:0046854","phosphatidylinositol phosphate biosynthetic process","6/2534","37/18773",0.162162162162162,1.20136948313744,0.484322912927875,0.382629862707053,0.912031044492685,0.802639338986085,"zgc:158659/pik3cg/pip4k2ca/pik3c2b/efr3bb/pik3c2a",6
"GO:0031401","positive regulation of protein modification process","7/2534","44/18773",0.159090909090909,1.17861627322953,0.468564092550407,0.382868344503997,0.912031044492685,0.802639338986085,"ndfip1l/pef1/ube2d1b/mib1/birc2/fzr1b/ndfip1",7
"GO:0051146","striated muscle cell differentiation","35/2534","245/18773",0.142857142857143,1.05834930657346,0.363147791671295,0.386047617956375,0.912031044492685,0.802639338986085,"hspd1/tomm70a/ddx39ab/qki2/mapk14a/vcp/tango2/gsk3ab/hnrnpl2/dag1/neb/crk/tmod2/kirrel3l/selenon/inpp5ka/prmt5/itgb1b/myo9aa/acta1b/neu1/ambra1b/vangl2/tnnt2c/tnnt3b/mef2aa/mat2aa/qkia/rac1a/mybpc2b/ilk/spry4/desma/nr2f2/opa1",35
"GO:0009063","amino acid catabolic process","14/2534","94/18773",0.148936170212766,1.10338544727871,0.39694054703937,0.389825104810854,0.912031044492685,0.802639338986085,"dlst/got2b/tdh/hibadhb/gcsha/bckdha/bckdhb/glud1b/aldh6a1/blmh/enosf1/amt/ivd/tha1",14
"GO:0090174","organelle membrane fusion","14/2534","94/18773",0.148936170212766,1.10338544727871,0.39694054703937,0.389825104810854,0.912031044492685,0.802639338986085,"uso1/yipf5/stx4/zgc:100918/snap29/gosr2/bet1/sybl1/uvrag/sec22ba/stx5a/vps39/rab34a/si:ch211-266g18.9",14
"GO:0060828","regulation of canonical Wnt signaling pathway","19/2534","130/18773",0.146153846153846,1.08277275210977,0.37409345395202,0.39194980035956,0.912031044492685,0.802639338986085,"tmem88a/tmem88b/nup62l/gsk3ab/jade1/hs2st1a/lgr4/rnf25/stk3/rnf146/nipblb/psen1/csnk1db/frmd8/vangl2/tle2a/gskip/znf703/dmxl2",19
"GO:0006664","glycolipid metabolic process","11/2534","73/18773",0.150684931506849,1.1163410493994,0.393416473148978,0.396981129557037,0.912031044492685,0.802639338986085,"dpm1/pigk/st3gal5/smpd5/hexa/neu1/pigu/b4galt6/asah1b/pigp/pigc",11
"GO:1903509","liposaccharide metabolic process","11/2534","73/18773",0.150684931506849,1.1163410493994,0.393416473148978,0.396981129557037,0.912031044492685,0.802639338986085,"dpm1/pigk/st3gal5/smpd5/hexa/neu1/pigu/b4galt6/asah1b/pigp/pigc",11
"GO:0007519","skeletal muscle tissue development","22/2534","152/18773",0.144736842105263,1.07227495534416,0.353416696496074,0.3970032372171,0.912031044492685,0.802639338986085,"kif5ba/tango2/hnrnpl2/dag1/bag3/selenon/inpp5ka/prmt5/myo9aa/ngly1/acta1b/marcksb/neu1/sox6/ambra1b/golga2/qkia/dnajb6a/spry4/desma/myl1/ldb3a",22
"GO:0055002","striated muscle cell development","30/2534","210/18773",0.142857142857143,1.05834930657346,0.335892418502192,0.3985542754153,0.912031044492685,0.802639338986085,"hspd1/tomm70a/qki2/vcp/tango2/gsk3ab/hnrnpl2/dag1/neb/tmod2/selenon/inpp5ka/prmt5/itgb1b/myo9aa/acta1b/neu1/ambra1b/vangl2/tnnt2c/tnnt3b/mef2aa/mat2aa/qkia/mybpc2b/ilk/spry4/desma/nr2f2/opa1",30
"GO:0002275","myeloid cell activation involved in immune response","2/2534","10/18773",0.2,1.48168902920284,0.601858714131388,0.399441918315809,0.912031044492685,0.802639338986085,"kars1/ptenb",2
"GO:0003382","epithelial cell morphogenesis","2/2534","10/18773",0.2,1.48168902920284,0.601858714131388,0.399441918315809,0.912031044492685,0.802639338986085,"marcksb/sipa1l3",2
"GO:0006582","melanin metabolic process","2/2534","10/18773",0.2,1.48168902920284,0.601858714131388,0.399441918315809,0.912031044492685,0.802639338986085,"ddt/mfsd12a",2
"GO:0006620","post-translational protein targeting to endoplasmic reticulum membrane","2/2534","10/18773",0.2,1.48168902920284,0.601858714131388,0.399441918315809,0.912031044492685,0.802639338986085,"sgta/sec63",2
"GO:0006670","sphingosine metabolic process","2/2534","10/18773",0.2,1.48168902920284,0.601858714131388,0.399441918315809,0.912031044492685,0.802639338986085,"sptlc2b/sptlc2a",2
"GO:0006689","ganglioside catabolic process","2/2534","10/18773",0.2,1.48168902920284,0.601858714131388,0.399441918315809,0.912031044492685,0.802639338986085,"hexa/neu1",2
"GO:0007164","establishment of tissue polarity","2/2534","10/18773",0.2,1.48168902920284,0.601858714131388,0.399441918315809,0.912031044492685,0.802639338986085,"vangl2/intu",2
"GO:0014004","microglia differentiation","2/2534","10/18773",0.2,1.48168902920284,0.601858714131388,0.399441918315809,0.912031044492685,0.802639338986085,"nlrc3l/nrros",2
"GO:0021999","neural plate anterior/posterior regionalization","2/2534","10/18773",0.2,1.48168902920284,0.601858714131388,0.399441918315809,0.912031044492685,0.802639338986085,"sfpq/bptf",2
"GO:0030242","autophagy of peroxisome","2/2534","10/18773",0.2,1.48168902920284,0.601858714131388,0.399441918315809,0.912031044492685,0.802639338986085,"wipi1/pik3r4",2
"GO:0030859","polarized epithelial cell differentiation","2/2534","10/18773",0.2,1.48168902920284,0.601858714131388,0.399441918315809,0.912031044492685,0.802639338986085,"cdh2/myo9aa",2
"GO:0031573","mitotic intra-S DNA damage checkpoint signaling","2/2534","10/18773",0.2,1.48168902920284,0.601858714131388,0.399441918315809,0.912031044492685,0.802639338986085,"mre11a/tipin",2
"GO:0032368","regulation of lipid transport","2/2534","10/18773",0.2,1.48168902920284,0.601858714131388,0.399441918315809,0.912031044492685,0.802639338986085,"npc1/abca1a",2
"GO:0032525","somite rostral/caudal axis specification","2/2534","10/18773",0.2,1.48168902920284,0.601858714131388,0.399441918315809,0.912031044492685,0.802639338986085,"rap1b/itga5",2
"GO:0032926","negative regulation of activin receptor signaling pathway","2/2534","10/18773",0.2,1.48168902920284,0.601858714131388,0.399441918315809,0.912031044492685,0.802639338986085,"ncln/nomo",2
"GO:0034334","adherens junction maintenance","2/2534","10/18773",0.2,1.48168902920284,0.601858714131388,0.399441918315809,0.912031044492685,0.802639338986085,"ctnna1/prkci",2
"GO:0034389","lipid droplet organization","2/2534","10/18773",0.2,1.48168902920284,0.601858714131388,0.399441918315809,0.912031044492685,0.802639338986085,"rab18b/si:ch211-11n16.2",2
"GO:0035020","regulation of Rac protein signal transduction","2/2534","10/18773",0.2,1.48168902920284,0.601858714131388,0.399441918315809,0.912031044492685,0.802639338986085,"robo4/arhgap24",2
"GO:0044550","secondary metabolite biosynthetic process","2/2534","10/18773",0.2,1.48168902920284,0.601858714131388,0.399441918315809,0.912031044492685,0.802639338986085,"ddt/mfsd12a",2
"GO:0046632","alpha-beta T cell differentiation","2/2534","10/18773",0.2,1.48168902920284,0.601858714131388,0.399441918315809,0.912031044492685,0.802639338986085,"brd4/opa1",2
"GO:0048318","axial mesoderm development","2/2534","10/18773",0.2,1.48168902920284,0.601858714131388,0.399441918315809,0.912031044492685,0.802639338986085,"tbx2b/cdh2",2
"GO:0048895","lateral line nerve glial cell differentiation","2/2534","10/18773",0.2,1.48168902920284,0.601858714131388,0.399441918315809,0.912031044492685,0.802639338986085,"gna13a/gna12a",2
"GO:0048937","lateral line nerve glial cell development","2/2534","10/18773",0.2,1.48168902920284,0.601858714131388,0.399441918315809,0.912031044492685,0.802639338986085,"gna13a/gna12a",2
"GO:0050819","negative regulation of coagulation","2/2534","10/18773",0.2,1.48168902920284,0.601858714131388,0.399441918315809,0.912031044492685,0.802639338986085,"anxa5b/pros1",2
"GO:0051315","attachment of mitotic spindle microtubules to kinetochore","2/2534","10/18773",0.2,1.48168902920284,0.601858714131388,0.399441918315809,0.912031044492685,0.802639338986085,"seh1l/ska2",2
"GO:0055012","ventricular cardiac muscle cell differentiation","2/2534","10/18773",0.2,1.48168902920284,0.601858714131388,0.399441918315809,0.912031044492685,0.802639338986085,"tomm70a/opa1",2
"GO:0060467","negative regulation of fertilization","2/2534","10/18773",0.2,1.48168902920284,0.601858714131388,0.399441918315809,0.912031044492685,0.802639338986085,"ptbp1a/dchs1b",2
"GO:0060468","prevention of polyspermy","2/2534","10/18773",0.2,1.48168902920284,0.601858714131388,0.399441918315809,0.912031044492685,0.802639338986085,"ptbp1a/dchs1b",2
"GO:0061158","3'-UTR-mediated mRNA destabilization","2/2534","10/18773",0.2,1.48168902920284,0.601858714131388,0.399441918315809,0.912031044492685,0.802639338986085,"sb:cb81/zfp36l1a",2
"GO:0061687","detoxification of inorganic compound","2/2534","10/18773",0.2,1.48168902920284,0.601858714131388,0.399441918315809,0.912031044492685,0.802639338986085,"txndc12/park7",2
"GO:0070365","hepatocyte differentiation","2/2534","10/18773",0.2,1.48168902920284,0.601858714131388,0.399441918315809,0.912031044492685,0.802639338986085,"socs3a/tbx2b",2
"GO:0071108","protein K48-linked deubiquitination","2/2534","10/18773",0.2,1.48168902920284,0.601858714131388,0.399441918315809,0.912031044492685,0.802639338986085,"ubxn1/yod1",2
"GO:0090329","regulation of DNA-templated DNA replication","2/2534","10/18773",0.2,1.48168902920284,0.601858714131388,0.399441918315809,0.912031044492685,0.802639338986085,"tipin/gmnn",2
"GO:1900151","regulation of nuclear-transcribed mRNA catabolic process, deadenylation-dependent decay","2/2534","10/18773",0.2,1.48168902920284,0.601858714131388,0.399441918315809,0.912031044492685,0.802639338986085,"sb:cb81/zfp36l1a",2
"GO:1901678","iron coordination entity transport","2/2534","10/18773",0.2,1.48168902920284,0.601858714131388,0.399441918315809,0.912031044492685,0.802639338986085,"abcb6b/slc48a1b",2
"GO:1902946","protein localization to early endosome","2/2534","10/18773",0.2,1.48168902920284,0.601858714131388,0.399441918315809,0.912031044492685,0.802639338986085,"nf2b/msna",2
"GO:1905477","positive regulation of protein localization to membrane","2/2534","10/18773",0.2,1.48168902920284,0.601858714131388,0.399441918315809,0.912031044492685,0.802639338986085,"mesd/mief1",2
"GO:2000514","regulation of CD4-positive, alpha-beta T cell activation","2/2534","10/18773",0.2,1.48168902920284,0.601858714131388,0.399441918315809,0.912031044492685,0.802639338986085,"brd4/opa1",2
"GO:0071599","otic vesicle development","9/2534","59/18773",0.152542372881356,1.13010180193437,0.395371119166824,0.401746096844603,0.912031044492685,0.802639338986085,"nono/npc1/shrprbck1r/vdrb/mib1/tfap2c/fgf10b/sox3/cep290",9
"GO:1903522","regulation of blood circulation","15/2534","102/18773",0.147058823529412,1.08947722735503,0.35793795426403,0.402849636700948,0.912031044492685,0.802639338986085,"hspd1/adma/chd7/atp2a2b/emd/avpr1ab/edn1/vezf1b/tbx2b/tmem161b/vapb/erp44/ilk/desma/adrb2a",15
"GO:0055001","muscle cell development","35/2534","247/18773",0.1417004048583,1.04977967656072,0.31109186490757,0.405764033737928,0.912031044492685,0.802639338986085,"hspd1/tomm70a/qki2/vcp/tango2/gsk3ab/fktn/hnrnpl2/dag1/gas8/dysf/neb/tmod2/selenon/inpp5ka/akap12b/prmt5/itgb1b/myo9aa/acta1b/neu1/ambra1b/vangl2/tnnt2c/tnnt3b/mef2aa/mat2aa/dyrk3/qkia/mybpc2b/ilk/spry4/desma/nr2f2/opa1",35
"GO:0007051","spindle organization","14/2534","95/18773",0.147368421052632,1.09177086362315,0.354225949395787,0.405777531079993,0.912031044492685,0.802639338986085,"mapre1a/rcc1/vcp/pcnt/bccip/ewsr1a/tubgcp3/plk3/csnk1db/tprb/clasp2/racgap1/mapre2/abraxas2",14
"GO:0003014","renal system process","7/2534","45/18773",0.155555555555556,1.1524248004911,0.404385084875928,0.406210064744118,0.912031044492685,0.802639338986085,"iqgap2/myh9a/cd164/ehd1a/cd2ap/ehd1b/ctns",7
"GO:0009636","response to toxic substance","7/2534","45/18773",0.155555555555556,1.1524248004911,0.404385084875928,0.406210064744118,0.912031044492685,0.802639338986085,"prdx1/prdx6/txndc12/blmh/sod2/slc22a18/park7",7
"GO:0001732","formation of cytoplasmic translation initiation complex","3/2534","17/18773",0.176470588235294,1.30737267282604,0.500839460932359,0.408031621601868,0.912031044492685,0.802639338986085,"eif5/eif3s10/eif3jb",3
"GO:0001776","leukocyte homeostasis","3/2534","17/18773",0.176470588235294,1.30737267282604,0.500839460932359,0.408031621601868,0.912031044492685,0.802639338986085,"sema3fb/sod2/sema3fa",3
"GO:0006241","CTP biosynthetic process","3/2534","17/18773",0.176470588235294,1.30737267282604,0.500839460932359,0.408031621601868,0.912031044492685,0.802639338986085,"uck2b/ctps1a/uck2a",3
"GO:0006833","water transport","3/2534","17/18773",0.176470588235294,1.30737267282604,0.500839460932359,0.408031621601868,0.912031044492685,0.802639338986085,"aqp7/aqp8a.1/aqp3a",3
"GO:0008354","germ cell migration","3/2534","17/18773",0.176470588235294,1.30737267282604,0.500839460932359,0.408031621601868,0.912031044492685,0.802639338986085,"igf2bp3/igf1rb/kdm6a",3
"GO:0009084","glutamine family amino acid biosynthetic process","3/2534","17/18773",0.176470588235294,1.30737267282604,0.500839460932359,0.408031621601868,0.912031044492685,0.802639338986085,"aldh18a1/pycr1b/glulb",3
"GO:0009163","nucleoside biosynthetic process","3/2534","17/18773",0.176470588235294,1.30737267282604,0.500839460932359,0.408031621601868,0.912031044492685,0.802639338986085,"adka/hprt1/aprt",3
"GO:0009209","pyrimidine ribonucleoside triphosphate biosynthetic process","3/2534","17/18773",0.176470588235294,1.30737267282604,0.500839460932359,0.408031621601868,0.912031044492685,0.802639338986085,"uck2b/ctps1a/uck2a",3
"GO:0009226","nucleotide-sugar biosynthetic process","3/2534","17/18773",0.176470588235294,1.30737267282604,0.500839460932359,0.408031621601868,0.912031044492685,0.802639338986085,"pmm2/pgm3/gnpnat1",3
"GO:0032786","positive regulation of DNA-templated transcription, elongation","3/2534","17/18773",0.176470588235294,1.30737267282604,0.500839460932359,0.408031621601868,0.912031044492685,0.802639338986085,"ell/gtf2f1/brd4",3
"GO:0032881","regulation of polysaccharide metabolic process","3/2534","17/18773",0.176470588235294,1.30737267282604,0.500839460932359,0.408031621601868,0.912031044492685,0.802639338986085,"inpp5ka/ppp1r3cb/kctd10",3
"GO:0034109","homotypic cell-cell adhesion","3/2534","17/18773",0.176470588235294,1.30737267282604,0.500839460932359,0.408031621601868,0.912031044492685,0.802639338986085,"smarca5/dcbld2/znf703",3
"GO:0034404","nucleobase-containing small molecule biosynthetic process","3/2534","17/18773",0.176470588235294,1.30737267282604,0.500839460932359,0.408031621601868,0.912031044492685,0.802639338986085,"adka/hprt1/aprt",3
"GO:0035141","medial fin morphogenesis","3/2534","17/18773",0.176470588235294,1.30737267282604,0.500839460932359,0.408031621601868,0.912031044492685,0.802639338986085,"acvr1l/tll1/cdh2",3
"GO:0051091","positive regulation of DNA-binding transcription factor activity","3/2534","17/18773",0.176470588235294,1.30737267282604,0.500839460932359,0.408031621601868,0.912031044492685,0.802639338986085,"ube2nb/cops5/sox3",3
"GO:0051289","protein homotetramerization","3/2534","17/18773",0.176470588235294,1.30737267282604,0.500839460932359,0.408031621601868,0.912031044492685,0.802639338986085,"atp5if1a/aldh9a1b/evla",3
"GO:0060395","SMAD protein signal transduction","3/2534","17/18773",0.176470588235294,1.30737267282604,0.500839460932359,0.408031621601868,0.912031044492685,0.802639338986085,"smad7/mgaa/smad9",3
"GO:0072678","T cell migration","3/2534","17/18773",0.176470588235294,1.30737267282604,0.500839460932359,0.408031621601868,0.912031044492685,0.802639338986085,"spns2/oxsr1a/zgc:153631",3
"GO:0002520","immune system development","6/2534","38/18773",0.157894736842105,1.16975449673909,0.413775883012759,0.408113916840073,0.912031044492685,0.802639338986085,"chd7/mcm2/sart3/wdr55/rnf8/cdca7a",6
"GO:0003146","heart jogging","6/2534","38/18773",0.157894736842105,1.16975449673909,0.413775883012759,0.408113916840073,0.912031044492685,0.802639338986085,"acvr1l/vdrb/nipblb/camk2g1/ptpn11a/nipbla",6
"GO:0003309","type B pancreatic cell differentiation","6/2534","38/18773",0.157894736842105,1.16975449673909,0.413775883012759,0.408113916840073,0.912031044492685,0.802639338986085,"cdkal1/thada/cdk5/pax6b/dhps/ide",6
"GO:0006687","glycosphingolipid metabolic process","6/2534","38/18773",0.157894736842105,1.16975449673909,0.413775883012759,0.408113916840073,0.912031044492685,0.802639338986085,"st3gal5/smpd5/hexa/neu1/b4galt6/asah1b",6
"GO:0008630","intrinsic apoptotic signaling pathway in response to DNA damage","6/2534","38/18773",0.157894736842105,1.16975449673909,0.413775883012759,0.408113916840073,0.912031044492685,0.802639338986085,"tp53/si:dkey-9i23.15/xrcc5/pin1/hipk2/ptpn11a",6
"GO:0098754","detoxification","6/2534","38/18773",0.157894736842105,1.16975449673909,0.413775883012759,0.408113916840073,0.912031044492685,0.802639338986085,"prdx1/prdx6/txndc12/sod2/slc22a18/park7",6
"GO:0031122","cytoplasmic microtubule organization","5/2534","31/18773",0.161290322580645,1.19491050742165,0.429029415204145,0.409520949358185,0.912031044492685,0.802639338986085,"tbcb/clip1a/tubgcp3/camsap2b/clip2",5
"GO:0033002","muscle cell proliferation","5/2534","31/18773",0.161290322580645,1.19491050742165,0.429029415204145,0.409520949358185,0.912031044492685,0.802639338986085,"foxo1a/smarca4a/akirin1/ndrg4/hdac1",5
"GO:0048570","notochord morphogenesis","5/2534","31/18773",0.161290322580645,1.19491050742165,0.429029415204145,0.409520949358185,0.912031044492685,0.802639338986085,"npc1/vangl2/crim1/lamb1a/fbn2b",5
"GO:0044057","regulation of system process","22/2534","153/18773",0.143790849673203,1.0652666223027,0.320203409372411,0.409576777222567,0.912031044492685,0.802639338986085,"hspd1/adma/chd7/atp2a2b/eif4ebp3l/emd/avpr1ab/edn1/vezf1b/tbx2b/tmem161b/vapb/depdc5/tnnt2c/tnnt3b/erp44/znf16l/ilk/desma/hhatla/nr1h3/adrb2a",22
"GO:0051248","negative regulation of protein metabolic process","26/2534","182/18773",0.142857142857143,1.05834930657346,0.312463256678158,0.4096937901603,0.912031044492685,0.802639338986085,"serpinh1b/paip2b/eif4ebp3l/nanos1/rtraf/usp44/usp14/edn1/ddx6/zgpat/eif4ebp1/azin1b/styx/srp9/caprin1b/appb/azin1a/dap/serpinh1a/ubxn1/cnot9/serpinb1l3/serpinf1/caprin1a/n4bp1/fhit",26
"GO:0003323","type B pancreatic cell development","4/2534","24/18773",0.166666666666667,1.23474085766903,0.454552646312775,0.40992294948716,0.912031044492685,0.802639338986085,"cdkal1/thada/dhps/ide",4
"GO:0032465","regulation of cytokinesis","4/2534","24/18773",0.166666666666667,1.23474085766903,0.454552646312775,0.40992294948716,0.912031044492685,0.802639338986085,"birc6/cspp1b/ikbkb/cdc14ab",4
"GO:0034446","substrate adhesion-dependent cell spreading","4/2534","24/18773",0.166666666666667,1.23474085766903,0.454552646312775,0.40992294948716,0.912031044492685,0.802639338986085,"ap1ar/lamb1a/ilk/lims1",4
"GO:0042181","ketone biosynthetic process","4/2534","24/18773",0.166666666666667,1.23474085766903,0.454552646312775,0.40992294948716,0.912031044492685,0.802639338986085,"ndufa9a/coq5/pptc7a/pdss2",4
"GO:0047496","vesicle transport along microtubule","4/2534","24/18773",0.166666666666667,1.23474085766903,0.454552646312775,0.40992294948716,0.912031044492685,0.802639338986085,"ap3d1/kif1b/fyco1a/pafah1b1b",4
"GO:0051153","regulation of striated muscle cell differentiation","4/2534","24/18773",0.166666666666667,1.23474085766903,0.454552646312775,0.40992294948716,0.912031044492685,0.802639338986085,"mapk14a/hnrnpl2/prmt5/neu1",4
"GO:0051294","establishment of spindle orientation","4/2534","24/18773",0.166666666666667,1.23474085766903,0.454552646312775,0.40992294948716,0.912031044492685,0.802639338986085,"dctn1a/prkci/vangl2/pafah1b1b",4
"GO:0062207","regulation of pattern recognition receptor signaling pathway","4/2534","24/18773",0.166666666666667,1.23474085766903,0.454552646312775,0.40992294948716,0.912031044492685,0.802639338986085,"gramd4b/lgr4/trim25/nek7",4
"GO:1905818","regulation of chromosome separation","4/2534","24/18773",0.166666666666667,1.23474085766903,0.454552646312775,0.40992294948716,0.912031044492685,0.802639338986085,"csnk2a2a/anapc5/csnk2a2b/anapc11",4
"GO:0098813","nuclear chromosome segregation","17/2534","117/18773",0.145299145299145,1.07644074771147,0.327632916612396,0.411653415095418,0.915076667063382,0.805319660562535,"rcc1/seh1l/bccip/ska2/rcc2/ewsr1a/top2b/anapc2/tprb/clasp2/mis12/racgap1/anapc5/anapc11/abraxas2/prdm9/anapc4",17
"GO:0051261","protein depolymerization","12/2534","81/18773",0.148148148148148,1.09754742903914,0.347543674109828,0.411927530571081,0.915076667063382,0.805319660562535,"cfl1/twf1b/tmod2/sptan1/camsap2b/gsna/sh3gl3b/map1sa/capza1a/sh3gl1a/mtpn/stmn1a",12
"GO:0001756","somitogenesis","16/2534","110/18773",0.145454545454545,1.07759202123843,0.322404887507515,0.414890902292963,0.920145730413001,0.809780725436133,"setb/chd7/mapk14a/ctr9/rap1b/dlc/mib1/efnb2a/cdh2/naa50/itga5/mef2aa/crim1/gadd45bb/notch1a/ldb3a",16
"GO:0044089","positive regulation of cellular component biogenesis","16/2534","110/18773",0.145454545454545,1.07759202123843,0.322404887507515,0.414890902292963,0.920145730413001,0.809780725436133,"psmc6/clip1a/setdb1a/nck1b/cemip2/setdb1b/akirin1/baiap2a/ambra1b/tapt1a/flot1b/nrp1b/selenow2a/cdc42ep1a/evla/nek7",16
"GO:0071375","cellular response to peptide hormone stimulus","11/2534","74/18773",0.148648648648649,1.10125535954265,0.344749485183708,0.415168219453452,0.920145730413001,0.809780725436133,"pik3r2/agtrap/gsk3ab/inpp5ka/jak1/pik3r1/prkci/lpin2/insig1/nr4a1/jak2a",11
"GO:0060538","skeletal muscle organ development","24/2534","168/18773",0.142857142857143,1.05834930657346,0.300092015278096,0.415743742611465,0.920712488444929,0.810279504830604,"kif5ba/tango2/hnrnpl2/dag1/bag3/cemip2/selenon/inpp5ka/prmt5/myo9aa/ngly1/acta1b/marcksb/neu1/sox6/ambra1b/golga2/qkia/ilk/dnajb6a/spry4/desma/myl1/ldb3a",24
"GO:0002683","negative regulation of immune system process","13/2534","89/18773",0.146067415730337,1.08213243705825,0.306798845274088,0.425436311635313,0.939651132973866,0.826946592226136,"cd276/parp1/qki2/pias4a/gramd4b/lgr4/zgc:153631/trafd1/sele/grnb/qkia/irf2bp2b/si:dkey-169i5.4",13
"GO:0030851","granulocyte differentiation","7/2534","46/18773",0.152173913043478,1.12737208743694,0.341663050436946,0.429508737829886,0.939651132973866,0.826946592226136,"srpra/dnmt1/jagn1b/ncor2/srp54/usb1/sbds",7
"GO:0030901","midbrain development","6/2534","39/18773",0.153846153846154,1.13976079169449,0.345128906000661,0.433499498004296,0.939651132973866,0.826946592226136,"snx27a/cdh2/kdm7ab/dlb/kdm7aa/taf1",6
"GO:0031623","receptor internalization","6/2534","39/18773",0.153846153846154,1.13976079169449,0.345128906000661,0.433499498004296,0.939651132973866,0.826946592226136,"arrb2a/fscn1a/tfr1b/mib1/hgs/flot1b",6
"GO:0014902","myotube differentiation","15/2534","104/18773",0.144230769230769,1.06852574221359,0.276814494675372,0.433681247295202,0.939651132973866,0.826946592226136,"mapk14a/tango2/hnrnpl2/dag1/crk/kirrel3l/selenon/inpp5ka/prmt5/myo9aa/acta1b/neu1/ambra1b/rac1a/spry4",15
"GO:0120035","regulation of plasma membrane bounded cell projection organization","29/2534","206/18773",0.140776699029126,1.04293645259423,0.24477543938901,0.434019612335874,0.939651132973866,0.826946592226136,"nop56/mcm2/arhgap35a/atp6ap1b/mapk14a/gsk3ab/socs3a/sfpq/twf1b/dpysl2b/fmr1/il6st/snap29/appb/akirin1/tapt1a/camk2g1/tfg/nrp1b/lamb1a/selenow2a/unc45a/mcm7/cdc42ep1a/arhgap35b/si:dkey-40c11.2/pak2a/arhgap24/cep290",29
"GO:0008544","epidermis development","18/2534","126/18773",0.142857142857143,1.05834930657346,0.259594462127562,0.436552214528242,0.939651132973866,0.826946592226136,"slc39a7/tp53/pho/myo7aa/atp6v0d1/socs3a/slc26a2/mif/tgfb1a/snap29/mib1/mcoln1a/sele/cdh2/abca12/myo6b/cops5/ptpn11a",18
"GO:0001763","morphogenesis of a branching structure","5/2534","32/18773",0.15625,1.15756955406472,0.352395092622705,0.437656628793457,0.939651132973866,0.826946592226136,"sema3ab/spns2/fmr1/tars1/sars1",5
"GO:0001838","embryonic epithelial tube formation","5/2534","32/18773",0.15625,1.15756955406472,0.352395092622705,0.437656628793457,0.939651132973866,0.826946592226136,"htt/nin/cdh2/prkci/vangl2",5
"GO:0002366","leukocyte activation involved in immune response","5/2534","32/18773",0.15625,1.15756955406472,0.352395092622705,0.437656628793457,0.939651132973866,0.826946592226136,"kars1/rnf8/brd4/ptenb/opa1",5
"GO:0006879","intracellular iron ion homeostasis","5/2534","32/18773",0.15625,1.15756955406472,0.352395092622705,0.437656628793457,0.939651132973866,0.826946592226136,"zgc:56095/atp6v0d1/htt/tfr1b/cisd1",5
"GO:0040036","regulation of fibroblast growth factor receptor signaling pathway","5/2534","32/18773",0.15625,1.15756955406472,0.352395092622705,0.437656628793457,0.939651132973866,0.826946592226136,"ncl/rerea/cnpy1/dusp6/spry4",5
"GO:0043467","regulation of generation of precursor metabolites and energy","5/2534","32/18773",0.15625,1.15756955406472,0.352395092622705,0.437656628793457,0.939651132973866,0.826946592226136,"sigmar1/inpp5ka/ppp1r3cb/cox7a2l/tigarb",5
"GO:0048013","ephrin receptor signaling pathway","5/2534","32/18773",0.15625,1.15756955406472,0.352395092622705,0.437656628793457,0.939651132973866,0.826946592226136,"nck1b/efna1b/efnb2a/ephb4a/efna3b",5
"GO:0035162","embryonic hemopoiesis","14/2534","97/18773",0.144329896907216,1.069260124167,0.270150725035053,0.437762587289875,0.939651132973866,0.826946592226136,"nop10/tmem88a/chd7/acvr1l/tll1/atf4a/ash2l/kat8/hdac9b/etv5a/dhx8/numb/gata2a/jak2a",14
"GO:0060627","regulation of vesicle-mediated transport","21/2534","148/18773",0.141891891891892,1.05119829774526,0.247011501606705,0.438513776850039,0.939651132973866,0.826946592226136,"yipf5/dnajc5ab/ptbp1a/tpte/nf2b/msna/rap1b/rap1ab/ralaa/dennd10/mib1/bet1l/pacsin2/rint1/rap1aa/flot1b/unc45a/smap2/notch1a/il1rapl1a/dmxl2",21
"GO:0099003","vesicle-mediated transport in synapse","17/2534","119/18773",0.142857142857143,1.05834930657346,0.252233130989402,0.440533290346006,0.939651132973866,0.826946592226136,"dnajc5ab/picalma/atp6v1g1/snapin/rap1b/rap1ab/ap3d1/snap29/sh3gl3b/picalmb/sh3gl1a/stxbp3/rap1aa/git2b/itsn1/sncgb/dmxl2",17
"GO:0099504","synaptic vesicle cycle","17/2534","119/18773",0.142857142857143,1.05834930657346,0.252233130989402,0.440533290346006,0.939651132973866,0.826946592226136,"dnajc5ab/picalma/atp6v1g1/snapin/rap1b/rap1ab/ap3d1/snap29/sh3gl3b/picalmb/sh3gl1a/stxbp3/rap1aa/git2b/itsn1/sncgb/dmxl2",17
"GO:0002027","regulation of heart rate","4/2534","25/18773",0.16,1.18535122336227,0.366325310061585,0.441921897529496,0.939651132973866,0.826946592226136,"adma/chd7/tmem161b/adrb2a",4
"GO:0010821","regulation of mitochondrion organization","4/2534","25/18773",0.16,1.18535122336227,0.366325310061585,0.441921897529496,0.939651132973866,0.826946592226136,"hspd1/vat1/slc35f6/mief1",4
"GO:0014855","striated muscle cell proliferation","4/2534","25/18773",0.16,1.18535122336227,0.366325310061585,0.441921897529496,0.939651132973866,0.826946592226136,"smarca4a/akirin1/ndrg4/hdac1",4
"GO:0021514","ventral spinal cord interneuron differentiation","4/2534","25/18773",0.16,1.18535122336227,0.366325310061585,0.441921897529496,0.939651132973866,0.826946592226136,"dlc/mib1/notch1a/gata2a",4
"GO:0032436","positive regulation of proteasomal ubiquitin-dependent protein catabolic process","4/2534","25/18773",0.16,1.18535122336227,0.366325310061585,0.441921897529496,0.939651132973866,0.826946592226136,"gsk3ab/dda1/csnk1db/fzr1b",4
"GO:0043255","regulation of carbohydrate biosynthetic process","4/2534","25/18773",0.16,1.18535122336227,0.366325310061585,0.441921897529496,0.939651132973866,0.826946592226136,"arpp19a/inpp5ka/ppp1r3cb/kctd10",4
"GO:0045005","DNA-templated DNA replication maintenance of fidelity","4/2534","25/18773",0.16,1.18535122336227,0.366325310061585,0.441921897529496,0.939651132973866,0.826946592226136,"parp1/tipin/atrxl/atrx",4
"GO:0046660","female sex differentiation","4/2534","25/18773",0.16,1.18535122336227,0.366325310061585,0.441921897529496,0.939651132973866,0.826946592226136,"lhfpl2a/u2af2a/sox3/pgrmc1",4
"GO:0051016","barbed-end actin filament capping","4/2534","25/18773",0.16,1.18535122336227,0.366325310061585,0.441921897529496,0.939651132973866,0.826946592226136,"twf1b/gsna/capza1a/mtpn",4
"GO:0051781","positive regulation of cell division","4/2534","25/18773",0.16,1.18535122336227,0.366325310061585,0.441921897529496,0.939651132973866,0.826946592226136,"tgfb1a/cspp1b/mtrex/cdc14ab",4
"GO:1902622","regulation of neutrophil migration","4/2534","25/18773",0.16,1.18535122336227,0.366325310061585,0.441921897529496,0.939651132973866,0.826946592226136,"hspd1/lyn/rac1a/il6r",4
"GO:0032102","negative regulation of response to external stimulus","9/2534","61/18773",0.147540983606557,1.09304928383816,0.287539017953946,0.44229030950605,0.939651132973866,0.826946592226136,"parp1/metrnla/pias4a/socs3a/sfpq/trafd1/pros1/grnb/nlrc3l",9
"GO:0000266","mitochondrial fission","3/2534","18/18773",0.166666666666667,1.23474085766903,0.393591166156596,0.446046976430599,0.939651132973866,0.826946592226136,"mief1/dnm1l/fis1",3
"GO:0002042","cell migration involved in sprouting angiogenesis","3/2534","18/18773",0.166666666666667,1.23474085766903,0.393591166156596,0.446046976430599,0.939651132973866,0.826946592226136,"efnb2a/itga5/nrp1b",3
"GO:0003181","atrioventricular valve morphogenesis","3/2534","18/18773",0.166666666666667,1.23474085766903,0.393591166156596,0.446046976430599,0.939651132973866,0.826946592226136,"rad21a/cemip2/gata2a",3
"GO:0006516","glycoprotein catabolic process","3/2534","18/18773",0.166666666666667,1.23474085766903,0.393591166156596,0.446046976430599,0.939651132973866,0.826946592226136,"ngly1/sgsh/edem1",3
"GO:0009208","pyrimidine ribonucleoside triphosphate metabolic process","3/2534","18/18773",0.166666666666667,1.23474085766903,0.393591166156596,0.446046976430599,0.939651132973866,0.826946592226136,"uck2b/ctps1a/uck2a",3
"GO:0021554","optic nerve development","3/2534","18/18773",0.166666666666667,1.23474085766903,0.393591166156596,0.446046976430599,0.939651132973866,0.826946592226136,"smarca4a/rtn4a/cdk5",3
"GO:0030183","B cell differentiation","3/2534","18/18773",0.166666666666667,1.23474085766903,0.393591166156596,0.446046976430599,0.939651132973866,0.826946592226136,"slc39a7/dnmt1/rabl3",3
"GO:0032438","melanosome organization","3/2534","18/18773",0.166666666666667,1.23474085766903,0.393591166156596,0.446046976430599,0.939651132973866,0.826946592226136,"atp6ap1b/rab32a/atp6v0d1",3
"GO:0034508","centromere complex assembly","3/2534","18/18773",0.166666666666667,1.23474085766903,0.393591166156596,0.446046976430599,0.939651132973866,0.826946592226136,"nasp/mis12/mis18a",3
"GO:0035904","aorta development","3/2534","18/18773",0.166666666666667,1.23474085766903,0.393591166156596,0.446046976430599,0.939651132973866,0.826946592226136,"dlc/notch1a/gata2a",3
"GO:0039020","pronephric nephron tubule development","3/2534","18/18773",0.166666666666667,1.23474085766903,0.393591166156596,0.446046976430599,0.939651132973866,0.826946592226136,"tbx2b/etv5a/prkci",3
"GO:0039022","pronephric duct development","3/2534","18/18773",0.166666666666667,1.23474085766903,0.393591166156596,0.446046976430599,0.939651132973866,0.826946592226136,"atp6v0d1/kirrel3l/mib1",3
"GO:0042541","hemoglobin biosynthetic process","3/2534","18/18773",0.166666666666667,1.23474085766903,0.393591166156596,0.446046976430599,0.939651132973866,0.826946592226136,"eif1axb/snx3/tfr1b",3
"GO:0046036","CTP metabolic process","3/2534","18/18773",0.166666666666667,1.23474085766903,0.393591166156596,0.446046976430599,0.939651132973866,0.826946592226136,"uck2b/ctps1a/uck2a",3
"GO:0050921","positive regulation of chemotaxis","3/2534","18/18773",0.166666666666667,1.23474085766903,0.393591166156596,0.446046976430599,0.939651132973866,0.826946592226136,"oxsr1a/akirin1/il6r",3
"GO:0072698","protein localization to microtubule cytoskeleton","3/2534","18/18773",0.166666666666667,1.23474085766903,0.393591166156596,0.446046976430599,0.939651132973866,0.826946592226136,"mapre1a/nedd1/mapre2",3
"GO:0099175","regulation of postsynapse organization","3/2534","18/18773",0.166666666666667,1.23474085766903,0.393591166156596,0.446046976430599,0.939651132973866,0.826946592226136,"fmr1/abhd17c/si:dkey-40c11.2",3
"GO:0043122","regulation of canonical NF-kappaB signal transduction","12/2534","83/18773",0.144578313253012,1.0711005030382,0.256440140422455,0.446639895495048,0.939651132973866,0.826946592226136,"mtdhb/ube2nb/tab2/map3k7/shrprbck1r/akap13/mtdha/brd4/tnip1/nfkbiaa/ufl1/ikbkb",12
"GO:0006639","acylglycerol metabolic process","8/2534","54/18773",0.148148148148148,1.09754742903914,0.283563496307238,0.447263930709019,0.939651132973866,0.826946592226136,"abhd16a/mboat7/cnep1r1/dgkza/lpin2/apobb.1/ctdnep1a/mgll",8
"GO:0000303","response to superoxide","2/2534","11/18773",0.181818181818182,1.34699002654804,0.45472905670749,0.448863257894208,0.939651132973866,0.826946592226136,"prdx1/sod2",2
"GO:0000305","response to oxygen radical","2/2534","11/18773",0.181818181818182,1.34699002654804,0.45472905670749,0.448863257894208,0.939651132973866,0.826946592226136,"prdx1/sod2",2
"GO:0006000","fructose metabolic process","2/2534","11/18773",0.181818181818182,1.34699002654804,0.45472905670749,0.448863257894208,0.939651132973866,0.826946592226136,"pfkfb3/pfkfb4a",2
"GO:0006851","mitochondrial calcium ion transmembrane transport","2/2534","11/18773",0.181818181818182,1.34699002654804,0.45472905670749,0.448863257894208,0.939651132973866,0.826946592226136,"smdt1b/letm2",2
"GO:0006896","Golgi to vacuole transport","2/2534","11/18773",0.181818181818182,1.34699002654804,0.45472905670749,0.448863257894208,0.939651132973866,0.826946592226136,"ap3d1/vps54",2
"GO:0009214","cyclic nucleotide catabolic process","2/2534","11/18773",0.181818181818182,1.34699002654804,0.45472905670749,0.448863257894208,0.939651132973866,0.826946592226136,"pde4d/cnp",2
"GO:0009394","2'-deoxyribonucleotide metabolic process","2/2534","11/18773",0.181818181818182,1.34699002654804,0.45472905670749,0.448863257894208,0.939651132973866,0.826946592226136,"dut/dtymk",2
"GO:0019320","hexose catabolic process","2/2534","11/18773",0.181818181818182,1.34699002654804,0.45472905670749,0.448863257894208,0.939651132973866,0.826946592226136,"glb1l/gale",2
"GO:0019430","removal of superoxide radicals","2/2534","11/18773",0.181818181818182,1.34699002654804,0.45472905670749,0.448863257894208,0.939651132973866,0.826946592226136,"prdx1/sod2",2
"GO:0030201","heparan sulfate proteoglycan metabolic process","2/2534","11/18773",0.181818181818182,1.34699002654804,0.45472905670749,0.448863257894208,0.939651132973866,0.826946592226136,"hs2st1a/hs6st1a",2
"GO:0031529","ruffle organization","2/2534","11/18773",0.181818181818182,1.34699002654804,0.45472905670749,0.448863257894208,0.939651132973866,0.826946592226136,"cyfip1/arhgap24",2
"GO:0034982","mitochondrial protein processing","2/2534","11/18773",0.181818181818182,1.34699002654804,0.45472905670749,0.448863257894208,0.939651132973866,0.826946592226136,"afg3l2/immp2l",2
"GO:0035338","long-chain fatty-acyl-CoA biosynthetic process","2/2534","11/18773",0.181818181818182,1.34699002654804,0.45472905670749,0.448863257894208,0.939651132973866,0.826946592226136,"elovl1b/acsl1b",2
"GO:0042982","amyloid precursor protein metabolic process","2/2534","11/18773",0.181818181818182,1.34699002654804,0.45472905670749,0.448863257894208,0.939651132973866,0.826946592226136,"psen2/psen1",2
"GO:0043171","peptide catabolic process","2/2534","11/18773",0.181818181818182,1.34699002654804,0.45472905670749,0.448863257894208,0.939651132973866,0.826946592226136,"lta4h/ide",2
"GO:0043516","regulation of DNA damage response, signal transduction by p53 class mediator","2/2534","11/18773",0.181818181818182,1.34699002654804,0.45472905670749,0.448863257894208,0.939651132973866,0.826946592226136,"prpf19/yju2",2
"GO:0045217","cell-cell junction maintenance","2/2534","11/18773",0.181818181818182,1.34699002654804,0.45472905670749,0.448863257894208,0.939651132973866,0.826946592226136,"ctnna1/prkci",2
"GO:0046349","amino sugar biosynthetic process","2/2534","11/18773",0.181818181818182,1.34699002654804,0.45472905670749,0.448863257894208,0.939651132973866,0.826946592226136,"pgm3/gnpnat1",2
"GO:0051231","spindle elongation","2/2534","11/18773",0.181818181818182,1.34699002654804,0.45472905670749,0.448863257894208,0.939651132973866,0.826946592226136,"ewsr1a/racgap1",2
"GO:0060236","regulation of mitotic spindle organization","2/2534","11/18773",0.181818181818182,1.34699002654804,0.45472905670749,0.448863257894208,0.939651132973866,0.826946592226136,"rcc1/tprb",2
"GO:0060297","regulation of sarcomere organization","2/2534","11/18773",0.181818181818182,1.34699002654804,0.45472905670749,0.448863257894208,0.939651132973866,0.826946592226136,"hspd1/neb",2
"GO:0061001","regulation of dendritic spine morphogenesis","2/2534","11/18773",0.181818181818182,1.34699002654804,0.45472905670749,0.448863257894208,0.939651132973866,0.826946592226136,"fmr1/si:dkey-40c11.2",2
"GO:0071450","cellular response to oxygen radical","2/2534","11/18773",0.181818181818182,1.34699002654804,0.45472905670749,0.448863257894208,0.939651132973866,0.826946592226136,"prdx1/sod2",2
"GO:0071451","cellular response to superoxide","2/2534","11/18773",0.181818181818182,1.34699002654804,0.45472905670749,0.448863257894208,0.939651132973866,0.826946592226136,"prdx1/sod2",2
"GO:2000738","positive regulation of stem cell differentiation","2/2534","11/18773",0.181818181818182,1.34699002654804,0.45472905670749,0.448863257894208,0.939651132973866,0.826946592226136,"tnfrsf1b/ddx46",2
"GO:2000765","regulation of cytoplasmic translation","2/2534","11/18773",0.181818181818182,1.34699002654804,0.45472905670749,0.448863257894208,0.939651132973866,0.826946592226136,"cnbpa/cnbpb",2
"GO:0032103","positive regulation of response to external stimulus","15/2534","105/18773",0.142857142857143,1.05834930657346,0.236842910731914,0.449100367826342,0.939651132973866,0.826946592226136,"pycard/cnbpb/oxsr1a/gramd4b/lgr4/il6st/tbk1/zdhhc9/akirin1/caspa/tlr5a/il6r/trim25/tlr5b/nek7",15
"GO:0032869","cellular response to insulin stimulus","7/2534","47/18773",0.148936170212766,1.10338544727871,0.280326895594246,0.452686731079624,0.945780187792626,0.832340510051681,"pik3r2/gsk3ab/inpp5ka/pik3r1/prkci/lpin2/insig1",7
"GO:1901657","glycosyl compound metabolic process","7/2534","47/18773",0.148936170212766,1.10338544727871,0.280326895594246,0.452686731079624,0.945780187792626,0.832340510051681,"tyw1/fuca1.1/fuca1.2/adka/hprt1/aprt/pnp5a",7
"GO:0061014","positive regulation of mRNA catabolic process","10/2534","69/18773",0.144927536231884,1.0736877023209,0.242231852470601,0.456762757087292,0.953604044709437,0.839225950390529,"cnot3a/celf1/rc3h2/tnrc6c2/sb:cb81/cnot3b/pde12/dcp2/zfp36l1a/cnot2",10
"GO:0048645","animal organ formation","6/2534","40/18773",0.15,1.11126677190213,0.278272797870191,0.4586889151784,0.956238513250264,0.841544432969556,"robo1/cemip2/gata6/gna13a/lamb1a/hdac1",6
"GO:0051693","actin filament capping","6/2534","40/18773",0.15,1.11126677190213,0.278272797870191,0.4586889151784,0.956238513250264,0.841544432969556,"twf1b/tmod2/sptan1/gsna/capza1a/mtpn",6
"GO:0007264","small GTPase-mediated signal transduction","42/2534","304/18773",0.138157894736842,1.0235351846467,0.163422424095062,0.460717578141463,0.959772726099329,0.844654741858864,"rab15/rabif/arhgap35a/robo4/iqsec1b/rhoj/rhoub/rap2b/arhgdia/rap1b/rap1ab/rhot1a/arhgap27l/akap13/gbf1/ralaa/gna13a/akap12b/cdc42l/rasip1/rasa3/tax1bp3/plekhg5a/sipa1l3/gna12a/rap1aa/rac1a/rassf1/racgap1/rasgrp3/spry4/diaph2/stard8/rabl3/nras/cdc42ep1a/arhgap35b/git2b/ksr1b/arhgap24/kctd10/arfgef1",42
"GO:0008593","regulation of Notch signaling pathway","9/2534","62/18773",0.145161290322581,1.07541945667948,0.234968520291134,0.4624552830234,0.962000549006047,0.846615353085887,"tcima/ptbp1a/nle1/dlc/mib1/appb/dlb/pofut1/neurl1aa",9
"GO:0051345","positive regulation of hydrolase activity","9/2534","62/18773",0.145161290322581,1.07541945667948,0.234968520291134,0.4624552830234,0.962000549006047,0.846615353085887,"rad21a/tp53/pycard/hip1/asap1a/psme1/diablob/psme3/myo9aa",9
"GO:0035113","embryonic appendage morphogenesis","5/2534","33/18773",0.151515151515152,1.12249168879003,0.27820039103373,0.465472533418434,0.965945763111436,0.850087366523181,"acvr1l/tll1/nipblb/cdh2/nipbla",5
"GO:0070201","regulation of establishment of protein localization","5/2534","33/18773",0.151515151515152,1.12249168879003,0.27820039103373,0.465472533418434,0.965945763111436,0.850087366523181,"oaz1a/edn1/marcksb/mief1/oaz1b",5
"GO:0031344","regulation of cell projection organization","29/2534","209/18773",0.138755980861244,1.02796607289192,0.160600830066068,0.466921749449353,0.965945763111436,0.850087366523181,"nop56/mcm2/arhgap35a/atp6ap1b/mapk14a/gsk3ab/socs3a/sfpq/twf1b/dpysl2b/fmr1/il6st/snap29/appb/akirin1/tapt1a/camk2g1/tfg/nrp1b/lamb1a/selenow2a/unc45a/mcm7/cdc42ep1a/arhgap35b/si:dkey-40c11.2/pak2a/arhgap24/cep290",29
"GO:0000082","G1/S transition of mitotic cell cycle","8/2534","55/18773",0.145454545454545,1.07759202123843,0.227639501354761,0.46870530142125,0.965945763111436,0.850087366523181,"ccnd1/psme1/plk3/psme3/rbl1/ambra1b/ccng1/ccnb2",8
"GO:0008045","motor neuron axon guidance","8/2534","55/18773",0.145454545454545,1.07759202123843,0.227639501354761,0.46870530142125,0.965945763111436,0.850087366523181,"nop56/sema3ab/flt4/ppp1r12a/cdh2/kif1b/pin1/rac1a",8
"GO:0009308","amine metabolic process","8/2534","55/18773",0.145454545454545,1.07759202123843,0.227639501354761,0.46870530142125,0.965945763111436,0.850087366523181,"oaz1a/cbsb/si:dkeyp-120h9.1/azin1b/azin1a/odc1/oaz1b/dhps",8
"GO:1901879","regulation of protein depolymerization","8/2534","55/18773",0.145454545454545,1.07759202123843,0.227639501354761,0.46870530142125,0.965945763111436,0.850087366523181,"twf1b/tmod2/sptan1/camsap2b/gsna/map1sa/capza1a/mtpn",8
"GO:0002068","glandular epithelial cell development","4/2534","26/18773",0.153846153846154,1.13976079169449,0.281698849673711,0.473377309703801,0.965945763111436,0.850087366523181,"cdkal1/thada/dhps/ide",4
"GO:0007091","metaphase/anaphase transition of mitotic cell cycle","4/2534","26/18773",0.153846153846154,1.13976079169449,0.281698849673711,0.473377309703801,0.965945763111436,0.850087366523181,"anapc2/anapc5/anapc11/anapc4",4
"GO:0061138","morphogenesis of a branching epithelium","4/2534","26/18773",0.153846153846154,1.13976079169449,0.281698849673711,0.473377309703801,0.965945763111436,0.850087366523181,"sema3ab/spns2/tars1/sars1",4
"GO:0061951","establishment of protein localization to plasma membrane","4/2534","26/18773",0.153846153846154,1.13976079169449,0.281698849673711,0.473377309703801,0.965945763111436,0.850087366523181,"nsfb/golga7/rab11a/rab34a",4
"GO:0008610","lipid biosynthetic process","54/2534","394/18773",0.137055837563452,1.01537065452987,0.121803136188957,0.474225504530143,0.965945763111436,0.850087366523181,"ndufab1b/dpm1/elovl1b/kdm1a/cds2/acsl1b/gcdha/pcyt1aa/nus1/ndufab1a/mboat7/zgc:158659/pigk/hacd3/cnep1r1/st3gal5/smpd5/pcyt1ab/cdipt/lbr/agk/dhcr7/sptlc2b/sptlc2a/dcaf5/dgkza/crls1/acsbg2/ch25h/mid1ip1l/serinc5/lpin2/pik3cg/lpcat3/pcyt2/pigu/elovl8b/fdps/ptpmt1/pip4k2ca/fgfr4/pik3c2b/b4galt6/ctdnep1a/insig1/efr3bb/hacd1/pigp/sdr42e1/pik3c2a/pigc/pdss2/wdtc1/ptdss2",54
"GO:0030042","actin filament depolymerization","7/2534","48/18773",0.145833333333333,1.08039825046041,0.220310522687715,0.475671123061905,0.965945763111436,0.850087366523181,"cfl1/twf1b/tmod2/sptan1/gsna/capza1a/mtpn",7
"GO:0039019","pronephric nephron development","7/2534","48/18773",0.145833333333333,1.08039825046041,0.220310522687715,0.475671123061905,0.965945763111436,0.850087366523181,"kirrel3l/tbx2b/etv5a/prkci/cd2ap/usp40/mafba",7
"GO:1901880","negative regulation of protein depolymerization","7/2534","48/18773",0.145833333333333,1.08039825046041,0.220310522687715,0.475671123061905,0.965945763111436,0.850087366523181,"twf1b/tmod2/sptan1/camsap2b/gsna/capza1a/mtpn",7
"GO:0035148","tube formation","10/2534","70/18773",0.142857142857143,1.05834930657346,0.193200399202834,0.475749718302778,0.965945763111436,0.850087366523181,"psmc3/htt/nin/cdh2/prkci/tfap2c/vangl2/sox3/cep290/cep170aa",10
"GO:0021953","central nervous system neuron differentiation","18/2534","129/18773",0.13953488372093,1.03373653200198,0.15188143149384,0.478540183291839,0.965945763111436,0.850087366523181,"cox5ab/ewsr1a/htt/sfpq/lgr4/dtymk/igf1rb/mapk3/dlc/mib1/zc4h2/cdk5/zdhhc16a/ewsr1b/notch1a/surf1/gata2a/cox5aa",18
"GO:0000096","sulfur amino acid metabolic process","3/2534","19/18773",0.157894736842105,1.16975449673909,0.292435484405719,0.483042777888024,0.965945763111436,0.850087366523181,"cbsb/adi1/blmh",3
"GO:0009950","dorsal/ventral axis specification","3/2534","19/18773",0.157894736842105,1.16975449673909,0.292435484405719,0.483042777888024,0.965945763111436,0.850087366523181,"cdk5rap3/ap2a1/eif4a3",3
"GO:0010811","positive regulation of cell-substrate adhesion","3/2534","19/18773",0.157894736842105,1.16975449673909,0.292435484405719,0.483042777888024,0.965945763111436,0.850087366523181,"robo4/lims1/agr2",3
"GO:0019432","triglyceride biosynthetic process","3/2534","19/18773",0.157894736842105,1.16975449673909,0.292435484405719,0.483042777888024,0.965945763111436,0.850087366523181,"cnep1r1/lpin2/ctdnep1a",3
"GO:0020027","hemoglobin metabolic process","3/2534","19/18773",0.157894736842105,1.16975449673909,0.292435484405719,0.483042777888024,0.965945763111436,0.850087366523181,"eif1axb/snx3/tfr1b",3
"GO:0021986","habenula development","3/2534","19/18773",0.157894736842105,1.16975449673909,0.292435484405719,0.483042777888024,0.965945763111436,0.850087366523181,"mib1/wls/notch1a",3
"GO:0032330","regulation of chondrocyte differentiation","3/2534","19/18773",0.157894736842105,1.16975449673909,0.292435484405719,0.483042777888024,0.965945763111436,0.850087366523181,"nup62l/ewsr1a/sox6",3
"GO:0034331","cell junction maintenance","3/2534","19/18773",0.157894736842105,1.16975449673909,0.292435484405719,0.483042777888024,0.965945763111436,0.850087366523181,"myo7aa/ctnna1/prkci",3
"GO:0042044","fluid transport","3/2534","19/18773",0.157894736842105,1.16975449673909,0.292435484405719,0.483042777888024,0.965945763111436,0.850087366523181,"aqp7/aqp8a.1/aqp3a",3
"GO:0042761","very long-chain fatty acid biosynthetic process","3/2534","19/18773",0.157894736842105,1.16975449673909,0.292435484405719,0.483042777888024,0.965945763111436,0.850087366523181,"elovl1b/hacd3/elovl8b",3
"GO:0043101","purine-containing compound salvage","3/2534","19/18773",0.157894736842105,1.16975449673909,0.292435484405719,0.483042777888024,0.965945763111436,0.850087366523181,"adka/hprt1/aprt",3
"GO:0046460","neutral lipid biosynthetic process","3/2534","19/18773",0.157894736842105,1.16975449673909,0.292435484405719,0.483042777888024,0.965945763111436,0.850087366523181,"cnep1r1/lpin2/ctdnep1a",3
"GO:0046463","acylglycerol biosynthetic process","3/2534","19/18773",0.157894736842105,1.16975449673909,0.292435484405719,0.483042777888024,0.965945763111436,0.850087366523181,"cnep1r1/lpin2/ctdnep1a",3
"GO:0051014","actin filament severing","3/2534","19/18773",0.157894736842105,1.16975449673909,0.292435484405719,0.483042777888024,0.965945763111436,0.850087366523181,"cfl1/gsna/gmfb",3
"GO:0060996","dendritic spine development","3/2534","19/18773",0.157894736842105,1.16975449673909,0.292435484405719,0.483042777888024,0.965945763111436,0.850087366523181,"llph/fmr1/si:dkey-40c11.2",3
"GO:0072176","nephric duct development","3/2534","19/18773",0.157894736842105,1.16975449673909,0.292435484405719,0.483042777888024,0.965945763111436,0.850087366523181,"atp6v0d1/kirrel3l/mib1",3
"GO:0089718","amino acid import across plasma membrane","3/2534","19/18773",0.157894736842105,1.16975449673909,0.292435484405719,0.483042777888024,0.965945763111436,0.850087366523181,"slc38a2/slc6a9/slc1a3a",3
"GO:1901222","regulation of non-canonical NF-kappaB signal transduction","3/2534","19/18773",0.157894736842105,1.16975449673909,0.292435484405719,0.483042777888024,0.965945763111436,0.850087366523181,"tnfrsf1b/notch1a/akip1",3
"GO:1902742","apoptotic process involved in development","3/2534","19/18773",0.157894736842105,1.16975449673909,0.292435484405719,0.483042777888024,0.965945763111436,0.850087366523181,"tp53/pdcd2l/smc5",3
"GO:0000281","mitotic cytokinesis","6/2534","41/18773",0.146341463414634,1.08416270429476,0.213107371579159,0.483591920893683,0.965945763111436,0.850087366523181,"iqgap2/arl3b/dchs1b/iqgap1/pdcd6ip/racgap1",6
"GO:0002067","glandular epithelial cell differentiation","6/2534","41/18773",0.146341463414634,1.08416270429476,0.213107371579159,0.483591920893683,0.965945763111436,0.850087366523181,"cdkal1/thada/cdk5/pax6b/dhps/ide",6
"GO:0030834","regulation of actin filament depolymerization","6/2534","41/18773",0.146341463414634,1.08416270429476,0.213107371579159,0.483591920893683,0.965945763111436,0.850087366523181,"twf1b/tmod2/sptan1/gsna/capza1a/mtpn",6
"GO:0030835","negative regulation of actin filament depolymerization","6/2534","41/18773",0.146341463414634,1.08416270429476,0.213107371579159,0.483591920893683,0.965945763111436,0.850087366523181,"twf1b/tmod2/sptan1/gsna/capza1a/mtpn",6
"GO:0035883","enteroendocrine cell differentiation","6/2534","41/18773",0.146341463414634,1.08416270429476,0.213107371579159,0.483591920893683,0.965945763111436,0.850087366523181,"cdkal1/thada/cdk5/pax6b/dhps/ide",6
"GO:0051053","negative regulation of DNA metabolic process","6/2534","41/18773",0.146341463414634,1.08416270429476,0.213107371579159,0.483591920893683,0.965945763111436,0.850087366523181,"zgc:110425/h1-10/tipin/si:dkey-108k21.21/terfa/si:ch211-127m7.2",6
"GO:2001235","positive regulation of apoptotic signaling pathway","6/2534","41/18773",0.146341463414634,1.08416270429476,0.213107371579159,0.483591920893683,0.965945763111436,0.850087366523181,"tpd52l1/ctsh/nck1b/zgc:110239/ing5a/ctsla",6
"GO:0042462","eye photoreceptor cell development","8/2534","56/18773",0.142857142857143,1.05834930657346,0.172739051148065,0.489958047331474,0.965945763111436,0.850087366523181,"chd7/sigmar1/rpgrb/tbx2b/cdh2/odc1/mafba/cep290",8
"GO:0010720","positive regulation of cell development","13/2534","93/18773",0.139784946236559,1.03558910643209,0.135909263616515,0.491675961836437,0.965945763111436,0.850087366523181,"chd7/fmr1/ddx46/brd4/ambra1b/znf16l/grnb/numb/hdac1/serpinf1/si:dkey-40c11.2/opa1/fxr2",13
"GO:0021510","spinal cord development","13/2534","93/18773",0.139784946236559,1.03558910643209,0.135909263616515,0.491675961836437,0.965945763111436,0.850087366523181,"cox5ab/sfpq/exosc2/igf1rb/dlc/mib1/cdh2/zc4h2/notch1a/surf1/gata2a/arf6b/cox5aa",13
"GO:0034332","adherens junction organization","5/2534","34/18773",0.147058823529412,1.08947722735503,0.206280278054653,0.49285353622617,0.965945763111436,0.850087366523181,"ctnna1/csk/cdh2/prkci/znf703",5
"GO:0043409","negative regulation of MAPK cascade","5/2534","34/18773",0.147058823529412,1.08947722735503,0.206280278054653,0.49285353622617,0.965945763111436,0.850087366523181,"spred2b/ptpn1/dusp6/spry4/spred2a",5
"GO:0046856","phosphatidylinositol dephosphorylation","5/2534","34/18773",0.147058823529412,1.08947722735503,0.206280278054653,0.49285353622617,0.965945763111436,0.850087366523181,"tpte/inpp5ka/mtmr6/pip4p1b/ptenb",5
"GO:0048278","vesicle docking","5/2534","34/18773",0.147058823529412,1.08947722735503,0.206280278054653,0.49285353622617,0.965945763111436,0.850087366523181,"uso1/stx4/stxbp3/stx5a/vps18",5
"GO:0050000","chromosome localization","5/2534","34/18773",0.147058823529412,1.08947722735503,0.206280278054653,0.49285353622617,0.965945763111436,0.850087366523181,"seh1l/ska2/rcc2/nup98/abraxas2",5
"GO:0051494","negative regulation of cytoskeleton organization","10/2534","71/18773",0.140845070422535,1.04344297831186,0.144871740104418,0.494597666063746,0.965945763111436,0.850087366523181,"twf1b/tmod2/sptan1/camsap2b/gsna/capza1a/mdm1/gmfb/mtpn/kank3",10
"GO:0030111","regulation of Wnt signaling pathway","25/2534","182/18773",0.137362637362637,1.01764356401294,0.0944821077514,0.495351126390234,0.965945763111436,0.850087366523181,"tmem88a/atp6ap2/tmem88b/cdk5rap3/nup62l/gsk3ab/jade1/mylipb/hs2st1a/lgr4/cemip2/rnf25/stk3/rnf146/nipblb/psen1/csnk1db/zgc:113363/frmd8/vangl2/tle2a/gskip/gpx4b/znf703/dmxl2",25
"GO:0000076","DNA replication checkpoint signaling","2/2534","12/18773",0.166666666666667,1.23474085766903,0.321314448954121,0.495890183354881,0.965945763111436,0.850087366523181,"tipin/orc1",2
"GO:0001933","negative regulation of protein phosphorylation","2/2534","12/18773",0.166666666666667,1.23474085766903,0.321314448954121,0.495890183354881,0.965945763111436,0.850087366523181,"rtraf/zgpat",2
"GO:0006312","mitotic recombination","2/2534","12/18773",0.166666666666667,1.23474085766903,0.321314448954121,0.495890183354881,0.965945763111436,0.850087366523181,"terfa/rad50",2
"GO:0006488","dolichol-linked oligosaccharide biosynthetic process","2/2534","12/18773",0.166666666666667,1.23474085766903,0.321314448954121,0.495890183354881,0.965945763111436,0.850087366523181,"dpm1/alg8",2
"GO:0007343","egg activation","2/2534","12/18773",0.166666666666667,1.23474085766903,0.321314448954121,0.495890183354881,0.965945763111436,0.850087366523181,"ptbp1a/dchs1b",2
"GO:0009437","carnitine metabolic process","2/2534","12/18773",0.166666666666667,1.23474085766903,0.321314448954121,0.495890183354881,0.965945763111436,0.850087366523181,"acadl/aldh9a1b",2
"GO:0010002","cardioblast differentiation","2/2534","12/18773",0.166666666666667,1.23474085766903,0.321314448954121,0.495890183354881,0.965945763111436,0.850087366523181,"fosl2/cdh2",2
"GO:0010469","regulation of signaling receptor activity","2/2534","12/18773",0.166666666666667,1.23474085766903,0.321314448954121,0.495890183354881,0.965945763111436,0.850087366523181,"arrb2a/zgpat",2
"GO:0010996","response to auditory stimulus","2/2534","12/18773",0.166666666666667,1.23474085766903,0.321314448954121,0.495890183354881,0.965945763111436,0.850087366523181,"chd7/stx4",2
"GO:0018198","peptidyl-cysteine modification","2/2534","12/18773",0.166666666666667,1.23474085766903,0.321314448954121,0.495890183354881,0.965945763111436,0.850087366523181,"zdhhc9/hmbsa",2
"GO:0018345","protein palmitoylation","2/2534","12/18773",0.166666666666667,1.23474085766903,0.321314448954121,0.495890183354881,0.965945763111436,0.850087366523181,"zdhhc9/zdhhc16a",2
"GO:0019692","deoxyribose phosphate metabolic process","2/2534","12/18773",0.166666666666667,1.23474085766903,0.321314448954121,0.495890183354881,0.965945763111436,0.850087366523181,"dut/dtymk",2
"GO:0032252","secretory granule localization","2/2534","12/18773",0.166666666666667,1.23474085766903,0.321314448954121,0.495890183354881,0.965945763111436,0.850087366523181,"kif1b/stxbp3",2
"GO:0032253","dense core granule localization","2/2534","12/18773",0.166666666666667,1.23474085766903,0.321314448954121,0.495890183354881,0.965945763111436,0.850087366523181,"kif1b/stxbp3",2
"GO:0034643","establishment of mitochondrion localization, microtubule-mediated","2/2534","12/18773",0.166666666666667,1.23474085766903,0.321314448954121,0.495890183354881,0.965945763111436,0.850087366523181,"psen2/rhot1a",2
"GO:0035710","CD4-positive, alpha-beta T cell activation","2/2534","12/18773",0.166666666666667,1.23474085766903,0.321314448954121,0.495890183354881,0.965945763111436,0.850087366523181,"brd4/opa1",2
"GO:0035794","positive regulation of mitochondrial membrane permeability","2/2534","12/18773",0.166666666666667,1.23474085766903,0.321314448954121,0.495890183354881,0.965945763111436,0.850087366523181,"rhot1a/slc35f6",2
"GO:0042326","negative regulation of phosphorylation","2/2534","12/18773",0.166666666666667,1.23474085766903,0.321314448954121,0.495890183354881,0.965945763111436,0.850087366523181,"rtraf/zgpat",2
"GO:0043124","negative regulation of canonical NF-kappaB signal transduction","2/2534","12/18773",0.166666666666667,1.23474085766903,0.321314448954121,0.495890183354881,0.965945763111436,0.850087366523181,"tnip1/nfkbiaa",2
"GO:0045776","negative regulation of blood pressure","2/2534","12/18773",0.166666666666667,1.23474085766903,0.321314448954121,0.495890183354881,0.965945763111436,0.850087366523181,"prcp/adrb2a",2
"GO:0046519","sphingoid metabolic process","2/2534","12/18773",0.166666666666667,1.23474085766903,0.321314448954121,0.495890183354881,0.965945763111436,0.850087366523181,"sptlc2b/sptlc2a",2
"GO:0047497","mitochondrion transport along microtubule","2/2534","12/18773",0.166666666666667,1.23474085766903,0.321314448954121,0.495890183354881,0.965945763111436,0.850087366523181,"psen2/rhot1a",2
"GO:0048070","regulation of developmental pigmentation","2/2534","12/18773",0.166666666666667,1.23474085766903,0.321314448954121,0.495890183354881,0.965945763111436,0.850087366523181,"h2az2a/ctns",2
"GO:0048799","animal organ maturation","2/2534","12/18773",0.166666666666667,1.23474085766903,0.321314448954121,0.495890183354881,0.965945763111436,0.850087366523181,"chd7/sin3b",2
"GO:0048922","posterior lateral line neuromast deposition","2/2534","12/18773",0.166666666666667,1.23474085766903,0.321314448954121,0.495890183354881,0.965945763111436,0.850087366523181,"tgfb1a/rtn4a",2
"GO:0050908","detection of light stimulus involved in visual perception","2/2534","12/18773",0.166666666666667,1.23474085766903,0.321314448954121,0.495890183354881,0.965945763111436,0.850087366523181,"dlat/lamb1a",2
"GO:0050962","detection of light stimulus involved in sensory perception","2/2534","12/18773",0.166666666666667,1.23474085766903,0.321314448954121,0.495890183354881,0.965945763111436,0.850087366523181,"dlat/lamb1a",2
"GO:0050994","regulation of lipid catabolic process","2/2534","12/18773",0.166666666666667,1.23474085766903,0.321314448954121,0.495890183354881,0.965945763111436,0.850087366523181,"etfa/zgc:195173",2
"GO:0051255","spindle midzone assembly","2/2534","12/18773",0.166666666666667,1.23474085766903,0.321314448954121,0.495890183354881,0.965945763111436,0.850087366523181,"ewsr1a/racgap1",2
"GO:0051279","regulation of release of sequestered calcium ion into cytosol","2/2534","12/18773",0.166666666666667,1.23474085766903,0.321314448954121,0.495890183354881,0.965945763111436,0.850087366523181,"aplnrb/selenon",2
"GO:0051642","centrosome localization","2/2534","12/18773",0.166666666666667,1.23474085766903,0.321314448954121,0.495890183354881,0.965945763111436,0.850087366523181,"nin/ints13",2
"GO:0051654","establishment of mitochondrion localization","2/2534","12/18773",0.166666666666667,1.23474085766903,0.321314448954121,0.495890183354881,0.965945763111436,0.850087366523181,"psen2/rhot1a",2
"GO:0055010","ventricular cardiac muscle tissue morphogenesis","2/2534","12/18773",0.166666666666667,1.23474085766903,0.321314448954121,0.495890183354881,0.965945763111436,0.850087366523181,"rbx1/rbfox1",2
"GO:0071679","commissural neuron axon guidance","2/2534","12/18773",0.166666666666667,1.23474085766903,0.321314448954121,0.495890183354881,0.965945763111436,0.850087366523181,"cdh2/vangl2",2
"GO:0072014","proximal tubule development","2/2534","12/18773",0.166666666666667,1.23474085766903,0.321314448954121,0.495890183354881,0.965945763111436,0.850087366523181,"tbx2b/ctns",2
"GO:0090224","regulation of spindle organization","2/2534","12/18773",0.166666666666667,1.23474085766903,0.321314448954121,0.495890183354881,0.965945763111436,0.850087366523181,"rcc1/tprb",2
"GO:0097345","mitochondrial outer membrane permeabilization","2/2534","12/18773",0.166666666666667,1.23474085766903,0.321314448954121,0.495890183354881,0.965945763111436,0.850087366523181,"rhot1a/slc35f6",2
"GO:1902110","positive regulation of mitochondrial membrane permeability involved in apoptotic process","2/2534","12/18773",0.166666666666667,1.23474085766903,0.321314448954121,0.495890183354881,0.965945763111436,0.850087366523181,"rhot1a/slc35f6",2
"GO:1902686","mitochondrial outer membrane permeabilization involved in programmed cell death","2/2534","12/18773",0.166666666666667,1.23474085766903,0.321314448954121,0.495890183354881,0.965945763111436,0.850087366523181,"rhot1a/slc35f6",2
"GO:1903828","negative regulation of protein localization","2/2534","12/18773",0.166666666666667,1.23474085766903,0.321314448954121,0.495890183354881,0.965945763111436,0.850087366523181,"lztfl1/tax1bp3",2
"GO:1905710","positive regulation of membrane permeability","2/2534","12/18773",0.166666666666667,1.23474085766903,0.321314448954121,0.495890183354881,0.965945763111436,0.850087366523181,"rhot1a/slc35f6",2
"GO:0010970","transport along microtubule","12/2534","86/18773",0.13953488372093,1.03373653200198,0.123867909048413,0.498271743520892,0.968898496742517,0.85268594053463,"kif5ba/psen2/arl8bb/ap3d1/rhot1a/copg2/tmem108/kif1b/arl8a/fyco1a/vezt/pafah1b1b",12
"GO:0030100","regulation of endocytosis","7/2534","49/18773",0.142857142857143,1.05834930657346,0.161552379888962,0.498394063749541,0.968898496742517,0.85268594053463,"tpte/mib1/pacsin2/flot1b/smap2/notch1a/dmxl2",7
"GO:0043065","positive regulation of apoptotic process","19/2534","138/18773",0.13768115942029,1.02000331720485,0.0931656468609207,0.500655346862972,0.968898496742517,0.85268594053463,"tp53/mtch2/tpd52l1/ctsh/gsk3ab/stk17al/nck1b/casp7/ing4/badb/casp20/stk3/zgc:110239/caspa/dusp6/ptrh2/ciao2a/ing5a/ctsla",19
"GO:0043068","positive regulation of programmed cell death","19/2534","138/18773",0.13768115942029,1.02000331720485,0.0931656468609207,0.500655346862972,0.968898496742517,0.85268594053463,"tp53/mtch2/tpd52l1/ctsh/gsk3ab/stk17al/nck1b/casp7/ing4/badb/casp20/stk3/zgc:110239/caspa/dusp6/ptrh2/ciao2a/ing5a/ctsla",19
"GO:1901136","carbohydrate derivative catabolic process","21/2534","153/18773",0.137254901960784,1.01684541219803,0.0826449757592167,0.502993408040592,0.968898496742517,0.85268594053463,"dut/fuca1.1/hint1/hyal2b/renbp/gnpda2/pkma/fuca1.2/cemip2/hexa/pde4d/gpd1l/ngly1/neu1/amdhd2/sgsh/npl/edem1/hyal2a/asah1b/tigarb",21
"GO:0046530","photoreceptor cell differentiation","16/2534","116/18773",0.137931034482759,1.02185450289851,0.0932669894529319,0.503973343158655,0.968898496742517,0.85268594053463,"pcdh17/chd7/sigmar1/cdipt/rpgrb/tbx2b/dctn1a/znf644a/cdh2/prkci/odc1/vangl2/slbp/pitpnb/mafba/cep290",16
"GO:0000768","syncytium formation by plasma membrane fusion","4/2534","27/18773",0.148148148148148,1.09754742903914,0.200365221335974,0.504136835053939,0.968898496742517,0.85268594053463,"mapk14a/crk/kirrel3l/rac1a",4
"GO:0006949","syncytium formation","4/2534","27/18773",0.148148148148148,1.09754742903914,0.200365221335974,0.504136835053939,0.968898496742517,0.85268594053463,"mapk14a/crk/kirrel3l/rac1a",4
"GO:0010810","regulation of cell-substrate adhesion","4/2534","27/18773",0.148148148148148,1.09754742903914,0.200365221335974,0.504136835053939,0.968898496742517,0.85268594053463,"robo4/ap1ar/lims1/agr2",4
"GO:0016525","negative regulation of angiogenesis","4/2534","27/18773",0.148148148148148,1.09754742903914,0.200365221335974,0.504136835053939,0.968898496742517,0.85268594053463,"tp53/sars1/serpinf1/ptenb",4
"GO:0030149","sphingolipid catabolic process","4/2534","27/18773",0.148148148148148,1.09754742903914,0.200365221335974,0.504136835053939,0.968898496742517,0.85268594053463,"smpd5/hexa/neu1/asah1b",4
"GO:0044784","metaphase/anaphase transition of cell cycle","4/2534","27/18773",0.148148148148148,1.09754742903914,0.200365221335974,0.504136835053939,0.968898496742517,0.85268594053463,"anapc2/anapc5/anapc11/anapc4",4
"GO:0046466","membrane lipid catabolic process","4/2534","27/18773",0.148148148148148,1.09754742903914,0.200365221335974,0.504136835053939,0.968898496742517,0.85268594053463,"smpd5/hexa/neu1/asah1b",4
"GO:0048010","vascular endothelial growth factor receptor signaling pathway","4/2534","27/18773",0.148148148148148,1.09754742903914,0.200365221335974,0.504136835053939,0.968898496742517,0.85268594053463,"nrp2a/flt4/nrp2b/nrp1b",4
"GO:0048794","swim bladder development","4/2534","27/18773",0.148148148148148,1.09754742903914,0.200365221335974,0.504136835053939,0.968898496742517,0.85268594053463,"elovl1b/chd7/wdr55/bloc1s1",4
"GO:0051304","chromosome separation","4/2534","27/18773",0.148148148148148,1.09754742903914,0.200365221335974,0.504136835053939,0.968898496742517,0.85268594053463,"csnk2a2a/anapc5/csnk2a2b/anapc11",4
"GO:0051310","metaphase chromosome alignment","4/2534","27/18773",0.148148148148148,1.09754742903914,0.200365221335974,0.504136835053939,0.968898496742517,0.85268594053463,"seh1l/ska2/rcc2/abraxas2",4
"GO:0060319","primitive erythrocyte differentiation","4/2534","27/18773",0.148148148148148,1.09754742903914,0.200365221335974,0.504136835053939,0.968898496742517,0.85268594053463,"chd7/ash2l/hdac9b/numb",4
"GO:0140253","cell-cell fusion","4/2534","27/18773",0.148148148148148,1.09754742903914,0.200365221335974,0.504136835053939,0.968898496742517,0.85268594053463,"mapk14a/crk/kirrel3l/rac1a",4
"GO:2000181","negative regulation of blood vessel morphogenesis","4/2534","27/18773",0.148148148148148,1.09754742903914,0.200365221335974,0.504136835053939,0.968898496742517,0.85268594053463,"tp53/sars1/serpinf1/ptenb",4
"GO:0035282","segmentation","18/2534","131/18773",0.137404580152672,1.01795429487218,0.0814585521586474,0.506305763421593,0.972417807131932,0.855783134409448,"setb/chd7/mapk14a/ctr9/rap1b/pum1/dlc/cactin/mib1/efnb2a/cdh2/naa50/itga5/mef2aa/crim1/gadd45bb/notch1a/ldb3a",18
"GO:0032535","regulation of cellular component size","25/2534","183/18773",0.136612021857924,1.01208267022052,0.0648825200040908,0.507075368905581,0.972598259213303,0.855941942533562,"cttn/lamtor4/arhgap35a/mapk14a/nck1b/twf1b/clns1a/brk1/arpc5lb/tmod2/arpc5a/sptan1/gsna/arpc5la/capza1a/slc12a7a/baiap2a/mtpn/unc45a/cyfip1/cdc42ep1a/arhgap35b/evla/si:dkey-40c11.2/kank3",25
"GO:0045597","positive regulation of cell differentiation","25/2534","183/18773",0.136612021857924,1.01208267022052,0.0648825200040908,0.507075368905581,0.972598259213303,0.855941942533562,"h2az2a/chd7/tnfrsf1b/mapk14a/metrnla/tmem119b/edn1/fmr1/ccn1l2/ddx46/akirin1/brd4/sox6/ambra1b/znf16l/zc4h2/grnb/notch1a/numb/hdac1/serpinf1/brinp3b/si:dkey-40c11.2/opa1/fxr2",25
"GO:0008643","carbohydrate transport","6/2534","42/18773",0.142857142857143,1.05834930657346,0.14954049009308,0.508126081820066,0.972669540930832,0.856004674510708,"aqp7/akt2/tmem144a/mfsd12a/aqp3a/mfsd2ab",6
"GO:1902749","regulation of cell cycle G2/M phase transition","6/2534","42/18773",0.142857142857143,1.05834930657346,0.14954049009308,0.508126081820066,0.972669540930832,0.856004674510708,"ccnd1/cdc25b/mre11a/nabp1a/dyrk3/orc1",6
"GO:1903432","regulation of TORC1 signaling","6/2534","42/18773",0.142857142857143,1.05834930657346,0.14954049009308,0.508126081820066,0.972669540930832,0.856004674510708,"seh1l/lamtor4/nprl2/lamtor2/lamtor3/depdc5",6
"GO:0001755","neural crest cell migration","15/2534","109/18773",0.137614678899083,1.01951079991021,0.0806983952124148,0.510271586769771,0.975516954799905,0.858510561124429,"nrp2a/sema3ab/chd7/sema3fb/rcc2/fscn1a/nrp2b/acvr2aa/cdh2/nrp1b/sema4c/pax6b/sema3fa/dmxl2/atp6v0a1a",15
"GO:0030203","glycosaminoglycan metabolic process","8/2534","57/18773",0.140350877192982,1.03978177487919,0.118821218620309,0.510968936380082,0.975516954799905,0.858510561124429,"hyal2b/cemip2/hexa/gnsb/gnsa/sgsh/hyal2a/kctd10",8
"GO:0044843","cell cycle G1/S phase transition","8/2534","57/18773",0.140350877192982,1.03978177487919,0.118821218620309,0.510968936380082,0.975516954799905,0.858510561124429,"ccnd1/psme1/plk3/psme3/rbl1/ambra1b/ccng1/ccnb2",8
"GO:0045664","regulation of neuron differentiation","8/2534","57/18773",0.140350877192982,1.03978177487919,0.118821218620309,0.510968936380082,0.975516954799905,0.858510561124429,"gnl3/eed/mib1/gnl2/appb/cdh2/zc4h2/brinp3b",8
"GO:0007517","muscle organ development","31/2534","228/18773",0.135964912280702,1.00728859441421,0.0437397932301562,0.512175909925284,0.977173256908477,0.859968201451054,"hdgfl2/kif5ba/tango2/hnrnpl2/dag1/bag3/dysf/cemip2/rbx1/selenon/inpp5ka/taf3/rbfox1/prmt5/itgb1b/myo9aa/ngly1/acta1b/marcksb/neu1/sox6/ambra1b/golga2/qkia/lamb1a/ilk/dnajb6a/spry4/desma/myl1/ldb3a",31
"GO:0015850","organic hydroxy compound transport","12/2534","87/18773",0.137931034482759,1.02185450289851,0.080708880568215,0.515244402590003,0.980469074664734,0.862868709061266,"slc16a1b/nus1/npc1/stab2/aqp7/abca1a/relch/apobb.1/vps18/apoeb/aqp3a/stab1",12
"GO:0048881","mechanosensory lateral line system development","12/2534","87/18773",0.137931034482759,1.02185450289851,0.080708880568215,0.515244402590003,0.980469074664734,0.862868709061266,"canx/socs3a/edn1/esr1/tgfb1a/mib1/hoxb8a/gna13a/kif1b/rtn4a/gna12a/ctnnd1",12
"GO:0072330","monocarboxylic acid biosynthetic process","12/2534","87/18773",0.137931034482759,1.02185450289851,0.080708880568215,0.515244402590003,0.980469074664734,0.862868709061266,"ndufab1b/elovl1b/kdm1a/ndufab1a/hacd3/dcaf5/acsbg2/elovl8b/fgfr4/hacd1/park7/wdtc1",12
"GO:0032970","regulation of actin filament-based process","28/2534","206/18773",0.135922330097087,1.00697312664271,0.0397529379991966,0.515265616522314,0.980469074664734,0.862868709061266,"hspd1/cttn/abracl/nck1b/ap1ar/wasf3b/twf1b/brk1/neb/arpc5lb/tmod2/arpc5a/sptan1/gsna/gna13a/arpc5la/capza1a/baiap2a/gmfb/gna12a/rac1a/mtpn/cyfip1/cdc42ep1a/evla/si:dkey-40c11.2/kank3/arfip1",28
"GO:0003044","regulation of systemic arterial blood pressure mediated by a chemical signal","3/2534","20/18773",0.15,1.11126677190213,0.196663627947215,0.51881075477086,0.983315446336607,0.865373678482007,"avpr1ab/edn1/adrb2a",3
"GO:0016601","Rac protein signal transduction","3/2534","20/18773",0.15,1.11126677190213,0.196663627947215,0.51881075477086,0.983315446336607,0.865373678482007,"robo4/rac1a/arhgap24",3
"GO:0030518","nuclear receptor-mediated steroid hormone signaling pathway","3/2534","20/18773",0.15,1.11126677190213,0.196663627947215,0.51881075477086,0.983315446336607,0.865373678482007,"esr1/nr3c1/cnot9",3
"GO:0031345","negative regulation of cell projection organization","3/2534","20/18773",0.15,1.11126677190213,0.196663627947215,0.51881075477086,0.983315446336607,0.865373678482007,"socs3a/sfpq/arhgap24",3
"GO:0046514","ceramide catabolic process","3/2534","20/18773",0.15,1.11126677190213,0.196663627947215,0.51881075477086,0.983315446336607,0.865373678482007,"hexa/neu1/asah1b",3
"GO:0106027","neuron projection organization","3/2534","20/18773",0.15,1.11126677190213,0.196663627947215,0.51881075477086,0.983315446336607,0.865373678482007,"fmr1/kif1b/si:dkey-40c11.2",3
"GO:0002065","columnar/cuboidal epithelial cell differentiation","7/2534","50/18773",0.14,1.03718232044199,0.103995060045538,0.520793036893777,0.985126907501435,0.866967867627997,"cdkal1/thada/cdk5/pax6b/dhps/ide/agr2",7
"GO:0051302","regulation of cell division","7/2534","50/18773",0.14,1.03718232044199,0.103995060045538,0.520793036893777,0.985126907501435,0.866967867627997,"tp53/birc6/tgfb1a/cspp1b/mtrex/ikbkb/cdc14ab",7
"GO:0071216","cellular response to biotic stimulus","7/2534","50/18773",0.14,1.03718232044199,0.103995060045538,0.520793036893777,0.985126907501435,0.866967867627997,"cd276/tmco1/tnip1/tet3/si:dkey-169i5.4/tet1/notch2",7
"GO:0042770","signal transduction in response to DNA damage","8/2534","58/18773",0.137931034482759,1.02185450289851,0.0658474484081035,0.531688618727515,0.99579580072339,0.876357102188699,"tp53/ccnd1/prpf19/usp10/mre11a/tipin/yju2/ufl1",8
"GO:0008589","regulation of smoothened signaling pathway","6/2534","43/18773",0.13953488372093,1.03373653200198,0.0874872393891477,0.532216993978387,0.99579580072339,0.876357102188699,"gas8/lztfl1/mgrn1a/rerea/qkia/intu",6
"GO:0031348","negative regulation of defense response","6/2534","43/18773",0.13953488372093,1.03373653200198,0.0874872393891477,0.532216993978387,0.99579580072339,0.876357102188699,"parp1/metrnla/pias4a/trafd1/grnb/nlrc3l",6
"GO:0035850","epithelial cell differentiation involved in kidney development","6/2534","43/18773",0.13953488372093,1.03373653200198,0.0874872393891477,0.532216993978387,0.99579580072339,0.876357102188699,"iqgap2/myh9a/kirrel3l/slc43a1a/etv5a/prkci",6
"GO:0099173","postsynapse organization","6/2534","43/18773",0.13953488372093,1.03373653200198,0.0874872393891477,0.532216993978387,0.99579580072339,0.876357102188699,"arhgef9b/fmr1/tmem108/abhd17c/mesd/si:dkey-40c11.2",6
"GO:0007409","axonogenesis","60/2534","446/18773",0.134529147982063,0.99665181336514,-0.0282689927879088,0.53276265904002,0.99579580072339,0.876357102188699,"nrp2a/pcdh17/nop56/sema3ab/sema3fb/kif5ba/cpsf1/arhgap35a/mapk14a/robo4/pitpnaa/snx27a/top2b/dag1/sfpq/clns1a/robo1/ubap1/dpysl2b/flt4/uba1/efna1b/ist1/ppp1r12a/nrp2b/mapk3/fus/cln3/efnb2a/map1sa/appb/cdh2/myo9aa/ngly1/kif1b/elp3/efna3b/pin1/rtn4a/vangl2/grnb/agrn/rac1a/cdk5/nrp1b/lamb1a/slbp/sema4c/notch1a/trip4/cyfip1/asah1b/arhgap35b/sema3fa/evla/si:dkey-40c11.2/pak2a/ptprfa/als2a/gap43",60
"GO:0002066","columnar/cuboidal epithelial cell development","4/2534","28/18773",0.142857142857143,1.05834930657346,0.12205369445742,0.534071008795675,0.99579580072339,0.876357102188699,"cdkal1/thada/dhps/ide",4
"GO:0002274","myeloid leukocyte activation","4/2534","28/18773",0.142857142857143,1.05834930657346,0.12205369445742,0.534071008795675,0.99579580072339,0.876357102188699,"kars1/sgsh/grnb/ptenb",4
"GO:0008299","isoprenoid biosynthetic process","4/2534","28/18773",0.142857142857143,1.05834930657346,0.12205369445742,0.534071008795675,0.99579580072339,0.876357102188699,"kdm1a/nus1/fdps/pdss2",4
"GO:0042398","cellular modified amino acid biosynthetic process","4/2534","28/18773",0.142857142857143,1.05834930657346,0.12205369445742,0.534071008795675,0.99579580072339,0.876357102188699,"gclm/mthfs/aldh9a1b/ptdss2",4
"GO:0043543","protein acylation","4/2534","28/18773",0.142857142857143,1.05834930657346,0.12205369445742,0.534071008795675,0.99579580072339,0.876357102188699,"nmt1a/zdhhc9/naa50/zdhhc16a",4
"GO:0051223","regulation of protein transport","4/2534","28/18773",0.142857142857143,1.05834930657346,0.12205369445742,0.534071008795675,0.99579580072339,0.876357102188699,"oaz1a/edn1/marcksb/oaz1b",4
"GO:0072015","podocyte development","4/2534","28/18773",0.142857142857143,1.05834930657346,0.12205369445742,0.534071008795675,0.99579580072339,0.876357102188699,"iqgap2/myh9a/kirrel3l/slc43a1a",4
"GO:0072310","glomerular epithelial cell development","4/2534","28/18773",0.142857142857143,1.05834930657346,0.12205369445742,0.534071008795675,0.99579580072339,0.876357102188699,"iqgap2/myh9a/kirrel3l/slc43a1a",4
"GO:1901343","negative regulation of vasculature development","4/2534","28/18773",0.142857142857143,1.05834930657346,0.12205369445742,0.534071008795675,0.99579580072339,0.876357102188699,"tp53/sars1/serpinf1/ptenb",4
"GO:1905517","macrophage migration","4/2534","28/18773",0.142857142857143,1.05834930657346,0.12205369445742,0.534071008795675,0.99579580072339,0.876357102188699,"asap1a/akirin1/cdc42l/hmox1a",4
"GO:0090497","mesenchymal cell migration","15/2534","111/18773",0.135135135135135,1.00114123594787,0.00476361634837638,0.540258925151688,0.99579580072339,0.876357102188699,"nrp2a/sema3ab/chd7/sema3fb/rcc2/fscn1a/nrp2b/acvr2aa/cdh2/nrp1b/sema4c/pax6b/sema3fa/dmxl2/atp6v0a1a",15
"GO:0000002","mitochondrial genome maintenance","2/2534","13/18773",0.153846153846154,1.13976079169449,0.199122138766926,0.540268510152808,0.99579580072339,0.876357102188699,"ssbp1/slc25a36a",2
"GO:0001541","ovarian follicle development","2/2534","13/18773",0.153846153846154,1.13976079169449,0.199122138766926,0.540268510152808,0.99579580072339,0.876357102188699,"sox3/pgrmc1",2
"GO:0003229","ventricular cardiac muscle tissue development","2/2534","13/18773",0.153846153846154,1.13976079169449,0.199122138766926,0.540268510152808,0.99579580072339,0.876357102188699,"rbx1/rbfox1",2
"GO:0006560","proline metabolic process","2/2534","13/18773",0.153846153846154,1.13976079169449,0.199122138766926,0.540268510152808,0.99579580072339,0.876357102188699,"aldh18a1/pycr1b",2
"GO:0006904","vesicle docking involved in exocytosis","2/2534","13/18773",0.153846153846154,1.13976079169449,0.199122138766926,0.540268510152808,0.99579580072339,0.876357102188699,"stxbp3/vps18",2
"GO:0019367","fatty acid elongation, saturated fatty acid","2/2534","13/18773",0.153846153846154,1.13976079169449,0.199122138766926,0.540268510152808,0.99579580072339,0.876357102188699,"elovl1b/elovl8b",2
"GO:0019368","fatty acid elongation, unsaturated fatty acid","2/2534","13/18773",0.153846153846154,1.13976079169449,0.199122138766926,0.540268510152808,0.99579580072339,0.876357102188699,"elovl1b/elovl8b",2
"GO:0022011","myelination in peripheral nervous system","2/2534","13/18773",0.153846153846154,1.13976079169449,0.199122138766926,0.540268510152808,0.99579580072339,0.876357102188699,"chd7/sptan1",2
"GO:0031114","regulation of microtubule depolymerization","2/2534","13/18773",0.153846153846154,1.13976079169449,0.199122138766926,0.540268510152808,0.99579580072339,0.876357102188699,"camsap2b/map1sa",2
"GO:0034248","regulation of amide metabolic process","2/2534","13/18773",0.153846153846154,1.13976079169449,0.199122138766926,0.540268510152808,0.99579580072339,0.876357102188699,"tigarb/bckdk",2
"GO:0034625","fatty acid elongation, monounsaturated fatty acid","2/2534","13/18773",0.153846153846154,1.13976079169449,0.199122138766926,0.540268510152808,0.99579580072339,0.876357102188699,"elovl1b/elovl8b",2
"GO:0034626","fatty acid elongation, polyunsaturated fatty acid","2/2534","13/18773",0.153846153846154,1.13976079169449,0.199122138766926,0.540268510152808,0.99579580072339,0.876357102188699,"elovl1b/elovl8b",2
"GO:0045744","negative regulation of G protein-coupled receptor signaling pathway","2/2534","13/18773",0.153846153846154,1.13976079169449,0.199122138766926,0.540268510152808,0.99579580072339,0.876357102188699,"arrb2a/mgrn1a",2
"GO:0048008","platelet-derived growth factor receptor signaling pathway","2/2534","13/18773",0.153846153846154,1.13976079169449,0.199122138766926,0.540268510152808,0.99579580072339,0.876357102188699,"phf14/pdgfbb",2
"GO:0048898","anterior lateral line system development","2/2534","13/18773",0.153846153846154,1.13976079169449,0.199122138766926,0.540268510152808,0.99579580072339,0.876357102188699,"edn1/mib1",2
"GO:0048923","posterior lateral line neuromast hair cell differentiation","2/2534","13/18773",0.153846153846154,1.13976079169449,0.199122138766926,0.540268510152808,0.99579580072339,0.876357102188699,"socs3a/tgfb1a",2
"GO:0061842","microtubule organizing center localization","2/2534","13/18773",0.153846153846154,1.13976079169449,0.199122138766926,0.540268510152808,0.99579580072339,0.876357102188699,"nin/ints13",2
"GO:0070536","protein K63-linked deubiquitination","2/2534","13/18773",0.153846153846154,1.13976079169449,0.199122138766926,0.540268510152808,0.99579580072339,0.876357102188699,"spata2/yod1",2
"GO:0071698","olfactory placode development","2/2534","13/18773",0.153846153846154,1.13976079169449,0.199122138766926,0.540268510152808,0.99579580072339,0.876357102188699,"htt/tfap2c",2
"GO:0072529","pyrimidine-containing compound catabolic process","2/2534","13/18773",0.153846153846154,1.13976079169449,0.199122138766926,0.540268510152808,0.99579580072339,0.876357102188699,"dut/aldh6a1",2
"GO:1901655","cellular response to ketone","2/2534","13/18773",0.153846153846154,1.13976079169449,0.199122138766926,0.540268510152808,0.99579580072339,0.876357102188699,"nr3c1/park7",2
"GO:1901797","negative regulation of signal transduction by p53 class mediator","2/2534","13/18773",0.153846153846154,1.13976079169449,0.199122138766926,0.540268510152808,0.99579580072339,0.876357102188699,"prpf19/yju2",2
"GO:1902108","regulation of mitochondrial membrane permeability involved in apoptotic process","2/2534","13/18773",0.153846153846154,1.13976079169449,0.199122138766926,0.540268510152808,0.99579580072339,0.876357102188699,"rhot1a/slc35f6",2
"GO:0006006","glucose metabolic process","9/2534","66/18773",0.136363636363636,1.01024251991103,0.0329272642238621,0.541300898685357,0.996691971222041,0.8771457833427,"pdhb/rreb1b/pdha1a/foxo1a/arpp19a/pcxa/rreb1a/nr4a1/bckdk",9
"GO:0030155","regulation of cell adhesion","23/2534","171/18773",0.134502923976608,0.996457534259221,-0.0183824262044607,0.541447114620102,0.996691971222041,0.8771457833427,"hspd1/cd276/acvr1l/robo4/hs2st1a/ap1ar/htt/zgc:153631/ppp1r12a/gna13a/appb/brd4/zeb1b/ambra1b/gna12a/tet3/flot1b/si:dkey-169i5.4/znf703/opa1/zgc:101783/lims1/agr2",23
"GO:0044839","cell cycle G2/M phase transition","7/2534","51/18773",0.137254901960784,1.01684541219803,0.0475849423102859,0.542811031839471,0.998564192118745,0.878793444518316,"ccnd1/cdc25b/tpd52l1/mre11a/nabp1a/dyrk3/orc1",7
"GO:0006954","inflammatory response","31/2534","231/18773",0.134199134199134,0.994206924356885,-0.0349957929224029,0.543421840106814,0.999049474883472,0.879220521030518,"cnbpa/utp25/pycard/metrnla/relb/uhrf1/rel/dpp9/lta4h/uba1/il4r.1/atp5if1a/zdhhc9/sgk1/nfkb2/zgc:195173/brd4/spata2/caspa/gmfb/tlr5a/sgsh/grnb/ufl1/nlrc3l/nr4a1/park7/tlr5b/nek7/nrros/nsmaf",31
"GO:0010638","positive regulation of organelle organization","16/2534","119/18773",0.134453781512605,0.996093465010313,-0.0168872195683728,0.547490543575622,0.999999999999988,0.880057037348484,"clip1a/setdb1a/nck1b/wasf3b/lnpa/setdb1b/baiap2a/lnpk/mief1/tapt1a/anapc5/fyco1a/anapc11/cdc42ep1a/evla/nek7",16
"GO:0099111","microtubule-based transport","16/2534","119/18773",0.134453781512605,0.996093465010313,-0.0168872195683728,0.547490543575622,0.999999999999988,0.880057037348484,"kif5ba/ruvbl1/psen2/mcamb/gas8/arl8bb/ap3d1/rhot1a/rpgrb/copg2/tmem108/kif1b/arl8a/fyco1a/vezt/pafah1b1b",16
"GO:0008285","negative regulation of cell population proliferation","12/2534","89/18773",0.134831460674157,0.998891480361466,-0.00414078234187353,0.548666645051754,0.999999999999988,0.880057037348484,"cd276/nf2b/tsc1a/zgc:153631/akirin1/cdh2/etv5a/men1/phf14/hdac1/si:dkey-169i5.4/ptenb",12
"GO:0072073","kidney epithelium development","10/2534","74/18773",0.135135135135135,1.00114123594787,0.00388562647228707,0.549939311322551,0.999999999999988,0.880057037348484,"iqgap2/myh9a/atp6v0d1/kirrel3l/tbx2b/slc43a1a/mib1/etv5a/prkci/ctns",10
"GO:0002218","activation of innate immune response","8/2534","59/18773",0.135593220338983,1.00453493505277,0.0137813798156961,0.55207175941503,0.999999999999988,0.880057037348484,"pycard/gramd4b/lgr4/tbk1/tlr5a/trim25/tlr5b/nek7",8
"GO:0002696","positive regulation of leukocyte activation","8/2534","59/18773",0.135593220338983,1.00453493505277,0.0137813798156961,0.55207175941503,0.999999999999988,0.880057037348484,"hspd1/cd276/kars1/ddx46/brd4/ambra1b/si:dkey-169i5.4/opa1",8
"GO:0007265","Ras protein signal transduction","8/2534","59/18773",0.135593220338983,1.00453493505277,0.0137813798156961,0.55207175941503,0.999999999999988,0.880057037348484,"ralaa/rasa3/rassf1/rasgrp3/spry4/rabl3/nras/ksr1b",8
"GO:0048048","embryonic eye morphogenesis","8/2534","59/18773",0.135593220338983,1.00453493505277,0.0137813798156961,0.55207175941503,0.999999999999988,0.880057037348484,"smarca4a/mib1/rerea/efnb2a/cdh2/vangl2/cct3/znf703",8
"GO:0050867","positive regulation of cell activation","8/2534","59/18773",0.135593220338983,1.00453493505277,0.0137813798156961,0.55207175941503,0.999999999999988,0.880057037348484,"hspd1/cd276/kars1/ddx46/brd4/ambra1b/si:dkey-169i5.4/opa1",8
"GO:0002699","positive regulation of immune effector process","3/2534","21/18773",0.142857142857143,1.05834930657346,0.105681869323435,0.553189142880221,0.999999999999988,0.880057037348484,"zgc:153631/brd4/opa1",3
"GO:0003208","cardiac ventricle morphogenesis","3/2534","21/18773",0.142857142857143,1.05834930657346,0.105681869323435,0.553189142880221,0.999999999999988,0.880057037348484,"rbx1/rbfox1/ilk",3
"GO:0010507","negative regulation of autophagy","3/2534","21/18773",0.142857142857143,1.05834930657346,0.105681869323435,0.553189142880221,0.999999999999988,0.880057037348484,"tmem39a/ap3d1/dap",3
"GO:0044804","nucleophagy","3/2534","21/18773",0.142857142857143,1.05834930657346,0.105681869323435,0.553189142880221,0.999999999999988,0.880057037348484,"snx7/atg3/wipi1",3
"GO:0044818","mitotic G2/M transition checkpoint","3/2534","21/18773",0.142857142857143,1.05834930657346,0.105681869323435,0.553189142880221,0.999999999999988,0.880057037348484,"mre11a/nabp1a/orc1",3
"GO:0045879","negative regulation of smoothened signaling pathway","3/2534","21/18773",0.142857142857143,1.05834930657346,0.105681869323435,0.553189142880221,0.999999999999988,0.880057037348484,"lztfl1/mgrn1a/rerea",3
"GO:0046128","purine ribonucleoside metabolic process","3/2534","21/18773",0.142857142857143,1.05834930657346,0.105681869323435,0.553189142880221,0.999999999999988,0.880057037348484,"adka/hprt1/aprt",3
"GO:0046545","development of primary female sexual characteristics","3/2534","21/18773",0.142857142857143,1.05834930657346,0.105681869323435,0.553189142880221,0.999999999999988,0.880057037348484,"lhfpl2a/sox3/pgrmc1",3
"GO:0046631","alpha-beta T cell activation","3/2534","21/18773",0.142857142857143,1.05834930657346,0.105681869323435,0.553189142880221,0.999999999999988,0.880057037348484,"zgc:153631/brd4/opa1",3
"GO:0050830","defense response to Gram-positive bacterium","3/2534","21/18773",0.142857142857143,1.05834930657346,0.105681869323435,0.553189142880221,0.999999999999988,0.880057037348484,"hsp90b1/zgc:153631/ppp1r11",3
"GO:0060038","cardiac muscle cell proliferation","3/2534","21/18773",0.142857142857143,1.05834930657346,0.105681869323435,0.553189142880221,0.999999999999988,0.880057037348484,"smarca4a/ndrg4/hdac1",3
"GO:0071542","dopaminergic neuron differentiation","3/2534","21/18773",0.142857142857143,1.05834930657346,0.105681869323435,0.553189142880221,0.999999999999988,0.880057037348484,"manf/park7/sncgb",3
"GO:0030902","hindbrain development","19/2534","142/18773",0.133802816901408,0.991270829396267,-0.0412456362990031,0.553819556881127,0.999999999999988,0.880057037348484,"nop56/sfpq/mcm5/brf1b/raraa/mib1/acvr2aa/efnb2a/cdh2/prkci/vangl2/pknox1.1/spry4/hdac1/mafba/pax6b/znf703/chmp1a/cep290",19
"GO:0044093","positive regulation of molecular function","15/2534","112/18773",0.133928571428571,0.992202474912617,-0.0326946936783748,0.555034913488555,0.999999999999988,0.880057037348484,"rad21a/ssbp1/tp53/ube2nb/pycard/hip1/asap1a/psme1/diablob/psme3/myo9aa/fzr1b/cops5/sox3/park7",15
"GO:0060119","inner ear receptor cell development","6/2534","44/18773",0.136363636363636,1.01024251991103,0.0268692038007816,0.55579835968487,0.999999999999988,0.880057037348484,"myo7aa/slc26a2/vdrb/mif/cdh2/cops5",6
"GO:0061005","cell differentiation involved in kidney development","6/2534","44/18773",0.136363636363636,1.01024251991103,0.0268692038007816,0.55579835968487,0.999999999999988,0.880057037348484,"iqgap2/myh9a/kirrel3l/slc43a1a/etv5a/prkci",6
"GO:1990138","neuron projection extension","13/2534","97/18773",0.134020618556701,0.992884401012213,-0.0277545593330772,0.556146836862857,0.999999999999988,0.880057037348484,"pcdh17/llph/clns1a/ubap1/ist1/fus/tmem108/appb/myo9aa/kif1b/grnb/cyfip1/si:dkey-40c11.2",13
"GO:0048741","skeletal muscle fiber development","11/2534","82/18773",0.134146341463415,0.993815812270199,-0.0221693142382358,0.557812114955884,0.999999999999988,0.880057037348484,"tango2/hnrnpl2/dag1/selenon/inpp5ka/prmt5/myo9aa/acta1b/neu1/ambra1b/spry4",11
"GO:0060173","limb development","11/2534","82/18773",0.134146341463415,0.993815812270199,-0.0221693142382358,0.557812114955884,0.999999999999988,0.880057037348484,"aldh7a1/hnrnpul1/ep300b/ep300a/nipblb/cdh2/etv5a/intu/sec23a/kctd10/nipbla",11
"GO:0070121","Kupffer's vesicle development","11/2534","82/18773",0.134146341463415,0.993815812270199,-0.0221693142382358,0.557812114955884,0.999999999999988,0.880057037348484,"atp6ap1b/dnmt1/wdr18/mbd3b/rab11a/akap12b/itgb1b/cnpy1/gmnn/dnmt3bb.1/bbip1",11
"GO:0031214","biomineral tissue development","9/2534","67/18773",0.134328358208955,0.995164273345192,-0.0156634569344265,0.560350956907299,0.999999999999988,0.880057037348484,"chd7/atp6v1h/tmem119b/lgr4/atf4a/galnt2/nr3c1/ptenb/cep290",9
"GO:0061157","mRNA destabilization","9/2534","67/18773",0.134328358208955,0.995164273345192,-0.0156634569344265,0.560350956907299,0.999999999999988,0.880057037348484,"cnot3a/rc3h2/tnrc6c2/sb:cb81/cnot3b/pde12/dcp2/zfp36l1a/cnot2",9
"GO:0051726","regulation of cell cycle","62/2534","465/18773",0.133333333333333,0.987792686135228,-0.10529435113898,0.562964698345169,0.999999999999988,0.880057037348484,"npm1a/pes/csnk2a2a/tp53/ccnd1/gnl3/cdc25b/rcc1/wdr12/zgc:86598/tbrg1/cdk5rap3/jun/ywhae2/ssrp1a/gadd45ab/psme1/mre11a/rcc2/tipin/ube2ib/ewsr1a/ywhae1/birc6/tsc1a/plk3/tfdp1b/psme3/ints13/si:ch211-244o22.2/ddb1/gnl2/birc2/anapc2/mdm4/rbl1/cspp1b/mdm1/chordc1b/gmnn/mad2l1bp/ambra1b/nabp1a/tprb/men1/csnk2a1/dyrk3/cdk5/fbxw5/pgrmc1/ufl1/anapc5/gadd45bb/orc1/csnk2a2b/anapc11/brinp3b/ikbkb/cdc14ab/cks1b/cdk11b/anapc4",62
"GO:0003094","glomerular filtration","4/2534","29/18773",0.137931034482759,1.02185450289851,0.0465251445142042,0.56307226473,0.999999999999988,0.880057037348484,"iqgap2/myh9a/cd2ap/ctns",4
"GO:0008286","insulin receptor signaling pathway","4/2534","29/18773",0.137931034482759,1.02185450289851,0.0465251445142042,0.56307226473,0.999999999999988,0.880057037348484,"pik3r2/gsk3ab/inpp5ka/pik3r1",4
"GO:0010453","regulation of cell fate commitment","4/2534","29/18773",0.137931034482759,1.02185450289851,0.0465251445142042,0.56307226473,0.999999999999988,0.880057037348484,"brd4/dusp6/notch1a/opa1",4
"GO:0035987","endodermal cell differentiation","4/2534","29/18773",0.137931034482759,1.02185450289851,0.0465251445142042,0.56307226473,0.999999999999988,0.880057037348484,"aplnrb/dhx16/dusp6/notch1a",4
"GO:0048644","muscle organ morphogenesis","4/2534","29/18773",0.137931034482759,1.02185450289851,0.0465251445142042,0.56307226473,0.999999999999988,0.880057037348484,"dysf/cemip2/rbx1/rbfox1",4
"GO:0051147","regulation of muscle cell differentiation","4/2534","29/18773",0.137931034482759,1.02185450289851,0.0465251445142042,0.56307226473,0.999999999999988,0.880057037348484,"mapk14a/hnrnpl2/prmt5/neu1",4
"GO:2000243","positive regulation of reproductive process","4/2534","29/18773",0.137931034482759,1.02185450289851,0.0465251445142042,0.56307226473,0.999999999999988,0.880057037348484,"cdc25b/ptbp1a/lhfpl2a/prdm9",4
"GO:0032956","regulation of actin cytoskeleton organization","27/2534","203/18773",0.133004926108374,0.985359699223564,-0.082845896773151,0.564374121863617,0.999999999999988,0.880057037348484,"hspd1/cttn/nck1b/ap1ar/wasf3b/twf1b/brk1/neb/arpc5lb/tmod2/arpc5a/sptan1/gsna/gna13a/arpc5la/capza1a/baiap2a/gmfb/gna12a/rac1a/mtpn/cyfip1/cdc42ep1a/evla/si:dkey-40c11.2/kank3/arfip1",27
"GO:0030282","bone mineralization","7/2534","52/18773",0.134615384615385,0.997290692732682,-0.0077281287583687,0.564396632660158,0.999999999999988,0.880057037348484,"chd7/atp6v1h/tmem119b/lgr4/atf4a/galnt2/nr3c1",7
"GO:0000280","nuclear division","23/2534","173/18773",0.132947976878613,0.984937793978767,-0.0786201920191695,0.565245173195361,0.999999999999988,0.880057037348484,"gnl3/rcc1/seh1l/bccip/ska2/ube2ib/ewsr1a/top2b/si:ch211-244o22.2/tmpoa/gnl2/mad2l1bp/tprb/clasp2/mis12/banf1/chmp7/racgap1/anapc5/anapc11/cdc14ab/abraxas2/prdm9",23
"GO:0016311","dephosphorylation","26/2534","196/18773",0.13265306122449,0.982752927532497,-0.0958814449766008,0.570086997501557,0.999999999999988,0.880057037348484,"ppm1g/cdc25b/ppp2r1bb/tpte/plpp5/ppp2r1ba/ptp4a2a/ptpn1/acp1/ptp4a2b/inpp5ka/styx/mtmr6/ptprea/dusp12/ptpn23a/ptpmt1/dusp6/ctdnep1a/ppp2r5ea/cdc14ab/ilkap/pip4p1b/ptenb/ptpn11a/ptprfa",26
"GO:0048285","organelle fission","26/2534","196/18773",0.13265306122449,0.982752927532497,-0.0958814449766008,0.570086997501557,0.999999999999988,0.880057037348484,"gnl3/rcc1/seh1l/bccip/ska2/ube2ib/ewsr1a/top2b/si:ch211-244o22.2/tmpoa/gnl2/mad2l1bp/mief1/tprb/clasp2/mis12/dnm1l/banf1/chmp7/racgap1/anapc5/anapc11/cdc14ab/abraxas2/fis1/prdm9",26
"GO:0006518","peptide metabolic process","5/2534","37/18773",0.135135135135135,1.00114123594787,0.00274483854254679,0.571427505346937,0.999999999999988,0.880057037348484,"gclm/thop1/lta4h/lancl2/ide",5
"GO:0006641","triglyceride metabolic process","5/2534","37/18773",0.135135135135135,1.00114123594787,0.00274483854254679,0.571427505346937,0.999999999999988,0.880057037348484,"mboat7/cnep1r1/lpin2/apobb.1/ctdnep1a",5
"GO:0007088","regulation of mitotic nuclear division","5/2534","37/18773",0.135135135135135,1.00114123594787,0.00274483854254679,0.571427505346937,0.999999999999988,0.880057037348484,"ube2ib/ewsr1a/si:ch211-244o22.2/anapc5/anapc11",5
"GO:0008637","apoptotic mitochondrial changes","5/2534","37/18773",0.135135135135135,1.00114123594787,0.00274483854254679,0.571427505346937,0.999999999999988,0.880057037348484,"hspd1/atg3/rhot1a/slc35f6/dnm1l",5
"GO:0048167","regulation of synaptic plasticity","5/2534","37/18773",0.135135135135135,1.00114123594787,0.00274483854254679,0.571427505346937,0.999999999999988,0.880057037348484,"rab5ab/fmr1/atf4a/camk2g1/fxr2",5
"GO:0048262","determination of dorsal/ventral asymmetry","5/2534","37/18773",0.135135135135135,1.00114123594787,0.00274483854254679,0.571427505346937,0.999999999999988,0.880057037348484,"acvr1l/ppp4cb/tll1/mgaa/hdac1",5
"GO:0070918","regulatory ncRNA processing","5/2534","37/18773",0.135135135135135,1.00114123594787,0.00274483854254679,0.571427505346937,0.999999999999988,0.880057037348484,"eif1axb/pum1/tarbp2/dgcr8/srrt",5
"GO:0014904","myotube cell development","11/2534","83/18773",0.132530120481928,0.981842127785015,-0.0654904972765384,0.574796759595734,0.999999999999988,0.880057037348484,"tango2/hnrnpl2/dag1/selenon/inpp5ka/prmt5/myo9aa/acta1b/neu1/ambra1b/spry4",11
"GO:0031349","positive regulation of defense response","11/2534","83/18773",0.132530120481928,0.981842127785015,-0.0654904972765384,0.574796759595734,0.999999999999988,0.880057037348484,"pycard/cnbpb/gramd4b/lgr4/tbk1/zdhhc9/caspa/tlr5a/trim25/tlr5b/nek7",11
"GO:0008015","blood circulation","38/2534","287/18773",0.132404181184669,0.980909113409547,-0.12874326203372,0.577691641546277,0.999999999999988,0.880057037348484,"hspd1/adma/rad21a/dlst/chd7/apex1/atp2a2b/emd/agtrap/vcp/npc1/avpr1ab/tango2/strip1/bag3/edn1/dsc2l/vezf1b/tbx2b/rbfox1/itgb1b/tmem161b/vapb/ankhd1/bin1b/tnnt2c/erp44/crip2/ogdhb/unc45a/ilk/tjp1a/prcp/desma/surf1/lims1/ogdha/adrb2a",38
"GO:0050779","RNA destabilization","9/2534","68/18773",0.132352941176471,0.980529504619527,-0.063537707127491,0.579063961589907,0.999999999999988,0.880057037348484,"cnot3a/rc3h2/tnrc6c2/sb:cb81/cnot3b/pde12/dcp2/zfp36l1a/cnot2",9
"GO:1902904","negative regulation of supramolecular fiber organization","9/2534","68/18773",0.132352941176471,0.980529504619527,-0.063537707127491,0.579063961589907,0.999999999999988,0.880057037348484,"twf1b/tmod2/sptan1/camsap2b/gsna/capza1a/gmfb/mtpn/kank3",9
"GO:0007219","Notch signaling pathway","17/2534","129/18773",0.131782945736434,0.976306724668539,-0.106666819633642,0.581621515195641,0.999999999999988,0.880057037348484,"tcima/ptbp1a/dtx2/nle1/psen2/dlc/mib1/appb/itgb1b/psen1/uchl3/tet3/dlb/pofut1/notch1a/neurl1aa/notch2",17
"GO:0000028","ribosomal small subunit assembly","2/2534","14/18773",0.142857142857143,1.05834930657346,0.0862727839357008,0.581856238184961,0.999999999999988,0.880057037348484,"abt1/pwp2h",2
"GO:0000097","sulfur amino acid biosynthetic process","2/2534","14/18773",0.142857142857143,1.05834930657346,0.0862727839357008,0.581856238184961,0.999999999999988,0.880057037348484,"cbsb/adi1",2
"GO:0000963","mitochondrial RNA processing","2/2534","14/18773",0.142857142857143,1.05834930657346,0.0862727839357008,0.581856238184961,0.999999999999988,0.880057037348484,"fastk/supv3l1",2
"GO:0001990","regulation of systemic arterial blood pressure by hormone","2/2534","14/18773",0.142857142857143,1.05834930657346,0.0862727839357008,0.581856238184961,0.999999999999988,0.880057037348484,"avpr1ab/edn1",2
"GO:0005979","regulation of glycogen biosynthetic process","2/2534","14/18773",0.142857142857143,1.05834930657346,0.0862727839357008,0.581856238184961,0.999999999999988,0.880057037348484,"inpp5ka/ppp1r3cb",2
"GO:0006140","regulation of nucleotide metabolic process","2/2534","14/18773",0.142857142857143,1.05834930657346,0.0862727839357008,0.581856238184961,0.999999999999988,0.880057037348484,"atp5if1a/tigarb",2
"GO:0006298","mismatch repair","2/2534","14/18773",0.142857142857143,1.05834930657346,0.0862727839357008,0.581856238184961,0.999999999999988,0.880057037348484,"pcna/rnaseh2a",2
"GO:0006308","DNA catabolic process","2/2534","14/18773",0.142857142857143,1.05834930657346,0.0862727839357008,0.581856238184961,0.999999999999988,0.880057037348484,"rexo4/dnase1l1",2
"GO:0006577","amino-acid betaine metabolic process","2/2534","14/18773",0.142857142857143,1.05834930657346,0.0862727839357008,0.581856238184961,0.999999999999988,0.880057037348484,"acadl/aldh9a1b",2
"GO:0007080","mitotic metaphase chromosome alignment","2/2534","14/18773",0.142857142857143,1.05834930657346,0.0862727839357008,0.581856238184961,0.999999999999988,0.880057037348484,"seh1l/ska2",2
"GO:0007351","tripartite regional subdivision","2/2534","14/18773",0.142857142857143,1.05834930657346,0.0862727839357008,0.581856238184961,0.999999999999988,0.880057037348484,"pum1/cactin",2
"GO:0008595","anterior/posterior axis specification, embryo","2/2534","14/18773",0.142857142857143,1.05834930657346,0.0862727839357008,0.581856238184961,0.999999999999988,0.880057037348484,"pum1/cactin",2
"GO:0010962","regulation of glucan biosynthetic process","2/2534","14/18773",0.142857142857143,1.05834930657346,0.0862727839357008,0.581856238184961,0.999999999999988,0.880057037348484,"inpp5ka/ppp1r3cb",2
"GO:0016114","terpenoid biosynthetic process","2/2534","14/18773",0.142857142857143,1.05834930657346,0.0862727839357008,0.581856238184961,0.999999999999988,0.880057037348484,"kdm1a/fdps",2
"GO:0021511","spinal cord patterning","2/2534","14/18773",0.142857142857143,1.05834930657346,0.0862727839357008,0.581856238184961,0.999999999999988,0.880057037348484,"mib1/cdh2",2
"GO:0032836","glomerular basement membrane development","2/2534","14/18773",0.142857142857143,1.05834930657346,0.0862727839357008,0.581856238184961,0.999999999999988,0.880057037348484,"myh9a/kirrel3l",2
"GO:0034614","cellular response to reactive oxygen species","2/2534","14/18773",0.142857142857143,1.05834930657346,0.0862727839357008,0.581856238184961,0.999999999999988,0.880057037348484,"prdx1/sod2",2
"GO:0035330","regulation of hippo signaling","2/2534","14/18773",0.142857142857143,1.05834930657346,0.0862727839357008,0.581856238184961,0.999999999999988,0.880057037348484,"wwc3/nf2b",2
"GO:0035435","phosphate ion transmembrane transport","2/2534","14/18773",0.142857142857143,1.05834930657346,0.0862727839357008,0.581856238184961,0.999999999999988,0.880057037348484,"slc37a2/slc25a11",2
"GO:0045646","regulation of erythrocyte differentiation","2/2534","14/18773",0.142857142857143,1.05834930657346,0.0862727839357008,0.581856238184961,0.999999999999988,0.880057037348484,"lpar2a/ddx46",2
"GO:0046456","icosanoid biosynthetic process","2/2534","14/18773",0.142857142857143,1.05834930657346,0.0862727839357008,0.581856238184961,0.999999999999988,0.880057037348484,"lta4h/mgst2",2
"GO:0046902","regulation of mitochondrial membrane permeability","2/2534","14/18773",0.142857142857143,1.05834930657346,0.0862727839357008,0.581856238184961,0.999999999999988,0.880057037348484,"rhot1a/slc35f6",2
"GO:0050679","positive regulation of epithelial cell proliferation","2/2534","14/18773",0.142857142857143,1.05834930657346,0.0862727839357008,0.581856238184961,0.999999999999988,0.880057037348484,"aplnrb/mydgf",2
"GO:0051489","regulation of filopodium assembly","2/2534","14/18773",0.142857142857143,1.05834930657346,0.0862727839357008,0.581856238184961,0.999999999999988,0.880057037348484,"nrp1b/selenow2a",2
"GO:0060021","roof of mouth development","2/2534","14/18773",0.142857142857143,1.05834930657346,0.0862727839357008,0.581856238184961,0.999999999999988,0.880057037348484,"wwp2/med25",2
"GO:0060897","neural plate regionalization","2/2534","14/18773",0.142857142857143,1.05834930657346,0.0862727839357008,0.581856238184961,0.999999999999988,0.880057037348484,"sfpq/bptf",2
"GO:0061300","cerebellum vasculature development","2/2534","14/18773",0.142857142857143,1.05834930657346,0.0862727839357008,0.581856238184961,0.999999999999988,0.880057037348484,"sars1/nrp1b",2
"GO:1900542","regulation of purine nucleotide metabolic process","2/2534","14/18773",0.142857142857143,1.05834930657346,0.0862727839357008,0.581856238184961,0.999999999999988,0.880057037348484,"atp5if1a/tigarb",2
"GO:1901534","positive regulation of hematopoietic progenitor cell differentiation","2/2534","14/18773",0.142857142857143,1.05834930657346,0.0862727839357008,0.581856238184961,0.999999999999988,0.880057037348484,"tnfrsf1b/ddx46",2
"GO:1903578","regulation of ATP metabolic process","2/2534","14/18773",0.142857142857143,1.05834930657346,0.0862727839357008,0.581856238184961,0.999999999999988,0.880057037348484,"atp5if1a/tigarb",2
"GO:0003013","circulatory system process","39/2534","295/18773",0.132203389830508,0.979421561676454,-0.140726172974024,0.582066621109518,0.999999999999988,0.880057037348484,"hspd1/adma/rad21a/dlst/chd7/apex1/atp2a2b/emd/agtrap/vcp/npc1/avpr1ab/tango2/strip1/bag3/edn1/dsc2l/vezf1b/tbx2b/rbfox1/itgb1b/tmem161b/vapb/ankhd1/bin1b/tnnt2c/erp44/crip2/ogdhb/unc45a/ilk/tjp1a/prcp/desma/surf1/mfsd2ab/lims1/ogdha/adrb2a",39
"GO:0040008","regulation of growth","15/2534","114/18773",0.131578947368421,0.974795413949238,-0.106626891805855,0.584064494192178,0.999999999999988,0.880057037348484,"wwc3/mapk14a/ruvbl1/ewsr1a/ddx52/lamtor2/supv3l1/dusp6/sec14l8/kmt5c/orc1/hdac1/si:dkey-40c11.2/gap43/lin28b",15
"GO:0045785","positive regulation of cell adhesion","10/2534","76/18773",0.131578947368421,0.974795413949238,-0.0869719762178699,0.585504500122451,0.999999999999988,0.880057037348484,"hspd1/cd276/robo4/brd4/ambra1b/flot1b/si:dkey-169i5.4/opa1/lims1/agr2",10
"GO:0000966","RNA 5'-end processing","3/2534","22/18773",0.136363636363636,1.01024251991103,0.018988247223454,0.586057744977291,0.999999999999988,0.880057037348484,"lyn/abt1/ncbp3",3
"GO:0002285","lymphocyte activation involved in immune response","3/2534","22/18773",0.136363636363636,1.01024251991103,0.018988247223454,0.586057744977291,0.999999999999988,0.880057037348484,"rnf8/brd4/opa1",3
"GO:0002753","cytoplasmic pattern recognition receptor signaling pathway","3/2534","22/18773",0.136363636363636,1.01024251991103,0.018988247223454,0.586057744977291,0.999999999999988,0.880057037348484,"gramd4b/trim25/nek7",3
"GO:0006275","regulation of DNA replication","3/2534","22/18773",0.136363636363636,1.01024251991103,0.018988247223454,0.586057744977291,0.999999999999988,0.880057037348484,"tipin/pcna/gmnn",3
"GO:0030038","contractile actin filament bundle assembly","3/2534","22/18773",0.136363636363636,1.01024251991103,0.018988247223454,0.586057744977291,0.999999999999988,0.880057037348484,"gna13a/itgb5/gna12a",3
"GO:0036342","post-anal tail morphogenesis","3/2534","22/18773",0.136363636363636,1.01024251991103,0.018988247223454,0.586057744977291,0.999999999999988,0.880057037348484,"tll1/cdh2/vangl2",3
"GO:0043149","stress fiber assembly","3/2534","22/18773",0.136363636363636,1.01024251991103,0.018988247223454,0.586057744977291,0.999999999999988,0.880057037348484,"gna13a/itgb5/gna12a",3
"GO:0048752","semicircular canal morphogenesis","3/2534","22/18773",0.136363636363636,1.01024251991103,0.018988247223454,0.586057744977291,0.999999999999988,0.880057037348484,"psmc3/igf1rb/cdh2",3
"GO:0055008","cardiac muscle tissue morphogenesis","3/2534","22/18773",0.136363636363636,1.01024251991103,0.018988247223454,0.586057744977291,0.999999999999988,0.880057037348484,"cemip2/rbx1/rbfox1",3
"GO:0065002","intracellular protein transmembrane transport","3/2534","22/18773",0.136363636363636,1.01024251991103,0.018988247223454,0.586057744977291,0.999999999999988,0.880057037348484,"tram1/pex26/srp54",3
"GO:0044242","cellular lipid catabolic process","18/2534","137/18773",0.131386861313869,0.973372354950772,-0.123565044220974,0.587159397717851,0.999999999999988,0.880057037348484,"acadl/hadhb/hadhab/etfa/abhd16a/gcdha/smpd5/hexa/hacl1/echs1/acox1/decr1/acot8/ech1/neu1/lpin2/acadm/asah1b",18
"GO:0045088","regulation of innate immune response","13/2534","99/18773",0.131313131313131,0.972826130284694,-0.107085173843775,0.587246540080429,0.999999999999988,0.880057037348484,"pycard/parp1/cnbpb/pias4a/gramd4b/lgr4/trafd1/tbk1/tlr5a/n4bp1/trim25/tlr5b/nek7",13
"GO:0051056","regulation of small GTPase mediated signal transduction","16/2534","122/18773",0.131147540983607,0.971599363411699,-0.124318529979476,0.58968966287396,0.999999999999988,0.880057037348484,"robo4/iqsec1b/akap13/gbf1/akap12b/rasip1/rasa3/sipa1l3/spry4/diaph2/stard8/rabl3/git2b/arhgap24/kctd10/arfgef1",16
"GO:0000578","embryonic axis specification","4/2534","30/18773",0.133333333333333,0.987792686135228,-0.0264326145433007,0.59105365887429,0.999999999999988,0.880057037348484,"rap1b/pum1/cactin/itga5",4
"GO:0001649","osteoblast differentiation","4/2534","30/18773",0.133333333333333,0.987792686135228,-0.0264326145433007,0.59105365887429,0.999999999999988,0.880057037348484,"tmem119b/lgr4/atf4a/riox1",4
"GO:0009311","oligosaccharide metabolic process","4/2534","30/18773",0.133333333333333,0.987792686135228,-0.0264326145433007,0.59105365887429,0.999999999999988,0.880057037348484,"si:ch73-91k6.2/neu1/mogs/mpdu1b",4
"GO:0033045","regulation of sister chromatid segregation","4/2534","30/18773",0.133333333333333,0.987792686135228,-0.0264326145433007,0.59105365887429,0.999999999999988,0.880057037348484,"anapc2/anapc5/anapc11/anapc4",4
"GO:0035845","photoreceptor cell outer segment organization","4/2534","30/18773",0.133333333333333,0.987792686135228,-0.0264326145433007,0.59105365887429,0.999999999999988,0.880057037348484,"chd7/prkci/vangl2/pitpnb",4
"GO:0039021","pronephric glomerulus development","4/2534","30/18773",0.133333333333333,0.987792686135228,-0.0264326145433007,0.59105365887429,0.999999999999988,0.880057037348484,"kirrel3l/cd2ap/usp40/mafba",4
"GO:0044774","mitotic DNA integrity checkpoint signaling","4/2534","30/18773",0.133333333333333,0.987792686135228,-0.0264326145433007,0.59105365887429,0.999999999999988,0.880057037348484,"ccnd1/mre11a/tipin/orc1",4
"GO:0072080","nephron tubule development","4/2534","30/18773",0.133333333333333,0.987792686135228,-0.0264326145433007,0.59105365887429,0.999999999999988,0.880057037348484,"tbx2b/etv5a/prkci/ctns",4
"GO:0048915","posterior lateral line system development","11/2534","84/18773",0.130952380952381,0.97015353102567,-0.108297518861233,0.591501196252267,0.999999999999988,0.880057037348484,"canx/socs3a/esr1/tgfb1a/mib1/hoxb8a/gna13a/kif1b/rtn4a/gna12a/ctnnd1",11
"GO:0006644","phospholipid metabolic process","33/2534","251/18773",0.131474103585657,0.974018684535732,-0.163694087783005,0.593217377983324,0.999999999999988,0.880057037348484,"dpm1/dnajc19/abhd16a/cds2/pcyt1aa/mboat7/zgc:158659/pigk/tpte/plpp5/smpd5/pcyt1ab/cdipt/inpp5ka/dgkza/mtmr6/crls1/serinc5/pik3cg/lpcat3/pcyt2/pigu/fdps/ptpmt1/pip4k2ca/pik3c2b/efr3bb/pigp/pik3c2a/pigc/pip4p1b/ptenb/ptdss2",33
"GO:0090092","regulation of transmembrane receptor protein serine/threonine kinase signaling pathway","17/2534","130/18773",0.130769230769231,0.968796672940319,-0.141024190896425,0.595035721798641,0.999999999999988,0.880057037348484,"ncln/acvr1l/ppp4cb/nup62l/aplnrb/tll1/ppp1r12a/nomo/fscn1a/mynn/ngly1/acsl4a/mgaa/snw1/smad9/znf703/nrros",17
"GO:0061035","regulation of cartilage development","5/2534","38/18773",0.131578947368421,0.974795413949238,-0.0614360741509831,0.596171988454038,0.999999999999988,0.880057037348484,"ncl/spns2/nup62l/ewsr1a/sox6",5
"GO:0006493","protein O-linked glycosylation","9/2534","69/18773",0.130434782608696,0.96631893208881,-0.110718983172878,0.5974091422653,0.999999999999988,0.880057037348484,"dpm1/large2/tmtc2b/gxylt2/galnt2/slc35c1/xxylt1/pofut1/aars2",9
"GO:0010639","negative regulation of organelle organization","15/2534","115/18773",0.130434782608696,0.96631893208881,-0.143113685518056,0.598286242249745,0.999999999999988,0.880057037348484,"mcm2/tmem39a/vat1/twf1b/tmod2/sptan1/camsap2b/gsna/slc35f6/capza1a/mdm1/gmfb/terfa/mtpn/kank3",15
"GO:0001895","retina homeostasis","6/2534","46/18773",0.130434782608696,0.96631893208881,-0.0903461396925607,0.601207424375713,0.999999999999988,0.880057037348484,"mcoln1a/nrf1/pafah1b1b/emc3/park7/cep290",6
"GO:0031146","SCF-dependent proteasomal ubiquitin-dependent protein catabolic process","6/2534","46/18773",0.130434782608696,0.96631893208881,-0.0903461396925607,0.601207424375713,0.999999999999988,0.880057037348484,"skp1/cul2/styx/cul1a/fbxw5/fbxl4",6
"GO:0031503","protein-containing complex localization","13/2534","100/18773",0.13,0.963097868981847,-0.146158250187093,0.602442226482712,0.999999999999988,0.880057037348484,"npm1a/utp3/xpo1b/kif5ba/lmnb1/rcc2/lmnb2/ap3d1/rab11a/eif6/ltv1/exoc3/nup88",13
"GO:0048511","rhythmic process","16/2534","123/18773",0.130081300813008,0.963700181595344,-0.159549896647191,0.603392744334612,0.999999999999988,0.880057037348484,"egr1/parp1/crebbpa/lgr4/ep300b/ep300a/atf4a/prmt5/csnk1db/nr3c1/mybbp1a/pspc1/dnm1l/nr1d2a/crebbpb/cry3b",16
"GO:0001764","neuron migration","7/2534","54/18773",0.12962962962963,0.960354000409249,-0.115248124622923,0.6060929842754,0.999999999999988,0.880057037348484,"abi1a/dpysl2b/abi2b/cdh2/vangl2/hdac1/cep170aa",7
"GO:0009247","glycolipid biosynthetic process","7/2534","54/18773",0.12962962962963,0.960354000409249,-0.115248124622923,0.6060929842754,0.999999999999988,0.880057037348484,"dpm1/pigk/st3gal5/pigu/b4galt6/pigp/pigc",7
"GO:0030031","cell projection assembly","56/2534","426/18773",0.131455399061033,0.97388011309107,-0.215413292337796,0.607068286938389,0.999999999999988,0.880057037348484,"cfl1/arhgef9b/elmo1/mcm2/atp6ap1b/itga8/robo4/nudcd2/arl3b/ruvbl1/adsl/nudc/atp6v0d1/rer1/twf1b/mcamb/b9d1/gas8/tsc1a/rpgrb/mbd3b/mtss1/ttc39c/ehd1a/gsna/akap12b/appb/akirin1/cdh2/rpe/sclt1/csnk1db/prkci/gmnn/vangl2/tapt1a/fmnl3/pacsin2/ehd1b/arhgef7a/rac1a/nrp1b/lamb1a/selenow2a/dnmt3bb.1/mcm7/bbip1/notch1a/intu/orc1/cyfip1/cdc42ep1a/cdc14ab/znf703/arhgap24/cep290",56
"GO:0046467","membrane lipid biosynthetic process","14/2534","108/18773",0.12962962962963,0.960354000409249,-0.163221058478156,0.607485713849017,0.999999999999988,0.880057037348484,"dpm1/elovl1b/pigk/hacd3/st3gal5/smpd5/agk/sptlc2b/sptlc2a/pigu/elovl8b/b4galt6/pigp/pigc",14
"GO:0005976","polysaccharide metabolic process","8/2534","62/18773",0.129032258064516,0.955928405937317,-0.137304585576489,0.610810142146399,0.999999999999988,0.880057037348484,"atg3/hs2st1a/inpp5ka/ppp1caa/ppp1r3cb/wipi1/ppp1cab/kctd10",8
"GO:0021545","cranial nerve development","8/2534","62/18773",0.129032258064516,0.955928405937317,-0.137304585576489,0.610810142146399,0.999999999999988,0.880057037348484,"chd7/smarca4a/mib1/gna13a/kif1b/rtn4a/gna12a/cdk5",8
"GO:0072009","nephron epithelium development","8/2534","62/18773",0.129032258064516,0.955928405937317,-0.137304585576489,0.610810142146399,0.999999999999988,0.880057037348484,"iqgap2/myh9a/kirrel3l/tbx2b/slc43a1a/etv5a/prkci/ctns",8
"GO:0016055","Wnt signaling pathway","38/2534","291/18773",0.130584192439863,0.967425826627285,-0.221219981775086,0.613695010331084,0.999999999999988,0.880057037348484,"tmem88a/csnk2b/atp6ap2/tmem88b/cdk5rap3/jun/nup62l/gsk3ab/jade1/mylipb/hs2st1a/metap2b/lgr4/cemip2/fzd7a/rnf25/med10/stk3/rnf146/nipblb/psen1/csnk1db/wls/zgc:113363/mesd/tax1bp3/frmd8/vangl2/tle2a/tet3/sec14l8/gskip/fbxw11b/gpx4b/hdac1/znf703/mllt10/dmxl2",38
"GO:0050769","positive regulation of neurogenesis","9/2534","70/18773",0.128571428571429,0.952514375916112,-0.157229658211157,0.615358893341737,0.999999999999988,0.880057037348484,"chd7/fmr1/znf16l/grnb/numb/hdac1/serpinf1/si:dkey-40c11.2/fxr2",9
"GO:0014866","skeletal myofibril assembly","3/2534","23/18773",0.130434782608696,0.96631893208881,-0.0638451735949294,0.617332962225221,0.999999999999988,0.880057037348484,"qki2/tango2/qkia",3
"GO:0030071","regulation of mitotic metaphase/anaphase transition","3/2534","23/18773",0.130434782608696,0.96631893208881,-0.0638451735949294,0.617332962225221,0.999999999999988,0.880057037348484,"anapc5/anapc11/anapc4",3
"GO:0043401","steroid hormone receptor signaling pathway","3/2534","23/18773",0.130434782608696,0.96631893208881,-0.0638451735949294,0.617332962225221,0.999999999999988,0.880057037348484,"esr1/nr3c1/cnot9",3
"GO:0055017","cardiac muscle tissue growth","3/2534","23/18773",0.130434782608696,0.96631893208881,-0.0638451735949294,0.617332962225221,0.999999999999988,0.880057037348484,"smarca4a/ndrg4/hdac1",3
"GO:0060117","auditory receptor cell development","3/2534","23/18773",0.130434782608696,0.96631893208881,-0.0638451735949294,0.617332962225221,0.999999999999988,0.880057037348484,"slc26a2/mif/cdh2",3
"GO:0009913","epidermal cell differentiation","13/2534","101/18773",0.128712871287129,0.95356224651668,-0.184848276835234,0.617378761414631,0.999999999999988,0.880057037348484,"pho/myo7aa/atp6v0d1/socs3a/slc26a2/mif/tgfb1a/mib1/mcoln1a/cdh2/myo6b/cops5/ptpn11a",13
"GO:0007173","epidermal growth factor receptor signaling pathway","4/2534","31/18773",0.129032258064516,0.955928405937317,-0.0970086758171741,0.617947393617417,0.999999999999988,0.880057037348484,"zgpat/mvb12ba/iqgap1/abl2",4
"GO:0030261","chromosome condensation","4/2534","31/18773",0.129032258064516,0.955928405937317,-0.0970086758171741,0.617947393617417,0.999999999999988,0.880057037348484,"zgc:110425/h1-10/top2b/si:dkey-108k21.21",4
"GO:0035329","hippo signaling","4/2534","31/18773",0.129032258064516,0.955928405937317,-0.0970086758171741,0.617947393617417,0.999999999999988,0.880057037348484,"wwc3/nf2b/tead3b/stk3",4
"GO:0042491","inner ear auditory receptor cell differentiation","4/2534","31/18773",0.129032258064516,0.955928405937317,-0.0970086758171741,0.617947393617417,0.999999999999988,0.880057037348484,"slc26a2/mif/cdh2/myo6b",4
"GO:0043524","negative regulation of neuron apoptotic process","4/2534","31/18773",0.129032258064516,0.955928405937317,-0.0970086758171741,0.617947393617417,0.999999999999988,0.880057037348484,"cln3/yju2/cdk5/il6r",4
"GO:0045137","development of primary sexual characteristics","4/2534","31/18773",0.129032258064516,0.955928405937317,-0.0970086758171741,0.617947393617417,0.999999999999988,0.880057037348484,"lhfpl2a/ambra1b/sox3/pgrmc1",4
"GO:0045910","negative regulation of DNA recombination","4/2534","31/18773",0.129032258064516,0.955928405937317,-0.0970086758171741,0.617947393617417,0.999999999999988,0.880057037348484,"zgc:110425/h1-10/si:dkey-108k21.21/terfa",4
"GO:0099518","vesicle cytoskeletal trafficking","4/2534","31/18773",0.129032258064516,0.955928405937317,-0.0970086758171741,0.617947393617417,0.999999999999988,0.880057037348484,"ap3d1/kif1b/fyco1a/pafah1b1b",4
"GO:0120031","plasma membrane bounded cell projection assembly","53/2534","405/18773",0.130864197530864,0.969500228984575,-0.245116243442407,0.619082884869741,0.999999999999988,0.880057037348484,"cfl1/arhgef9b/elmo1/mcm2/atp6ap1b/itga8/robo4/nudcd2/arl3b/ruvbl1/adsl/nudc/atp6v0d1/rer1/twf1b/mcamb/b9d1/gas8/tsc1a/rpgrb/mbd3b/ttc39c/ehd1a/gsna/akap12b/appb/akirin1/cdh2/rpe/sclt1/csnk1db/gmnn/vangl2/tapt1a/fmnl3/pacsin2/ehd1b/arhgef7a/nrp1b/lamb1a/selenow2a/dnmt3bb.1/mcm7/bbip1/notch1a/intu/orc1/cyfip1/cdc42ep1a/cdc14ab/znf703/arhgap24/cep290",53
"GO:0003170","heart valve development","5/2534","39/18773",0.128205128205128,0.949800659745411,-0.123963546384975,0.620094413520175,0.999999999999988,0.880057037348484,"rad21a/sema3fb/cemip2/gata2a/fbn2b",5
"GO:0010389","regulation of G2/M transition of mitotic cell cycle","5/2534","39/18773",0.128205128205128,0.949800659745411,-0.123963546384975,0.620094413520175,0.999999999999988,0.880057037348484,"ccnd1/cdc25b/mre11a/nabp1a/orc1",5
"GO:0060840","artery development","5/2534","39/18773",0.128205128205128,0.949800659745411,-0.123963546384975,0.620094413520175,0.999999999999988,0.880057037348484,"kmt2d/tspan18a/dlc/notch1a/gata2a",5
"GO:0070374","positive regulation of ERK1 and ERK2 cascade","5/2534","39/18773",0.128205128205128,0.949800659745411,-0.123963546384975,0.620094413520175,0.999999999999988,0.880057037348484,"cds2/arrb2a/fgfr4/ndrg4/pdgfbb",5
"GO:0170041","non-proteinogenic amino acid metabolic process","5/2534","39/18773",0.128205128205128,0.949800659745411,-0.123963546384975,0.620094413520175,0.999999999999988,0.880057037348484,"cbsb/azin1b/azin1a/odc1/blmh",5
"GO:0000272","polysaccharide catabolic process","2/2534","15/18773",0.133333333333333,0.987792686135228,-0.0186832064096017,0.620597916554269,0.999999999999988,0.880057037348484,"atg3/wipi1",2
"GO:0001881","receptor recycling","2/2534","15/18773",0.133333333333333,0.987792686135228,-0.0186832064096017,0.620597916554269,0.999999999999988,0.880057037348484,"arrb2a/lamtor1",2
"GO:0005980","glycogen catabolic process","2/2534","15/18773",0.133333333333333,0.987792686135228,-0.0186832064096017,0.620597916554269,0.999999999999988,0.880057037348484,"atg3/wipi1",2
"GO:0006884","cell volume homeostasis","2/2534","15/18773",0.133333333333333,0.987792686135228,-0.0186832064096017,0.620597916554269,0.999999999999988,0.880057037348484,"clns1a/slc12a7a",2
"GO:0007350","blastoderm segmentation","2/2534","15/18773",0.133333333333333,0.987792686135228,-0.0186832064096017,0.620597916554269,0.999999999999988,0.880057037348484,"pum1/cactin",2
"GO:0007413","axonal fasciculation","2/2534","15/18773",0.133333333333333,0.987792686135228,-0.0186832064096017,0.620597916554269,0.999999999999988,0.880057037348484,"nrp2b/cdh2",2
"GO:0009110","vitamin biosynthetic process","2/2534","15/18773",0.133333333333333,0.987792686135228,-0.0186832064096017,0.620597916554269,0.999999999999988,0.880057037348484,"tpk1/rfk",2
"GO:0009251","glucan catabolic process","2/2534","15/18773",0.133333333333333,0.987792686135228,-0.0186832064096017,0.620597916554269,0.999999999999988,0.880057037348484,"atg3/wipi1",2
"GO:0021603","cranial nerve formation","2/2534","15/18773",0.133333333333333,0.987792686135228,-0.0186832064096017,0.620597916554269,0.999999999999988,0.880057037348484,"smarca4a/cdk5",2
"GO:0031638","zymogen activation","2/2534","15/18773",0.133333333333333,0.987792686135228,-0.0186832064096017,0.620597916554269,0.999999999999988,0.880057037348484,"plgrkt/si:ch211-51a6.2",2
"GO:0046549","retinal cone cell development","2/2534","15/18773",0.133333333333333,0.987792686135228,-0.0186832064096017,0.620597916554269,0.999999999999988,0.880057037348484,"chd7/tbx2b",2
"GO:0046686","response to cadmium ion","2/2534","15/18773",0.133333333333333,0.987792686135228,-0.0186832064096017,0.620597916554269,0.999999999999988,0.880057037348484,"jun/sod2",2
"GO:0048640","negative regulation of developmental growth","2/2534","15/18773",0.133333333333333,0.987792686135228,-0.0186832064096017,0.620597916554269,0.999999999999988,0.880057037348484,"wwc3/dusp6",2
"GO:0060896","neural plate pattern specification","2/2534","15/18773",0.133333333333333,0.987792686135228,-0.0186832064096017,0.620597916554269,0.999999999999988,0.880057037348484,"sfpq/bptf",2
"GO:0060997","dendritic spine morphogenesis","2/2534","15/18773",0.133333333333333,0.987792686135228,-0.0186832064096017,0.620597916554269,0.999999999999988,0.880057037348484,"fmr1/si:dkey-40c11.2",2
"GO:0061548","ganglion development","2/2534","15/18773",0.133333333333333,0.987792686135228,-0.0186832064096017,0.620597916554269,0.999999999999988,0.880057037348484,"mib1/kif1b",2
"GO:0072662","protein localization to peroxisome","2/2534","15/18773",0.133333333333333,0.987792686135228,-0.0186832064096017,0.620597916554269,0.999999999999988,0.880057037348484,"pex19/pex26",2
"GO:0072663","establishment of protein localization to peroxisome","2/2534","15/18773",0.133333333333333,0.987792686135228,-0.0186832064096017,0.620597916554269,0.999999999999988,0.880057037348484,"pex19/pex26",2
"GO:0106030","neuron projection fasciculation","2/2534","15/18773",0.133333333333333,0.987792686135228,-0.0186832064096017,0.620597916554269,0.999999999999988,0.880057037348484,"nrp2b/cdh2",2
"GO:0031570","DNA integrity checkpoint signaling","6/2534","47/18773",0.127659574468085,0.945758954810324,-0.147073154027356,0.622942159980018,0.999999999999988,0.880057037348484,"tp53/ccnd1/mre11a/tipin/ufl1/orc1",6
"GO:0090263","positive regulation of canonical Wnt signaling pathway","6/2534","47/18773",0.127659574468085,0.945758954810324,-0.147073154027356,0.622942159980018,0.999999999999988,0.880057037348484,"nup62l/lgr4/rnf25/rnf146/csnk1db/dmxl2",6
"GO:1901606","alpha-amino acid catabolic process","11/2534","86/18773",0.127906976744186,0.947591821001817,-0.1924232031069,0.62398243714931,0.999999999999988,0.880057037348484,"dlst/got2b/tdh/hibadhb/gcsha/glud1b/aldh6a1/blmh/amt/ivd/tha1",11
"GO:0007163","establishment or maintenance of cell polarity","15/2534","117/18773",0.128205128205128,0.949800659745411,-0.215159541893937,0.626071759362217,0.999999999999988,0.880057037348484,"rhoj/rhoub/aplnrb/fscn1a/dctn1a/frmd4ba/cdh2/myo9aa/cdc42l/prkci/vangl2/sipa1l3/rac1a/pafah1b1b/cep170aa",15
"GO:0022409","positive regulation of cell-cell adhesion","7/2534","55/18773",0.127272727272727,0.942893018583626,-0.167540483750929,0.626128688024963,0.999999999999988,0.880057037348484,"hspd1/cd276/brd4/ambra1b/flot1b/si:dkey-169i5.4/opa1",7
"GO:0030837","negative regulation of actin filament polymerization","7/2534","55/18773",0.127272727272727,0.942893018583626,-0.167540483750929,0.626128688024963,0.999999999999988,0.880057037348484,"twf1b/tmod2/sptan1/gsna/capza1a/mtpn/kank3",7
"GO:0032868","response to insulin","7/2534","55/18773",0.127272727272727,0.942893018583626,-0.167540483750929,0.626128688024963,0.999999999999988,0.880057037348484,"pik3r2/gsk3ab/inpp5ka/pik3r1/prkci/lpin2/insig1",7
"GO:0072175","epithelial tube formation","8/2534","63/18773",0.126984126984127,0.940754939176407,-0.186064905964475,0.629475863486054,0.999999999999988,0.880057037348484,"htt/nin/cdh2/prkci/tfap2c/vangl2/sox3/cep290",8
"GO:0042472","inner ear morphogenesis","13/2534","102/18773",0.127450980392157,0.944213597041026,-0.223163720436419,0.632040646267893,0.999999999999988,0.880057037348484,"chd7/psmc3/npc1/slc26a2/shrprbck1r/gas8/igf1rb/ttc39c/cdh2/tfap2c/myo6b/sox3/cep290",13
"GO:0072659","protein localization to plasma membrane","13/2534","102/18773",0.127450980392157,0.944213597041026,-0.223163720436419,0.632040646267893,0.999999999999988,0.880057037348484,"atp6ap1b/nsfb/golga7/rab11a/ehd1a/flot2b/prkci/camk2g1/flot1b/ehd1b/efr3bb/rab34a/tspan15",13
"GO:0006633","fatty acid biosynthetic process","9/2534","71/18773",0.126760563380282,0.939098680480674,-0.20309105121854,0.632888748914349,0.999999999999988,0.880057037348484,"ndufab1b/elovl1b/ndufab1a/hacd3/dcaf5/acsbg2/elovl8b/hacd1/wdtc1",9
"GO:0007492","endoderm development","9/2534","71/18773",0.126760563380282,0.939098680480674,-0.20309105121854,0.632888748914349,0.999999999999988,0.880057037348484,"aplnrb/msna/dhx16/fscn1a/gna13a/itga5/ildr2/dusp6/notch1a",9
"GO:0021675","nerve development","10/2534","79/18773",0.126582278481013,0.937777866584077,-0.218920414284501,0.636314039805075,0.999999999999988,0.880057037348484,"chd7/dag1/smarca4a/mib1/gna13a/kif1b/rtn4a/gna12a/cdk5/fbxo45",10
"GO:0048469","cell maturation","10/2534","79/18773",0.126582278481013,0.937777866584077,-0.218920414284501,0.636314039805075,0.999999999999988,0.880057037348484,"tp53/eif1axb/tert/pum1/nup210/sptan1/sclt1/ddx5/pgrmc1/ndrg4",10
"GO:0048675","axon extension","11/2534","87/18773",0.126436781609195,0.936699960990302,-0.233767627299593,0.639720836888157,0.999999999999988,0.880057037348484,"pcdh17/clns1a/ubap1/ist1/fus/appb/myo9aa/kif1b/grnb/cyfip1/si:dkey-40c11.2",11
"GO:0006826","iron ion transport","5/2534","40/18773",0.125,0.926055643251776,-0.184931248451595,0.643152341854715,0.999999999999988,0.880057037348484,"zgc:56095/abcb6b/tfr1b/slc25a28/slc48a1b",5
"GO:0051049","regulation of transport","44/2534","340/18773",0.129411764705882,0.958739960072427,-0.303284369193334,0.643236486124921,0.999999999999988,0.880057037348484,"yipf5/dnajc5ab/oaz1a/ptbp1a/wwp2/npc1/tpte/slc38a2/nf2b/abca1a/aplnrb/msna/ube3d/edn1/rap1b/rap1ab/ralaa/akt2/selenon/azin1b/dennd10/mib1/mcoln1a/slc35f6/marcksb/azin1a/bet1l/cpsf6/pacsin2/rint1/rap1aa/oaz1b/flot1b/saraf/unc45a/smap2/notch1a/desma/nudt9/il1rapl1a/ncbp2/park7/dmxl2/caska",44
"GO:0030866","cortical actin cytoskeleton organization","4/2534","32/18773",0.125,0.926055643251776,-0.165372229425197,0.643703217163697,0.999999999999988,0.880057037348484,"iqgap2/strip1/iqgap1/fmnl3",4
"GO:0051924","regulation of calcium ion transport","4/2534","32/18773",0.125,0.926055643251776,-0.165372229425197,0.643703217163697,0.999999999999988,0.880057037348484,"aplnrb/selenon/saraf/desma",4
"GO:0061512","protein localization to cilium","4/2534","32/18773",0.125,0.926055643251776,-0.165372229425197,0.643703217163697,0.999999999999988,0.880057037348484,"myo7aa/gas8/lztfl1/bbip1",4
"GO:0000086","G2/M transition of mitotic cell cycle","6/2534","48/18773",0.125,0.926055643251776,-0.202625303308447,0.643980879539748,0.999999999999988,0.880057037348484,"ccnd1/cdc25b/tpd52l1/mre11a/nabp1a/orc1",6
"GO:0007178","cell surface receptor protein serine/threonine kinase signaling pathway","26/2534","203/18773",0.12807881773399,0.948864895548618,-0.289361103269282,0.644833490349762,0.999999999999988,0.880057037348484,"tp53/ncln/acvr1l/rab5ab/ppp4cb/nup62l/aplnrb/tll1/prex1/smad7/ppp1r12a/nomo/fscn1a/tbx2b/tgfb1a/acvr2aa/mynn/itgb5/ngly1/acsl4a/ecsit/mgaa/snw1/smad9/znf703/nrros",26
"GO:0032272","negative regulation of protein polymerization","7/2534","56/18773",0.125,0.926055643251776,-0.218907109142107,0.645581636695462,0.999999999999988,0.880057037348484,"twf1b/tmod2/sptan1/gsna/capza1a/mtpn/kank3",7
"GO:0032940","secretion by cell","32/2534","249/18773",0.1285140562249,0.952089336033954,-0.300637681876679,0.646162664004493,0.999999999999988,0.880057037348484,"sdf4/stx4/ptbp1a/rab15/exoc1/exoc2/washc3/tango2/mia3/slc38a2/dchs1b/tmem167a/snapin/edn1/rap1b/rap1ab/copg2/ralaa/rab11a/mia2/snap29/sybl1/marcksb/wls/exoc6b/stxbp3/rap1aa/vps18/exoc3/il1rapl1a/park7/caska",32
"GO:0042471","ear morphogenesis","13/2534","103/18773",0.12621359223301,0.935046474739657,-0.261112773187707,0.646413811377645,0.999999999999988,0.880057037348484,"chd7/psmc3/npc1/slc26a2/shrprbck1r/gas8/igf1rb/ttc39c/cdh2/tfap2c/myo6b/sox3/cep290",13
"GO:0006541","glutamine metabolic process","3/2534","24/18773",0.125,0.926055643251776,-0.143185994008724,0.646962964044944,0.999999999999988,0.880057037348484,"nit2/ctps1a/glulb",3
"GO:0009225","nucleotide-sugar metabolic process","3/2534","24/18773",0.125,0.926055643251776,-0.143185994008724,0.646962964044944,0.999999999999988,0.880057037348484,"pmm2/pgm3/gnpnat1",3
"GO:0021602","cranial nerve morphogenesis","3/2534","24/18773",0.125,0.926055643251776,-0.143185994008724,0.646962964044944,0.999999999999988,0.880057037348484,"chd7/smarca4a/cdk5",3
"GO:0042278","purine nucleoside metabolic process","3/2534","24/18773",0.125,0.926055643251776,-0.143185994008724,0.646962964044944,0.999999999999988,0.880057037348484,"adka/hprt1/aprt",3
"GO:0043113","receptor clustering","3/2534","24/18773",0.125,0.926055643251776,-0.143185994008724,0.646962964044944,0.999999999999988,0.880057037348484,"dag1/mesd/agrn",3
"GO:0043249","erythrocyte maturation","3/2534","24/18773",0.125,0.926055643251776,-0.143185994008724,0.646962964044944,0.999999999999988,0.880057037348484,"tp53/eif1axb/tert",3
"GO:0045927","positive regulation of growth","3/2534","24/18773",0.125,0.926055643251776,-0.143185994008724,0.646962964044944,0.999999999999988,0.880057037348484,"supv3l1/hdac1/si:dkey-40c11.2",3
"GO:1902099","regulation of metaphase/anaphase transition of cell cycle","3/2534","24/18773",0.125,0.926055643251776,-0.143185994008724,0.646962964044944,0.999999999999988,0.880057037348484,"anapc5/anapc11/anapc4",3
"GO:1903169","regulation of calcium ion transmembrane transport","3/2534","24/18773",0.125,0.926055643251776,-0.143185994008724,0.646962964044944,0.999999999999988,0.880057037348484,"aplnrb/selenon/desma",3
"GO:0022408","negative regulation of cell-cell adhesion","8/2534","64/18773",0.125,0.926055643251776,-0.234071572067215,0.647639775214066,0.999999999999988,0.880057037348484,"cd276/acvr1l/zgc:153631/gna13a/gna12a/tet3/si:dkey-169i5.4/znf703",8
"GO:0061564","axon development","65/2534","500/18773",0.13,0.963097868981847,-0.330377497065588,0.649395178870676,0.999999999999988,0.880057037348484,"nrp2a/pcdh17/nop56/sema3ab/sema3fb/kif5ba/cpsf1/arhgap35a/neurod6b/mapk14a/robo4/pitpnaa/snx27a/top2b/dag1/socs3a/sfpq/mcamb/clns1a/robo1/ubap1/dpysl2b/flt4/uba1/efna1b/ist1/il6st/ppp1r12a/nrp2b/mapk3/fus/cln3/efnb2a/map1sa/appb/cdh2/myo9aa/cnp/ngly1/kif1b/elp3/efna3b/pin1/rtn4a/vangl2/grnb/agrn/rac1a/cdk5/nrp1b/lamb1a/slbp/sema4c/notch1a/trip4/cyfip1/asah1b/arhgap35b/sema3fa/evla/si:dkey-40c11.2/pak2a/ptprfa/als2a/gap43",65
"GO:1990778","protein localization to cell periphery","14/2534","111/18773",0.126126126126126,0.934398486884675,-0.273826320436884,0.6496833276686,0.999999999999988,0.880057037348484,"atp6ap1b/nsfb/golga7/rab11a/ehd1a/flot2b/prkci/camk2g1/flot1b/ehd1b/bbip1/efr3bb/rab34a/tspan15",14
"GO:0008543","fibroblast growth factor receptor signaling pathway","9/2534","72/18773",0.125,0.926055643251776,-0.248323491286482,0.649977332620249,0.999999999999988,0.880057037348484,"ncl/mcm5/rerea/cnpy1/fgf10b/dusp6/fgfr4/zdhhc16a/spry4",9
"GO:0032006","regulation of TOR signaling","9/2534","72/18773",0.125,0.926055643251776,-0.248323491286482,0.649977332620249,0.999999999999988,0.880057037348484,"seh1l/lamtor4/gsk3ab/tsc1a/nprl2/lamtor2/lamtor3/depdc5/lamtor1",9
"GO:0032835","glomerulus development","9/2534","72/18773",0.125,0.926055643251776,-0.248323491286482,0.649977332620249,0.999999999999988,0.880057037348484,"iqgap2/myh9a/myo1cb/kirrel3l/slc43a1a/cd2ap/usp40/ctns/mafba",9
"GO:0043085","positive regulation of catalytic activity","11/2534","88/18773",0.125,0.926055643251776,-0.274649465031661,0.6551021965582,0.999999999999988,0.880057037348484,"rad21a/ssbp1/tp53/pycard/hip1/asap1a/psme1/diablob/psme3/myo9aa/fzr1b",11
"GO:0043434","response to peptide hormone","11/2534","88/18773",0.125,0.926055643251776,-0.274649465031661,0.6551021965582,0.999999999999988,0.880057037348484,"pik3r2/agtrap/gsk3ab/inpp5ka/jak1/pik3r1/prkci/lpin2/insig1/nr4a1/jak2a",11
"GO:0001936","regulation of endothelial cell proliferation","2/2534","16/18773",0.125,0.926055643251776,-0.116885940207165,0.656503880860188,0.999999999999988,0.880057037348484,"aplnrb/mydgf",2
"GO:0002098","tRNA wobble uridine modification","2/2534","16/18773",0.125,0.926055643251776,-0.116885940207165,0.656503880860188,0.999999999999988,0.880057037348484,"ctu2/elp3",2
"GO:0009067","aspartate family amino acid biosynthetic process","2/2534","16/18773",0.125,0.926055643251776,-0.116885940207165,0.656503880860188,0.999999999999988,0.880057037348484,"adi1/aasdhppt",2
"GO:0042058","regulation of epidermal growth factor receptor signaling pathway","2/2534","16/18773",0.125,0.926055643251776,-0.116885940207165,0.656503880860188,0.999999999999988,0.880057037348484,"zgpat/mvb12ba",2
"GO:0043535","regulation of blood vessel endothelial cell migration","2/2534","16/18773",0.125,0.926055643251776,-0.116885940207165,0.656503880860188,0.999999999999988,0.880057037348484,"nrp1b/prcp",2
"GO:0044273","sulfur compound catabolic process","2/2534","16/18773",0.125,0.926055643251776,-0.116885940207165,0.656503880860188,0.999999999999988,0.880057037348484,"sgsh/blmh",2
"GO:0045834","positive regulation of lipid metabolic process","2/2534","16/18773",0.125,0.926055643251776,-0.116885940207165,0.656503880860188,0.999999999999988,0.880057037348484,"cnep1r1/ctdnep1a",2
"GO:0046039","GTP metabolic process","2/2534","16/18773",0.125,0.926055643251776,-0.116885940207165,0.656503880860188,0.999999999999988,0.880057037348484,"impdh1b/opa1",2
"GO:0048668","collateral sprouting","2/2534","16/18773",0.125,0.926055643251776,-0.116885940207165,0.656503880860188,0.999999999999988,0.880057037348484,"mapk14a/asah1b",2
"GO:0048885","neuromast deposition","2/2534","16/18773",0.125,0.926055643251776,-0.116885940207165,0.656503880860188,0.999999999999988,0.880057037348484,"tgfb1a/rtn4a",2
"GO:0060122","inner ear receptor cell stereocilium organization","2/2534","16/18773",0.125,0.926055643251776,-0.116885940207165,0.656503880860188,0.999999999999988,0.880057037348484,"myo7aa/cdh2",2
"GO:0060396","growth hormone receptor signaling pathway","2/2534","16/18773",0.125,0.926055643251776,-0.116885940207165,0.656503880860188,0.999999999999988,0.880057037348484,"jak1/jak2a",2
"GO:0060416","response to growth hormone","2/2534","16/18773",0.125,0.926055643251776,-0.116885940207165,0.656503880860188,0.999999999999988,0.880057037348484,"jak1/jak2a",2
"GO:0070873","regulation of glycogen metabolic process","2/2534","16/18773",0.125,0.926055643251776,-0.116885940207165,0.656503880860188,0.999999999999988,0.880057037348484,"inpp5ka/ppp1r3cb",2
"GO:0071378","cellular response to growth hormone stimulus","2/2534","16/18773",0.125,0.926055643251776,-0.116885940207165,0.656503880860188,0.999999999999988,0.880057037348484,"jak1/jak2a",2
"GO:0090559","regulation of membrane permeability","2/2534","16/18773",0.125,0.926055643251776,-0.116885940207165,0.656503880860188,0.999999999999988,0.880057037348484,"rhot1a/slc35f6",2
"GO:0097009","energy homeostasis","2/2534","16/18773",0.125,0.926055643251776,-0.116885940207165,0.656503880860188,0.999999999999988,0.880057037348484,"metrnla/ppargc1b",2
"GO:0097061","dendritic spine organization","2/2534","16/18773",0.125,0.926055643251776,-0.116885940207165,0.656503880860188,0.999999999999988,0.880057037348484,"fmr1/si:dkey-40c11.2",2
"GO:0071695","anatomical structure maturation","12/2534","96/18773",0.125,0.926055643251776,-0.286923440337137,0.657778123495417,0.999999999999988,0.880057037348484,"tp53/eif1axb/chd7/tert/pum1/nup210/sptan1/sclt1/ddx5/pgrmc1/ndrg4/sin3b",12
"GO:0043069","negative regulation of programmed cell death","37/2534","289/18773",0.1280276816609,0.948486056756144,-0.348621906630389,0.66221328300066,0.999999999999988,0.880057037348484,"ptmaa/api5/mtdhb/ptmab/hyou1/hypk/apex1/nup62l/tegt/snx7/ciapin1/bag3/mcm5/birc6/ddt/xrcc5/akt2/ddb1/cln3/mif/mtdha/yju2/slc35f6/birc2/mdm4/supv3l1/cops5/cdk5/selenow2a/tm7sf3/il6r/cct3/ptrh2/snx13/prdm9/ptpn11a/hspb15",37
"GO:0006576","biogenic amine metabolic process","6/2534","49/18773",0.122448979591837,0.907156548491535,-0.257056706053823,0.664295318952335,0.999999999999988,0.880057037348484,"oaz1a/azin1b/azin1a/odc1/oaz1b/dhps",6
"GO:0008217","regulation of blood pressure","6/2534","49/18773",0.122448979591837,0.907156548491535,-0.257056706053823,0.664295318952335,0.999999999999988,0.880057037348484,"adma/agtrap/avpr1ab/edn1/prcp/adrb2a",6
"GO:1901264","carbohydrate derivative transport","7/2534","57/18773",0.12280701754386,0.909809053019288,-0.269384617989344,0.664427414739615,0.999999999999988,0.880057037348484,"slc37a2/slc17a9b/slc35b4/slc35d1a/slc35c1/slc35b3/mfsd2ab",7
"GO:0000045","autophagosome assembly","9/2534","73/18773",0.123287671232877,0.913369949508601,-0.29294637712989,0.666606285418493,0.999999999999988,0.880057037348484,"nsfl1c/atp2a2b/atg3/tmem39a/emc6/vmp1/tp53inp2/ambra1b/wipi1",9
"GO:0002833","positive regulation of response to biotic stimulus","9/2534","73/18773",0.123287671232877,0.913369949508601,-0.29294637712989,0.666606285418493,0.999999999999988,0.880057037348484,"pycard/cnbpb/gramd4b/lgr4/tbk1/tlr5a/trim25/tlr5b/nek7",9
"GO:0006090","pyruvate metabolic process","9/2534","73/18773",0.123287671232877,0.913369949508601,-0.29294637712989,0.666606285418493,0.999999999999988,0.880057037348484,"pdhb/pdha1a/ldha/dlat/pkma/me3/pcxa/tigarb/bckdk",9
"GO:0033339","pectoral fin development","9/2534","73/18773",0.123287671232877,0.913369949508601,-0.29294637712989,0.666606285418493,0.999999999999988,0.880057037348484,"aldh7a1/hnrnpul1/ep300b/ep300a/nipblb/cdh2/sec23a/kctd10/nipbla",9
"GO:0044344","cellular response to fibroblast growth factor stimulus","9/2534","73/18773",0.123287671232877,0.913369949508601,-0.29294637712989,0.666606285418493,0.999999999999988,0.880057037348484,"ncl/mcm5/rerea/cnpy1/fgf10b/dusp6/fgfr4/zdhhc16a/spry4",9
"GO:0045089","positive regulation of innate immune response","9/2534","73/18773",0.123287671232877,0.913369949508601,-0.29294637712989,0.666606285418493,0.999999999999988,0.880057037348484,"pycard/cnbpb/gramd4b/lgr4/tbk1/tlr5a/trim25/tlr5b/nek7",9
"GO:0071774","response to fibroblast growth factor","9/2534","73/18773",0.123287671232877,0.913369949508601,-0.29294637712989,0.666606285418493,0.999999999999988,0.880057037348484,"ncl/mcm5/rerea/cnpy1/fgf10b/dusp6/fgfr4/zdhhc16a/spry4",9
"GO:0035138","pectoral fin morphogenesis","4/2534","33/18773",0.121212121212121,0.897993351032025,-0.231675225570411,0.66828675974925,0.999999999999988,0.880057037348484,"nipblb/cdh2/sec23a/nipbla",4
"GO:0051303","establishment of chromosome localization","4/2534","33/18773",0.121212121212121,0.897993351032025,-0.231675225570411,0.66828675974925,0.999999999999988,0.880057037348484,"seh1l/ska2/rcc2/abraxas2",4
"GO:0061318","renal filtration cell differentiation","4/2534","33/18773",0.121212121212121,0.897993351032025,-0.231675225570411,0.66828675974925,0.999999999999988,0.880057037348484,"iqgap2/myh9a/kirrel3l/slc43a1a",4
"GO:0061326","renal tubule development","4/2534","33/18773",0.121212121212121,0.897993351032025,-0.231675225570411,0.66828675974925,0.999999999999988,0.880057037348484,"tbx2b/etv5a/prkci/ctns",4
"GO:0072010","glomerular epithelium development","4/2534","33/18773",0.121212121212121,0.897993351032025,-0.231675225570411,0.66828675974925,0.999999999999988,0.880057037348484,"iqgap2/myh9a/kirrel3l/slc43a1a",4
"GO:0072112","podocyte differentiation","4/2534","33/18773",0.121212121212121,0.897993351032025,-0.231675225570411,0.66828675974925,0.999999999999988,0.880057037348484,"iqgap2/myh9a/kirrel3l/slc43a1a",4
"GO:0072311","glomerular epithelial cell differentiation","4/2534","33/18773",0.121212121212121,0.897993351032025,-0.231675225570411,0.66828675974925,0.999999999999988,0.880057037348484,"iqgap2/myh9a/kirrel3l/slc43a1a",4
"GO:0042461","photoreceptor cell development","11/2534","89/18773",0.123595505617978,0.915650523664677,-0.315080409957835,0.670112338437315,0.999999999999988,0.880057037348484,"chd7/sigmar1/rpgrb/tbx2b/cdh2/prkci/odc1/vangl2/pitpnb/mafba/cep290",11
"GO:0006695","cholesterol biosynthetic process","3/2534","25/18773",0.12,0.889013417521705,-0.219352176379067,0.674923109478869,0.999999999999988,0.880057037348484,"lbr/dhcr7/insig1",3
"GO:0006801","superoxide metabolic process","3/2534","25/18773",0.12,0.889013417521705,-0.219352176379067,0.674923109478869,0.999999999999988,0.880057037348484,"prdx1/sh3pxd2b/sod2",3
"GO:0007019","microtubule depolymerization","3/2534","25/18773",0.12,0.889013417521705,-0.219352176379067,0.674923109478869,0.999999999999988,0.880057037348484,"camsap2b/map1sa/stmn1a",3
"GO:0044380","protein localization to cytoskeleton","3/2534","25/18773",0.12,0.889013417521705,-0.219352176379067,0.674923109478869,0.999999999999988,0.880057037348484,"mapre1a/nedd1/mapre2",3
"GO:1902653","secondary alcohol biosynthetic process","3/2534","25/18773",0.12,0.889013417521705,-0.219352176379067,0.674923109478869,0.999999999999988,0.880057037348484,"lbr/dhcr7/insig1",3
"GO:0052547","regulation of peptidase activity","14/2534","113/18773",0.123893805309735,0.917860460568132,-0.345951009752415,0.676435559705315,0.999999999999988,0.880057037348484,"rad21a/tp53/serpinh1b/pycard/tnfrsf1b/hip1/psme1/diablob/psme3/appb/psen1/serpinh1a/serpinb1l3/serpinf1",14
"GO:0032879","regulation of localization","56/2534","436/18773",0.128440366972477,0.951543413249531,-0.404399731663438,0.678104956647696,0.999999999999988,0.880057037348484,"yipf5/dnajc5ab/oaz1a/ptbp1a/vcp/wwp2/npc1/tpte/slc38a2/nf2b/abca1a/aplnrb/gas8/msna/ube3d/edn1/rap1b/rap1ab/ralaa/akt2/selenon/lztfl1/azin1b/dennd10/itpr3/mib1/mcoln1a/slc35f6/mid1ip1l/marcksb/azin1a/bet1l/mesd/tax1bp3/si:ch73-375g18.1/mief1/cpsf6/camk2g1/pacsin2/rint1/rap1aa/oaz1b/flot1b/saraf/unc45a/smap2/tmem35/notch1a/desma/ptk2ab/nudt9/il1rapl1a/ncbp2/park7/dmxl2/caska",56
"GO:0010001","glial cell differentiation","20/2534","160/18773",0.125,0.926055643251776,-0.371052852918157,0.679209466997841,0.999999999999988,0.880057037348484,"pes/chd7/egr1/qki2/eed/sptan1/mib1/gna13a/cdh2/itga5/tuba8l3/znf16l/gna12a/myo6b/grnb/qkia/notch1a/nlrc3l/hdac1/nrros",20
"GO:0051129","negative regulation of cellular component organization","20/2534","160/18773",0.125,0.926055643251776,-0.371052852918157,0.679209466997841,0.999999999999988,0.880057037348484,"mcm2/tmem39a/socs3a/vat1/sfpq/twf1b/phf2/tmod2/sptan1/camsap2b/gsna/slc35f6/capza1a/mdm1/gmfb/terfa/mtpn/scaf4b/kank3/arhgap24",20
"GO:0007179","transforming growth factor beta receptor signaling pathway","7/2534","58/18773",0.120689655172414,0.894122690036197,-0.319007517023194,0.682646465172648,0.999999999999988,0.880057037348484,"tp53/acvr1l/tgfb1a/itgb5/smad9/znf703/nrros",7
"GO:0051251","positive regulation of lymphocyte activation","7/2534","58/18773",0.120689655172414,0.894122690036197,-0.319007517023194,0.682646465172648,0.999999999999988,0.880057037348484,"hspd1/cd276/ddx46/brd4/ambra1b/si:dkey-169i5.4/opa1",7
"GO:0071559","response to transforming growth factor beta","7/2534","58/18773",0.120689655172414,0.894122690036197,-0.319007517023194,0.682646465172648,0.999999999999988,0.880057037348484,"tp53/acvr1l/tgfb1a/itgb5/smad9/znf703/nrros",7
"GO:0071560","cellular response to transforming growth factor beta stimulus","7/2534","58/18773",0.120689655172414,0.894122690036197,-0.319007517023194,0.682646465172648,0.999999999999988,0.880057037348484,"tp53/acvr1l/tgfb1a/itgb5/smad9/znf703/nrros",7
"GO:0030148","sphingolipid biosynthetic process","9/2534","74/18773",0.121621621621622,0.901027112353079,-0.336978232239134,0.68276017413947,0.999999999999988,0.880057037348484,"elovl1b/hacd3/st3gal5/smpd5/agk/sptlc2b/sptlc2a/elovl8b/b4galt6",9
"GO:1905037","autophagosome organization","9/2534","74/18773",0.121621621621622,0.901027112353079,-0.336978232239134,0.68276017413947,0.999999999999988,0.880057037348484,"nsfl1c/atp2a2b/atg3/tmem39a/emc6/vmp1/tp53inp2/ambra1b/wipi1",9
"GO:0050870","positive regulation of T cell activation","6/2534","50/18773",0.12,0.889013417521705,-0.310417859129772,0.683863811960321,0.999999999999988,0.880057037348484,"hspd1/cd276/brd4/ambra1b/si:dkey-169i5.4/opa1",6
"GO:1903039","positive regulation of leukocyte cell-cell adhesion","6/2534","50/18773",0.12,0.889013417521705,-0.310417859129772,0.683863811960321,0.999999999999988,0.880057037348484,"hspd1/cd276/brd4/ambra1b/si:dkey-169i5.4/opa1",6
"GO:0051241","negative regulation of multicellular organismal process","22/2534","176/18773",0.125,0.926055643251776,-0.389330888445631,0.684324161187137,0.999999999999988,0.880057037348484,"cd276/tp53/wwc3/qki2/pias4a/lgr4/zgc:153631/tbk1/anxa5b/sars1/pros1/phf14/grnb/qkia/irf2bp2b/banf1/notch1a/serpinf1/si:dkey-169i5.4/n4bp1/ppp1r11/ptenb",22
"GO:0006869","lipid transport","33/2534","261/18773",0.126436781609195,0.936699960990302,-0.406795834939421,0.684912733805326,0.999999999999988,0.880057037348484,"tnfaip8l3/dlc1/triap1/atp11a/spns2/esyt2a/prelid1b/osbpl1a/sigmar1/nus1/npc1/slc27a1a/stab2/tmem30aa/pitpnaa/abca1a/vmp1/vps13a/osbpl9/relch/clptm1l/abca12/spns1/osbpl10b/abca1b/apobb.1/vps18/pitpnb/pitpnbl/apoeb/stard8/mfsd2ab/stab1",33
"GO:0051338","regulation of transferase activity","5/2534","42/18773",0.119047619047619,0.881957755477882,-0.302524505159317,0.686555055974875,0.999999999999988,0.880057037348484,"rtraf/usp44/zgpat/fzr1b/dnmt3aa",5
"GO:0001964","startle response","2/2534","17/18773",0.117647058823529,0.871581781884024,-0.209247330101791,0.689633515427964,0.999999999999988,0.880057037348484,"stx4/psen2",2
"GO:0002455","humoral immune response mediated by circulating immunoglobulin","2/2534","17/18773",0.117647058823529,0.871581781884024,-0.209247330101791,0.689633515427964,0.999999999999988,0.880057037348484,"sele/c7a",2
"GO:0006958","complement activation, classical pathway","2/2534","17/18773",0.117647058823529,0.871581781884024,-0.209247330101791,0.689633515427964,0.999999999999988,0.880057037348484,"sele/c7a",2
"GO:0010977","negative regulation of neuron projection development","2/2534","17/18773",0.117647058823529,0.871581781884024,-0.209247330101791,0.689633515427964,0.999999999999988,0.880057037348484,"socs3a/sfpq",2
"GO:0022010","central nervous system myelination","2/2534","17/18773",0.117647058823529,0.871581781884024,-0.209247330101791,0.689633515427964,0.999999999999988,0.880057037348484,"chd7/znf16l",2
"GO:0032291","axon ensheathment in central nervous system","2/2534","17/18773",0.117647058823529,0.871581781884024,-0.209247330101791,0.689633515427964,0.999999999999988,0.880057037348484,"chd7/znf16l",2
"GO:0042663","regulation of endodermal cell fate specification","2/2534","17/18773",0.117647058823529,0.871581781884024,-0.209247330101791,0.689633515427964,0.999999999999988,0.880057037348484,"dusp6/notch1a",2
"GO:0046849","bone remodeling","2/2534","17/18773",0.117647058823529,0.871581781884024,-0.209247330101791,0.689633515427964,0.999999999999988,0.880057037348484,"lgr4/neu1",2
"GO:0072337","modified amino acid transport","2/2534","17/18773",0.117647058823529,0.871581781884024,-0.209247330101791,0.689633515427964,0.999999999999988,0.880057037348484,"ctns/slc25a20",2
"GO:1901184","regulation of ERBB signaling pathway","2/2534","17/18773",0.117647058823529,0.871581781884024,-0.209247330101791,0.689633515427964,0.999999999999988,0.880057037348484,"zgpat/mvb12ba",2
"GO:1901658","glycosyl compound catabolic process","2/2534","17/18773",0.117647058823529,0.871581781884024,-0.209247330101791,0.689633515427964,0.999999999999988,0.880057037348484,"fuca1.1/fuca1.2",2
"GO:0002697","regulation of immune effector process","4/2534","34/18773",0.117647058823529,0.871581781884024,-0.296054611025642,0.691677856218995,0.999999999999988,0.880057037348484,"zgc:153631/sele/brd4/opa1",4
"GO:0030223","neutrophil differentiation","4/2534","34/18773",0.117647058823529,0.871581781884024,-0.296054611025642,0.691677856218995,0.999999999999988,0.880057037348484,"srpra/jagn1b/ncor2/usb1",4
"GO:0034219","carbohydrate transmembrane transport","4/2534","34/18773",0.117647058823529,0.871581781884024,-0.296054611025642,0.691677856218995,0.999999999999988,0.880057037348484,"aqp7/akt2/tmem144a/aqp3a",4
"GO:0071600","otic vesicle morphogenesis","4/2534","34/18773",0.117647058823529,0.871581781884024,-0.296054611025642,0.691677856218995,0.999999999999988,0.880057037348484,"shrprbck1r/tfap2c/sox3/cep290",4
"GO:0000226","microtubule cytoskeleton organization","49/2534","385/18773",0.127272727272727,0.942893018583626,-0.447230340722686,0.694841445616769,0.999999999999988,0.880057037348484,"npm1a/ccser2a/mapre1a/rcc1/tbcb/clip1a/vcp/tuba8l4/pcnt/ruvbl1/bccip/nedd1/gsk3ab/ska2/ewsr1a/dchs1b/tubgcp3/gas8/nin/plk3/map7d3/map7d1b/camsap2b/dctn1a/tuba4l/map1sa/mdm1/csnk1db/chordc1b/prkci/tuba8l3/zgc:162200/tuba1b/tprb/vangl2/clasp2/clip2/fbxw5/phldb1b/racgap1/mapre2/diaph2/pafah1b1b/phldb2b/stmn1a/cdc14ab/abraxas2/ttl/cep170aa",49
"GO:0007224","smoothened signaling pathway","9/2534","75/18773",0.12,0.889013417521705,-0.380436756049698,0.698426383576052,0.999999999999988,0.880057037348484,"b9d1/gas8/lztfl1/mgrn1a/rerea/qkia/intu/hipk2/cdk11b",9
"GO:0007272","ensheathment of neurons","9/2534","75/18773",0.12,0.889013417521705,-0.380436756049698,0.698426383576052,0.999999999999988,0.880057037348484,"chd7/tnfrsf1b/marveld1/sptan1/sec63/gna13a/tuba8l3/znf16l/gna12a",9
"GO:0008366","axon ensheathment","9/2534","75/18773",0.12,0.889013417521705,-0.380436756049698,0.698426383576052,0.999999999999988,0.880057037348484,"chd7/tnfrsf1b/marveld1/sptan1/sec63/gna13a/tuba8l3/znf16l/gna12a",9
"GO:0031018","endocrine pancreas development","9/2534","75/18773",0.12,0.889013417521705,-0.380436756049698,0.698426383576052,0.999999999999988,0.880057037348484,"cdkal1/fscn1a/pepd/thada/cdk5/pax6b/dhps/ide/notch2",9
"GO:0030177","positive regulation of Wnt signaling pathway","8/2534","67/18773",0.119402985074627,0.884590465195726,-0.373824330296161,0.698927942494341,0.999999999999988,0.880057037348484,"atp6ap2/nup62l/lgr4/rnf25/rnf146/csnk1db/vangl2/dmxl2",8
"GO:0061572","actin filament bundle organization","7/2534","59/18773",0.11864406779661,0.878968068171177,-0.367808359535432,0.700223829409251,0.999999999999988,0.880057037348484,"myh9b/ppp1r12a/fscn1a/gna13a/itgb5/baiap2a/gna12a",7
"GO:0002831","regulation of response to biotic stimulus","13/2534","107/18773",0.121495327102804,0.900091466338175,-0.409399945202885,0.700787253314095,0.999999999999988,0.880057037348484,"pycard/parp1/cnbpb/pias4a/gramd4b/lgr4/trafd1/tbk1/tlr5a/n4bp1/trim25/tlr5b/nek7",13
"GO:0015012","heparan sulfate proteoglycan biosynthetic process","3/2534","26/18773",0.115384615384615,0.85482059377087,-0.292620492737733,0.701211692058226,0.999999999999988,0.880057037348484,"hs2st1a/csgalnact1a/hs6st1a",3
"GO:0019933","cAMP-mediated signaling","3/2534","26/18773",0.115384615384615,0.85482059377087,-0.292620492737733,0.701211692058226,0.999999999999988,0.880057037348484,"aplnrb/mgrn1a/pde4d",3
"GO:0031330","negative regulation of cellular catabolic process","3/2534","26/18773",0.115384615384615,0.85482059377087,-0.292620492737733,0.701211692058226,0.999999999999988,0.880057037348484,"tmem39a/ap3d1/dap",3
"GO:0035118","embryonic pectoral fin morphogenesis","3/2534","26/18773",0.115384615384615,0.85482059377087,-0.292620492737733,0.701211692058226,0.999999999999988,0.880057037348484,"nipblb/cdh2/nipbla",3
"GO:0048857","neural nucleus development","3/2534","26/18773",0.115384615384615,0.85482059377087,-0.292620492737733,0.701211692058226,0.999999999999988,0.880057037348484,"prkci/hdac1/mafba",3
"GO:0051047","positive regulation of secretion","3/2534","26/18773",0.115384615384615,0.85482059377087,-0.292620492737733,0.701211692058226,0.999999999999988,0.880057037348484,"ptbp1a/edn1/marcksb",3
"GO:0085029","extracellular matrix assembly","3/2534","26/18773",0.115384615384615,0.85482059377087,-0.292620492737733,0.701211692058226,0.999999999999988,0.880057037348484,"cemip2/itga5/lamb1a",3
"GO:1903532","positive regulation of secretion by cell","3/2534","26/18773",0.115384615384615,0.85482059377087,-0.292620492737733,0.701211692058226,0.999999999999988,0.880057037348484,"ptbp1a/edn1/marcksb",3
"GO:0042157","lipoprotein metabolic process","6/2534","51/18773",0.117647058823529,0.871581781884024,-0.362755949738863,0.702670849309767,0.999999999999988,0.880057037348484,"nmt1a/zdhhc9/zdhhc16a/wipi1/apoeb/rabl3",6
"GO:0046839","phospholipid dephosphorylation","6/2534","51/18773",0.117647058823529,0.871581781884024,-0.362755949738863,0.702670849309767,0.999999999999988,0.880057037348484,"tpte/plpp5/inpp5ka/mtmr6/pip4p1b/ptenb",6
"GO:0000077","DNA damage checkpoint signaling","5/2534","43/18773",0.116279069767442,0.861447110001652,-0.359302190712178,0.706862695711255,0.999999999999988,0.880057037348484,"tp53/ccnd1/mre11a/tipin/ufl1",5
"GO:0007548","sex differentiation","5/2534","43/18773",0.116279069767442,0.861447110001652,-0.359302190712178,0.706862695711255,0.999999999999988,0.880057037348484,"lhfpl2a/u2af2a/ambra1b/sox3/pgrmc1",5
"GO:0051783","regulation of nuclear division","5/2534","43/18773",0.116279069767442,0.861447110001652,-0.359302190712178,0.706862695711255,0.999999999999988,0.880057037348484,"ube2ib/ewsr1a/si:ch211-244o22.2/anapc5/anapc11",5
"GO:0065009","regulation of molecular function","36/2534","287/18773",0.125435540069686,0.929282317966939,-0.476899018034733,0.708738159583294,0.999999999999988,0.880057037348484,"rad21a/ssbp1/tp53/serpinh1b/ube2nb/pycard/mcm2/tnfrsf1b/hip1/tegt/asap1a/psme1/rtraf/usp44/arrb2a/diablob/zgpat/psme3/selenon/atp5if1a/appb/myo9aa/psen1/ecsit/fzr1b/serpinh1a/cops5/sox3/ufl1/ctsba/serpinb1l3/nudt9/serpinf1/park7/kctd10/dnmt3aa",36
"GO:0045595","regulation of cell differentiation","61/2534","479/18773",0.127348643006263,0.943455436131245,-0.495202940848821,0.709567861840751,0.999999999999988,0.880057037348484,"tp53/h2az2a/gnl3/chd7/phf6/kdm1a/ptbp1a/fosl2/tnfrsf1b/qki2/mapk14a/nup62l/metrnla/hnrnpl2/ewsr1a/lpar2a/nf2b/tmem119b/eed/her13/edn1/ap3d1/zmiz1a/vezf1b/fmr1/atf4a/ccn1l2/mib1/nipblb/gnl2/riox1/prmt5/flot2b/ddx46/appb/akirin1/cdh2/brd4/nr3c1/neu1/sox6/ambra1b/cdca7a/nfkbiaa/znf16l/zc4h2/grnb/dusp6/qkia/irf2bp2b/fgfr4/dnmt3bb.1/notch1a/numb/hdac1/hipk2/serpinf1/brinp3b/si:dkey-40c11.2/opa1/fxr2",61
"GO:0009953","dorsal/ventral pattern formation","19/2534","155/18773",0.12258064516129,0.908131985640451,-0.45367265477214,0.70958673296288,0.999999999999988,0.880057037348484,"acvr1l/ptbp1a/cdk5rap3/ppp4cb/nup62l/gsk3ab/ap2a1/tll1/edn1/mib1/usp5/acsl4a/eif4a3/mgaa/dusp6/ctsba/smad9/snai1a/hdac1",19
"GO:0007162","negative regulation of cell adhesion","9/2534","76/18773",0.118421052631579,0.877315872554314,-0.423338871466751,0.713594994786238,0.999999999999988,0.880057037348484,"cd276/acvr1l/ap1ar/zgc:153631/gna13a/gna12a/tet3/si:dkey-169i5.4/znf703",9
"GO:0014003","oligodendrocyte development","4/2534","35/18773",0.114285714285714,0.846679445258766,-0.358634217875059,0.713868894076998,0.999999999999988,0.880057037348484,"chd7/gna13a/znf16l/gna12a",4
"GO:0032007","negative regulation of TOR signaling","4/2534","35/18773",0.114285714285714,0.846679445258766,-0.358634217875059,0.713868894076998,0.999999999999988,0.880057037348484,"gsk3ab/tsc1a/nprl2/depdc5",4
"GO:0045494","photoreceptor cell maintenance","4/2534","35/18773",0.114285714285714,0.846679445258766,-0.358634217875059,0.713868894076998,0.999999999999988,0.880057037348484,"nrf1/pafah1b1b/emc3/cep290",4
"GO:0097205","renal filtration","4/2534","35/18773",0.114285714285714,0.846679445258766,-0.358634217875059,0.713868894076998,0.999999999999988,0.880057037348484,"iqgap2/myh9a/cd2ap/ctns",4
"GO:0042063","gliogenesis","22/2534","179/18773",0.122905027932961,0.910535157610685,-0.475085133415213,0.714752059817784,0.999999999999988,0.880057037348484,"pes/chd7/egr1/qki2/nf2b/eed/sptan1/mib1/gna13a/cdh2/cdc42l/itga5/tuba8l3/znf16l/gna12a/myo6b/grnb/qkia/notch1a/nlrc3l/hdac1/nrros",22
"GO:0170040","proteinogenic amino acid catabolic process","8/2534","68/18773",0.117647058823529,0.871581781884024,-0.419064793835209,0.714909806614933,0.999999999999988,0.880057037348484,"dlst/got2b/tdh/gcsha/glud1b/amt/ivd/tha1",8
"GO:0009416","response to light stimulus","18/2534","148/18773",0.121621621621622,0.901027112353079,-0.477504969357725,0.718771643248918,0.999999999999988,0.880057037348484,"atp6v0e1/tp53/chd7/mapk14a/lsm7/dlat/pold3/cyp20a1/atp5if1a/psen1/sf3b4/nr3c1/lamb1a/vps18/ercc8/ciao2a/ddb2/cry3b",18
"GO:0002097","tRNA wobble base modification","2/2534","18/18773",0.111111111111111,0.823160571779356,-0.296507550781648,0.720081832802634,0.999999999999988,0.880057037348484,"ctu2/elp3",2
"GO:0002286","T cell activation involved in immune response","2/2534","18/18773",0.111111111111111,0.823160571779356,-0.296507550781648,0.720081832802634,0.999999999999988,0.880057037348484,"brd4/opa1",2
"GO:0010594","regulation of endothelial cell migration","2/2534","18/18773",0.111111111111111,0.823160571779356,-0.296507550781648,0.720081832802634,0.999999999999988,0.880057037348484,"nrp1b/prcp",2
"GO:0015919","peroxisomal membrane transport","2/2534","18/18773",0.111111111111111,0.823160571779356,-0.296507550781648,0.720081832802634,0.999999999999988,0.880057037348484,"pex19/pex26",2
"GO:0019229","regulation of vasoconstriction","2/2534","18/18773",0.111111111111111,0.823160571779356,-0.296507550781648,0.720081832802634,0.999999999999988,0.880057037348484,"avpr1ab/edn1",2
"GO:0021548","pons development","2/2534","18/18773",0.111111111111111,0.823160571779356,-0.296507550781648,0.720081832802634,0.999999999999988,0.880057037348484,"hdac1/mafba",2
"GO:0034312","diol biosynthetic process","2/2534","18/18773",0.111111111111111,0.823160571779356,-0.296507550781648,0.720081832802634,0.999999999999988,0.880057037348484,"sptlc2b/sptlc2a",2
"GO:0043574","peroxisomal transport","2/2534","18/18773",0.111111111111111,0.823160571779356,-0.296507550781648,0.720081832802634,0.999999999999988,0.880057037348484,"pex19/pex26",2
"GO:0050708","regulation of protein secretion","2/2534","18/18773",0.111111111111111,0.823160571779356,-0.296507550781648,0.720081832802634,0.999999999999988,0.880057037348484,"edn1/marcksb",2
"GO:0050818","regulation of coagulation","2/2534","18/18773",0.111111111111111,0.823160571779356,-0.296507550781648,0.720081832802634,0.999999999999988,0.880057037348484,"anxa5b/pros1",2
"GO:0050852","T cell receptor signaling pathway","2/2534","18/18773",0.111111111111111,0.823160571779356,-0.296507550781648,0.720081832802634,0.999999999999988,0.880057037348484,"ube2nb/slc39a6",2
"GO:0050886","endocrine process","2/2534","18/18773",0.111111111111111,0.823160571779356,-0.296507550781648,0.720081832802634,0.999999999999988,0.880057037348484,"avpr1ab/edn1",2
"GO:0060287","epithelial cilium movement involved in determination of left/right asymmetry","2/2534","18/18773",0.111111111111111,0.823160571779356,-0.296507550781648,0.720081832802634,0.999999999999988,0.880057037348484,"mcamb/rpgrb",2
"GO:0060541","respiratory system development","2/2534","18/18773",0.111111111111111,0.823160571779356,-0.296507550781648,0.720081832802634,0.999999999999988,0.880057037348484,"marcksb/phf14",2
"GO:1904262","negative regulation of TORC1 signaling","2/2534","18/18773",0.111111111111111,0.823160571779356,-0.296507550781648,0.720081832802634,0.999999999999988,0.880057037348484,"nprl2/depdc5",2
"GO:0038202","TORC1 signaling","6/2534","52/18773",0.115384615384615,0.85482059377087,-0.414115134867201,0.720706616698847,0.999999999999988,0.880057037348484,"seh1l/lamtor4/nprl2/lamtor2/lamtor3/depdc5",6
"GO:0051896","regulation of phosphatidylinositol 3-kinase/protein kinase B signal transduction","6/2534","52/18773",0.115384615384615,0.85482059377087,-0.414115134867201,0.720706616698847,0.999999999999988,0.880057037348484,"igf1rb/inpp5ka/acsl4a/ptenb/lims1/pdgfbb",6
"GO:0048667","cell morphogenesis involved in neuron differentiation","62/2534","489/18773",0.12678936605317,0.939312063502824,-0.537155629161854,0.723838184213246,0.999999999999988,0.880057037348484,"nrp2a/pcdh17/nop56/sema3ab/sema3fb/kif5ba/cpsf1/arhgap35a/mapk14a/robo4/pitpnaa/snx27a/top2b/dag1/sfpq/clns1a/robo1/ubap1/dpysl2b/flt4/uba1/efna1b/fmr1/btbd3a/ist1/ppp1r12a/nrp2b/mapk3/fus/cln3/efnb2a/map1sa/appb/cdh2/myo9aa/ngly1/kif1b/elp3/efna3b/pin1/rtn4a/vangl2/grnb/agrn/rac1a/cdk5/nrp1b/lamb1a/slbp/sema4c/notch1a/trip4/cyfip1/asah1b/arhgap35b/sema3fa/evla/si:dkey-40c11.2/pak2a/ptprfa/als2a/gap43",62
"GO:0003171","atrioventricular valve development","3/2534","27/18773",0.111111111111111,0.823160571779356,-0.363233265349707,0.725846049183762,0.999999999999988,0.880057037348484,"rad21a/cemip2/gata2a",3
"GO:0006094","gluconeogenesis","3/2534","27/18773",0.111111111111111,0.823160571779356,-0.363233265349707,0.725846049183762,0.999999999999988,0.880057037348484,"foxo1a/arpp19a/pcxa",3
"GO:0030916","otic vesicle formation","3/2534","27/18773",0.111111111111111,0.823160571779356,-0.363233265349707,0.725846049183762,0.999999999999988,0.880057037348484,"tfap2c/sox3/cep290",3
"GO:0044773","mitotic DNA damage checkpoint signaling","3/2534","27/18773",0.111111111111111,0.823160571779356,-0.363233265349707,0.725846049183762,0.999999999999988,0.880057037348484,"ccnd1/mre11a/tipin",3
"GO:1905515","non-motile cilium assembly","3/2534","27/18773",0.111111111111111,0.823160571779356,-0.363233265349707,0.725846049183762,0.999999999999988,0.880057037348484,"appb/csnk1db/cep290",3
"GO:0072006","nephron development","12/2534","101/18773",0.118811881188119,0.880211304476936,-0.476826122946116,0.725930194396427,0.999999999999988,0.880057037348484,"iqgap2/myh9a/myo1cb/kirrel3l/tbx2b/slc43a1a/etv5a/prkci/cd2ap/usp40/ctns/mafba",12
"GO:0048638","regulation of developmental growth","10/2534","85/18773",0.117647058823529,0.871581781884024,-0.468741738888984,0.726956049401491,0.999999999999988,0.880057037348484,"wwc3/mapk14a/ruvbl1/ewsr1a/dusp6/sec14l8/kmt5c/orc1/hdac1/si:dkey-40c11.2",10
"GO:0006643","membrane lipid metabolic process","18/2534","149/18773",0.120805369127517,0.894979950525206,-0.508402653278084,0.729363703493078,0.999999999999988,0.880057037348484,"dpm1/elovl1b/psap/pigk/hacd3/st3gal5/smpd5/agk/sptlc2b/sptlc2a/hexa/neu1/pigu/elovl8b/b4galt6/asah1b/pigp/pigc",18
"GO:0006887","exocytosis","21/2534","173/18773",0.121387283236994,0.899291029284962,-0.525670582682767,0.732779872531017,0.999999999999988,0.880057037348484,"sdf4/stx4/ptbp1a/rab15/exoc1/exoc2/washc3/dchs1b/snapin/rap1b/rap1ab/ralaa/rab11a/snap29/sybl1/exoc6b/stxbp3/rap1aa/vps18/exoc3/il1rapl1a",21
"GO:0003351","epithelial cilium movement involved in extracellular fluid movement","4/2534","36/18773",0.111111111111111,0.823160571779356,-0.419526366959383,0.734863217037173,0.999999999999988,0.880057037348484,"ruvbl1/mcamb/gas8/rpgrb",4
"GO:0006858","extracellular transport","4/2534","36/18773",0.111111111111111,0.823160571779356,-0.419526366959383,0.734863217037173,0.999999999999988,0.880057037348484,"ruvbl1/mcamb/gas8/rpgrb",4
"GO:0010951","negative regulation of endopeptidase activity","4/2534","36/18773",0.111111111111111,0.823160571779356,-0.419526366959383,0.734863217037173,0.999999999999988,0.880057037348484,"serpinh1b/serpinh1a/serpinb1l3/serpinf1",4
"GO:0016126","sterol biosynthetic process","4/2534","36/18773",0.111111111111111,0.823160571779356,-0.419526366959383,0.734863217037173,0.999999999999988,0.880057037348484,"lbr/dhcr7/ch25h/insig1",4
"GO:0042113","B cell activation","4/2534","36/18773",0.111111111111111,0.823160571779356,-0.419526366959383,0.734863217037173,0.999999999999988,0.880057037348484,"slc39a7/dnmt1/rnf8/rabl3",4
"GO:0046328","regulation of JNK cascade","4/2534","36/18773",0.111111111111111,0.823160571779356,-0.419526366959383,0.734863217037173,0.999999999999988,0.880057037348484,"tpd52l1/igf1rb/zgc:113363/pigp",4
"GO:0051298","centrosome duplication","4/2534","36/18773",0.111111111111111,0.823160571779356,-0.419526366959383,0.734863217037173,0.999999999999988,0.880057037348484,"npm1a/mdm1/chordc1b/fbxw5",4
"GO:1903034","regulation of response to wounding","4/2534","36/18773",0.111111111111111,0.823160571779356,-0.419526366959383,0.734863217037173,0.999999999999988,0.880057037348484,"socs3a/sfpq/il6st/pros1",4
"GO:0141091","transforming growth factor beta receptor superfamily signaling pathway","24/2534","197/18773",0.121827411167513,0.902551692915436,-0.54313807383018,0.736692701523593,0.999999999999988,0.880057037348484,"tp53/ncln/acvr1l/rab5ab/ppp4cb/nup62l/aplnrb/tll1/prex1/ppp1r12a/nomo/fscn1a/tbx2b/tgfb1a/acvr2aa/mynn/itgb5/ngly1/acsl4a/mgaa/snw1/smad9/znf703/nrros",24
"GO:0002221","pattern recognition receptor signaling pathway","6/2534","53/18773",0.113207547169811,0.838691903322363,-0.464536792148169,0.737966521015232,0.999999999999988,0.880057037348484,"gramd4b/lgr4/tlr5a/trim25/tlr5b/nek7",6
"GO:0002758","innate immune response-activating signaling pathway","6/2534","53/18773",0.113207547169811,0.838691903322363,-0.464536792148169,0.737966521015232,0.999999999999988,0.880057037348484,"gramd4b/lgr4/tlr5a/trim25/tlr5b/nek7",6
"GO:0005977","glycogen metabolic process","6/2534","53/18773",0.113207547169811,0.838691903322363,-0.464536792148169,0.737966521015232,0.999999999999988,0.880057037348484,"atg3/inpp5ka/ppp1caa/ppp1r3cb/wipi1/ppp1cab",6
"GO:0044042","glucan metabolic process","6/2534","53/18773",0.113207547169811,0.838691903322363,-0.464536792148169,0.737966521015232,0.999999999999988,0.880057037348484,"atg3/inpp5ka/ppp1caa/ppp1r3cb/wipi1/ppp1cab",6
"GO:0051017","actin filament bundle assembly","6/2534","53/18773",0.113207547169811,0.838691903322363,-0.464536792148169,0.737966521015232,0.999999999999988,0.880057037348484,"ppp1r12a/fscn1a/gna13a/itgb5/baiap2a/gna12a",6
"GO:1902905","positive regulation of supramolecular fiber organization","6/2534","53/18773",0.113207547169811,0.838691903322363,-0.464536792148169,0.737966521015232,0.999999999999988,0.880057037348484,"clip1a/nck1b/wasf3b/baiap2a/cdc42ep1a/evla",6
"GO:0006575","cellular modified amino acid metabolic process","12/2534","102/18773",0.117647058823529,0.871581781884024,-0.513714557786643,0.738448800813565,0.999999999999988,0.880057037348484,"acadl/gclm/abhd16a/mthfs/gpx1a/gsr/aldh9a1b/gstm.1/hagh/gstr/gstm.2/ptdss2",12
"GO:0030510","regulation of BMP signaling pathway","11/2534","94/18773",0.117021276595745,0.866945708576131,-0.510851813421537,0.739231475360152,0.999999999999988,0.880057037348484,"acvr1l/ppp4cb/nup62l/tll1/ppp1r12a/mynn/ngly1/acsl4a/mgaa/snw1/smad9",11
"GO:0051093","negative regulation of developmental process","18/2534","150/18773",0.12,0.889013417521705,-0.539101107162623,0.739704677283628,0.999999999999988,0.880057037348484,"tp53/wwc3/qki2/lpar2a/socs3a/vat1/sfpq/riox1/sars1/nfkbiaa/phf14/dusp6/qkia/irf2bp2b/notch1a/cct3/serpinf1/ptenb",18
"GO:0016051","carbohydrate biosynthetic process","10/2534","86/18773",0.116279069767442,0.861447110001652,-0.508714315262214,0.740505208908356,0.999999999999988,0.880057037348484,"nansa/hs2st1a/foxo1a/arpp19a/inpp5ka/si:ch73-91k6.2/ppp1r3cb/pcxa/mpdu1b/kctd10",10
"GO:0006873","intracellular monoatomic ion homeostasis","28/2534","229/18773",0.122270742358079,0.905836087722261,-0.566342903593141,0.742317321906018,0.999999999999988,0.880057037348484,"slc39a7/atp2a2b/zgc:56095/asph/atp6ap1b/ccdc47/atp6v0d1/slc30a7/htt/aplnrb/atp6v1ba/cherp/edn1/slc39a13/selenon/tcirg1b/smdt1b/cln3/itpr3/tfr1b/tmco1/cisd1/slc39a6/slc9a7/atp6v0a2b/atp6v1b2/dmxl2/atp6v0a1a",28
"GO:0030003","intracellular monoatomic cation homeostasis","28/2534","229/18773",0.122270742358079,0.905836087722261,-0.566342903593141,0.742317321906018,0.999999999999988,0.880057037348484,"slc39a7/atp2a2b/zgc:56095/asph/atp6ap1b/ccdc47/atp6v0d1/slc30a7/htt/aplnrb/atp6v1ba/cherp/edn1/slc39a13/selenon/tcirg1b/smdt1b/cln3/itpr3/tfr1b/tmco1/cisd1/slc39a6/slc9a7/atp6v0a2b/atp6v1b2/dmxl2/atp6v0a1a",28
"GO:0030865","cortical cytoskeleton organization","5/2534","45/18773",0.111111111111111,0.823160571779356,-0.469157426875501,0.744657165123344,0.999999999999988,0.880057037348484,"iqgap2/strip1/iqgap1/fmnl3/rac1a",5
"GO:0071222","cellular response to lipopolysaccharide","5/2534","45/18773",0.111111111111111,0.823160571779356,-0.469157426875501,0.744657165123344,0.999999999999988,0.880057037348484,"cd276/tnip1/tet3/si:dkey-169i5.4/tet1",5
"GO:2001234","negative regulation of apoptotic signaling pathway","5/2534","45/18773",0.111111111111111,0.823160571779356,-0.469157426875501,0.744657165123344,0.999999999999988,0.880057037348484,"hyou1/tegt/slc35f6/snx13/ptpn11a",5
"GO:0009968","negative regulation of signal transduction","59/2534","470/18773",0.125531914893617,0.929996305563485,-0.607138378913264,0.747562152679494,0.999999999999988,0.880057037348484,"tmem88a/ncln/hyou1/tcima/ptbp1a/prpf19/spred2b/tmem88b/cdk5rap3/nup62l/tegt/gsk3ab/mylipb/pias4a/nck1b/socs3a/aplnrb/gramd4b/arrb2a/tsc1a/lgr4/zgpat/ptpn1/nprl2/nomo/lztfl1/inpp5ka/dlc/mgrn1a/yju2/stk3/rerea/slc35f6/akap12b/rasip1/depdc5/rasa3/frmd8/vangl2/tnip1/nfkbiaa/tle2a/phf14/dusp6/gpx4b/ufl1/dlb/cnot9/ddrgk1/spry4/insig1/snx13/pak1ip1/ptpn11a/arhgap24/neurl1aa/kctd10/nrros/spred2a",59
"GO:0001959","regulation of cytokine-mediated signaling pathway","2/2534","19/18773",0.105263157894737,0.77983633115939,-0.379275190835754,0.747968780439648,0.999999999999988,0.880057037348484,"pias4a/spata2",2
"GO:0036065","fucosylation","2/2534","19/18773",0.105263157894737,0.77983633115939,-0.379275190835754,0.747968780439648,0.999999999999988,0.880057037348484,"slc35c1/pofut1",2
"GO:0043112","receptor metabolic process","2/2534","19/18773",0.105263157894737,0.77983633115939,-0.379275190835754,0.747968780439648,0.999999999999988,0.880057037348484,"arrb2a/lamtor1",2
"GO:0043114","regulation of vascular permeability","2/2534","19/18773",0.105263157894737,0.77983633115939,-0.379275190835754,0.747968780439648,0.999999999999988,0.880057037348484,"itgb1b/tjp1a",2
"GO:0046189","phenol-containing compound biosynthetic process","2/2534","19/18773",0.105263157894737,0.77983633115939,-0.379275190835754,0.747968780439648,0.999999999999988,0.880057037348484,"ddt/mfsd12a",2
"GO:0060759","regulation of response to cytokine stimulus","2/2534","19/18773",0.105263157894737,0.77983633115939,-0.379275190835754,0.747968780439648,0.999999999999988,0.880057037348484,"pias4a/spata2",2
"GO:1905952","regulation of lipid localization","2/2534","19/18773",0.105263157894737,0.77983633115939,-0.379275190835754,0.747968780439648,0.999999999999988,0.880057037348484,"npc1/abca1a",2
"GO:2001243","negative regulation of intrinsic apoptotic signaling pathway","2/2534","19/18773",0.105263157894737,0.77983633115939,-0.379275190835754,0.747968780439648,0.999999999999988,0.880057037348484,"hyou1/ptpn11a",2
"GO:0002761","regulation of myeloid leukocyte differentiation","3/2534","28/18773",0.107142857142857,0.793761979930094,-0.431403794926431,0.748859054030332,0.999999999999988,0.880057037348484,"qki2/qkia/irf2bp2b",3
"GO:0009119","ribonucleoside metabolic process","3/2534","28/18773",0.107142857142857,0.793761979930094,-0.431403794926431,0.748859054030332,0.999999999999988,0.880057037348484,"adka/hprt1/aprt",3
"GO:0019319","hexose biosynthetic process","3/2534","28/18773",0.107142857142857,0.793761979930094,-0.431403794926431,0.748859054030332,0.999999999999988,0.880057037348484,"foxo1a/arpp19a/pcxa",3
"GO:0022898","regulation of transmembrane transporter activity","3/2534","28/18773",0.107142857142857,0.793761979930094,-0.431403794926431,0.748859054030332,0.999999999999988,0.880057037348484,"selenon/nudt9/park7",3
"GO:0032401","establishment of melanosome localization","3/2534","28/18773",0.107142857142857,0.793761979930094,-0.431403794926431,0.748859054030332,0.999999999999988,0.880057037348484,"ube3d/rab11a/bbip1",3
"GO:0032402","melanosome transport","3/2534","28/18773",0.107142857142857,0.793761979930094,-0.431403794926431,0.748859054030332,0.999999999999988,0.880057037348484,"ube3d/rab11a/bbip1",3
"GO:0032409","regulation of transporter activity","3/2534","28/18773",0.107142857142857,0.793761979930094,-0.431403794926431,0.748859054030332,0.999999999999988,0.880057037348484,"selenon/nudt9/park7",3
"GO:0051904","pigment granule transport","3/2534","28/18773",0.107142857142857,0.793761979930094,-0.431403794926431,0.748859054030332,0.999999999999988,0.880057037348484,"ube3d/rab11a/bbip1",3
"GO:0060415","muscle tissue morphogenesis","3/2534","28/18773",0.107142857142857,0.793761979930094,-0.431403794926431,0.748859054030332,0.999999999999988,0.880057037348484,"cemip2/rbx1/rbfox1",3
"GO:1905475","regulation of protein localization to membrane","3/2534","28/18773",0.107142857142857,0.793761979930094,-0.431403794926431,0.748859054030332,0.999999999999988,0.880057037348484,"mesd/mief1/camk2g1",3
"GO:0031333","negative regulation of protein-containing complex assembly","7/2534","62/18773",0.112903225806452,0.836437355195152,-0.509577691444111,0.749019209018693,0.999999999999988,0.880057037348484,"twf1b/tmod2/sptan1/gsna/capza1a/mtpn/kank3",7
"GO:0001503","ossification","13/2534","111/18773",0.117117117117117,0.867655737821484,-0.552416257222144,0.749775621283833,0.999999999999988,0.880057037348484,"ncl/chd7/acvr1l/atp6v1h/tmem119b/lgr4/atf4a/riox1/galnt2/nr3c1/wls/tapt1a/sin3b",13
"GO:0051259","protein complex oligomerization","13/2534","111/18773",0.117117117117117,0.867655737821484,-0.552416257222144,0.749775621283833,0.999999999999988,0.880057037348484,"tp53/atl3/stk3/atp5if1a/kctd6b/cpsf6/aldh9a1b/dnm1l/farsa/rbmx/kctd5a/evla/kctd10",13
"GO:0043066","negative regulation of apoptotic process","35/2534","285/18773",0.12280701754386,0.909809053019288,-0.606065200148798,0.752568655794855,0.999999999999988,0.880057037348484,"ptmaa/api5/mtdhb/ptmab/hyou1/hypk/apex1/nup62l/tegt/snx7/ciapin1/bag3/mcm5/birc6/ddt/xrcc5/akt2/ddb1/cln3/mif/mtdha/yju2/slc35f6/birc2/mdm4/supv3l1/cops5/cdk5/selenow2a/il6r/ptrh2/snx13/prdm9/ptpn11a/hspb15",35
"GO:0016052","carbohydrate catabolic process","10/2534","87/18773",0.114942528735632,0.851545419082093,-0.5482441351674,0.7535940883915,0.999999999999988,0.880057037348484,"pgd/atg3/pkma/rbks/glb1l/gale/neu1/enosf1/wipi1/tigarb",10
"GO:0000271","polysaccharide biosynthetic process","4/2534","37/18773",0.108108108108108,0.800912988758293,-0.478833235842781,0.754673606332959,0.999999999999988,0.880057037348484,"hs2st1a/inpp5ka/ppp1r3cb/kctd10",4
"GO:0009116","nucleoside metabolic process","4/2534","37/18773",0.108108108108108,0.800912988758293,-0.478833235842781,0.754673606332959,0.999999999999988,0.880057037348484,"adka/hprt1/aprt/pnp5a",4
"GO:0045332","phospholipid translocation","4/2534","37/18773",0.108108108108108,0.800912988758293,-0.478833235842781,0.754673606332959,0.999999999999988,0.880057037348484,"triap1/atp11a/tmem30aa/mfsd2ab",4
"GO:0048916","posterior lateral line development","8/2534","71/18773",0.112676056338028,0.834754382649488,-0.551053842541499,0.759409213074183,0.999999999999988,0.880057037348484,"canx/socs3a/esr1/tgfb1a/mib1/hoxb8a/rtn4a/ctnnd1",8
"GO:0007498","mesoderm development","13/2534","112/18773",0.116071428571429,0.859908811590935,-0.587396441915275,0.761143542401647,0.999999999999988,0.880057037348484,"eif4g2b/ncln/acvr1l/atp6ap1b/tll1/nomo/tbx2b/cdh2/etv5a/prkci/lamb1a/notch1a/eif4g2a",13
"GO:0006081","cellular aldehyde metabolic process","5/2534","46/18773",0.108695652173913,0.805265776740675,-0.522355329822067,0.762151035946226,0.999999999999988,0.880057037348484,"rpe/aldh9a1b/hagh/taldo1/park7",5
"GO:0035023","regulation of Rho protein signal transduction","5/2534","46/18773",0.108695652173913,0.805265776740675,-0.522355329822067,0.762151035946226,0.999999999999988,0.880057037348484,"akap13/akap12b/rasip1/stard8/kctd10",5
"GO:0071219","cellular response to molecule of bacterial origin","5/2534","46/18773",0.108695652173913,0.805265776740675,-0.522355329822067,0.762151035946226,0.999999999999988,0.880057037348484,"cd276/tnip1/tet3/si:dkey-169i5.4/tet1",5
"GO:2000146","negative regulation of cell motility","5/2534","46/18773",0.108695652173913,0.805265776740675,-0.522355329822067,0.762151035946226,0.999999999999988,0.880057037348484,"rap2b/ap1ar/tgfb1a/rtn4a/srgap3",5
"GO:0030705","cytoskeleton-dependent intracellular transport","12/2534","104/18773",0.115384615384615,0.85482059377087,-0.586462293940957,0.762337414392284,0.999999999999988,0.880057037348484,"kif5ba/psen2/arl8bb/ap3d1/rhot1a/copg2/tmem108/kif1b/arl8a/fyco1a/vezt/pafah1b1b",12
"GO:0009267","cellular response to starvation","7/2534","63/18773",0.111111111111111,0.823160571779356,-0.555381514092102,0.763962127210273,0.999999999999988,0.880057037348484,"seh1l/atf4a/nprl2/depdc5/dap/gcn1/pak2a",7
"GO:0048709","oligodendrocyte differentiation","7/2534","63/18773",0.111111111111111,0.823160571779356,-0.555381514092102,0.763962127210273,0.999999999999988,0.880057037348484,"pes/chd7/gna13a/znf16l/gna12a/grnb/hdac1",7
"GO:0090090","negative regulation of canonical Wnt signaling pathway","7/2534","63/18773",0.111111111111111,0.823160571779356,-0.555381514092102,0.763962127210273,0.999999999999988,0.880057037348484,"tmem88a/tmem88b/gsk3ab/stk3/frmd8/vangl2/tle2a",7
"GO:0000910","cytokinesis","11/2534","96/18773",0.114583333333333,0.848884339647461,-0.586368278309623,0.763991597115691,0.999999999999988,0.880057037348484,"iqgap2/arl3b/dchs1b/birc6/iqgap1/cspp1b/pdcd6ip/anxa11a/racgap1/ikbkb/cdc14ab",11
"GO:0045861","negative regulation of proteolysis","11/2534","96/18773",0.114583333333333,0.848884339647461,-0.586368278309623,0.763991597115691,0.999999999999988,0.880057037348484,"serpinh1b/usp14/edn1/styx/appb/serpinh1a/ubxn1/serpinb1l3/serpinf1/n4bp1/fhit",11
"GO:0001709","cell fate determination","1/2534","10/18773",0.1,0.740844514601421,-0.323808469252894,0.765526637822121,0.999999999999988,0.880057037348484,"tbx2b",1
"GO:0002367","cytokine production involved in immune response","1/2534","10/18773",0.1,0.740844514601421,-0.323808469252894,0.765526637822121,0.999999999999988,0.880057037348484,"zgc:153631",1
"GO:0002718","regulation of cytokine production involved in immune response","1/2534","10/18773",0.1,0.740844514601421,-0.323808469252894,0.765526637822121,0.999999999999988,0.880057037348484,"zgc:153631",1
"GO:0008210","estrogen metabolic process","1/2534","10/18773",0.1,0.740844514601421,-0.323808469252894,0.765526637822121,0.999999999999988,0.880057037348484,"hsd17b10",1
"GO:0009080","pyruvate family amino acid catabolic process","1/2534","10/18773",0.1,0.740844514601421,-0.323808469252894,0.765526637822121,0.999999999999988,0.880057037348484,"ivd",1
"GO:0009086","methionine biosynthetic process","1/2534","10/18773",0.1,0.740844514601421,-0.323808469252894,0.765526637822121,0.999999999999988,0.880057037348484,"adi1",1
"GO:0009313","oligosaccharide catabolic process","1/2534","10/18773",0.1,0.740844514601421,-0.323808469252894,0.765526637822121,0.999999999999988,0.880057037348484,"neu1",1
"GO:0010092","specification of animal organ identity","1/2534","10/18773",0.1,0.740844514601421,-0.323808469252894,0.765526637822121,0.999999999999988,0.880057037348484,"hdac1",1
"GO:0010595","positive regulation of endothelial cell migration","1/2534","10/18773",0.1,0.740844514601421,-0.323808469252894,0.765526637822121,0.999999999999988,0.880057037348484,"nrp1b",1
"GO:0019755","one-carbon compound transport","1/2534","10/18773",0.1,0.740844514601421,-0.323808469252894,0.765526637822121,0.999999999999988,0.880057037348484,"aqp8a.1",1
"GO:0021513","spinal cord dorsal/ventral patterning","1/2534","10/18773",0.1,0.740844514601421,-0.323808469252894,0.765526637822121,0.999999999999988,0.880057037348484,"mib1",1
"GO:0032328","alanine transport","1/2534","10/18773",0.1,0.740844514601421,-0.323808469252894,0.765526637822121,0.999999999999988,0.880057037348484,"slc38a2",1
"GO:0033143","regulation of intracellular steroid hormone receptor signaling pathway","1/2534","10/18773",0.1,0.740844514601421,-0.323808469252894,0.765526637822121,0.999999999999988,0.880057037348484,"cnot9",1
"GO:0035493","SNARE complex assembly","1/2534","10/18773",0.1,0.740844514601421,-0.323808469252894,0.765526637822121,0.999999999999988,0.880057037348484,"uvrag",1
"GO:0038179","neurotrophin signaling pathway","1/2534","10/18773",0.1,0.740844514601421,-0.323808469252894,0.765526637822121,0.999999999999988,0.880057037348484,"kidins220b",1
"GO:0042693","muscle cell fate commitment","1/2534","10/18773",0.1,0.740844514601421,-0.323808469252894,0.765526637822121,0.999999999999988,0.880057037348484,"sox6",1
"GO:0042749","regulation of circadian sleep/wake cycle","1/2534","10/18773",0.1,0.740844514601421,-0.323808469252894,0.765526637822121,0.999999999999988,0.880057037348484,"parp1",1
"GO:0043470","regulation of carbohydrate catabolic process","1/2534","10/18773",0.1,0.740844514601421,-0.323808469252894,0.765526637822121,0.999999999999988,0.880057037348484,"tigarb",1
"GO:0044539","long-chain fatty acid import into cell","1/2534","10/18773",0.1,0.740844514601421,-0.323808469252894,0.765526637822121,0.999999999999988,0.880057037348484,"slc27a1a",1
"GO:0045747","positive regulation of Notch signaling pathway","1/2534","10/18773",0.1,0.740844514601421,-0.323808469252894,0.765526637822121,0.999999999999988,0.880057037348484,"mib1",1
"GO:0045956","positive regulation of calcium ion-dependent exocytosis","1/2534","10/18773",0.1,0.740844514601421,-0.323808469252894,0.765526637822121,0.999999999999988,0.880057037348484,"ptbp1a",1
"GO:0046339","diacylglycerol metabolic process","1/2534","10/18773",0.1,0.740844514601421,-0.323808469252894,0.765526637822121,0.999999999999988,0.880057037348484,"dgkza",1
"GO:0046642","negative regulation of alpha-beta T cell proliferation","1/2534","10/18773",0.1,0.740844514601421,-0.323808469252894,0.765526637822121,0.999999999999988,0.880057037348484,"zgc:153631",1
"GO:0046661","male sex differentiation","1/2534","10/18773",0.1,0.740844514601421,-0.323808469252894,0.765526637822121,0.999999999999988,0.880057037348484,"lhfpl2a",1
"GO:0046850","regulation of bone remodeling","1/2534","10/18773",0.1,0.740844514601421,-0.323808469252894,0.765526637822121,0.999999999999988,0.880057037348484,"neu1",1
"GO:0051382","kinetochore assembly","1/2534","10/18773",0.1,0.740844514601421,-0.323808469252894,0.765526637822121,0.999999999999988,0.880057037348484,"mis12",1
"GO:0051764","actin crosslink formation","1/2534","10/18773",0.1,0.740844514601421,-0.323808469252894,0.765526637822121,0.999999999999988,0.880057037348484,"baiap2a",1
"GO:0051898","negative regulation of phosphatidylinositol 3-kinase/protein kinase B signal transduction","1/2534","10/18773",0.1,0.740844514601421,-0.323808469252894,0.765526637822121,0.999999999999988,0.880057037348484,"inpp5ka",1
"GO:0060211","regulation of nuclear-transcribed mRNA poly(A) tail shortening","1/2534","10/18773",0.1,0.740844514601421,-0.323808469252894,0.765526637822121,0.999999999999988,0.880057037348484,"tnrc6c2",1
"GO:0060839","endothelial cell fate commitment","1/2534","10/18773",0.1,0.740844514601421,-0.323808469252894,0.765526637822121,0.999999999999988,0.880057037348484,"nr2f2",1
"GO:0060971","embryonic heart tube left/right pattern formation","1/2534","10/18773",0.1,0.740844514601421,-0.323808469252894,0.765526637822121,0.999999999999988,0.880057037348484,"vangl2",1
"GO:0070593","dendrite self-avoidance","1/2534","10/18773",0.1,0.740844514601421,-0.323808469252894,0.765526637822121,0.999999999999988,0.880057037348484,"robo4",1
"GO:0071539","protein localization to centrosome","1/2534","10/18773",0.1,0.740844514601421,-0.323808469252894,0.765526637822121,0.999999999999988,0.880057037348484,"nedd1",1
"GO:0097178","ruffle assembly","1/2534","10/18773",0.1,0.740844514601421,-0.323808469252894,0.765526637822121,0.999999999999988,0.880057037348484,"arhgap24",1
"GO:0098719","sodium ion import across plasma membrane","1/2534","10/18773",0.1,0.740844514601421,-0.323808469252894,0.765526637822121,0.999999999999988,0.880057037348484,"slc9a7",1
"GO:0098887","neurotransmitter receptor transport, endosome to postsynaptic membrane","1/2534","10/18773",0.1,0.740844514601421,-0.323808469252894,0.765526637822121,0.999999999999988,0.880057037348484,"rab11a",1
"GO:0099638","endosome to plasma membrane protein transport","1/2534","10/18773",0.1,0.740844514601421,-0.323808469252894,0.765526637822121,0.999999999999988,0.880057037348484,"rab11a",1
"GO:0099639","neurotransmitter receptor transport, endosome to plasma membrane","1/2534","10/18773",0.1,0.740844514601421,-0.323808469252894,0.765526637822121,0.999999999999988,0.880057037348484,"rab11a",1
"GO:0150105","protein localization to cell-cell junction","1/2534","10/18773",0.1,0.740844514601421,-0.323808469252894,0.765526637822121,0.999999999999988,0.880057037348484,"tjp1a",1
"GO:1900076","regulation of cellular response to insulin stimulus","1/2534","10/18773",0.1,0.740844514601421,-0.323808469252894,0.765526637822121,0.999999999999988,0.880057037348484,"inpp5ka",1
"GO:1901019","regulation of calcium ion transmembrane transporter activity","1/2534","10/18773",0.1,0.740844514601421,-0.323808469252894,0.765526637822121,0.999999999999988,0.880057037348484,"selenon",1
"GO:1903307","positive regulation of regulated secretory pathway","1/2534","10/18773",0.1,0.740844514601421,-0.323808469252894,0.765526637822121,0.999999999999988,0.880057037348484,"ptbp1a",1
"GO:1905508","protein localization to microtubule organizing center","1/2534","10/18773",0.1,0.740844514601421,-0.323808469252894,0.765526637822121,0.999999999999988,0.880057037348484,"nedd1",1
"GO:0010876","lipid localization","34/2534","279/18773",0.121863799283154,0.902821272274133,-0.646006400717692,0.765654418312039,0.999999999999988,0.880057037348484,"tnfaip8l3/dlc1/triap1/atp11a/spns2/esyt2a/prelid1b/osbpl1a/sigmar1/nus1/npc1/slc27a1a/stab2/tmem30aa/pitpnaa/abca1a/vmp1/vps13a/osbpl9/relch/clptm1l/abca12/spns1/osbpl10b/abca1b/apobb.1/vps18/pitpnb/pitpnbl/apoeb/stard8/mfsd2ab/si:ch211-11n16.2/stab1",34
"GO:0021536","diencephalon development","10/2534","88/18773",0.113636363636364,0.841868766592524,-0.587342436530199,0.766221254011153,0.999999999999988,0.880057037348484,"acvr1l/lgr4/usp39/tbx2b/rbfox1/mib1/wls/dlb/notch1a/pax6b",10
"GO:0030522","intracellular receptor signaling pathway","9/2534","80/18773",0.1125,0.833450078926598,-0.589696919201618,0.769181772875838,0.999999999999988,0.880057037348484,"gramd4b/esr1/raraa/ctbp1/nr3c1/cnot9/rxrbb/trim25/nek7",9
"GO:0009612","response to mechanical stimulus","6/2534","55/18773",0.109090909090909,0.808194015928822,-0.562720468856618,0.770163614138251,0.999999999999988,0.880057037348484,"chd7/myo7aa/stx4/pigk/pigu/myo6b",6
"GO:0051495","positive regulation of cytoskeleton organization","6/2534","55/18773",0.109090909090909,0.808194015928822,-0.562720468856618,0.770163614138251,0.999999999999988,0.880057037348484,"clip1a/nck1b/wasf3b/baiap2a/cdc42ep1a/evla",6
"GO:0002224","toll-like receptor signaling pathway","3/2534","29/18773",0.103448275862069,0.766390877173883,-0.497320769536329,0.770295991257294,0.999999999999988,0.880057037348484,"lgr4/tlr5a/tlr5b",3
"GO:0046364","monosaccharide biosynthetic process","3/2534","29/18773",0.103448275862069,0.766390877173883,-0.497320769536329,0.770295991257294,0.999999999999988,0.880057037348484,"foxo1a/arpp19a/pcxa",3
"GO:0050728","negative regulation of inflammatory response","3/2534","29/18773",0.103448275862069,0.766390877173883,-0.497320769536329,0.770295991257294,0.999999999999988,0.880057037348484,"metrnla/grnb/nlrc3l",3
"GO:0042127","regulation of cell population proliferation","39/2534","319/18773",0.122257053291536,0.90573467302368,-0.670781380248723,0.771864921352517,0.999999999999988,0.880057037348484,"hspd1/cd276/tp53/myca/gnl3/sart3/jun/atp6ap1b/tipin/nf2b/tmem119b/aplnrb/mydgf/tsc1a/zgc:153631/psmd10/meis2a/il6st/igf2bp1/tgfb1a/mib1/slc35f6/akirin1/cdh2/etv5a/tfap2c/fgf10b/men1/phf14/lamb1a/il6r/ptk2ab/hdac1/pdf/fbn2b/si:dkey-169i5.4/ptenb/pdgfbb/jak2a",39
"GO:0006665","sphingolipid metabolic process","13/2534","113/18773",0.115044247787611,0.85229899909898,-0.62207933909264,0.77215558015217,0.999999999999988,0.880057037348484,"elovl1b/psap/hacd3/st3gal5/smpd5/agk/sptlc2b/sptlc2a/hexa/neu1/elovl8b/b4galt6/asah1b",13
"GO:0043604","amide biosynthetic process","13/2534","113/18773",0.115044247787611,0.85229899909898,-0.62207933909264,0.77215558015217,0.999999999999988,0.880057037348484,"elovl1b/pdhb/gclm/acsl1b/pdha1a/gcdha/dlat/smpd5/agk/sptlc2b/sptlc2a/acss2/bckdk",13
"GO:0170035","L-amino acid catabolic process","8/2534","72/18773",0.111111111111111,0.823160571779356,-0.593870663617748,0.773088198130926,0.999999999999988,0.880057037348484,"dlst/got2b/tdh/gcsha/glud1b/amt/ivd/tha1",8
"GO:0034204","lipid translocation","4/2534","38/18773",0.105263157894737,0.77983633115939,-0.536648031314725,0.773320855495185,0.999999999999988,0.880057037348484,"triap1/atp11a/tmem30aa/mfsd2ab",4
"GO:0050919","negative chemotaxis","4/2534","38/18773",0.105263157894737,0.77983633115939,-0.536648031314725,0.773320855495185,0.999999999999988,0.880057037348484,"sema3ab/sema3fb/sema4c/sema3fa",4
"GO:0001556","oocyte maturation","2/2534","20/18773",0.1,0.740844514601421,-0.458056408841767,0.773430783291735,0.999999999999988,0.880057037348484,"ddx5/pgrmc1",2
"GO:0001714","endodermal cell fate specification","2/2534","20/18773",0.1,0.740844514601421,-0.458056408841767,0.773430783291735,0.999999999999988,0.880057037348484,"dusp6/notch1a",2
"GO:0006688","glycosphingolipid biosynthetic process","2/2534","20/18773",0.1,0.740844514601421,-0.458056408841767,0.773430783291735,0.999999999999988,0.880057037348484,"st3gal5/b4galt6",2
"GO:0006970","response to osmotic stress","2/2534","20/18773",0.1,0.740844514601421,-0.458056408841767,0.773430783291735,0.999999999999988,0.880057037348484,"oxsr1a/slc31a1",2
"GO:0008585","female gonad development","2/2534","20/18773",0.1,0.740844514601421,-0.458056408841767,0.773430783291735,0.999999999999988,0.880057037348484,"sox3/pgrmc1",2
"GO:0014044","Schwann cell development","2/2534","20/18773",0.1,0.740844514601421,-0.458056408841767,0.773430783291735,0.999999999999988,0.880057037348484,"chd7/sptan1",2
"GO:0030307","positive regulation of cell growth","2/2534","20/18773",0.1,0.740844514601421,-0.458056408841767,0.773430783291735,0.999999999999988,0.880057037348484,"supv3l1/si:dkey-40c11.2",2
"GO:0048639","positive regulation of developmental growth","2/2534","20/18773",0.1,0.740844514601421,-0.458056408841767,0.773430783291735,0.999999999999988,0.880057037348484,"hdac1/si:dkey-40c11.2",2
"GO:0048844","artery morphogenesis","2/2534","20/18773",0.1,0.740844514601421,-0.458056408841767,0.773430783291735,0.999999999999988,0.880057037348484,"kmt2d/gata2a",2
"GO:1903224","regulation of endodermal cell differentiation","2/2534","20/18773",0.1,0.740844514601421,-0.458056408841767,0.773430783291735,0.999999999999988,0.880057037348484,"dusp6/notch1a",2
"GO:0001706","endoderm formation","5/2534","47/18773",0.106382978723404,0.788132462341937,-0.574473203648957,0.778723521180299,0.999999999999988,0.880057037348484,"aplnrb/dhx16/itga5/dusp6/notch1a",5
"GO:0040013","negative regulation of locomotion","5/2534","47/18773",0.106382978723404,0.788132462341937,-0.574473203648957,0.778723521180299,0.999999999999988,0.880057037348484,"rap2b/ap1ar/tgfb1a/rtn4a/srgap3",5
"GO:0050790","regulation of catalytic activity","26/2534","218/18773",0.119266055045872,0.88357602658885,-0.682997512158656,0.780395766921074,0.999999999999988,0.880057037348484,"rad21a/ssbp1/tp53/serpinh1b/pycard/mcm2/tnfrsf1b/hip1/tegt/asap1a/psme1/rtraf/usp44/diablob/zgpat/psme3/appb/myo9aa/psen1/ecsit/fzr1b/serpinh1a/ctsba/serpinb1l3/serpinf1/dnmt3aa",26
"GO:0051130","positive regulation of cellular component organization","29/2534","242/18773",0.119834710743802,0.887788881133934,-0.694021756103803,0.782380547920006,0.999999999999988,0.880057037348484,"psmc6/clip1a/mapk14a/setdb1a/nck1b/wasf3b/twf1b/lnpa/cemip2/il6st/setdb1b/akirin1/cdc42l/baiap2a/lnpk/ambra1b/mief1/tapt1a/flot1b/nrp1b/selenow2a/anapc5/fyco1a/eif5a/anapc11/cdc42ep1a/evla/si:dkey-40c11.2/nek7",29
"GO:0046903","secretion","32/2534","266/18773",0.120300751879699,0.891241521325017,-0.705691468397891,0.784735964068157,0.999999999999988,0.880057037348484,"sdf4/stx4/ptbp1a/rab15/exoc1/exoc2/washc3/tango2/mia3/slc38a2/dchs1b/tmem167a/snapin/edn1/rap1b/rap1ab/copg2/ralaa/rab11a/mia2/snap29/sybl1/marcksb/wls/exoc6b/stxbp3/rap1aa/vps18/exoc3/il1rapl1a/park7/caska",32
"GO:0048545","response to steroid hormone","6/2534","56/18773",0.107142857142857,0.793761979930094,-0.610553269432279,0.785113451431386,0.999999999999988,0.880057037348484,"jun/esr1/bcl3/nr3c1/pgrmc1/cnot9",6
"GO:0042552","myelination","8/2534","73/18773",0.10958904109589,0.811884399563201,-0.636127802269324,0.786193664310917,0.999999999999988,0.880057037348484,"chd7/marveld1/sptan1/sec63/gna13a/tuba8l3/znf16l/gna12a",8
"GO:2000026","regulation of multicellular organismal development","55/2534","446/18773",0.123318385650224,0.913597495584712,-0.729502874404456,0.786350965191838,0.999999999999988,0.880057037348484,"ncl/mtdhb/tp53/vash2/myca/elavl1a/chd7/hars/phf6/elmo1/kdm1a/spns2/qki2/nup62l/ruvbl1/igf2bp3/ewsr1a/lpar2a/nf2b/tmem119b/aplnrb/mydgf/her13/ube3d/zmiz1a/cemip2/fmr1/tars1/tspan18a/utp15/cactin/mtdha/nipblb/ddx46/galnt2/brd4/zeb1b/sox6/ambra1b/sars1/znf16l/grnb/dusp6/qkia/irf2bp2b/notch1a/numb/gata2a/hdac1/serpinf1/si:dkey-40c11.2/ptenb/opa1/nr2c2/fxr2",55
"GO:0009611","response to wounding","20/2534","171/18773",0.116959064327485,0.866484812399322,-0.692831847317835,0.78695232018133,0.999999999999988,0.880057037348484,"f13a1b/lyn/utp25/sigmar1/socs3a/sfpq/mcamb/dpysl2b/dysf/il6st/cnp/gmfb/fgf10b/pros1/nrp1b/dcbld2/il6r/prcp/arhgap24/gap43",20
"GO:0031032","actomyosin structure organization","20/2534","171/18773",0.116959064327485,0.866484812399322,-0.692831847317835,0.78695232018133,0.999999999999988,0.880057037348484,"hspd1/iqgap2/qki2/vcp/tango2/cdc42bpb/neb/tmod2/gna13a/itgb5/iqgap1/itgb1b/tnnt2c/tnnt3b/mef2aa/cnn3b/gna12a/qkia/mybpc2b/desma",20
"GO:0030178","negative regulation of Wnt signaling pathway","10/2534","90/18773",0.111111111111111,0.823160571779356,-0.664287357207464,0.790092928298014,0.999999999999988,0.880057037348484,"tmem88a/tmem88b/cdk5rap3/gsk3ab/mylipb/stk3/frmd8/vangl2/tle2a/gpx4b",10
"GO:0008406","gonad development","3/2534","30/18773",0.1,0.740844514601421,-0.561151874049103,0.790211805966516,0.999999999999988,0.880057037348484,"ambra1b/sox3/pgrmc1",3
"GO:0010972","negative regulation of G2/M transition of mitotic cell cycle","3/2534","30/18773",0.1,0.740844514601421,-0.561151874049103,0.790211805966516,0.999999999999988,0.880057037348484,"mre11a/nabp1a/orc1",3
"GO:0042476","odontogenesis","3/2534","30/18773",0.1,0.740844514601421,-0.561151874049103,0.790211805966516,0.999999999999988,0.880057037348484,"acvr1l/cdh2/prkci",3
"GO:0045197","establishment or maintenance of epithelial cell apical/basal polarity","3/2534","30/18773",0.1,0.740844514601421,-0.561151874049103,0.790211805966516,0.999999999999988,0.880057037348484,"cdh2/myo9aa/prkci",3
"GO:0048608","reproductive structure development","3/2534","30/18773",0.1,0.740844514601421,-0.561151874049103,0.790211805966516,0.999999999999988,0.880057037348484,"ambra1b/sox3/pgrmc1",3
"GO:0061458","reproductive system development","3/2534","30/18773",0.1,0.740844514601421,-0.561151874049103,0.790211805966516,0.999999999999988,0.880057037348484,"ambra1b/sox3/pgrmc1",3
"GO:1902750","negative regulation of cell cycle G2/M phase transition","3/2534","30/18773",0.1,0.740844514601421,-0.561151874049103,0.790211805966516,0.999999999999988,0.880057037348484,"mre11a/nabp1a/orc1",3
"GO:0001819","positive regulation of cytokine production","4/2534","39/18773",0.102564102564103,0.759840527796329,-0.593055998770612,0.790832448863757,0.999999999999988,0.880057037348484,"hspd1/zgc:153631/tbk1/opa1",4
"GO:0038127","ERBB signaling pathway","4/2534","39/18773",0.102564102564103,0.759840527796329,-0.593055998770612,0.790832448863757,0.999999999999988,0.880057037348484,"zgpat/mvb12ba/iqgap1/abl2",4
"GO:0048599","oocyte development","4/2534","39/18773",0.102564102564103,0.759840527796329,-0.593055998770612,0.790832448863757,0.999999999999988,0.880057037348484,"dcaf13/pum1/ddx5/pgrmc1",4
"GO:0031023","microtubule organizing center organization","7/2534","65/18773",0.107692307692308,0.797832554186145,-0.644960561769587,0.791881223850308,0.999999999999988,0.880057037348484,"npm1a/mdm1/chordc1b/clasp2/fbxw5/pafah1b1b/cep170aa",7
"GO:0045214","sarcomere organization","7/2534","65/18773",0.107692307692308,0.797832554186145,-0.644960561769587,0.791881223850308,0.999999999999988,0.880057037348484,"hspd1/neb/itgb1b/tnnt2c/tnnt3b/mybpc2b/desma",7
"GO:0000422","autophagy of mitochondrion","5/2534","48/18773",0.104166666666667,0.771713036043147,-0.625561129304609,0.79439127020827,0.999999999999988,0.880057037348484,"cisd2/snx7/atg3/ambra1b/wipi1",5
"GO:0045637","regulation of myeloid cell differentiation","5/2534","48/18773",0.104166666666667,0.771713036043147,-0.625561129304609,0.79439127020827,0.999999999999988,0.880057037348484,"qki2/lpar2a/ddx46/qkia/irf2bp2b",5
"GO:0001711","endodermal cell fate commitment","2/2534","21/18773",0.0952380952380952,0.705566204382305,-0.533276498730946,0.796614113861368,0.999999999999988,0.880057037348484,"dusp6/notch1a",2
"GO:0010965","regulation of mitotic sister chromatid separation","2/2534","21/18773",0.0952380952380952,0.705566204382305,-0.533276498730946,0.796614113861368,0.999999999999988,0.880057037348484,"anapc5/anapc11",2
"GO:0014037","Schwann cell differentiation","2/2534","21/18773",0.0952380952380952,0.705566204382305,-0.533276498730946,0.796614113861368,0.999999999999988,0.880057037348484,"chd7/sptan1",2
"GO:0019915","lipid storage","2/2534","21/18773",0.0952380952380952,0.705566204382305,-0.533276498730946,0.796614113861368,0.999999999999988,0.880057037348484,"npc1/si:ch211-11n16.2",2
"GO:0031294","lymphocyte costimulation","2/2534","21/18773",0.0952380952380952,0.705566204382305,-0.533276498730946,0.796614113861368,0.999999999999988,0.880057037348484,"cd276/si:dkey-169i5.4",2
"GO:0031295","T cell costimulation","2/2534","21/18773",0.0952380952380952,0.705566204382305,-0.533276498730946,0.796614113861368,0.999999999999988,0.880057037348484,"cd276/si:dkey-169i5.4",2
"GO:0031644","regulation of nervous system process","2/2534","21/18773",0.0952380952380952,0.705566204382305,-0.533276498730946,0.796614113861368,0.999999999999988,0.880057037348484,"depdc5/znf16l",2
"GO:0034311","diol metabolic process","2/2534","21/18773",0.0952380952380952,0.705566204382305,-0.533276498730946,0.796614113861368,0.999999999999988,0.880057037348484,"sptlc2b/sptlc2a",2
"GO:0042670","retinal cone cell differentiation","2/2534","21/18773",0.0952380952380952,0.705566204382305,-0.533276498730946,0.796614113861368,0.999999999999988,0.880057037348484,"chd7/tbx2b",2
"GO:0043277","apoptotic cell clearance","2/2534","21/18773",0.0952380952380952,0.705566204382305,-0.533276498730946,0.796614113861368,0.999999999999988,0.880057037348484,"sema3fb/sema3fa",2
"GO:0070654","sensory epithelium regeneration","2/2534","21/18773",0.0952380952380952,0.705566204382305,-0.533276498730946,0.796614113861368,0.999999999999988,0.880057037348484,"pho/cdh2",2
"GO:1990399","epithelium regeneration","2/2534","21/18773",0.0952380952380952,0.705566204382305,-0.533276498730946,0.796614113861368,0.999999999999988,0.880057037348484,"pho/cdh2",2
"GO:2001251","negative regulation of chromosome organization","2/2534","21/18773",0.0952380952380952,0.705566204382305,-0.533276498730946,0.796614113861368,0.999999999999988,0.880057037348484,"mcm2/terfa",2
"GO:0002706","regulation of lymphocyte mediated immunity","1/2534","11/18773",0.0909090909090909,0.673495013274019,-0.427883493082595,0.797192975814913,0.999999999999988,0.880057037348484,"sele",1
"GO:0003310","pancreatic A cell differentiation","1/2534","11/18773",0.0909090909090909,0.673495013274019,-0.427883493082595,0.797192975814913,0.999999999999988,0.880057037348484,"pax6b",1
"GO:0006473","protein acetylation","1/2534","11/18773",0.0909090909090909,0.673495013274019,-0.427883493082595,0.797192975814913,0.999999999999988,0.880057037348484,"naa50",1
"GO:0006515","protein quality control for misfolded or incompletely synthesized proteins","1/2534","11/18773",0.0909090909090909,0.673495013274019,-0.427883493082595,0.797192975814913,0.999999999999988,0.880057037348484,"yme1l1b",1
"GO:0006654","phosphatidic acid biosynthetic process","1/2534","11/18773",0.0909090909090909,0.673495013274019,-0.427883493082595,0.797192975814913,0.999999999999988,0.880057037348484,"dgkza",1
"GO:0007095","mitotic G2 DNA damage checkpoint signaling","1/2534","11/18773",0.0909090909090909,0.673495013274019,-0.427883493082595,0.797192975814913,0.999999999999988,0.880057037348484,"mre11a",1
"GO:0007314","oocyte anterior/posterior axis specification","1/2534","11/18773",0.0909090909090909,0.673495013274019,-0.427883493082595,0.797192975814913,0.999999999999988,0.880057037348484,"pum1",1
"GO:0007315","pole plasm assembly","1/2534","11/18773",0.0909090909090909,0.673495013274019,-0.427883493082595,0.797192975814913,0.999999999999988,0.880057037348484,"pum1",1
"GO:0008347","glial cell migration","1/2534","11/18773",0.0909090909090909,0.673495013274019,-0.427883493082595,0.797192975814913,0.999999999999988,0.880057037348484,"cdc42l",1
"GO:0008358","maternal determination of anterior/posterior axis, embryo","1/2534","11/18773",0.0909090909090909,0.673495013274019,-0.427883493082595,0.797192975814913,0.999999999999988,0.880057037348484,"pum1",1
"GO:0009651","response to salt stress","1/2534","11/18773",0.0909090909090909,0.673495013274019,-0.427883493082595,0.797192975814913,0.999999999999988,0.880057037348484,"slc31a1",1
"GO:0010559","regulation of glycoprotein biosynthetic process","1/2534","11/18773",0.0909090909090909,0.673495013274019,-0.427883493082595,0.797192975814913,0.999999999999988,0.880057037348484,"fktn",1
"GO:0015074","DNA integration","1/2534","11/18773",0.0909090909090909,0.673495013274019,-0.427883493082595,0.797192975814913,0.999999999999988,0.880057037348484,"il1rapl1a",1
"GO:0015721","bile acid and bile salt transport","1/2534","11/18773",0.0909090909090909,0.673495013274019,-0.427883493082595,0.797192975814913,0.999999999999988,0.880057037348484,"vps18",1
"GO:0015816","glycine transport","1/2534","11/18773",0.0909090909090909,0.673495013274019,-0.427883493082595,0.797192975814913,0.999999999999988,0.880057037348484,"slc6a9",1
"GO:0018108","peptidyl-tyrosine phosphorylation","1/2534","11/18773",0.0909090909090909,0.673495013274019,-0.427883493082595,0.797192975814913,0.999999999999988,0.880057037348484,"zgpat",1
"GO:0031960","response to corticosteroid","1/2534","11/18773",0.0909090909090909,0.673495013274019,-0.427883493082595,0.797192975814913,0.999999999999988,0.880057037348484,"nr3c1",1
"GO:0032350","regulation of hormone metabolic process","1/2534","11/18773",0.0909090909090909,0.673495013274019,-0.427883493082595,0.797192975814913,0.999999999999988,0.880057037348484,"kdm1a",1
"GO:0035601","protein deacylation","1/2534","11/18773",0.0909090909090909,0.673495013274019,-0.427883493082595,0.797192975814913,0.999999999999988,0.880057037348484,"hdac6",1
"GO:0036089","cleavage furrow formation","1/2534","11/18773",0.0909090909090909,0.673495013274019,-0.427883493082595,0.797192975814913,0.999999999999988,0.880057037348484,"dchs1b",1
"GO:0042908","xenobiotic transport","1/2534","11/18773",0.0909090909090909,0.673495013274019,-0.427883493082595,0.797192975814913,0.999999999999988,0.880057037348484,"slc22a18",1
"GO:0045880","positive regulation of smoothened signaling pathway","1/2534","11/18773",0.0909090909090909,0.673495013274019,-0.427883493082595,0.797192975814913,0.999999999999988,0.880057037348484,"gas8",1
"GO:0046209","nitric oxide metabolic process","1/2534","11/18773",0.0909090909090909,0.673495013274019,-0.427883493082595,0.797192975814913,0.999999999999988,0.880057037348484,"porb",1
"GO:0046323","D-glucose import","1/2534","11/18773",0.0909090909090909,0.673495013274019,-0.427883493082595,0.797192975814913,0.999999999999988,0.880057037348484,"akt2",1
"GO:0046473","phosphatidic acid metabolic process","1/2534","11/18773",0.0909090909090909,0.673495013274019,-0.427883493082595,0.797192975814913,0.999999999999988,0.880057037348484,"dgkza",1
"GO:0046633","alpha-beta T cell proliferation","1/2534","11/18773",0.0909090909090909,0.673495013274019,-0.427883493082595,0.797192975814913,0.999999999999988,0.880057037348484,"zgc:153631",1
"GO:0046640","regulation of alpha-beta T cell proliferation","1/2534","11/18773",0.0909090909090909,0.673495013274019,-0.427883493082595,0.797192975814913,0.999999999999988,0.880057037348484,"zgc:153631",1
"GO:0051149","positive regulation of muscle cell differentiation","1/2534","11/18773",0.0909090909090909,0.673495013274019,-0.427883493082595,0.797192975814913,0.999999999999988,0.880057037348484,"mapk14a",1
"GO:0051155","positive regulation of striated muscle cell differentiation","1/2534","11/18773",0.0909090909090909,0.673495013274019,-0.427883493082595,0.797192975814913,0.999999999999988,0.880057037348484,"mapk14a",1
"GO:0051383","kinetochore organization","1/2534","11/18773",0.0909090909090909,0.673495013274019,-0.427883493082595,0.797192975814913,0.999999999999988,0.880057037348484,"mis12",1
"GO:0051384","response to glucocorticoid","1/2534","11/18773",0.0909090909090909,0.673495013274019,-0.427883493082595,0.797192975814913,0.999999999999988,0.880057037348484,"nr3c1",1
"GO:0060142","regulation of syncytium formation by plasma membrane fusion","1/2534","11/18773",0.0909090909090909,0.673495013274019,-0.427883493082595,0.797192975814913,0.999999999999988,0.880057037348484,"mapk14a",1
"GO:0060217","hemangioblast cell differentiation","1/2534","11/18773",0.0909090909090909,0.673495013274019,-0.427883493082595,0.797192975814913,0.999999999999988,0.880057037348484,"etv5a",1
"GO:0060606","tube closure","1/2534","11/18773",0.0909090909090909,0.673495013274019,-0.427883493082595,0.797192975814913,0.999999999999988,0.880057037348484,"psmc3",1
"GO:0061383","trabecula morphogenesis","1/2534","11/18773",0.0909090909090909,0.673495013274019,-0.427883493082595,0.797192975814913,0.999999999999988,0.880057037348484,"rbx1",1
"GO:0061384","heart trabecula morphogenesis","1/2534","11/18773",0.0909090909090909,0.673495013274019,-0.427883493082595,0.797192975814913,0.999999999999988,0.880057037348484,"rbx1",1
"GO:0090049","regulation of cell migration involved in sprouting angiogenesis","1/2534","11/18773",0.0909090909090909,0.673495013274019,-0.427883493082595,0.797192975814913,0.999999999999988,0.880057037348484,"nrp1b",1
"GO:0098732","macromolecule deacylation","1/2534","11/18773",0.0909090909090909,0.673495013274019,-0.427883493082595,0.797192975814913,0.999999999999988,0.880057037348484,"hdac6",1
"GO:0099068","postsynapse assembly","1/2534","11/18773",0.0909090909090909,0.673495013274019,-0.427883493082595,0.797192975814913,0.999999999999988,0.880057037348484,"arhgef9b",1
"GO:1902667","regulation of axon guidance","1/2534","11/18773",0.0909090909090909,0.673495013274019,-0.427883493082595,0.797192975814913,0.999999999999988,0.880057037348484,"nop56",1
"GO:1903018","regulation of glycoprotein metabolic process","1/2534","11/18773",0.0909090909090909,0.673495013274019,-0.427883493082595,0.797192975814913,0.999999999999988,0.880057037348484,"fktn",1
"GO:1990089","response to nerve growth factor","1/2534","11/18773",0.0909090909090909,0.673495013274019,-0.427883493082595,0.797192975814913,0.999999999999988,0.880057037348484,"kidins220b",1
"GO:1990090","cellular response to nerve growth factor stimulus","1/2534","11/18773",0.0909090909090909,0.673495013274019,-0.427883493082595,0.797192975814913,0.999999999999988,0.880057037348484,"kidins220b",1
"GO:0009798","axis specification","8/2534","74/18773",0.108108108108108,0.800912988758293,-0.677842090950554,0.798731057058971,0.999999999999988,0.880057037348484,"cdk5rap3/atp6v0d1/ap2a1/rap1b/pum1/cactin/eif4a3/itga5",8
"GO:0009880","embryonic pattern specification","8/2534","74/18773",0.108108108108108,0.800912988758293,-0.677842090950554,0.798731057058971,0.999999999999988,0.880057037348484,"rap1b/meis2a/pum1/dlc/cactin/mib1/itga5/mafba",8
"GO:0006112","energy reserve metabolic process","6/2534","57/18773",0.105263157894737,0.77983633115939,-0.657590454598997,0.799311808689241,0.999999999999988,0.880057037348484,"atg3/inpp5ka/ppp1caa/ppp1r3cb/wipi1/ppp1cab",6
"GO:0009064","glutamine family amino acid metabolic process","6/2534","57/18773",0.105263157894737,0.77983633115939,-0.657590454598997,0.799311808689241,0.999999999999988,0.880057037348484,"aldh18a1/nit2/ctps1a/glud1b/pycr1b/glulb",6
"GO:0060048","cardiac muscle contraction","6/2534","57/18773",0.105263157894737,0.77983633115939,-0.657590454598997,0.799311808689241,0.999999999999988,0.880057037348484,"atp2a2b/tmem161b/bin1b/tnnt2c/erp44/desma",6
"GO:0141193","nuclear receptor-mediated signaling pathway","6/2534","57/18773",0.105263157894737,0.77983633115939,-0.657590454598997,0.799311808689241,0.999999999999988,0.880057037348484,"esr1/raraa/ctbp1/nr3c1/cnot9/rxrbb",6
"GO:0051240","positive regulation of multicellular organismal process","35/2534","292/18773",0.11986301369863,0.887998562022251,-0.761958341661117,0.800310775391509,0.999999999999988,0.880057037348484,"hspd1/cd276/kars1/adma/mtdhb/elavl1a/chd7/elmo1/atp6v1h/avpr1ab/tmem119b/aplnrb/mydgf/zgc:153631/edn1/fmr1/utp15/tbk1/cactin/mtdha/ddx46/brd4/sox6/ambra1b/znf16l/grnb/numb/gata2a/hdac1/serpinf1/si:dkey-169i5.4/si:dkey-40c11.2/opa1/nr2c2/fxr2",35
"GO:0071363","cellular response to growth factor stimulus","35/2534","292/18773",0.11986301369863,0.887998562022251,-0.761958341661117,0.800310775391509,0.999999999999988,0.880057037348484,"ncl/nrp2a/tp53/acvr1l/cds2/ppp4cb/nup62l/kidins220b/tll1/mcm5/flt4/cemip2/ppp1r12a/nrp2b/tbx2b/tgfb1a/rerea/acvr2aa/mynn/itgb5/ngly1/acsl4a/cnpy1/mgaa/fgf10b/dusp6/nrp1b/fgfr4/zdhhc16a/cd63/spry4/snw1/smad9/znf703/nrros",35
"GO:0002757","immune response-activating signaling pathway","10/2534","91/18773",0.10989010989011,0.814114851210352,-0.702154434204707,0.801342434536815,0.999999999999988,0.880057037348484,"ube2nb/gramd4b/lgr4/csk/slc39a6/tlr5a/crfb1/trim25/tlr5b/nek7",10
"GO:0050865","regulation of cell activation","12/2534","108/18773",0.111111111111111,0.823160571779356,-0.728041137890217,0.805499626743051,0.999999999999988,0.880057037348484,"hspd1/cd276/kars1/phf6/ptbp1a/zgc:153631/ddx46/brd4/ambra1b/grnb/si:dkey-169i5.4/opa1",12
"GO:0140352","export from cell","34/2534","285/18773",0.119298245614035,0.883814508647309,-0.780743360928616,0.805995961114561,0.999999999999988,0.880057037348484,"sdf4/stx4/ptbp1a/rab15/exoc1/exoc2/washc3/tango2/mia3/slc38a2/dchs1b/tmem167a/snapin/edn1/rap1b/rap1ab/copg2/ralaa/rab11a/mia2/snap29/sybl1/nr3c1/marcksb/wls/exoc6b/stxbp3/rap1aa/vps18/slc22a18/exoc3/il1rapl1a/park7/caska",34
"GO:0070848","response to growth factor","35/2534","293/18773",0.119453924914676,0.884967850206475,-0.783936706660032,0.806587808958918,0.999999999999988,0.880057037348484,"ncl/nrp2a/tp53/acvr1l/cds2/ppp4cb/nup62l/kidins220b/tll1/mcm5/flt4/cemip2/ppp1r12a/nrp2b/tbx2b/tgfb1a/rerea/acvr2aa/mynn/itgb5/ngly1/acsl4a/cnpy1/mgaa/fgf10b/dusp6/nrp1b/fgfr4/zdhhc16a/cd63/spry4/snw1/smad9/znf703/nrros",35
"GO:0010975","regulation of neuron projection development","16/2534","141/18773",0.113475177304965,0.840674626498066,-0.750142378149954,0.807099429525053,0.999999999999988,0.880057037348484,"nop56/arhgap35a/mapk14a/gsk3ab/socs3a/sfpq/twf1b/dpysl2b/fmr1/il6st/snap29/camk2g1/tfg/arhgap35b/si:dkey-40c11.2/pak2a",16
"GO:0009994","oocyte differentiation","4/2534","40/18773",0.1,0.740844514601421,-0.648135294773381,0.80724134964254,0.999999999999988,0.880057037348484,"dcaf13/pum1/ddx5/pgrmc1",4
"GO:0042752","regulation of circadian rhythm","4/2534","40/18773",0.1,0.740844514601421,-0.648135294773381,0.80724134964254,0.999999999999988,0.880057037348484,"parp1/csnk1db/pspc1/cry3b",4
"GO:0010976","positive regulation of neuron projection development","3/2534","31/18773",0.0967741935483871,0.716946304452988,-0.623046766838493,0.808668707289634,0.999999999999988,0.880057037348484,"twf1b/il6st/si:dkey-40c11.2",3
"GO:0050678","regulation of epithelial cell proliferation","3/2534","31/18773",0.0967741935483871,0.716946304452988,-0.623046766838493,0.808668707289634,0.999999999999988,0.880057037348484,"aplnrb/mydgf/igf2bp1",3
"GO:0051905","establishment of pigment granule localization","3/2534","31/18773",0.0967741935483871,0.716946304452988,-0.623046766838493,0.808668707289634,0.999999999999988,0.880057037348484,"ube3d/rab11a/bbip1",3
"GO:0071383","cellular response to steroid hormone stimulus","3/2534","31/18773",0.0967741935483871,0.716946304452988,-0.623046766838493,0.808668707289634,0.999999999999988,0.880057037348484,"esr1/nr3c1/cnot9",3
"GO:0007254","JNK cascade","5/2534","49/18773",0.102040816326531,0.755963790409613,-0.675665791996608,0.809174901032808,0.999999999999988,0.880057037348484,"tpd52l1/map3k7/igf1rb/zgc:113363/pigp",5
"GO:0043648","dicarboxylic acid metabolic process","5/2534","49/18773",0.102040816326531,0.755963790409613,-0.675665791996608,0.809174901032808,0.999999999999988,0.880057037348484,"nit2/got2b/me3/glud1b/sdhaf3",5
"GO:0048596","embryonic camera-type eye morphogenesis","5/2534","49/18773",0.102040816326531,0.755963790409613,-0.675665791996608,0.809174901032808,0.999999999999988,0.880057037348484,"smarca4a/mib1/rerea/efnb2a/znf703",5
"GO:0090066","regulation of anatomical structure size","28/2534","238/18773",0.117647058823529,0.871581781884024,-0.787585587266881,0.810128488856188,0.999999999999988,0.880057037348484,"cttn/lamtor4/arhgap35a/mapk14a/avpr1ab/nck1b/twf1b/clns1a/brk1/edn1/arpc5lb/tmod2/arpc5a/sptan1/gsna/arpc5la/capza1a/slc12a7a/baiap2a/mtpn/unc45a/cyfip1/cdc42ep1a/arhgap35b/evla/si:dkey-40c11.2/kank3/adrb2a",28
"GO:0048736","appendage development","14/2534","125/18773",0.112,0.829745856353591,-0.754424014044137,0.810432869074833,0.999999999999988,0.880057037348484,"aldh7a1/acvr1l/hnrnpul1/tll1/ep300b/ep300a/nipblb/cdh2/etv5a/intu/sec23a/atp6v1e1b/kctd10/nipbla",14
"GO:0007093","mitotic cell cycle checkpoint signaling","6/2534","58/18773",0.103448275862069,0.766390877173883,-0.703862482454491,0.812773194479617,0.999999999999988,0.880057037348484,"ccnd1/mre11a/tipin/plk3/nabp1a/orc1",6
"GO:0009566","fertilization","6/2534","58/18773",0.103448275862069,0.766390877173883,-0.703862482454491,0.812773194479617,0.999999999999988,0.880057037348484,"ptbp1a/dchs1b/lhfpl2a/ctns/prdm9/park7",6
"GO:1901991","negative regulation of mitotic cell cycle phase transition","6/2534","58/18773",0.103448275862069,0.766390877173883,-0.703862482454491,0.812773194479617,0.999999999999988,0.880057037348484,"ccnd1/mre11a/plk3/rbl1/nabp1a/orc1",6
"GO:0001775","cell activation","28/2534","239/18773",0.117154811715481,0.867934996185765,-0.811672919542082,0.816821252722701,0.999999999999988,0.880057037348484,"hspd1/cd276/prdx1/kars1/slc39a7/chd7/tcima/phf6/ptbp1a/sart3/dnmt1/lsm8/dchs1b/rnf8/zgc:153631/jak1/ddx46/slc39a6/brd4/wls/ambra1b/sgsh/grnb/dcbld2/rabl3/si:dkey-169i5.4/ptenb/opa1",28
"GO:0007229","integrin-mediated signaling pathway","7/2534","67/18773",0.104477611940299,0.77401665704626,-0.731985203657895,0.81723294852512,0.999999999999988,0.880057037348484,"itga8/itgb5/itgb1b/itga5/ilk/ilkap/lims1",7
"GO:0006817","phosphate ion transport","2/2534","22/18773",0.0909090909090909,0.673495013274019,-0.605296105011051,0.817669750749776,0.999999999999988,0.880057037348484,"slc37a2/slc25a11",2
"GO:0016339","calcium-dependent cell-cell adhesion via plasma membrane cell adhesion molecules","2/2534","22/18773",0.0909090909090909,0.673495013274019,-0.605296105011051,0.817669750749776,0.999999999999988,0.880057037348484,"acvr1l/cdh2",2
"GO:0033344","cholesterol efflux","2/2534","22/18773",0.0909090909090909,0.673495013274019,-0.605296105011051,0.817669750749776,0.999999999999988,0.880057037348484,"abca1a/apoeb",2
"GO:0045666","positive regulation of neuron differentiation","2/2534","22/18773",0.0909090909090909,0.673495013274019,-0.605296105011051,0.817669750749776,0.999999999999988,0.880057037348484,"zc4h2/brinp3b",2
"GO:0046058","cAMP metabolic process","2/2534","22/18773",0.0909090909090909,0.673495013274019,-0.605296105011051,0.817669750749776,0.999999999999988,0.880057037348484,"adcy2b/pde4d",2
"GO:0051306","mitotic sister chromatid separation","2/2534","22/18773",0.0909090909090909,0.673495013274019,-0.605296105011051,0.817669750749776,0.999999999999988,0.880057037348484,"anapc5/anapc11",2
"GO:0051938","L-glutamate import","2/2534","22/18773",0.0909090909090909,0.673495013274019,-0.605296105011051,0.817669750749776,0.999999999999988,0.880057037348484,"slc38a2/slc1a3a",2
"GO:0061026","cardiac muscle tissue regeneration","2/2534","22/18773",0.0909090909090909,0.673495013274019,-0.605296105011051,0.817669750749776,0.999999999999988,0.880057037348484,"flt4/dusp6",2
"GO:0061337","cardiac conduction","2/2534","22/18773",0.0909090909090909,0.673495013274019,-0.605296105011051,0.817669750749776,0.999999999999988,0.880057037348484,"hspd1/emd",2
"GO:2000242","negative regulation of reproductive process","2/2534","22/18773",0.0909090909090909,0.673495013274019,-0.605296105011051,0.817669750749776,0.999999999999988,0.880057037348484,"ptbp1a/dchs1b",2
"GO:0006821","chloride transport","11/2534","101/18773",0.108910891089109,0.806860362437191,-0.768803969056999,0.818576813112559,0.999999999999988,0.880057037348484,"ttyh2/slc26a2/clns1a/clcn5a/pacc1/clic4/slc26a11/slc12a7a/clic1/ttyh3a/clcn5b",11
"GO:0010648","negative regulation of cell communication","59/2534","484/18773",0.121900826446281,0.903095585981071,-0.853198724888572,0.820806268310883,0.999999999999988,0.880057037348484,"tmem88a/ncln/hyou1/tcima/ptbp1a/prpf19/spred2b/tmem88b/cdk5rap3/nup62l/tegt/gsk3ab/mylipb/pias4a/nck1b/socs3a/aplnrb/gramd4b/arrb2a/tsc1a/lgr4/zgpat/ptpn1/nprl2/nomo/lztfl1/inpp5ka/dlc/mgrn1a/yju2/stk3/rerea/slc35f6/akap12b/rasip1/depdc5/rasa3/frmd8/vangl2/tnip1/nfkbiaa/tle2a/phf14/dusp6/gpx4b/ufl1/dlb/cnot9/ddrgk1/spry4/insig1/snx13/pak1ip1/ptpn11a/arhgap24/neurl1aa/kctd10/nrros/spred2a",59
"GO:0023057","negative regulation of signaling","59/2534","484/18773",0.121900826446281,0.903095585981071,-0.853198724888572,0.820806268310883,0.999999999999988,0.880057037348484,"tmem88a/ncln/hyou1/tcima/ptbp1a/prpf19/spred2b/tmem88b/cdk5rap3/nup62l/tegt/gsk3ab/mylipb/pias4a/nck1b/socs3a/aplnrb/gramd4b/arrb2a/tsc1a/lgr4/zgpat/ptpn1/nprl2/nomo/lztfl1/inpp5ka/dlc/mgrn1a/yju2/stk3/rerea/slc35f6/akap12b/rasip1/depdc5/rasa3/frmd8/vangl2/tnip1/nfkbiaa/tle2a/phf14/dusp6/gpx4b/ufl1/dlb/cnot9/ddrgk1/spry4/insig1/snx13/pak1ip1/ptpn11a/arhgap24/neurl1aa/kctd10/nrros/spred2a",59
"GO:0097035","regulation of membrane lipid distribution","4/2534","41/18773",0.0975609756097561,0.722775136196508,-0.70195774430729,0.822584899719286,0.999999999999988,0.880057037348484,"triap1/atp11a/tmem30aa/mfsd2ab",4
"GO:1903510","mucopolysaccharide metabolic process","4/2534","41/18773",0.0975609756097561,0.722775136196508,-0.70195774430729,0.822584899719286,0.999999999999988,0.880057037348484,"hyal2b/cemip2/hyal2a/kctd10",4
"GO:0007338","single fertilization","5/2534","50/18773",0.1,0.740844514601421,-0.724830778305081,0.823098355374196,0.999999999999988,0.880057037348484,"ptbp1a/dchs1b/lhfpl2a/ctns/park7",5
"GO:0002684","positive regulation of immune system process","28/2534","240/18773",0.116666666666667,0.864318600368324,-0.835664609357535,0.823346210678945,0.999999999999988,0.880057037348484,"hspd1/cd276/kars1/ube2nb/pycard/cnbpb/asap1a/oxsr1a/gramd4b/lgr4/zgc:153631/csk/tbk1/ddx46/akirin1/sele/slc39a6/brd4/ambra1b/tlr5a/il6r/crfb1/si:dkey-169i5.4/c7a/trim25/opa1/tlr5b/nek7",28
"GO:0032870","cellular response to hormone stimulus","27/2534","232/18773",0.116379310344828,0.862189736820619,-0.834330105551911,0.823409521299157,0.999999999999988,0.880057037348484,"adipor1a/pik3r2/lman1/agtrap/avpr1ab/gsk3ab/ssr1/hdlbpa/slc31a1/esr1/inpp5ka/raraa/ctbp1/jak1/adgrl3.1/pik3r1/nr3c1/prkci/lpin2/cnot9/insig1/rxfp2a/nr5a2/nr4a1/ssr4/rxrbb/jak2a",27
"GO:0055080","monoatomic cation homeostasis","32/2534","272/18773",0.117647058823529,0.871581781884024,-0.842737708748308,0.8237555652405,0.999999999999988,0.880057037348484,"slc39a7/atp2a2b/zgc:56095/asph/atp6ap1b/ccdc47/atp6v0d1/slc30a7/htt/aplnrb/psen2/atp6v1ba/cherp/edn1/slc39a13/selenon/tcirg1b/smdt1b/cln3/itpr3/tfr1b/tmco1/psen1/slc12a7a/cisd1/slc39a6/nr3c1/slc9a7/atp6v0a2b/atp6v1b2/dmxl2/atp6v0a1a",32
"GO:0000712","resolution of meiotic recombination intermediates","1/2534","12/18773",0.0833333333333333,0.617370428834517,-0.523745252673185,0.824584138765825,0.999999999999988,0.880057037348484,"top2b",1
"GO:0001952","regulation of cell-matrix adhesion","1/2534","12/18773",0.0833333333333333,0.617370428834517,-0.523745252673185,0.824584138765825,0.999999999999988,0.880057037348484,"robo4",1
"GO:0003313","heart rudiment development","1/2534","12/18773",0.0833333333333333,0.617370428834517,-0.523745252673185,0.824584138765825,0.999999999999988,0.880057037348484,"spns2",1
"GO:0006183","GTP biosynthetic process","1/2534","12/18773",0.0833333333333333,0.617370428834517,-0.523745252673185,0.824584138765825,0.999999999999988,0.880057037348484,"impdh1b",1
"GO:0006555","methionine metabolic process","1/2534","12/18773",0.0833333333333333,0.617370428834517,-0.523745252673185,0.824584138765825,0.999999999999988,0.880057037348484,"adi1",1
"GO:0006677","glycosylceramide metabolic process","1/2534","12/18773",0.0833333333333333,0.617370428834517,-0.523745252673185,0.824584138765825,0.999999999999988,0.880057037348484,"asah1b",1
"GO:0006684","sphingomyelin metabolic process","1/2534","12/18773",0.0833333333333333,0.617370428834517,-0.523745252673185,0.824584138765825,0.999999999999988,0.880057037348484,"smpd5",1
"GO:0007028","cytoplasm organization","1/2534","12/18773",0.0833333333333333,0.617370428834517,-0.523745252673185,0.824584138765825,0.999999999999988,0.880057037348484,"pum1",1
"GO:0007308","oocyte construction","1/2534","12/18773",0.0833333333333333,0.617370428834517,-0.523745252673185,0.824584138765825,0.999999999999988,0.880057037348484,"pum1",1
"GO:0007309","oocyte axis specification","1/2534","12/18773",0.0833333333333333,0.617370428834517,-0.523745252673185,0.824584138765825,0.999999999999988,0.880057037348484,"pum1",1
"GO:0007501","mesodermal cell fate specification","1/2534","12/18773",0.0833333333333333,0.617370428834517,-0.523745252673185,0.824584138765825,0.999999999999988,0.880057037348484,"notch1a",1
"GO:0016447","somatic recombination of immunoglobulin gene segments","1/2534","12/18773",0.0833333333333333,0.617370428834517,-0.523745252673185,0.824584138765825,0.999999999999988,0.880057037348484,"rnf8",1
"GO:0016558","protein import into peroxisome matrix","1/2534","12/18773",0.0833333333333333,0.617370428834517,-0.523745252673185,0.824584138765825,0.999999999999988,0.880057037348484,"pex26",1
"GO:0018200","peptidyl-glutamic acid modification","1/2534","12/18773",0.0833333333333333,0.617370428834517,-0.523745252673185,0.824584138765825,0.999999999999988,0.880057037348484,"ggcx",1
"GO:0021520","spinal cord motor neuron cell fate specification","1/2534","12/18773",0.0833333333333333,0.617370428834517,-0.523745252673185,0.824584138765825,0.999999999999988,0.880057037348484,"mib1",1
"GO:0030325","adrenal gland development","1/2534","12/18773",0.0833333333333333,0.617370428834517,-0.523745252673185,0.824584138765825,0.999999999999988,0.880057037348484,"itga5",1
"GO:0032094","response to food","1/2534","12/18773",0.0833333333333333,0.617370428834517,-0.523745252673185,0.824584138765825,0.999999999999988,0.880057037348484,"nucb2b",1
"GO:0033564","anterior/posterior axon guidance","1/2534","12/18773",0.0833333333333333,0.617370428834517,-0.523745252673185,0.824584138765825,0.999999999999988,0.880057037348484,"vangl2",1
"GO:0034103","regulation of tissue remodeling","1/2534","12/18773",0.0833333333333333,0.617370428834517,-0.523745252673185,0.824584138765825,0.999999999999988,0.880057037348484,"neu1",1
"GO:0035844","cloaca development","1/2534","12/18773",0.0833333333333333,0.617370428834517,-0.523745252673185,0.824584138765825,0.999999999999988,0.880057037348484,"vangl2",1
"GO:0042745","circadian sleep/wake cycle","1/2534","12/18773",0.0833333333333333,0.617370428834517,-0.523745252673185,0.824584138765825,0.999999999999988,0.880057037348484,"parp1",1
"GO:0043252","sodium-independent organic anion transport","1/2534","12/18773",0.0833333333333333,0.617370428834517,-0.523745252673185,0.824584138765825,0.999999999999988,0.880057037348484,"slco5a1a",1
"GO:0045639","positive regulation of myeloid cell differentiation","1/2534","12/18773",0.0833333333333333,0.617370428834517,-0.523745252673185,0.824584138765825,0.999999999999988,0.880057037348484,"ddx46",1
"GO:0051057","positive regulation of small GTPase mediated signal transduction","1/2534","12/18773",0.0833333333333333,0.617370428834517,-0.523745252673185,0.824584138765825,0.999999999999988,0.880057037348484,"robo4",1
"GO:0060581","cell fate commitment involved in pattern specification","1/2534","12/18773",0.0833333333333333,0.617370428834517,-0.523745252673185,0.824584138765825,0.999999999999988,0.880057037348484,"mib1",1
"GO:0061028","establishment of endothelial barrier","1/2534","12/18773",0.0833333333333333,0.617370428834517,-0.523745252673185,0.824584138765825,0.999999999999988,0.880057037348484,"tjp1a",1
"GO:0070527","platelet aggregation","1/2534","12/18773",0.0833333333333333,0.617370428834517,-0.523745252673185,0.824584138765825,0.999999999999988,0.880057037348484,"dcbld2",1
"GO:0099560","synaptic membrane adhesion","1/2534","12/18773",0.0833333333333333,0.617370428834517,-0.523745252673185,0.824584138765825,0.999999999999988,0.880057037348484,"ptprfa",1
"GO:0140354","lipid import into cell","1/2534","12/18773",0.0833333333333333,0.617370428834517,-0.523745252673185,0.824584138765825,0.999999999999988,0.880057037348484,"slc27a1a",1
"GO:0140962","multicellular organismal-level chemical homeostasis","1/2534","12/18773",0.0833333333333333,0.617370428834517,-0.523745252673185,0.824584138765825,0.999999999999988,0.880057037348484,"bloc1s1",1
"GO:1903053","regulation of extracellular matrix organization","1/2534","12/18773",0.0833333333333333,0.617370428834517,-0.523745252673185,0.824584138765825,0.999999999999988,0.880057037348484,"cemip2",1
"GO:2000377","regulation of reactive oxygen species metabolic process","1/2534","12/18773",0.0833333333333333,0.617370428834517,-0.523745252673185,0.824584138765825,0.999999999999988,0.880057037348484,"park7",1
"GO:2000785","regulation of autophagosome assembly","1/2534","12/18773",0.0833333333333333,0.617370428834517,-0.523745252673185,0.824584138765825,0.999999999999988,0.880057037348484,"tmem39a",1
"GO:2001057","reactive nitrogen species metabolic process","1/2534","12/18773",0.0833333333333333,0.617370428834517,-0.523745252673185,0.824584138765825,0.999999999999988,0.880057037348484,"porb",1
"GO:0006029","proteoglycan metabolic process","6/2534","59/18773",0.101694915254237,0.75340120128958,-0.74939809888656,0.825514632034753,0.999999999999988,0.880057037348484,"hs2st1a/cant1a/cog4/csgalnact1a/sgsh/hs6st1a",6
"GO:0031076","embryonic camera-type eye development","6/2534","59/18773",0.101694915254237,0.75340120128958,-0.74939809888656,0.825514632034753,0.999999999999988,0.880057037348484,"smarca4a/igf1rb/mib1/rerea/efnb2a/znf703",6
"GO:0003206","cardiac chamber morphogenesis","3/2534","32/18773",0.09375,0.694541732438832,-0.683139551473099,0.825734102819903,0.999999999999988,0.880057037348484,"rbx1/rbfox1/ilk",3
"GO:0035088","establishment or maintenance of apical/basal cell polarity","3/2534","32/18773",0.09375,0.694541732438832,-0.683139551473099,0.825734102819903,0.999999999999988,0.880057037348484,"cdh2/myo9aa/prkci",3
"GO:0042130","negative regulation of T cell proliferation","3/2534","32/18773",0.09375,0.694541732438832,-0.683139551473099,0.825734102819903,0.999999999999988,0.880057037348484,"cd276/zgc:153631/si:dkey-169i5.4",3
"GO:0048665","neuron fate specification","3/2534","32/18773",0.09375,0.694541732438832,-0.683139551473099,0.825734102819903,0.999999999999988,0.880057037348484,"tbx2b/mib1/zc4h2",3
"GO:0048813","dendrite morphogenesis","3/2534","32/18773",0.09375,0.694541732438832,-0.683139551473099,0.825734102819903,0.999999999999988,0.880057037348484,"fmr1/btbd3a/si:dkey-40c11.2",3
"GO:0061245","establishment or maintenance of bipolar cell polarity","3/2534","32/18773",0.09375,0.694541732438832,-0.683139551473099,0.825734102819903,0.999999999999988,0.880057037348484,"cdh2/myo9aa/prkci",3
"GO:0002253","activation of immune response","14/2534","127/18773",0.110236220472441,0.816678992474007,-0.818842156021302,0.828186482013079,0.999999999999988,0.880057037348484,"ube2nb/pycard/gramd4b/lgr4/csk/tbk1/sele/slc39a6/tlr5a/crfb1/c7a/trim25/tlr5b/nek7",14
"GO:0016331","morphogenesis of embryonic epithelium","7/2534","68/18773",0.102941176470588,0.762634059148521,-0.774591880542927,0.828974948416453,0.999999999999988,0.880057037348484,"htt/nin/mib1/rerea/cdh2/prkci/vangl2",7
"GO:0031669","cellular response to nutrient levels","7/2534","68/18773",0.102941176470588,0.762634059148521,-0.774591880542927,0.828974948416453,0.999999999999988,0.880057037348484,"seh1l/atf4a/nprl2/depdc5/dap/gcn1/pak2a",7
"GO:0000165","MAPK cascade","31/2534","265/18773",0.116981132075472,0.866648300099775,-0.863616010177642,0.829640718880053,0.999999999999988,0.880057037348484,"cds2/spred2b/tpd52l1/mapk14a/raf1b/map3k7/arrb2a/flt4/smarca4a/ptpn1/igf1rb/styx/stk3/acsl4a/rell1/zgc:113363/fgf10b/dusp6/fgfr4/map4k4/ndrg4/spry4/pigp/lamtor1/map2k5/map3k14a/pak2a/ptpn11a/adrb2a/pdgfbb/spred2a",31
"GO:0030239","myofibril assembly","13/2534","119/18773",0.109243697478992,0.80932594032088,-0.824248271241696,0.830803369565897,0.999999999999988,0.880057037348484,"hspd1/qki2/vcp/tango2/neb/tmod2/itgb1b/tnnt2c/tnnt3b/mef2aa/qkia/mybpc2b/desma",13
"GO:0060271","cilium assembly","41/2534","345/18773",0.118840579710145,0.880423915903138,-0.885510488991555,0.832521233528751,0.999999999999988,0.880057037348484,"cfl1/elmo1/mcm2/atp6ap1b/itga8/nudcd2/arl3b/ruvbl1/adsl/nudc/atp6v0d1/rer1/mcamb/b9d1/gas8/tsc1a/rpgrb/mbd3b/ttc39c/ehd1a/gsna/appb/cdh2/rpe/sclt1/csnk1db/gmnn/vangl2/tapt1a/pacsin2/ehd1b/lamb1a/dnmt3bb.1/mcm7/bbip1/notch1a/intu/orc1/cdc14ab/znf703/cep290",41
"GO:0006022","aminoglycan metabolic process","8/2534","77/18773",0.103896103896104,0.769708586598879,-0.799885262660306,0.833016717535452,0.999999999999988,0.880057037348484,"hyal2b/cemip2/hexa/gnsb/gnsa/sgsh/hyal2a/kctd10",8
"GO:0048663","neuron fate commitment","5/2534","51/18773",0.0980392156862745,0.72631815157002,-0.773096841788012,0.836188301685547,0.999999999999988,0.880057037348484,"tbx2b/dctn1a/mib1/zc4h2/zdhhc16a",5
"GO:0048821","erythrocyte development","5/2534","51/18773",0.0980392156862745,0.72631815157002,-0.773096841788012,0.836188301685547,0.999999999999988,0.880057037348484,"tp53/eif1axb/tert/gata2a/slc48a1b",5
"GO:0001573","ganglioside metabolic process","2/2534","23/18773",0.0869565217391304,0.64421262139254,-0.674423596364981,0.836749444894971,0.999999999999988,0.880057037348484,"hexa/neu1",2
"GO:0015800","acidic amino acid transport","2/2534","23/18773",0.0869565217391304,0.64421262139254,-0.674423596364981,0.836749444894971,0.999999999999988,0.880057037348484,"slc38a2/slc1a3a",2
"GO:0043049","otic placode formation","2/2534","23/18773",0.0869565217391304,0.64421262139254,-0.674423596364981,0.836749444894971,0.999999999999988,0.880057037348484,"tfap2c/sox3",2
"GO:0071425","hematopoietic stem cell proliferation","2/2534","23/18773",0.0869565217391304,0.64421262139254,-0.674423596364981,0.836749444894971,0.999999999999988,0.880057037348484,"tp53/sart3",2
"GO:0071910","determination of liver left/right asymmetry","2/2534","23/18773",0.0869565217391304,0.64421262139254,-0.674423596364981,0.836749444894971,0.999999999999988,0.880057037348484,"aplnrb/gmnn",2
"GO:0051962","positive regulation of nervous system development","9/2534","86/18773",0.104651162790698,0.775302399001487,-0.825005427417527,0.837373284512907,0.999999999999988,0.880057037348484,"chd7/fmr1/znf16l/grnb/numb/hdac1/serpinf1/si:dkey-40c11.2/fxr2",9
"GO:1903037","regulation of leukocyte cell-cell adhesion","7/2534","69/18773",0.101449275362319,0.75158139162463,-0.816620654459837,0.840113440839952,0.999999999999988,0.880057037348484,"hspd1/cd276/zgc:153631/brd4/ambra1b/si:dkey-169i5.4/opa1",7
"GO:2000145","regulation of cell motility","34/2534","291/18773",0.116838487972509,0.865591529087571,-0.912804114641645,0.841310105800681,0.999999999999988,0.880057037348484,"hspd1/lyn/sema3ab/sema3fb/spns2/slkb/robo4/asap1a/rap2b/ap1ar/oxsr1a/ccdc25/zgc:153631/dpysl2b/flt4/stk10/crk/tgfb1a/anxa5b/akirin1/rtn4a/zeb1b/fgf10b/rac1a/nrp1b/sema4c/hmox1a/il6r/prcp/sema3fa/znf703/srgap3/slka/pdgfbb",34
"GO:0060284","regulation of cell development","30/2534","259/18773",0.115830115830116,0.858121059383885,-0.908231638293124,0.841463516107319,0.999999999999988,0.880057037348484,"tp53/chd7/phf6/kdm1a/qki2/hnrnpl2/ewsr1a/lpar2a/nf2b/her13/zmiz1a/fmr1/nipblb/prmt5/ddx46/cdh2/brd4/neu1/ambra1b/znf16l/grnb/qkia/irf2bp2b/notch1a/numb/hdac1/serpinf1/si:dkey-40c11.2/opa1/fxr2",30
"GO:0032400","melanosome localization","3/2534","33/18773",0.0909090909090909,0.673495013274019,-0.741550842174551,0.841478837126969,0.999999999999988,0.880057037348484,"ube3d/rab11a/bbip1",3
"GO:0032922","circadian regulation of gene expression","3/2534","33/18773",0.0909090909090909,0.673495013274019,-0.741550842174551,0.841478837126969,0.999999999999988,0.880057037348484,"egr1/nr1d2a/cry3b",3
"GO:0032945","negative regulation of mononuclear cell proliferation","3/2534","33/18773",0.0909090909090909,0.673495013274019,-0.741550842174551,0.841478837126969,0.999999999999988,0.880057037348484,"cd276/zgc:153631/si:dkey-169i5.4",3
"GO:0050672","negative regulation of lymphocyte proliferation","3/2534","33/18773",0.0909090909090909,0.673495013274019,-0.741550842174551,0.841478837126969,0.999999999999988,0.880057037348484,"cd276/zgc:153631/si:dkey-169i5.4",3
"GO:0070664","negative regulation of leukocyte proliferation","3/2534","33/18773",0.0909090909090909,0.673495013274019,-0.741550842174551,0.841478837126969,0.999999999999988,0.880057037348484,"cd276/zgc:153631/si:dkey-169i5.4",3
"GO:1901617","organic hydroxy compound biosynthetic process","12/2534","112/18773",0.107142857142857,0.793761979930094,-0.864747316033725,0.842624762251968,0.999999999999988,0.880057037348484,"nus1/ddt/lbr/dhcr7/sptlc2b/sptlc2a/ch25h/ipmkb/fgfr4/mfsd12a/insig1/park7",12
"GO:0046165","alcohol biosynthetic process","8/2534","78/18773",0.102564102564103,0.759840527796329,-0.839582203233055,0.84337149421671,0.999999999999988,0.880057037348484,"nus1/lbr/dhcr7/sptlc2b/sptlc2a/ipmkb/insig1/park7",8
"GO:0060070","canonical Wnt signaling pathway","22/2534","195/18773",0.112820512820513,0.835824580575962,-0.910342666554585,0.845543325621543,0.999999999999988,0.880057037348484,"tmem88a/tmem88b/jun/nup62l/gsk3ab/jade1/hs2st1a/lgr4/fzd7a/rnf25/stk3/rnf146/nipblb/psen1/csnk1db/frmd8/vangl2/tle2a/gskip/znf703/mllt10/dmxl2",22
"GO:0048793","pronephros development","16/2534","146/18773",0.10958904109589,0.811884399563201,-0.901381667103631,0.84749362759655,0.999999999999988,0.880057037348484,"prkcsh/atp6v0d1/tsc1a/crk/acp1/kirrel3l/tbx2b/snap29/mib1/etv5a/prkci/cd2ap/usp40/camk2g1/mafba/cep290",16
"GO:0044092","negative regulation of molecular function","13/2534","121/18773",0.107438016528926,0.795948652051113,-0.889504986281452,0.847595035046596,0.999999999999988,0.880057037348484,"serpinh1b/mcm2/tegt/rtraf/usp44/zgpat/atp5if1a/appb/serpinh1a/ufl1/serpinb1l3/serpinf1/kctd10",13
"GO:0002093","auditory receptor cell morphogenesis","1/2534","13/18773",0.0769230769230769,0.569880395847247,-0.612806599519674,0.84827710781691,0.999999999999988,0.880057037348484,"cdh2",1
"GO:0002562","somatic diversification of immune receptors via germline recombination within a single locus","1/2534","13/18773",0.0769230769230769,0.569880395847247,-0.612806599519674,0.84827710781691,0.999999999999988,0.880057037348484,"rnf8",1
"GO:0002702","positive regulation of production of molecular mediator of immune response","1/2534","13/18773",0.0769230769230769,0.569880395847247,-0.612806599519674,0.84827710781691,0.999999999999988,0.880057037348484,"zgc:153631",1
"GO:0002703","regulation of leukocyte mediated immunity","1/2534","13/18773",0.0769230769230769,0.569880395847247,-0.612806599519674,0.84827710781691,0.999999999999988,0.880057037348484,"sele",1
"GO:0006940","regulation of smooth muscle contraction","1/2534","13/18773",0.0769230769230769,0.569880395847247,-0.612806599519674,0.84827710781691,0.999999999999988,0.880057037348484,"edn1",1
"GO:0007398","ectoderm development","1/2534","13/18773",0.0769230769230769,0.569880395847247,-0.612806599519674,0.84827710781691,0.999999999999988,0.880057037348484,"cdh2",1
"GO:0009078","pyruvate family amino acid metabolic process","1/2534","13/18773",0.0769230769230769,0.569880395847247,-0.612806599519674,0.84827710781691,0.999999999999988,0.880057037348484,"ivd",1
"GO:0016445","somatic diversification of immunoglobulins","1/2534","13/18773",0.0769230769230769,0.569880395847247,-0.612806599519674,0.84827710781691,0.999999999999988,0.880057037348484,"rnf8",1
"GO:0042407","cristae formation","1/2534","13/18773",0.0769230769230769,0.569880395847247,-0.612806599519674,0.84827710781691,0.999999999999988,0.880057037348484,"immt",1
"GO:0042554","superoxide anion generation","1/2534","13/18773",0.0769230769230769,0.569880395847247,-0.612806599519674,0.84827710781691,0.999999999999988,0.880057037348484,"sh3pxd2b",1
"GO:0042573","retinoic acid metabolic process","1/2534","13/18773",0.0769230769230769,0.569880395847247,-0.612806599519674,0.84827710781691,0.999999999999988,0.880057037348484,"kdm1a",1
"GO:0043363","nucleate erythrocyte differentiation","1/2534","13/18773",0.0769230769230769,0.569880395847247,-0.612806599519674,0.84827710781691,0.999999999999988,0.880057037348484,"rasa3",1
"GO:0043605","amide catabolic process","1/2534","13/18773",0.0769230769230769,0.569880395847247,-0.612806599519674,0.84827710781691,0.999999999999988,0.880057037348484,"dlst",1
"GO:0046185","aldehyde catabolic process","1/2534","13/18773",0.0769230769230769,0.569880395847247,-0.612806599519674,0.84827710781691,0.999999999999988,0.880057037348484,"hagh",1
"GO:0046636","negative regulation of alpha-beta T cell activation","1/2534","13/18773",0.0769230769230769,0.569880395847247,-0.612806599519674,0.84827710781691,0.999999999999988,0.880057037348484,"zgc:153631",1
"GO:0048814","regulation of dendrite morphogenesis","1/2534","13/18773",0.0769230769230769,0.569880395847247,-0.612806599519674,0.84827710781691,0.999999999999988,0.880057037348484,"si:dkey-40c11.2",1
"GO:0051952","regulation of amine transport","1/2534","13/18773",0.0769230769230769,0.569880395847247,-0.612806599519674,0.84827710781691,0.999999999999988,0.880057037348484,"slc38a2",1
"GO:0060384","innervation","1/2534","13/18773",0.0769230769230769,0.569880395847247,-0.612806599519674,0.84827710781691,0.999999999999988,0.880057037348484,"fbxo45",1
"GO:0062013","positive regulation of small molecule metabolic process","1/2534","13/18773",0.0769230769230769,0.569880395847247,-0.612806599519674,0.84827710781691,0.999999999999988,0.880057037348484,"arpp19a",1
"GO:0090594","inflammatory response to wounding","1/2534","13/18773",0.0769230769230769,0.569880395847247,-0.612806599519674,0.84827710781691,0.999999999999988,0.880057037348484,"utp25",1
"GO:0098943","neurotransmitter receptor transport, postsynaptic endosome to lysosome","1/2534","13/18773",0.0769230769230769,0.569880395847247,-0.612806599519674,0.84827710781691,0.999999999999988,0.880057037348484,"ap3d1",1
"GO:0170044","non-proteinogenic amino acid catabolic process","1/2534","13/18773",0.0769230769230769,0.569880395847247,-0.612806599519674,0.84827710781691,0.999999999999988,0.880057037348484,"blmh",1
"GO:1902117","positive regulation of organelle assembly","1/2534","13/18773",0.0769230769230769,0.569880395847247,-0.612806599519674,0.84827710781691,0.999999999999988,0.880057037348484,"tapt1a",1
"GO:0017157","regulation of exocytosis","6/2534","61/18773",0.0983606557377049,0.728699522558774,-0.838367256964243,0.848916034048224,0.999999999999988,0.880057037348484,"ptbp1a/rap1b/rap1ab/ralaa/rap1aa/il1rapl1a",6
"GO:0009948","anterior/posterior axis specification","4/2534","43/18773",0.0930232558139535,0.689157688001321,-0.806091620813503,0.850241382940109,0.999999999999988,0.880057037348484,"rap1b/pum1/cactin/itga5",4
"GO:0010721","negative regulation of cell development","4/2534","43/18773",0.0930232558139535,0.689157688001321,-0.806091620813503,0.850241382940109,0.999999999999988,0.880057037348484,"qki2/qkia/irf2bp2b/notch1a",4
"GO:0017156","calcium-ion regulated exocytosis","4/2534","43/18773",0.0930232558139535,0.689157688001321,-0.806091620813503,0.850241382940109,0.999999999999988,0.880057037348484,"sdf4/ptbp1a/dchs1b/stxbp3",4
"GO:0033500","carbohydrate homeostasis","4/2534","43/18773",0.0930232558139535,0.689157688001321,-0.806091620813503,0.850241382940109,0.999999999999988,0.880057037348484,"igf1rb/akt2/park7/notch2",4
"GO:0042593","glucose homeostasis","4/2534","43/18773",0.0930232558139535,0.689157688001321,-0.806091620813503,0.850241382940109,0.999999999999988,0.880057037348484,"igf1rb/akt2/park7/notch2",4
"GO:0071696","ectodermal placode development","4/2534","43/18773",0.0930232558139535,0.689157688001321,-0.806091620813503,0.850241382940109,0.999999999999988,0.880057037348484,"htt/tfap2c/fgf10b/sox3",4
"GO:1903305","regulation of regulated secretory pathway","4/2534","43/18773",0.0930232558139535,0.689157688001321,-0.806091620813503,0.850241382940109,0.999999999999988,0.880057037348484,"ptbp1a/rap1b/rap1ab/rap1aa",4
"GO:0045321","leukocyte activation","23/2534","204/18773",0.112745098039216,0.835265874305523,-0.934508676619158,0.850948319458972,0.999999999999988,0.880057037348484,"hspd1/cd276/prdx1/kars1/slc39a7/chd7/phf6/sart3/dnmt1/lsm8/rnf8/zgc:153631/jak1/ddx46/slc39a6/brd4/ambra1b/sgsh/grnb/rabl3/si:dkey-169i5.4/ptenb/opa1",23
"GO:0000075","cell cycle checkpoint signaling","8/2534","79/18773",0.10126582278481,0.750222293267261,-0.878810095942005,0.853210125442519,0.999999999999988,0.880057037348484,"tp53/ccnd1/mre11a/tipin/plk3/nabp1a/ufl1/orc1",8
"GO:0006284","base-excision repair","2/2534","24/18773",0.0833333333333333,0.617370428834517,-0.740924634330224,0.854002761335883,0.999999999999988,0.880057037348484,"apex1/fen1",2
"GO:0015740","C4-dicarboxylate transport","2/2534","24/18773",0.0833333333333333,0.617370428834517,-0.740924634330224,0.854002761335883,0.999999999999988,0.880057037348484,"slc25a11/slc1a3a",2
"GO:0021955","central nervous system neuron axonogenesis","2/2534","24/18773",0.0833333333333333,0.617370428834517,-0.740924634330224,0.854002761335883,0.999999999999988,0.880057037348484,"sfpq/mapk3",2
"GO:0046425","regulation of receptor signaling pathway via JAK-STAT","2/2534","24/18773",0.0833333333333333,0.617370428834517,-0.740924634330224,0.854002761335883,0.999999999999988,0.880057037348484,"socs3a/jak2a",2
"GO:1904892","regulation of receptor signaling pathway via STAT","2/2534","24/18773",0.0833333333333333,0.617370428834517,-0.740924634330224,0.854002761335883,0.999999999999988,0.880057037348484,"socs3a/jak2a",2
"GO:0002694","regulation of leukocyte activation","11/2534","105/18773",0.104761904761905,0.776122824820536,-0.908729253691976,0.854958618272894,0.999999999999988,0.880057037348484,"hspd1/cd276/kars1/phf6/zgc:153631/ddx46/brd4/ambra1b/grnb/si:dkey-169i5.4/opa1",11
"GO:0040012","regulation of locomotion","36/2534","310/18773",0.116129032258065,0.860335565343585,-0.979477529027448,0.856943657252588,0.999999999999988,0.880057037348484,"hspd1/lyn/nop56/sema3ab/sema3fb/spns2/slkb/robo4/asap1a/rap2b/ap1ar/oxsr1a/ccdc25/zgc:153631/dpysl2b/flt4/stk10/crk/tgfb1a/anxa5b/efnb2a/akirin1/rtn4a/zeb1b/fgf10b/rac1a/nrp1b/sema4c/hmox1a/il6r/prcp/sema3fa/znf703/srgap3/slka/pdgfbb",36
"GO:0002764","immune response-regulating signaling pathway","10/2534","97/18773",0.103092783505155,0.763757231547856,-0.921470412437468,0.859584128658474,0.999999999999988,0.880057037348484,"ube2nb/gramd4b/lgr4/csk/slc39a6/tlr5a/crfb1/trim25/tlr5b/nek7",10
"GO:0050770","regulation of axonogenesis","6/2534","62/18773",0.0967741935483871,0.716946304452988,-0.881850797311733,0.859619265301388,0.999999999999988,0.880057037348484,"arhgap35a/mapk14a/dpysl2b/arhgap35b/si:dkey-40c11.2/pak2a",6
"GO:0060326","cell chemotaxis","14/2534","131/18773",0.106870229007634,0.79174222934503,-0.944864534871071,0.859911914600412,0.999999999999988,0.880057037348484,"hspd1/lyn/ddx3xb/oxsr1a/lta4h/ch25h/akirin1/cul1a/pik3cg/ccr8.1/rac1a/srp54/il6r/nsmaf",14
"GO:0035107","appendage morphogenesis","7/2534","71/18773",0.0985915492957746,0.730410084818302,-0.899016633864458,0.860645611384902,0.999999999999988,0.880057037348484,"acvr1l/tll1/nipblb/cdh2/etv5a/sec23a/nipbla",7
"GO:0007269","neurotransmitter secretion","8/2534","80/18773",0.1,0.740844514601421,-0.917581889855055,0.862546609061039,0.999999999999988,0.880057037348484,"slc38a2/snapin/rap1b/rap1ab/snap29/stxbp3/rap1aa/caska",8
"GO:0099643","signal release from synapse","8/2534","80/18773",0.1,0.740844514601421,-0.917581889855055,0.862546609061039,0.999999999999988,0.880057037348484,"slc38a2/snapin/rap1b/rap1ab/snap29/stxbp3/rap1aa/caska",8
"GO:0002429","immune response-activating cell surface receptor signaling pathway","4/2534","44/18773",0.0909090909090909,0.673495013274019,-0.856520573698468,0.862642529406246,0.999999999999988,0.880057037348484,"ube2nb/csk/slc39a6/tlr5b",4
"GO:0006766","vitamin metabolic process","4/2534","44/18773",0.0909090909090909,0.673495013274019,-0.856520573698468,0.862642529406246,0.999999999999988,0.880057037348484,"kdm1a/mmachc/tpk1/rfk",4
"GO:0051051","negative regulation of transport","4/2534","44/18773",0.0909090909090909,0.673495013274019,-0.856520573698468,0.862642529406246,0.999999999999988,0.880057037348484,"rap1b/rap1ab/rap1aa/il1rapl1a",4
"GO:0021782","glial cell development","11/2534","106/18773",0.10377358490566,0.768800911378833,-0.942932758398915,0.863095468106189,0.999999999999988,0.880057037348484,"chd7/egr1/sptan1/gna13a/itga5/tuba8l3/znf16l/gna12a/myo6b/nlrc3l/nrros",11
"GO:0016042","lipid catabolic process","22/2534","198/18773",0.111111111111111,0.823160571779356,-0.988157617945699,0.864125804466241,0.999999999999988,0.880057037348484,"acadl/hadhb/hadhab/etfa/abhd16a/gcdha/smpd5/iah1/prdx6/pla2g7/hexa/hacl1/echs1/acox1/zgc:195173/decr1/acot8/ech1/neu1/lpin2/acadm/asah1b",22
"GO:0009967","positive regulation of signal transduction","56/2534","471/18773",0.118895966029724,0.880834242413579,-1.03464554839619,0.865852475043222,0.999999999999988,0.880057037348484,"mtdhb/ube2nb/atp6ap2/seh1l/cds2/lamtor4/tpd52l1/ctsh/robo4/ppp4cb/nup62l/nck1b/tab2/htt/tll1/map3k7/arrb2a/shrprbck1r/gas8/lgr4/flt4/smarca4a/cemip2/akap13/igf1rb/rnf25/mtdha/rnf146/mib1/akap12b/lamtor2/lamtor3/zgc:110239/ngly1/acsl4a/csnk1db/brd4/nr3c1/chp2/rell1/mgaa/fgf10b/vangl2/fgfr4/ndrg4/snw1/lamtor1/ikbkb/lims1/nek7/adrb2a/dmxl2/ing5a/pdgfbb/jak2a/ctsla",56
"GO:0001710","mesodermal cell fate commitment","1/2534","14/18773",0.0714285714285714,0.529174653286729,-0.696142178781648,0.868771020865521,0.999999999999988,0.880057037348484,"notch1a",1
"GO:0002200","somatic diversification of immune receptors","1/2534","14/18773",0.0714285714285714,0.529174653286729,-0.696142178781648,0.868771020865521,0.999999999999988,0.880057037348484,"rnf8",1
"GO:0002700","regulation of production of molecular mediator of immune response","1/2534","14/18773",0.0714285714285714,0.529174653286729,-0.696142178781648,0.868771020865521,0.999999999999988,0.880057037348484,"zgc:153631",1
"GO:0006171","cAMP biosynthetic process","1/2534","14/18773",0.0714285714285714,0.529174653286729,-0.696142178781648,0.868771020865521,0.999999999999988,0.880057037348484,"adcy2b",1
"GO:0006525","arginine metabolic process","1/2534","14/18773",0.0714285714285714,0.529174653286729,-0.696142178781648,0.868771020865521,0.999999999999988,0.880057037348484,"si:dkeyp-120h9.1",1
"GO:0007530","sex determination","1/2534","14/18773",0.0714285714285714,0.529174653286729,-0.696142178781648,0.868771020865521,0.999999999999988,0.880057037348484,"igf2bp3",1
"GO:0016444","somatic cell DNA recombination","1/2534","14/18773",0.0714285714285714,0.529174653286729,-0.696142178781648,0.868771020865521,0.999999999999988,0.880057037348484,"rnf8",1
"GO:0018149","peptide cross-linking","1/2534","14/18773",0.0714285714285714,0.529174653286729,-0.696142178781648,0.868771020865521,0.999999999999988,0.880057037348484,"f13a1b",1
"GO:0018212","peptidyl-tyrosine modification","1/2534","14/18773",0.0714285714285714,0.529174653286729,-0.696142178781648,0.868771020865521,0.999999999999988,0.880057037348484,"zgpat",1
"GO:0021508","floor plate formation","1/2534","14/18773",0.0714285714285714,0.529174653286729,-0.696142178781648,0.868771020865521,0.999999999999988,0.880057037348484,"mib1",1
"GO:0021884","forebrain neuron development","1/2534","14/18773",0.0714285714285714,0.529174653286729,-0.696142178781648,0.868771020865521,0.999999999999988,0.880057037348484,"lgr4",1
"GO:0032958","inositol phosphate biosynthetic process","1/2534","14/18773",0.0714285714285714,0.529174653286729,-0.696142178781648,0.868771020865521,0.999999999999988,0.880057037348484,"ipmkb",1
"GO:0033505","floor plate morphogenesis","1/2534","14/18773",0.0714285714285714,0.529174653286729,-0.696142178781648,0.868771020865521,0.999999999999988,0.880057037348484,"mib1",1
"GO:0033555","multicellular organismal response to stress","1/2534","14/18773",0.0714285714285714,0.529174653286729,-0.696142178781648,0.868771020865521,0.999999999999988,0.880057037348484,"nr3c1",1
"GO:0035914","skeletal muscle cell differentiation","1/2534","14/18773",0.0714285714285714,0.529174653286729,-0.696142178781648,0.868771020865521,0.999999999999988,0.880057037348484,"marcksb",1
"GO:0040037","negative regulation of fibroblast growth factor receptor signaling pathway","1/2534","14/18773",0.0714285714285714,0.529174653286729,-0.696142178781648,0.868771020865521,0.999999999999988,0.880057037348484,"spry4",1
"GO:0043153","entrainment of circadian clock by photoperiod","1/2534","14/18773",0.0714285714285714,0.529174653286729,-0.696142178781648,0.868771020865521,0.999999999999988,0.880057037348484,"cry3b",1
"GO:0044088","regulation of vacuole organization","1/2534","14/18773",0.0714285714285714,0.529174653286729,-0.696142178781648,0.868771020865521,0.999999999999988,0.880057037348484,"tmem39a",1
"GO:0045921","positive regulation of exocytosis","1/2534","14/18773",0.0714285714285714,0.529174653286729,-0.696142178781648,0.868771020865521,0.999999999999988,0.880057037348484,"ptbp1a",1
"GO:0046427","positive regulation of receptor signaling pathway via JAK-STAT","1/2534","14/18773",0.0714285714285714,0.529174653286729,-0.696142178781648,0.868771020865521,0.999999999999988,0.880057037348484,"jak2a",1
"GO:0046500","S-adenosylmethionine metabolic process","1/2534","14/18773",0.0714285714285714,0.529174653286729,-0.696142178781648,0.868771020865521,0.999999999999988,0.880057037348484,"mat2aa",1
"GO:0048670","regulation of collateral sprouting","1/2534","14/18773",0.0714285714285714,0.529174653286729,-0.696142178781648,0.868771020865521,0.999999999999988,0.880057037348484,"mapk14a",1
"GO:0071711","basement membrane organization","1/2534","14/18773",0.0714285714285714,0.529174653286729,-0.696142178781648,0.868771020865521,0.999999999999988,0.880057037348484,"lamb1a",1
"GO:0097306","cellular response to alcohol","1/2534","14/18773",0.0714285714285714,0.529174653286729,-0.696142178781648,0.868771020865521,0.999999999999988,0.880057037348484,"nr3c1",1
"GO:0098508","endothelial to hematopoietic transition","1/2534","14/18773",0.0714285714285714,0.529174653286729,-0.696142178781648,0.868771020865521,0.999999999999988,0.880057037348484,"tet3",1
"GO:1903076","regulation of protein localization to plasma membrane","1/2534","14/18773",0.0714285714285714,0.529174653286729,-0.696142178781648,0.868771020865521,0.999999999999988,0.880057037348484,"camk2g1",1
"GO:1904894","positive regulation of receptor signaling pathway via STAT","1/2534","14/18773",0.0714285714285714,0.529174653286729,-0.696142178781648,0.868771020865521,0.999999999999988,0.880057037348484,"jak2a",1
"GO:0006862","nucleotide transport","3/2534","35/18773",0.0857142857142857,0.635009583944075,-0.85375410110557,0.869298219888042,0.999999999999988,0.880057037348484,"slc25a36a/slc17a9b/slc35b3",3
"GO:0006939","smooth muscle contraction","3/2534","35/18773",0.0857142857142857,0.635009583944075,-0.85375410110557,0.869298219888042,0.999999999999988,0.880057037348484,"shroom4/edn1/flna",3
"GO:0030199","collagen fibril organization","3/2534","35/18773",0.0857142857142857,0.635009583944075,-0.85375410110557,0.869298219888042,0.999999999999988,0.880057037348484,"serpinh1b/crtap/serpinh1a",3
"GO:0002440","production of molecular mediator of immune response","2/2534","25/18773",0.08,0.592675611681136,-0.80502966281972,0.869574904975623,0.999999999999988,0.880057037348484,"rnf8/zgc:153631",2
"GO:0021879","forebrain neuron differentiation","2/2534","25/18773",0.08,0.592675611681136,-0.80502966281972,0.869574904975623,0.999999999999988,0.880057037348484,"lgr4/zdhhc16a",2
"GO:0030500","regulation of bone mineralization","2/2534","25/18773",0.08,0.592675611681136,-0.80502966281972,0.869574904975623,0.999999999999988,0.880057037348484,"tmem119b/galnt2",2
"GO:0042102","positive regulation of T cell proliferation","2/2534","25/18773",0.08,0.592675611681136,-0.80502966281972,0.869574904975623,0.999999999999988,0.880057037348484,"cd276/si:dkey-169i5.4",2
"GO:0042659","regulation of cell fate specification","2/2534","25/18773",0.08,0.592675611681136,-0.80502966281972,0.869574904975623,0.999999999999988,0.880057037348484,"dusp6/notch1a",2
"GO:0045926","negative regulation of growth","2/2534","25/18773",0.08,0.592675611681136,-0.80502966281972,0.869574904975623,0.999999999999988,0.880057037348484,"wwc3/dusp6",2
"GO:0048771","tissue remodeling","2/2534","25/18773",0.08,0.592675611681136,-0.80502966281972,0.869574904975623,0.999999999999988,0.880057037348484,"lgr4/neu1",2
"GO:0070167","regulation of biomineral tissue development","2/2534","25/18773",0.08,0.592675611681136,-0.80502966281972,0.869574904975623,0.999999999999988,0.880057037348484,"tmem119b/galnt2",2
"GO:0070192","chromosome organization involved in meiotic cell cycle","2/2534","25/18773",0.08,0.592675611681136,-0.80502966281972,0.869574904975623,0.999999999999988,0.880057037348484,"rad50/prdm9",2
"GO:0048483","autonomic nervous system development","6/2534","63/18773",0.0952380952380952,0.705566204382305,-0.924698122219729,0.869688437732031,0.999999999999988,0.880057037348484,"rad21a/ncln/utp25/fscn1a/tbx2b/nup98",6
"GO:0050954","sensory perception of mechanical stimulus","6/2534","63/18773",0.0952380952380952,0.705566204382305,-0.924698122219729,0.869688437732031,0.999999999999988,0.880057037348484,"spns2/myo7aa/pigk/slc26a2/pigu/myo6b",6
"GO:0009615","response to virus","9/2534","90/18773",0.1,0.740844514601421,-0.973502992140659,0.873330363965154,0.999999999999988,0.880057037348484,"tnfrsf1b/dhx9/otud6b/ilf3b/ch25h/serinc5/prmt7/nfkbiaa/crfb1",9
"GO:0009755","hormone-mediated signaling pathway","9/2534","90/18773",0.1,0.740844514601421,-0.973502992140659,0.873330363965154,0.999999999999988,0.880057037348484,"adipor1a/esr1/raraa/ctbp1/nr3c1/cnot9/rxfp2a/nr5a2/rxrbb",9
"GO:0031929","TOR signaling","9/2534","90/18773",0.1,0.740844514601421,-0.973502992140659,0.873330363965154,0.999999999999988,0.880057037348484,"seh1l/lamtor4/gsk3ab/tsc1a/nprl2/lamtor2/lamtor3/depdc5/lamtor1",9
"GO:0045055","regulated exocytosis","9/2534","90/18773",0.1,0.740844514601421,-0.973502992140659,0.873330363965154,0.999999999999988,0.880057037348484,"sdf4/ptbp1a/dchs1b/snapin/rap1b/rap1ab/snap29/stxbp3/rap1aa",9
"GO:0030336","negative regulation of cell migration","4/2534","45/18773",0.0888888888888889,0.658528457423485,-0.905928682751216,0.874153296653358,0.999999999999988,0.880057037348484,"rap2b/tgfb1a/rtn4a/srgap3",4
"GO:0033627","cell adhesion mediated by integrin","4/2534","45/18773",0.0888888888888889,0.658528457423485,-0.905928682751216,0.874153296653358,0.999999999999988,0.880057037348484,"itga8/itgb5/itgb1b/itga5",4
"GO:0071526","semaphorin-plexin signaling pathway","4/2534","45/18773",0.0888888888888889,0.658528457423485,-0.905928682751216,0.874153296653358,0.999999999999988,0.880057037348484,"sema3ab/sema3fb/sema4c/sema3fa",4
"GO:0008284","positive regulation of cell population proliferation","18/2534","167/18773",0.107784431137725,0.798515045678178,-1.03312598648489,0.876512155727767,0.999999999999988,0.880057037348484,"cd276/myca/tipin/tmem119b/aplnrb/mydgf/meis2a/il6st/mib1/slc35f6/fgf10b/il6r/ptk2ab/hdac1/pdf/si:dkey-169i5.4/pdgfbb/jak2a",18
"GO:0007411","axon guidance","32/2534","282/18773",0.113475177304965,0.840674626498066,-1.06489855384974,0.877152549096296,0.999999999999988,0.880057037348484,"nrp2a/pcdh17/nop56/sema3ab/sema3fb/kif5ba/cpsf1/robo4/top2b/dag1/robo1/flt4/efna1b/ppp1r12a/nrp2b/efnb2a/cdh2/kif1b/efna3b/pin1/rtn4a/vangl2/rac1a/nrp1b/lamb1a/slbp/sema4c/cyfip1/sema3fa/evla/ptprfa/gap43",32
"GO:0097485","neuron projection guidance","32/2534","282/18773",0.113475177304965,0.840674626498066,-1.06489855384974,0.877152549096296,0.999999999999988,0.880057037348484,"nrp2a/pcdh17/nop56/sema3ab/sema3fb/kif5ba/cpsf1/robo4/top2b/dag1/robo1/flt4/efna1b/ppp1r12a/nrp2b/efnb2a/cdh2/kif1b/efna3b/pin1/rtn4a/vangl2/rac1a/nrp1b/lamb1a/slbp/sema4c/cyfip1/sema3fa/evla/ptprfa/gap43",32
"GO:0015698","inorganic anion transport","13/2534","125/18773",0.104,0.770478295185477,-1.01704829114788,0.877286699174998,0.999999999999988,0.880057037348484,"ttyh2/slc37a2/slc26a2/clns1a/clcn5a/pacc1/clic4/slc26a11/slc12a7a/clic1/ttyh3a/slc25a11/clcn5b",13
"GO:0045786","negative regulation of cell cycle","13/2534","125/18773",0.104,0.770478295185477,-1.01704829114788,0.877286699174998,0.999999999999988,0.880057037348484,"tp53/ccnd1/mre11a/tipin/plk3/rbl1/mdm1/gmnn/nabp1a/men1/ufl1/orc1/brinp3b",13
"GO:0045087","innate immune response","30/2534","266/18773",0.112781954887218,0.835538926242204,-1.06712394333197,0.878237014050835,0.999999999999988,0.880057037348484,"pycard/parp1/pqbp1/cnpy3/cnbpb/relb/rel/cybc1/pias4a/gramd4b/lgr4/otud6b/trafd1/tbk1/si:ch211-108d22.2/cactin/nfkb2/serinc5/ecsit/caspa/ankhd1/tlr5a/sod2/trim105/c7a/n4bp1/trim25/tlr5b/ppp1r14bb/nek7",30
"GO:0008361","regulation of cell size","7/2534","73/18773",0.0958904109589041,0.710398849617801,-0.979309227408759,0.87897136292137,0.999999999999988,0.880057037348484,"lamtor4/arhgap35a/mapk14a/clns1a/slc12a7a/arhgap35b/si:dkey-40c11.2",7
"GO:2000241","regulation of reproductive process","7/2534","73/18773",0.0958904109589041,0.710398849617801,-0.979309227408759,0.87897136292137,0.999999999999988,0.880057037348484,"tp53/cdc25b/ptbp1a/dchs1b/lhfpl2a/pgrmc1/prdm9",7
"GO:0022037","metencephalon development","6/2534","64/18773",0.09375,0.694541732438832,-0.966931082143571,0.879147862842316,0.999999999999988,0.880057037348484,"nop56/brf1b/hdac1/mafba/chmp1a/cep290",6
"GO:0050863","regulation of T cell activation","8/2534","82/18773",0.0975609756097561,0.722775136196508,-0.993806363719337,0.879772986468353,0.999999999999988,0.880057037348484,"hspd1/cd276/phf6/zgc:153631/brd4/ambra1b/si:dkey-169i5.4/opa1",8
"GO:0042742","defense response to bacterium","10/2534","100/18773",0.1,0.740844514601421,-1.02643698960393,0.883135868760968,0.999999999999988,0.880057037348484,"hsp90b1/cfl1/pycard/asap1a/atp5fa1/shrprbck1r/rab14/zgc:153631/zranb2/ppp1r11",10
"GO:0007622","rhythmic behavior","2/2534","26/18773",0.0769230769230769,0.569880395847247,-0.866939835149178,0.88360517271874,0.999999999999988,0.880057037348484,"parp1/nr3c1",2
"GO:0048512","circadian behavior","2/2534","26/18773",0.0769230769230769,0.569880395847247,-0.866939835149178,0.88360517271874,0.999999999999988,0.880057037348484,"parp1/nr3c1",2
"GO:0001655","urogenital system development","1/2534","15/18773",0.0666666666666667,0.493896343067614,-0.774588020908422,0.886497671173468,0.999999999999988,0.880057037348484,"vangl2",1
"GO:0002377","immunoglobulin production","1/2534","15/18773",0.0666666666666667,0.493896343067614,-0.774588020908422,0.886497671173468,0.999999999999988,0.880057037348484,"rnf8",1
"GO:0007584","response to nutrient","1/2534","15/18773",0.0666666666666667,0.493896343067614,-0.774588020908422,0.886497671173468,0.999999999999988,0.880057037348484,"bckdhb",1
"GO:0009649","entrainment of circadian clock","1/2534","15/18773",0.0666666666666667,0.493896343067614,-0.774588020908422,0.886497671173468,0.999999999999988,0.880057037348484,"cry3b",1
"GO:0015837","amine transport","1/2534","15/18773",0.0666666666666667,0.493896343067614,-0.774588020908422,0.886497671173468,0.999999999999988,0.880057037348484,"slc38a2",1
"GO:0030193","regulation of blood coagulation","1/2534","15/18773",0.0666666666666667,0.493896343067614,-0.774588020908422,0.886497671173468,0.999999999999988,0.880057037348484,"pros1",1
"GO:0030512","negative regulation of transforming growth factor beta receptor signaling pathway","1/2534","15/18773",0.0666666666666667,0.493896343067614,-0.774588020908422,0.886497671173468,0.999999999999988,0.880057037348484,"nrros",1
"GO:0031641","regulation of myelination","1/2534","15/18773",0.0666666666666667,0.493896343067614,-0.774588020908422,0.886497671173468,0.999999999999988,0.880057037348484,"znf16l",1
"GO:0032355","response to estradiol","1/2534","15/18773",0.0666666666666667,0.493896343067614,-0.774588020908422,0.886497671173468,0.999999999999988,0.880057037348484,"esr1",1
"GO:0034767","positive regulation of monoatomic ion transmembrane transport","1/2534","15/18773",0.0666666666666667,0.493896343067614,-0.774588020908422,0.886497671173468,0.999999999999988,0.880057037348484,"aplnrb",1
"GO:0042559","pteridine-containing compound biosynthetic process","1/2534","15/18773",0.0666666666666667,0.493896343067614,-0.774588020908422,0.886497671173468,0.999999999999988,0.880057037348484,"mthfs",1
"GO:0046475","glycerophospholipid catabolic process","1/2534","15/18773",0.0666666666666667,0.493896343067614,-0.774588020908422,0.886497671173468,0.999999999999988,0.880057037348484,"abhd16a",1
"GO:0046653","tetrahydrofolate metabolic process","1/2534","15/18773",0.0666666666666667,0.493896343067614,-0.774588020908422,0.886497671173468,0.999999999999988,0.880057037348484,"mthfs",1
"GO:0048634","regulation of muscle organ development","1/2534","15/18773",0.0666666666666667,0.493896343067614,-0.774588020908422,0.886497671173468,0.999999999999988,0.880057037348484,"taf3",1
"GO:0062237","protein localization to postsynapse","1/2534","15/18773",0.0666666666666667,0.493896343067614,-0.774588020908422,0.886497671173468,0.999999999999988,0.880057037348484,"rab11a",1
"GO:0072148","epithelial cell fate commitment","1/2534","15/18773",0.0666666666666667,0.493896343067614,-0.774588020908422,0.886497671173468,0.999999999999988,0.880057037348484,"nr2f2",1
"GO:0097320","plasma membrane tubulation","1/2534","15/18773",0.0666666666666667,0.493896343067614,-0.774588020908422,0.886497671173468,0.999999999999988,0.880057037348484,"pacsin2",1
"GO:0098877","neurotransmitter receptor transport to plasma membrane","1/2534","15/18773",0.0666666666666667,0.493896343067614,-0.774588020908422,0.886497671173468,0.999999999999988,0.880057037348484,"rab11a",1
"GO:0098969","neurotransmitter receptor transport to postsynaptic membrane","1/2534","15/18773",0.0666666666666667,0.493896343067614,-0.774588020908422,0.886497671173468,0.999999999999988,0.880057037348484,"rab11a",1
"GO:1900046","regulation of hemostasis","1/2534","15/18773",0.0666666666666667,0.493896343067614,-0.774588020908422,0.886497671173468,0.999999999999988,0.880057037348484,"pros1",1
"GO:1903036","positive regulation of response to wounding","1/2534","15/18773",0.0666666666666667,0.493896343067614,-0.774588020908422,0.886497671173468,0.999999999999988,0.880057037348484,"il6st",1
"GO:1903539","protein localization to postsynaptic membrane","1/2534","15/18773",0.0666666666666667,0.493896343067614,-0.774588020908422,0.886497671173468,0.999999999999988,0.880057037348484,"rab11a",1
"GO:1903540","establishment of protein localization to postsynaptic membrane","1/2534","15/18773",0.0666666666666667,0.493896343067614,-0.774588020908422,0.886497671173468,0.999999999999988,0.880057037348484,"rab11a",1
"GO:1904064","positive regulation of cation transmembrane transport","1/2534","15/18773",0.0666666666666667,0.493896343067614,-0.774588020908422,0.886497671173468,0.999999999999988,0.880057037348484,"aplnrb",1
"GO:1904375","regulation of protein localization to cell periphery","1/2534","15/18773",0.0666666666666667,0.493896343067614,-0.774588020908422,0.886497671173468,0.999999999999988,0.880057037348484,"camk2g1",1
"GO:0043408","regulation of MAPK cascade","25/2534","227/18773",0.110132158590308,0.815908055728437,-1.10230435319689,0.887297069548297,0.999999999999988,0.880057037348484,"cds2/spred2b/tpd52l1/arrb2a/flt4/smarca4a/ptpn1/igf1rb/styx/stk3/acsl4a/rell1/zgc:113363/fgf10b/dusp6/fgfr4/map4k4/ndrg4/spry4/pigp/lamtor1/pak2a/adrb2a/pdgfbb/spred2a",25
"GO:0019220","regulation of phosphate metabolic process","8/2534","83/18773",0.0963855421686747,0.714067002025466,-1.03128241037352,0.887694291922322,0.999999999999988,0.880057037348484,"dnajc19/rtraf/zgpat/atp5if1a/prkar2aa/tigarb/bckdk/ppp1r14bb",8
"GO:0051174","regulation of phosphorus metabolic process","8/2534","83/18773",0.0963855421686747,0.714067002025466,-1.03128241037352,0.887694291922322,0.999999999999988,0.880057037348484,"dnajc19/rtraf/zgpat/atp5if1a/prkar2aa/tigarb/bckdk/ppp1r14bb",8
"GO:0033333","fin development","12/2534","118/18773",0.101694915254237,0.75340120128958,-1.06148355615056,0.887753249277827,0.999999999999988,0.880057037348484,"aldh7a1/acvr1l/hnrnpul1/tll1/ep300b/ep300a/nipblb/cdh2/sec23a/atp6v1e1b/kctd10/nipbla",12
"GO:0016079","synaptic vesicle exocytosis","6/2534","65/18773",0.0923076923076923,0.683856475016696,-1.00857041870524,0.88802243629913,0.999999999999988,0.880057037348484,"snapin/rap1b/rap1ab/snap29/stxbp3/rap1aa",6
"GO:0016358","dendrite development","5/2534","56/18773",0.0892857142857143,0.661468316608411,-1.00219942972245,0.890194769262654,0.999999999999988,0.880057037348484,"llph/fmr1/btbd3a/map1sa/si:dkey-40c11.2",5
"GO:0051336","regulation of hydrolase activity","17/2534","161/18773",0.105590062111801,0.782258183119513,-1.09606723547139,0.890266478734076,0.999999999999988,0.880057037348484,"rad21a/tp53/serpinh1b/pycard/tnfrsf1b/hip1/tegt/asap1a/psme1/diablob/psme3/appb/myo9aa/psen1/serpinh1a/serpinb1l3/serpinf1",17
"GO:0044782","cilium organization","42/2534","366/18773",0.114754098360656,0.850149442985237,-1.14363209593431,0.890852349535648,0.999999999999988,0.880057037348484,"cfl1/elmo1/mcm2/atp6ap1b/itga8/nudcd2/arl3b/ruvbl1/adsl/nudc/atp6v0d1/rer1/mcamb/b9d1/gas8/tsc1a/kifap3b/rpgrb/mbd3b/ttc39c/ehd1a/gsna/appb/cdh2/rpe/sclt1/csnk1db/gmnn/vangl2/tapt1a/pacsin2/ehd1b/lamb1a/dnmt3bb.1/mcm7/bbip1/notch1a/intu/orc1/cdc14ab/znf703/cep290",42
"GO:0048384","retinoic acid receptor signaling pathway","3/2534","37/18773",0.0810810810810811,0.60068474156872,-0.96041131022811,0.892711875911571,0.999999999999988,0.880057037348484,"raraa/ctbp1/rxrbb",3
"GO:0048919","posterior lateral line neuromast development","3/2534","37/18773",0.0810810810810811,0.60068474156872,-0.96041131022811,0.892711875911571,0.999999999999988,0.880057037348484,"socs3a/tgfb1a/rtn4a",3
"GO:0051209","release of sequestered calcium ion into cytosol","3/2534","37/18773",0.0810810810810811,0.60068474156872,-0.96041131022811,0.892711875911571,0.999999999999988,0.880057037348484,"aplnrb/selenon/itpr3",3
"GO:0051875","pigment granule localization","3/2534","37/18773",0.0810810810810811,0.60068474156872,-0.96041131022811,0.892711875911571,0.999999999999988,0.880057037348484,"ube3d/rab11a/bbip1",3
"GO:0055082","intracellular chemical homeostasis","28/2534","253/18773",0.110671936758893,0.819906972681414,-1.13924099666471,0.893482731584102,0.999999999999988,0.880057037348484,"slc39a7/atp2a2b/zgc:56095/asph/atp6ap1b/ccdc47/atp6v0d1/slc30a7/htt/aplnrb/atp6v1ba/cherp/edn1/slc39a13/selenon/tcirg1b/smdt1b/cln3/itpr3/tfr1b/tmco1/cisd1/slc39a6/slc9a7/atp6v0a2b/atp6v1b2/dmxl2/atp6v0a1a",28
"GO:0007281","germ cell development","12/2534","119/18773",0.100840336134454,0.747070098757735,-1.09336862179947,0.894140151675426,0.999999999999988,0.880057037348484,"tp53/kif5ba/igf2bp3/nanos1/rnf8/dcaf13/pum1/ddx5/prmt7/ambra1b/pgrmc1/pafah1b1b",12
"GO:0003333","amino acid transmembrane transport","7/2534","75/18773",0.0933333333333333,0.691454880294659,-1.05762247845248,0.895244805044324,0.999999999999988,0.880057037348484,"slc38a7/slc38a2/si:dkeyp-120h9.1/slc38a3b/slc6a9/mfsd12a/slc1a3a",7
"GO:0007159","leukocyte cell-cell adhesion","7/2534","75/18773",0.0933333333333333,0.691454880294659,-1.05762247845248,0.895244805044324,0.999999999999988,0.880057037348484,"hspd1/cd276/zgc:153631/brd4/ambra1b/si:dkey-169i5.4/opa1",7
"GO:0003012","muscle system process","15/2534","145/18773",0.103448275862069,0.766390877173883,-1.11550012252343,0.895586467352039,0.999999999999988,0.880057037348484,"atp2a2b/eif4ebp3l/shroom4/edn1/myhz1.2/myhz1.3/tmod2/tmem161b/bin1b/tnnt2c/tnnt3b/erp44/desma/hhatla/flna",15
"GO:0017015","regulation of transforming growth factor beta receptor signaling pathway","2/2534","27/18773",0.0740740740740741,0.548773714519571,-0.926831752035388,0.896225902601538,0.999999999999988,0.880057037348484,"znf703/nrros",2
"GO:0032412","regulation of monoatomic ion transmembrane transporter activity","2/2534","27/18773",0.0740740740740741,0.548773714519571,-0.926831752035388,0.896225902601538,0.999999999999988,0.880057037348484,"selenon/nudt9",2
"GO:0032946","positive regulation of mononuclear cell proliferation","2/2534","27/18773",0.0740740740740741,0.548773714519571,-0.926831752035388,0.896225902601538,0.999999999999988,0.880057037348484,"cd276/si:dkey-169i5.4",2
"GO:0034308","primary alcohol metabolic process","2/2534","27/18773",0.0740740740740741,0.548773714519571,-0.926831752035388,0.896225902601538,0.999999999999988,0.880057037348484,"tpk1/park7",2
"GO:0048333","mesodermal cell differentiation","2/2534","27/18773",0.0740740740740741,0.548773714519571,-0.926831752035388,0.896225902601538,0.999999999999988,0.880057037348484,"etv5a/notch1a",2
"GO:0050671","positive regulation of lymphocyte proliferation","2/2534","27/18773",0.0740740740740741,0.548773714519571,-0.926831752035388,0.896225902601538,0.999999999999988,0.880057037348484,"cd276/si:dkey-169i5.4",2
"GO:0050851","antigen receptor-mediated signaling pathway","2/2534","27/18773",0.0740740740740741,0.548773714519571,-0.926831752035388,0.896225902601538,0.999999999999988,0.880057037348484,"ube2nb/slc39a6",2
"GO:0070665","positive regulation of leukocyte proliferation","2/2534","27/18773",0.0740740740740741,0.548773714519571,-0.926831752035388,0.896225902601538,0.999999999999988,0.880057037348484,"cd276/si:dkey-169i5.4",2
"GO:1903844","regulation of cellular response to transforming growth factor beta stimulus","2/2534","27/18773",0.0740740740740741,0.548773714519571,-0.926831752035388,0.896225902601538,0.999999999999988,0.880057037348484,"znf703/nrros",2
"GO:0034762","regulation of transmembrane transport","10/2534","102/18773",0.0980392156862745,0.72631815157002,-1.09481623248709,0.89696588501139,0.999999999999988,0.880057037348484,"wwp2/aplnrb/akt2/selenon/azin1b/azin1a/desma/nudt9/park7/dmxl2",10
"GO:0008283","cell population proliferation","52/2534","448/18773",0.116071428571429,0.859908811590935,-1.18551423182859,0.89725183496822,0.999999999999988,0.880057037348484,"hspd1/cd276/tp53/myca/gnl3/sart3/jun/atp6ap1b/tipin/nf2b/socs3a/tmem119b/aplnrb/mydgf/mcm5/tsc1a/zgc:153631/foxo1a/psmd10/smarca4a/meis2a/il6st/fzd7a/igf2bp1/mif/tgfb1a/mib1/hoxb8a/slc35f6/akirin1/cdh2/etv5a/nr3c1/prkci/wls/tfap2c/fgf10b/men1/phf14/lamb1a/ndrg4/il6r/si:ch73-382f3.1/ptk2ab/hdac1/pdf/fbn2b/si:dkey-169i5.4/ptenb/ptpn11a/pdgfbb/jak2a",52
"GO:0048332","mesoderm morphogenesis","5/2534","57/18773",0.087719298245614,0.649863609299492,-1.04579629120865,0.898933515471636,0.999999999999988,0.880057037348484,"acvr1l/tll1/cdh2/etv5a/notch1a",5
"GO:0071478","cellular response to radiation","5/2534","57/18773",0.087719298245614,0.649863609299492,-1.04579629120865,0.898933515471636,0.999999999999988,0.880057037348484,"mapk14a/si:dkey-9i23.15/pold3/badb/ciao2a",5
"GO:0007418","ventral midline development","1/2534","16/18773",0.0625,0.463027821625888,-0.848807139509736,0.901830590527686,0.999999999999988,0.880057037348484,"mib1",1
"GO:0008645","hexose transmembrane transport","1/2534","16/18773",0.0625,0.463027821625888,-0.848807139509736,0.901830590527686,0.999999999999988,0.880057037348484,"akt2",1
"GO:0016237","microautophagy","1/2534","16/18773",0.0625,0.463027821625888,-0.848807139509736,0.901830590527686,0.999999999999988,0.880057037348484,"snx7",1
"GO:0019228","neuronal action potential","1/2534","16/18773",0.0625,0.463027821625888,-0.848807139509736,0.901830590527686,0.999999999999988,0.880057037348484,"depdc5",1
"GO:0030431","sleep","1/2534","16/18773",0.0625,0.463027821625888,-0.848807139509736,0.901830590527686,0.999999999999988,0.880057037348484,"parp1",1
"GO:0031128","developmental induction","1/2534","16/18773",0.0625,0.463027821625888,-0.848807139509736,0.901830590527686,0.999999999999988,0.880057037348484,"rab5ab",1
"GO:0034340","response to type I interferon","1/2534","16/18773",0.0625,0.463027821625888,-0.848807139509736,0.901830590527686,0.999999999999988,0.880057037348484,"pias4a",1
"GO:0034727","piecemeal microautophagy of the nucleus","1/2534","16/18773",0.0625,0.463027821625888,-0.848807139509736,0.901830590527686,0.999999999999988,0.880057037348484,"snx7",1
"GO:0045773","positive regulation of axon extension","1/2534","16/18773",0.0625,0.463027821625888,-0.848807139509736,0.901830590527686,0.999999999999988,0.880057037348484,"si:dkey-40c11.2",1
"GO:0046337","phosphatidylethanolamine metabolic process","1/2534","16/18773",0.0625,0.463027821625888,-0.848807139509736,0.901830590527686,0.999999999999988,0.880057037348484,"pcyt2",1
"GO:0048263","determination of dorsal identity","1/2534","16/18773",0.0625,0.463027821625888,-0.848807139509736,0.901830590527686,0.999999999999988,0.880057037348484,"hdac1",1
"GO:0051445","regulation of meiotic cell cycle","1/2534","16/18773",0.0625,0.463027821625888,-0.848807139509736,0.901830590527686,0.999999999999988,0.880057037348484,"cdc25b",1
"GO:0060061","Spemann organizer formation","1/2534","16/18773",0.0625,0.463027821625888,-0.848807139509736,0.901830590527686,0.999999999999988,0.880057037348484,"rab5ab",1
"GO:0060337","type I interferon-mediated signaling pathway","1/2534","16/18773",0.0625,0.463027821625888,-0.848807139509736,0.901830590527686,0.999999999999988,0.880057037348484,"pias4a",1
"GO:0071357","cellular response to type I interferon","1/2534","16/18773",0.0625,0.463027821625888,-0.848807139509736,0.901830590527686,0.999999999999988,0.880057037348484,"pias4a",1
"GO:1901679","nucleotide transmembrane transport","1/2534","16/18773",0.0625,0.463027821625888,-0.848807139509736,0.901830590527686,0.999999999999988,0.880057037348484,"slc25a36a",1
"GO:1904659","D-glucose transmembrane transport","1/2534","16/18773",0.0625,0.463027821625888,-0.848807139509736,0.901830590527686,0.999999999999988,0.880057037348484,"akt2",1
"GO:0010927","cellular component assembly involved in morphogenesis","13/2534","129/18773",0.10077519379845,0.746587495334765,-1.14085982414357,0.902161504065508,0.999999999999988,0.880057037348484,"hspd1/qki2/vcp/tango2/neb/tmod2/itgb1b/tnnt2c/tnnt3b/mef2aa/qkia/mybpc2b/desma",13
"GO:0032989","cellular anatomical entity morphogenesis","13/2534","129/18773",0.10077519379845,0.746587495334765,-1.14085982414357,0.902161504065508,0.999999999999988,0.880057037348484,"hspd1/qki2/vcp/tango2/neb/tmod2/itgb1b/tnnt2c/tnnt3b/mef2aa/qkia/mybpc2b/desma",13
"GO:1901988","negative regulation of cell cycle phase transition","9/2534","94/18773",0.0957446808510638,0.709319216107743,-1.11604672039547,0.902534296161492,0.999999999999988,0.880057037348484,"tp53/ccnd1/mre11a/tipin/plk3/rbl1/nabp1a/ufl1/orc1",9
"GO:0042594","response to starvation","7/2534","76/18773",0.0921052631578947,0.682356789764466,-1.09607266196451,0.902661968761411,0.999999999999988,0.880057037348484,"seh1l/atf4a/nprl2/depdc5/dap/gcn1/pak2a",7
"GO:0051208","sequestering of calcium ion","3/2534","38/18773",0.0789473684210526,0.584877248369543,-1.01185998847847,0.902945391947261,0.999999999999988,0.880057037348484,"aplnrb/selenon/itpr3",3
"GO:0051282","regulation of sequestering of calcium ion","3/2534","38/18773",0.0789473684210526,0.584877248369543,-1.01185998847847,0.902945391947261,0.999999999999988,0.880057037348484,"aplnrb/selenon/itpr3",3
"GO:0051283","negative regulation of sequestering of calcium ion","3/2534","38/18773",0.0789473684210526,0.584877248369543,-1.01185998847847,0.902945391947261,0.999999999999988,0.880057037348484,"aplnrb/selenon/itpr3",3
"GO:1903530","regulation of secretion by cell","10/2534","103/18773",0.0970873786407767,0.719266519030506,-1.12854687176368,0.90335467650655,0.999999999999988,0.880057037348484,"ptbp1a/slc38a2/edn1/rap1b/rap1ab/ralaa/marcksb/rap1aa/il1rapl1a/caska",10
"GO:0021549","cerebellum development","4/2534","48/18773",0.0833333333333333,0.617370428834517,-1.04849695530077,0.903807668306877,0.999999999999988,0.880057037348484,"nop56/brf1b/chmp1a/cep290",4
"GO:0031290","retinal ganglion cell axon guidance","4/2534","48/18773",0.0833333333333333,0.617370428834517,-1.04849695530077,0.903807668306877,0.999999999999988,0.880057037348484,"cpsf1/top2b/lamb1a/slbp",4
"GO:0007276","gamete generation","20/2534","189/18773",0.105820105820106,0.783962449313673,-1.17915116842827,0.904254553310109,0.999999999999988,0.880057037348484,"tp53/kif5ba/ddx3xb/igf2bp3/nanos1/rnf8/lgr4/dcaf13/tert/igf1rb/pum1/vipas39/ddx5/prmt7/ambra1b/rnf114/kdm6a/pgrmc1/pafah1b1b/prdm9",20
"GO:0009725","response to hormone","32/2534","289/18773",0.110726643598616,0.820312265302611,-1.21604126424103,0.906467353935231,0.999999999999988,0.880057037348484,"adipor1a/pik3r2/lman1/jun/agtrap/avpr1ab/gsk3ab/ssr1/hdlbpa/slc31a1/esr1/inpp5ka/raraa/bcl3/ctbp1/jak1/adgrl3.1/sult2st3/pik3r1/nr3c1/prkci/lpin2/pgrmc1/cnot9/insig1/rxfp2a/porb/nr5a2/nr4a1/ssr4/rxrbb/jak2a",32
"GO:0050801","monoatomic ion homeostasis","32/2534","289/18773",0.110726643598616,0.820312265302611,-1.21604126424103,0.906467353935231,0.999999999999988,0.880057037348484,"slc39a7/atp2a2b/zgc:56095/asph/atp6ap1b/ccdc47/atp6v0d1/slc30a7/htt/aplnrb/psen2/atp6v1ba/cherp/edn1/slc39a13/selenon/tcirg1b/smdt1b/cln3/itpr3/tfr1b/tmco1/psen1/slc12a7a/cisd1/slc39a6/nr3c1/slc9a7/atp6v0a2b/atp6v1b2/dmxl2/atp6v0a1a",32
"GO:0005978","glycogen biosynthetic process","2/2534","28/18773",0.0714285714285714,0.529174653286729,-0.984861284310281,0.907561814030092,0.999999999999988,0.880057037348484,"inpp5ka/ppp1r3cb",2
"GO:0009250","glucan biosynthetic process","2/2534","28/18773",0.0714285714285714,0.529174653286729,-0.984861284310281,0.907561814030092,0.999999999999988,0.880057037348484,"inpp5ka/ppp1r3cb",2
"GO:0021854","hypothalamus development","2/2534","28/18773",0.0714285714285714,0.529174653286729,-0.984861284310281,0.907561814030092,0.999999999999988,0.880057037348484,"lgr4/rbfox1",2
"GO:0021872","forebrain generation of neurons","2/2534","28/18773",0.0714285714285714,0.529174653286729,-0.984861284310281,0.907561814030092,0.999999999999988,0.880057037348484,"lgr4/zdhhc16a",2
"GO:0072089","stem cell proliferation","2/2534","28/18773",0.0714285714285714,0.529174653286729,-0.984861284310281,0.907561814030092,0.999999999999988,0.880057037348484,"tp53/sart3",2
"GO:0072114","pronephros morphogenesis","2/2534","28/18773",0.0714285714285714,0.529174653286729,-0.984861284310281,0.907561814030092,0.999999999999988,0.880057037348484,"snap29/camk2g1",2
"GO:0099637","neurotransmitter receptor transport","2/2534","28/18773",0.0714285714285714,0.529174653286729,-0.984861284310281,0.907561814030092,0.999999999999988,0.880057037348484,"ap3d1/rab11a",2
"GO:0110020","regulation of actomyosin structure organization","2/2534","28/18773",0.0714285714285714,0.529174653286729,-0.984861284310281,0.907561814030092,0.999999999999988,0.880057037348484,"hspd1/neb",2
"GO:0043086","negative regulation of catalytic activity","10/2534","104/18773",0.0961538461538462,0.712350494809058,-1.16198015301851,0.909408764319816,0.999999999999988,0.880057037348484,"serpinh1b/mcm2/tegt/rtraf/usp44/zgpat/appb/serpinh1a/serpinb1l3/serpinf1",10
"GO:0042110","T cell activation","14/2534","139/18773",0.100719424460432,0.74617433125323,-1.18650297302845,0.909491586225701,0.999999999999988,0.880057037348484,"hspd1/cd276/chd7/phf6/dnmt1/lsm8/zgc:153631/jak1/slc39a6/brd4/ambra1b/rabl3/si:dkey-169i5.4/opa1",14
"GO:2000147","positive regulation of cell motility","14/2534","139/18773",0.100719424460432,0.74617433125323,-1.18650297302845,0.909491586225701,0.999999999999988,0.880057037348484,"sema3ab/sema3fb/asap1a/oxsr1a/ccdc25/zgc:153631/flt4/akirin1/nrp1b/sema4c/il6r/sema3fa/znf703/pdgfbb",14
"GO:0006672","ceramide metabolic process","7/2534","77/18773",0.0909090909090909,0.673495013274019,-1.13406975627142,0.909626493884007,0.999999999999988,0.880057037348484,"smpd5/agk/sptlc2b/sptlc2a/hexa/neu1/asah1b",7
"GO:0048878","chemical homeostasis","48/2534","420/18773",0.114285714285714,0.846679445258766,-1.25530839139284,0.910194494460428,0.999999999999988,0.880057037348484,"slc39a7/mtch2/atp2a2b/zgc:56095/asph/atp6ap1b/npc1/ccdc47/stab2/atp6v0d1/slc30a7/htt/aplnrb/psen2/atp6v1ba/cherp/edn1/psmd10/bloc1s1/slc39a13/igf1rb/akt2/selenon/tcirg1b/smdt1b/cln3/itpr3/tfr1b/tmco1/psen1/slc12a7a/cisd1/nfkb2/slc39a6/nr3c1/slc9a7/apobb.1/atp6v0a2b/nr1h3/apoeb/lamtor1/fis1/park7/stab1/atp6v1b2/dmxl2/atp6v0a1a/notch2",48
"GO:0002682","regulation of immune system process","47/2534","412/18773",0.114077669902913,0.845138159860844,-1.25552046264142,0.910373525210332,0.999999999999988,0.880057037348484,"hspd1/cd276/kars1/lyn/ube2nb/zbtb2b/pycard/phf6/parp1/kdm1a/spns2/qki2/cnbpb/asap1a/pias4a/lpar2a/oxsr1a/gramd4b/lgr4/zgc:153631/csk/stk10/zmiz1a/trafd1/tbk1/nipblb/ddx46/akirin1/sele/slc39a6/brd4/ambra1b/tlr5a/grnb/qkia/rac1a/irf2bp2b/hmox1a/il6r/crfb1/si:dkey-169i5.4/c7a/n4bp1/trim25/opa1/tlr5b/nek7",47
"GO:0050778","positive regulation of immune response","17/2534","165/18773",0.103030303030303,0.763294348377221,-1.20636766463154,0.910769632580809,0.999999999999988,0.880057037348484,"ube2nb/pycard/cnbpb/gramd4b/lgr4/csk/tbk1/sele/slc39a6/brd4/tlr5a/crfb1/c7a/trim25/opa1/tlr5b/nek7",17
"GO:0008037","cell recognition","6/2534","68/18773",0.0882352941176471,0.653686336413018,-1.13011896725064,0.91139009904206,0.999999999999988,0.880057037348484,"robo4/robo1/nrp2b/efnb2a/cdh2/gap43",6
"GO:0033334","fin morphogenesis","6/2534","68/18773",0.0882352941176471,0.653686336413018,-1.13011896725064,0.91139009904206,0.999999999999988,0.880057037348484,"acvr1l/tll1/nipblb/cdh2/sec23a/nipbla",6
"GO:0001822","kidney development","23/2534","216/18773",0.106481481481481,0.788862214621883,-1.23287172017293,0.91227521512559,0.999999999999988,0.880057037348484,"prkcsh/psmd12/iqgap2/elovl1b/myh9a/myo1cb/atp6v0d1/tsc1a/crk/acp1/kirrel3l/tbx2b/slc43a1a/snap29/mib1/etv5a/prkci/cd2ap/usp40/camk2g1/ctns/mafba/cep290",23
"GO:0007259","cell surface receptor signaling pathway via JAK-STAT","3/2534","39/18773",0.0769230769230769,0.569880395847247,-1.06214845115625,0.91228813720422,0.999999999999988,0.880057037348484,"socs3a/jak1/jak2a",3
"GO:0030048","actin filament-based movement","3/2534","39/18773",0.0769230769230769,0.569880395847247,-1.06214845115625,0.91228813720422,0.999999999999988,0.880057037348484,"myo7aa/myo1cb/myo6b",3
"GO:0097696","cell surface receptor signaling pathway via STAT","3/2534","39/18773",0.0769230769230769,0.569880395847247,-1.06214845115625,0.91228813720422,0.999999999999988,0.880057037348484,"socs3a/jak1/jak2a",3
"GO:0030335","positive regulation of cell migration","13/2534","131/18773",0.099236641221374,0.735189212963242,-1.2014453066285,0.912949192499296,0.999999999999988,0.880057037348484,"sema3ab/sema3fb/asap1a/oxsr1a/zgc:153631/flt4/akirin1/nrp1b/sema4c/il6r/sema3fa/znf703/pdgfbb",13
"GO:1902533","positive regulation of intracellular signal transduction","32/2534","291/18773",0.109965635738832,0.814674380317713,-1.25859618107492,0.913731443225895,0.999999999999988,0.880057037348484,"mtdhb/ube2nb/seh1l/cds2/lamtor4/tpd52l1/robo4/nck1b/tab2/map3k7/arrb2a/shrprbck1r/flt4/smarca4a/akap13/igf1rb/mtdha/akap12b/lamtor2/lamtor3/brd4/nr3c1/chp2/rell1/fgf10b/fgfr4/ndrg4/lamtor1/ikbkb/nek7/adrb2a/pdgfbb",32
"GO:0051249","regulation of lymphocyte activation","9/2534","96/18773",0.09375,0.694541732438832,-1.1852579542546,0.91487536732133,0.999999999999988,0.880057037348484,"hspd1/cd276/phf6/zgc:153631/ddx46/brd4/ambra1b/si:dkey-169i5.4/opa1",9
"GO:0001941","postsynaptic membrane organization","1/2534","17/18773",0.0588235294117647,0.435790890942012,-0.919334121135941,0.915092907721419,0.999999999999988,0.880057037348484,"mesd",1
"GO:0007129","homologous chromosome pairing at meiosis","1/2534","17/18773",0.0588235294117647,0.435790890942012,-0.919334121135941,0.915092907721419,0.999999999999988,0.880057037348484,"prdm9",1
"GO:0021984","adenohypophysis development","1/2534","17/18773",0.0588235294117647,0.435790890942012,-0.919334121135941,0.915092907721419,0.999999999999988,0.880057037348484,"usp39",1
"GO:0048246","macrophage chemotaxis","1/2534","17/18773",0.0588235294117647,0.435790890942012,-0.919334121135941,0.915092907721419,0.999999999999988,0.880057037348484,"akirin1",1
"GO:0050918","positive chemotaxis","1/2534","17/18773",0.0588235294117647,0.435790890942012,-0.919334121135941,0.915092907721419,0.999999999999988,0.880057037348484,"fgf10b",1
"GO:0051347","positive regulation of transferase activity","1/2534","17/18773",0.0588235294117647,0.435790890942012,-0.919334121135941,0.915092907721419,0.999999999999988,0.880057037348484,"fzr1b",1
"GO:0055064","chloride ion homeostasis","1/2534","17/18773",0.0588235294117647,0.435790890942012,-0.919334121135941,0.915092907721419,0.999999999999988,0.880057037348484,"slc12a7a",1
"GO:0060232","delamination","1/2534","17/18773",0.0588235294117647,0.435790890942012,-0.919334121135941,0.915092907721419,0.999999999999988,0.880057037348484,"tet3",1
"GO:0072102","glomerulus morphogenesis","1/2534","17/18773",0.0588235294117647,0.435790890942012,-0.919334121135941,0.915092907721419,0.999999999999988,0.880057037348484,"myh9a",1
"GO:2000050","regulation of non-canonical Wnt signaling pathway","1/2534","17/18773",0.0588235294117647,0.435790890942012,-0.919334121135941,0.915092907721419,0.999999999999988,0.880057037348484,"vangl2",1
"GO:0022412","cellular process involved in reproduction in multicellular organism","12/2534","123/18773",0.0975609756097561,0.722775136196508,-1.2184964088472,0.916771144836683,0.999999999999988,0.880057037348484,"tp53/kif5ba/igf2bp3/nanos1/rnf8/dcaf13/pum1/ddx5/prmt7/ambra1b/pgrmc1/pafah1b1b",12
"GO:0050808","synapse organization","20/2534","192/18773",0.104166666666667,0.771713036043147,-1.25596090816649,0.917424377514125,0.999999999999988,0.880057037348484,"gars1/nop56/arhgef9b/myo7aa/ppfibp1a/fmr1/inpp5ka/tmem108/abhd17c/cdh2/myo9aa/mesd/zc4h2/trip4/fbxo45/cyfip1/si:dkey-40c11.2/ptprfa/als2a/sncgb",20
"GO:0015868","purine ribonucleotide transport","2/2534","29/18773",0.0689655172413793,0.510927251449256,-1.04116668358686,0.917729652754003,0.999999999999988,0.880057037348484,"slc17a9b/slc35b3",2
"GO:0021537","telencephalon development","2/2534","29/18773",0.0689655172413793,0.510927251449256,-1.04116668358686,0.917729652754003,0.999999999999988,0.880057037348484,"btbd3a/zdhhc16a",2
"GO:0021761","limbic system development","2/2534","29/18773",0.0689655172413793,0.510927251449256,-1.04116668358686,0.917729652754003,0.999999999999988,0.880057037348484,"lgr4/rbfox1",2
"GO:0007169","cell surface receptor protein tyrosine kinase signaling pathway","38/2534","342/18773",0.111111111111111,0.823160571779356,-1.30375696822843,0.919712181772516,0.999999999999988,0.880057037348484,"ncl/nrp2a/pik3r2/cds2/shc1/gsk3ab/nck1b/htt/mcm5/flt4/zgpat/efna1b/cemip2/igf1rb/mvb12ba/nrp2b/inpp5ka/jak1/rerea/iqgap1/efnb2a/pik3r1/mertka/ephb4a/cnpy1/abl2/efna3b/fgf10b/phf14/dusp6/nrp1b/epha2b/fgfr4/zdhhc16a/cd63/spry4/pdgfbb/jak2a",38
"GO:0002695","negative regulation of leukocyte activation","4/2534","50/18773",0.08,0.592675611681136,-1.13924369748039,0.919969131970015,0.999999999999988,0.880057037348484,"cd276/zgc:153631/grnb/si:dkey-169i5.4",4
"GO:0008277","regulation of G protein-coupled receptor signaling pathway","4/2534","50/18773",0.08,0.592675611681136,-1.13924369748039,0.919969131970015,0.999999999999988,0.880057037348484,"arrb2a/mgrn1a/pdcl/git2b",4
"GO:0030166","proteoglycan biosynthetic process","4/2534","50/18773",0.08,0.592675611681136,-1.13924369748039,0.919969131970015,0.999999999999988,0.880057037348484,"hs2st1a/cant1a/csgalnact1a/hs6st1a",4
"GO:0048484","enteric nervous system development","4/2534","50/18773",0.08,0.592675611681136,-1.13924369748039,0.919969131970015,0.999999999999988,0.880057037348484,"rad21a/ncln/tbx2b/nup98",4
"GO:0050866","negative regulation of cell activation","4/2534","50/18773",0.08,0.592675611681136,-1.13924369748039,0.919969131970015,0.999999999999988,0.880057037348484,"cd276/zgc:153631/grnb/si:dkey-169i5.4",4
"GO:0072001","renal system development","23/2534","218/18773",0.105504587155963,0.781624946597829,-1.28109025848548,0.920157145660461,0.999999999999988,0.880057037348484,"prkcsh/psmd12/iqgap2/elovl1b/myh9a/myo1cb/atp6v0d1/tsc1a/crk/acp1/kirrel3l/tbx2b/slc43a1a/snap29/mib1/etv5a/prkci/cd2ap/usp40/camk2g1/ctns/mafba/cep290",23
"GO:0010948","negative regulation of cell cycle process","10/2534","106/18773",0.0943396226415094,0.698909919435303,-1.22797932243851,0.92056170140454,0.999999999999988,0.880057037348484,"tp53/ccnd1/mre11a/tipin/plk3/rbl1/mdm1/nabp1a/ufl1/orc1",10
"GO:1901699","cellular response to nitrogen compound","15/2534","150/18773",0.1,0.740844514601421,-1.25880990283635,0.92079210461101,0.999999999999988,0.880057037348484,"pik3r2/agtrap/gsk3ab/rap1b/rap1ab/inpp5ka/jak1/pik3r1/prkci/lpin2/rap1aa/insig1/nr4a1/gnao1a/jak2a",15
"GO:0050868","negative regulation of T cell activation","3/2534","40/18773",0.075,0.555633385951065,-1.11133934109517,0.920805444303816,0.999999999999988,0.880057037348484,"cd276/zgc:153631/si:dkey-169i5.4",3
"GO:1903038","negative regulation of leukocyte cell-cell adhesion","3/2534","40/18773",0.075,0.555633385951065,-1.11133934109517,0.920805444303816,0.999999999999988,0.880057037348484,"cd276/zgc:153631/si:dkey-169i5.4",3
"GO:0045930","negative regulation of mitotic cell cycle","8/2534","88/18773",0.0909090909090909,0.673495013274019,-1.21272837952727,0.921040438616341,0.999999999999988,0.880057037348484,"ccnd1/mre11a/tipin/plk3/rbl1/nabp1a/orc1/brinp3b",8
"GO:0007292","female gamete generation","7/2534","79/18773",0.0886075949367089,0.656444506608854,-1.20875493677076,0.922278675013004,0.999999999999988,0.880057037348484,"tp53/nanos1/dcaf13/pum1/ddx5/pgrmc1/prdm9",7
"GO:0002252","immune effector process","13/2534","133/18773",0.0977443609022556,0.724133736076577,-1.26118964655862,0.922725773605391,0.999999999999988,0.880057037348484,"kars1/tcima/cybc1/rnf8/jagn1b/zgc:153631/il4r.1/sele/brd4/c7a/ptenb/opa1/nsmaf",13
"GO:0002460","adaptive immune response based on somatic recombination of immune receptors built from immunoglobulin superfamily domains","6/2534","70/18773",0.0857142857142857,0.635009583944075,-1.20851983045313,0.924507770407963,0.999999999999988,0.880057037348484,"rnf8/il4r.1/sele/brd4/c7a/opa1",6
"GO:0007009","plasma membrane organization","6/2534","70/18773",0.0857142857142857,0.635009583944075,-1.20851983045313,0.924507770407963,0.999999999999988,0.880057037348484,"dag1/dysf/mtss1/baiap2a/mtss1lb/pacsin2",6
"GO:0048477","oogenesis","6/2534","70/18773",0.0857142857142857,0.635009583944075,-1.20851983045313,0.924507770407963,0.999999999999988,0.880057037348484,"tp53/nanos1/dcaf13/pum1/ddx5/pgrmc1",6
"GO:0071214","cellular response to abiotic stimulus","6/2534","70/18773",0.0857142857142857,0.635009583944075,-1.20851983045313,0.924507770407963,0.999999999999988,0.880057037348484,"mapk14a/si:dkey-9i23.15/oxsr1a/pold3/badb/ciao2a",6
"GO:0104004","cellular response to environmental stimulus","6/2534","70/18773",0.0857142857142857,0.635009583944075,-1.20851983045313,0.924507770407963,0.999999999999988,0.880057037348484,"mapk14a/si:dkey-9i23.15/oxsr1a/pold3/badb/ciao2a",6
"GO:0035270","endocrine system development","12/2534","125/18773",0.096,0.711210734017364,-1.27967256825162,0.92646796539274,0.999999999999988,0.880057037348484,"cdkal1/usp39/fscn1a/tbx2b/pepd/itga5/thada/cdk5/pax6b/dhps/ide/notch2",12
"GO:0030334","regulation of cell migration","29/2534","270/18773",0.107407407407407,0.795721886053378,-1.3355544055358,0.9265549300508,0.999999999999988,0.880057037348484,"hspd1/lyn/sema3ab/sema3fb/spns2/slkb/robo4/asap1a/rap2b/oxsr1a/zgc:153631/dpysl2b/flt4/stk10/tgfb1a/akirin1/rtn4a/fgf10b/rac1a/nrp1b/sema4c/hmox1a/il6r/prcp/sema3fa/znf703/srgap3/slka/pdgfbb",29
"GO:0006760","folic acid-containing compound metabolic process","1/2534","18/18773",0.0555555555555556,0.411580285889678,-0.986606267719892,0.926564147422524,0.999999999999988,0.880057037348484,"mthfs",1
"GO:0015810","aspartate transmembrane transport","1/2534","18/18773",0.0555555555555556,0.411580285889678,-0.986606267719892,0.926564147422524,0.999999999999988,0.880057037348484,"slc1a3a",1
"GO:0030168","platelet activation","1/2534","18/18773",0.0555555555555556,0.411580285889678,-0.986606267719892,0.926564147422524,0.999999999999988,0.880057037348484,"dcbld2",1
"GO:0043270","positive regulation of monoatomic ion transport","1/2534","18/18773",0.0555555555555556,0.411580285889678,-0.986606267719892,0.926564147422524,0.999999999999988,0.880057037348484,"aplnrb",1
"GO:0046330","positive regulation of JNK cascade","1/2534","18/18773",0.0555555555555556,0.411580285889678,-0.986606267719892,0.926564147422524,0.999999999999988,0.880057037348484,"tpd52l1",1
"GO:0046461","neutral lipid catabolic process","1/2534","18/18773",0.0555555555555556,0.411580285889678,-0.986606267719892,0.926564147422524,0.999999999999988,0.880057037348484,"abhd16a",1
"GO:0046464","acylglycerol catabolic process","1/2534","18/18773",0.0555555555555556,0.411580285889678,-0.986606267719892,0.926564147422524,0.999999999999988,0.880057037348484,"abhd16a",1
"GO:0055090","acylglycerol homeostasis","1/2534","18/18773",0.0555555555555556,0.411580285889678,-0.986606267719892,0.926564147422524,0.999999999999988,0.880057037348484,"apoeb",1
"GO:0031346","positive regulation of cell projection organization","8/2534","89/18773",0.0898876404494382,0.665927653574311,-1.24789929280572,0.926574642884776,0.999999999999988,0.880057037348484,"twf1b/il6st/akirin1/tapt1a/nrp1b/selenow2a/cdc42ep1a/si:dkey-40c11.2",8
"GO:0002072","optic cup morphogenesis involved in camera-type eye development","2/2534","30/18773",0.0666666666666667,0.493896343067614,-1.09587113355491,0.926838070381681,0.999999999999988,0.880057037348484,"mib1/rerea",2
"GO:0006956","complement activation","2/2534","30/18773",0.0666666666666667,0.493896343067614,-1.09587113355491,0.926838070381681,0.999999999999988,0.880057037348484,"sele/c7a",2
"GO:0015865","purine nucleotide transport","2/2534","30/18773",0.0666666666666667,0.493896343067614,-1.09587113355491,0.926838070381681,0.999999999999988,0.880057037348484,"slc17a9b/slc35b3",2
"GO:0030278","regulation of ossification","2/2534","30/18773",0.0666666666666667,0.493896343067614,-1.09587113355491,0.926838070381681,0.999999999999988,0.880057037348484,"tmem119b/galnt2",2
"GO:0051503","adenine nucleotide transport","2/2534","30/18773",0.0666666666666667,0.493896343067614,-1.09587113355491,0.926838070381681,0.999999999999988,0.880057037348484,"slc17a9b/slc35b3",2
"GO:0060788","ectodermal placode formation","2/2534","30/18773",0.0666666666666667,0.493896343067614,-1.09587113355491,0.926838070381681,0.999999999999988,0.880057037348484,"tfap2c/sox3",2
"GO:0002768","immune response-regulating cell surface receptor signaling pathway","4/2534","51/18773",0.0784313725490196,0.581054521256016,-1.18343773383716,0.92709941539848,0.999999999999988,0.880057037348484,"ube2nb/csk/slc39a6/tlr5b",4
"GO:0015695","organic cation transport","4/2534","51/18773",0.0784313725490196,0.581054521256016,-1.18343773383716,0.92709941539848,0.999999999999988,0.880057037348484,"slc38a2/slc6a9/mfsd12a/slc25a20",4
"GO:0015807","L-amino acid transport","4/2534","51/18773",0.0784313725490196,0.581054521256016,-1.18343773383716,0.92709941539848,0.999999999999988,0.880057037348484,"slc38a2/slc6a9/ctns/slc1a3a",4
"GO:0009166","nucleotide catabolic process","7/2534","80/18773",0.0875,0.648238950276243,-1.24546686050849,0.928006407364562,0.999999999999988,0.880057037348484,"dut/hint1/pkma/pde4d/cnp/tigarb/fhit",7
"GO:0006835","dicarboxylic acid transport","3/2534","41/18773",0.0731707317073171,0.542081352147381,-1.15949030225051,0.928559697823647,0.999999999999988,0.880057037348484,"slc38a2/slc25a11/slc1a3a",3
"GO:0046649","lymphocyte activation","18/2534","178/18773",0.101123595505618,0.7491686102711,-1.32822830605103,0.929521604626009,0.999999999999988,0.880057037348484,"hspd1/cd276/slc39a7/chd7/phf6/sart3/dnmt1/lsm8/rnf8/zgc:153631/jak1/ddx46/slc39a6/brd4/ambra1b/rabl3/si:dkey-169i5.4/opa1",18
"GO:0051046","regulation of secretion","10/2534","108/18773",0.0925925925925926,0.685967143149464,-1.29286121730228,0.930522440214747,0.999999999999988,0.880057037348484,"ptbp1a/slc38a2/edn1/rap1b/rap1ab/ralaa/marcksb/rap1aa/il1rapl1a/caska",10
"GO:0051260","protein homooligomerization","8/2534","90/18773",0.0888888888888889,0.658528457423485,-1.28271862707385,0.931769206681812,0.999999999999988,0.880057037348484,"atl3/atp5if1a/kctd6b/aldh9a1b/rbmx/kctd5a/evla/kctd10",8
"GO:0040017","positive regulation of locomotion","14/2534","144/18773",0.0972222222222222,0.720265500306937,-1.33110232836491,0.932362880281647,0.999999999999988,0.880057037348484,"sema3ab/sema3fb/asap1a/oxsr1a/ccdc25/zgc:153631/flt4/akirin1/nrp1b/sema4c/il6r/sema3fa/znf703/pdgfbb",14
"GO:0046513","ceramide biosynthetic process","4/2534","52/18773",0.0769230769230769,0.569880395847247,-1.22688914708487,0.933651567738151,0.999999999999988,0.880057037348484,"smpd5/agk/sptlc2b/sptlc2a",4
"GO:0061982","meiosis I cell cycle process","4/2534","52/18773",0.0769230769230769,0.569880395847247,-1.22688914708487,0.933651567738151,0.999999999999988,0.880057037348484,"cdc25b/mre11a/top2b/prdm9",4
"GO:1904062","regulation of monoatomic cation transmembrane transport","5/2534","62/18773",0.0806451612903226,0.597455253710823,-1.25412390317935,0.934116807946612,0.999999999999988,0.880057037348484,"aplnrb/selenon/desma/park7/dmxl2",5
"GO:0007131","reciprocal meiotic recombination","2/2534","31/18773",0.0645161290322581,0.477964202968658,-1.14908485785981,0.934987681629408,0.999999999999988,0.880057037348484,"top2b/prdm9",2
"GO:0015833","peptide transport","2/2534","31/18773",0.0645161290322581,0.477964202968658,-1.14908485785981,0.934987681629408,0.999999999999988,0.880057037348484,"park7/slc15a4",2
"GO:0042310","vasoconstriction","2/2534","31/18773",0.0645161290322581,0.477964202968658,-1.14908485785981,0.934987681629408,0.999999999999988,0.880057037348484,"avpr1ab/edn1",2
"GO:0043549","regulation of kinase activity","2/2534","31/18773",0.0645161290322581,0.477964202968658,-1.14908485785981,0.934987681629408,0.999999999999988,0.880057037348484,"rtraf/zgpat",2
"GO:0045859","regulation of protein kinase activity","2/2534","31/18773",0.0645161290322581,0.477964202968658,-1.14908485785981,0.934987681629408,0.999999999999988,0.880057037348484,"rtraf/zgpat",2
"GO:0060795","cell fate commitment involved in formation of primary germ layer","2/2534","31/18773",0.0645161290322581,0.477964202968658,-1.14908485785981,0.934987681629408,0.999999999999988,0.880057037348484,"dusp6/notch1a",2
"GO:0099024","plasma membrane invagination","2/2534","31/18773",0.0645161290322581,0.477964202968658,-1.14908485785981,0.934987681629408,0.999999999999988,0.880057037348484,"dchs1b/ywhaba",2
"GO:0140527","reciprocal homologous recombination","2/2534","31/18773",0.0645161290322581,0.477964202968658,-1.14908485785981,0.934987681629408,0.999999999999988,0.880057037348484,"top2b/prdm9",2
"GO:0001935","endothelial cell proliferation","3/2534","42/18773",0.0714285714285714,0.529174653286729,-1.20665449566411,0.935610149145485,0.999999999999988,0.880057037348484,"aplnrb/mydgf/si:ch73-382f3.1",3
"GO:0042129","regulation of T cell proliferation","3/2534","42/18773",0.0714285714285714,0.529174653286729,-1.20665449566411,0.935610149145485,0.999999999999988,0.880057037348484,"cd276/zgc:153631/si:dkey-169i5.4",3
"GO:0006935","chemotaxis","22/2534","214/18773",0.102803738317757,0.761615856132302,-1.38543419577311,0.93577245636673,0.999999999999988,0.880057037348484,"hspd1/lyn/nop56/sema3ab/sema3fb/ddx3xb/oxsr1a/lta4h/ch25h/efnb2a/akirin1/cul1a/zgc:195173/pik3cg/ccr8.1/fgf10b/rac1a/srp54/sema4c/il6r/sema3fa/nsmaf",22
"GO:0042330","taxis","22/2534","214/18773",0.102803738317757,0.761615856132302,-1.38543419577311,0.93577245636673,0.999999999999988,0.880057037348484,"hspd1/lyn/nop56/sema3ab/sema3fb/ddx3xb/oxsr1a/lta4h/ch25h/efnb2a/akirin1/cul1a/zgc:195173/pik3cg/ccr8.1/fgf10b/rac1a/srp54/sema4c/il6r/sema3fa/nsmaf",22
"GO:0007405","neuroblast proliferation","1/2534","19/18773",0.0526315789473684,0.389918165579695,-1.05098586607723,0.936486112254906,0.999999999999988,0.880057037348484,"prkci",1
"GO:0016082","synaptic vesicle priming","1/2534","19/18773",0.0526315789473684,0.389918165579695,-1.05098586607723,0.936486112254906,0.999999999999988,0.880057037348484,"snap29",1
"GO:0019359","nicotinamide nucleotide biosynthetic process","1/2534","19/18773",0.0526315789473684,0.389918165579695,-1.05098586607723,0.936486112254906,0.999999999999988,0.880057037348484,"nadka",1
"GO:0019363","pyridine nucleotide biosynthetic process","1/2534","19/18773",0.0526315789473684,0.389918165579695,-1.05098586607723,0.936486112254906,0.999999999999988,0.880057037348484,"nadka",1
"GO:0021952","central nervous system projection neuron axonogenesis","1/2534","19/18773",0.0526315789473684,0.389918165579695,-1.05098586607723,0.936486112254906,0.999999999999988,0.880057037348484,"mapk3",1
"GO:0021983","pituitary gland development","1/2534","19/18773",0.0526315789473684,0.389918165579695,-1.05098586607723,0.936486112254906,0.999999999999988,0.880057037348484,"usp39",1
"GO:0032482","Rab protein signal transduction","1/2534","19/18773",0.0526315789473684,0.389918165579695,-1.05098586607723,0.936486112254906,0.999999999999988,0.880057037348484,"rab15",1
"GO:0033504","floor plate development","1/2534","19/18773",0.0526315789473684,0.389918165579695,-1.05098586607723,0.936486112254906,0.999999999999988,0.880057037348484,"mib1",1
"GO:0035469","determination of pancreatic left/right asymmetry","1/2534","19/18773",0.0526315789473684,0.389918165579695,-1.05098586607723,0.936486112254906,0.999999999999988,0.880057037348484,"gmnn",1
"GO:0048009","insulin-like growth factor receptor signaling pathway","1/2534","19/18773",0.0526315789473684,0.389918165579695,-1.05098586607723,0.936486112254906,0.999999999999988,0.880057037348484,"igf1rb",1
"GO:0055003","cardiac myofibril assembly","1/2534","19/18773",0.0526315789473684,0.389918165579695,-1.05098586607723,0.936486112254906,0.999999999999988,0.880057037348484,"neb",1
"GO:0061041","regulation of wound healing","1/2534","19/18773",0.0526315789473684,0.389918165579695,-1.05098586607723,0.936486112254906,0.999999999999988,0.880057037348484,"pros1",1
"GO:2001257","regulation of cation channel activity","1/2534","19/18773",0.0526315789473684,0.389918165579695,-1.05098586607723,0.936486112254906,0.999999999999988,0.880057037348484,"selenon",1
"GO:0071407","cellular response to organic cyclic compound","8/2534","91/18773",0.0879120879120879,0.651291880968282,-1.31719480343413,0.936640313044329,0.999999999999988,0.880057037348484,"rap1b/rap1ab/esr1/nr3c1/rap1aa/cnot9/insig1/gnao1a",8
"GO:0001704","formation of primary germ layer","7/2534","82/18773",0.0853658536585366,0.632428244171945,-1.31768538021304,0.938363061751353,0.999999999999988,0.880057037348484,"aplnrb/tll1/dhx16/etv5a/itga5/dusp6/notch1a",7
"GO:1902652","secondary alcohol metabolic process","7/2534","82/18773",0.0853658536585366,0.632428244171945,-1.31768538021304,0.938363061751353,0.999999999999988,0.880057037348484,"lbr/dhcr7/ch25h/idh3g/insig1/apoeb/erlin1",7
"GO:0030509","BMP signaling pathway","12/2534","128/18773",0.09375,0.694541732438832,-1.36979195875988,0.939202186883599,0.999999999999988,0.880057037348484,"acvr1l/ppp4cb/nup62l/tll1/ppp1r12a/tbx2b/mynn/ngly1/acsl4a/mgaa/snw1/smad9",12
"GO:0071772","response to BMP","12/2534","128/18773",0.09375,0.694541732438832,-1.36979195875988,0.939202186883599,0.999999999999988,0.880057037348484,"acvr1l/ppp4cb/nup62l/tll1/ppp1r12a/tbx2b/mynn/ngly1/acsl4a/mgaa/snw1/smad9",12
"GO:0071773","cellular response to BMP stimulus","12/2534","128/18773",0.09375,0.694541732438832,-1.36979195875988,0.939202186883599,0.999999999999988,0.880057037348484,"acvr1l/ppp4cb/nup62l/tll1/ppp1r12a/tbx2b/mynn/ngly1/acsl4a/mgaa/snw1/smad9",12
"GO:0048609","multicellular organismal reproductive process","20/2534","198/18773",0.101010101010101,0.748327792526688,-1.40631425662421,0.939300670785407,0.999999999999988,0.880057037348484,"tp53/kif5ba/ddx3xb/igf2bp3/nanos1/rnf8/lgr4/dcaf13/tert/igf1rb/pum1/vipas39/ddx5/prmt7/ambra1b/rnf114/kdm6a/pgrmc1/pafah1b1b/prdm9",20
"GO:0006936","muscle contraction","13/2534","137/18773",0.0948905109489051,0.702991145242224,-1.37826353792518,0.939515966844214,0.999999999999988,0.880057037348484,"atp2a2b/shroom4/edn1/myhz1.2/myhz1.3/tmod2/tmem161b/bin1b/tnnt2c/tnnt3b/erp44/desma/flna",13
"GO:0019953","sexual reproduction","32/2534","300/18773",0.106666666666667,0.790234148908182,-1.44679046487207,0.940983037867642,0.999999999999988,0.880057037348484,"tp53/cdc25b/kif5ba/ptbp1a/ddx3xb/igf2bp3/nanos1/mre11a/dchs1b/top2b/tubgcp3/rnf8/h2ax/lgr4/dcaf13/tert/lhfpl2a/igf1rb/pum1/vipas39/ddx5/prmt7/ambra1b/smc3/rnf114/kdm6a/ctns/pgrmc1/rad50/pafah1b1b/prdm9/park7",32
"GO:0006941","striated muscle contraction","6/2534","73/18773",0.0821917808219178,0.608913299672401,-1.32249065254819,0.940984021369957,0.999999999999988,0.880057037348484,"atp2a2b/tmem161b/bin1b/tnnt2c/erp44/desma",6
"GO:0050776","regulation of immune response","22/2534","216/18773",0.101851851851852,0.75456385746441,-1.43314603162368,0.941948802014516,0.999999999999988,0.880057037348484,"ube2nb/pycard/parp1/spns2/cnbpb/pias4a/gramd4b/lgr4/csk/trafd1/tbk1/sele/slc39a6/brd4/tlr5a/crfb1/c7a/n4bp1/trim25/opa1/tlr5b/nek7",22
"GO:0035567","non-canonical Wnt signaling pathway","3/2534","43/18773",0.0697674418604651,0.516868266000991,-1.25288105091483,0.942012806610888,0.999999999999988,0.880057037348484,"fzd7a/vangl2/sec14l8",3
"GO:0006690","icosanoid metabolic process","2/2534","32/18773",0.0625,0.463027821625888,-1.200906873521,0.942271253550042,0.999999999999988,0.880057037348484,"lta4h/mgst2",2
"GO:0009914","hormone transport","2/2534","32/18773",0.0625,0.463027821625888,-1.200906873521,0.942271253550042,0.999999999999988,0.880057037348484,"slc16a10/park7",2
"GO:0010324","membrane invagination","2/2534","32/18773",0.0625,0.463027821625888,-1.200906873521,0.942271253550042,0.999999999999988,0.880057037348484,"dchs1b/ywhaba",2
"GO:0035825","homologous recombination","2/2534","32/18773",0.0625,0.463027821625888,-1.200906873521,0.942271253550042,0.999999999999988,0.880057037348484,"top2b/prdm9",2
"GO:0006820","monoatomic anion transport","12/2534","129/18773",0.0930232558139535,0.689157688001321,-1.39940807527105,0.943001231275198,0.999999999999988,0.880057037348484,"ttyh2/slc26a2/clns1a/clcn5a/pacc1/clic4/slc26a11/slc12a7a/clic1/ttyh3a/zgc:56235/clcn5b",12
"GO:0051321","meiotic cell cycle","9/2534","102/18773",0.0882352941176471,0.653686336413018,-1.38536706983732,0.94420751907322,0.999999999999988,0.880057037348484,"cdc25b/mre11a/top2b/tubgcp3/h2ax/smc3/pgrmc1/rad50/prdm9",9
"GO:0001757","somite specification","1/2534","20/18773",0.05,0.37042225730071,-1.11277644563075,0.94506797167402,0.999999999999988,0.880057037348484,"dlc",1
"GO:0006536","glutamate metabolic process","1/2534","20/18773",0.05,0.37042225730071,-1.11277644563075,0.94506797167402,0.999999999999988,0.880057037348484,"glud1b",1
"GO:0006911","phagocytosis, engulfment","1/2534","20/18773",0.05,0.37042225730071,-1.11277644563075,0.94506797167402,0.999999999999988,0.880057037348484,"ywhaba",1
"GO:0007157","heterophilic cell-cell adhesion via plasma membrane cell adhesion molecules","1/2534","20/18773",0.05,0.37042225730071,-1.11277644563075,0.94506797167402,0.999999999999988,0.880057037348484,"si:ch73-22o12.1",1
"GO:0007214","gamma-aminobutyric acid signaling pathway","1/2534","20/18773",0.05,0.37042225730071,-1.11277644563075,0.94506797167402,0.999999999999988,0.880057037348484,"gnai2a",1
"GO:0008345","larval locomotory behavior","1/2534","20/18773",0.05,0.37042225730071,-1.11277644563075,0.94506797167402,0.999999999999988,0.880057037348484,"sncgb",1
"GO:0030073","insulin secretion","1/2534","20/18773",0.05,0.37042225730071,-1.11277644563075,0.94506797167402,0.999999999999988,0.880057037348484,"park7",1
"GO:0031640","killing of cells of another organism","1/2534","20/18773",0.05,0.37042225730071,-1.11277644563075,0.94506797167402,0.999999999999988,0.880057037348484,"c7a",1
"GO:0043647","inositol phosphate metabolic process","1/2534","20/18773",0.05,0.37042225730071,-1.11277644563075,0.94506797167402,0.999999999999988,0.880057037348484,"ipmkb",1
"GO:0045143","homologous chromosome segregation","1/2534","20/18773",0.05,0.37042225730071,-1.11277644563075,0.94506797167402,0.999999999999988,0.880057037348484,"prdm9",1
"GO:0050650","chondroitin sulfate proteoglycan biosynthetic process","1/2534","20/18773",0.05,0.37042225730071,-1.11277644563075,0.94506797167402,0.999999999999988,0.880057037348484,"csgalnact1a",1
"GO:0050829","defense response to Gram-negative bacterium","1/2534","20/18773",0.05,0.37042225730071,-1.11277644563075,0.94506797167402,0.999999999999988,0.880057037348484,"zgc:153631",1
"GO:0055081","monoatomic anion homeostasis","1/2534","20/18773",0.05,0.37042225730071,-1.11277644563075,0.94506797167402,0.999999999999988,0.880057037348484,"slc12a7a",1
"GO:0097194","execution phase of apoptosis","1/2534","20/18773",0.05,0.37042225730071,-1.11277644563075,0.94506797167402,0.999999999999988,0.880057037348484,"casp7",1
"GO:0141061","disruption of cell in another organism","1/2534","20/18773",0.05,0.37042225730071,-1.11277644563075,0.94506797167402,0.999999999999988,0.880057037348484,"c7a",1
"GO:0007605","sensory perception of sound","4/2534","54/18773",0.0740740740740741,0.548773714519571,-1.31168298741341,0.94517811976393,0.999999999999988,0.880057037348484,"spns2/myo7aa/slc26a2/myo6b",4
"GO:0042325","regulation of phosphorylation","4/2534","54/18773",0.0740740740740741,0.548773714519571,-1.31168298741341,0.94517811976393,0.999999999999988,0.880057037348484,"rtraf/zgpat/prkar2aa/ppp1r14bb",4
"GO:0050807","regulation of synapse organization","4/2534","54/18773",0.0740740740740741,0.548773714519571,-1.31168298741341,0.94517811976393,0.999999999999988,0.880057037348484,"nop56/fmr1/abhd17c/si:dkey-40c11.2",4
"GO:0061640","cytoskeleton-dependent cytokinesis","6/2534","74/18773",0.0810810810810811,0.60068474156872,-1.3595698083734,0.945716022215021,0.999999999999988,0.880057037348484,"iqgap2/arl3b/dchs1b/iqgap1/pdcd6ip/racgap1",6
"GO:0040011","locomotion","47/2534","426/18773",0.110328638497653,0.81736366634429,-1.50621991857971,0.945849684182832,0.999999999999988,0.880057037348484,"hspd1/lyn/nop56/sema3ab/sema3fb/spns2/slkb/robo4/asap1a/ddx3xb/rap2b/ap1ar/oxsr1a/ccdc25/zgc:153631/dpysl2b/flt4/neb/lta4h/stk10/crk/tgfb1a/ch25h/anxa5b/efnb2a/akirin1/cul1a/zgc:195173/pik3cg/rtn4a/ccr8.1/zeb1b/fgf10b/rac1a/nrp1b/srp54/sema4c/hmox1a/il6r/prcp/chd2/sema3fa/znf703/srgap3/slka/pdgfbb/nsmaf",47
"GO:0055074","calcium ion homeostasis","13/2534","139/18773",0.0935251798561151,0.692876164735142,-1.43564417826159,0.946663226205316,0.999999999999988,0.880057037348484,"atp2a2b/asph/ccdc47/aplnrb/psen2/cherp/edn1/selenon/smdt1b/itpr3/tmco1/psen1/nr3c1",13
"GO:0007623","circadian rhythm","7/2534","84/18773",0.0833333333333333,0.617370428834517,-1.38836635033104,0.947380278621672,0.999999999999988,0.880057037348484,"egr1/parp1/csnk1db/nr3c1/pspc1/nr1d2a/cry3b",7
"GO:0009187","cyclic nucleotide metabolic process","3/2534","44/18773",0.0681818181818182,0.505121259955514,-1.29821546244809,0.947820387869764,0.999999999999988,0.880057037348484,"adcy2b/pde4d/cnp",3
"GO:0042098","T cell proliferation","3/2534","44/18773",0.0681818181818182,0.505121259955514,-1.29821546244809,0.947820387869764,0.999999999999988,0.880057037348484,"cd276/zgc:153631/si:dkey-169i5.4",3
"GO:0046173","polyol biosynthetic process","3/2534","44/18773",0.0681818181818182,0.505121259955514,-1.29821546244809,0.947820387869764,0.999999999999988,0.880057037348484,"sptlc2b/sptlc2a/ipmkb",3
"GO:0051250","negative regulation of lymphocyte activation","3/2534","44/18773",0.0681818181818182,0.505121259955514,-1.29821546244809,0.947820387869764,0.999999999999988,0.880057037348484,"cd276/zgc:153631/si:dkey-169i5.4",3
"GO:0009395","phospholipid catabolic process","2/2534","33/18773",0.0606060606060606,0.448996675516013,-1.25142645877869,0.948773990093466,0.999999999999988,0.880057037348484,"abhd16a/smpd5",2
"GO:0051897","positive regulation of phosphatidylinositol 3-kinase/protein kinase B signal transduction","2/2534","33/18773",0.0606060606060606,0.448996675516013,-1.25142645877869,0.948773990093466,0.999999999999988,0.880057037348484,"igf1rb/pdgfbb",2
"GO:0010038","response to metal ion","5/2534","65/18773",0.0769230769230769,0.569880395847247,-1.3721802756409,0.949531523583509,0.999999999999988,0.880057037348484,"jun/atp6v0d1/slc31a1/cox17/sod2",5
"GO:0008203","cholesterol metabolic process","6/2534","75/18773",0.08,0.592675611681136,-1.39621533965388,0.950104823708125,0.999999999999988,0.880057037348484,"lbr/dhcr7/ch25h/insig1/apoeb/erlin1",6
"GO:1903046","meiotic cell cycle process","6/2534","75/18773",0.08,0.592675611681136,-1.39621533965388,0.950104823708125,0.999999999999988,0.880057037348484,"cdc25b/mre11a/top2b/pgrmc1/rad50/prdm9",6
"GO:0006836","neurotransmitter transport","9/2534","104/18773",0.0865384615384615,0.641115445328152,-1.44973908255729,0.95178624327969,0.999999999999988,0.880057037348484,"slc38a2/snapin/rap1b/rap1ab/snap29/slc6a9/stxbp3/rap1aa/caska",9
"GO:0071396","cellular response to lipid","9/2534","104/18773",0.0865384615384615,0.641115445328152,-1.44973908255729,0.95178624327969,0.999999999999988,0.880057037348484,"cd276/esr1/nr3c1/tnip1/tet3/cnot9/insig1/si:dkey-169i5.4/tet1",9
"GO:0006636","unsaturated fatty acid biosynthetic process","1/2534","21/18773",0.0476190476190476,0.352783102191153,-1.17223486678533,0.952490664564653,0.999999999999988,0.880057037348484,"elovl1b",1
"GO:0007379","segment specification","1/2534","21/18773",0.0476190476190476,0.352783102191153,-1.17223486678533,0.952490664564653,0.999999999999988,0.880057037348484,"dlc",1
"GO:0015813","L-glutamate transmembrane transport","1/2534","21/18773",0.0476190476190476,0.352783102191153,-1.17223486678533,0.952490664564653,0.999999999999988,0.880057037348484,"slc1a3a",1
"GO:0015867","ATP transport","1/2534","21/18773",0.0476190476190476,0.352783102191153,-1.17223486678533,0.952490664564653,0.999999999999988,0.880057037348484,"slc17a9b",1
"GO:0050773","regulation of dendrite development","1/2534","21/18773",0.0476190476190476,0.352783102191153,-1.17223486678533,0.952490664564653,0.999999999999988,0.880057037348484,"si:dkey-40c11.2",1
"GO:0071248","cellular response to metal ion","1/2534","21/18773",0.0476190476190476,0.352783102191153,-1.17223486678533,0.952490664564653,0.999999999999988,0.880057037348484,"cox17",1
"GO:0032944","regulation of mononuclear cell proliferation","3/2534","45/18773",0.0666666666666667,0.493896343067614,-1.34269993862693,0.953082322956651,0.999999999999988,0.880057037348484,"cd276/zgc:153631/si:dkey-169i5.4",3
"GO:0050670","regulation of lymphocyte proliferation","3/2534","45/18773",0.0666666666666667,0.493896343067614,-1.34269993862693,0.953082322956651,0.999999999999988,0.880057037348484,"cd276/zgc:153631/si:dkey-169i5.4",3
"GO:0070663","regulation of leukocyte proliferation","3/2534","45/18773",0.0666666666666667,0.493896343067614,-1.34269993862693,0.953082322956651,0.999999999999988,0.880057037348484,"cd276/zgc:153631/si:dkey-169i5.4",3
"GO:1902475","L-alpha-amino acid transmembrane transport","3/2534","45/18773",0.0666666666666667,0.493896343067614,-1.34269993862693,0.953082322956651,0.999999999999988,0.880057037348484,"slc38a2/slc6a9/slc1a3a",3
"GO:1901292","nucleoside phosphate catabolic process","8/2534","95/18773",0.0842105263157895,0.623869064927512,-1.45182612773814,0.953202062114462,0.999999999999988,0.880057037348484,"dut/hint1/itpa/pkma/pde4d/cnp/tigarb/fhit",8
"GO:0023061","signal release","11/2534","123/18773",0.0894308943089431,0.662543874846799,-1.4832330368972,0.953549410526029,0.999999999999988,0.880057037348484,"slc38a2/snapin/rap1b/rap1ab/snap29/marcksb/wls/stxbp3/rap1aa/park7/caska",11
"GO:0032496","response to lipopolysaccharide","5/2534","66/18773",0.0757575757575758,0.561245844395016,-1.41049020518551,0.953891697030715,0.999999999999988,0.880057037348484,"cd276/tnip1/tet3/si:dkey-169i5.4/tet1",5
"GO:0003018","vascular process in circulatory system","6/2534","76/18773",0.0789473684210526,0.584877248369543,-1.43243955721339,0.954171354132129,0.999999999999988,0.880057037348484,"avpr1ab/edn1/itgb1b/tjp1a/mfsd2ab/adrb2a",6
"GO:0006694","steroid biosynthetic process","6/2534","76/18773",0.0789473684210526,0.584877248369543,-1.43243955721339,0.954171354132129,0.999999999999988,0.880057037348484,"lbr/dhcr7/ch25h/fgfr4/insig1/sdr42e1",6
"GO:0000423","mitophagy","2/2534","34/18773",0.0588235294117647,0.435790890942012,-1.30072438918623,0.954573882833864,0.999999999999988,0.880057037348484,"snx7/ambra1b",2
"GO:0045216","cell-cell junction organization","10/2534","115/18773",0.0869565217391304,0.64421262139254,-1.51177044467775,0.957367006784377,0.999999999999988,0.880057037348484,"ctnna1/csk/dsc2l/marveld2a/cdh2/rasip1/prkci/tjp1a/znf703/lims1",10
"GO:0050673","epithelial cell proliferation","5/2534","67/18773",0.0746268656716418,0.552869040747329,-1.44830695038136,0.957905690824574,0.999999999999988,0.880057037348484,"aplnrb/mydgf/igf2bp1/si:ch73-382f3.1/hdac1",5
"GO:0051607","defense response to virus","6/2534","77/18773",0.0779220779220779,0.577281439949159,-1.46825424988254,0.957935708519295,0.999999999999988,0.880057037348484,"otud6b/ilf3b/ch25h/serinc5/prmt7/crfb1",6
"GO:0019362","pyridine nucleotide metabolic process","7/2534","87/18773",0.0804597701149425,0.596081793357465,-1.49167365877082,0.958706082153467,0.999999999999988,0.880057037348484,"pgd/nnt/nadka/pkma/rpe/tigarb/taldo1",7
"GO:0046496","nicotinamide nucleotide metabolic process","7/2534","87/18773",0.0804597701149425,0.596081793357465,-1.49167365877082,0.958706082153467,0.999999999999988,0.880057037348484,"pgd/nnt/nadka/pkma/rpe/tigarb/taldo1",7
"GO:0007099","centriole replication","1/2534","22/18773",0.0454545454545455,0.336747506637009,-1.22958045724556,0.958910708079647,0.999999999999988,0.880057037348484,"mdm1",1
"GO:0009648","photoperiodism","1/2534","22/18773",0.0454545454545455,0.336747506637009,-1.22958045724556,0.958910708079647,0.999999999999988,0.880057037348484,"cry3b",1
"GO:0042219","cellular modified amino acid catabolic process","1/2534","22/18773",0.0454545454545455,0.336747506637009,-1.22958045724556,0.958910708079647,0.999999999999988,0.880057037348484,"abhd16a",1
"GO:0045109","intermediate filament organization","1/2534","22/18773",0.0454545454545455,0.336747506637009,-1.22958045724556,0.958910708079647,0.999999999999988,0.880057037348484,"nefmb",1
"GO:0099565","chemical synaptic transmission, postsynaptic","1/2534","22/18773",0.0454545454545455,0.336747506637009,-1.22958045724556,0.958910708079647,0.999999999999988,0.880057037348484,"slc6a9",1
"GO:0140888","interferon-mediated signaling pathway","1/2534","22/18773",0.0454545454545455,0.336747506637009,-1.22958045724556,0.958910708079647,0.999999999999988,0.880057037348484,"pias4a",1
"GO:1901890","positive regulation of cell junction assembly","1/2534","22/18773",0.0454545454545455,0.336747506637009,-1.22958045724556,0.958910708079647,0.999999999999988,0.880057037348484,"flot1b",1
"GO:2001237","negative regulation of extrinsic apoptotic signaling pathway","1/2534","22/18773",0.0454545454545455,0.336747506637009,-1.22958045724556,0.958910708079647,0.999999999999988,0.880057037348484,"snx13",1
"GO:0006720","isoprenoid metabolic process","4/2534","57/18773",0.0701754385964912,0.519890887439593,-1.4340021278183,0.959063896845588,0.999999999999988,0.880057037348484,"kdm1a/nus1/fdps/pdss2",4
"GO:0016064","immunoglobulin mediated immune response","4/2534","57/18773",0.0701754385964912,0.519890887439593,-1.4340021278183,0.959063896845588,0.999999999999988,0.880057037348484,"rnf8/il4r.1/sele/c7a",4
"GO:0019724","B cell mediated immunity","4/2534","57/18773",0.0701754385964912,0.519890887439593,-1.4340021278183,0.959063896845588,0.999999999999988,0.880057037348484,"rnf8/il4r.1/sele/c7a",4
"GO:0071697","ectodermal placode morphogenesis","2/2534","35/18773",0.0571428571428571,0.423339722629383,-1.34887398433608,0.95974210483058,0.999999999999988,0.880057037348484,"tfap2c/sox3",2
"GO:0007346","regulation of mitotic cell cycle","28/2534","275/18773",0.101818181818182,0.754314414866901,-1.62129697648004,0.960574324029814,0.999999999999988,0.880057037348484,"ccnd1/gnl3/cdc25b/rcc1/cdk5rap3/ywhae2/psme1/mre11a/tipin/ube2ib/ewsr1a/ywhae1/plk3/psme3/ints13/si:ch211-244o22.2/gnl2/rbl1/mad2l1bp/ambra1b/nabp1a/anapc5/orc1/anapc11/brinp3b/cdc14ab/cks1b/anapc4",28
"GO:0002237","response to molecule of bacterial origin","5/2534","68/18773",0.0735294117647059,0.544738613677515,-1.48564605395836,0.961597404458107,0.999999999999988,0.880057037348484,"cd276/tnip1/tet3/si:dkey-169i5.4/tet1",5
"GO:0003006","developmental process involved in reproduction","19/2534","198/18773",0.095959595959596,0.710911402900353,-1.61539257596346,0.96235473317428,0.999999999999988,0.880057037348484,"tp53/kif5ba/igf2bp3/nanos1/rnf8/lgr4/dcaf13/tert/lhfpl2a/pum1/u2af2a/vipas39/ddx5/prmt7/ambra1b/rnf114/sox3/pgrmc1/pafah1b1b",19
"GO:0007098","centrosome cycle","4/2534","58/18773",0.0689655172413793,0.510927251449256,-1.47357241331709,0.962915900490395,0.999999999999988,0.880057037348484,"npm1a/mdm1/chordc1b/fbxw5",4
"GO:0140029","exocytic process","4/2534","58/18773",0.0689655172413793,0.510927251449256,-1.47357241331709,0.962915900490395,0.999999999999988,0.880057037348484,"snap29/exoc6b/stxbp3/vps18",4
"GO:0140115","export across plasma membrane","2/2534","36/18773",0.0555555555555556,0.411580285889678,-1.39594199886225,0.964343429598051,0.999999999999988,0.880057037348484,"nr3c1/slc22a18",2
"GO:0007215","glutamate receptor signaling pathway","1/2534","23/18773",0.0434782608695652,0.32210631069627,-1.28500201913503,0.964463492769859,0.999999999999988,0.880057037348484,"grin1a",1
"GO:0015909","long-chain fatty acid transport","1/2534","23/18773",0.0434782608695652,0.32210631069627,-1.28500201913503,0.964463492769859,0.999999999999988,0.880057037348484,"slc27a1a",1
"GO:0030537","larval behavior","1/2534","23/18773",0.0434782608695652,0.32210631069627,-1.28500201913503,0.964463492769859,0.999999999999988,0.880057037348484,"sncgb",1
"GO:0050654","chondroitin sulfate proteoglycan metabolic process","1/2534","23/18773",0.0434782608695652,0.32210631069627,-1.28500201913503,0.964463492769859,0.999999999999988,0.880057037348484,"csgalnact1a",1
"GO:0051923","sulfation","1/2534","23/18773",0.0434782608695652,0.32210631069627,-1.28500201913503,0.964463492769859,0.999999999999988,0.880057037348484,"sult2st3",1
"GO:0072525","pyridine-containing compound biosynthetic process","1/2534","23/18773",0.0434782608695652,0.32210631069627,-1.28500201913503,0.964463492769859,0.999999999999988,0.880057037348484,"nadka",1
"GO:0086001","cardiac muscle cell action potential","1/2534","23/18773",0.0434782608695652,0.32210631069627,-1.28500201913503,0.964463492769859,0.999999999999988,0.880057037348484,"tmem161b",1
"GO:0098534","centriole assembly","1/2534","23/18773",0.0434782608695652,0.32210631069627,-1.28500201913503,0.964463492769859,0.999999999999988,0.880057037348484,"mdm1",1
"GO:0141060","disruption of anatomical structure in another organism","1/2534","23/18773",0.0434782608695652,0.32210631069627,-1.28500201913503,0.964463492769859,0.999999999999988,0.880057037348484,"c7a",1
"GO:2000027","regulation of animal organ morphogenesis","1/2534","23/18773",0.0434782608695652,0.32210631069627,-1.28500201913503,0.964463492769859,0.999999999999988,0.880057037348484,"notch1a",1
"GO:0001932","regulation of protein phosphorylation","3/2534","48/18773",0.0625,0.463027821625888,-1.47143278129693,0.966040376229329,0.999999999999988,0.880057037348484,"rtraf/zgpat/prkar2aa",3
"GO:0032943","mononuclear cell proliferation","3/2534","48/18773",0.0625,0.463027821625888,-1.47143278129693,0.966040376229329,0.999999999999988,0.880057037348484,"cd276/zgc:153631/si:dkey-169i5.4",3
"GO:0046651","lymphocyte proliferation","3/2534","48/18773",0.0625,0.463027821625888,-1.47143278129693,0.966040376229329,0.999999999999988,0.880057037348484,"cd276/zgc:153631/si:dkey-169i5.4",3
"GO:0043410","positive regulation of MAPK cascade","13/2534","146/18773",0.089041095890411,0.659656074645101,-1.63080453780898,0.966210664065085,0.999999999999988,0.880057037348484,"cds2/tpd52l1/arrb2a/flt4/smarca4a/igf1rb/rell1/fgf10b/fgfr4/ndrg4/lamtor1/adrb2a/pdgfbb",13
"GO:0009581","detection of external stimulus","7/2534","90/18773",0.0777777777777778,0.576212400245549,-1.59193426200705,0.967783009677814,0.999999999999988,0.880057037348484,"myo7aa/stx4/pigk/dlat/pigu/myo6b/lamb1a",7
"GO:0009582","detection of abiotic stimulus","7/2534","90/18773",0.0777777777777778,0.576212400245549,-1.59193426200705,0.967783009677814,0.999999999999988,0.880057037348484,"myo7aa/stx4/pigk/dlat/pigu/myo6b/lamb1a",7
"GO:0001708","cell fate specification","10/2534","119/18773",0.0840336134453782,0.622558415631446,-1.63160932291502,0.968158925513068,0.999999999999988,0.880057037348484,"cnbpa/fmr1/tbx2b/mib1/tfap2c/sox6/mgaa/zc4h2/dusp6/notch1a",10
"GO:0050767","regulation of neurogenesis","12/2534","138/18773",0.0869565217391304,0.64421262139254,-1.65708321942077,0.968874404540683,0.999999999999988,0.880057037348484,"chd7/nf2b/her13/fmr1/znf16l/grnb/notch1a/numb/hdac1/serpinf1/si:dkey-40c11.2/fxr2",12
"GO:0002790","peptide secretion","1/2534","24/18773",0.0416666666666667,0.308685214417259,-1.33866327465172,0.969266133266989,0.999999999999988,0.880057037348484,"park7",1
"GO:0009065","glutamine family amino acid catabolic process","1/2534","24/18773",0.0416666666666667,0.308685214417259,-1.33866327465172,0.969266133266989,0.999999999999988,0.880057037348484,"glud1b",1
"GO:0030072","peptide hormone secretion","1/2534","24/18773",0.0416666666666667,0.308685214417259,-1.33866327465172,0.969266133266989,0.999999999999988,0.880057037348484,"park7",1
"GO:2000177","regulation of neural precursor cell proliferation","1/2534","24/18773",0.0416666666666667,0.308685214417259,-1.33866327465172,0.969266133266989,0.999999999999988,0.880057037348484,"cdh2",1
"GO:0031667","response to nutrient levels","9/2534","110/18773",0.0818181818181818,0.606145511946617,-1.63651635681697,0.969332146351875,0.999999999999988,0.880057037348484,"seh1l/nucb2b/bckdhb/atf4a/nprl2/depdc5/dap/gcn1/pak2a",9
"GO:0001707","mesoderm formation","3/2534","49/18773",0.0612244897959184,0.453578274245768,-1.51288396388218,0.969550435341524,0.999999999999988,0.880057037348484,"tll1/etv5a/notch1a",3
"GO:0070661","leukocyte proliferation","3/2534","49/18773",0.0612244897959184,0.453578274245768,-1.51288396388218,0.969550435341524,0.999999999999988,0.880057037348484,"cd276/zgc:153631/si:dkey-169i5.4",3
"GO:0050803","regulation of synapse structure or activity","4/2534","60/18773",0.0666666666666667,0.493896343067614,-1.55103761029175,0.969629670658207,0.999999999999988,0.880057037348484,"nop56/fmr1/abhd17c/si:dkey-40c11.2",4
"GO:0097553","calcium ion transmembrane import into cytosol","4/2534","60/18773",0.0666666666666667,0.493896343067614,-1.55103761029175,0.969629670658207,0.999999999999988,0.880057037348484,"aplnrb/selenon/itpr3/desma",4
"GO:0043588","skin development","2/2534","38/18773",0.0526315789473684,0.389918165579695,-1.48707194564221,0.972075065086724,0.999999999999988,0.880057037348484,"slc39a7/ikbkb",2
"GO:0048499","synaptic vesicle membrane organization","2/2534","38/18773",0.0526315789473684,0.389918165579695,-1.48707194564221,0.972075065086724,0.999999999999988,0.880057037348484,"ap3d1/snap29",2
"GO:0060993","kidney morphogenesis","2/2534","38/18773",0.0526315789473684,0.389918165579695,-1.48707194564221,0.972075065086724,0.999999999999988,0.880057037348484,"snap29/camk2g1",2
"GO:0097120","receptor localization to synapse","2/2534","38/18773",0.0526315789473684,0.389918165579695,-1.48707194564221,0.972075065086724,0.999999999999988,0.880057037348484,"kif5ba/rab11a",2
"GO:1902414","protein localization to cell junction","2/2534","38/18773",0.0526315789473684,0.389918165579695,-1.48707194564221,0.972075065086724,0.999999999999988,0.880057037348484,"rab11a/tjp1a",2
"GO:0021591","ventricular system development","3/2534","50/18773",0.06,0.444506708760852,-1.5536566166557,0.972715199386514,0.999999999999988,0.880057037348484,"sfpq/cdh2/prkci",3
"GO:0071482","cellular response to light stimulus","3/2534","50/18773",0.06,0.444506708760852,-1.5536566166557,0.972715199386514,0.999999999999988,0.880057037348484,"mapk14a/pold3/ciao2a",3
"GO:0072524","pyridine-containing compound metabolic process","7/2534","92/18773",0.0760869565217391,0.563686043718472,-1.65718844130922,0.972780831950246,0.999999999999988,0.880057037348484,"pgd/nnt/nadka/pkma/rpe/tigarb/taldo1",7
"GO:0016125","sterol metabolic process","6/2534","82/18773",0.0731707317073171,0.542081352147381,-1.64156439670674,0.972867922251234,0.999999999999988,0.880057037348484,"lbr/dhcr7/ch25h/insig1/apoeb/erlin1",6
"GO:0015749","monosaccharide transmembrane transport","1/2534","25/18773",0.04,0.296337805840568,-1.39070714926037,0.973419934445796,0.999999999999988,0.880057037348484,"akt2",1
"GO:0061386","closure of optic fissure","1/2534","25/18773",0.04,0.296337805840568,-1.39070714926037,0.973419934445796,0.999999999999988,0.880057037348484,"rerea",1
"GO:0031589","cell-substrate adhesion","10/2534","122/18773",0.0819672131147541,0.607249602132312,-1.71919217232894,0.974565071557341,0.999999999999988,0.880057037348484,"itga8/robo4/ap1ar/itgb5/itgb1b/itga5/lamb1a/ilk/lims1/agr2",10
"GO:1905039","carboxylic acid transmembrane transport","7/2534","93/18773",0.0752688172043011,0.557624903463435,-1.68936170755756,0.975003375935435,0.999999999999988,0.880057037348484,"slc16a1b/slc38a2/slc6a9/slc16a6b/mfsd12a/slc25a11/slc1a3a",7
"GO:0043547","positive regulation of GTPase activity","2/2534","39/18773",0.0512820512820513,0.379920263898164,-1.53124090354189,0.975306790918211,0.999999999999988,0.880057037348484,"asap1a/myo9aa",2
"GO:0046434","organophosphate catabolic process","11/2534","132/18773",0.0833333333333333,0.617370428834517,-1.742648635383,0.975508418308538,0.999999999999988,0.880057037348484,"dut/abhd16a/hint1/itpa/smpd5/pkma/pde4d/gpd1l/cnp/tigarb/fhit",11
"GO:0001558","regulation of cell growth","5/2534","73/18773",0.0684931506849315,0.507427749727,-1.66567207768763,0.975973509627251,0.999999999999988,0.880057037348484,"mapk14a/ewsr1a/lamtor2/supv3l1/si:dkey-40c11.2",5
"GO:0035418","protein localization to synapse","1/2534","26/18773",0.0384615384615385,0.284940197923623,-1.44125917756062,0.977012524914878,0.999999999999988,0.880057037348484,"rab11a",1
"GO:0050768","negative regulation of neurogenesis","1/2534","26/18773",0.0384615384615385,0.284940197923623,-1.44125917756062,0.977012524914878,0.999999999999988,0.880057037348484,"notch1a",1
"GO:0045596","negative regulation of cell differentiation","7/2534","94/18773",0.074468085106383,0.551692723639356,-1.72124162736941,0.977057801363286,0.999999999999988,0.880057037348484,"qki2/lpar2a/riox1/nfkbiaa/qkia/irf2bp2b/notch1a",7
"GO:0021575","hindbrain morphogenesis","2/2534","40/18773",0.05,0.37042225730071,-1.57454338741695,0.978175282845284,0.999999999999988,0.880057037348484,"raraa/cdh2",2
"GO:0060900","embryonic camera-type eye formation","2/2534","40/18773",0.05,0.37042225730071,-1.57454338741695,0.978175282845284,0.999999999999988,0.880057037348484,"mib1/rerea",2
"GO:1903825","organic acid transmembrane transport","7/2534","95/18773",0.0736842105263158,0.545885431811573,-1.75283480726046,0.978955416985352,0.999999999999988,0.880057037348484,"slc16a1b/slc38a2/slc6a9/slc16a6b/mfsd12a/slc25a11/slc1a3a",7
"GO:0001906","cell killing","1/2534","27/18773",0.037037037037037,0.274386857259785,-1.49043023872107,0.98011970269616,0.999999999999988,0.880057037348484,"c7a",1
"GO:0006024","glycosaminoglycan biosynthetic process","1/2534","27/18773",0.037037037037037,0.274386857259785,-1.49043023872107,0.98011970269616,0.999999999999988,0.880057037348484,"kctd10",1
"GO:0048702","embryonic neurocranium morphogenesis","1/2534","27/18773",0.037037037037037,0.274386857259785,-1.49043023872107,0.98011970269616,0.999999999999988,0.880057037348484,"sec23a",1
"GO:0097305","response to alcohol","1/2534","27/18773",0.037037037037037,0.274386857259785,-1.49043023872107,0.98011970269616,0.999999999999988,0.880057037348484,"nr3c1",1
"GO:0061351","neural precursor cell proliferation","3/2534","53/18773",0.0566037735849057,0.419345951661182,-1.67217377502265,0.980440419037221,0.999999999999988,0.880057037348484,"mcm5/cdh2/prkci",3
"GO:0006730","one-carbon metabolic process","2/2534","41/18773",0.048780487804878,0.361387568098254,-1.61702286019374,0.980719671820753,0.999999999999988,0.880057037348484,"mthfs/mat2aa",2
"GO:0006874","intracellular calcium ion homeostasis","10/2534","126/18773",0.0793650793650794,0.587971836985254,-1.83310197910517,0.981284761253223,0.999999999999988,0.880057037348484,"atp2a2b/asph/ccdc47/aplnrb/cherp/edn1/selenon/smdt1b/itpr3/tmco1",10
"GO:0009154","purine ribonucleotide catabolic process","4/2534","65/18773",0.0615384615384615,0.455904316677797,-1.73579013257656,0.981772679650832,0.999999999999988,0.880057037348484,"hint1/pkma/pde4d/tigarb",4
"GO:0050905","neuromuscular process","4/2534","65/18773",0.0615384615384615,0.455904316677797,-1.73579013257656,0.981772679650832,0.999999999999988,0.880057037348484,"stx4/psen2/snap29/zc4h2",4
"GO:0090101","negative regulation of transmembrane receptor protein serine/threonine kinase signaling pathway","4/2534","65/18773",0.0615384615384615,0.455904316677797,-1.73579013257656,0.981772679650832,0.999999999999988,0.880057037348484,"ncln/nup62l/nomo/nrros",4
"GO:1901701","cellular response to oxygen-containing compound","24/2534","255/18773",0.0941176470588235,0.697265425507219,-1.92271099959328,0.981919551535074,0.999999999999988,0.880057037348484,"cd276/prdx1/pik3r2/agtrap/gsk3ab/rap1b/rap1ab/inpp5ka/jak1/pik3r1/nr3c1/prkci/lpin2/tnip1/tet3/rap1aa/sod2/insig1/nr4a1/si:dkey-169i5.4/park7/gnao1a/tet1/jak2a",24
"GO:0042060","wound healing","8/2534","107/18773",0.0747663551401869,0.553902440823492,-1.82799516305769,0.982219035452387,0.999999999999988,0.880057037348484,"f13a1b/dysf/fgf10b/pros1/dcbld2/il6r/prcp/arhgap24",8
"GO:0006865","amino acid transport","9/2534","117/18773",0.0769230769230769,0.569880395847247,-1.84353691741293,0.982363985739561,0.999999999999988,0.880057037348484,"slc38a7/slc38a2/si:dkeyp-120h9.1/slc43a1a/slc38a3b/slc6a9/ctns/mfsd12a/slc1a3a",9
"GO:0007204","positive regulation of cytosolic calcium ion concentration","3/2534","54/18773",0.0555555555555556,0.411580285889678,-1.71049460834357,0.98251467193565,0.999999999999988,0.880057037348484,"ptbp1a/ccr8.1/desma",3
"GO:0007212","G protein-coupled dopamine receptor signaling pathway","1/2534","28/18773",0.0357142857142857,0.264587326643364,-1.53831877369413,0.982807031906014,0.999999999999988,0.880057037348484,"gnao1a",1
"GO:0042558","pteridine-containing compound metabolic process","1/2534","28/18773",0.0357142857142857,0.264587326643364,-1.53831877369413,0.982807031906014,0.999999999999988,0.880057037348484,"mthfs",1
"GO:0045132","meiotic chromosome segregation","1/2534","28/18773",0.0357142857142857,0.264587326643364,-1.53831877369413,0.982807031906014,0.999999999999988,0.880057037348484,"prdm9",1
"GO:0050795","regulation of behavior","1/2534","28/18773",0.0357142857142857,0.264587326643364,-1.53831877369413,0.982807031906014,0.999999999999988,0.880057037348484,"parp1",1
"GO:0055075","potassium ion homeostasis","1/2534","28/18773",0.0357142857142857,0.264587326643364,-1.53831877369413,0.982807031906014,0.999999999999988,0.880057037348484,"slc12a7a",1
"GO:0071880","adenylate cyclase-activating adrenergic receptor signaling pathway","1/2534","28/18773",0.0357142857142857,0.264587326643364,-1.53831877369413,0.982807031906014,0.999999999999988,0.880057037348484,"adrb2a",1
"GO:0006721","terpenoid metabolic process","2/2534","42/18773",0.0476190476190476,0.352783102191153,-1.65871949091651,0.982975147954516,0.999999999999988,0.880057037348484,"kdm1a/fdps",2
"GO:0018958","phenol-containing compound metabolic process","2/2534","42/18773",0.0476190476190476,0.352783102191153,-1.65871949091651,0.982975147954516,0.999999999999988,0.880057037348484,"ddt/mfsd12a",2
"GO:0043087","regulation of GTPase activity","2/2534","42/18773",0.0476190476190476,0.352783102191153,-1.65871949091651,0.982975147954516,0.999999999999988,0.880057037348484,"asap1a/myo9aa",2
"GO:0071875","adrenergic receptor signaling pathway","2/2534","42/18773",0.0476190476190476,0.352783102191153,-1.65871949091651,0.982975147954516,0.999999999999988,0.880057037348484,"akap13/adrb2a",2
"GO:0009261","ribonucleotide catabolic process","4/2534","66/18773",0.0606060606060606,0.448996675516013,-1.77134457253786,0.983571452723097,0.999999999999988,0.880057037348484,"hint1/pkma/pde4d/tigarb",4
"GO:0098771","inorganic ion homeostasis","23/2534","248/18773",0.092741935483871,0.687073541767447,-1.95960236055689,0.983784955004553,0.999999999999988,0.880057037348484,"slc39a7/atp2a2b/zgc:56095/asph/ccdc47/atp6v0d1/slc30a7/htt/aplnrb/psen2/cherp/edn1/slc39a13/selenon/smdt1b/itpr3/tfr1b/tmco1/psen1/slc12a7a/cisd1/slc39a6/nr3c1",23
"GO:0035150","regulation of tube size","3/2534","55/18773",0.0545454545454545,0.404097007964411,-1.74826042417369,0.984377456683014,0.999999999999988,0.880057037348484,"avpr1ab/edn1/adrb2a",3
"GO:0035296","regulation of tube diameter","3/2534","55/18773",0.0545454545454545,0.404097007964411,-1.74826042417369,0.984377456683014,0.999999999999988,0.880057037348484,"avpr1ab/edn1/adrb2a",3
"GO:0097746","blood vessel diameter maintenance","3/2534","55/18773",0.0545454545454545,0.404097007964411,-1.74826042417369,0.984377456683014,0.999999999999988,0.880057037348484,"avpr1ab/edn1/adrb2a",3
"GO:0098542","defense response to other organism","44/2534","431/18773",0.102088167053364,0.756314585671984,-2.02173282852179,0.984513061496747,0.999999999999988,0.880057037348484,"hsp90b1/cfl1/pycard/parp1/pqbp1/cnpy3/cnbpb/asap1a/relb/rel/cybc1/pias4a/atp5fa1/gramd4b/shrprbck1r/jagn1b/rab14/lgr4/zgc:153631/otud6b/trafd1/tbk1/si:ch211-108d22.2/cactin/ilf3b/ch25h/nfkb2/serinc5/ecsit/caspa/prmt7/ankhd1/tlr5a/sod2/zranb2/trim105/crfb1/c7a/n4bp1/trim25/ppp1r11/tlr5b/ppp1r14bb/nek7",44
"GO:0052652","cyclic purine nucleotide metabolic process","2/2534","43/18773",0.0465116279069767,0.344578844000661,-1.69967048101615,0.984973310946889,0.999999999999988,0.880057037348484,"adcy2b/pde4d",2
"GO:0045165","cell fate commitment","17/2534","195/18773",0.0871794871794872,0.64586444862688,-1.96365998813816,0.985042933968951,0.999999999999988,0.880057037348484,"cnbpa/fmr1/tbx2b/dctn1a/mib1/gata6/brd4/tfap2c/sox6/mgaa/zc4h2/dusp6/zdhhc16a/notch1a/nr2f2/gata2a/opa1",17
"GO:0032963","collagen metabolic process","1/2534","29/18773",0.0344827586206897,0.255463625724628,-1.58501259763739,0.985131224018586,0.999999999999988,0.880057037348484,"p3h3",1
"GO:0046503","glycerolipid catabolic process","1/2534","29/18773",0.0344827586206897,0.255463625724628,-1.58501259763739,0.985131224018586,0.999999999999988,0.880057037348484,"abhd16a",1
"GO:0051961","negative regulation of nervous system development","1/2534","29/18773",0.0344827586206897,0.255463625724628,-1.58501259763739,0.985131224018586,0.999999999999988,0.880057037348484,"notch1a",1
"GO:0055078","sodium ion homeostasis","1/2534","29/18773",0.0344827586206897,0.255463625724628,-1.58501259763739,0.985131224018586,0.999999999999988,0.880057037348484,"nr3c1",1
"GO:0030900","forebrain development","13/2534","158/18773",0.0822784810126582,0.60955561327965,-1.94686189001802,0.985375282886678,0.999999999999988,0.880057037348484,"acvr1l/lgr4/dpysl2b/btbd3a/usp39/tbx2b/rbfox1/mib1/wls/zdhhc16a/dlb/notch1a/pax6b",13
"GO:0051346","negative regulation of hydrolase activity","6/2534","89/18773",0.0674157303370786,0.499445740180733,-1.86977854803764,0.985684174447609,0.999999999999988,0.880057037348484,"serpinh1b/tegt/appb/serpinh1a/serpinb1l3/serpinf1",6
"GO:0002443","leukocyte mediated immunity","5/2534","79/18773",0.0632911392405063,0.468888933292038,-1.86864461842826,0.98658634413109,0.999999999999988,0.880057037348484,"rnf8/jagn1b/il4r.1/sele/c7a",5
"GO:0009132","nucleoside diphosphate metabolic process","4/2534","68/18773",0.0588235294117647,0.435790890942012,-1.84117314066608,0.986676251185194,0.999999999999988,0.880057037348484,"cmpk/pkma/dtymk/tigarb",4
"GO:0034097","response to cytokine","17/2534","197/18773",0.0862944162436548,0.639307449148434,-2.01035670270199,0.986897635106512,0.999999999999988,0.880057037348484,"adipor1a/relb/rel/pias4a/socs3a/jagn1b/il6st/il4r.1/jak1/nfkb2/spata2/rbmx/il6r/crfb1/ikbkb/commd7/jak2a",17
"GO:1901652","response to peptide","17/2534","197/18773",0.0862944162436548,0.639307449148434,-2.01035670270199,0.986897635106512,0.999999999999988,0.880057037348484,"adipor1a/relb/rel/pias4a/socs3a/jagn1b/il6st/il4r.1/jak1/nfkb2/spata2/rbmx/il6r/crfb1/ikbkb/commd7/jak2a",17
"GO:0007160","cell-matrix adhesion","6/2534","90/18773",0.0666666666666667,0.493896343067614,-1.90114989694024,0.986962829074023,0.999999999999988,0.880057037348484,"itga8/robo4/itgb5/itgb1b/itga5/ilk",6
"GO:0034765","regulation of monoatomic ion transmembrane transport","6/2534","90/18773",0.0666666666666667,0.493896343067614,-1.90114989694024,0.986962829074023,0.999999999999988,0.880057037348484,"wwp2/aplnrb/selenon/desma/park7/dmxl2",6
"GO:0002250","adaptive immune response","8/2534","111/18773",0.0720720720720721,0.533941992505528,-1.94536594114844,0.987345913919937,0.999999999999988,0.880057037348484,"c1qbp/rnf8/il4r.1/sele/brd4/c7a/opa1/cd81a",8
"GO:0009185","ribonucleoside diphosphate metabolic process","3/2534","57/18773",0.0526315789473684,0.389918165579695,-1.82220796442796,0.987548329961434,0.999999999999988,0.880057037348484,"cmpk/pkma/tigarb",3
"GO:0022414","reproductive process","35/2534","360/18773",0.0972222222222222,0.720265500306937,-2.11696628867032,0.9885927403475,0.999999999999988,0.880057037348484,"tp53/cdc25b/kif5ba/ptbp1a/ddx3xb/igf2bp3/nanos1/mre11a/dchs1b/top2b/tubgcp3/rnf8/gas8/h2ax/lgr4/dcaf13/tert/lhfpl2a/igf1rb/pum1/u2af2a/vipas39/ddx5/prmt7/ambra1b/smc3/rnf114/kdm6a/ctns/sox3/pgrmc1/rad50/pafah1b1b/prdm9/park7",35
"GO:0048232","male gamete generation","7/2534","102/18773",0.0686274509803922,0.508422706099014,-1.96646874453777,0.988674067590951,0.999999999999988,0.880057037348484,"tp53/rnf8/lgr4/tert/vipas39/rnf114/prdm9",7
"GO:0014070","response to organic cyclic compound","12/2534","152/18773",0.0789473684210526,0.584877248369543,-2.02990525311266,0.988780926235943,0.999999999999988,0.880057037348484,"jun/rap1b/rap1ab/esr1/bcl3/sult2st3/nr3c1/rap1aa/pgrmc1/cnot9/insig1/gnao1a",12
"GO:0017158","regulation of calcium ion-dependent exocytosis","1/2534","31/18773",0.032258064516129,0.238982101484329,-1.67512294888113,0.988879787802529,0.999999999999988,0.880057037348484,"ptbp1a",1
"GO:0046879","hormone secretion","1/2534","31/18773",0.032258064516129,0.238982101484329,-1.67512294888113,0.988879787802529,0.999999999999988,0.880057037348484,"park7",1
"GO:0051966","regulation of synaptic transmission, glutamatergic","1/2534","31/18773",0.032258064516129,0.238982101484329,-1.67512294888113,0.988879787802529,0.999999999999988,0.880057037348484,"slc38a2",1
"GO:0060078","regulation of postsynaptic membrane potential","1/2534","31/18773",0.032258064516129,0.238982101484329,-1.67512294888113,0.988879787802529,0.999999999999988,0.880057037348484,"slc6a9",1
"GO:0007127","meiosis I","2/2534","46/18773",0.0434782608695652,0.32210631069627,-1.81838290021059,0.989692782246884,0.999999999999988,0.880057037348484,"top2b/prdm9",2
"GO:0007043","cell-cell junction assembly","5/2534","82/18773",0.0609756097560976,0.451734460122817,-1.96544341320044,0.99005151394631,0.999999999999988,0.880057037348484,"dsc2l/marveld2a/cdh2/tjp1a/znf703",5
"GO:0042886","amide transport","3/2534","59/18773",0.0508474576271186,0.37670060064479,-1.89416731693994,0.990095294332291,0.999999999999988,0.880057037348484,"aqp8a.1/park7/slc15a4",3
"GO:0008202","steroid metabolic process","9/2534","124/18773",0.0725806451612903,0.537709728339741,-2.04021886781274,0.99010735785616,0.999999999999988,0.880057037348484,"hsd17b10/lbr/dhcr7/ch25h/fgfr4/insig1/apoeb/sdr42e1/erlin1",9
"GO:0002449","lymphocyte mediated immunity","4/2534","71/18773",0.0563380281690141,0.417377191324744,-1.94290500783333,0.990307336043674,0.999999999999988,0.880057037348484,"rnf8/il4r.1/sele/c7a",4
"GO:0007286","spermatid development","1/2534","32/18773",0.03125,0.231513910812944,-1.7186741955689,0.990383288907448,0.999999999999988,0.880057037348484,"rnf8",1
"GO:0019674","NAD metabolic process","1/2534","32/18773",0.03125,0.231513910812944,-1.7186741955689,0.990383288907448,0.999999999999988,0.880057037348484,"nadka",1
"GO:0048515","spermatid differentiation","1/2534","32/18773",0.03125,0.231513910812944,-1.7186741955689,0.990383288907448,0.999999999999988,0.880057037348484,"rnf8",1
"GO:0050772","positive regulation of axonogenesis","1/2534","32/18773",0.03125,0.231513910812944,-1.7186741955689,0.990383288907448,0.999999999999988,0.880057037348484,"si:dkey-40c11.2",1
"GO:0051480","regulation of cytosolic calcium ion concentration","1/2534","32/18773",0.03125,0.231513910812944,-1.7186741955689,0.990383288907448,0.999999999999988,0.880057037348484,"asph",1
"GO:0071881","adenylate cyclase-inhibiting adrenergic receptor signaling pathway","1/2534","32/18773",0.03125,0.231513910812944,-1.7186741955689,0.990383288907448,0.999999999999988,0.880057037348484,"adrb2a",1
"GO:0046942","carboxylic acid transport","14/2534","174/18773",0.0804597701149425,0.596081793357465,-2.11447324140505,0.99088052768555,0.999999999999988,0.880057037348484,"slc16a1b/slc38a7/slc27a1a/slc38a2/slc38a3b/slc6a9/slc16a10/ctns/vps18/slc16a6b/mfsd12a/slc25a11/mfsd2ab/slc1a3a",14
"GO:0006195","purine nucleotide catabolic process","4/2534","72/18773",0.0555555555555556,0.411580285889678,-1.97605935294281,0.991291475261793,0.999999999999988,0.880057037348484,"hint1/pkma/pde4d/tigarb",4
"GO:0009190","cyclic nucleotide biosynthetic process","1/2534","33/18773",0.0303030303030303,0.224498337758006,-1.76130207538283,0.991683579495385,0.999999999999988,0.880057037348484,"adcy2b",1
"GO:0070509","calcium ion import","1/2534","33/18773",0.0303030303030303,0.224498337758006,-1.76130207538283,0.991683579495385,0.999999999999988,0.880057037348484,"nr3c1",1
"GO:0006096","glycolytic process","2/2534","48/18773",0.0416666666666667,0.308685214417259,-1.89436860729309,0.991998455564179,0.999999999999988,0.880057037348484,"pkma/tigarb",2
"GO:0046032","ADP catabolic process","2/2534","48/18773",0.0416666666666667,0.308685214417259,-1.89436860729309,0.991998455564179,0.999999999999988,0.880057037348484,"pkma/tigarb",2
"GO:0140546","defense response to symbiont","34/2534","358/18773",0.0949720670391061,0.703595349062802,-2.23676110821588,0.992005523543375,0.999999999999988,0.880057037348484,"pycard/parp1/pqbp1/cnpy3/cnbpb/relb/rel/cybc1/pias4a/gramd4b/lgr4/otud6b/trafd1/tbk1/si:ch211-108d22.2/cactin/ilf3b/ch25h/nfkb2/serinc5/ecsit/caspa/prmt7/ankhd1/tlr5a/sod2/trim105/crfb1/c7a/n4bp1/trim25/tlr5b/ppp1r14bb/nek7",34
"GO:0015849","organic acid transport","14/2534","176/18773",0.0795454545454545,0.589308136614766,-2.16236958546542,0.992130199997135,0.999999999999988,0.880057037348484,"slc16a1b/slc38a7/slc27a1a/slc38a2/slc38a3b/slc6a9/slc16a10/ctns/vps18/slc16a6b/mfsd12a/slc25a11/mfsd2ab/slc1a3a",14
"GO:0034330","cell junction organization","30/2534","323/18773",0.0928792569659443,0.688090880434756,-2.23362409488353,0.992163943132073,0.999999999999988,0.880057037348484,"gars1/nop56/arhgef9b/myo7aa/ctnna1/ppfibp1a/csk/dsc2l/fmr1/inpp5ka/tmem108/abhd17c/marveld2a/cdh2/myo9aa/rasip1/prkci/mesd/zc4h2/flot1b/tjp1a/trip4/fbxo45/cyfip1/znf703/si:dkey-40c11.2/lims1/ptprfa/als2a/sncgb",30
"GO:0007193","adenylate cyclase-inhibiting G protein-coupled receptor signaling pathway","4/2534","73/18773",0.0547945205479452,0.4059421997816,-2.00885350282706,0.992179473269592,0.999999999999988,0.880057037348484,"psap/adcy2b/gnai2a/adrb2a",4
"GO:0050817","coagulation","4/2534","73/18773",0.0547945205479452,0.4059421997816,-2.00885350282706,0.992179473269592,0.999999999999988,0.880057037348484,"f13a1b/anxa5b/pros1/dcbld2",4
"GO:0010466","negative regulation of peptidase activity","5/2534","85/18773",0.0588235294117647,0.435790890942012,-2.05943021758799,0.992654884555457,0.999999999999988,0.880057037348484,"serpinh1b/appb/serpinh1a/serpinb1l3/serpinf1",5
"GO:0019226","transmission of nerve impulse","1/2534","34/18773",0.0294117647058824,0.217895445471006,-1.80305927826653,0.992808115757855,0.999999999999988,0.880057037348484,"depdc5",1
"GO:0071867","response to monoamine","1/2534","34/18773",0.0294117647058824,0.217895445471006,-1.80305927826653,0.992808115757855,0.999999999999988,0.880057037348484,"gnao1a",1
"GO:0071868","cellular response to monoamine stimulus","1/2534","34/18773",0.0294117647058824,0.217895445471006,-1.80305927826653,0.992808115757855,0.999999999999988,0.880057037348484,"gnao1a",1
"GO:0071869","response to catecholamine","1/2534","34/18773",0.0294117647058824,0.217895445471006,-1.80305927826653,0.992808115757855,0.999999999999988,0.880057037348484,"gnao1a",1
"GO:0071870","cellular response to catecholamine stimulus","1/2534","34/18773",0.0294117647058824,0.217895445471006,-1.80305927826653,0.992808115757855,0.999999999999988,0.880057037348484,"gnao1a",1
"GO:0099072","regulation of postsynaptic membrane neurotransmitter receptor levels","1/2534","34/18773",0.0294117647058824,0.217895445471006,-1.80305927826653,0.992808115757855,0.999999999999988,0.880057037348484,"rab11a",1
"GO:1903350","response to dopamine","1/2534","34/18773",0.0294117647058824,0.217895445471006,-1.80305927826653,0.992808115757855,0.999999999999988,0.880057037348484,"gnao1a",1
"GO:1903351","cellular response to dopamine","1/2534","34/18773",0.0294117647058824,0.217895445471006,-1.80305927826653,0.992808115757855,0.999999999999988,0.880057037348484,"gnao1a",1
"GO:0031047","regulatory ncRNA-mediated gene silencing","12/2534","158/18773",0.0759493670886076,0.562666719950446,-2.18066266316918,0.992944531115028,0.999999999999988,0.880057037348484,"eif1axb/tnrc6c2/pum1/tarbp2/dgcr8/srrt/cnot9/ncbp2/snd1/mov10a/eri1/lin28b",12
"GO:0009137","purine nucleoside diphosphate catabolic process","2/2534","49/18773",0.0408163265306122,0.302385516163845,-1.93149304982496,0.99295369046727,0.999999999999988,0.880057037348484,"pkma/tigarb",2
"GO:0009181","purine ribonucleoside diphosphate catabolic process","2/2534","49/18773",0.0408163265306122,0.302385516163845,-1.93149304982496,0.99295369046727,0.999999999999988,0.880057037348484,"pkma/tigarb",2
"GO:0007283","spermatogenesis","6/2534","97/18773",0.0618556701030928,0.458254338928714,-2.11309154990999,0.993322697617083,0.999999999999988,0.880057037348484,"tp53/rnf8/lgr4/tert/vipas39/rnf114",6
"GO:0098661","inorganic anion transmembrane transport","5/2534","86/18773",0.0581395348837209,0.430723555000826,-2.09016987603878,0.993367724446461,0.999999999999988,0.880057037348484,"slc37a2/slc26a2/slc26a11/slc12a7a/slc25a11",5
"GO:0030317","flagellated sperm motility","1/2534","35/18773",0.0285714285714286,0.211669861314692,-1.84399386756659,0.99378064549101,0.999999999999988,0.880057037348484,"gas8",1
"GO:0009191","ribonucleoside diphosphate catabolic process","2/2534","50/18773",0.04,0.296337805840568,-1.96806953583101,0.993796960928969,0.999999999999988,0.880057037348484,"pkma/tigarb",2
"GO:0061387","regulation of extent of cell growth","2/2534","50/18773",0.04,0.296337805840568,-1.96806953583101,0.993796960928969,0.999999999999988,0.880057037348484,"mapk14a/si:dkey-40c11.2",2
"GO:0006066","alcohol metabolic process","13/2534","170/18773",0.0764705882352941,0.566528158224616,-2.24270832856112,0.994051880487068,0.999999999999988,0.880057037348484,"nus1/lbr/dhcr7/sptlc2b/tpk1/sptlc2a/ch25h/ipmkb/idh3g/insig1/apoeb/erlin1/park7",13
"GO:0019751","polyol metabolic process","3/2534","64/18773",0.046875,0.347270866219416,-2.0662203472581,0.994454743240344,0.999999999999988,0.880057037348484,"sptlc2b/sptlc2a/ipmkb",3
"GO:0019364","pyridine nucleotide catabolic process","2/2534","51/18773",0.0392156862745098,0.290527260628008,-2.00411951793546,0.994541074196038,0.999999999999988,0.880057037348484,"pkma/tigarb",2
"GO:0072526","pyridine-containing compound catabolic process","2/2534","51/18773",0.0392156862745098,0.290527260628008,-2.00411951793546,0.994541074196038,0.999999999999988,0.880057037348484,"pkma/tigarb",2
"GO:0043269","regulation of monoatomic ion transport","7/2534","110/18773",0.0636363636363636,0.471446509291813,-2.19620814090968,0.994584617758492,0.999999999999988,0.880057037348484,"wwp2/aplnrb/selenon/saraf/desma/park7/dmxl2",7
"GO:0001523","retinoid metabolic process","1/2534","36/18773",0.0277777777777778,0.205790142944839,-1.88414981481368,0.994621708802238,0.999999999999988,0.880057037348484,"kdm1a",1
"GO:0097722","sperm motility","1/2534","36/18773",0.0277777777777778,0.205790142944839,-1.88414981481368,0.994621708802238,0.999999999999988,0.880057037348484,"gas8",1
"GO:0033993","response to lipid","14/2534","182/18773",0.0769230769230769,0.569880395847247,-2.30331053044293,0.994988326902271,0.999999999999988,0.880057037348484,"cd276/jun/esr1/raraa/bcl3/sult2st3/nr3c1/tnip1/tet3/pgrmc1/cnot9/insig1/si:dkey-169i5.4/tet1",14
"GO:0046031","ADP metabolic process","2/2534","52/18773",0.0384615384615385,0.284940197923623,-2.03966315930253,0.995197421684006,0.999999999999988,0.880057037348484,"pkma/tigarb",2
"GO:0016101","diterpenoid metabolic process","1/2534","37/18773",0.027027027027027,0.200228247189573,-1.92356745899877,0.995349071234598,0.999999999999988,0.880057037348484,"kdm1a",1
"GO:0031629","synaptic vesicle fusion to presynaptic active zone membrane","1/2534","37/18773",0.027027027027027,0.200228247189573,-1.92356745899877,0.995349071234598,0.999999999999988,0.880057037348484,"snap29",1
"GO:0033559","unsaturated fatty acid metabolic process","1/2534","37/18773",0.027027027027027,0.200228247189573,-1.92356745899877,0.995349071234598,0.999999999999988,0.880057037348484,"elovl1b",1
"GO:0070286","axonemal dynein complex assembly","1/2534","37/18773",0.027027027027027,0.200228247189573,-1.92356745899877,0.995349071234598,0.999999999999988,0.880057037348484,"ruvbl1",1
"GO:0099500","vesicle fusion to plasma membrane","1/2534","37/18773",0.027027027027027,0.200228247189573,-1.92356745899877,0.995349071234598,0.999999999999988,0.880057037348484,"snap29",1
"GO:2001236","regulation of extrinsic apoptotic signaling pathway","1/2534","37/18773",0.027027027027027,0.200228247189573,-1.92356745899877,0.995349071234598,0.999999999999988,0.880057037348484,"snx13",1
"GO:0010959","regulation of metal ion transport","4/2534","78/18773",0.0512820512820513,0.379920263898164,-2.16775922365053,0.99546361069964,0.999999999999988,0.880057037348484,"aplnrb/selenon/saraf/desma",4
"GO:0042445","hormone metabolic process","3/2534","66/18773",0.0454545454545455,0.336747506637009,-2.1321989398902,0.995615864752615,0.999999999999988,0.880057037348484,"kdm1a/hsd17b10/ide",3
"GO:0071345","cellular response to cytokine stimulus","14/2534","184/18773",0.0760869565217391,0.563686043718472,-2.3494106863978,0.995700918216778,0.999999999999988,0.880057037348484,"adipor1a/pias4a/socs3a/jagn1b/il6st/il4r.1/jak1/spata2/rbmx/il6r/crfb1/ikbkb/commd7/jak2a",14
"GO:0009135","purine nucleoside diphosphate metabolic process","2/2534","53/18773",0.0377358490566038,0.279563967774121,-2.07471943598081,0.995776127670154,0.999999999999988,0.880057037348484,"pkma/tigarb",2
"GO:0009179","purine ribonucleoside diphosphate metabolic process","2/2534","53/18773",0.0377358490566038,0.279563967774121,-2.07471943598081,0.995776127670154,0.999999999999988,0.880057037348484,"pkma/tigarb",2
"GO:0015908","fatty acid transport","2/2534","53/18773",0.0377358490566038,0.279563967774121,-2.07471943598081,0.995776127670154,0.999999999999988,0.880057037348484,"slc27a1a/mfsd2ab",2
"GO:0009617","response to bacterium","17/2534","215/18773",0.0790697674418605,0.585784034801123,-2.4130116343745,0.996271225356869,0.999999999999988,0.880057037348484,"hsp90b1/cd276/cfl1/pycard/asap1a/atp5fa1/shrprbck1r/rab14/zgc:153631/lta4h/pcna/tnip1/tet3/zranb2/si:dkey-169i5.4/ppp1r11/tet1",17
"GO:0015718","monocarboxylic acid transport","4/2534","80/18773",0.05,0.37042225730071,-2.2291217724688,0.996362602665238,0.999999999999988,0.880057037348484,"slc16a1b/slc27a1a/vps18/mfsd2ab",4
"GO:0030516","regulation of axon extension","1/2534","39/18773",0.0256410256410256,0.189960131949082,-2.00033335592752,0.996522080204352,0.999999999999988,0.880057037348484,"si:dkey-40c11.2",1
"GO:0045103","intermediate filament-based process","1/2534","39/18773",0.0256410256410256,0.189960131949082,-2.00033335592752,0.996522080204352,0.999999999999988,0.880057037348484,"nefmb",1
"GO:0045104","intermediate filament cytoskeleton organization","1/2534","39/18773",0.0256410256410256,0.189960131949082,-2.00033335592752,0.996522080204352,0.999999999999988,0.880057037348484,"nefmb",1
"GO:0019221","cytokine-mediated signaling pathway","13/2534","177/18773",0.0734463276836158,0.544123089820252,-2.40715135095636,0.996570348783671,0.999999999999988,0.880057037348484,"adipor1a/pias4a/socs3a/jagn1b/il6st/il4r.1/jak1/spata2/il6r/crfb1/ikbkb/commd7/jak2a",13
"GO:0007189","adenylate cyclase-activating G protein-coupled receptor signaling pathway","10/2534","147/18773",0.0680272108843537,0.503975860273075,-2.38495735428261,0.996687873517321,0.999999999999988,0.880057037348484,"adma/adcy2b/lpar2a/gpr157/gna13a/adgrl4/prkar2aa/rxfp2a/s1pr5a/adrb2a",10
"GO:0051960","regulation of nervous system development","12/2534","168/18773",0.0714285714285714,0.529174653286729,-2.42146711651693,0.996844576103796,0.999999999999988,0.880057037348484,"chd7/nf2b/her13/fmr1/znf16l/grnb/notch1a/numb/hdac1/serpinf1/si:dkey-40c11.2/fxr2",12
"GO:1902476","chloride transmembrane transport","3/2534","69/18773",0.0434782608695652,0.32210631069627,-2.22842399703375,0.996926843235921,0.999999999999988,0.880057037348484,"slc26a2/slc26a11/slc12a7a",3
"GO:0050804","modulation of chemical synaptic transmission","11/2534","159/18773",0.0691823899371069,0.512533940919222,-2.43838358968628,0.997139032767566,0.999999999999988,0.880057037348484,"rab5ab/slc38a2/rap1b/rap1ab/fmr1/atf4a/slc6a9/camk2g1/rap1aa/caska/fxr2",11
"GO:0099177","regulation of trans-synaptic signaling","11/2534","159/18773",0.0691823899371069,0.512533940919222,-2.43838358968628,0.997139032767566,0.999999999999988,0.880057037348484,"rab5ab/slc38a2/rap1b/rap1ab/fmr1/atf4a/slc6a9/camk2g1/rap1aa/caska/fxr2",11
"GO:0007596","blood coagulation","3/2534","70/18773",0.0428571428571429,0.317504791972037,-2.2598100026951,0.997272045603963,0.999999999999988,0.880057037348484,"f13a1b/pros1/dcbld2",3
"GO:0098656","monoatomic anion transmembrane transport","4/2534","83/18773",0.0481927710843374,0.357033501012733,-2.3190049611695,0.997396189200425,0.999999999999988,0.880057037348484,"slc26a2/slc26a11/slc12a7a/zgc:56235",4
"GO:1901888","regulation of cell junction assembly","1/2534","41/18773",0.024390243902439,0.180693784049127,-2.07455541813696,0.997399331882994,0.999999999999988,0.880057037348484,"flot1b",1
"GO:0001578","microtubule bundle formation","3/2534","71/18773",0.0422535211267606,0.313032893493558,-2.29086779915629,0.99757931220221,0.999999999999988,0.880057037348484,"ccser2a/ruvbl1/gas8",3
"GO:0007599","hemostasis","3/2534","71/18773",0.0422535211267606,0.313032893493558,-2.29086779915629,0.99757931220221,0.999999999999988,0.880057037348484,"f13a1b/pros1/dcbld2",3
"GO:0098609","cell-cell adhesion","42/2534","452/18773",0.0929203539823009,0.688395345426099,-2.64897282777163,0.997752605500595,0.999999999999988,0.880057037348484,"hspd1/cd276/pcdh17/cfl1/acvr1l/smarca5/si:ch73-22o12.1/ctnna1/cdk5rap3/itga8/robo4/arvcfb/celsr1a/hs2st1a/dchs1b/htt/pcdh2g28/zgc:153631/dsc2l/kirrel3l/gna13a/itgb5/appb/cdh2/brd4/itga5/pcdh1gc5/zeb1b/ambra1b/gna12a/tet3/flot1b/pkp4/dcbld2/tjp1a/vezt/si:dkey-169i5.4/znf703/ctnnd1/opa1/lims1/ptprfa",42
"GO:0140013","meiotic nuclear division","2/2534","58/18773",0.0344827586206897,0.255463625724628,-2.24328234417968,0.997786548277122,0.999999999999988,0.880057037348484,"top2b/prdm9",2
"GO:1901615","organic hydroxy compound metabolic process","18/2534","232/18773",0.0775862068965517,0.574793157880413,-2.57428482670592,0.997826041023546,0.999999999999988,0.880057037348484,"nus1/ldha/ddt/lbr/dhcr7/sptlc2b/tpk1/sptlc2a/ch25h/ipmkb/fgfr4/idh3g/mfsd12a/insig1/hagh/apoeb/erlin1/park7",18
"GO:0007416","synapse assembly","4/2534","85/18773",0.0470588235294118,0.34863271275361,-2.37756791332779,0.99792032008237,0.999999999999988,0.880057037348484,"gars1/arhgef9b/cdh2/fbxo45",4
"GO:0072523","purine-containing compound catabolic process","4/2534","85/18773",0.0470588235294118,0.34863271275361,-2.37756791332779,0.99792032008237,0.999999999999988,0.880057037348484,"hint1/pkma/pde4d/tigarb",4
"GO:0006023","aminoglycan biosynthetic process","1/2534","43/18773",0.0232558139534884,0.17228942200033,-2.14645991111748,0.99805537530187,0.999999999999988,0.880057037348484,"kctd10",1
"GO:0009134","nucleoside diphosphate catabolic process","2/2534","59/18773",0.0338983050847458,0.251133733763193,-2.27575705629107,0.998056416836589,0.999999999999988,0.880057037348484,"pkma/tigarb",2
"GO:0010817","regulation of hormone levels","5/2534","98/18773",0.0510204081632653,0.377981895204806,-2.4387354730581,0.998116382496,0.999999999999988,0.880057037348484,"kdm1a/hsd17b10/slc16a10/park7/ide",5
"GO:0009583","detection of light stimulus","2/2534","60/18773",0.0333333333333333,0.246948171533807,-2.30785075833996,0.998293795609561,0.999999999999988,0.880057037348484,"dlat/lamb1a",2
"GO:0090288","negative regulation of cellular response to growth factor stimulus","2/2534","60/18773",0.0333333333333333,0.246948171533807,-2.30785075833996,0.998293795609561,0.999999999999988,0.880057037348484,"nup62l/spry4",2
"GO:0030514","negative regulation of BMP signaling pathway","1/2534","45/18773",0.0222222222222222,0.164632114355871,-2.21624245037836,0.99854597407252,0.999999999999988,0.880057037348484,"nup62l",1
"GO:0098742","cell-cell adhesion via plasma-membrane adhesion molecules","14/2534","198/18773",0.0707070707070707,0.523829454768681,-2.66078417265973,0.998586242529731,0.999999999999988,0.880057037348484,"pcdh17/cfl1/acvr1l/si:ch73-22o12.1/cdk5rap3/robo4/celsr1a/dchs1b/pcdh2g28/dsc2l/cdh2/pcdh1gc5/zeb1b/ptprfa",14
"GO:0015711","organic anion transport","19/2534","248/18773",0.0766129032258065,0.567582491025282,-2.70787703960545,0.998636309852464,0.999999999999988,0.880057037348484,"slc16a1b/slc38a7/slc37a2/slc27a1a/slc38a2/slc38a3b/slc17a9b/slc35b4/slc6a9/slco5a1a/slc16a10/ctns/vps18/slc16a6b/mfsd12a/slc25a11/slc35b3/mfsd2ab/slc1a3a",19
"GO:0098739","import across plasma membrane","7/2534","125/18773",0.056,0.414872928176796,-2.59279395377033,0.998738031143804,0.999999999999988,0.880057037348484,"slc38a2/slc6a9/slc12a7a/slc39a6/slc9a7/slc1a3a/slc15a4",7
"GO:0035082","axoneme assembly","2/2534","63/18773",0.0317460317460317,0.235188734794102,-2.40196455473024,0.998847307067657,0.999999999999988,0.880057037348484,"ruvbl1/gas8",2
"GO:1901700","response to oxygen-containing compound","31/2534","364/18773",0.0851648351648352,0.630939009688023,-2.80874733180509,0.998854408333493,0.999999999999988,0.880057037348484,"cd276/prdx1/pik3r2/agtrap/gsk3ab/rap1b/rap1ab/esr1/inpp5ka/raraa/jak1/gpx1a/sult2st3/pik3r1/txndc12/nr3c1/prkci/lpin2/tnip1/tet3/rap1aa/pgrmc1/sod2/edem1/insig1/nr4a1/si:dkey-169i5.4/park7/gnao1a/tet1/jak2a",31
"GO:0009410","response to xenobiotic stimulus","4/2534","91/18773",0.043956043956044,0.325645940484141,-2.54727554189297,0.998949282896595,0.999999999999988,0.880057037348484,"esr1/cyb5a/apobb.1/hmox1a",4
"GO:0071466","cellular response to xenobiotic stimulus","3/2534","80/18773",0.0375,0.277816692975533,-2.55700674312224,0.999185968669442,0.999999999999988,0.880057037348484,"cyb5a/apobb.1/hmox1a",3
"GO:0043297","apical junction assembly","1/2534","50/18773",0.02,0.148168902920284,-2.38248245500632,0.999297171232697,0.999999999999988,0.880057037348484,"marveld2a",1
"GO:0070830","bicellular tight junction assembly","1/2534","50/18773",0.02,0.148168902920284,-2.38248245500632,0.999297171232697,0.999999999999988,0.880057037348484,"marveld2a",1
"GO:0060294","cilium movement involved in cell motility","1/2534","51/18773",0.0196078431372549,0.145263630314004,-2.41446040998461,0.99939229317343,0.999999999999988,0.880057037348484,"gas8",1
"GO:0035249","synaptic transmission, glutamatergic","2/2534","68/18773",0.0294117647058824,0.217895445471006,-2.55222731408152,0.999402955154977,0.999999999999988,0.880057037348484,"slc38a2/als2a",2
"GO:0006959","humoral immune response","3/2534","84/18773",0.0357142857142857,0.264587326643364,-2.66843518180085,0.999502190205667,0.999999999999988,0.880057037348484,"spns2/sele/c7a",3
"GO:0007018","microtubule-based movement","18/2534","252/18773",0.0714285714285714,0.529174653286729,-2.97239708378541,0.999531239615279,0.999999999999988,0.880057037348484,"kif5ba/ruvbl1/psen2/mcamb/gas8/arl8bb/kifap3b/ap3d1/rhot1a/rpgrb/copg2/tmem108/kif1b/arl8a/fyco1a/kifc3/vezt/pafah1b1b",18
"GO:0120192","tight junction assembly","1/2534","54/18773",0.0185185185185185,0.137193428629893,-2.50811785020389,0.999607168699402,0.999999999999988,0.880057037348484,"marveld2a",1
"GO:0120193","tight junction organization","1/2534","54/18773",0.0185185185185185,0.137193428629893,-2.50811785020389,0.999607168699402,0.999999999999988,0.880057037348484,"marveld2a",1
"GO:0050878","regulation of body fluid levels","3/2534","86/18773",0.0348837209302326,0.258434133000496,-2.72275210034941,0.999611304427605,0.999999999999988,0.880057037348484,"f13a1b/pros1/dcbld2",3
"GO:0097191","extrinsic apoptotic signaling pathway","1/2534","57/18773",0.0175438596491228,0.129972721859898,-2.59861963764726,0.999746086749664,0.999999999999988,0.880057037348484,"snx13",1
"GO:0001539","cilium or flagellum-dependent cell motility","1/2534","58/18773",0.0172413793103448,0.127731812862314,-2.62813730961098,0.999780464617603,0.999999999999988,0.880057037348484,"gas8",1
"GO:0060285","cilium-dependent cell motility","1/2534","58/18773",0.0172413793103448,0.127731812862314,-2.62813730961098,0.999780464617603,0.999999999999988,0.880057037348484,"gas8",1
"GO:0070588","calcium ion transmembrane transport","9/2534","166/18773",0.0542168674698795,0.401662688639324,-3.05872820599007,0.99979568935738,0.999999999999988,0.880057037348484,"atp2a2b/aplnrb/selenon/smdt1b/itpr3/letm2/tmco1/grin1a/desma",9
"GO:0007156","homophilic cell adhesion via plasma membrane adhesion molecules","9/2534","167/18773",0.0538922155688623,0.399257522839089,-3.08034248229235,0.999815014185563,0.999999999999988,0.880057037348484,"pcdh17/si:ch73-22o12.1/robo4/celsr1a/dchs1b/pcdh2g28/dsc2l/cdh2/pcdh1gc5",9
"GO:0006816","calcium ion transport","11/2534","190/18773",0.0578947368421053,0.428909982137665,-3.12537686698812,0.999824729924117,0.999999999999988,0.880057037348484,"atp2a2b/aplnrb/selenon/smdt1b/itpr3/letm2/tmco1/nr3c1/grin1a/saraf/desma",11
"GO:0030198","extracellular matrix organization","11/2534","190/18773",0.0578947368421053,0.428909982137665,-3.12537686698812,0.999824729924117,0.999999999999988,0.880057037348484,"serpinh1b/myh9a/col4a1/cemip2/col4a2/kirrel3l/crtap/itga5/vangl2/serpinh1a/lamb1a",11
"GO:0043062","extracellular structure organization","11/2534","190/18773",0.0578947368421053,0.428909982137665,-3.12537686698812,0.999824729924117,0.999999999999988,0.880057037348484,"serpinh1b/myh9a/col4a1/cemip2/col4a2/kirrel3l/crtap/itga5/vangl2/serpinh1a/lamb1a",11
"GO:1990573","potassium ion import across plasma membrane","1/2534","60/18773",0.0166666666666667,0.123474085766903,-2.68625733236407,0.999835891172053,0.999999999999988,0.880057037348484,"slc12a7a",1
"GO:0045229","external encapsulating structure organization","11/2534","191/18773",0.0575916230366492,0.426664380136944,-3.14599709383442,0.999840581747137,0.999999999999988,0.880057037348484,"serpinh1b/myh9a/col4a1/cemip2/col4a2/kirrel3l/crtap/itga5/vangl2/serpinh1a/lamb1a",11
"GO:0098659","inorganic cation import across plasma membrane","3/2534","96/18773",0.03125,0.231513910812944,-2.98192698208951,0.999888730884581,0.999999999999988,0.880057037348484,"slc12a7a/slc39a6/slc9a7",3
"GO:0099587","inorganic ion import across plasma membrane","3/2534","96/18773",0.03125,0.231513910812944,-2.98192698208951,0.999888730884581,0.999999999999988,0.880057037348484,"slc12a7a/slc39a6/slc9a7",3
"GO:0001508","action potential","2/2534","81/18773",0.0246913580246914,0.182924571506524,-2.91109052530272,0.999894286598207,0.999999999999988,0.880057037348484,"tmem161b/depdc5",2
"GO:0007188","adenylate cyclase-modulating G protein-coupled receptor signaling pathway","14/2534","231/18773",0.0606060606060606,0.448996675516013,-3.32859424442595,0.999918506814664,0.999999999999988,0.880057037348484,"adma/psap/adcy2b/lpar2a/gnai2a/gpr157/gna13a/adgrl4/gna12a/prkar2aa/rxfp2a/s1pr5a/adrb2a/gnao1a",14
"GO:0003341","cilium movement","4/2534","113/18773",0.0353982300884956,0.262245845876609,-3.10723430315466,0.999921446538542,0.999999999999988,0.880057037348484,"ruvbl1/mcamb/gas8/rpgrb",4
"GO:0034329","cell junction assembly","9/2534","186/18773",0.0483870967741935,0.358473152226494,-3.47332638950363,0.999973325869307,0.999999999999988,0.880057037348484,"gars1/arhgef9b/dsc2l/marveld2a/cdh2/flot1b/tjp1a/fbxo45/znf703",9
"GO:0007218","neuropeptide signaling pathway","1/2534","75/18773",0.0133333333333333,0.0987792686135228,-3.08917964566084,0.999981512681435,0.999999999999988,0.880057037348484,"cysltr1",1
"GO:0016441","post-transcriptional gene silencing","3/2534","111/18773",0.027027027027027,0.200228247189573,-3.33831562507474,0.999983565724253,0.999999999999988,0.880057037348484,"tnrc6c2/tarbp2/mov10a",3
"GO:0050906","detection of stimulus involved in sensory perception","6/2534","168/18773",0.0357142857142857,0.264587326643364,-3.78224668241444,0.99999707420741,0.999999999999988,0.880057037348484,"myo7aa/pigk/dlat/pigu/myo6b/lamb1a",6
"GO:0035194","regulatory ncRNA-mediated post-transcriptional gene silencing","2/2534","109/18773",0.018348623853211,0.135934773321362,-3.57385025076915,0.999997641279969,0.999999999999988,0.880057037348484,"tnrc6c2/mov10a",2
"GO:0035725","sodium ion transmembrane transport","2/2534","120/18773",0.0166666666666667,0.123474085766903,-3.80504656109916,0.999999480919024,0.999999999999988,0.880057037348484,"slc6a9/slc9a7",2
"GO:0035195","miRNA-mediated post-transcriptional gene silencing","1/2534","106/18773",0.00943396226415094,0.0698909919435303,-3.79339839879486,0.99999979837562,0.999999999999988,0.880057037348484,"tnrc6c2",1
"GO:0006814","sodium ion transport","4/2534","165/18773",0.0242424242424242,0.179598670206405,-4.18116605792299,0.99999988238989,0.999999999999988,0.880057037348484,"slc38a7/slc38a2/slc6a9/slc9a7",4
"GO:0007601","visual perception","4/2534","167/18773",0.0239520958083832,0.177447787928484,-4.21768497996316,0.99999990909181,0.999999999999988,0.880057037348484,"dlat/atp5if1a/lamb1a/pdcl",4
"GO:0050953","sensory perception of light stimulus","4/2534","170/18773",0.0235294117647059,0.174316356376805,-4.27194434758689,0.999999938271072,0.999999999999988,0.880057037348484,"dlat/atp5if1a/lamb1a/pdcl",4
"GO:0042391","regulation of membrane potential","4/2534","178/18773",0.0224719101123595,0.166481913393578,-4.41373114199424,0.999999978111785,0.999999999999988,0.880057037348484,"slc6a9/tmem161b/depdc5/grin1a",4
"GO:0051606","detection of stimulus","7/2534","232/18773",0.0301724137931034,0.223530672509049,-4.70089615256082,0.999999992582646,0.999999999999988,0.880057037348484,"myo7aa/stx4/pigk/dlat/pigu/myo6b/lamb1a",7
"GO:0007268","chemical synaptic transmission","18/2534","389/18773",0.0462724935732648,0.342807230406827,-5.17400100608651,0.99999999865074,0.999999999999988,0.880057037348484,"rab5ab/slc38a2/snapin/rap1b/rap1ab/fmr1/atf4a/snap29/slc6a9/slc12a7a/grin1a/camk2g1/stxbp3/rap1aa/als2a/sncgb/caska/fxr2",18
"GO:0098916","anterograde trans-synaptic signaling","18/2534","389/18773",0.0462724935732648,0.342807230406827,-5.17400100608651,0.99999999865074,0.999999999999988,0.880057037348484,"rab5ab/slc38a2/snapin/rap1b/rap1ab/fmr1/atf4a/snap29/slc6a9/slc12a7a/grin1a/camk2g1/stxbp3/rap1aa/als2a/sncgb/caska/fxr2",18
"GO:0099537","trans-synaptic signaling","18/2534","390/18773",0.0461538461538462,0.341928237508348,-5.18771731599536,0.999999998783652,0.999999999999988,0.880057037348484,"rab5ab/slc38a2/snapin/rap1b/rap1ab/fmr1/atf4a/snap29/slc6a9/slc12a7a/grin1a/camk2g1/stxbp3/rap1aa/als2a/sncgb/caska/fxr2",18
"GO:0007608","sensory perception of smell","1/2534","142/18773",0.00704225352112676,0.052172148915593,-4.47851973510233,0.999999998949733,0.999999999999988,0.880057037348484,"ric8b",1
"GO:0099536","synaptic signaling","18/2534","402/18773",0.0447761194029851,0.331721424448397,-5.35036121639026,0.999999999652749,0.999999999999988,0.880057037348484,"rab5ab/slc38a2/snapin/rap1b/rap1ab/fmr1/atf4a/snap29/slc6a9/slc12a7a/grin1a/camk2g1/stxbp3/rap1aa/als2a/sncgb/caska/fxr2",18
"GO:0071805","potassium ion transmembrane transport","2/2534","174/18773",0.0114942528735632,0.0851545419082093,-4.78912861402156,0.999999999723465,0.999999999999988,0.880057037348484,"slc12a7a/slc9a7",2
"GO:0007606","sensory perception of chemical stimulus","1/2534","158/18773",0.00632911392405063,0.0468888933292038,-4.7524711678319,0.999999999898842,0.999999999999988,0.880057037348484,"ric8b",1
"GO:0006813","potassium ion transport","2/2534","192/18773",0.0104166666666667,0.0771713036043147,-5.07710448077221,0.999999999978222,0.999999999999988,0.880057037348484,"slc12a7a/slc9a7",2
"GO:0007600","sensory perception","11/2534","399/18773",0.0275689223057644,0.204242848636983,-6.34664313698866,0.999999999999988,0.999999999999988,0.880057037348484,"spns2/myo7aa/ric8b/pigk/dlat/slc26a2/atp5if1a/pigu/myo6b/lamb1a/pdcl",11
