"Gene","waldStat","df","pvalue","FDR"
"icn",129.545873025024,5,0,0
"meox1",96.6235284521459,4,0,0
"gpm6ab",86.4564337937355,5,0,0
"ptn",77.7400274498474,5,2.44249065417534e-15,1.19926291120009e-12
"rgcc",63.2049701984778,5,2.63999933025616e-12,1.03699173692462e-09
"si:dkey-251i10.2",60.2584965420028,5,1.07477360344888e-11,3.51809226195599e-09
"bmp6",59.3404329283818,5,1.66341385110513e-11,4.66706400510069e-09
"slc29a1a",58.7645267378054,5,2.18732809642574e-11,5.3698904767252e-09
"igfbp1a",53.3932938791593,5,2.79259504409879e-10,6.09406296290002e-08
"tubb2b",52.4539443926368,5,4.35362079720392e-10,8.55051124570849e-08
"cdh6",49.0580435091035,5,2.15944928605438e-09,3.85559854346437e-07
"hspa5",47.2278078108333,5,5.10518771701385e-09,8.35549056351266e-07
"col4a1",46.2806536326297,5,7.96229082666855e-09,1.20291839873669e-06
"pclaf",45.114982512874,5,1.37484224005391e-08,1.92870725676134e-06
"ace",43.8768993404022,5,2.45339498716746e-08,3.21231183653126e-06
"cebpb",43.6071421957253,5,2.78295569922093e-08,3.4160781207937e-06
"sesn1",41.4911911959049,5,7.46556076958171e-08,8.6249184420344e-06
"mrc1b",40.9330850589188,5,9.6794047332871e-08,1.0561306053431e-05
"eya1",40.7725410547242,5,1.04297132708098e-07,1.07810299283528e-05
"nfatc1",40.154148860674,5,1.39020142064794e-07,1.36517779507628e-05
"dnajb1b",30.6199042232155,2,2.24373870483241e-07,2.09842991251945e-05
"pcna",37.2627491105655,5,5.30520861685702e-07,4.6787780384636e-05
"sgk1",37.1928637298367,5,5.47922071714169e-07,4.6787780384636e-05
"mical2a",36.7100123142307,5,6.84705010356446e-07,5.60316933475025e-05
"selenop",36.070537270265,5,9.1944691560375e-07,7.22317496898306e-05
"nhsl2",35.9828828487526,5,9.57328479933572e-07,7.2315120561136e-05
"nkain4",35.7050177133958,5,1.08798267339782e-06,7.91406655760492e-05
"si:ch211-147k10.5",35.2684032304587,5,1.3300090451196e-06,9.32906344505316e-05
"hapln3",35.0081748103793,5,1.49900904145017e-06,0.000101519095083039
"LO018188.1",34.7426894447715,5,1.69344190958931e-06,0.000110863997014447
"aqp1a.1",34.6712442754872,5,1.74992048507239e-06,0.000110865930086522
"kif26ab",33.5296044870094,5,2.95358959689906e-06,0.00018127656150968
"calcrla",32.4509867754093,5,4.83635192860543e-06,0.000287836217811547
"tmsb1",31.8326464248924,5,6.41224264896767e-06,0.000370401310663897
"ptmaa",31.3995606657705,5,7.81043004505211e-06,0.000428318619203671
"bsg",31.3881629570015,5,7.8510541198229e-06,0.000428318619203671
"kif26aa",31.162043282279,5,8.70182097156835e-06,0.000461902064544871
"actb1",30.7331485216403,5,1.05749516923215e-05,0.000546558029571563
"cldn11a",30.6138174369549,5,1.11638995717867e-05,0.000562202532281769
"sox11b",29.8558043227832,5,1.57443752571984e-05,0.000764641586131478
"arid5b",29.8254330172201,5,1.59624771035594e-05,0.000764641586131478
"dut",29.0050621549042,5,2.31346245098685e-05,0.0010818191080329
"unc5b",28.4399957814687,5,2.98543528182149e-05,0.0013635802077901
"sumo3b",27.973889911624,5,3.68290407515293e-05,0.00161860989760763
"col1a2",27.9584243779872,5,3.70862756580159e-05,0.00161860989760763
"magi2a",27.7245963936264,5,4.11997832314714e-05,0.00175905161449152
"col5a1",19.7157847387813,2,5.23325311685419e-05,0.00218683172797907
"podxl",27.1307736743571,5,5.3792953631393e-05,0.00220102835275116
"meis1a",26.811118104164,5,6.20821061020349e-05,0.00248835217111013
"meox2a",24.2616917861582,4,7.07837019375823e-05,0.00278038381210823
"CABZ01021592.1",26.2107771821256,5,8.12164295549422e-05,0.00312762877737072
"add3a",26.0829170017005,5,8.5991664218521e-05,0.00324783901009952
"sox11a",25.9428476054795,5,9.15424930534314e-05,0.00339225389352716
"tuba1b",25.7997104024215,5,9.75814639355699e-05,0.00354907398461962
"hapln1b",25.4789918784176,5,0.000112582371542658,0.00402021414017781
"mylipa",18.1414972906065,2,0.00011498042686009,0.004032527827736
"ch25h",25.3411387041759,5,0.000119711800574018,0.00406579377152698
"hmgn2",25.3344425801083,5,0.000120069266165257,0.00406579377152698
"zgc:162730",25.2959217130745,5,0.000122146281225421,0.00406602197163945
"CABZ01065684.1",25.1735182362154,5,0.000128985121539804,0.00422211297840292
"plpp3",25.0992353398646,5,0.000133318792281845,0.00429242800068103
"cndp2",25.0509366578229,5,0.000136213535698704,0.00431489329213313
"ackr3b",24.9807172641352,5,0.00014053337350306,0.00438107215174619
"emid1",24.666232085133,5,0.000161603891343787,0.00495921941561245
"hist2h2l",24.3640105309791,5,0.000184787895607275,0.00558343733804134
"socs3a",24.3040688567723,5,0.000189762765719248,0.00564687987685762
"abcc2",17.0005635264747,2,0.000203411047180246,0.00590219817902063
"sox4a.1",24.1368397650267,5,0.000204353093774645,0.00590219817902063
"zfpm1",23.001665184487,5,0.000337318714869306,0.00960136168120749
"pbx1a",22.9555040805657,5,0.000344242137335304,0.00965845082466483
"mgat4b",22.5676509289281,5,0.000408237848381621,0.0112926638622747
"itga4",22.5259048557985,5,0.000415789925069521,0.0113418251782853
"hoxb8a",22.4813720803146,5,0.000423998189056252,0.0114072937439244
"npl",22.2946959948668,5,0.000460182303468115,0.0122134870812348
"hmgb2b",22.2138422249597,5,0.000476784965657395,0.0124854089673483
"hist1h4l.16",22.061569092793,5,0.00050967364280663,0.0131710399272661
"h2ax1",21.9020951909437,5,0.000546517443129169,0.0139397436143596
"bnc2",21.7671128892772,5,0.000579746643441847,0.0145977231758947
"lgmn",21.6724199966344,5,0.000604239034217913,0.0150218413063795
"tp53inp2",21.6416954529395,5,0.000612403094759073,0.0150344959763352
"atp11a",21.4342529822452,5,0.000670442610521627,0.016256164037833
"zbtb16a",21.2985015068671,5,0.000711325383286221,0.0170371103996846
"edn2",20.9620318280146,5,0.000823548726812895,0.0194873457766328
"pdgfab",14.1202596153901,2,0.000858666625204285,0.0200764434750145
"hyal2b",20.831133323665,5,0.0008717720276048,0.0201430619084215
"rgs4",16.3750943112253,3,0.000949858281929061,0.0216921123919614
"tuba8l4",20.4843044965924,5,0.00101340055774068,0.0228772263839391
"ARF5",13.6769452495997,2,0.00107173909787828,0.0239192680481015
"thrab",20.0426272782123,5,0.00122691936632857,0.0270749397243743
"hsp70.2",13.2906082958001,2,0.00130011293150389,0.0283713533052628
"krt4",19.8497490172816,5,0.001333510521771,0.0287803809314092
"krt18b",19.8141623426109,5,0.00135414883098173,0.0289081337396534
"hmgb2a",19.7052233739578,5,0.00141929927298978,0.0299731588403434
"mmp17a",13.0025111788318,2,0.00150155267523311,0.0313728665335939
"zbtb46",19.5172404615655,5,0.00153904272932825,0.0318176833726389
"adma",19.3610875499251,5,0.0016460150894384,0.0336747253714273
"sema3d",19.2505030141171,5,0.00172615579264856,0.0345204895213902
"si:ch211-107n13.1",19.2422171599068,5,0.00173231259531481,0.0345204895213902
"si:ch211-286o17.1",19.2189042095549,5,0.00174975123027643,0.0345204895213902
"cachd1",19.2084032626975,5,0.00175766239925612,0.0345204895213902
"kpna2",19.0542564486483,5,0.00187791660357062,0.0361127821738149
"ctsba",19.0427223097104,5,0.00188723279285907,0.0361127821738149
"LO017938.1",19.0285055862043,5,0.0018987781732418,0.0361127821738149
"nr5a2",18.9651251930792,5,0.00195109862419107,0.0361127821738149
"krtt1c19e",18.9600329716797,5,0.00195536314804823,0.0361127821738149
"zfp36l2",18.947243663543,5,0.00196611405222136,0.0361127821738149
"fosl2",12.4620361078585,2,0.00196744790865488,0.0361127821738149
"col4a5",12.4362056818106,2,0.00199302271404389,0.0362434871331685
"si:dkey-16p21.8",16.8550435794316,4,0.00206239257022633,0.0371609083295828
"he1.1",12.347978795646,2,0.00208290984737869,0.0371894085477431
"ccn2a",18.7053496713218,5,0.00218073169825761,0.0385851986970986
"dlc",18.6773910075357,5,0.00220697327153152,0.0387008527257849
"h3f3b.1",18.4704552755586,5,0.00241107017735964,0.041905679896764
"hspg2",18.4366040321244,5,0.00244617389410873,0.0421428555090311
"syne1b",18.3764217418898,5,0.0025098244939582,0.0423485157166716
"pkdcca",18.3697718348716,5,0.00251695648500716,0.0423485157166716
"eya2",18.3612775759998,5,0.00252609543958637,0.0423485157166716
"nasp",18.3443905150118,5,0.00254436092391408,0.0423485157166716
"cxcl14",16.3545047642583,4,0.00257855909318516,0.0425570593194593
"pdlim4",18.2822535599877,5,0.00261269133353359,0.0427545322805007
"RALGDS",11.8784560285585,2,0.002634062324817,0.0427545322805007
"rapgef5b",18.1548900442293,5,0.00275841920453679,0.0444060271943463
"klf6a",18.0353804109964,5,0.00290238839553902,0.0463438277141353
"rhbdf1b",11.6380087905254,2,0.00297056117779759,0.047049856074149
"p3h2",17.8877483886775,5,0.00309042744365107,0.0485567959946456
"fabp11a",17.8015089365895,5,0.00320573740896812,0.0499687958032809
"nrip1a",11.4264380885712,2,0.00330202605023655,0.0510644028556267
"SEMA4F",17.6897899745606,5,0.00336139583762085,0.0514733928631391
"igfbp3",17.6761570827122,5,0.00338088985710028,0.0514733928631391
"bub1bb",17.6512358423009,5,0.00341681179733322,0.0516201413074034
"chaf1a",17.5864144972109,5,0.00351200495069526,0.052653265062332
"dll4",17.5039991751476,5,0.00363678977508464,0.054111023623229
"mcm3",17.4274322174743,5,0.00375660044000081,0.055473408001215
"exoc3l2b",17.4058593373894,5,0.00379104879935899,0.0555643271786646
"atrnl1a",17.3257349675603,5,0.00392172000021129,0.0567514035310271
"cd82a",11.0743192150941,2,0.00393769556978485,0.0567514035310271
"glula",17.3035166171191,5,0.00395872825038224,0.0567514035310271
"fgf10b",13.1749829900055,3,0.00427307735186544,0.0608139414424907
"iqsec1b",17.0695848059837,5,0.00436970073787923,0.0613021661590915
"ube2c",17.0695265081161,5,0.00436980817834665,0.0613021661590915
"map1sb",10.8351518026159,2,0.00443789150626717,0.0618157370092817
"lrrc15",16.986826101259,5,0.00452484952063759,0.0625831299896635
"kif21b",16.856156251294,5,0.00478083639181892,0.065548676731282
"man2a1",16.8436759978715,5,0.0048060129578944,0.065548676731282
"doc2b",16.7522635009397,5,0.00499440887746616,0.0676484071403003
"kif20a",16.6837905409153,5,0.00514023181135348,0.0687227129922216
"junbb",16.6821823680246,5,0.00514370611499826,0.0687227129922216
"pbk",16.5934207449331,5,0.00533906286761643,0.0706570253809762
"postnb",16.5839026696318,5,0.00536043624326143,0.0706570253809762
"prox1a",16.4313957376221,5,0.00571450197366519,0.0747730339468405
"si:ch73-335l21.4",10.3175132396643,2,0.0057488432413304,0.0747730339468405
"stmn1a",16.3511885275829,5,0.00590976360770146,0.0763603666153004
"pdlim2",16.3097928534218,5,0.00601306986241079,0.0767476194840983
"nrp2a",10.2260375919809,2,0.0060178886968183,0.0767476194840983
"lhfpl6",16.2215842385849,5,0.0062391079976496,0.0786000667891515
"lyve1a",16.2200229637401,5,0.00624318249445399,0.0786000667891515
"adcy2b",16.1035623162815,5,0.00655453539013795,0.0818063131735273
"AL954137.2",10.047088632157,2,0.00658115961375627,0.0818063131735273
"mtss1lb",15.9967340887957,5,0.00685340443355997,0.084654630864854
"irs2b",15.9764407367965,5,0.00691165955157447,0.0848406209955766
"lbr",15.929756289764,5,0.00704751077112797,0.0856626960295124
"elavl4",15.9235166294921,5,0.00706586392911457,0.0856626960295124
"zgc:153184",15.900336082495,5,0.00713445495015519,0.0856736803920457
"arpp19b",15.8937657746757,5,0.00715401404495697,0.0856736803920457
"plvapb",15.8584122515884,5,0.0072601570689359,0.0864178695963037
"aebp1",15.82531783073,5,0.00736090564402003,0.0870892691858756
"mad2l1",15.7722251015489,5,0.00752538343517994,0.0885021141718168
"myca",15.5213138875474,5,0.00835231991121832,0.097642597057338
"tuba8l3",15.4028488226526,5,0.0087728260892499,0.101951659404064
"hmcn2.1",15.3815209305229,5,0.00885068672702338,0.10225146312867
"mki67",15.3545278577558,5,0.00895019201329961,0.102796357392517
"znf704",15.3240595378782,5,0.00906381407560464,0.103496109560974
"st6gal2a",15.2467367466041,5,0.00935849105647735,0.10624321638683
"dkc1",15.1979143683062,5,0.00954932249685336,0.107677269278765
"clcn2b",15.1812863856985,5,0.00961517447947402,0.107677269278765
"raraa",15.172716243751,5,0.00964928686001154,0.107677269278765
"fabp7a",15.1492160203868,5,0.00974343043674264,0.108113544507133
"net1",9.18254744575192,2,0.0101399346777539,0.111881077006228
"spi2",9.10327218039331,2,0.0105499296197438,0.11575453504568
"tent5ba",14.8054436912517,5,0.0112268124287875,0.122496997834104
"ahnak",14.7455138199318,5,0.0115069039270743,0.124859443716983
"dhrs3a",14.6595969399298,5,0.011920291520393,0.128634354648636
"krt92",8.81466826741921,2,0.0121876256409583,0.130387945070834
"arhgap12b",14.5994932251796,5,0.0122179929197404,0.130387945070834
"si:ch1073-153i20.4",8.79924748674972,2,0.0122819602027008,0.130387945070834
"ehd2b",14.5601901913219,5,0.0124165456715545,0.131108041392113
"slit2",14.4541683034856,5,0.012967855083078,0.135547053460555
"afap1l1a",8.68946593403094,2,0.0129749725308475,0.135547053460555
"wnt11",14.4229388190701,5,0.0131347141192801,0.135810637489333
"march8",14.422234038241,5,0.0131385036267685,0.135810637489333
"chl1a",14.3120617134516,5,0.0137440723304653,0.140473021176332
"sh3gl3a",8.569367248233,2,0.0137779798523714,0.140473021176332
"mpp2b",14.3013940763188,5,0.0138041207164115,0.140473021176332
"si:dkey-23k10.5",14.2754708331513,5,0.0139511023761196,0.1412369333335
"bicd1a",8.53218810585231,2,0.0140365020533291,0.141372769398658
"cxcl12a",14.1724929244586,5,0.0145500580620488,0.145797520580938
"cyt1",14.1589722540387,5,0.0146305210837083,0.145859611210168
"meis2a.1",14.0826734981481,5,0.0150927042144523,0.149707429682749
"kif4",14.0428288561689,5,0.0153396381551725,0.151392207722406
"CABZ01043952.1",13.9874170975423,5,0.0156895422170883,0.153260951215303
"zgc:163030",13.9798472046849,5,0.0157379373338677,0.153260951215303
"sparc",13.9759214623604,5,0.0157630917237735,0.153260951215303
"agrn",8.20863927163451,2,0.0165012418739953,0.157969450300304
"cbr1l",13.8489960674869,5,0.0165976058864771,0.157969450300304
"nuf2",12.1023261298349,4,0.0166063439999997,0.157969450300304
"hmga1a",13.8453515229622,5,0.0166221868123055,0.157969450300304
"bub1ba",13.8251965814438,5,0.0167587587540017,0.157969450300304
"tns1b",13.82219706304,5,0.0167791760883917,0.157969450300304
"lig1",13.8176175298535,5,0.0168103946602666,0.157969450300304
"slit3",13.7800548291096,5,0.0170685813283118,0.159631874899068
"fam110b",13.7446745567619,5,0.0173152609863243,0.161171434014886
"zbtb16b",11.9667457615879,4,0.0176002731004198,0.161679471980574
"ypel1",13.7036273209649,5,0.0176057594610747,0.161679471980574
"si:ch1073-164k15.3",8.07780389122972,2,0.0176168060101033,0.161679471980574
"aopep",13.5608616170855,5,0.0186531595008103,0.170239018819993
"fxyd1",13.5486437977606,5,0.0187455320955239,0.170239018819993
"irx3a",13.5338073335649,5,0.0188582951893469,0.170239018819993
"plxnb2a.1",13.5288413459733,5,0.0188961843700399,0.170239018819993
"ssh1a",13.5146924329694,5,0.0190045391813193,0.170433401607813
"CABZ01005379.1",13.4696430397063,5,0.0193535337000069,0.172774273576425
"trps1",13.4310678087454,5,0.0196572682929252,0.173374463341722
"hsp70.1",7.85601107264934,2,0.0196828902405488,0.173374463341722
"cks1b",13.4174425158033,5,0.0197656436309925,0.173374463341722
"ccng1",13.4164112645583,5,0.0197738695461027,0.173374463341722
"exoc3l2a",13.2308063951498,5,0.0213092442537209,0.185264844170906
"sdk1a",13.2297079434357,5,0.0213186633312753,0.185264844170906
"amotl2a",13.1902441715271,5,0.0216597262951075,0.187399570236084
"arhgap36",13.1395870120305,5,0.0221052165254195,0.190415110771596
"vwa1",7.5511594262954,2,0.0229237975623726,0.196604097871178
"bcl2a",13.0061357388358,5,0.023321337391106,0.199143941896227
"histh1l",12.9411767315262,5,0.0239362858457953,0.203139417778972
"mprip",12.9349438033804,5,0.0239961023038296,0.203139417778972
"igfbp2a",9.39598675102068,3,0.0244640238052745,0.206211771474502
"klf12b",12.8638182454657,5,0.0246889143937544,0.20712407234211
"si:dkey-172h23.2",12.8447392878063,5,0.0248779940333466,0.20712407234211
"atad5a",12.8436696046107,5,0.0248886359840824,0.20712407234211
"kmt5ab",12.7835426949907,5,0.0254938856017477,0.21126578616807
"si:dkey-126g1.9",12.7651097072248,5,0.0256822430085581,0.21193245911264
"usta",12.7046261811045,5,0.0263097017909474,0.21620190090971
"sult2st1",7.21463857314781,2,0.0271244624026814,0.220731995398424
"cadps2",7.20848286270024,2,0.0272080761805238,0.220731995398424
"flna",12.6116258919191,5,0.027303209868055,0.220731995398424
"si:ch73-364h19.1",12.6109530467661,5,0.0273105269255688,0.220731995398424
"npm1a",12.5351721746552,5,0.0281467424883428,0.226558205930759
"tuba8l",12.5188462014993,5,0.028330072747287,0.227103113778252
"ap1s3b",12.5053823716698,5,0.0284821214873182,0.227393847971923
"zgc:158423",7.08342526773155,2,0.0289636804011059,0.229103171786654
"si:ch211-39k3.2",12.4594058746216,5,0.0290072423016652,0.229103171786654
"zbtb38",12.4558065543979,5,0.0290487402292895,0.229103171786654
"CABZ01076275.1",12.4459364805424,5,0.0291628273659182,0.229103171786654
"rrm2.1",12.4168419809383,5,0.029501624230886,0.230211539657547
"ptprub",12.4137078180687,5,0.0295383441923126,0.230211539657547
"aspm",12.3967071526063,5,0.0297382865933358,0.23085373466131
"eva1ba",12.3671380176698,5,0.0300891284057531,0.232121126687144
"stard13b",12.3630514142287,5,0.0301379263264876,0.232121126687144
"s100a10b",12.3479310375191,5,0.0303191359130134,0.232402444290385
"nrxn1a",6.98589428095651,2,0.0304111141459414,0.232402444290385
"ak1",12.3186330468828,5,0.0306732217412499,0.232468479190278
"prdx1",12.316222438885,5,0.0307025306739152,0.232468479190278
"emilin1b",12.3102837206459,5,0.0307748495873077,0.232468479190278
"celf4",12.2960003705858,5,0.0309494519392105,0.232891661335668
"si:ch211-247n2.1",12.2676501547141,5,0.0312988150251196,0.234621651562347
"tpst1",12.2491173932137,5,0.0315292271758254,0.234696179086036
"dhrs3b",12.2421361427435,5,0.0316164418593229,0.234696179086036
"myo6b",12.238077238068,5,0.0316672543064153,0.234696179086036
"bicc1a",6.84877492707357,2,0.0325692247180677,0.240473523858214
"GRM7",12.1560672181148,5,0.0327107594936928,0.240613976200797
"rbpms2a",12.1427414816141,5,0.0328833843384566,0.240981219554958
"itga10",12.0839676582665,5,0.0336551688904386,0.245720266545805
"mast2",12.0412080351704,5,0.0342274772259604,0.24897320471032
"kif18a",12.0111156942039,5,0.0346357868551449,0.251013599201124
"her6",11.9679108886432,5,0.0352301308232938,0.254382268150548
"gpr146",11.9214103672389,5,0.0358806533360525,0.258130414476217
"hlx1",11.8727887291676,5,0.0365730631682046,0.262151445483043
"fbln2",11.8566605732442,5,0.0368055339651285,0.262858431663682
"kirrel3l",11.7108024570802,5,0.0389726801069491,0.277327332355246
"igfbp7",11.693064927435,5,0.0392443406123977,0.278252292284293
"nupr1b",6.45749640343316,2,0.0396070478036943,0.279813819735452
"xpr1a",11.6461717175397,5,0.0399712217198812,0.281374478343537
"rbfox3a",11.627299520591,5,0.040267345854981,0.282446668782796
"jupb",11.6029161101858,5,0.0406530291886515,0.284102309320159
"prkcbb",11.5941403968081,5,0.0407926941080881,0.284102309320159
"NPAS3",8.2520373174966,3,0.0410801544349786,0.285042457412881
"ebf3a",11.5675941087942,5,0.0412179520902537,0.285042457412881
"kcnc4",9.94165341320971,4,0.0414220756515131,0.285448970454638
"si:ch211-222l21.1",11.5430195692231,5,0.0416153675893023,0.285778258550314
"nfkbiab",11.5256135537191,5,0.0418990495029269,0.286512852038937
"pdzrn3b",11.5076260651974,5,0.0421941333273211,0.286512852038937
"mcm6",11.507472082262,5,0.0421966678905357,0.286512852038937
"hist1h4l.21",9.88501948066586,4,0.042409699505451,0.286512852038937
"prc1a",11.4920195764612,5,0.0424517514986409,0.286512852038937
"gadd45ba",11.4344823836427,5,0.0434144567456778,0.291524069471615
"bcl3",11.4255322631741,5,0.0435660546093356,0.291524069471615
"tnfaip2b",11.4161969280038,5,0.0437247112155752,0.291524069471615
"ralgapa2",11.4124829097269,5,0.0437879839583128,0.291524069471615
"ttn.1",11.394920589016,5,0.0440883548280807,0.292532192170103
"abl1",11.3407362651499,5,0.045027413518711,0.297757037544607
"CT033796.2",11.3161098397123,5,0.0454604354793436,0.299066820400267
"cyp26b1",11.3011622723103,5,0.0457251855303449,0.299066820400267
"nop58",11.2961371411315,5,0.0458145172052814,0.299066820400267
"apoeb",11.2863185841728,5,0.0459895379268209,0.299066820400267
"ube2t",11.273638738803,5,0.046216497914325,0.299066820400267
"hk1",11.2731926322519,5,0.0462245021447378,0.299066820400267
"sh3glb2a",6.14559807693586,2,0.0462914019356828,0.299066820400267
"fkbp10a",11.2463903732262,5,0.046707810909117,0.300767674181986
"epas1b",11.173588808983,5,0.048044808858103,0.308366028095799
"mb",6.04981375138888,2,0.0485623433939517,0.310672450898115
"hsp90b1",11.1100316248189,5,0.049241501501498,0.312030436452582
"plpp1a",11.1036768647091,5,0.0493626873517761,0.312030436452582
"chsy3",6.01588424266598,2,0.0493932194980691,0.312030436452582
"ppp1r13ba",11.0805708474867,5,0.0498056968577871,0.312030436452582
"dnmt1",11.07979853997,5,0.0498205688119481,0.312030436452582
"plk1",11.0768225023297,5,0.0498779161135114,0.312030436452582
"akap12b",11.0763648816348,5,0.0498867398401787,0.312030436452582
"pttg1",11.0587107248202,5,0.0502282689248237,0.312637667517419
"scpp8",7.80128207909912,3,0.0503021909040247,0.312637667517419
"cntfr",5.93721490122396,2,0.051374802491954,0.318296883577911
"spock3",10.9723466261891,5,0.0519310335214471,0.320731288792837
"grin2bb",10.9157391864999,5,0.0530764599360075,0.325919762249851
"ddr1",10.914440454056,5,0.0531030162525216,0.325919762249851
"CHST8",10.8783316523373,5,0.0538463917494727,0.327305409507458
"epha4b",5.84196972581022,2,0.0538805961604366,0.327305409507458
"kidins220a",5.83817050763407,2,0.0539830455066209,0.327305409507458
"sik1",10.8678448070403,5,0.0540641136749683,0.327305409507458
"slc4a11",10.8631407316987,5,0.0541620458706333,0.327305409507458
"notchl",10.8478539438074,5,0.0544814487612647,0.328225660635349
"itga9",10.8201849653875,5,0.0550640756894932,0.330285971434624
"CABZ01056843.1",10.81566653168,5,0.0551597752701408,0.330285971434624
"top2a",10.7818685122283,5,0.0558805859396669,0.333585017585124
"cdca7a",10.7221529737911,5,0.057175821558444,0.339622911713513
"dachb",10.7193241292459,5,0.0572378736136319,0.339622911713513
"sema4c",10.6583750466961,5,0.0585902763743883,0.346600309636442
"atxn1a",10.6311250943249,5,0.0592045773548528,0.34918255232712
"pax2a",5.64180084543158,2,0.0595522963199664,0.350181766384473
"b4galnt4b",5.62378419693906,2,0.0600911863185115,0.351449173837749
"gas2l1",9.03632319062665,4,0.0601979587636262,0.351449173837749
"fam214a",10.5829817992439,5,0.0603046698489417,0.351449173837749
"mmel1",10.5597892710088,5,0.0608414404089024,0.353528369713267
"grb10a",10.5391131655108,5,0.0613237423540848,0.355192772390359
"UNC13B",10.5290591741601,5,0.0615595593376104,0.355192772390359
"col11a1a",10.5243444615072,5,0.0616704355321347,0.355192772390359
"pou2f2a.1",10.5142725695936,5,0.0619079237371865,0.35551801818665
"midn",10.49325747828,5,0.0624062054005712,0.357334657162454
"eppk1",10.4502541540461,5,0.063437567143282,0.361689628933913
"CHST13",5.5123257708686,2,0.0635350926589613,0.361689628933913
"pdk2b",5.50311639057166,2,0.0638283266819947,0.362308767639993
"kif26ba",5.47723392170389,2,0.064659711994197,0.365970243102602
"wdpcp",8.83283273761996,4,0.0654164215104908,0.368967417716897
"ndnf",10.3500476182822,5,0.065903042851442,0.368967417716897
"robo1",10.3491165877209,5,0.0659263642060443,0.368967417716897
"limch1b",10.3485438440878,5,0.0659407146734373,0.368967417716897
"ccn1",10.3387098300583,5,0.0661875680476628,0.369296544447755
"spsb4a",5.40854300508529,2,0.0669190564561244,0.37232018946127
"slc43a2a",10.2905589108706,5,0.067408761418829,0.373985331713503
"nanos1",10.2769097606689,5,0.0677587360258554,0.374868049450084
"BX890602.1",10.2447696799198,5,0.0685895411545806,0.378398479852799
"ablim3",10.2280910216818,5,0.0690244123812652,0.379730940943431
"rrm1",10.1926297900423,5,0.0699575703154153,0.383181307464059
"adam8a",10.1852758900336,5,0.0701525538639632,0.383181307464059
"znf385a",5.31176294328741,2,0.0702368995351637,0.383181307464059
"BX294178.3",5.30182073438935,2,0.0705869237816608,0.384024150435406
"pax7b",5.25217154997996,2,0.0723611464422138,0.392250626224172
"gnai2b",10.0982610129138,5,0.0724984609569117,0.392250626224172
"hells",10.049367168425,5,0.0738484730326392,0.397885222650052
"si:ch211-119e14.1",10.0459008434158,5,0.0739450642908701,0.397885222650052
"ttk",10.0381605039967,5,0.0741611778394624,0.39795779583799
"carmil3",5.19577960684872,2,0.0744304755486302,0.398314588494577
"calca",5.16343621419793,2,0.0756439279429324,0.403708354564998
"kif20ba",9.97198561325194,5,0.0760329240139987,0.404684722936297
"ngfb",9.93492899021619,5,0.0771001403192029,0.409255879964634
"col18a1a",9.92292224454635,5,0.077448902177276,0.409999040097493
"si:ch211-226l4.6",9.91068292832704,5,0.0778059261974914,0.410781825408261
"atad2",9.87372470535029,5,0.078893296158365,0.415061396025742
"aldocb",5.07562303792597,2,0.079039186412234,0.415061396025742
"auts2a",9.86101897567152,5,0.0792703630510673,0.41516531475279
"nhsb",5.06168000071958,2,0.0795921347760562,0.415741895479187
"pknox2",9.81912499118001,5,0.0805255162996129,0.419501628680212
"prc1b",9.81163457766017,5,0.0807518622533923,0.419567876893287
"dok4",9.79187594621108,5,0.0813517611760141,0.421569548679925
"id3",9.77911596475721,5,0.0817413620988051,0.422473776742245
"fosl1a",9.75787315186145,5,0.0823938034876257,0.424728162860097
"foxo1b",9.74689201889622,5,0.0827329593378402,0.425360031778843
"ccl25b",6.66706770029415,3,0.0833015701785726,0.426377686515223
"trabd2b",4.9690513475252,2,0.0833650873838319,0.426377686515223
"cdk1",9.71554591020768,5,0.0837082134931565,0.427020600780674
"apobb.1",9.69064485708156,5,0.0844905124399388,0.429894731689222
"spon1b",9.67478487244749,5,0.0849922919686035,0.430758264985529
"si:ch73-281n10.2",9.67142693635264,5,0.0850988833067134,0.430758264985529
"cdc20",9.65854047209812,5,0.085509087445096,0.431601440729537
"pcdh9",4.91368891456305,2,0.0857049704096332,0.431601440729537
"caskin1",9.60687892747814,5,0.0871719927385545,0.437816143714609
"kntc1",9.5990954728684,5,0.0874251023688847,0.437816143714609
"hoxc3a",8.11065558514355,4,0.0876078128716097,0.437816143714609
"cxcr4a",9.57955693465495,5,0.088063465789833,0.438976260942213
"pola1",9.57106305172245,5,0.0883423168709405,0.439251418568423
"LO017877.2",4.80870935447041,2,0.0903237647881684,0.445732105695827
"irx3b",4.8059403164756,2,0.0904489063668907,0.445732105695827
"LO017951.1",4.79873821733084,2,0.0907752045177865,0.445732105695827
"bcr",9.48506244396653,5,0.0912118959787457,0.445732105695827
"ccnb1",9.48481603493307,5,0.0912202398746951,0.445732105695827
"cenpf",9.48462511445437,5,0.0912267053020009,0.445732105695827
"hsp70l",9.48439873904446,5,0.0912343719397771,0.445732105695827
"krt91",9.44217174357352,5,0.0926748904087583,0.451646364175686
"stab1",9.43293795884977,5,0.0929926648367736,0.452073251830256
"prcp",9.39956504248256,5,0.0941495466949669,0.456567184466457
"efna2a",4.69222568951452,2,0.0957405984018115,0.462436759706105
"si:ch73-86n18.1",9.35173028554595,5,0.0958308356417438,0.462436759706105
"clic2",9.33780086619186,5,0.0963255844117804,0.463684921041021
"CU638714.1",9.31774664555032,5,0.0970419949772761,0.465991389084035
"ftr83",9.30601669713696,5,0.0974632954206095,0.466872956600188
"smad6b",9.27675294937124,5,0.0985216772021029,0.470794584002263
"CKS2",9.26447994149817,5,0.0989686841001277,0.471782756244298
"pik3r5",9.23545056423394,5,0.100033399957131,0.475703625946261
"F2RL3",9.22755709162964,5,0.100324719836066,0.475936593618437
"cemip",9.19538151785932,5,0.101520262637787,0.480447700772562
"si:ch73-208g10.1",9.18295444871191,5,0.101985494665706,0.481489210392899
"birc5a",9.13626418961582,5,0.103750924181409,0.488649436672149
"pcdh17",9.11051836568657,5,0.104736322797582,0.492110377929308
"ror1",9.10100635185345,5,0.105102545053605,0.492652502351504
"lmo7a",9.08009378047381,5,0.105911816785876,0.495263828970144
"tspan36",9.06229796509798,5,0.106604953496475,0.497320970705644
"cd99",9.05031688029513,5,0.107073939369461,0.49832515858204
"lsp1a",9.03345189135887,5,0.107737290584357,0.500107793357333
"BX322530.1",4.45176178006353,2,0.107972265039075,0.500107793357333
"DAB2",9.01716922247909,5,0.108381291959161,0.500107793357333
"cdh11",9.0050868095412,5,0.108861434164999,0.500107793357333
"coro2ba",8.99892289484649,5,0.109107127763868,0.500107793357333
"SAMD5",6.05084899606258,3,0.109162348836973,0.500107793357333
"tmeff2a",8.99337942070409,5,0.109328522148627,0.500107793357333
"slc2a11b",4.42205606868616,2,0.109587930430338,0.500107793357333
"prim2",8.97910836855088,5,0.109900361948535,0.500107793357333
"etv4",8.97654551186791,5,0.110003343549067,0.500107793357333
"cpne4b",4.38764961915093,2,0.111489505947341,0.504552644867452
"cited1",8.93967047237939,5,0.111494830892299,0.504552644867452
"tpx2",8.92495115486842,5,0.112095307280326,0.505904133120552
"nop2",8.91406690514215,5,0.112541222352592,0.505904133120552
"col19a1.1",4.36716677201474,2,0.112637184098843,0.505904133120552
"cdc14b",8.90718898333794,5,0.112823834168433,0.505904133120552
"tnfrsfa",8.88038153762702,5,0.113931514528112,0.509707276841028
"aanat2",7.43874035553355,4,0.114441120008429,0.510396228572449
"tm4sf18",8.8593013642693,5,0.114809476899367,0.510396228572449
"serpinh1b",8.85796984047156,5,0.114865139016814,0.510396228572449
"pcdh15b",8.83788824031658,5,0.11570759428611,0.51297904103368
"pard3bb",8.82946096246838,5,0.116062800265961,0.513394909284566
"adamts2",7.39452747883676,4,0.116451129490425,0.513955097346506
"nusap1",8.79818844742238,5,0.117389589994479,0.516327140388849
"foxf2a",8.79205416609522,5,0.117651455917322,0.516327140388849
"lrp8",8.78911133185457,5,0.117777270312731,0.516327140388849
"ntrk3a",8.77273124030299,5,0.118479797059318,0.517805618968385
"armc1l",8.76204643223693,5,0.118940103260264,0.517805618968385
"ntn1b",7.33840659984387,4,0.119049626620013,0.517805618968385
"rnf220a",8.75674449927779,5,0.119169113937734,0.517805618968385
"CR354540.2",8.74341830053173,5,0.119746488288323,0.519165790283147
"oaz2a",8.73511150195606,5,0.120107671616285,0.51958472919468
"ptprua",8.71892456435202,5,0.120814322397244,0.521493031182827
"vash2",8.70214759817282,5,0.121550700957587,0.523521001492766
"fhod3b",4.20557648389318,2,0.122115465667085,0.524093679619433
"bard1",8.68703806782105,5,0.122217365206568,0.524093679619433
"cenpi",8.67415143850375,5,0.122788561567338,0.525395936641072
"notum1a",5.77096734761194,3,0.123300690404278,0.525850525974376
"tmtc2b",8.65605439446638,5,0.123594783049932,0.525850525974376
"lyz",8.65374441152291,5,0.123698036150795,0.525850525974376
"slc4a7",4.1707018209587,2,0.124263507147236,0.52711345148417
"kcnq5a",8.59935114916128,5,0.126151971021275,0.533970842857294
"si:dkey-249d8.1",4.12542410173172,2,0.127108776547949,0.535732168960434
"myh9a",8.57829517789297,5,0.127113640904054,0.535732168960434
"shank3a",8.54724041414673,5,0.128544043777083,0.540160384426831
"BX323557.1",4.1003187366419,2,0.128714388957106,0.540160384426831
"osbpl3b",8.5306470831682,5,0.129314274720141,0.54125704628184
"si:ch1073-513e17.1",4.08773355085182,2,0.12952688989433,0.54125704628184
"ankrd45",4.06246908767526,2,0.131173481733158,0.546973923829985
"aurkb",8.48011886355041,5,0.131685359334664,0.547945012146778
"mmp11b",8.45873459676617,5,0.132700560811096,0.551001905777999
"slc6a8",4.03085576159645,2,0.133263370327879,0.552171433172899
"tshz1",4.01233010399262,2,0.134503500804018,0.555188533443505
"kif23",8.42001005237441,5,0.134556895070829,0.555188533443505
"rasgef1ba",8.41343414301099,5,0.134874429773066,0.555332033698746
"kcnn4",8.39383288891076,5,0.135824920896807,0.5580700957308
"ek1",8.38802455051572,5,0.136107727013775,0.5580700957308
"dbf4b",8.36288003716907,5,0.13733810634172,0.559756776017331
"sdk1b",8.36260617541158,5,0.137351561745773,0.559756776017331
"jdp2b",8.36156865224881,5,0.137402548158604,0.559756776017331
"trim3b",8.35635278453087,5,0.13765912567025,0.559756776017331
"lrmda",8.34785446595614,5,0.138078092342398,0.560300358182787
"nptna",8.32367162387885,5,0.139276562159786,0.563998284704781
"pcxb",6.90861461145246,4,0.14079705610486,0.567451242761892
"mcm10",8.29111519190688,5,0.14090472096365,0.567451242761892
"edn1",8.28929933723837,5,0.140996031806417,0.567451242761892
"zgc:194398",8.27171143836642,5,0.141883186970777,0.568897441245392
"ogna",3.89505678704434,2,0.142626152026389,0.568897441245392
"pik3r6a",6.87304751665702,4,0.142751114109963,0.568897441245392
"si:ch211-13k12.2",8.25386045045026,5,0.142788711268107,0.568897441245392
"ces2b.1",8.25138426684894,5,0.142914727197125,0.568897441245392
"cadm1a",3.88561688175386,2,0.143300931921776,0.568897441245392
"zgc:194627",8.24219965771455,5,0.143383010904516,0.568897441245392
"kifc1",8.22732918098506,5,0.144144098097534,0.569498612679815
"jun",3.87374771183109,2,0.144153891955821,0.569498612679815
"si:ch1073-268j14.1",8.22160349780547,5,0.144438105041978,0.569498612679815
"crip2",8.21662066104615,5,0.14469440311977,0.569498612679815
"si:ch211-210g13.5",3.85589723942849,2,0.145446258248946,0.571312902401859
"cox6b1",8.19306433180301,5,0.145911551920829,0.571996582779457
"egln3",3.84062182876474,2,0.146561387002617,0.573399530026175
"tgfbr3",8.1728294502633,5,0.146964362676323,0.573833018481707
"plxna2",8.14020748935665,5,0.148675922637581,0.579364111230575
"cfl1l",8.12114857010345,5,0.149684068635788,0.582137645149876
"wnt9a",8.11163362738235,5,0.150189646010064,0.582949535106257
"fabp3",8.09229661062628,5,0.15122180115712,0.585358155309446
"MYO1D",8.08885275122977,5,0.151406284570875,0.585358155309446
"slco2b1",8.08271424278486,5,0.151735613063334,0.585478868480135
"gig2j",8.06099087608286,5,0.152906179072138,0.588579051937253
"anxa1c",3.75262307112471,2,0.153153968189501,0.588579051937253
"BX936342.2",8.05116780838991,5,0.153438123519284,0.588579051937253
"sat1a.1",8.04077667736627,5,0.154002616960913,0.589592864934177
"si:dkey-35m8.1",3.73242912907756,2,0.154708192643839,0.591141810024319
"pleca",8.01824985197505,5,0.155232706341345,0.591237643470316
"hoxc8a",8.00736260235961,5,0.155830326649531,0.591237643470316
"si:dkeyp-23e4.3",8.0061711902215,5,0.155895848970117,0.591237643470316
"slc7a3a",3.71301881809724,2,0.156216969322556,0.591237643470316
"sema6e",7.99994859239338,5,0.156238460774488,0.591237643470316
"zcchc7",7.98724875079414,5,0.15693977547917,0.592749459694404
"wnt5b",7.98007516377133,5,0.157337148423328,0.593109711138993
"hoxb9a",6.60653365524749,4,0.158200452078024,0.595056256323311
"ccne1",3.68451270862576,2,0.15845948169913,0.595056256323311
"ltbp1",7.95053117492369,5,0.158983107228586,0.59520212756565
"BX539321.2",3.67638889450673,2,0.159104438376765,0.59520212756565
"sept15",7.93989266667111,5,0.159579520194709,0.59584444422511
"hand2",3.62669463142273,2,0.16310725055046,0.607860797117843
"myh10",7.87206447644012,5,0.163428778651332,0.607905532710635
"hoxa9a",3.61655155305922,2,0.163936556513785,0.60864158221753
"nexmifb",3.60318586707953,2,0.165035787684921,0.611566579270158
"e2f8",7.76586139965391,5,0.169620305865975,0.627242478458418
"bag3",7.76106413688395,5,0.16990478540727,0.627242478458418
"si:ch211-69g19.2",7.74575250993563,5,0.170815575299233,0.62902900174952
"efemp2b",7.74217038530781,5,0.171029270333118,0.62902900174952
"sema3fb",7.72352129572798,5,0.172145593061715,0.631951298641509
"g2e3",7.70283841239155,5,0.17339112504474,0.635336137290803
"efna5a",7.69439681317083,5,0.173901746639468,0.635754412343872
"spock1",7.6902562484124,5,0.174152685255093,0.635754412343872
"mrc1a",7.66771774593527,5,0.175524197047086,0.639222901464705
"spc25",7.66125465188988,5,0.175919228681514,0.639222901464705
"DOCK4",3.47364253383163,2,0.17607922082098,0.639222901464705
"aff2",4.91209614540158,3,0.178348225783645,0.645780262698608
"rab11fip4a",3.44585030533141,2,0.17854311743653,0.645780262698608
"gcgb",3.43801233822126,2,0.179244197841634,0.646519006238312
"mycb",3.43621075357275,2,0.179405732382831,0.646519006238312
"six3a",7.59045644620274,5,0.180297638768526,0.648543154837702
"clybl",7.57060682202942,5,0.181542152037819,0.651825935287525
"BX942846.1",7.55766052342806,5,0.182357874953035,0.65260373478764
"si:dkey-230p4.1",7.55442921579574,5,0.182561971015471,0.65260373478764
"atp11c",7.55136608405276,5,0.182755628377394,0.65260373478764
"tnfaip3",7.54464138766301,5,0.183181404711992,0.652936985216611
"pcdh19",6.20872459378871,4,0.184093423474731,0.654999064681833
"vim",7.50652357443271,5,0.185611197156306,0.65771175276695
"sec14l8",7.49783994732939,5,0.186168631042092,0.65771175276695
"fnbp1b",7.49304296732447,5,0.186477189985131,0.65771175276695
"cpm",7.48951527196324,5,0.186704387342501,0.65771175276695
"si:ch211-113a14.19.2",7.48549949602845,5,0.186963311533394,0.65771175276695
"cav1",7.48027577698982,5,0.187300586480961,0.65771175276695
"stxbp1a",3.34740484652175,2,0.187551383972822,0.65771175276695
"fen1",7.47334870251586,5,0.187748654849005,0.65771175276695
"chst15",7.47147823149195,5,0.187869803107056,0.65771175276695
"rasl12",7.44260942668369,5,0.189748220520743,0.662333660772927
"dchs1a",3.32142113272558,2,0.190003921727657,0.662333660772927
"pcdh7a",3.31685809888267,2,0.190437913782074,0.662333660772927
"cplx2",6.11756271844899,4,0.19053896045657,0.662333660772927
"DXO",3.30643727407833,2,0.191432763387535,0.664264924546147
"krt94",7.39336507161394,5,0.192989986195635,0.668487359591229
"plecb",3.27457064264703,2,0.19450735118864,0.67255710868748
"cxcr3.2",7.33832553403104,5,0.19666981650434,0.678839226036069
"brinp2",3.24716385304543,2,0.197191108509822,0.679444451075949
"CR848683.2",7.30061636975416,5,0.199225775330067,0.68525292950657
"tcnbb",3.21692398521124,2,0.200195279238638,0.687383790952246
"tbx20",4.62394306099991,3,0.201497721089176,0.689941361225512
"si:dkey-30c15.10",7.26533907891056,5,0.20164273999157,0.689941361225512
"AL929378.2",3.19123031025374,2,0.202783746664979,0.691202782645274
"tmem256",7.24339218698427,5,0.203159077984275,0.691202782645274
"sorl1",3.18627371209671,2,0.203286928697716,0.691202782645274
"hif1aa",3.17659684803322,2,0.20427290204417,0.691202782645274
"esm1",7.22587718780559,5,0.204376225442836,0.691202782645274
"tmtc2a",7.22287056138774,5,0.204585788996871,0.691202782645274
"adamts10",7.22171379015877,5,0.204666465683232,0.691202782645274
"hivep3a",7.21941467528105,5,0.204826893838874,0.691202782645274
"cxcl12b",7.21030219469941,5,0.205463807596548,0.692162809810671
"GNG12",3.15328683571193,2,0.206667632164985,0.694854894852856
"scn5lab",7.18574230295446,5,0.207188870662372,0.694854894852856
"htr4",7.1838212930086,5,0.207324321987665,0.694854894852856
"slc8a2b",7.17758744016668,5,0.207764396103778,0.695143567202419
"ddit3",7.1656331106709,5,0.20861053919586,0.696361948684708
"n4bp1",3.1323960357429,2,0.208837671983347,0.696361948684708
"ebf3a.1",7.14488675338927,5,0.210085988400414,0.69933708681087
"atp6v1ab",7.13701097503713,5,0.210648431896116,0.700022876893355
"diaph3",7.11128112991806,5,0.212494880377999,0.704966123416201
"kif11",7.09674454592126,5,0.213544157484971,0.706504083652606
"CABZ01068246.1",3.0865709326182,2,0.213677915320595,0.706504083652606
"bahd1",7.08605645856551,5,0.214318456814715,0.7074310070321
"AL953866.1",7.0799094880556,5,0.214764856688772,0.707715064658974
"col1a1a",4.44985847887522,3,0.216806639967851,0.713246634668106
"si:dkey-220k22.1",3.05053799401263,2,0.217562525325183,0.713844103138122
"pde10a",5.75437951926892,4,0.218257622969495,0.713844103138122
"si:ch211-113a14.11",3.04365485069688,2,0.218312572275999,0.713844103138122
"rassf2a",7.02968271589293,5,0.218442110990841,0.713844103138122
"got1",7.01976567538844,5,0.219174455498863,0.714697524428453
"BX323453.1",3.03343432148119,2,0.219431062744581,0.714697524428453
"CU929160.1",7.0059495846123,5,0.220198205733625,0.715103741375178
"gnpda2",7.00479430340837,5,0.220283993651722,0.715103741375178
"celf5a",3.0179312329264,2,0.221138601825691,0.715776143923969
"col8a2",6.99221382502783,5,0.221220020041675,0.715776143923969
"nrxn2a",6.96916627910788,5,0.222943570229034,0.720166401200366
"ccser2a",6.95192674188843,5,0.224240200697968,0.72184698436705
"si:dkey-151m22.8",6.94843634873001,5,0.224503496932065,0.72184698436705
"immp2l",2.98651170964285,2,0.224640068138549,0.72184698436705
"igfbp5b",6.94261108764132,5,0.224943504779918,0.72184698436705
"f3b",6.93787831720566,5,0.225301528216396,0.72184698436705
"aurka",6.92949236058742,5,0.225937088920463,0.7227043039736
"cita",6.92283928849039,5,0.226442392772142,0.722928058832832
"rbfox3b",2.96401538265652,2,0.227181120647763,0.722928058832832
"mdm2",2.96121936620011,2,0.227498943831672,0.722928058832832
"apoa1a",6.90480686115562,5,0.227816760903049,0.722928058832832
"pbx3b",6.90105197416,5,0.228103828230684,0.722928058832832
"ccne2",6.89575848429888,5,0.228509042109842,0.722928058832832
"anxa1a",6.8927703131295,5,0.228738052770591,0.722928058832832
"slc16a9a",6.88998412315849,5,0.228951757939929,0.722928058832832
"adcy5",2.94101265715563,2,0.229809096810673,0.724470411133486
"si:ch211-266i6.3",6.87200183263171,5,0.230335076273613,0.724964887502206
"myo1hb",2.92909613892213,2,0.231182446279934,0.726467719190065
"adgrl3.1",6.83613199642609,5,0.233115430255887,0.731234539835683
"samsn1b",2.90962594209222,2,0.233444020609457,0.731234539835683
"si:dkeyp-86f7.4",2.90041097657221,2,0.234522091599403,0.733441700479661
"si:dkey-27i16.2",2.89547056482099,2,0.235102125554731,0.734086764053246
"neurl1b",6.77162656612597,5,0.238186269200281,0.742445703252681
"BX088524.2",2.8664763285696,2,0.238535253947272,0.742445703252681
"nrip1b",6.75967373705053,5,0.239135958790091,0.743137694721106
"pxna",6.74474168789954,5,0.240326799892312,0.744358540282047
"poc1b",6.7439586390146,5,0.240389384973923,0.744358540282047
"fosb",6.73577492027831,5,0.241044282051054,0.744358540282047
"cyp1c1",4.1961779592312,3,0.241044822616793,0.744358540282047
"lect2l",2.82109214393183,2,0.244009999745319,0.752332244112727
"foxj2",6.69019754587631,5,0.244718855506987,0.75333516021273
"gamt",6.68300111643945,5,0.245303291933928,0.753952527947159
"ldlra",2.79983322733921,2,0.246617527614869,0.75679704553124
"zfpm2b",6.66219604170867,5,0.246999443067986,0.75679704553124
"si:ch211-225h24.2",5.41141795198758,4,0.247626335929308,0.757536018325796
"uvrag",6.6464865623941,5,0.248286614941783,0.758374668344731
"ctdp1",6.63363714184716,5,0.249343577379284,0.760420475113221
"plxna4",2.76527631248893,2,0.250915724236461,0.763014427066915
"prlra",2.76483464932734,2,0.250971140471093,0.763014427066915
"ppp2r5b",2.75372740003947,2,0.252368817476112,0.76439650170166
"dacha",6.59560835788062,5,0.252493594006516,0.76439650170166
"CR762483.1",6.59441053268504,5,0.252593345012412,0.76439650170166
"cnnm2b",2.74649382498204,2,0.253283234497032,0.765305034695647
"CABZ01058261.1",6.57891041745905,5,0.253887084030852,0.765951202821187
"cfap58",6.56637226854977,5,0.254937596747269,0.76683851182372
"si:ch211-214c7.4",2.73047867628223,2,0.25531956096568,0.76683851182372
"si:dkey-27o4.1",6.55623710745675,5,0.255789392828182,0.76683851182372
"bves",6.55337655448367,5,0.256030228292557,0.76683851182372
"FP236476.1",2.72290449866585,2,0.256288312032865,0.76683851182372
"csf1rb",2.71727709648147,2,0.257010446194765,0.76683851182372
"cyp1a",6.53498479324229,5,0.257583131939005,0.76683851182372
"mylka",2.70810739302535,2,0.2581915064072,0.76683851182372
"pappab",6.52585974713231,5,0.258356475821579,0.76683851182372
"grb10b",6.52112181551659,5,0.258758766222044,0.76683851182372
"cryl1",6.51747088388045,5,0.259069112392502,0.76683851182372
"prr11",5.28423736011616,4,0.259356137696196,0.76683851182372
"dbn1",6.5077521634618,5,0.259896740249412,0.76683851182372
"gadd45ab",6.50703766978787,5,0.259957670798663,0.76683851182372
"rrm2",6.506097003683,5,0.26003790675896,0.76683851182372
"cep152",6.4743606071003,5,0.262756860554389,0.77369486376135
"plekhg5b",6.4638144743742,5,0.263665522096789,0.773994867732974
"FOXN2",2.66596048952253,2,0.263690227686289,0.773994867732974
"si:dkey-101k6.5",6.45946506077425,5,0.264041019033143,0.773994867732974
"gulp1a",3.9529708645762,3,0.266587411917305,0.780294600604452
"efcab11",2.63641163886915,2,0.267615021155711,0.780679497533223
"CABZ01030107.1",6.4122337147379,5,0.26814686278817,0.780679497533223
"csrp2",6.41090084286725,5,0.268263481805005,0.780679497533223
"zgc:110425",6.41038198243094,5,0.268308890445482,0.780679497533223
"arrdc1b",6.4008609771642,5,0.26914324482375,0.78194871720983
"pcdh15a",6.38923175787159,5,0.270165215244293,0.783758467857891
"pdgfra",6.37890892533261,5,0.27107502584411,0.784990826159675
"khdrbs2",5.15878833689095,4,0.271389394583716,0.784990826159675
"si:ch211-175m2.5",2.59570966373597,2,0.273117047061102,0.788677492048809
"b2m",6.35101062487041,5,0.273546334908611,0.788677492048809
"zgc:174944",6.34738703672602,5,0.2738686606809,0.788677492048809
"cacng3b",2.58547207548657,2,0.274518661223695,0.789391875026846
"si:dkey-163f12.11",3.87501626900135,3,0.275280229913821,0.789528742432449
"mtbl",2.57927738146746,2,0.275370258944108,0.789528742432449
"mis18bp1",5.10975245594383,4,0.276220455124365,0.790811915254014
"slc7a14a",2.56797913138024,2,0.276930262148113,0.791690007072625
"slco1d1",2.56451962978458,2,0.277409697021894,0.791907914172964
"cdh23",2.56009785720008,2,0.27802369681013,0.792084937142802
"skp2",2.55826708074771,2,0.278278312947318,0.792084937142802
"abtb2b",6.24580044039026,5,0.283030897305329,0.803790130531038
"sytl2b",2.52313921770485,2,0.283209149861242,0.803790130531038
"si:ch211-195b13.1",2.51642225816683,2,0.284161901063731,0.805330409363878
"flt1",6.22525365944933,5,0.284913744509833,0.80574769745228
"arhgap11a",6.21973492275196,5,0.285421176442506,0.80574769745228
"sema3e",2.50465801220459,2,0.285838301876678,0.80574769745228
"nrxn3b",2.50387538817977,2,0.285950175725173,0.80574769745228
"CR354564.2",2.49253477956031,2,0.287576205925259,0.807672419933274
"pmelb",2.49110753976066,2,0.287781499270518,0.807672419933274
"meis1b",6.19324500910505,5,0.287866952114711,0.807672419933274
"plekhg4",2.47856639884839,2,0.289591723074113,0.811352559368841
"mmrn2b",6.16669768603875,5,0.290334842434122,0.811722707751836
"itprid2",6.16438706885355,5,0.290550439689176,0.811722707751836
"ctnna2",6.15263102622608,5,0.29164934470693,0.813605758472267
"zgc:110540",6.14425601478844,5,0.292434226921516,0.813605758472267
"eps8b",2.45878502231628,2,0.292470196105502,0.813605758472267
"CU179759.2",6.13608384442712,5,0.293201722496267,0.813605758472267
"mthfsd",3.72028255924481,3,0.293295762219127,0.813605758472267
"nr4a3",6.12833522974648,5,0.293930921390004,0.814217672228446
"ndst2b",2.4300526264499,2,0.296702206999413,0.820687979613405
"slc22a7a",6.08823872538015,5,0.29772736997015,0.820687979613405
"ywhah",6.08743705504742,5,0.297803669531499,0.820687979613405
"nuak1a",6.08602446622671,5,0.297938151458431,0.820687979613405
"slc43a1b",3.67686004722478,3,0.298537927955824,0.820712544548113
"CU138533.1",2.41581684028184,2,0.298821635571326,0.820712544548113
"lef1",6.0727873023099,5,0.299200703613263,0.820712544548113
"si:ch211-227n13.3",4.8765545267449,4,0.300199893976705,0.821789516463788
"tmem200a",2.40507979855583,2,0.300430179644094,0.821789516463788
"stim2b",4.86298637634841,4,0.301647039078104,0.823970493392763
"mcm5",6.02604960053023,5,0.303692426644269,0.826526329327388
"si:ch211-223a10.1",2.38140813154848,2,0.304007147671736,0.826526329327388
"samd10b",6.02102974430164,5,0.304178008825708,0.826526329327388
"camk2n1a",6.01811559344405,5,0.304460182010808,0.826526329327388
"pmp22b",6.0116050957077,5,0.30509132972464,0.826526329327388
"stab2",6.01077621391077,5,0.30517175798995,0.826526329327388
"npdc1a",2.36256953559605,2,0.306884210265677,0.826526329327388
"bcl6b",5.9931665979145,5,0.306884406204195,0.826526329327388
"klf12a",5.991954499756,5,0.307002568048217,0.826526329327388
"bub3",5.99012938158899,5,0.307180557847124,0.826526329327388
"zgc:86764",5.98592517579949,5,0.307590870430894,0.826526329327388
"col1a1b",2.35530378646074,2,0.308001109657682,0.826526329327388
"spns2",5.98074656914762,5,0.308096872092666,0.826526329327388
"ptgdsb.1",5.97688675407694,5,0.308474439611494,0.826526329327388
"soat1",2.33624148250313,2,0.310950749446584,0.830796104856238
"dusp27",2.33580064782767,2,0.311019295937081,0.830796104856238
"ism2a",5.94774280271082,5,0.311337033184415,0.830796104856238
"lrmp",2.32420078354997,2,0.312828428097792,0.833643192380004
"ncam2",5.91936503061714,5,0.314144307516312,0.836015474203301
"ccnb3",5.90603744028426,5,0.315469541748375,0.837979349288269
"slc7a7",5.89910295610186,5,0.31616079612846,0.837979349288269
"dusp19b",5.8958296297783,5,0.316487502635455,0.837979349288269
"ephb2b",5.89481385231183,5,0.316588939496892,0.837979349288269
"apoc1",2.29148725220129,2,0.317987366143191,0.84054803109721
"plch2a",2.28769446574896,2,0.318590967382107,0.841011639702229
"nr4a1",5.85720581000093,5,0.320362353065466,0.843869034787422
"mafba",5.8555157718798,5,0.320532739282799,0.843869034787422
"ATP8A1",5.84744977682743,5,0.321346904111211,0.844522245066012
"si:ch211-130m23.3",2.26770613803214,2,0.321790981812591,0.844522245066012
"tuba8l2",4.67701516617874,4,0.322070856188617,0.844522245066012
"hist1h4l.10",5.82015339244144,5,0.324114022243675,0.848746586248771
"CR678070.1",2.23888900443279,2,0.326461092676459,0.851990137387273
"pde4cb",2.2382041362686,2,0.326572903223847,0.851990137387273
"si:ch211-126c2.4",5.79074692085755,5,0.327115591116284,0.851990137387273
"abcb11a",2.23241024607377,2,0.327520338666426,0.851990137387273
"pcdh2ab3",2.23240213544349,2,0.327521666867307,0.851990137387273
"hs3st3b1b",5.7520947302319,5,0.331093357466702,0.85955262720776
"relb",5.7449826837346,5,0.3318292938589,0.85955262720776
"shmt2",2.20547838552875,2,0.331960533290024,0.85955262720776
"hspb1",5.74160301314601,5,0.332179452164302,0.85955262720776
"ccdc28a",4.58057062485068,4,0.333100500808337,0.860801820509964
"fkbp7",5.7276147062598,5,0.333631748403387,0.861041726497047
"creb5b",5.72156284331941,5,0.334261567298923,0.861535063221896
"coro1a",5.71108810772205,5,0.335353819727312,0.861716456645036
"pxdn",5.70945219753553,5,0.335524649609876,0.861716456645036
"CABZ01026153.1",5.70826932375868,5,0.335648212491575,0.861716456645036
"cks2",4.54846304371127,4,0.336839632407476,0.862155958072659
"cdh4",5.69456131751485,5,0.337082679452315,0.862155958072659
"si:dkey-246g23.2",5.69404937110192,5,0.337136342056926,0.862155958072659
"BX072554.1",4.54150471339152,4,0.337654424328154,0.862357983589719
"FO744833.2",5.66857138397433,5,0.339815176866861,0.865538383953682
"kcnq2b",2.15757467624438,2,0.340007589989628,0.865538383953682
"cenpt",5.66471731147012,5,0.340221808763871,0.865538383953682
"rtn4r",4.51146200311495,4,0.341190545583141,0.866507511542871
"bahcc1b",5.64608771900951,5,0.342192562894217,0.866507511542871
"nr2f5",5.64373944309461,5,0.342441589914773,0.866507511542871
"mlnl",5.63796234451504,5,0.343054815569997,0.866507511542871
"ryr1a",2.13954364058473,2,0.343086793932144,0.866507511542871
"sema3ga",5.63612592882526,5,0.343249920560262,0.866507511542871
"CR626882.3",2.13482093268029,2,0.343897900566986,0.867028853290835
"mindy4b",5.6187265355896,5,0.345102631175155,0.868950727728212
"slc25a15a",2.11917650263316,2,0.34659849242639,0.870990035870115
"glulb",5.59890199156649,5,0.347222749545815,0.870990035870115
"MFAP4.3",2.11546106998451,2,0.347242972549033,0.870990035870115
"trim35-31",4.44424717783393,4,0.349209605906638,0.874318509476171
"insra",5.57807783054418,5,0.349460300376168,0.874318509476171
"mvp",5.57030000497895,5,0.350298794062458,0.875199584601587
"si:ch211-71m22.1",5.56481963506509,5,0.350890513412251,0.875199584601587
"map2k1",2.09308744200724,2,0.35114932416805,0.875199584601587
"tgm2b",5.55376925825279,5,0.35208590438852,0.876421693560271
"ahrra",2.08297159898125,2,0.352929909122514,0.877410558881793
"rgs5b",5.53361957008432,5,0.354273455182178,0.879637251552209
"iqgap3",2.06035825927472,2,0.356943015769141,0.885146569407315
"si:ch211-168f7.5",2.05250923737486,2,0.358346594922438,0.886631934078115
"gpt2",5.49151145202545,5,0.358877578843641,0.886631934078115
"tgfb2",3.21745412764232,3,0.359297713307443,0.886631934078115
"ctcf",5.4859902843998,5,0.359484542819202,0.886631934078115
"ppp1r9alb",5.48313065870573,5,0.359799211537809,0.886631934078115
"BX294178.2",4.35102096245522,4,0.36057976654262,0.887185741600928
"tp53i11b",5.46497390191082,5,0.361801908113565,0.887185741600928
"cryba4",3.19990075801845,3,0.361819326861446,0.887185741600928
"otpb",2.02431779746339,2,0.363433515851859,0.887185741600928
"si:ch211-250g4.3",2.02243516898799,2,0.363775782059541,0.887185741600928
"cbx7a",5.4468196721157,5,0.363812541666569,0.887185741600928
"foxq1a",3.18600131490163,3,0.363826862799021,0.887185741600928
"pfkfb3",5.44524187660882,5,0.363987675117746,0.887185741600928
"hs6st1b",5.44293099681564,5,0.364244292065331,0.887185741600928
"lpar1",5.43966947787601,5,0.364606701434643,0.887185741600928
"gli2a",5.43420263778405,5,0.365214753622545,0.887185741600928
"gpm6aa",4.30754458380541,4,0.365981313617231,0.887185741600928
"rgs12a",5.42197497783164,5,0.366577478140443,0.887185741600928
"elmsan1b",5.42056242563295,5,0.36673514164487,0.887185741600928
"cpne9",2.00587812612432,2,0.366799807627267,0.887185741600928
"hist1h2a6",5.40448115837495,5,0.368533575157353,0.889994558482009
"si:dkey-65b12.6",1.99463610650334,2,0.368867398474723,0.889994558482009
"kaznb",5.36985007555344,5,0.372428393137902,0.897483882359313
"CU464118.1",5.35436043255113,5,0.37418012183209,0.900600195193904
"trhde.2.1",1.96149982230001,2,0.375029754378515,0.901405842032367
"prodhb",5.343316090618,5,0.375432779420813,0.901405842032367
"dchs1b",5.32986985425721,5,0.376961961559189,0.903972274117517
"smc2",5.3181563205004,5,0.378297759132919,0.9056415002099
"tbx2a",1.94183772286898,2,0.378734873301317,0.9056415002099
"CABZ01070258.1",1.93857419410912,2,0.379353383871526,0.9056415002099
"plce1",5.30386930034363,5,0.379931656195391,0.9056415002099
"zic2a",5.3018403671027,5,0.380164101554345,0.9056415002099
"hbegfa",1.93140084619014,2,0.380716443739343,0.9056415002099
"egfra",1.92689600514352,2,0.381574943759356,0.9056415002099
"ccnd2a",5.28865683405457,5,0.381676971203307,0.9056415002099
"fam169aa",5.2875156768382,5,0.381808127379734,0.9056415002099
"mcm2",5.27542509623885,5,0.383199718022119,0.907088422239822
"mpped2a",5.27419199571055,5,0.383341848502573,0.907088422239822
"igf1ra",5.26037146722611,5,0.384937424746459,0.908606469397653
"phlda1",5.26000834980992,5,0.384979410533697,0.908606469397653
"nkd1",5.25662062213316,5,0.385371277499106,0.908606469397653
"ebf1b",5.25042170767153,5,0.386089059480585,0.908740619046199
"asap3",1.90110575628626,2,0.386527261893074,0.908740619046199
"rflnb",1.89961089787535,2,0.38681627165103,0.908740619046199
"gab2",5.2392228582284,5,0.387388210608897,0.908996948191008
"si:dkey-286j17.4",1.89018804939533,2,0.388643027140645,0.910266244031876
"CR376783.1",5.22660163127841,5,0.388856099156183,0.910266244031876
"tshz2",5.21780259628098,5,0.389881792592046,0.910890207730747
"plekha7b",5.21254913696038,5,0.390495097678838,0.910890207730747
"TENM2",1.88058276412943,2,0.390514029994546,0.910890207730747
"dusp2",4.10531566655318,4,0.391940513737165,0.911801644752902
"cdca5",5.19808460855386,5,0.392187266198205,0.911801644752902
"dusp5",5.18862025789048,5,0.393297281991055,0.911801644752902
"ccdc80l2",5.1882218543175,5,0.393344056963271,0.911801644752902
"CABZ01072077.1",1.86518181354698,2,0.393532781627601,0.911801644752902
"slco5a1a.1",1.86438132094844,2,0.393690323192699,0.911801644752902
"plxdc1",1.86176236818643,2,0.394206189055718,0.911921030984016
"arhgef4",1.85317544564525,2,0.395902336627471,0.914767281336886
"hist1h4l.8",1.84875735399159,2,0.396777869722354,0.915176128576721
"eif4e1c",5.15709030440969,5,0.397011232967091,0.915176128576721
"cdc42bpab",5.15094363907606,5,0.397738119414101,0.915776865802222
"cebpa",1.83938648993759,2,0.398641307557367,0.916389717207295
"mfsd6b",1.83412131813441,2,0.399692147649935,0.916389717207295
"gnat2",1.83139668396863,2,0.400237026154954,0.916389717207295
"ece2b",5.12869151623859,5,0.400377393485704,0.916389717207295
"pcdh1b",5.12705399611175,5,0.400572098840689,0.916389717207295
"cenpe",5.12510561205347,5,0.4008038528926,0.916389717207295
"rasa4",5.11834873757361,5,0.401608286834347,0.917157668620041
"cntn3a.1",5.11254047437497,5,0.402300684327747,0.917157668620041
"hopx",5.11052880341681,5,0.402540687551158,0.917157668620041
"si:ch211-113a14.18",5.10427149921831,5,0.403287855176018,0.917716346352758
"col4a6",5.10065250691504,5,0.403720429352741,0.917716346352758
"pcdh7b",5.09115502223163,5,0.404857186704955,0.918138369602757
"sost",1.80654973382947,2,0.405240376015046,0.918138369602757
"zgc:112332",5.08738917496029,5,0.405308536886757,0.918138369602757
"bmp7b",5.06980028342735,5,0.40742124594193,0.918807500223275
"akt3a",1.79470438442545,2,0.407647604517238,0.918807500223275
"acot17",1.79235646774871,2,0.408126446837151,0.918807500223275
"nfia",5.06358020803181,5,0.408170196540372,0.918807500223275
"mtus1b",5.06147763799987,5,0.40842357889527,0.918807500223275
"CABZ01068358.1",5.05846100877165,5,0.408787304764867,0.918807500223275
"fn1a",5.05531296984071,5,0.409167113297551,0.918807500223275
"CU683879.2",1.78251552052431,2,0.410139570949636,0.918807500223275
"slc26a10",1.78213350323645,2,0.410217918635211,0.918807500223275
"fam102ab",5.04608246726698,5,0.410282167869558,0.918807500223275
"tmem132e",5.03137269606702,5,0.412063439633744,0.920100028248202
"arhgap27",5.03095317771274,5,0.412114318707969,0.920100028248202
"pard6ga",1.77072816523739,2,0.412563938572651,0.920100028248202
"NAV1",5.02585259059177,5,0.412733261143924,0.920100028248202
"sox5",5.01664180691773,5,0.413852577352702,0.921549276554089
"efnb1",5.00959269769999,5,0.414710602955454,0.922325076400738
"iffo2b",5.00394626448096,5,0.415398768954842,0.922325076400738
"pmepa1",5.00221583437196,5,0.41560982312355,0.922325076400738
"mlpha",1.75358265248297,2,0.416115952228182,0.922406016000169
"barx1",1.74943057675834,2,0.416980722036962,0.92247010778933
"kalrnb",4.99014374733163,5,0.417084244255054,0.92247010778933
"nfkb2",4.98262511680927,5,0.418004326285003,0.922501035646051
"znrf1",4.9823531117339,5,0.418037638352844,0.922501035646051
"hist1h4l.6",4.9726941674116,5,0.41922172343591,0.92319847398662
"kif20bb",4.96015428807231,5,0.420762368190339,0.92319847398662
"si:dkey-56f14.4",1.73003926998831,2,0.421043285363711,0.92319847398662
"creb3l3b",1.72970715920003,2,0.421113207677739,0.92319847398662
"myo3a",3.88758826716665,4,0.421432834659717,0.92319847398662
"vax2",1.72817736360024,2,0.42143543946528,0.92319847398662
"si:dkey-65b13.1",1.72533264958234,2,0.42203529762152,0.92319847398662
"unc13ba",1.72495891360529,2,0.422114169877793,0.92319847398662
"msna",4.94479286938118,5,0.422654874428576,0.923352806871772
"gata5",3.86874338584527,4,0.424060842950034,0.925394995059852
"nrxn3a",4.91673423189491,5,0.426126433990415,0.92887049540197
"si:dkey-16l2.20",1.70321894868253,2,0.426727571875261,0.928940722475361
"sorcs2",4.9070817594124,5,0.427325092322297,0.928940722475361
"nhsl1a",4.9046602131787,5,0.427626156725556,0.928940722475361
"ppp1r1b",1.69694942095179,2,0.428067360911916,0.928940722475361
"zbtb47a",1.69481906591995,2,0.428523571569591,0.928940722475361
"pitpnm3",4.88666269118494,5,0.42986817457752,0.930243862484848
"ppm1j",1.68735547551867,2,0.430125721365461,0.930243862484848
"tubb4b",4.87899075120815,5,0.430826269631891,0.930243862484848
"itpkb",4.87332177463027,5,0.431535138660221,0.930243862484848
"znf516",4.8685311401282,5,0.432134779157695,0.930243862484848
"f13a1b",1.67698722337483,2,0.432361337182039,0.930243862484848
"igf2a",2.74591436374848,3,0.43248093484914,0.930243862484848
"aqp8a.1",4.86231321340376,5,0.432913895270444,0.930243862484848
"sfrp2",1.67217799973144,2,0.433402249357974,0.930275429223017
"anln",4.84872614585369,5,0.434619605803401,0.930714768998387
"si:dkey-261m9.12",4.84010390475035,5,0.435704330663613,0.930714768998387
"slc23a2",4.8394955434946,5,0.435780933047893,0.930714768998387
"knstrn",4.83260074796259,5,0.436649716600162,0.930714768998387
"dtnbp1b",2.71926855148418,3,0.436962731192857,0.930714768998387
"si:dkey-111i23.1",1.65527763036651,2,0.437080095762638,0.930714768998387
"si:dkey-16p21.7",1.65159383902937,2,0.437885893567774,0.930714768998387
"adra1aa",4.8227790220968,5,0.437889272389234,0.930714768998387
"klhl29",4.81955663790263,5,0.438296456860378,0.930714768998387
"tyrp1b",1.64949434123824,2,0.438345805154536,0.930714768998387
"znf1017",1.64327896373259,2,0.439710166390043,0.932603419859659
"msi2a",1.64103175715476,2,0.440204503846756,0.932644709336601
"cacng4b",1.63496354968935,2,0.441542158239945,0.933704120501607
"tcima",2.6916077110139,3,0.4416553604613,0.933704120501607
"mcf2a",1.62897402957908,2,0.442866453040931,0.934629118422419
"rgs5a",1.62816940962388,2,0.443044658478244,0.934629118422419
"muc5.1",4.77836454577373,5,0.443523324029824,0.934634987547827
"crybg1b",1.61989526805086,2,0.444881362259079,0.935612240593951
"FP236822.2",3.71953680583635,4,0.445290785630919,0.935612240593951
"baz1b",4.76352475896641,5,0.445416214335715,0.935612240593951
"pxk",4.73668765024892,5,0.448852637482796,0.939755414852998
"sult2st3",4.73400705231168,5,0.449196813524402,0.939755414852998
"slc4a10a",4.73337326021423,5,0.449278214126146,0.939755414852998
"emilin1a",4.73159756571606,5,0.449506324393751,0.939755414852998
"kera",1.59248892781172,2,0.451019607909922,0.939755414852998
"map2",1.59144270287493,2,0.451255603611075,0.939755414852998
"col11a1b",4.7166005503585,5,0.451435833916354,0.939755414852998
"pif1",1.59040503726838,2,0.451489790567576,0.939755414852998
"si:dkey-9k7.3",1.58949591461799,2,0.45169506701692,0.939755414852998
"CU459094.2",4.7075463193548,5,0.45260330104131,0.940648553698554
"sele",4.70277351155057,5,0.453219487048366,0.940933480510562
"camk1db",1.5752829223554,2,0.45491646914675,0.942014870826851
"si:ch211-266g18.6",4.68892566388165,5,0.455010305045428,0.942014870826851
"nr3c2",4.68762079085832,5,0.455179283306864,0.942014870826851
"islr2",1.57097820106471,2,0.45589666794411,0.94250637457077
"dscaml1",1.56188666804414,2,0.457973785217677,0.944879187357331
"pcdh1g13",1.56174331570101,2,0.45800661220172,0.944879187357331
"ca14",1.55946535295548,2,0.458528570395524,0.944963391665068
"epha4a",4.65153668351638,5,0.459867787667665,0.946298052636024
"dlgap1b",1.55244968355087,2,0.460139837203362,0.946298052636024
"znfl2a",3.60774149342977,4,0.461686183754878,0.948007681065981
"shroom3",4.63568840557838,5,0.46193653298378,0.948007681065981
"dcn",4.62150875134242,5,0.463792375737708,0.950822782827618
"igdcc4",2.5607306394258,3,0.464415599790492,0.951107651708577
"trim66",1.52620799251855,2,0.466217042775212,0.953802366677621
"BX640512.3",4.59358492613905,5,0.46746056477755,0.955351247890852
"nkx2.3",4.58022708092458,5,0.469221611432769,0.957368501931519
"si:ch211-133l5.8",1.51250395854455,2,0.469422539389029,0.957368501931519
"pho",4.57216300186899,5,0.470286715885774,0.958136006223714
"tcf15",3.54525844980719,4,0.471030149082236,0.958275933097395
"zgc:173552.3",4.56127118527045,5,0.471727653521323,0.958275933097395
"mlphb",1.49991260145125,2,0.472387195267637,0.958275933097395
"sema3gb",3.53602464694657,4,0.472421901469125,0.958275933097395
"zgc:162297",1.49673233300593,2,0.473138951851711,0.958275933097395
"grm3",4.5463328940032,5,0.473708292090183,0.958275933097395
"hs3st4",1.49244158362578,2,0.474155101805351,0.958275933097395
"CABZ01059403.1",1.49200439312994,2,0.474258761186695,0.958275933097395
"hist1h4l.20",4.53615371388386,5,0.475060816867273,0.95858424814481
"gucy1b1",1.48725001961905,2,0.475387503917029,0.95858424814481
"CU929150.1",1.48149301623388,2,0.476757879018996,0.959042939112102
"eepd1",4.52020766984852,5,0.477184282534724,0.959042939112102
"id2a",4.50230814433808,5,0.479574675718516,0.959042939112102
"CU856520.1",1.46810863733467,2,0.479959132817989,0.959042939112102
"slc2a15b",4.49566084524338,5,0.480464212005061,0.959042939112102
"gpr4",3.48233516358924,4,0.48056940033705,0.959042939112102
"thbs1b",4.49385647991536,5,0.480705840643364,0.959042939112102
"SH3RF3",1.46149917229147,2,0.48154789314127,0.959042939112102
"pard3ba",4.48450434746137,5,0.481959376710419,0.959042939112102
"tbxa2r",2.46238284624892,3,0.48212771943473,0.959042939112102
"zgc:171489",1.45729359449991,2,0.482561552085628,0.959042939112102
"cetp",1.457008215843,2,0.482630413382203,0.959042939112102
"gpd1b",4.47923374935468,5,0.482666690191332,0.959042939112102
"pfkfb4b",4.47282873994178,5,0.483527070331133,0.959042939112102
"efnb3b",4.46860082348073,5,0.484095500682793,0.959042939112102
"psme1",1.45020768322536,2,0.484274278522226,0.959042939112102
"nck2b",4.4656413235547,5,0.484493631418054,0.959042939112102
"zfpm2a",4.46201678571467,5,0.484981490738381,0.959042939112102
"si:ch211-156j22.4",4.45369959734731,5,0.486102071221823,0.959042939112102
"dgkg",4.44555790590073,5,0.487200481154562,0.959042939112102
"si:ch211-153b23.5",1.43552145815499,2,0.487843447413887,0.959042939112102
"dlg2",4.43990979380771,5,0.487963332887382,0.959042939112102
"CR751602.2",4.43442280001389,5,0.488705092857112,0.959042939112102
"zgc:162160",1.43070082885956,2,0.489020721851931,0.959042939112102
"BX927333.1",1.42956525206631,2,0.489298460984576,0.959042939112102
"rasip1",4.4244653706673,5,0.490052870437337,0.959042939112102
"BX322555.5",1.42642812082733,2,0.490066559977496,0.959042939112102
"bub1",4.42242453538289,5,0.490329372792711,0.959042939112102
"gata4",4.42217549145334,5,0.490363120698502,0.959042939112102
"pcdh11.1",4.4211148206186,5,0.490506867179411,0.959042939112102
"mgat4c",4.41782698423655,5,0.490952603992257,0.959042939112102
"si:ch211-250c4.4",4.41570112412204,5,0.491240935207115,0.959042939112102
"apof",4.41083213404355,5,0.491901688378094,0.95937926114655
"ptprfb",4.40204541810171,5,0.493095404098594,0.959767670274034
"irx5b",2.40166810896185,3,0.493324180290643,0.959767670274034
"myo10l1",4.39811057079363,5,0.493630513333783,0.959767670274034
"ppp1r15b",4.39465654648064,5,0.494100510232986,0.959767670274034
"abi3bpb",4.39139731558316,5,0.494544237432445,0.959767670274034
"RNF14",1.40169901999344,2,0.496163628745558,0.961959888308268
"diaph2",4.37544645384794,5,0.496719164288534,0.96197021788838
"tlx2",1.39773276954033,2,0.497148559652091,0.96197021788838
"trim36",1.38601294785732,2,0.500070358265465,0.964724569359902
"CR352292.1",1.38453889503381,2,0.500439059181707,0.964724569359902
"dck",4.34653840241767,5,0.500674718406096,0.964724569359902
"iqsec2b",4.34412987494259,5,0.501005086317141,0.964724569359902
"foxo3b",4.33868839452918,5,0.501751925181065,0.964724569359902
"CU280645.1",3.34519092991398,4,0.501804147188703,0.964724569359902
"RNF157",1.37826871377297,2,0.502010442915387,0.964724569359902
"si:ch211-26b3.4",2.34049716424241,3,0.504807149062118,0.969150772979472
"hist1h4l.11",4.30894431835894,5,0.505845327717184,0.970195530895068
"rfx2",4.29796024719324,5,0.507361661183938,0.972154441527077
"rhag",4.28878391933068,5,0.508630368761161,0.972921704907086
"capn2l",4.28789872919523,5,0.508752846710579,0.972921704907086
"adcy9",4.28271442305476,5,0.509470491883458,0.973346348306529
"npr1b",4.26522269701335,5,0.51189591576853,0.976616820484418
"sox7",4.2600997335745,5,0.512607466948143,0.976616820484418
"CU062632.1",1.33281739011041,2,0.513549583159397,0.976616820484418
"exo5",1.33255684194379,2,0.513616489718578,0.976616820484418
"BX569801.2",1.33235384756602,2,0.513668622994096,0.976616820484418
"scube3",4.24070649835451,5,0.515305955193852,0.97873760578842
"rab8b",4.23179552325458,5,0.516548454803424,0.97873760578842
"rasgrp3",4.22654539215227,5,0.517281260803467,0.97873760578842
"megf6b",4.22363661059819,5,0.517687504987297,0.97873760578842
"BX005396.2",1.31530946826833,2,0.518064910807498,0.97873760578842
"h1-0",4.21982914472689,5,0.518219519271884,0.97873760578842
"azin1a",3.23888232991467,4,0.518673770975113,0.97873760578842
"sema3fa",4.21440865412446,5,0.518977425381846,0.97873760578842
"ifi46",1.31066592333051,2,0.519269137083265,0.97873760578842
"palm2akap2",4.20564067351886,5,0.520204638595183,0.979560795974055
"adam12",4.18339281014683,5,0.523325479994829,0.982361848236372
"zgc:174356",4.18303356407319,5,0.523375954565793,0.982361848236372
"pgfb",4.17530059981319,5,0.524463067700623,0.982361848236372
"celsr1b",4.17294338520443,5,0.524794684528489,0.982361848236372
"si:dkeyp-14d3.1",4.16709261919521,5,0.525618254475564,0.982361848236372
"angpt2a",1.2807980591509,2,0.527082060744325,0.982361848236372
"abcb4",2.21445713258005,3,0.529106383568898,0.982361848236372
"gfra2b",4.1338773367781,5,0.530306467246428,0.982361848236372
"igsf3",4.12261422809588,5,0.531901090393642,0.982361848236372
"mybpc3",1.26133218460374,2,0.532237163831866,0.982361848236372
"rassf7a",4.12001872787537,5,0.532268906987797,0.982361848236372
"antxr2b",1.26004816332049,2,0.532578975466527,0.982361848236372
"slc6a4a",1.25971122139305,2,0.532668707118158,0.982361848236372
"h1-10",4.11618196809212,5,0.532812864101577,0.982361848236372
"sulf1",4.11502563827147,5,0.532976858443467,0.982361848236372
"p2ry13",1.25728816302539,2,0.533314441886418,0.982361848236372
"nfixb",4.11221556436234,5,0.533375499046589,0.982361848236372
"ecel1",2.19029075174041,3,0.533863321492458,0.982361848236372
"si:ch73-95l15.5",1.25080415404412,2,0.535046255458759,0.982361848236372
"htra1b",1.25012051024147,2,0.535229177248652,0.982361848236372
"thy1",4.09901204224055,5,0.535250592067649,0.982361848236372
"loxl2a",4.09897396467113,5,0.535256004453796,0.982361848236372
"sagb",2.18044795028507,3,0.535809775897429,0.982361848236372
"dpyda.3",4.08027951668978,5,0.537916578475851,0.982361848236372
"spdl1",4.07989754795266,5,0.537971008815236,0.982361848236372
"CRACD",4.07988087081706,5,0.537973385360776,0.982361848236372
"sned1",1.23959632940771,2,0.538053024727535,0.982361848236372
"wscd2",4.07880389615793,5,0.538126868822956,0.982361848236372
"kita",4.07875648123938,5,0.538133626592968,0.982361848236372
"colq",1.23816131503516,2,0.538439220171809,0.982361848236372
"st3gal3a",4.07106279014745,5,0.539230723692885,0.982361848236372
"fibcd1",4.06932506166707,5,0.539478672485436,0.982361848236372
"depdc1a",4.06234058473496,5,0.540475827161386,0.982361848236372
"clmn",1.2300106497076,2,0.540638016483255,0.982361848236372
"adarb1b",4.05574971540367,5,0.541417623119844,0.982361848236372
"si:rp71-79p20.2",4.05214640428376,5,0.541932856734776,0.982361848236372
"ankrd24",1.2208651675567,2,0.543115875133533,0.982361848236372
"snap25b",4.04357127557715,5,0.543159973864216,0.982361848236372
"BX005254.1",4.03909818708538,5,0.543800620901366,0.982361848236372
"btbd11b",1.21718969151377,2,0.544114897516872,0.982361848236372
"cyp2k16",4.03449287644753,5,0.544460590345099,0.982361848236372
"CR376857.2",4.03029384780477,5,0.545062676814825,0.982361848236372
"sema7a",3.07636001770659,4,0.545129053682934,0.982361848236372
"ankrd22",3.06950686980306,4,0.546261725734335,0.982361848236372
"fam222a",1.20922164528761,2,0.546286987800666,0.982361848236372
"grm6b",2.12758004147728,3,0.546353315671509,0.982361848236372
"BX890562.2",2.12755381588707,3,0.546358582893999,0.982361848236372
"gtpbp3",3.06685129012027,4,0.546700997630482,0.982361848236372
"stc1",3.06655636787202,4,0.546749794628449,0.982361848236372
"kif14",4.01702007190596,5,0.546968086912151,0.982361848236372
"ccnf",4.01112508749024,5,0.547815323045491,0.982361848236372
"fhl3a",4.01111640992409,5,0.547816570663238,0.982361848236372
"has2",1.1999532499794,2,0.548824464721608,0.982361848236372
"znf385b",3.05241754809404,4,0.549092093687626,0.982361848236372
"BX005003.1",4.00061025604157,5,0.549328092535011,0.982361848236372
"cep55l",3.99801013043968,5,0.549702480250394,0.982361848236372
"EML5",1.19365712793112,2,0.550554919988373,0.982990784415604
"ogfrl1",3.98444589364077,5,0.551657537906158,0.984064854175925
"RTKN",3.97214422330892,5,0.55343345369007,0.984766128359905
"slc17a6b",3.9691369793868,5,0.5538679986039,0.984766128359905
"KCNB2",1.17884753582268,2,0.554646797951635,0.984766128359905
"enpp1",3.95952123235564,5,0.55525853746225,0.984766128359905
"CR925802.1",1.17619584177797,2,0.555382662471253,0.984766128359905
"cd81b",3.95676455104945,5,0.555657482213522,0.984766128359905
"BX784025.1",1.17340843481324,2,0.556157240862904,0.984766128359905
"cxcr4b",3.95055256827584,5,0.556556962583942,0.984766128359905
"si:dkey-25o16.4",3.95050853166407,5,0.556563341384671,0.984766128359905
"rcan3",2.07330583701861,3,0.557332022888264,0.985238607518048
"ncl",3.94152631773168,5,0.557865139946753,0.985294186021063
"slc24a2",3.93800135410174,5,0.558376397656294,0.985311091641474
"kcnd1",3.92913284973887,5,0.559663626250644,0.986283911406503
"cnga2b",3.92728463530437,5,0.559932057646767,0.986283911406503
"asip2b",3.9099086732937,5,0.562458565217748,0.989846435562417
"cdca8",3.90620301021775,5,0.56299804145244,0.989908821318346
"adgra1a",1.14608014780927,2,0.563808810231742,0.9899363027449
"AL929435.2",1.14424870303105,2,0.564325339044852,0.9899363027449
"trib2",1.14353840642088,2,0.564525793826012,0.9899363027449
"hapln1a",1.14005824610681,2,0.565508969111808,0.990775749630321
"si:ch211-113a14.12",3.87686659218107,5,0.567277017852803,0.992671033994324
"rnd3b",1.13267097800122,2,0.567601614651541,0.992671033994324
"cxcl18b",3.87108408387745,5,0.568122135644497,0.992697397158178
"rbms3",3.86561926125283,5,0.568921329000606,0.993210213473058
"BX465862.4",3.85653429622839,5,0.570251025196119,0.993573105044862
"fbxo5",3.85275512074742,5,0.57080454978064,0.993573105044862
"hs2st1b",1.1213431214701,2,0.570825591047078,0.993573105044862
"si:ch211-263k4.2",1.12019712225117,2,0.571152767614892,0.993573105044862
"shcbp1",3.84591967508037,5,0.571806304840032,0.993691988886108
"cdh24b",2.00083693346692,3,0.572233013966491,0.993691988886108
"agtr1b",3.83612076195548,5,0.573243677928899,0.994567653226464
"nrarpa",3.82691814665257,5,0.574594980535488,0.995879918259507
"skilb",2.89297138582384,4,0.575893167162964,0.995879918259507
"CABZ01068367.1",1.10064884213581,2,0.576762666065297,0.995879918259507
"atoh7",1.099925453835,2,0.576971315479146,0.995879918259507
"myt1a",1.09949676589239,2,0.577094999057177,0.995879918259507
"stx2b",3.80921378307087,5,0.577198442657635,0.995879918259507
"BX321882.1",1.09792223625934,2,0.577549504530335,0.995879918259507
"cntln",3.79510431321625,5,0.579276780983089,0.997982103377883
"wfdc1",3.77722279545113,5,0.58191515725718,0.999999999920949
"slc6a5",3.75858754588152,5,0.584669913398302,0.999999999920949
"BX119926.1",3.74414231601937,5,0.586808852058548,0.999999999920949
"FAR2",1.92912209971854,3,0.587247198611957,0.999999999920949
"tnk1",3.73308108446947,5,0.588448793740322,0.999999999920949
"chsy1",3.72400818637282,5,0.589795275693915,0.999999999920949
"CABZ01074130.1",1.05535326005071,2,0.589974106681847,0.999999999920949
"btr23",1.05488629565321,2,0.590111871215636,0.999999999920949
"ms4a17a.9",3.71514034822516,5,0.591112473474264,0.999999999920949
"si:dkeyp-52c3.7.1",1.91062563320172,3,0.591162267312703,0.999999999920949
"cers6",1.05090934687088,2,0.59128646099329,0.999999999920949
"kcnip1b",3.71051261609436,5,0.591800307947023,0.999999999920949
"EML6",1.90619692515337,3,0.592102243457749,0.999999999920949
"si:ch211-264f5.8",1.03891389415464,2,0.594843491771214,0.999999999920949
"creld1a",1.03773284859607,2,0.595194864139698,0.999999999920949
"kcnq5b",1.88988107639199,3,0.59557374986866,0.999999999920949
"bmpr1ab",3.6851555248551,5,0.595574584638979,0.999999999920949
"nmur3",1.03069240107775,2,0.597293775392932,0.999999999920949
"msi2b",3.67334950156338,5,0.597334906367032,0.999999999920949
"CR533571.1",1.8782025373654,3,0.598066789359489,0.999999999920949
"itga11a",1.02635060946651,2,0.59859184642334,0.999999999920949
"rad51c",3.66478294381596,5,0.59861340638784,0.999999999920949
"aplp1",1.02014187477369,2,0.600452982735937,0.999999999920949
"si:ch73-383g2.1",3.64747443444369,5,0.601199604957312,0.999999999920949
"mmp9",2.7421560712094,4,0.601858256007245,0.999999999920949
"BX537166.2",1.01190306863144,2,0.602931592287927,0.999999999920949
"hipk2",3.63307597107213,5,0.603354023958663,0.999999999920949
"si:ch211-132b12.7",1.00730883182674,2,0.604318189523217,0.999999999920949
"unc5da",3.62292461552526,5,0.604874583280327,0.999999999920949
"plod2",3.62267650914347,5,0.604911763524656,0.999999999920949
"racgap1",3.62228939081252,5,0.604969777135123,0.999999999920949
"hmmr",2.72272991464762,4,0.605243069583748,0.999999999920949
"adam11",1.00224748495232,2,0.605849458266406,0.999999999920949
"cep112",3.61260670050098,5,0.606421451681404,0.999999999920949
"ablim2",3.59589302531492,5,0.608930041430331,0.999999999920949
"rbpms2b",3.59480587966101,5,0.609093334589558,0.999999999920949
"myoz1b",0.987432499239002,2,0.610353946686511,0.999999999920949
"hist1h2a10",3.57980044713322,5,0.611348695339913,0.999999999920949
"si:ch211-1a19.3",2.68506683383838,4,0.611830242552872,0.999999999920949
"tcf7",3.57532325076768,5,0.61202216487451,0.999999999920949
"tns1a",0.980313855670988,2,0.61253026359339,0.999999999920949
"postna",3.56278187031335,5,0.613909953374332,0.999999999920949
"syt6a",3.56235634425103,5,0.613974038592833,0.999999999920949
"si:ch73-190m4.1",0.974700222619148,2,0.61425193874269,0.999999999920949
"zgc:162971",0.973678796170822,2,0.614565725451464,0.999999999920949
"CABZ01075125.1",3.55674135648693,5,0.61481986995791,0.999999999920949
"SORCS3",2.66684001463084,4,0.615029526581919,0.999999999920949
"selp.1",0.968354769531669,2,0.616203887034972,0.999999999920949
"si:dkey-18a10.3",0.966165866269637,2,0.616878661570866,0.999999999920949
"CR774179.2",0.962467176930311,2,0.618020538371916,0.999999999920949
"fstl1a",3.52833902595436,5,0.619103978641045,0.999999999920949
"vcpip1",2.63450201433918,4,0.620723568927164,0.999999999920949
"zgc:171686",0.951223373141729,2,0.621504774046041,0.999999999920949
"dct",0.951066408627405,2,0.621553553057663,0.999999999920949
"TCERG1L",3.51165976482481,5,0.62162409598703,0.999999999920949
"rapgefl1",1.7673394615346,3,0.622067892102236,0.999999999920949
"kcnn1a",3.5070671031679,5,0.622318555851634,0.999999999920949
"wnk1b",3.50367550983741,5,0.622831549387515,0.999999999920949
"si:dkey-73n10.1",3.49791558768129,5,0.623703049369364,0.999999999920949
"runx3",3.49683606085766,5,0.623866426096306,0.999999999920949
"cblc",0.938023917079709,2,0.625620101608658,0.999999999920949
"gfra2a",3.47934287583188,5,0.626515593879125,0.999999999920949
"hist1h2a11.1",2.60025845373296,4,0.626777340702454,0.999999999920949
"cobll1b",3.470380598599,5,0.627874084566928,0.999999999920949
"her9",2.58970088423089,4,0.628648647387008,0.999999999920949
"BX088535.1",0.927577214698356,2,0.62889648451134,0.999999999920949
"BX088540.1",0.9273390939514,2,0.628971365619263,0.999999999920949
"neto2b",0.926757510601243,2,0.629154291851671,0.999999999920949
"nell2a",1.72445986968613,3,0.631509568565164,0.999999999920949
"s100a11",0.917118038529963,2,0.63219396880008,0.999999999920949
"LO017917.1",0.912100555737927,2,0.633781971090584,0.999999999920949
"nfkbiaa",3.4310623627719,5,0.6338434702797,0.999999999920949
"rgs6",3.43028215474687,5,0.633962076387237,0.999999999920949
"CR848844.1",2.55888220834018,4,0.634123961362677,0.999999999920949
"si:ch211-150g13.3",0.909677867719385,2,0.634550164263614,0.999999999920949
"sox6",3.4188555787794,5,0.635699788404892,0.999999999920949
"slc2a1b",2.54893894182769,4,0.635894477489561,0.999999999920949
"kcnd3",1.7010503415842,3,0.636700305910052,0.999999999920949
"hdac4",3.40876692893257,5,0.637235045784061,0.999999999920949
"cavin1b",3.40809557876102,5,0.637337242815295,0.999999999920949
"CT025745.1",0.900819006259085,2,0.637367094353732,0.999999999920949
"XKR4",0.899673289192936,2,0.637732320133798,0.999999999920949
"CT573204.1",3.4021616371218,5,0.638240721681909,0.999999999920949
"si:dkey-240h12.3",0.89748432004919,2,0.63843069042721,0.999999999920949
"apoea",0.896491407308075,2,0.638747722100318,0.999999999920949
"col27a1b",0.896089797250936,2,0.638875998733768,0.999999999920949
"nectin1b",3.39769083613634,5,0.638921638002926,0.999999999920949
"fosaa",0.89120376359284,2,0.640438691615632,0.999999999920949
"slc16a1a",0.888718757327277,2,0.64123493326025,0.999999999920949
"spon1a",3.38222030270214,5,0.641279210514742,0.999999999920949
"rlbp1b",0.887065128460201,2,0.641765334799967,0.999999999920949
"nkd2a",3.3776189476469,5,0.641980817406082,0.999999999920949
"src",3.37190640465541,5,0.64285210728379,0.999999999920949
"cxcl8b.1",3.36567724085879,5,0.643802506091786,0.999999999920949
"si:ch211-160j14.2",2.49988180559892,4,0.644656957599792,0.999999999920949
"he1.2",1.66152341986461,3,0.64552162076786,0.999999999920949
"zgc:173552.1",3.35233770742358,5,0.645838827288917,0.999999999920949
"FP016248.1",3.34996834586481,5,0.646200668386343,0.999999999920949
"ncapd2",3.34608920202367,5,0.646793175025429,0.999999999920949
"parapinopsinb",0.870156426787413,2,0.647214044291512,0.999999999920949
"si:dkeyp-97a10.3",0.869827448013768,2,0.647320512889037,0.999999999920949
"cthrc1a",3.34183992547871,5,0.647442352713908,0.999999999920949
"ank3b.1",0.868195902183936,2,0.647848794880495,0.999999999920949
"zgc:112163",3.33292800608441,5,0.648804316040221,0.999999999920949
"plxna1a",3.33166965137094,5,0.6489966731759,0.999999999920949
"ugt1b7",2.47203040874541,4,0.649651087098793,0.999999999920949
"ccn5",2.46687643452822,4,0.650576739682479,0.999999999920949
"ncam3",3.3209703108626,5,0.650632699830239,0.999999999920949
"nrg2a",3.31830656924671,5,0.651040142715735,0.999999999920949
"mrm1",0.858140531731388,2,0.651114176472349,0.999999999920949
"BX649276.1",0.853622188686734,2,0.652586817926091,0.999999999920949
"tenm3",3.30538140809186,5,0.653017892709698,0.999999999920949
"ntn1a",0.852244831072201,2,0.653036395426977,0.999999999920949
"si:dkey-57a22.11",3.29579777193211,5,0.654485102676693,0.999999999920949
"npr2",0.847469953805384,2,0.654597342337489,0.999999999920949
"ada2b",1.62039901758635,3,0.65477337540489,0.999999999920949
"nocta",3.29221497927338,5,0.655033774568536,0.999999999920949
"si:ch211-145b13.5",3.29116257713726,5,0.655194956940807,0.999999999920949
"BX537118.1",1.61826457394253,3,0.65525557765843,0.999999999920949
"mcu",3.28561397535284,5,0.65604488562707,0.999999999920949
"eda",3.28513968324538,5,0.656117546728892,0.999999999920949
"pvalb2",3.27110834818159,5,0.658267800903428,0.999999999920949
"bmf2",3.26912297386504,5,0.658572155088199,0.999999999920949
"CABZ01068352.1",0.827251748626883,2,0.661248294966551,0.999999999920949
"CZQB01066256.1",1.58947919192011,3,0.661777688316007,0.999999999920949
"fnbp1a",3.24197113092295,5,0.662736907238359,0.999999999920949
"ckap2l",3.23915306570959,5,0.66316941233866,0.999999999920949
"bcl11aa",3.2390881699974,5,0.663179372798516,0.999999999920949
"tnks1bp1",3.23819932082981,5,0.663315799409863,0.999999999920949
"gadd45bb",3.23417564273575,5,0.663933436439531,0.999999999920949
"gdpd5b",3.23134710940893,5,0.664367671964295,0.999999999920949
"hdac9b",3.2292613746478,5,0.66468790148629,0.999999999920949
"rcn3",3.22398762787665,5,0.665497701993768,0.999999999920949
"taok3a",2.38122524190371,4,0.666022796100965,0.999999999920949
"fam184b",0.81262837801054,2,0.666100852980052,0.999999999920949
"FRMD1",1.56980580540845,3,0.666255361756012,0.999999999920949
"prss35",3.21866276797553,5,0.666315501603677,0.999999999920949
"CABZ01086877.1",3.215944327155,5,0.666733060886493,0.999999999920949
"dkk2",3.21278598858785,5,0.667218237390824,0.999999999920949
"samsn1a",3.21191663119617,5,0.667351794954508,0.999999999920949
"tanc1a",3.20977185777777,5,0.667681308374726,0.999999999920949
"si:dkey-102g19.3",0.80664977717188,2,0.668095007617863,0.999999999920949
"gria3b",0.806473436430825,2,0.668153916399198,0.999999999920949
"ca2",3.19105666792405,5,0.67055758263602,0.999999999920949
"cfd",3.17686056899124,5,0.672740416006285,0.999999999920949
"si:ch211-157j23.3",2.32942614298073,4,0.675416832341039,0.999999999920949
"dock9b",3.15813577175333,5,0.675620903946014,0.999999999920949
"alpk2",0.781944709463783,2,0.676398855008514,0.999999999920949
"cdaa",0.781746877981896,2,0.676465764811592,0.999999999920949
"aldh1a3",0.780669382665711,2,0.676830307347566,0.999999999920949
"dnase1l4.1",3.14610616145841,5,0.677472174606002,0.999999999920949
"OSBP2",3.13818518023741,5,0.678691441642427,0.999999999920949
"si:ch211-191i18.2",0.773453031261796,2,0.679276841124479,0.999999999920949
"kremen1",3.13087273543006,5,0.679817226439759,0.999999999920949
"ipo11",3.13067887057514,5,0.67984707521534,0.999999999920949
"efnb2a",3.11782459184493,5,0.681826470133346,0.999999999920949
"flrt3",3.11217228641905,5,0.682697008219992,0.999999999920949
"itga3a",2.28459964251975,4,0.683574325346708,0.999999999920949
"aldh3b1",3.10475363674055,5,0.683839723171904,0.999999999920949
"palm3",0.7533462315721,2,0.686140325682859,0.999999999920949
"ckbb",3.0896018447316,5,0.686174029005987,0.999999999920949
"mylk4a",0.750608082623974,2,0.68708034622061,0.999999999920949
"fabp11b",1.47825125963882,3,0.687298948070131,0.999999999920949
"irx4b",3.07840159999155,5,0.687899888432539,0.999999999920949
"cacna2d3",0.747029094013996,2,0.688310973358967,0.999999999920949
"CABZ01046895.1",0.74596899112451,2,0.688675910293959,0.999999999920949
"cxxc4",2.25540660602126,4,0.688899304110901,0.999999999920949
"sh3rf2",0.745241282924988,2,0.688926533439691,0.999999999920949
"grem2b",0.744891614919095,2,0.689046991753066,0.999999999920949
"BX511025.1",0.74369610884547,2,0.689458994810665,0.999999999920949
"CABZ01081730.1",0.743258660653937,2,0.689609812599014,0.999999999920949
"tox3",3.06680386733005,5,0.689687256238274,0.999999999920949
"fhl2a",3.06425350656236,5,0.69008033302009,0.999999999920949
"klf4",3.06074246906739,5,0.690621492128276,0.999999999920949
"CR388207.1",0.739329137012754,2,0.690966063548663,0.999999999920949
"pdgfrl",0.734384467476877,2,0.692676476456456,0.999999999920949
"itga8",3.03824208851848,5,0.694089896059985,0.999999999920949
"htr2cl1",0.730292248437111,2,0.694095219345828,0.999999999920949
"fgfr2",3.03687348437728,5,0.694300883297481,0.999999999920949
"f8",0.727643921469266,2,0.69501492367471,0.999999999920949
"epha7",3.01818952657696,5,0.697181394368476,0.999999999920949
"BX649398.2",3.0142346359904,5,0.69779114733051,0.999999999920949
"ccl38.6",0.717558988857364,2,0.698528363766586,0.999999999920949
"stxbp4",0.717092555648542,2,0.698691291177619,0.999999999920949
"ehd3",3.00653060320906,5,0.69897894651359,0.999999999920949
"ms4a17a.2",0.714609847256957,2,0.699559153094056,0.999999999920949
"rdh10a",2.19415044480632,4,0.700100348166211,0.999999999920949
"lrrn1",2.98938456668028,5,0.701622521756622,0.999999999920949
"snx22",2.97925586933815,5,0.703184134422555,0.999999999920949
"BX323807.2",2.17703232344143,4,0.703236296077452,0.999999999920949
"zeb1b",2.97658914642082,5,0.703595273838463,0.999999999920949
"pcbp4",2.97424279894359,5,0.703957016132684,0.999999999920949
"gata1b",1.40519759013193,3,0.704316840675328,0.999999999920949
"si:dkey-7j14.5",1.40487814554759,3,0.704391666155651,0.999999999920949
"BX000438.2",0.698922411190633,2,0.705067874022142,0.999999999920949
"CR848833.1",0.696281060797464,2,0.705999654829739,0.999999999920949
"chrm3a",0.693447977456106,2,0.707000441420898,0.999999999920949
"bcam",2.95248570667776,5,0.707311142238031,0.999999999920949
"pelp1",2.95211466598364,5,0.707368338452424,0.999999999920949
"knl1",2.94556077518084,5,0.708378596254404,0.999999999920949
"MAN1C1",2.94027225442241,5,0.70919375773325,0.999999999920949
"znrf3",2.93476814964004,5,0.710042102323649,0.999999999920949
"acap3a",2.93474152002215,5,0.71004620660922,0.999999999920949
"dcbld1",2.9314645256339,5,0.710551263408701,0.999999999920949
"shisa2b",2.92953101864045,5,0.710849250282522,0.999999999920949
"apln",2.92049028214202,5,0.712242489044403,0.999999999920949
"FAM184A",0.677402313973004,2,0.712695401309399,0.999999999920949
"nfatc2a",2.10744815326001,4,0.71600415512093,0.999999999920949
"macrod2",2.89594525201565,5,0.716024121970268,0.999999999920949
"ccna2",2.89560544511388,5,0.71607646497854,0.999999999920949
"vstm2l",2.10420077242319,4,0.716600670141243,0.999999999920949
"ppp2r3a",2.88517352611735,5,0.717683210564043,0.999999999920949
"CABZ01043166.1",2.87924712888193,5,0.718595859893869,0.999999999920949
"etv5b",2.86641491695797,5,0.720571589860393,0.999999999920949
"TENM2.1",0.653136514263468,2,0.721395133005446,0.999999999920949
"spp1",0.65253612463654,2,0.721611724591041,0.999999999920949
"gsnb",1.32844480778174,3,0.722389912555181,0.999999999920949
"zmp:0000000652",2.84566399261965,5,0.723765259917205,0.999999999920949
"CR936977.2",2.82592448955018,5,0.726801603379642,0.999999999920949
"pde4d",2.82516361599903,5,0.726918605929303,0.999999999920949
"olfm2a",0.637544441169636,2,0.727041135451711,0.999999999920949
"zgc:158785",2.8171689564042,5,0.728147807547939,0.999999999920949
"hpdb",2.81691731207923,5,0.728186493478926,0.999999999920949
"MAGI3",2.81317379290682,5,0.728761956724225,0.999999999920949
"enpp2",2.03351730403597,4,0.729594004981212,0.999999999920949
"zgc:112970",0.627671324536729,2,0.730639089864493,0.999999999920949
"zgc:112265",0.626863710449185,2,0.730934186652507,0.999999999920949
"ponzr6",2.02128559414507,4,0.731843689624404,0.999999999920949
"rhoub",2.79271727151713,5,0.731905281516003,0.999999999920949
"mc5ra",1.28688846277267,3,0.732248870700143,0.999999999920949
"prex1",2.78360124460078,5,0.733305285904048,0.999999999920949
"pkz",2.01180646043352,4,0.733587217885619,0.999999999920949
"hivep3b",2.78024393011288,5,0.733820765575604,0.999999999920949
"si:ch73-139e5.4",0.618893908129403,2,0.733852698268838,0.999999999920949
"mafa",2.77920473025356,5,0.733980309771774,0.999999999920949
"kirrel3a",2.77660988029987,5,0.734378657876712,0.999999999920949
"myo5b",2.00219457490685,4,0.735355212928675,0.999999999920949
"ccser2b",2.76500455150769,5,0.736159732479814,0.999999999920949
"si:dkeyp-97a10.1",0.61104765085411,2,0.736737351538365,0.999999999920949
"prrt4",0.608890918562532,2,0.73753225267681,0.999999999920949
"igdcc3",2.74830791297257,5,0.738720619929459,0.999999999920949
"rgs18",0.605535644986511,2,0.738770602376309,0.999999999920949
"mitfb",2.74179527749493,5,0.739718988310388,0.999999999920949
"nsmfb",1.97322511886927,4,0.740683698396492,0.999999999920949
"f3a",0.597515982631924,2,0.741738894969477,0.999999999920949
"CR354564.1",1.24138416185531,3,0.743096739840201,0.999999999920949
"CT583650.1",0.591645754370173,2,0.743919181411049,0.999999999920949
"tspan18a",2.71065732821267,5,0.744487970020016,0.999999999920949
"SLC45A4",1.95137658556524,4,0.744701767769317,0.999999999920949
"CABZ01067348.1",2.70484932965532,5,0.745376654653892,0.999999999920949
"zmp:0000000936",2.69998320252594,5,0.746121006566449,0.999999999920949
"epha3",0.583742388595059,2,0.746864730214266,0.999999999920949
"pcdh11",2.69386428997057,5,0.7470567060087,0.999999999920949
"CR388417.1",2.68860907331733,5,0.747860070356778,0.999999999920949
"ncf1",1.21889029357391,3,0.74847729569584,0.999999999920949
"hsp70.3",1.92845426311148,4,0.748916127621575,0.999999999920949
"cd209",2.67543919168786,5,0.749872264685106,0.999999999920949
"tfpia",2.6744346420378,5,0.750025682346934,0.999999999920949
"grna",0.571133875511685,2,0.751588029878458,0.999999999920949
"bach2b",2.66385260454364,5,0.75164122500375,0.999999999920949
"fars2",2.66024329145614,5,0.752192008301028,0.999999999920949
"ENSDARG00000115101",2.65404495159823,5,0.753137581606043,0.999999999920949
"myo10l3",2.64881818400803,5,0.753934642462885,0.999999999920949
"slc29a1b",0.55910658232678,2,0.756121432150693,0.999999999920949
"myo1ca",2.62760043385038,5,0.757167379843605,0.999999999920949
"ect2",2.61861558213847,5,0.758534866216541,0.999999999920949
"CR936518.2",1.87410190729611,4,0.758900757723062,0.999999999920949
"mxra5a",0.550856993680627,2,0.759246718692562,0.999999999920949
"zgc:113142",2.61066534580389,5,0.759744139921697,0.999999999920949
"ndufa4l2b",1.86240725286825,4,0.76104698852773,0.999999999920949
"cyt1l",2.59969702680318,5,0.761411300407755,0.999999999920949
"egr1",2.59636606923284,5,0.761917322078787,0.999999999920949
"cldn5a",2.57985375582482,5,0.76442382842134,0.999999999920949
"c7a",2.57358156090673,5,0.765375049184971,0.999999999920949
"mapk10",0.530534471104501,2,0.767000952662629,0.999999999920949
"dlgap5",2.55894829870441,5,0.767592346826733,0.999999999920949
"slco1c1",2.55540498046334,5,0.768128830069727,0.999999999920949
"BX511034.7",1.82001709663075,4,0.768818136680269,0.999999999920949
"BX537310.2",2.5495052573054,5,0.769021721981309,0.999999999920949
"twist1a",1.12526044335768,3,0.770979876025038,0.999999999920949
"casp22",0.519903275555617,2,0.771088876473403,0.999999999920949
"ACBD3",0.51941826756886,2,0.771275891280199,0.999999999920949
"FQ312013.1",2.53415056791414,5,0.771343374339083,0.999999999920949
"FP102806.1",2.53140605700267,5,0.771758007170928,0.999999999920949
"kcng1",0.517721884102554,2,0.771930358632825,0.999999999920949
"fhl3b",1.79280688610237,4,0.773798112921501,0.999999999920949
"CR846082.1",0.512534547867905,2,0.773935088470902,0.999999999920949
"CT868708.1",2.51058390718792,5,0.774900276917777,0.999999999920949
"ube2s",2.50715887894907,5,0.775416545881456,0.999999999920949
"si:dkey-235d18.5",2.50426719161139,5,0.775852286891644,0.999999999920949
"CR847947.1",2.49445001344953,5,0.777330677231473,0.999999999920949
"akap13",2.49418122051019,5,0.77737113482267,0.999999999920949
"kirrel1b",2.49211421540989,5,0.777682214908275,0.999999999920949
"clcn2a",2.48890623759016,5,0.778164879227204,0.999999999920949
"ccs",0.5011841353037,2,0.778339816795589,0.999999999920949
"hpse2",0.50051199303557,2,0.778601438299763,0.999999999920949
"agbl4.1",2.46650014991283,5,0.781531546768693,0.999999999920949
"vwf",1.7500766176989,4,0.781602313542662,0.999999999920949
"asb5b",0.485396130242764,2,0.784508348448396,0.999999999920949
"neto1l",2.44574289104705,5,0.784643203876813,0.999999999920949
"hoxc5a",0.482812127066118,2,0.785522589540108,0.999999999920949
"CR954285.2",2.43761905392742,5,0.785859050590869,0.999999999920949
"rbp1.1",0.481633997819902,2,0.785985449422065,0.999999999920949
"neil3",2.43384583258975,5,0.786423380180915,0.999999999920949
"CT573344.1",2.42556240886138,5,0.787661392395736,0.999999999920949
"nkx3-2",0.472613229658556,2,0.789538552587192,0.999999999920949
"slc7a9",1.70567207961045,4,0.789687027243766,0.999999999920949
"si:dkey-266m15.5",0.470737540845537,2,0.790279364231189,0.999999999920949
"ENSDARG00000097208",1.70137062579385,4,0.790468633055803,0.999999999920949
"si:ch211-195m9.3",2.40301123116056,5,0.791025604575985,0.999999999920949
"fto",2.40266297047762,5,0.791077485810854,0.999999999920949
"sorcs3b",1.04019093806116,3,0.791528209738425,0.999999999920949
"grasp",2.3849867507764,5,0.793707771416223,0.999999999920949
"CABZ01050238.1",2.38209102429155,5,0.7941381005819,0.999999999920949
"stk17al",1.67439020024189,4,0.795364249575685,0.999999999920949
"vegfc",2.36126204379012,5,0.797228645341697,0.999999999920949
"slit1a",2.36023117808068,5,0.797381379209196,0.999999999920949
"cgnl1",2.35873106134536,5,0.797603599546013,0.999999999920949
"galnt18b",0.451868970846494,2,0.797770365541477,0.999999999920949
"efna3b",2.35534116178331,5,0.798105596469636,0.999999999920949
"prkcz",0.44944099433564,2,0.798739437497744,0.999999999920949
"isg15",2.34187468370569,5,0.800097480556892,0.999999999920949
"vwa7",2.33841956157481,5,0.80060793902324,0.999999999920949
"fat3a",0.443438691567873,2,0.801140176154087,0.999999999920949
"tenm4",2.33377899462798,5,0.801293141910382,0.999999999920949
"adrb3a",2.32790676714151,5,0.802159554833487,0.999999999920949
"id2b",2.3275179929862,5,0.802216890365997,0.999999999920949
"zgc:153704",2.32638714401053,5,0.802383647099906,0.999999999920949
"si:dkey-14d8.20",0.992480694104335,3,0.803071400191671,0.999999999920949
"st6galnac5a",2.31317973571225,5,0.804329196198331,0.999999999920949
"FQ377603.1",2.3119228129637,5,0.80451415300455,0.999999999920949
"CU302321.1",0.435009427764505,2,0.804523812480368,0.999999999920949
"ephb6",1.62129212824045,4,0.804960282710905,0.999999999920949
"si:dkey-211i20.2",1.62125022417345,4,0.804967833585943,0.999999999920949
"faxca",0.43300404283502,2,0.80533090701103,0.999999999920949
"col12a1a",2.30083805795255,5,0.806143773970013,0.999999999920949
"adarb2",1.60155437838987,4,0.808512737419958,0.999999999920949
"nefmb",1.59936575659914,4,0.808906124461525,0.999999999920949
"rel",2.28022674151207,5,0.809166608653363,0.999999999920949
"dnm3a",2.27635695603704,5,0.809733062949907,0.999999999920949
"bace2",0.421836817547863,2,0.80984014003569,0.999999999920949
"pdgfbb",2.2684482939208,5,0.810889637138517,0.999999999920949
"rasl10a",2.25873465887567,5,0.812308154220404,0.999999999920949
"epha4l",2.25761150785354,5,0.812472026972261,0.999999999920949
"lrp1ba",0.414942684304053,2,0.812636529853533,0.999999999920949
"ccdc120",2.25604566144132,5,0.812700440447323,0.999999999920949
"srrm4",0.409242706103261,2,0.814955838538566,0.999999999920949
"CABZ01086734.1",1.56152626965672,4,0.815689806836308,0.999999999920949
"anxa2a",0.405471751613007,2,0.816493868732736,0.999999999920949
"mmp25a",0.396660592333298,2,0.820098932864532,0.999999999920949
"pag1",2.19819025428967,5,0.821097332713394,0.999999999920949
"march4l",1.52892184151169,4,0.821506273941042,0.999999999920949
"gfra4b",2.19163332922743,5,0.822043559815484,0.999999999920949
"fstl3",1.52023974140926,4,0.823050305508075,0.999999999920949
"serp2",0.386823941901253,2,0.824142381472408,0.999999999920949
"ssbp2",1.50892641854678,4,0.825059096737967,0.999999999920949
"CR407547.2",1.50291132686538,4,0.826125637446388,0.999999999920949
"BX005058.2",2.16053384822807,5,0.826515745724591,0.999999999920949
"sgip1b",0.379615479835601,2,0.827118140459243,0.999999999920949
"apoa2",0.3783603991128,2,0.827637353372518,0.999999999920949
"med6",2.15061033532469,5,0.827937161197748,0.999999999920949
"slc18a2",2.14800122930547,5,0.82831042166267,0.999999999920949
"pcgf5b",1.48330915192202,4,0.829593871960335,0.999999999920949
"VSTM2B",2.13614115035473,5,0.830004687923691,0.999999999920949
"fam83d",2.13144428833289,5,0.83067453804435,0.999999999920949
"loxl1",2.12967387383489,5,0.830926862356904,0.999999999920949
"galnt1",2.12469831531789,5,0.831635503161988,0.999999999920949
"slc6a6b",0.368642728714644,2,0.831668492266246,0.999999999920949
"si:ch73-56d11.5",2.12343235896236,5,0.831815690560905,0.999999999920949
"BX663520.2",2.11864186525962,5,0.832497109199474,0.999999999920949
"anxa5b",2.11666229442543,5,0.832778493228771,0.999999999920949
"si:dkey-177p2.18",0.867387523822578,3,0.83328995012236,0.999999999920949
"egln1b",2.11217475749294,5,0.833415938677261,0.999999999920949
"CR385041.2",0.865983056670215,3,0.833628134874033,0.999999999920949
"si:ch73-223f5.1",1.45775236120922,4,0.834097822974265,0.999999999920949
"si:ch211-191c10.1",2.1053488636909,5,0.834384389504602,0.999999999920949
"CT990561.1",1.45503173495239,4,0.834576051656005,0.999999999920949
"sytl3",2.10389110428531,5,0.834591033487538,0.999999999920949
"CABZ01061591.1",2.10304760890382,5,0.834710573482574,0.999999999920949
"plcl1",1.4502101355531,4,0.835422987706413,0.999999999920949
"egr4",0.357455744992123,2,0.836333457769508,0.999999999920949
"si:dkey-85k7.7",0.355749061318473,2,0.837047440690982,0.999999999920949
"inhbaa",2.08564381956372,5,0.837172200081003,0.999999999920949
"neu3.2",1.43866306297927,4,0.837448122329311,0.999999999920949
"ccl39.7",1.4372847557928,4,0.837689548837551,0.999999999920949
"bgnb",2.07537463154548,5,0.838620311503386,0.999999999920949
"trim8a",2.05053740681408,5,0.842108968447219,0.999999999920949
"cux2b",2.050494070418,5,0.842115038219925,0.999999999920949
"oit3",2.04755805652755,5,0.84252611953512,0.999999999920949
"pbx1b",2.04660439349215,5,0.842659584823203,0.999999999920949
"pde4a",0.341173257119925,2,0.843170043858031,0.999999999920949
"hbegfb",2.03283592420197,5,0.844583162382948,0.999999999920949
"angpt1",2.03187761956546,5,0.84471681321078,0.999999999920949
"hpn",2.02943768435297,5,0.845056963178647,0.999999999920949
"CR847968.1",0.336338960055189,2,0.845210576233495,0.999999999920949
"dab1a",2.02763370468288,5,0.845308327413079,0.999999999920949
"CABZ01086127.1",2.02677177150359,5,0.845428389724624,0.999999999920949
"slc16a6a",1.3870676918824,4,0.846439570807448,0.999999999920949
"strc1",0.81231787446254,3,0.846518548449019,0.999999999920949
"fgfrl1a",0.330522240338671,2,0.847672330844093,0.999999999920949
"CU019646.1",1.37886956519778,4,0.84785914653516,0.999999999920949
"hsd3b7",2.00851086529738,5,0.847966146349286,0.999999999920949
"zgc:195170",2.00778204491121,5,0.848067196957619,0.999999999920949
"atp8b2",1.37683373421204,4,0.84821126392144,0.999999999920949
"cdkn3",2.00573794907195,5,0.848350512759536,0.999999999920949
"mustn1a",0.327873533651069,2,0.848795692229408,0.999999999920949
"si:dkey-56m19.5",1.9923974668419,5,0.850195989395407,0.999999999920949
"maptb",0.323819899820816,2,0.85051779029512,0.999999999920949
"ntn5",1.98365318657949,5,0.851402277649303,0.999999999920949
"CU179756.1",1.35421811702287,4,0.852111795081952,0.999999999920949
"CR936518.1",1.97745872714914,5,0.852255182174377,0.999999999920949
"emp3b",1.97722472300435,5,0.852287375115611,0.999999999920949
"fyna",0.786373589116894,3,0.852723437893842,0.999999999920949
"sh2d3ca",1.97025864028353,5,0.853244833856197,0.999999999920949
"CT955962.3",0.316547497708856,2,0.853616073558978,0.999999999920949
"CR382372.1",1.3442517801493,4,0.853824094164942,0.999999999920949
"ank2b",1.96395551130444,5,0.854109672132883,0.999999999920949
"cadm4",1.9570728315427,5,0.855052388040689,0.999999999920949
"si:dkey-33c12.3",0.313147337479514,2,0.855068523562052,0.999999999920949
"zbtb20",1.95623372782136,5,0.85516720165952,0.999999999920949
"nyx",1.95521173351591,5,0.855307005277633,0.999999999920949
"CR762407.2",1.95433106265575,5,0.855427445952731,0.999999999920949
"si:dkey-108k21.10",1.95233874428353,5,0.85569981095917,0.999999999920949
"cldna",0.311645582643142,2,0.855710816318782,0.999999999920949
"ftr98",0.310547286960864,2,0.856180857115335,0.999999999920949
"FO904898.1",0.308755735525876,2,0.856948146745324,0.999999999920949
"atxn1b",1.94089070010846,5,0.857262013471173,0.999999999920949
"satb1b",1.93656549353311,5,0.857850967578963,0.999999999920949
"FRMD5",1.93611294446199,5,0.857912549882713,0.999999999920949
"ADAM12",1.31513302253051,4,0.858802809521763,0.999999999920949
"mybphb",0.30218511350208,2,0.859768117632766,0.999999999920949
"rrad",0.302131267712711,2,0.859791265390851,0.999999999920949
"cobl",1.91585888147728,5,0.860660796327951,0.999999999920949
"prdm2a",0.752410665478668,3,0.860812542703253,0.999999999920949
"CABZ01102039.1",0.299073400981277,2,0.861106834396456,0.999999999920949
"gpr61l",0.748300166041032,3,0.861788656156241,0.999999999920949
"dhcr24",1.90397356678488,5,0.862266210497303,0.999999999920949
"sult1st9",1.90042485761488,5,0.862744494472197,0.999999999920949
"pcgf5a",0.294041275116818,2,0.863276161320278,0.999999999920949
"eno2",1.89558023603433,5,0.863396644773681,0.999999999920949
"cacna1aa",1.89520629834765,5,0.863446943574274,0.999999999920949
"hykk.2",1.88977101370867,5,0.864177430021177,0.999999999920949
"peak1",1.88029414619413,5,0.865448301823241,0.999999999920949
"sema5a",1.87974483662213,5,0.865521856189593,0.999999999920949
"unc5a",1.87875672260186,5,0.865654137611168,0.999999999920949
"nsmfa",0.288242752848603,2,0.865782656078472,0.999999999920949
"col9a1a",1.87583043579539,5,0.866045658392956,0.999999999920949
"dbf4",1.87455289334838,5,0.866216478873565,0.999999999920949
"rbfox1",1.87303662894882,5,0.866419133910953,0.999999999920949
"cd74b",0.286370471453504,2,0.866593529944856,0.999999999920949
"mgat5",1.867752250839,5,0.86712468966406,0.999999999920949
"lpar3",0.724594213407982,3,0.867404457770897,0.999999999920949
"cfap43",0.722886720496578,3,0.867808012191828,0.999999999920949
"rhoq",0.28307327246797,2,0.868023373894918,0.999999999920949
"strbp",1.86092565385976,5,0.868034485700028,0.999999999920949
"calb1",0.721011499951118,3,0.868251055718155,0.999999999920949
"si:ch73-359m17.5",0.281714741542332,2,0.868613192492747,0.999999999920949
"coro2bb",1.85351708842247,5,0.869019692966893,0.999999999920949
"btbd11a",1.84889703130803,5,0.869632937965559,0.999999999920949
"FEZ2",0.279215954282586,2,0.86969911051054,0.999999999920949
"zgc:92912",0.279092257270505,2,0.869752901764667,0.999999999920949
"brd2a",0.278112908813796,2,0.870178901637765,0.999999999920949
"pimr93",1.83803820754408,5,0.871070809966685,0.999999999920949
"pik3c2b",1.83498949502893,5,0.871473622173831,0.999999999920949
"sdccag8",0.271235865351173,2,0.873176180852856,0.999999999920949
"rgs7bpa",0.27118795551826,2,0.873197097965853,0.999999999920949
"alpi.1",0.691743927604116,3,0.875144121527198,0.999999999920949
"msh6",1.79130339368964,5,0.877202236939073,0.999999999920949
"si:ch211-63i20.3",1.79120677601692,5,0.877214815050509,0.999999999920949
"mus81",1.78957936232635,5,0.877426617230639,0.999999999920949
"lnx1",0.261171665380995,2,0.877581164563481,0.999999999920949
"rims2b",0.259045984573533,2,0.87851438912927,0.999999999920949
"BX511261.2",1.77720882146866,5,0.879032775707138,0.999999999920949
"arhgap20b",1.7765279372804,5,0.879120982672133,0.999999999920949
"si:ch211-160f23.5",1.77316426010135,5,0.87955643554859,0.999999999920949
"macf1a",1.76790426162039,5,0.880236365423002,0.999999999920949
"tmtc1",1.76741557285128,5,0.880299472311126,0.999999999920949
"matn4",1.76195526158803,5,0.881003857788435,0.999999999920949
"bmp2b",1.76116246140488,5,0.881106017731324,0.999999999920949
"si:ch73-81k8.2",1.1802447507141,4,0.881340357786665,0.999999999920949
"CFAP77",0.24888025885199,2,0.882991124969379,0.999999999920949
"klf2a",1.74101586491041,5,0.883692479423722,0.999999999920949
"nitr3b",1.73809983040907,5,0.884065299713076,0.999999999920949
"agxt2",1.16110537147976,4,0.884459903531015,0.999999999920949
"ccbe1",0.650171827163627,3,0.88485660178977,0.999999999920949
"tmem125b",0.241930250127308,2,0.886064860509648,0.999999999920949
"hs6st1a",1.71949993937204,5,0.88643399871834,0.999999999920949
"slc17a9a",0.240299101810209,2,0.886787806880794,0.999999999920949
"BX470259.3",1.69652293799591,5,0.889337518616742,0.999999999920949
"phlda2",1.68614221527926,5,0.890640958451076,0.999999999920949
"dachd",1.6852645786688,5,0.890750917111046,0.999999999920949
"rnf34b",1.11955423326805,4,0.891157428639267,0.999999999920949
"ca16b",1.68163541574228,5,0.89120521319879,0.999999999920949
"a2ml",1.11379891765647,4,0.892076719483988,0.999999999920949
"LO018585.2",1.67336886523513,5,0.892237599731563,0.999999999920949
"kif2c",1.66962309075707,5,0.89270428877516,0.999999999920949
"si:ch211-113d22.2",1.66919371483643,5,0.892757740652048,0.999999999920949
"fosab",1.66698356984233,5,0.893032730958657,0.999999999920949
"jarid2b",1.6651895819903,5,0.893255763653295,0.999999999920949
"hbl2",1.6589690293456,5,0.894027873679524,0.999999999920949
"myo3b",1.6565020372018,5,0.894333546418262,0.999999999920949
"rhbg",0.22299107831977,2,0.894495381595249,0.999999999920949
"mogat2",1.65228534074255,5,0.894855308241792,0.999999999920949
"prdm1a",1.64521101940187,5,0.895728648785122,0.999999999920949
"ksr1b",1.64253744729202,5,0.896058046658895,0.999999999920949
"zgc:153311",1.08645251717005,4,0.896415666167369,0.999999999920949
"aldh3b2",1.08474258322446,4,0.896685349215966,0.999999999920949
"chodl",1.08345744867281,4,0.896887906848331,0.999999999920949
"brsk2b",1.63506867196181,5,0.896976308216491,0.999999999920949
"pigr",0.59481516051642,3,0.897618291481222,0.999999999920949
"tspan10",1.6245554129548,5,0.898264031339957,0.999999999920949
"greb1l",1.62387833788432,5,0.89834676789729,0.999999999920949
"rca2.2",0.214238985193065,2,0.898418312239124,0.999999999920949
"ttn.2",0.213336120712381,2,0.898823978789173,0.999999999920949
"rbpjb",1.61602984706292,5,0.899304094285719,0.999999999920949
"numa1",1.61508688067562,5,0.899418897739527,0.999999999920949
"bcl11ab",1.05817830992027,4,0.900849636537493,0.999999999920949
"zfhx3",1.602093093435,5,0.900996111389079,0.999999999920949
"osbpl10b",1.59567861749459,5,0.901771433619394,0.999999999920949
"taco1",1.5916392943208,5,0.902258548875486,0.999999999920949
"BX296552.2",0.571381629912619,3,0.902951482799457,0.999999999920949
"igsf21a",1.5799456832897,5,0.903663805178142,0.999999999920949
"tuba2",1.57666044139695,5,0.904057280526662,0.999999999920949
"ablim1a",0.200340607587586,2,0.90468333391183,0.999999999920949
"zgc:152977",0.19808018962323,2,0.905706393168322,0.999999999920949
"lrrc4ca",1.02164598304473,4,0.906496181029072,0.999999999920949
"tiam1a",1.54821530712672,5,0.907439610425864,0.999999999920949
"fam49bb",1.53954096578403,5,0.908462185995707,0.999999999920949
"si:ch211-266g18.10",0.189936782017494,2,0.909401679283658,0.999999999920949
"opn5",0.188271346006678,2,0.910159269822009,0.999999999920949
"bahcc1a",1.5243899158496,5,0.91023817888671,0.999999999920949
"rnd3a",1.52387315494255,5,0.910298525260264,0.999999999920949
"ppp1r9a",1.52264761616833,5,0.91044158100016,0.999999999920949
"calcoco1b",0.186776572294459,2,0.910839765162201,0.999999999920949
"FO904880.1",1.51751308681038,5,0.91104000336982,0.999999999920949
"zmp:0000001114",1.5108297664178,5,0.911816688839388,0.999999999920949
"eva1a",1.50001196550981,5,0.913068433723519,0.999999999920949
"si:dkey-260c8.6",1.49971436369588,5,0.913102774546228,0.999999999920949
"mrc2",0.966916742306562,4,0.914770310462223,0.999999999920949
"lbx2",1.4851319651676,5,0.914779178065123,0.999999999920949
"zgc:92242",0.177876322963602,2,0.914902148018325,0.999999999920949
"ntrk2b",1.4802227351476,5,0.915340759436364,0.999999999920949
"tmpoa",1.48004978974079,5,0.915360517432018,0.999999999920949
"cyp1c2",0.17579750520244,2,0.915853599823906,0.999999999920949
"usp43a",1.47421893496285,5,0.916025629958443,0.999999999920949
"vgll4l",0.512364070663983,3,0.916166802976101,0.999999999920949
"atf3",1.46489072936571,5,0.917085506230211,0.999999999920949
"smyd3",0.949976082648516,4,0.917283990800385,0.999999999920949
"cavin1a",1.45885627209994,5,0.917768394480536,0.999999999920949
"csf1ra",0.170695139117933,2,0.918193092965689,0.999999999920949
"CABZ01018269.1",1.44480538511985,5,0.919350021178274,0.999999999920949
"CNNM4",0.495440766720492,3,0.919891907574612,0.999999999920949
"si:ch211-117c9.5",1.439699630956,5,0.919921801638791,0.999999999920949
"ncam1a",1.43702543236131,5,0.920220648362257,0.999999999920949
"zgc:123103",0.165569070513023,2,0.920549471809191,0.999999999920949
"plin1",0.163753487157767,2,0.921385518379189,0.999999999920949
"pdgfc",0.920024742520929,4,0.921670529917799,0.999999999920949
"muc5.2",1.4228139191419,5,0.921801502883662,0.999999999920949
"scn1lab",1.41452524127307,5,0.92271779770449,0.999999999920949
"si:ch211-111e20.1",0.907529469351359,4,0.923478118018163,0.999999999920949
"notum1b",0.464697410267414,3,0.926575892211374,0.999999999920949
"dkk1a",0.151274677689935,2,0.927152387751601,0.999999999920949
"daam1b",1.37245724854226,5,0.927302277806489,0.999999999920949
"crybb1l1",0.149423145302904,2,0.928011111515804,0.999999999920949
"cpne5a",0.875376869629473,4,0.928066522879476,0.999999999920949
"agbl4",1.34952048858332,5,0.929754520814669,0.999999999920949
"spire1a",0.449537019755667,3,0.929829491127693,0.999999999920949
"cnmd",1.34824392696118,5,0.929890004053819,0.999999999920949
"lamb2",1.3422532226899,5,0.930524389475633,0.999999999920949
"prph",0.142871388368712,2,0.931056147994841,0.999999999920949
"plxna3",0.142832346446951,2,0.931074323282882,0.999999999920949
"lamc3",0.138618286515038,2,0.933038193022205,0.999999999920949
"si:dkey-85a20.4",0.138346757446488,2,0.933164875117215,0.999999999920949
"foxf2b",0.138082269352594,2,0.93328828877695,0.999999999920949
"lim2.2",0.432738381061841,3,0.933399492112996,0.999999999920949
"slc8a4a",1.31173216650617,5,0.933719829748442,0.999999999920949
"si:dkey-97l20.6",0.136844166825329,2,0.933866220937811,0.999999999920949
"tyr",0.83310465101067,4,0.933955631244561,0.999999999920949
"laptm5",1.30651002058772,5,0.934260379018436,0.999999999920949
"caska",1.30591954007468,5,0.934321385409273,0.999999999920949
"hoxb5a",1.29979302256312,5,0.934952975486197,0.999999999920949
"GALNTL6",1.28945531097467,5,0.936012970517805,0.999999999920949
"pvrl2l",1.28936677427018,5,0.936022017571985,0.999999999920949
"si:dkey-201c13.2",0.131322559735145,2,0.936448004369774,0.999999999920949
"hist1h2a1",0.128929033417543,2,0.937569381719245,0.999999999920949
"si:ch1073-170o4.1",1.27361773584081,5,0.937622836620021,0.999999999920949
"ckap5",1.27282697429525,5,0.937702767392256,0.999999999920949
"stap2a",0.411426276383491,3,0.93787210963122,0.999999999920949
"spry4",1.25509975820397,5,0.93948335056651,0.999999999920949
"CU550702.1",0.12476580334361,2,0.939523072953492,0.999999999920949
"BX649313.1",1.25348868799256,5,0.939644094969452,0.999999999920949
"adgrl2a",0.788795923137281,4,0.939943785453001,0.999999999920949
"klf7a",1.24972071630927,5,0.940019339691177,0.999999999920949
"si:ch211-121a2.4",0.120942416529702,2,0.941320870889454,0.999999999920949
"eps8l3a",0.117691610569827,2,0.942852140766259,0.999999999920949
"adgrl1a",0.761876102221608,4,0.943484789478026,0.999999999920949
"syt5b",0.381162098663577,3,0.944105874864522,0.999999999920949
"si:ch211-225b11.1",1.20360832526599,5,0.944530726758573,0.999999999920949
"ildr1a",1.20047474895674,5,0.944831811128439,0.999999999920949
"si:ch211-185a18.2",1.2004561603307,5,0.944833595079108,0.999999999920949
"gyg2",1.18561657995629,5,0.946249794741084,0.999999999920949
"cpne4a",0.110031539817812,2,0.94647022208661,0.999999999920949
"tacc3",1.17770044942195,5,0.946998731777861,0.999999999920949
"mtnr1ba",1.17029739169854,5,0.947694990080754,0.999999999920949
"CR925744.1",0.105500666040489,2,0.948616821216106,0.999999999920949
"znf536",1.16028517377828,5,0.948630245395007,0.999999999920949
"dhrs11a",1.15118262616661,5,0.949474111205593,0.999999999920949
"lin7a",0.103591050050613,2,0.949523000685993,0.999999999920949
"rdh5",0.103084135676364,2,0.949763694616372,0.999999999920949
"hs6st3a",0.349936227220399,3,0.950378752071552,0.999999999920949
"gnao1a",1.13816783652925,5,0.95066998356561,0.999999999920949
"ADGRL3",0.0992846445277057,2,0.951569718942071,0.999999999920949
"slc12a5b",1.12441349470896,5,0.951920045716792,0.999999999920949
"spc24",1.12346197140381,5,0.952005998834187,0.999999999920949
"ftr69",0.340945958629697,3,0.952152342499587,0.999999999920949
"slc15a4",1.11487248585636,5,0.952778810571393,0.999999999920949
"ms4a17a.11",1.10336320989029,5,0.953805550127659,0.999999999920949
"scn8aa",0.678347631951185,4,0.953972010175239,0.999999999920949
"ier2b",1.09760332713603,5,0.954315597387188,0.999999999920949
"znf652",1.09738411060803,5,0.954334959263336,0.999999999920949
"dgkb",1.09362025425112,5,0.954666820341176,0.999999999920949
"CABZ01047286.1",0.327116416004604,3,0.954850488027372,0.999999999920949
"jag1b",1.09083380555729,5,0.954911802854895,0.999999999920949
"plppr5a",0.662394788684219,4,0.955884144883917,0.999999999920949
"crybb1l2",0.0890803233824204,2,0.956437187187289,0.999999999920949
"mgat4a",1.0578409389883,5,0.957766898837698,0.999999999920949
"CT027551.1",1.05757973161651,5,0.957789165005668,0.999999999920949
"parvb",0.304702254189955,3,0.959141700908716,0.999999999920949
"ENSDARG00000094627",0.303870731580522,3,0.959298863956371,0.999999999920949
"stim2a",1.03880675547236,5,0.959375403642544,0.999999999920949
"axin2",0.631646882288363,4,0.959482904767977,0.999999999920949
"hsp90aa1.2",1.03604005522123,5,0.959606829181693,0.999999999920949
"gabrg2",0.0820285502073212,2,0.959815428385268,0.999999999920949
"si:ch211-243g18.2",1.02830421240026,5,0.96025068818269,0.999999999920949
"CABZ01001434.1",0.297837458426069,3,0.96043468165489,0.999999999920949
"dhx32b",0.618293905241606,4,0.961009284542657,0.999999999920949
"BX323575.1",1.00493026832217,5,0.962167133568726,0.999999999920949
"BX001047.1",0.605029489194606,4,0.962503159923932,0.999999999920949
"cebpd",0.992571379241076,5,0.963162714577645,0.999999999920949
"arl5c",0.991424148854132,5,0.963254504690395,0.999999999920949
"notch3",0.989301512469985,5,0.963424056065755,0.999999999920949
"si:dkey-13m1.5",0.279671929555398,3,0.963805175958902,0.999999999920949
"adcy1a",0.0732257469950865,2,0.964049272141743,0.999999999920949
"si:dkey-221h15.4",0.273628306941337,3,0.964909498241387,0.999999999920949
"mmrn2a",0.96867515835275,5,0.965052561056681,0.999999999920949
"baiap2a",0.967349578695412,5,0.96515603113326,0.999999999920949
"cyp2ae1",0.0700584378085542,2,0.965577202737525,0.999999999920949
"tafa5a",0.0697891754693461,2,0.965707208276876,0.999999999920949
"tbx16",0.955513949313759,5,0.966073485239211,0.999999999920949
"si:dkey-161j23.7",0.0680231923689572,2,0.966560296161015,0.999999999920949
"si:ch211-149a19.3",0.263908747311988,3,0.966666915334663,0.999999999920949
"gulp1b",0.947731788099849,5,0.966670442877392,0.999999999920949
"twistnb",0.94607736884903,5,0.966796705838276,0.999999999920949
"specc1",0.940424859585333,5,0.96722638710501,0.999999999920949
"nol4lb",0.939226987676536,5,0.967317104318676,0.999999999920949
"si:ch1073-475a24.1",0.923327026032914,5,0.968509929248155,0.999999999920949
"znf804a",0.910536667882652,5,0.969454134516827,0.999999999920949
"slc14a2",0.060224742355721,2,0.970336489567669,0.999999999920949
"cited4a",0.892902641583154,5,0.970733335842827,0.999999999920949
"wnt2bb",0.887907938366205,5,0.971090880936968,0.999999999920949
"si:ch211-202f3.3",0.237173865544413,3,0.971376141172139,0.999999999920949
"BX276117.1",0.057736933181289,2,0.971544246589705,0.999999999920949
"si:dkeyp-82b4.3",0.235697654906969,3,0.971630574123055,0.999999999920949
"CT009597.1",0.5018750965531,4,0.973318181482131,0.999999999920949
"CR936479.1",0.0537691816870673,2,0.97347358280664,0.999999999920949
"BX571880.1",0.223489570760502,3,0.973711055676086,0.999999999920949
"si:dkey-238d18.5",0.051707249715519,2,0.974477718484487,0.999999999920949
"hipk3b",0.837762921855637,5,0.97456243814773,0.999999999920949
"lrrn3a",0.0501648318289134,2,0.975229534282302,0.999999999920949
"si:ch211-220f12.4",0.0495272440883611,2,0.975540481041271,0.999999999920949
"fam102ba",0.816460401670299,5,0.975971587939736,0.999999999920949
"nphp4",0.472965140225229,4,0.976078897356347,0.999999999920949
"gpr37b",0.47012400700641,4,0.976343478860893,0.999999999920949
"dagla",0.802518513387474,5,0.976872426961362,0.999999999920949
"slc1a5",0.202088493973936,3,0.977251441284748,0.999999999920949
"CU672227.1",0.794616068371898,5,0.97737547606011,0.999999999920949
"robo3",0.778995764101097,5,0.978353670133895,0.999999999920949
"AL805905.2",0.191116700896536,3,0.979010464214463,0.999999999920949
"tfec",0.762648908916762,5,0.979354292997505,0.999999999920949
"si:dkey-68o6.5",0.188839383405226,3,0.97937057097121,0.999999999920949
"gdf11",0.758873307958907,5,0.979582038635099,0.999999999920949
"si:dkey-178k16.1",0.756654965246366,5,0.979715259452465,0.999999999920949
"si:ch211-253p2.2",0.0398719320770197,2,0.980261441320475,0.999999999920949
"si:ch211-51a6.2",0.705996775805726,5,0.982637937475125,0.999999999920949
"cdnf",0.163868393880356,3,0.983199907999075,0.999999999920949
"im:7152348",0.68960458695312,5,0.983534324587533,0.999999999920949
"slc38a3a",0.031559116780431,2,0.984344286579297,0.999999999920949
"tmem108",0.669743303187164,5,0.984587875089927,0.999999999920949
"tspan9a",0.66909667760664,5,0.984621574864977,0.999999999920949
"capn2b",0.662554584539406,5,0.984960390820224,0.999999999920949
"arhgap15",0.652702836542965,5,0.985463277893264,0.999999999920949
"nkd3.3",0.644960031785781,5,0.985852316483374,0.999999999920949
"pip5kl1",0.144528180047373,3,0.986004281714731,0.999999999920949
"rap1gap",0.0267626159465027,2,0.986707823719144,0.999999999920949
"slc45a1",0.622583040454856,5,0.986945934355352,0.999999999920949
"glceb",0.613068411382501,5,0.987397083516881,0.999999999920949
"tnc",0.607703614546335,5,0.987647812887751,0.999999999920949
"oxct1a",0.603290233181155,5,0.987852102427163,0.999999999920949
"AL844186.1",0.0228040026059573,2,0.988662755162435,0.999999999920949
"TCIM",0.0217586817945348,2,0.98917962510112,0.999999999920949
"CPNE8",0.0216590476871522,2,0.989228904343077,0.999999999920949
"myh11a",0.57093242015243,5,0.989295402432067,0.999999999920949
"opn4a",0.307734276693686,4,0.989309446226448,0.999999999920949
"zgc:172323",0.566299328507478,5,0.989494201698285,0.999999999920949
"BX927082.1",0.557346642002843,5,0.989872768972575,0.999999999920949
"CABZ01056321.1",0.0202820553000314,2,0.989910219192704,0.999999999920949
"zgc:113625",0.114849746863113,3,0.989997709325634,0.999999999920949
"CU468723.4",0.549238402385676,5,0.990209281804129,0.999999999920949
"afap1",0.544029455866615,5,0.990422283737102,0.999999999920949
"tirap",0.106650991964517,3,0.991027505883799,0.999999999920949
"INSYN2A",0.0157812761629109,2,0.992140411283106,0.999999999920949
"irf1b",0.463745146972294,5,0.993390725362218,0.999999999920949
"tuft1a",0.462451338270152,5,0.993433739189616,0.999999999920949
"tspan33a",0.236834323302278,4,0.993518372511133,0.999999999920949
"zeb2b",0.453782034280812,5,0.993718027617288,0.999999999920949
"cyp46a1.2",0.0120272335116964,2,0.994004428846163,0.999999999920949
"zgc:194659",0.42801530658954,5,0.99452271060184,0.999999999920949
"tubb5",0.3965439981258,5,0.995424249429756,0.999999999920949
"si:ch211-237l4.6",0.39170935211056,5,0.995554873813586,0.999999999920949
"si:dkey-88l16.3",0.00829612946531805,2,0.995860526604608,0.999999999920949
"ripply2",0.182777142040037,4,0.99606997568109,0.999999999920949
"tfa",0.00658420762899568,2,0.996713309217548,0.999999999920949
"fam184a",0.165548290746149,4,0.996757523752519,0.999999999920949
"sh3gl2a",0.314772375138349,5,0.997355987933233,0.999999999920949
"csrp1b",0.313776467309468,5,0.99737592805206,0.999999999920949
"gchfr",0.309387467983141,5,0.997462795034617,0.999999999920949
"zhx2b",0.0030486236182712,2,0.998476849364039,0.999999999920949
"aldh1a2",0.235735593916969,5,0.998680268602336,0.999999999920949
"rnf24",0.0024697101321961,2,0.998765907053684,0.999999999920949
"thbs2b",0.0235827418037075,3,0.999043599563693,0.999999999920949
"erbb4b",0.197977643822249,5,0.999135472490041,0.999999999920949
"nes",0.112251370831955,5,0.999784251254071,0.999999999920949
"dhh",0.0687656270224764,5,0.999935638956144,0.999999999920949
"si:ch73-250a16.5",1.57019395546061e-05,2,0.999992149061042,0.999999999920949
"ptdss1b",5.68451321199176e-06,2,0.999997157747433,0.999999999920949
"cd4-1",7.64061183585203e-07,2,0.999999617969481,0.999999999920949
"prom1b",5.41133935470141e-07,2,0.999999729433069,0.999999999920949
"si:ch211-93e11.8",4.93416434887115e-07,2,0.999999753291813,0.999999999920949
"ak5l",3.33474270031269e-07,2,0.999999833262879,0.999999999920949
"si:ch211-102c2.8",1.50688143663292e-07,2,0.999999924655931,0.999999999920949
"adgrf3b",4.13559661653305e-08,2,0.999999979322017,0.999999999920949
"frs3",3.9112674155172e-08,2,0.999999980443663,0.999999999920949
"CABZ01112732.1",1.80181607647298e-08,2,0.99999999099092,0.999999999920949
"zgc:64065.1",4.19299135680495e-09,2,0.999999997903504,0.999999999920949
"pax4",3.72024583617762e-09,2,0.999999998139877,0.999999999920949
"sh3bp5b",2.15005695974621e-09,2,0.999999998924971,0.999999999920949
"arhgef33",1.5823155649925e-09,2,0.999999999208842,0.999999999920949
"wnt2",1.5343046244126e-09,2,0.999999999232848,0.999999999920949
"gpib",1.527233501445e-09,2,0.999999999236383,0.999999999920949
"adora2ab",1.41060971158112e-09,2,0.999999999294695,0.999999999920949
"rundc3b",1.25511801535440e-09,2,0.999999999372441,0.999999999920949
"wnt8a.1",1.20912281419765e-09,2,0.999999999395439,0.999999999920949
"nppb",1.13682163832834e-09,2,0.999999999431589,0.999999999920949
"C18H19orf12.1",1.11887022625442e-09,2,0.999999999440565,0.999999999920949
"CR759887.4",1.10366710714243e-09,2,0.999999999448166,0.999999999920949
"kcnn2",9.97160556331916e-10,2,0.99999999950142,0.999999999920949
"ppp2r2cb",9.5702960158897e-10,2,0.999999999521485,0.999999999920949
"fbxw10",9.35506350782796e-10,2,0.999999999532247,0.999999999920949
"jph1b",9.17699879027269e-10,2,0.99999999954115,0.999999999920949
"si:dkey-269i1.4",9.10456522851998e-10,2,0.999999999544772,0.999999999920949
"si:dkey-189h5.6",8.94437048334098e-10,2,0.999999999552782,0.999999999920949
"srd5a2b",8.83671671823494e-10,2,0.999999999558164,0.999999999920949
"BX548045.1",8.81717119503457e-10,2,0.999999999559141,0.999999999920949
"vwde",8.76876714844435e-10,2,0.999999999561562,0.999999999920949
"BX324194.2",8.6154289227307e-10,2,0.999999999569229,0.999999999920949
"BNC1",8.60876895401023e-10,2,0.999999999569562,0.999999999920949
"AL953865.1",8.29505195983686e-10,2,0.999999999585247,0.999999999920949
"lpar6b",8.26424473930317e-10,2,0.999999999586788,0.999999999920949
"col6a3.1",7.97553307574544e-10,2,0.999999999601223,0.999999999920949
"lpar5a",7.94738569558776e-10,2,0.999999999602631,0.999999999920949
"mmp30",7.92799098184946e-10,2,0.9999999996036,0.999999999920949
"BX322792.1",7.9026715693525e-10,2,0.999999999604866,0.999999999920949
"si:ch73-18b11.2",7.59809226436803e-10,2,0.999999999620095,0.999999999920949
"grin3a",7.5773719737002e-10,2,0.999999999621131,0.999999999920949
"ubn1",7.30240845246888e-10,2,0.99999999963488,0.999999999920949
"si:ch73-93k15.5",7.28952155448571e-10,2,0.999999999635524,0.999999999920949
"pax2b",7.17312378079505e-10,2,0.999999999641344,0.999999999920949
"ptprjb.1",6.77400682154321e-10,2,0.9999999996613,0.999999999920949
"cep41",6.76178654818452e-10,2,0.999999999661911,0.999999999920949
"scg3",6.75725683598132e-10,2,0.999999999662137,0.999999999920949
"paqr4a",6.67510945550318e-10,2,0.999999999666245,0.999999999920949
"si:dkey-196j8.2",6.58063947908555e-10,2,0.999999999670968,0.999999999920949
"gorasp1b",6.44871359306088e-10,2,0.999999999677564,0.999999999920949
"hsd11b2",6.36031093581895e-10,2,0.999999999681984,0.999999999920949
"wnt10a",6.31857845305322e-10,2,0.999999999684071,0.999999999920949
"si:dkey-5n7.2",6.3050141782793e-10,2,0.999999999684749,0.999999999920949
"colgalt2",6.27038340499477e-10,2,0.999999999686481,0.999999999920949
"si:dkey-217g21.3",6.19608115236344e-10,2,0.999999999690196,0.999999999920949
"crygm2d13",6.03495234964911e-10,2,0.999999999698252,0.999999999920949
"hjv",6.01681517372959e-10,2,0.999999999699159,0.999999999920949
"sp8a",6.00296565710518e-10,2,0.999999999699852,0.999999999920949
"si:ch211-225p5.8",5.98771777590383e-10,2,0.999999999700614,0.999999999920949
"cryba2b",5.9869267595343e-10,2,0.999999999700654,0.999999999920949
"aste1a",5.6141919801143e-10,2,0.99999999971929,0.999999999920949
"LO017955.1",5.26236756287154e-10,2,0.999999999736882,0.999999999920949
"abcb5",5.24622205944918e-10,2,0.999999999737689,0.999999999920949
"cryba1b",5.23042359335308e-10,2,0.999999999738479,0.999999999920949
"nefla",5.15975372075263e-10,2,0.999999999742012,0.999999999920949
"si:dkey-183c6.8",5.10243394373823e-10,2,0.999999999744878,0.999999999920949
"six2a",5.07866860114327e-10,2,0.999999999746067,0.999999999920949
"gja5a",4.78403627320291e-10,2,0.999999999760798,0.999999999920949
"fam131a",4.74963167240016e-10,2,0.999999999762518,0.999999999920949
"tppp3",4.4684673092596e-10,2,0.999999999776577,0.999999999920949
"igfbp6b",4.34516808093251e-10,2,0.999999999782742,0.999999999920949
"olig2",4.16627914829159e-10,2,0.999999999791686,0.999999999920949
"zgc:92518",4.03748385385787e-10,2,0.999999999798126,0.999999999920949
"CU972454.5",4.02040516587707e-10,2,0.99999999979898,0.999999999920949
"grhl1",3.84773441474539e-10,2,0.999999999807613,0.999999999920949
"fbxo32",3.83539353760713e-10,2,0.99999999980823,0.999999999920949
"hoxc1a",3.72951978938026e-10,2,0.999999999813524,0.999999999920949
"nostrin",3.69295635794297e-10,2,0.999999999815352,0.999999999920949
"si:ch211-125o16.4",3.69172232261205e-10,2,0.999999999815414,0.999999999920949
"gngt2a",3.55420827815329e-10,2,0.99999999982229,0.999999999920949
"sdk2a",3.50824356394551e-10,2,0.999999999824588,0.999999999920949
"otx5",3.39699227499225e-10,2,0.99999999983015,0.999999999920949
"znf750",3.33661033843574e-10,2,0.999999999833169,0.999999999920949
"gabra2a",3.22941181604127e-10,2,0.999999999838529,0.999999999920949
"AL954187.1",3.06338002273304e-10,2,0.999999999846831,0.999999999920949
"si:dkey-239j18.3",2.76914422793355e-10,2,0.999999999861543,0.999999999920949
"FP236457.1",2.57774594765612e-10,2,0.999999999871113,0.999999999920949
"CR396595.4",2.37138530585015e-10,2,0.999999999881431,0.999999999920949
"rundc3aa",2.32891732378822e-10,2,0.999999999883554,0.999999999920949
"ptx4",1.86009302762682e-10,2,0.999999999906995,0.999999999920949
"angptl3",1.58101067051956e-10,2,0.999999999920949,0.999999999920949
"foxl2a",NA,NA,NA,NA
"BX901968.1",NA,NA,NA,NA
"si:dkey-31j3.11",NA,NA,NA,NA
"lpin1",NA,NA,NA,NA
"mrap2a",NA,NA,NA,NA
"si:ch211-198c19.3",NA,NA,NA,NA
"arhgap22",NA,NA,NA,NA
"klhl43",NA,NA,NA,NA
"RIMBP2",NA,NA,NA,NA
"CU466287.2",NA,NA,NA,NA
"cabp7b",NA,NA,NA,NA
"sp100.2",NA,NA,NA,NA
"ftr12.1",NA,NA,NA,NA
"macc1",NA,NA,NA,NA
"sprb",NA,NA,NA,NA
"lzts3b",NA,NA,NA,NA
"fbln7",NA,NA,NA,NA
"si:ch211-255p10.3",NA,NA,NA,NA
"hsf5",NA,NA,NA,NA
"cavin4a",NA,NA,NA,NA
"grk1a",NA,NA,NA,NA
"si:dkey-5n18.1",NA,NA,NA,NA
"mpeg1.2",NA,NA,NA,NA
"abch1",NA,NA,NA,NA
"CT573006.1",NA,NA,NA,NA
"zgc:174855",NA,NA,NA,NA
"BX323855.1",NA,NA,NA,NA
"csf3r",NA,NA,NA,NA
"xgb",NA,NA,NA,NA
"cd83",NA,NA,NA,NA
"CR589876.1",NA,NA,NA,NA
"BX957347.2",NA,NA,NA,NA
"kcnk10a",NA,NA,NA,NA
"slc30a8",NA,NA,NA,NA
"si:ch211-240l19.5",NA,NA,NA,NA
"ptprna",NA,NA,NA,NA
