"Gene","waldStat","df","pvalue","FDR","meanLogFC"
"ebf3a.1",1943.71944698979,8,0,0,4.08647629414519
"rgcc",1848.9213973279,8,0,0,2.12646220007838
"gpm6ab",1715.67764217345,8,0,0,3.69287261167637
"bmp6",1433.88383701759,8,0,0,3.62336957325587
"cxcl12a",1081.69790743713,8,0,0,1.10335008249811
"prox1a",1059.36346133112,8,0,0,2.21639565114343
"rab8b",1035.68429999925,8,0,0,1.02453918247007
"fn1a",990.825293534716,8,0,0,1.05351294524089
"edn1",981.467944449324,8,0,0,3.7571504176132
"ptmaa",943.082990982356,8,0,0,0.597233505636635
"igfbp1a",923.58631492335,8,0,0,2.1338383686356
"cdh6",906.761848885056,8,0,0,1.23802914240792
"selenop",893.279863238924,8,0,0,1.10644079983776
"ralgapa2",885.779252997809,8,0,0,0.611462215732976
"cebpb",882.350951281934,8,0,0,1.41693654464574
"ebf3a",876.206532888437,8,0,0,0.75582154962614
"mrc1b",861.731858267945,8,0,0,1.55144997274056
"emid1",809.759459036578,8,0,0,2.67319779238892
"si:ch211-222l21.1",752.672534236807,8,0,0,0.445350440367337
"sdk1a",749.553942556228,8,0,0,1.21974264500703
"tanc2a",700.51182482543,8,0,0,1.62423311902194
"ptn",695.273761881521,8,0,0,2.27733732120864
"edn2",691.762787039741,8,0,0,2.12421446077092
"lyve1a",689.320187019528,8,0,0,4.78598402762249
"svild",685.87410849935,8,0,0,1.26367202493435
"adma",683.005019389057,8,0,0,2.98507850111212
"hist1h4l.11",680.49245598876,8,0,0,1.95786455104277
"socs3a",672.068317097757,8,0,0,2.64321855101357
"exoc3l2a",671.374008750053,8,0,0,1.11327916920607
"sparc",657.711345472622,8,0,0,1.82636124690561
"nkd1",650.612908833451,8,0,0,1.44752335309077
"smad1",641.634882938202,8,0,0,1.24995526608037
"afap1l1b",637.436872212373,8,0,0,0.858443950986922
"cldn11a",634.966740372516,8,0,0,1.18925818484019
"tubb2b",629.976744290482,8,0,0,0.964293826433617
"cirbpa",626.179186399514,8,0,0,0.570087762111572
"h3f3b.1",610.722651935741,8,0,0,0.636115758679854
"nkain4",603.746072682234,8,0,0,1.86858862077703
"celsr1b",603.531181398709,8,0,0,1.19211377764292
"rbfox3a",601.387394413231,8,0,0,1.17274460877184
"podxl",600.497857521613,8,0,0,2.51671780536143
"sema3fb",597.424442885069,8,0,0,1.76413178478819
"tgm2b",596.499431091288,8,0,0,3.50629016214523
"smad6b",589.351440905181,8,0,0,1.3330637175034
"krt94",587.637525413166,8,0,0,5.6750028446883
"LO018188.1",583.915137271369,8,0,0,2.63893826760186
"arhgap36",572.853559687376,8,0,0,1.48232479218995
"hapln1b",569.571898913808,8,0,0,0.770776146440619
"slit2",563.077853912209,8,0,0,1.65823827448157
"eef2b",544.288009931454,8,0,0,0.685197497702137
"arpc5lb",538.930633368703,8,0,0,1.77712623987557
"pcna",534.329890735669,8,0,0,0.879727760010724
"flt4",532.091659929309,8,0,0,0.7994834480765
"id2b",531.132033719482,8,0,0,2.79192463966996
"stmn1a",524.675512212979,8,0,0,1.09729805683862
"tshz2",522.28805260654,8,0,0,1.82442376332354
"tuba8l4",514.008491007443,8,0,0,0.733557356409237
"igdcc3",510.331944374646,8,0,0,1.47734928962731
"daam1b",502.095945322299,8,0,0,2.02570976138571
"pmp22b",497.74705890811,8,0,0,2.9614688248542
"bahcc1b",491.981841784773,8,0,0,1.14644823480192
"hs3st3b1b",486.153030612438,8,0,0,2.87344964907007
"colec12",472.751390989933,8,0,0,2.99994542109737
"prdx1",469.708220260512,8,0,0,2.95065432766033
"nrp2a",469.475431454041,8,0,0,1.37826717442946
"rnf220a",468.629640066807,8,0,0,1.0952103369465
"got1",467.640326280875,8,0,0,1.93836928896603
"nhsl2",464.807734313856,8,0,0,0.7810108644033
"BX537310.2",460.57419350553,8,0,0,0.67676458435878
"cct4",460.447572205626,8,0,0,0.601714185945132
"hmga1a",457.70513701233,8,0,0,0.541669496662563
"nr2f5",454.709244022975,8,0,0,1.31473205835852
"agap1",454.434771244827,8,0,0,0.549575282892856
"hist1h4l.16",450.226989038956,8,0,0,1.57621159483892
"adam12",449.230998644725,8,0,0,0.66507457086325
"crip2",440.204990405503,8,0,0,0.590546488342847
"cyp26b1",439.879829054716,8,0,0,2.22695720571683
"ism2a",437.733047115848,8,0,0,1.61004201075262
"seta",435.33028839784,8,0,0,0.557116239186259
"CU929160.1",433.18941328048,8,0,0,0.754652856739803
"atrnl1a",430.640080023019,8,0,0,0.943734469431478
"setb",428.409082750924,8,0,0,0.554940883235048
"pclaf",428.061531221682,8,0,0,1.11628148796121
"add3a",427.034678008828,8,0,0,0.576849588413523
"cyp1a",427.014562538248,8,0,0,0.757262334112242
"zgc:113363",426.046991893567,8,0,0,0.618307520054317
"myh10",425.01820914387,8,0,0,0.822014426345226
"syncrip",420.168917196394,8,0,0,0.569936496890747
"magi2a",419.143893602623,8,0,0,2.15336955046735
"akap12b",418.777042197541,8,0,0,0.338895503079587
"si:ch211-250c4.4",417.972351223144,8,0,0,0.797180287490016
"postnb",414.698966802353,8,0,0,0.652724554607901
"hnrnpabb",414.638809028669,8,0,0,0.483769229098665
"tubb4b",412.406572180564,8,0,0,0.551248718222462
"cthrc1a",412.03163796576,8,0,0,0.763818547235725
"ran",411.689317410391,8,0,0,0.5048146190617
"anp32b",409.214271049437,8,0,0,0.606300339922469
"cd276",407.518164795962,8,0,0,1.02371053862025
"bnc2",401.814340204047,8,0,0,1.412047901761
"chaf1a",398.371874003951,8,0,0,0.825314897363476
"mycn",397.734062822432,8,0,0,1.67238257386524
"ddx39ab",394.071117918212,8,0,0,0.653323635816034
"rbbp4",393.005794886639,8,0,0,0.701799776116069
"eya1",392.959615101248,8,0,0,1.26425894552765
"sema6e",392.271373118061,8,0,0,1.53498333650803
"zeb2b",391.12975082934,8,0,0,2.38654430995145
"pxk",389.828425687994,8,0,0,0.732335002063634
"chd4a",387.135564184958,8,0,0,0.817987326080578
"meox2a",383.999835605597,8,0,0,3.29452898624178
"gab2",382.970667803114,8,0,0,0.933065713392395
"lgmn",382.909302638435,8,0,0,0.60371584746943
"fabp3",381.507440371736,8,0,0,1.62294329423572
"sox6",380.849530328547,8,0,0,0.796303355484707
"lbr",378.755050086422,8,0,0,0.926098100500415
"ncl",377.962530811307,8,0,0,0.606462834174591
"bcl11aa",377.727753412147,8,0,0,2.16996825409722
"hnrnpa0b",376.950538498002,8,0,0,0.558609995610878
"abcf1",374.476528955632,8,0,0,0.543054827415729
"npm1a",374.032417425878,8,0,0,0.667565599949835
"nfatc1",372.365227043167,8,0,0,0.609186638181075
"fabp11a",369.446880757466,8,0,0,2.34216967381617
"CABZ01066694.1",367.461259142507,8,0,0,2.12084313106296
"hoxb8a",364.792138891719,8,0,0,2.61944167301148
"kcnn1a",364.676736994527,8,0,0,3.50179267071204
"tcp1",361.758019522621,8,0,0,0.643365268353784
"nap1l1",355.86147930031,8,0,0,0.450301170349069
"iqgap2",355.019253552499,8,0,0,0.867924068927493
"eif4a1a",354.652143031569,8,0,0,0.631891587400586
"ranbp1",354.559518144513,8,0,0,0.498065670455704
"hist1h4l.6",352.466140710829,8,0,0,1.35256793660259
"nasp",352.350860243411,8,0,0,0.720641093349628
"trps1",346.012876801547,8,0,0,1.70325949461747
"cbx3a",343.893214700642,8,0,0,0.427268849180655
"pdzrn3b",343.025111740713,8,0,0,0.744582221816331
"tfpia",338.950584436707,8,0,0,1.44995016315698
"si:ch73-281n10.2",337.510285500598,8,0,0,0.736129768553518
"eppk1",337.507730656823,8,0,0,2.53189110834165
"sumo3b",336.927090544107,8,0,0,0.759009670103477
"tlx2",336.614644476271,8,0,0,4.86488053840859
"bmpr1ab",335.854671726801,8,0,0,2.31966258247471
"tcf12",335.838308302507,8,0,0,0.84682026891762
"snrpd1",335.343714461622,8,0,0,0.481909705043727
"efnb3b",334.385610077113,8,0,0,0.749486180824822
"six2a",334.212536206497,8,0,0,10.3611703188924
"tbx1",332.340618652884,8,0,0,30.803131210314
"CR848683.2",331.940784253578,8,0,0,1.42634566740733
"prex1",330.87729643095,8,0,0,0.939685282174893
"itga5",327.645269701958,8,0,0,0.466434468530592
"mtss1lb",325.162765875414,8,0,0,1.38128178841809
"kdm6bb",324.873646091254,8,0,0,0.98838158399075
"cgnl1",322.371506453929,8,0,0,0.641264203801859
"galnt1",321.943189281884,8,0,0,0.748396699718036
"hmgb1b",321.551021777861,8,0,0,1.00473524065561
"tcima",321.089632370595,8,0,0,0.562809954817043
"hs6st1b",320.459584344876,8,0,0,1.02854177465126
"diaph3",316.877657840682,8,0,0,1.47410135719719
"ccn2a",316.261790415198,8,0,0,2.80294787172556
"snu13b",315.539738287038,8,0,0,0.632175091167299
"macf1a",314.986072565873,8,0,0,0.308136603519995
"kif26aa",314.267232740752,8,0,0,4.81888426568488
"glula",314.068444287052,8,0,0,1.35269550823143
"rasip1",313.719746378069,8,0,0,0.518667746108801
"itga9",313.005615340668,8,0,0,0.53483624273637
"elk3",312.987696576519,8,0,0,0.648278534036053
"nectin1b",311.836256278237,8,0,0,0.584302188805743
"glulb",311.497879099801,8,0,0,0.616935360506292
"iqgap1",311.11363372423,8,0,0,0.980869370484195
"si:dkey-108k21.10",310.845117094163,8,0,0,2.2219707140926
"fhl3a",310.467032225924,8,0,0,1.2957648256853
"zfpm2b",310.342261899046,8,0,0,1.48556278580611
"pa2g4b",310.012468780385,8,0,0,0.705324456927766
"lef1",309.187841659436,8,0,0,1.01104921464753
"myo6b",308.953079097145,8,0,0,0.923999306442423
"baz1b",308.74214958912,8,0,0,0.639696468423918
"msna",305.55296275247,8,0,0,0.328786346268701
"tmem169a",304.14745911418,8,0,0,1.55843855548545
"hmgb2b",302.953401475671,8,0,0,0.36931401102457
"ssrp1a",302.029395712317,8,0,0,0.787155441482654
"pappab",300.654233706218,8,0,0,2.75308870462284
"mki67",299.776772889738,8,0,0,1.57770095300806
"sema4c",299.211852366981,8,0,0,0.567255965465214
"tmem108",291.329104117335,8,0,0,0.428310877430702
"spock3",290.818132948724,8,0,0,0.611419228558791
"pa2g4a",288.335133215218,8,0,0,0.664883637803091
"aqp1a.1",287.942056682008,8,0,0,2.54928060853542
"pcdh17",286.376319214871,8,0,0,0.561386815739329
"icn",286.181483748175,8,0,0,1.06251985866753
"vav3b.1",285.689729656761,8,0,0,6.12507108212327
"si:ch73-386h18.1",285.436102114058,8,0,0,0.663949520476551
"zmiz1a",284.175262659268,8,0,0,1.04091505178799
"jarid2b",282.032385189884,8,0,0,0.881135864660879
"her6",281.430064126444,8,0,0,1.39777887878127
"tenm4",280.283946233868,8,0,0,2.10905179842986
"prmt1",277.04030663975,8,0,0,0.582913080488293
"tubb5",277.000879972386,8,0,0,1.41520688579011
"CABZ01086877.1",276.964794177618,8,0,0,0.98889601764289
"cnbpa",275.957384459887,8,0,0,0.485293681883754
"snrpe",274.678498594941,8,0,0,0.414910596250276
"rbpjb",274.294443174947,8,0,0,1.36230070467261
"cycsb",273.949627118794,8,0,0,0.631893785789028
"g3bp1",273.66928905249,8,0,0,0.708419536034618
"kcnq5b",272.274131819207,8,0,0,3.33681249059257
"top2a",271.757182158343,8,0,0,1.9538233947309
"strbp",271.22768736563,8,0,0,1.13428608378567
"zgc:153409",267.870118069915,8,0,0,0.646488159350413
"dusp5",267.669104091585,8,0,0,0.448797473487897
"nop58",267.339830970824,8,0,0,0.771128229285794
"UNC13B",265.227412706509,8,0,0,2.24846232047207
"gata4",264.446286008218,8,0,0,3.74060417184403
"nr2f2",264.224843893437,8,0,0,1.01655375240311
"CABZ01075125.1",263.800858371694,8,0,0,1.41051251269731
"rrm1",262.956243329045,8,0,0,0.86478340946009
"nop56",262.723698755934,8,0,0,0.580144967142608
"banf1",262.689945674521,8,0,0,0.420964497402634
"smc2",261.715336159085,8,0,0,1.06465273125678
"eya2",260.440926048679,8,0,0,0.862124741777082
"psd2",259.871592455682,8,0,0,1.25906899828828
"dkc1",258.979336133389,8,0,0,0.735467819637897
"pbx1b",258.00534833011,8,0,0,0.540399671562772
"fam169aa",257.737289951047,8,0,0,1.42028580504667
"nutf2l",257.255395363363,8,0,0,0.573737194893052
"ipo7",255.430332087368,8,0,0,0.458373590477445
"gars1",255.177356749893,8,0,0,0.627345079953643
"hmgb2a",254.814612913004,8,0,0,0.463787839872053
"nfia",254.356655756085,8,0,0,0.813491383030962
"arid5b",253.718671508133,8,0,0,0.552720535321428
"bmp1a",251.572568087059,8,0,0,1.70243738254729
"pknox2",251.082898472507,8,0,0,0.757455402609018
"chl1a",250.459810326626,8,0,0,1.14097793682337
"fbl",250.21630605865,8,0,0,0.568695063824354
"marcksl1a",249.444730110102,8,0,0,0.454743972828691
"si:ch211-156b7.4",248.186309995508,8,0,0,0.730562353674745
"eif3s10",247.272573298576,8,0,0,0.410034798780443
"prex2",246.923415706401,8,0,0,0.521175247421109
"ptges3b",246.440067275499,8,0,0,0.596790121734064
"erfl3",245.609331137804,8,0,0,0.45693897383373
"slco2b1",244.718702229066,8,0,0,2.05571629341843
"coro2ba",243.893132060401,8,0,0,1.24311375481788
"gpc6a",242.930616725027,8,0,0,3.53315721282604
"lpar1",242.233619551786,8,0,0,0.541988808998663
"med6",241.585967549679,8,0,0,0.973327329502158
"CABZ01058261.1",240.951350734426,8,0,0,1.1939074019037
"si:ch211-152c2.3",240.572798114363,8,0,0,2.72134194933681
"ppm1g",239.840212903721,8,0,0,0.5374634538358
"atrx",238.261900889626,8,0,0,0.50989163810474
"wnt11",237.758068782599,8,0,0,2.7647432077071
"si:ch211-51a6.2",237.56474440037,8,0,0,1.09888843457203
"mmrn2a",235.784845576514,8,0,0,1.90149053795019
"si:ch73-22o12.1",235.642440682332,8,0,0,0.905541095176907
"tuba8l",235.559768293461,8,0,0,0.460328285667784
"itga8",235.181777951288,8,0,0,1.07985195951738
"h2ax",234.711346709114,8,0,0,0.728650510401957
"anp32a",233.592251183122,8,0,0,0.407823475996626
"ttyh2",232.631570145488,8,0,0,0.812612304496036
"smarca4a",232.480267876819,8,0,0,0.591570991055503
"mibp",232.412127105465,8,0,0,1.59847662426113
"ahcy",232.248155390484,8,0,0,0.765967332115911
"sema3fa",231.939115780365,8,0,0,0.830704990331099
"glceb",230.126592555248,8,0,0,0.526354416789034
"nop10",229.613133692138,8,0,0,0.622901499230599
"hapln3",227.696453325347,8,0,0,2.31065997017824
"smarca5",227.243764421318,8,0,0,0.702473884459567
"angpt1",226.159697472189,8,0,0,1.30815440051247
"eif4g1a",226.070759847679,8,0,0,0.523109115368932
"ube2c",226.024513075796,8,0,0,1.42714918914552
"grin2bb",224.526551051955,8,0,0,2.93563039698112
"parp1",224.146995182475,8,0,0,0.743417065254083
"fgf10b",222.230288122731,8,0,0,1.82517273220095
"nhp2",221.898183941151,8,0,0,0.565038080512895
"gli2a",221.720942117218,8,0,0,3.22020595778442
"h2ax1",221.526372529464,8,0,0,0.649331020154562
"dut",220.183887751674,8,0,0,0.614837237680484
"hs6st3a",220.03377463274,8,0,0,13.7426463703773
"mad2l1",220.026978148052,8,0,0,1.77034508613321
"supt16h",219.322045872701,8,0,0,0.503974235715067
"BX284638.2",218.898542192402,8,0,0,0.722680562476063
"c1qbp",218.333353453336,8,0,0,0.549724783680914
"asf1ba",218.063850656504,8,0,0,0.991196441924355
"kpna2",216.861272846011,8,0,0,1.78649061520611
"bach2b",216.849103248347,8,0,0,1.40408816100111
"snrpg",216.378900058784,8,0,0,0.363229882596711
"pxdn",216.301491013804,8,0,0,0.462710714747438
"hist1h2a6",215.850765813583,8,0,0,2.01017319007263
"si:dkey-261m9.12",215.309358085484,8,0,0,1.93123995501062
"dgkg",215.207281056339,8,0,0,0.746126748999162
"kif20a",214.588882092003,8,0,0,1.44861318250638
"serpinf1",213.74521730895,8,0,0,2.3964993110928
"cdk1",213.19451729921,8,0,0,1.79685104175399
"fen1",212.941744931948,8,0,0,0.731242136061627
"ssb",211.957454166726,8,0,0,0.633215924024887
"smc4",211.3684524701,8,0,0,0.833727581035398
"CABZ01005379.1",210.841635256342,8,0,0,0.841014853062303
"srgap1a",210.721855181348,8,0,0,0.786016491370318
"hspd1",209.815203421123,8,0,0,0.563747050790482
"sox11a",209.443284281519,8,0,0,0.924777894854261
"lhfpl6",209.244921794329,8,0,0,1.21741078557444
"si:ch211-113a14.19.2",208.439725520057,8,0,0,1.65183013513328
"zgc:173552.3",208.137247558281,8,0,0,1.88145724640609
"dll4",207.775640248543,8,0,0,1.28792816023376
"adarb1b",207.742116564473,8,0,0,0.710020216509459
"ncapd2",207.542166099564,8,0,0,1.09963980488701
"adka",207.000276668851,8,0,0,0.654325545605678
"lig1",205.926629977741,8,0,0,0.575003467875866
"nhsl1b",204.573872938353,8,0,0,0.93448072813935
"si:ch211-119e14.1",203.618464960101,8,0,0,2.70173742891209
"dlgap5",203.522428289891,8,0,0,1.60206348433655
"flt1",203.377856409651,8,0,0,3.06324297233293
"frem2a",203.273551253023,8,0,0,3.42566572551256
"nkd2a",201.84665245739,8,0,0,0.66696689467056
"si:ch211-113a14.12",201.593850278353,8,0,0,1.50576942121593
"peak1",199.913323769539,8,0,0,0.856898788517036
"hirip3",199.295042399564,8,0,0,0.665326191299724
"ccna2",199.164475525375,8,0,0,1.55031050019012
"rbms3",198.968763351272,8,0,0,0.338722547454544
"zgc:110540",198.966546341083,8,0,0,1.30802489855309
"hspe1",198.616559352778,8,0,0,0.512066683428225
"tpx2",198.561284618605,8,0,0,1.59567116968913
"cenpf",197.402329980071,8,0,0,1.63508251011315
"fam110b",197.166261348075,8,0,0,1.22163028319116
"rrm2.1",196.219846687261,8,0,0,1.30547673507145
"arhgap27",195.74677429794,8,0,0,5.34710090609895
"plk1",194.387578959391,8,0,0,1.4548792163784
"smap1",193.80574545658,8,0,0,0.426252813734177
"npl",193.501211474437,8,0,0,0.807558858128198
"mcm6",192.706422537512,8,0,0,0.596699272235614
"si:ch211-288g17.3",192.454610769899,8,0,0,0.530139979285806
"bcl6b",191.840959272602,8,0,0,0.741910392881451
"prim2",191.784868284794,8,0,0,0.688494876647351
"etf1b",191.084785944977,8,0,0,0.493054376460716
"mical2a",190.570020909415,8,0,0,0.491219847564915
"mprip",189.433180223032,8,0,0,0.391496531850802
"diaph2",189.045915389067,8,0,0,0.443454949453971
"dek",189.018816165446,8,0,0,0.682438335821248
"DOCK9",188.85546502408,8,0,0,0.875150747718408
"tiam1a",188.515337599802,8,0,0,1.12263801875911
"srrt",188.010291868084,8,0,0,0.753334804192389
"lrrc15",187.870115493248,8,0,0,3.24821134916632
"dhrs3b",187.444970969908,8,0,0,3.24306676279409
"cebpd",187.205446840138,8,0,0,2.34842012954239
"ppp1r14aa",187.16815654287,8,0,0,3.7334765176458
"slbp",187.034540055816,8,0,0,0.975150803620211
"ace",186.591610258643,8,0,0,3.25565139972281
"abce1",186.196593635943,8,0,0,0.671272303564453
"enpp1",185.729710280083,8,0,0,0.552105661421929
"rrm2",185.366227166476,8,0,0,1.06038004396108
"dhfr",185.293076964246,8,0,0,1.14285247953787
"postna",184.170849689948,8,0,0,3.68108277915761
"cks1b",183.252421520379,8,0,0,0.934923470822967
"gdpd5b",182.906141448321,8,0,0,0.568296067784993
"aspm",182.365040946928,8,0,0,1.48840591338636
"atad2",182.285654734723,8,0,0,0.892348484794525
"si:ch211-113a14.18",182.282948563488,8,0,0,1.65174562644953
"ccdc80l2",181.702461097209,8,0,0,2.54700237437053
"sh3gl3a",181.306020951815,8,0,0,1.1336399534726
"tuba1b",180.786587124343,8,0,0,0.987210755988558
"jupb",180.627866105018,8,0,0,0.625039834142703
"mybbp1a",180.464992491509,8,0,0,0.827045630960749
"kif26ab",179.784740752714,8,0,0,2.30132943232667
"si:ch211-227m13.1",179.009908216572,8,0,0,2.33330492347171
"cdca5",177.800683220161,8,0,0,1.28501250258239
"rgs4",176.344386682474,8,0,0,6.33191632531656
"nrp2b",175.724737318311,8,0,0,0.478352024184428
"nop2",175.632827560518,8,0,0,0.576461153413287
"esco2",175.564055842632,8,0,0,1.49796683368344
"NAV1",175.284312220707,8,0,0,1.2677912021814
"hist1h4l.20",174.426866797971,8,0,0,1.41061697338019
"pitpnm3",174.059739716568,8,0,0,1.21055986112822
"abcc2",173.665474066171,8,0,0,3.65862295741532
"dnmt1",173.63247060715,8,0,0,0.698497757948657
"syne1b",173.608886757885,8,0,0,0.607116510479788
"hmmr",171.980543341181,8,0,0,1.70833163915822
"zgc:110425",171.905072229467,8,0,0,1.03017719686293
"si:ch211-69g19.2",171.878969535598,8,0,0,1.80083950996845
"adgra2",171.392169511746,8,0,0,0.497101574840729
"zgc:194398",170.851885348004,8,0,0,0.945368307882846
"cd81b",170.841332151054,8,0,0,3.3701659552888
"si:ch73-364h19.1",170.175719141898,8,0,0,0.958622030160275
"sinhcafl.1",169.585699923961,8,0,0,0.970275407873576
"wwtr1",169.401633104977,8,0,0,0.507570749283829
"meis2a.1",168.63486333861,8,0,0,0.636398306523812
"efnb2a",168.555242929834,8,0,0,2.40253035871315
"ctcf",168.085335671697,8,0,0,0.680588911123894
"smurf2",167.983631937188,8,0,0,1.14991553162744
"mcm2",167.969503907378,8,0,0,0.597578276779274
"ptprga",167.57289337052,8,0,0,0.420868255274223
"LO017938.1",167.482552192815,8,0,0,0.470658293539028
"nifk",167.386282018645,8,0,0,0.837143142210177
"pola1",167.202132120737,8,0,0,0.494540166425862
"snx22",167.007173099407,8,0,0,2.07604535303919
"si:dkey-108k21.21",166.895195270542,8,0,0,1.65297378002564
"ruvbl1",166.610549396167,8,0,0,0.724254923041763
"cenpe",165.734630047945,8,0,0,1.20761616523148
"meox1",165.48407529914,8,0,0,2.60530309622304
"si:ch211-161h7.4",165.414301458925,8,0,0,0.883819227956597
"aurkb",164.808367182194,8,0,0,1.06246957679624
"nusap1",163.663778931654,8,0,0,1.59614654201977
"MAGI3",163.510999556174,8,0,0,1.39441821059264
"cita",163.349398918179,8,0,0,1.64034068320911
"kifc1",163.337748700603,8,0,0,1.51728624138676
"si:ch211-113a14.24",163.050826099546,8,0,0,1.78805519218732
"arpp19b",162.686473306333,8,0,0,0.656777215187766
"samd11",162.195711129539,8,0,0,1.14062786661292
"kpnb3",162.155865798714,8,0,0,0.498655726669407
"si:dkey-220k22.1",161.887330026584,8,0,0,1.0103645051799
"zgc:153405",161.644352020065,8,0,0,1.7396116614138
"creb5b",160.995985166268,8,0,0,0.627722161349732
"efemp2b",160.778866060816,8,0,0,6.83976871833248
"igfbp2a",159.772994499367,8,0,0,2.92586537923765
"mid2",158.967029935259,8,0,0,0.346396946046697
"ccdc120",158.50105941062,8,0,0,3.45354778823396
"cnmd",158.297187217782,8,0,0,6.03796419421476
"fnbp1b",158.003102909526,8,0,0,0.997771410155568
"adam8a",157.759927768562,8,0,0,0.533902202811029
"MAN1C1",157.685243224416,8,0,0,0.611113481267307
"fhl1b",157.551717603401,8,0,0,1.96397424812269
"bub3",157.467196720346,8,0,0,0.878086795716477
"cacna1aa",157.346311421238,8,0,0,1.2283872148344
"mpp2b",157.343759133959,8,0,0,3.4532132054773
"agrn",156.626906460478,8,0,0,0.838978258099595
"mcm3",156.605615997521,8,0,0,0.65718072745377
"nuf2",156.560781397597,8,0,0,1.45950936118237
"kif11",155.542750901399,8,0,0,1.41976541135638
"ap1s3b",154.986382864243,8,0,0,1.63261251323534
"pcdh1b",154.647813564309,8,0,0,0.461810682786257
"mmp15b",154.480839619352,8,0,0,1.28788066993536
"pbx3b",154.415846525848,8,0,0,1.87898168631245
"hoxc3a",153.317057770756,8,0,0,2.9300019113972
"si:dkey-30c15.10",153.05328447536,8,0,0,0.903159956962384
"zeb1b",153.035789850455,8,0,0,0.576210195798649
"abtb2b",152.832260750722,8,0,0,1.87709562786258
"grb10a",152.830703409302,8,0,0,0.962620286110386
"hells",152.790954385438,8,0,0,0.517292513495915
"klf6a",152.455970570573,8,0,0,0.659142471839841
"zgc:194989",152.256422824435,8,0,0,1.19212477681901
"pold1",150.658624091341,8,0,0,0.825630769871606
"rhag",150.416261626709,8,0,0,1.25796157171192
"ncapg",149.608761553573,8,0,0,1.04698019623526
"e2f8",149.535255395867,8,0,0,1.51852944807145
"mcm5",149.398253977651,8,0,0,0.456818380286703
"ablim3",148.6134738928,8,0,0,1.12081956012695
"wnt9a",148.236231935582,8,0,0,1.24129569587396
"fbxo5",147.991767321956,8,0,0,1.52183768572599
"dnajc9",147.802914671262,8,0,0,0.49039192967347
"ttk",147.246059621923,8,0,0,1.10451824326314
"lyar",147.162467208683,8,0,0,0.550122390137571
"cd82a",147.042918133153,8,0,0,0.76249077131786
"adgrl3.1",146.842543799368,8,0,0,0.741653368034381
"magoh",145.975545930627,8,0,0,0.34989835099572
"tmeff2a",145.888934682677,8,0,0,3.83846735724898
"UTP14C",145.450443550838,8,0,0,0.642639589824461
"igfbp3",144.853645239831,8,0,0,1.75888914489572
"her9",144.756505440787,8,0,0,0.979037026646879
"ncam2",144.482990497935,8,0,0,2.06503092466807
"ccnb1",143.856992387512,8,0,0,1.45852265164401
"cdc20",142.802404359704,8,0,0,1.19337577601016
"spsb4a",142.773593649068,8,0,0,0.575725041866648
"fat3a",142.603018834051,8,0,0,2.67622664994186
"gnl3",142.349440927299,8,0,0,0.533762527389143
"hist1h4l.10",142.268878213857,8,0,0,0.922154709774122
"caskin1",142.234694884149,8,0,0,0.538144727027955
"hdac4",142.128883995964,8,0,0,0.497824641362182
"gpt2",142.023650940404,8,0,0,1.70121090417689
"zbtb16b",141.215652782087,8,0,0,1.53896158705776
"thrab",139.870632354077,8,0,0,1.25005494651666
"plxna2",139.862592839604,8,0,0,1.18798611971492
"atf3",139.5978640257,8,0,0,1.30744384393806
"rbpms2b",139.132159553718,8,0,0,1.49487954634029
"GNAZ",139.045562746751,8,0,0,5.55911651649447
"ablim2",138.32207088361,8,0,0,1.5630350960839
"nr5a2",137.980380046507,8,0,0,0.526617635474342
"ctdp1",137.696260937549,8,0,0,0.47186125810756
"pdlim2",137.509740810905,8,0,0,1.93135187553469
"coro2bb",137.244822008472,8,0,0,3.57003589564154
"kif4",137.169301209243,8,0,0,1.08953280767503
"ccnf",137.013654507048,8,0,0,1.59503525593098
"etv1",136.914651831699,8,0,0,1.9913768513921
"mtss1la",136.703688678474,8,0,0,0.851202137977583
"si:ch211-107n13.1",136.658253834476,8,0,0,1.03993696162422
"shmt1",136.456444428528,8,0,0,0.701967399380821
"metrnla",136.333101578261,8,0,0,0.532808126037467
"thbs1b",136.103141600362,8,0,0,0.752021161784887
"si:ch1073-268j14.1",135.814369456147,8,0,0,0.913760545440087
"rgs5b",135.605091679178,8,0,0,1.54791026729434
"phgdh",135.56507027633,8,0,0,1.67741128284518
"pcnx1",135.340629562532,8,0,0,1.11462086657701
"hist2h2l",134.990345738934,8,0,0,0.620030188192553
"itga4",134.377551078775,8,0,0,0.616122830901909
"ephb1",133.971669908048,8,0,0,3.31544738648513
"eif4e1c",133.630287773939,8,0,0,0.50949811683515
"ripor1",133.621486880766,8,0,0,0.388114567208557
"ccn1",133.60454878268,8,0,0,0.58942024979619
"birc5a",133.003205983154,8,0,0,1.1135296420763
"atad5a",132.989545436144,8,0,0,0.73719151190038
"ccnb3",132.975833716962,8,0,0,1.26804393806322
"tomm20a",132.944782297034,8,0,0,0.540174082707519
"msh6",132.796674916767,8,0,0,0.556201470796016
"tshz3b",132.557670902929,8,0,0,1.12146767997199
"hdac9b",132.41716015667,8,0,0,1.07817985330812
"col18a1b",132.385026337569,8,0,0,3.56585446064469
"pik3r6a",131.624097535917,8,0,0,0.921024059790331
"rapgef4",131.544174708195,8,0,0,2.08137412318049
"SIPA1",130.92558138929,8,0,0,1.19443055914553
"emp3b",130.880758275253,8,0,0,6.517285933108
"kif15",130.742721884197,8,0,0,0.884448877227866
"eva1ba",130.632738916969,8,0,0,0.517254158192317
"cad",130.553156931475,8,0,0,0.87109193259571
"got2b",130.458215700088,8,0,0,0.647853072321288
"thbs3b",130.373204408991,8,0,0,2.77587053799795
"prkcbb",130.135981563687,8,0,0,0.944512131262983
"spdl1",130.055152490711,8,0,0,1.32928568860167
"pbk",129.961964957926,8,0,0,1.13239757913191
"hist2h3c",129.83553731715,8,0,0,1.66416039366125
"dip2ca",129.526447717589,8,0,0,0.697287274960745
"loxl2a",129.334074330376,8,0,0,4.95381517505193
"kif22",129.052713649523,8,0,0,0.879939440920971
"gadd45ab",128.431799056414,8,0,0,0.606550688632058
"ppp1r14ab",127.120522802499,8,0,0,2.99137696295261
"chtf18",126.641535223323,8,0,0,1.12513055988865
"apoeb",125.941796212002,8,0,0,2.62752328280944
"aopep",125.553526618659,8,0,0,0.47057874919067
"haus4",125.235923943096,8,0,0,1.20013654090241
"hk1",124.897193160685,8,0,0,1.04743631631253
"CABZ01076275.1",124.81758174012,8,0,0,0.608874113910691
"ckap2l",124.555532699781,8,0,0,1.43545500009931
"si:ch211-117c9.5",124.374782691076,8,0,0,0.915902892995619
"ntn1b",124.327185448393,8,0,0,0.784113820031693
"col8a2",124.265575199446,8,0,0,1.36537014551413
"kntc1",124.263069170205,8,0,0,1.17446143719274
"prc1b",124.175073087156,8,0,0,1.14914344588786
"kif2c",123.838059093698,8,0,0,1.43966486848465
"bub1ba",123.48911925064,8,0,0,1.22230933321603
"ect2",123.185925304023,8,0,0,1.34132375365645
"ncaph",123.083875922893,8,0,0,1.28896000122569
"sema3d",122.687838156136,8,0,0,2.02159185457414
"tsr1",122.497862735317,8,0,0,1.07069530342861
"irx3b",121.810793434668,8,0,0,8.10864592548553
"lrmda",121.784439557398,8,0,0,0.980552199877992
"rfc5",121.717171953003,8,0,0,0.652075651359855
"nolc1",121.671390582082,8,0,0,0.522673665400611
"hspa9",121.007750978191,8,0,0,0.623712328836206
"mis12",120.935056021367,8,0,0,1.11200407174378
"wdr43",120.705671585953,8,0,0,0.543404410123517
"rnd3b",120.291793713613,8,0,0,3.45878746388503
"gmps",120.171448400616,8,0,0,0.602047883519513
"dock9b",119.774858633264,8,0,0,0.630322089558828
"cdc14b",119.312305613857,8,0,0,0.706717509602206
"oaz2a",118.971958696598,8,0,0,1.36146275937794
"kif23",118.873362028046,8,0,0,1.07039093880138
"bms1",118.701055461079,8,0,0,0.66417418121326
"dcn",118.682134103279,8,0,0,2.26403345381478
"anln",118.677152066922,8,0,0,1.29631241681332
"tyms",118.532672891242,8,0,0,0.674994002634011
"jdp2b",118.35493306932,8,0,0,1.00081352313012
"robo3",118.066803289234,8,0,0,1.16462971870563
"si:ch211-266i6.3",117.932032624914,8,0,0,0.902065868612586
"ercc6l",117.906924174013,8,0,0,1.15929137853597
"npr1b",117.88340555731,8,0,0,2.97244592697146
"aif1l",117.267072093321,8,0,0,1.01816107565699
"cep112",116.945959714996,8,0,0,1.05736080984435
"racgap1",116.844152972287,8,0,0,1.33617171658226
"pole",116.806187021344,8,0,0,0.779887559240069
"si:dkey-79d12.6",116.801603204894,8,0,0,2.67624401701943
"si:dkey-25o16.4",116.783813948365,8,0,0,1.49109818060054
"ZNF423",116.374417154151,8,0,0,0.416131352165357
"march8",116.241476242781,8,0,0,0.38731815192534
"CKS2",115.987725903588,8,0,0,0.66265129381072
"pcdh7b",115.787173888775,8,0,0,3.5875002970691
"zgc:86764",115.452886809853,8,0,0,1.14541342439526
"hey1",115.03822903693,8,0,0,3.29030068863169
"nsd2",114.96241350712,8,0,0,0.828783334299962
"chaf1b",114.705365296121,8,0,0,1.00157456726963
"CU467961.1",114.437334144649,8,0,0,0.721731379081085
"fosb",114.354089775625,8,0,0,0.928402542040828
"ankrd13b",114.114837216847,8,0,0,2.84249654226594
"SCARF2",114.064086249429,8,0,0,0.80006440553367
"aurka",113.841994329773,8,0,0,1.511627747466
"agtr1b",113.72505941222,8,0,0,1.04302629318726
"tgfb2",113.517171672854,8,0,0,4.3326715661949
"numa1",113.313154102164,8,0,0,1.11184048150665
"cdca8",113.289514099439,8,0,0,1.20956903137758
"noc2l",113.197059634053,8,0,0,0.657422381799687
"ube2t",113.093265706978,8,0,0,1.08491195016145
"ptprua",112.915906649797,8,0,0,2.92904296461997
"cdca7a",112.591228436525,8,0,0,0.578266122882014
"si:dkey-102m7.3",112.322844834543,8,0,0,0.603220820929965
"CABZ01021592.1",112.105447083872,8,0,0,0.46586018568665
"rrs1",112.014036438055,8,0,0,0.611492357523809
"FP236630.1",111.591545913261,8,0,0,1.79990284852012
"iqsec1b",111.179170070176,8,0,0,0.274910415263728
"lrpprc",111.016855625562,8,0,0,0.523833356948668
"kif20bb",110.973096233525,8,0,0,1.20005491965588
"kremen1",110.758672549834,8,0,0,1.08744478349935
"rad51",110.732384884493,8,0,0,0.883185216571353
"ccne2",110.680120951269,8,0,0,1.09158221398687
"tacc3",110.585785869873,8,0,0,1.51718368068056
"gpatch4",110.115267987401,8,0,0,0.863661129375217
"cryba1l1",109.607041282739,8,0,0,2.30669925547454
"zgc:173552",109.565725300323,8,0,0,1.89228584633778
"zeb2a",109.50071107759,8,0,0,2.07359910707551
"osr2",109.480614553237,8,0,0,4.73787849820982
"ddx18",109.407293280229,8,0,0,0.481214699301604
"knl1",109.357868983428,8,0,0,1.4412522726048
"prc1a",109.263162880502,8,0,0,1.38045558196459
"scube3",109.117423743347,8,0,0,0.827855957121652
"CU457819.1",108.935234515323,8,0,0,1.85488075668304
"si:ch1073-153i20.4",108.889131139484,8,0,0,1.66188886814161
"prr11",108.535358188305,8,0,0,1.0231658884849
"dip2a",108.428111462392,8,0,0,0.605235549124666
"ckap5",108.343941967126,8,0,0,0.781270017912315
"cfd",108.33681660179,8,0,0,1.9989535425053
"si:dkey-6i22.5",108.274832668972,8,0,0,0.898874265826819
"rgs12a",108.171983969303,8,0,0,0.780963966263325
"tspan18a",108.071630630894,8,0,0,0.735571278596652
"si:ch211-147k10.5",107.901344807383,8,0,0,0.482713380703082
"FRMD1",107.788792637366,8,0,0,3.87256723292738
"bub1bb",107.552164380258,8,0,0,1.5604797429533
"larp4ab",107.526490520694,8,0,0,0.840255171451469
"kif20ba",106.841893082474,8,0,0,1.13394174867446
"mtf2",106.693586050248,8,0,0,1.19796437194819
"slc4a7",106.44029070515,8,0,0,0.53959906965111
"dnase1l4.1",106.211216925813,8,0,0,1.47102941195145
"g2e3",106.155216364129,8,0,0,1.41074483792402
"kif14",105.984728002101,8,0,0,1.41487030193155
"tspan2a",105.905337903316,8,0,0,1.29551619382122
"bcam",105.258803887592,8,0,0,1.80375780363313
"arhgap11a",105.176928397654,8,0,0,1.17682018263195
"tgfbr3",105.146372322197,8,0,0,1.25720396082928
"ccnd1",105.103563033611,8,0,0,0.39251975660217
"si:ch73-36p18.1",105.061646343309,8,0,0,1.88879817510134
"hist1h2a11.2",104.748869551362,8,0,0,1.54464953221385
"orc4",104.458578658659,8,0,0,0.520328712389322
"sox5",103.908943670391,8,0,0,0.704389997292484
"ube2s",103.828594740862,8,0,0,1.07608663223865
"ssbp2",103.821591770436,8,0,0,0.697409507941317
"zgc:162730",103.741099117798,8,0,0,0.78425167108839
"si:ch211-126c2.4",103.65068048838,8,0,0,0.914070360256512
"unga",103.572701986499,8,0,0,0.669687920136024
"wdhd1",103.336669479625,8,0,0,0.811147179084079
"si:dkey-23a13.17",103.211029124948,8,0,0,1.55497129693192
"st6gal2a",103.169796576532,8,0,0,0.516893509695056
"csgalnact1a",103.152025574107,8,0,0,1.02947492183571
"iqsec2a",102.723610264169,8,0,0,0.490438288487649
"kif18a",102.481226078866,8,0,0,1.46341840884053
"myh9a",102.450972826075,8,0,0,2.39460476529128
"plekha1b",102.244383384036,8,0,0,0.72094042507613
"si:ch211-244o22.2",102.112608935715,8,0,0,1.0163891386066
"cse1l",101.796976337334,8,0,0,0.685638401720436
"hist1h2a3.1",101.286676510155,8,0,0,2.31536432811662
"cntln",100.962250434544,8,0,0,0.747183491549559
"bop1",100.948330347244,8,0,0,0.780848120307226
"kirrel3a",100.510652152535,8,0,0,1.67665046159824
"gar1",100.062758961037,8,0,0,0.507617226729905
"si:ch211-113a14.11",99.9560712036778,8,0,0,1.80248881096675
"iqgap3",99.7242890204494,8,0,0,1.88009787723544
"ptprfb",99.6496229735682,8,0,0,1.51835586960416
"loxl3b",99.5995629414771,8,0,0,0.217647135770991
"calcrla",99.5942747506246,8,0,0,0.287280946059465
"col11a1b",99.4324495049813,8,0,0,2.5167056068028
"s100a10b",99.3242223871974,8,0,0,1.68038993809694
"tpra",99.1578174897492,8,0,0,0.486076370804418
"epha4a",98.9367916540499,8,0,0,0.595606984493437
"si:dkey-172h23.2",98.9073223184371,8,0,0,1.99424562654503
"odc1",98.7150287709435,8,0,0,0.490424255338576
"ccdc3b",98.619190156052,8,0,0,2.61203049495934
"mybl2b",98.2956225113616,8,0,0,1.05349068589054
"lrp8",98.2921427528433,8,0,0,1.18901822487055
"kmt5ab",98.0491293102023,8,0,0,1.4739093426444
"si:dkey-71h2.2",97.6920753535327,8,0,0,3.3291352405746
"CABZ01044099.1",96.9652977627083,8,0,0,0.444939002272235
"egr1",96.7105359750663,8,0,0,0.461730636518564
"bcl3",96.5777832434102,8,0,0,0.872984728586999
"pear1",96.4853454106247,8,0,0,0.350475836668396
"ddx24",96.4632384820283,8,0,0,0.543911966687769
"ppan",96.3332992314351,8,0,0,0.627922431731299
"baiap2a",96.1413942936861,8,0,0,0.415613190006568
"dnmt3bb.1",96.0205617107929,8,0,0,0.470006805817161
"cks2",95.7684804072187,8,0,0,1.38836119808801
"SAMD5",95.7102917148678,8,0,0,1.37361293208698
"tomm40l",95.686923053182,8,0,0,0.603186414204697
"ndc80",95.3280647635019,8,0,0,1.20838708527865
"bard1",95.2738743820773,8,0,0,1.5622849251734
"nr4a1",95.237009867898,8,0,0,0.402867866623603
"si:dkey-185e18.7",95.1888185109317,8,0,0,1.04548444953486
"enox2",95.0108653952642,8,0,0,0.923914951705831
"pkdcca",94.9382502125457,8,0,0,0.388983311335657
"e2f7",94.7321627595488,8,0,0,1.18876413121461
"pde7a",94.3804081535357,8,1.11022302462516e-16,3.05787141639615e-16,1.11333163192141
"cd99",94.2491138299225,8,1.11022302462516e-16,3.05787141639615e-16,1.70286033176815
"si:dkey-56i24.1",94.225232984787,8,1.11022302462516e-16,3.05787141639615e-16,1.64134421086997
"abi3bpb",94.0950095354527,8,1.11022302462516e-16,3.05787141639615e-16,1.25622145117896
"zgc:113983",94.0849824491044,8,1.11022302462516e-16,3.05787141639615e-16,1.72007958591903
"cdc6",94.0375147298253,8,1.11022302462516e-16,3.05787141639615e-16,0.816918755394273
"ngfb",93.8664843054288,8,1.11022302462516e-16,3.05787141639615e-16,3.03597163964319
"dchs1b",93.7299245257233,8,1.11022302462516e-16,3.05787141639615e-16,0.652491136400043
"zgc:194627",93.5914567393133,8,1.11022302462516e-16,3.05787141639615e-16,1.18203151229377
"cpeb3",93.5142080707555,8,1.11022302462516e-16,3.05787141639615e-16,2.22097987724027
"afap1l1a",93.3888121774306,8,1.11022302462516e-16,3.05787141639615e-16,0.608947961273126
"pdgfra",92.8430457773781,8,1.11022302462516e-16,3.05787141639615e-16,1.99464867046665
"rad18",92.4466901701183,8,1.11022302462516e-16,3.05787141639615e-16,0.556708926515409
"ppp1r9ala",92.2478109133068,8,1.11022302462516e-16,3.05787141639615e-16,0.735027222696899
"sobpa",92.0289215823852,8,2.22044604925031e-16,6.08099429396961e-16,3.11895406189021
"pola2",91.4287648355989,8,2.22044604925031e-16,6.08099429396961e-16,0.785915263229578
"pgam1a",91.2835200097879,8,2.22044604925031e-16,6.08099429396961e-16,0.604120972287175
"depdc1a",91.2299202972789,8,2.22044604925031e-16,6.08099429396961e-16,1.41433538467124
"im:7151449",91.0489854693301,8,3.33066907387547e-16,9.01900277307852e-16,1.26735104553346
"gulp1a",91.0323777612589,8,3.33066907387547e-16,9.01900277307852e-16,1.88021556260829
"cxcl14",90.9902599885803,8,3.33066907387547e-16,9.01900277307852e-16,5.2173089048558
"spc24",90.7851881736999,8,3.33066907387547e-16,9.01900277307852e-16,0.927946731792806
"cavin1b",90.7776628749616,8,3.33066907387547e-16,9.01900277307852e-16,6.09381316717416
"cyp1c1",90.5900513462311,8,3.33066907387547e-16,9.01900277307852e-16,2.47921117250475
"cxcl18b",90.5170853341974,8,3.33066907387547e-16,9.01900277307852e-16,2.39801797107465
"cenpp",90.4201365083949,8,3.33066907387547e-16,9.01900277307852e-16,1.04377160530642
"si:dkeyp-26a9.2",90.3810510632617,8,4.44089209850063e-16,1.19916526133182e-15,1.65390714507835
"sptbn2",90.2538438831764,8,4.44089209850063e-16,1.19916526133182e-15,1.19362032735744
"myca",89.8209657080357,8,5.55111512312578e-16,1.49476954712102e-15,0.957938784420543
"znfl2a",89.5407156773257,8,5.55111512312578e-16,1.49476954712102e-15,0.923956096852352
"ackr3b",88.9239632065831,8,7.7715611723761e-16,2.08105138060293e-15,2.05125718048402
"dscc1",88.9001164190805,8,7.7715611723761e-16,2.08105138060293e-15,0.969468265115837
"rnd3a",88.8357379323008,8,7.7715611723761e-16,2.08105138060293e-15,0.494600918161497
"zcchc7",88.7602415008759,8,7.7715611723761e-16,2.08105138060293e-15,0.696433889670401
"kcnq5a",88.7153340009608,8,8.88178419700125e-16,2.37504576030769e-15,0.457004968185033
"nol4lb",88.2284988525933,8,1.11022302462516e-15,2.96059473233375e-15,0.514254737026158
"mphosph10",88.0883020972021,8,1.11022302462516e-15,2.96059473233375e-15,0.496548698070117
"pwp2h",87.9997582075357,8,1.22124532708767e-15,3.25215606439922e-15,0.49852489027019
"pes",87.2696765256107,8,1.66533453693773e-15,4.42864136167718e-15,0.41571454231124
"CABZ01079281.1",86.9388180346184,8,1.88737914186277e-15,5.01221347866586e-15,1.80158201341878
"si:dkey-239h2.3",86.7448326839962,8,2.1094237467878e-15,5.59418017029831e-15,0.752012649219586
"pcdh15b",86.5334314071274,8,2.33146835171283e-15,6.17454805233837e-15,0.96401234037033
"gria4a",86.0844194961163,8,2.88657986402541e-15,7.63419201349929e-15,0.541380062649886
"mcm10",85.9167219972853,8,3.10862446895044e-15,8.21017530977595e-15,1.10222970040838
"plekhg4",85.8700673720896,8,3.21964677141295e-15,8.48016253454122e-15,0.830103111350886
"hist1h2a11.4",85.8375540066314,8,3.21964677141295e-15,8.48016253454122e-15,1.56469555317293
"prrc2c",85.5140632336451,8,3.77475828372553e-15,9.92869573127261e-15,0.630725681038959
"p4ha1b",85.4553440485494,8,3.88578058618805e-15,1.02067915124939e-14,0.528418417160826
"kalrnb",85.3905421771857,8,3.99680288865056e-15,1.04841305705011e-14,1.02492328677886
"zgc:173587",84.8726853397891,8,5.10702591327572e-15,1.33781874467331e-14,1.39494803947483
"p3h2",84.8246033361346,8,5.21804821573824e-15,1.36504707733288e-14,0.688990944359685
"loxl1",84.6925791352141,8,5.55111512312578e-15,1.45021002132609e-14,1.08640636441157
"CABZ01061591.1",84.6150872979187,8,5.77315972805081e-15,1.50617753121542e-14,0.522501970750946
"hist1h2a3.4",84.3228129442317,8,6.55031584528842e-15,1.70662283104271e-14,1.37634540165427
"vash2",84.2746707675416,8,6.66133814775094e-15,1.73320647083182e-14,0.476905679595046
"tiparp",83.7544953019975,8,8.54871728961371e-15,2.22128395341984e-14,0.525705639586487
"ca16b",83.6656986089533,8,8.88178419700125e-15,2.3047213905543e-14,1.09716544316215
"nav3",82.9458423817439,8,1.24344978758018e-14,3.2222731054497e-14,0.72902249300363
"fkbp1ab",82.8576894196546,8,1.29896093881143e-14,3.35710012068156e-14,0.514978754631043
"notum1a",82.8531813768871,8,1.29896093881143e-14,3.35710012068156e-14,2.30545511778232
"slc7a3a",82.7424759262318,8,1.36557432028894e-14,3.52453452411925e-14,0.640012843054217
"spc25",82.7076669041304,8,1.38777878078145e-14,3.57705546704095e-14,0.652803458543236
"foxo3b",82.5928744682156,8,1.46549439250521e-14,3.77232735480646e-14,1.00226221879125
"CU459186.2",82.5294216060845,8,1.50990331349021e-14,3.88145811787884e-14,1.54346541914993
"slc7a3b",82.4262904514521,8,1.58761892521397e-14,4.07580464422442e-14,0.876430280453311
"hoxb9a",82.2909102454963,8,1.68753899743024e-14,4.32656274873072e-14,2.37158716369514
"raver1",82.274802644649,8,1.69864122767649e-14,4.34924340897778e-14,0.986884635258091
"cldn5a",82.2477190458221,8,1.72084568816899e-14,4.40025263499976e-14,1.5528652762294
"hmgn2",82.0835825501768,8,1.85407245112401e-14,4.7346379943935e-14,0.205142813440224
"shc1",82.077619505637,8,1.86517468137026e-14,4.75668886994956e-14,0.262488775225593
"hist1h4l.14",82.0326819532156,8,1.90958360235527e-14,4.86351015236586e-14,1.85329724761933
"nrg2a",81.9148851051025,8,2.00950367457153e-14,5.11124417489963e-14,1.44438982885081
"slc38a2",81.886086521613,8,2.04281036531029e-14,5.18911513085407e-14,0.884666300655271
"hist1h2a1",81.7766972381967,8,2.14273043752655e-14,5.43576879414631e-14,1.66554228829566
"CABZ01026153.1",81.5914531800101,8,2.33146835171283e-14,5.90679498305169e-14,1.31992825492403
"rrp1",81.4098554724972,8,2.54241072639161e-14,6.43276624735305e-14,0.464192208378236
"mxd3",81.3363519621779,8,2.63122856836162e-14,6.64876629069621e-14,0.658638938475389
"CABZ01068358.1",81.1046152576141,8,2.93098878501041e-14,7.39652667212052e-14,1.6966190095391
"si:ch211-113a14.19",80.5280933079085,8,3.83026943495679e-14,9.65328035372117e-14,1.56235937323766
"zranb3",80.4565200528925,8,3.95239396766556e-14,9.94806210138276e-14,0.739456369249413
"si:ch73-368j24.11",80.2896807486389,8,4.27435864480685e-14,1.07444113001142e-13,1.87540363377403
"tp53inp2",80.1313629010442,8,4.59632332194815e-14,1.15386866728073e-13,0.320144106046082
"tmem59l",79.8226007129303,8,5.30686605770825e-14,1.33051206232269e-13,1.00594302874884
"nfixa",79.5587796779395,8,5.99520433297585e-14,1.50113687713993e-13,2.7291517634847
"cxadr",79.539275254145,8,6.0507154842071e-14,1.51307126505205e-13,1.05859745396141
"bicd1a",78.9803632740958,8,7.83817455385361e-14,1.95751302329401e-13,1.81424475325539
"BX942846.1",78.8942870343682,8,8.1601392309949e-14,2.03528440328049e-13,1.16205283016165
"ek1",78.8654492143324,8,8.27116153345742e-14,2.06031000471652e-13,4.2716874953239
"dnajc21",78.7877140924285,8,8.57092175010621e-14,2.132224146349e-13,0.789365692301386
"hspb1",78.6798004410049,8,9.01501095995627e-14,2.2398120013912e-13,3.19558202485735
"ece2b",78.4714859788551,8,9.9253938401489e-14,2.45966058146621e-13,2.31971335018806
"mgat4b",78.4701440265151,8,9.9253938401489e-14,2.45966058146621e-13,1.22430190223338
"armc1l",78.2738328780046,8,1.08690834110803e-13,2.69006326271666e-13,1.08146473785093
"uacab",77.8630888869089,8,1.31450406115619e-13,3.24918439731939e-13,1.82502352873115
"melk",77.7368633745548,8,1.39332989590457e-13,3.43961592740591e-13,1.43771554332855
"CR762436.2",77.3257654512603,8,1.68531855138099e-13,4.15510763051476e-13,2.08036960463974
"f3a",77.1757703828473,8,1.80633286106513e-13,4.44756476545475e-13,0.659006707982647
"cntn4",77.1731946195774,8,1.80855330711438e-13,4.44756476545475e-13,2.79952300916291
"fbln2",77.0717955551496,8,1.89515070303514e-13,4.654586694843e-13,1.52612016508061
"mpped2a",76.9895447900769,8,1.96953564568503e-13,4.83112560417396e-13,0.665167523963921
"hist1h2a11.1",76.8772537383603,8,2.07389660999979e-13,5.08065141560305e-13,1.6897185133638
"FQ377603.1",76.7801906613042,8,2.16937579011756e-13,5.30781284688661e-13,3.07553792437659
"dck",76.7004568868791,8,2.25042207091519e-13,5.49913023158998e-13,1.17050841410879
"CR936442.1",76.6638819514295,8,2.28816965375245e-13,5.58429252206927e-13,3.27831477160177
"tmem198b",76.6275263943213,8,2.32702745961433e-13,5.67194556527993e-13,0.395684721930233
"poc1b",76.5315043420372,8,2.43249864695372e-13,5.92153711026107e-13,0.694167039109939
"heatr1",76.3801918079047,8,2.60902410786912e-13,6.34325155103614e-13,0.774559187475395
"klf17",76.267275288698,8,2.74891220897189e-13,6.67494047720126e-13,1.34420669798698
"apobb.1",75.7758651363468,8,3.44835271448574e-13,8.36279752645094e-13,6.44589851214907
"dnmt3ba",75.6915862462307,8,3.58491014651463e-13,8.68304869658318e-13,0.52136918626
"pnp5b",75.606957711199,8,3.72812891669128e-13,9.01861047852043e-13,1.11113694429194
"si:dkey-230p4.1",75.2680813271826,8,4.35873559467836e-13,1.05308799831327e-12,0.364683871500232
"zgc:171759.4",75.0480009758306,8,4.82502926502093e-13,1.16428741213521e-12,1.57233637580379
"usp36",74.9282334833815,8,5.09814412907872e-13,1.22865273510797e-12,0.640517492339512
"mast2",74.6865137067374,8,5.69988500842555e-13,1.37195734035511e-12,0.467284999017691
"vwa1",74.5505437231484,8,6.06847905260111e-13,1.45885631089962e-12,1.10823910695676
"prkceb",74.3001040878718,8,6.81010803305071e-13,1.6351043944859e-12,0.663509608080304
"spry4",74.2551704613498,8,6.95332680322736e-13,1.66741468614706e-12,0.633044253017968
"meis1a",74.2354694533492,8,7.01660951563099e-13,1.6804997697064e-12,2.33125398053466
"si:ch211-13k12.2",73.8127870180127,8,8.52429238307195e-13,2.03906150304748e-12,1.33450017308654
"fam149a",73.7816129317639,8,8.64752713880534e-13,2.06597674394259e-12,2.39257081633634
"CU459186.5",73.5662671341526,8,9.54902823480097e-13,2.27853049959112e-12,1.34380808976149
"cenpt",73.4014138804696,8,1.03017594454968e-12,2.45510410518144e-12,1.20226190909908
"apln",73.3618830920236,8,1.04904973596831e-12,2.49699739623074e-12,0.841807158975318
"ntrk3a",73.0346255267117,8,1.21957999255073e-12,2.89932210312924e-12,1.09276593718579
"dusp19b",72.7960015845293,8,1.36113342819044e-12,3.23185375560489e-12,0.381935653401817
"arid3c",72.6118098418991,8,1.48137058175735e-12,3.51301658256847e-12,0.234224992341257
"sdk1b",72.5230884366031,8,1.54309898192651e-12,3.65490766235172e-12,0.99810202878739
"b3gnt7",72.4240066316959,8,1.61504143392222e-12,3.82061335533992e-12,0.757030854134476
"pdcd11",72.4194370875791,8,1.61848312529855e-12,3.82406307055835e-12,0.627289575479372
"dchs1a",72.4057863212716,8,1.62858615482264e-12,3.84322412056065e-12,3.73066603030183
"tuft1a",72.3694668123251,8,1.65600866353088e-12,3.9031597839701e-12,2.31464411116392
"ogfrl1",72.2844305622854,8,1.72206693349608e-12,4.05390115724108e-12,2.32799674070531
"grwd1",72.1413284104752,8,1.83908444029157e-12,4.32409122058799e-12,0.454251651042584
"si:ch211-156j22.4",71.511695831523,8,2.45603537507577e-12,5.76764458361277e-12,1.16367042253497
"hopx",71.4460426028126,8,2.53119747384289e-12,5.93692059558285e-12,0.43281786262671
"hist1h2a10.1",70.8605305458585,8,3.31179528245684e-12,7.75837339559756e-12,1.55574797996821
"pum3",70.7468427265402,8,3.48920892179194e-12,8.16407136069765e-12,0.534835252641645
"klhl5",70.7080239132473,8,3.5518255003808e-12,8.30050856331416e-12,0.739067054363325
"col1a2",70.4670456335731,8,3.96704891159061e-12,9.25964927548026e-12,1.04764447087471
"pgfb",70.1680650249467,8,4.55002702182128e-12,1.06075599734842e-11,1.72235004274122
"CABZ01072848.1",70.1378711684737,8,4.61342075652738e-12,1.07423613751024e-11,1.09490597279993
"bves",69.9202651134466,8,5.09736697296148e-12,1.18549137803013e-11,1.10164598211712
"matn4",69.8251452833144,8,5.32451860379979e-12,1.23682793591879e-11,2.57073953544972
"foxo1b",69.7778132413802,8,5.44120304368789e-12,1.26241148835502e-11,0.849650976981578
"espl1",69.504740520453,8,6.16651174567551e-12,1.42897051029596e-11,1.25615328012445
"cep192",69.3962605222854,8,6.48070486164443e-12,1.49997586713691e-11,0.490058479085583
"hist1h2a5",69.3754337958989,8,6.54276632872097e-12,1.51252439829425e-11,1.29880133947579
"si:dkey-57a22.11",69.3712713237449,8,6.55531184889924e-12,1.51360972990152e-11,1.36913747811408
"utp3",69.2831266978483,8,6.82531808848807e-12,1.57406857351735e-11,0.546711631061517
"sema6bb",69.1971665446398,8,7.09932113096556e-12,1.63530360101572e-11,2.61100082066119
"arhgef39",68.9883187018368,8,7.81175124586753e-12,1.79726210048122e-11,0.922426824835463
"h1-10",68.7692052122543,8,8.63586979704678e-12,1.98450023464913e-11,0.534756422043061
"eya4",68.7370896026685,8,8.7637674894836e-12,2.01149329996719e-11,8.75629728583903
"pho",68.7120874696997,8,8.86457574011956e-12,2.03078978811369e-11,0.357597184187857
"zgc:173552.5",68.7110208586353,8,8.8689056099156e-12,2.03078978811369e-11,1.52055772060586
"tmem256",68.6530701089404,8,9.10727049330262e-12,2.08289650190836e-11,0.320219020889053
"ebf1b",68.5919326104353,8,9.36573041343536e-12,2.13947017027291e-11,0.905749805075409
"FQ312024.1",68.4255876634955,8,1.01062491708603e-11,2.30589921910281e-11,1.79090141957986
"FP236812.1",68.2353632597391,8,1.10250697460401e-11,2.5125690863316e-11,1.32178307057733
"chsy1",67.9183488210473,8,1.27449162334869e-11,2.9010860092282e-11,0.327665102185266
"ptprub",67.8829204879159,8,1.29529720283017e-11,2.94496816869878e-11,0.759966516026809
"slc6a9",67.7725748892203,8,1.36231026459654e-11,3.0936798470461e-11,1.46529393469974
"hist1h4l.13",67.5626678763991,8,1.49946721705874e-11,3.40114446410499e-11,1.44845337659453
"baz1a.1",67.532727783138,8,1.52011736531676e-11,3.44393217430167e-11,0.660292911820883
"ephb2b",67.4832479618025,8,1.55487844821778e-11,3.51855123023929e-11,1.37658316889829
"brip1",67.0611170039849,8,1.88553617164189e-11,4.26179805266771e-11,0.84309001380309
"pcdh9",66.8698074588282,8,2.05764294491928e-11,4.64535784286226e-11,1.42229951509954
"twistnb",66.8471534892098,8,2.07903694260381e-11,4.68816751501771e-11,0.49557702247238
"ier5l",66.6908177764149,8,2.23281393374464e-11,5.02904820591082e-11,0.700997302474086
"inpp5l",66.671061814686,8,2.25303109502306e-11,5.06866272019190e-11,0.358367178417251
"si:ch211-210g13.5",66.5766496364461,8,2.35222952227332e-11,5.28566260949063e-11,0.525367394504667
"cenpi",66.4018333815021,8,2.54753995676538e-11,5.71787780750133e-11,1.26186180065192
"auts2a",66.2864547732355,8,2.68521871404914e-11,6.01988567521715e-11,0.72391345722266
"nhsl1a",66.0625186653602,8,2.97395441606341e-11,6.65944728707346e-11,1.11955846809665
"pde4d",65.7157135855023,8,3.48335804645217e-11,7.79108389044058e-11,0.40345164098772
"efna3b",65.647523773805,8,3.59331453481104e-11,8.0277061681526e-11,1.08220497997332
"si:ch1073-153i20.5",65.1114344590608,8,4.58731941321844e-11,1.02365183202374e-10,1.39678892803898
"s1pr2",65.091944110233,8,4.62820892721538e-11,1.03158229036662e-10,0.82344331639443
"eno1a",64.8087750414294,8,5.26504395637062e-11,1.17217144894718e-10,0.897333400008848
"samd10b",64.763519864941,8,5.37462296890112e-11,1.19518720692519e-10,1.28078838155223
"ckbb",64.6878592990062,8,5.56291679387755e-11,1.23563405283363e-10,1.2104282609152
"hist1h4l.21",64.5575170088832,8,5.90284487955728e-11,1.30963002621248e-10,1.55928436899871
"rasl12",64.479837741963,8,6.11520833970758e-11,1.35518639988002e-10,1.92287882225052
"slc18a2",64.3115429562808,8,6.60175247801931e-11,1.46132936597259e-10,1.00462786453211
"slc29a2",64.2288047590937,8,6.85491663432458e-11,1.51562835676351e-10,1.72954785450043
"hist1h4l.9",64.0888630058333,8,7.30532301318476e-11,1.61336343292328e-10,1.72422743095981
"si:dkey-108k21.19",63.8961427674245,8,7.97425458998191e-11,1.75908041756123e-10,1.67476426343885
"hist1h2a4",63.8129576004855,8,8.28154211873766e-11,1.82477865199157e-10,1.97351753120726
"grb10b",63.796382787971,8,8.34415869732652e-11,1.83647693703716e-10,0.917269561185972
"krcp",63.7724907104289,8,8.43526359872726e-11,1.85441142740549e-10,1.39689995256833
"tanc1a",63.7112556418715,8,8.67329541520689e-11,1.90456874265591e-10,0.829301905497407
"dbf4b",63.3314139817927,8,1.03068775736403e-10,2.26071216859825e-10,1.90824897509103
"si:ch211-113a14.19.1",63.1941416920248,8,1.09698472527953e-10,2.40339380720333e-10,1.86118580606575
"si:dkeyp-23e4.3",63.012402629803,8,1.1913370290273e-10,2.60714845852965e-10,0.698039060934463
"skp2",62.9586851117296,8,1.22074350628054e-10,2.66847333345678e-10,1.13370514808264
"prkd3",62.840185221962,8,1.28819621636467e-10,2.81273194241345e-10,0.326719260870815
"rassf7a",62.5759424993962,8,1.45228384873519e-10,3.16742450267132e-10,2.77984841307433
"dkk2",62.5006650496149,8,1.50273016252811e-10,3.27374435407254e-10,1.44572861283275
"FP016248.1",62.4240575314194,8,1.55586099559457e-10,3.38566591366403e-10,1.02725844451969
"neil3",62.0526533564109,8,1.84120607649163e-10,4.00208040076197e-10,1.42625213660157
"kirrel1b",62.0312622995955,8,1.8591439499005e-10,4.03651974708126e-10,0.784164950647009
"CT573476.1",61.6825995635484,8,2.17733275853504e-10,4.7220444977003e-10,0.807568731979022
"eepd1",61.5328833539216,8,2.33010166716952e-10,5.04768091494699e-10,1.21921147080064
"gria4b",61.4430388845377,8,2.4268576037656e-10,5.2513821100562e-10,3.5917401106598
"npdc1a",61.3055007195238,8,2.58278620712815e-10,5.58252444769403e-10,1.24774144439184
"igdcc4",61.2361596762431,8,2.66514477154089e-10,5.75408636005694e-10,1.75423726782772
"angpt2a",60.6874832548807,8,3.41612738097297e-10,7.36721878133767e-10,1.33570907644846
"pprc1",60.6719339869316,8,3.44023365350665e-10,7.41091674185567e-10,0.657860826152141
"nuak1a",60.6041489296305,8,3.54731910512385e-10,7.63307057441828e-10,0.717548856851872
"pold2",60.542890218733,8,3.64694829890766e-10,7.83870269820955e-10,0.913088365951394
"rasgrp3",60.5035166454132,8,3.71245145736054e-10,7.97060847415493e-10,0.71704119579038
"hist1h2a2",60.3792001057899,8,3.92705756802059e-10,8.42198775433113e-10,1.78556182398603
"krt4",60.1398520871762,8,4.3756531731276e-10,9.37362146421113e-10,0.614939611426682
"CR377229.1",60.0498652832747,8,4.55721127501363e-10,9.75172401578943e-10,4.4820362109242
"zfpm2a",59.9998291569967,8,4.66139127297538e-10,9.96359464999616e-10,0.296963716787145
"atp8a1",59.9655319284335,8,4.73416861268561e-10,1.01079480456898e-09,0.753522255864445
"plekhg5b",59.9214458414074,8,4.82938244950049e-10,1.02998333657488e-09,0.279217446936862
"hoxc8a",59.8492561133239,8,4.9894299802844e-10,1.06294154718103e-09,2.48733319310969
"si:dkeyp-52c3.7.1",59.8194927493619,8,5.05694375263488e-10,1.07613549173069e-09,2.1252074287028
"triob",59.7576537142586,8,5.20014142857406e-10,1.10538838746315e-09,1.1025967430499
"hist1h4l.8",58.5197973153181,8,9.08846331526547e-10,1.92979705636914e-09,1.57190106104209
"slc7a7",58.3928786530287,8,9.62324220310506e-10,2.04110131656618e-09,1.74127402350422
"ATP8A1",58.3665120176665,8,9.73821134842012e-10,2.06321664612681e-09,0.433313577190503
"CT033796.2",58.2536414937949,8,1.02460373518909e-09,2.16842590718393e-09,0.571729736520506
"gfra3",58.1271532548463,8,1.0846528120112e-09,2.29299410258508e-09,2.78498385232446
"atp13a3",58.1086947218643,8,1.09370412726406e-09,2.30959644837361e-09,0.712703146355983
"fgfrl1a",58.0010340249472,8,1.1480153494503e-09,2.42163412881859e-09,1.02354906515836
"cplx2",57.9207094909424,8,1.19027854239562e-09,2.50804046965984e-09,1.52517416321231
"hist1h4l.15",57.806473936888,8,1.25306620635257e-09,2.63745812865476e-09,1.31259261899145
"slx4ip",57.7300791830853,8,1.29688493277769e-09,2.72671117818471e-09,1.85092140600723
"kcnab2a",57.5827246257925,8,1.38576095043419e-09,2.9103999046156e-09,1.28536916598796
"mgat4c",57.5379695688703,8,1.41393685648694e-09,2.966344134175e-09,1.24375041034233
"rapgef5b",57.3170931173416,8,1.56157031749871e-09,3.27250823058424e-09,0.45429028376981
"aqp8a.1",57.2959468634625,8,1.57648527565613e-09,3.30017764545604e-09,2.02705609391633
"ftsj3",57.065503808986,8,1.74851211287574e-09,3.65632467855145e-09,0.566807117225745
"si:dkey-108k21.14",57.0039652721487,8,1.79753212314893e-09,3.75475832441076e-09,1.93427513907975
"mis18bp1",56.4740340345862,8,2.28046503902846e-09,4.75837293857886e-09,1.32077257268526
"pik3r5",56.1385394345408,8,2.65091926188177e-09,5.52537549936005e-09,0.846243991329108
"sgo1",56.1064635728262,8,2.68933197933308e-09,5.59938666971293e-09,1.56930239441157
"nedd4a",55.8581151569328,8,3.00611635584147e-09,6.25220316511581e-09,0.574728430811624
"inhbaa",55.7513972338847,8,3.15340586976021e-09,6.55147253976043e-09,2.37198656428697
"slco3a1",55.7084408462481,8,3.21470161601667e-09,6.6716304797418e-09,0.687140624630627
"mctp1a",55.6243754798945,8,3.33810978858651e-09,6.92029642192988e-09,3.22605785454142
"inpp4b",55.5381634025034,8,3.46956852137481e-09,7.18510000989327e-09,0.202350189963342
"FP236822.2",55.466571047004,8,3.58264251598683e-09,7.41130340217019e-09,6.36228596752019
"slit3",55.1949731902284,8,4.04597699787956e-09,8.36081849079507e-09,0.592311402140199
"pif1",54.9026515608349,8,4.61148819130841e-09,9.51921759404991e-09,3.28672004948515
"si:dkey-251i10.2",54.5859229170192,8,5.31329813480141e-09,1.09561912341146e-08,1.66106054873584
"tm4sf18",54.1544272067002,8,6.44339837041485e-09,1.32722992074357e-08,0.370017872278342
"FP325123.1",54.1320256589954,8,6.50820042302769e-09,1.3391473229026e-08,1.54559689459724
"CRACD",54.0757378927117,8,6.67390354092134e-09,1.37177889412541e-08,1.26131062315381
"cdh11",54.0319504030856,8,6.80570566569116e-09,1.39738024743904e-08,2.44772335290728
"lbx2",53.932340526753,8,7.11526426666609e-09,1.45938611767364e-08,3.56005329553324
"primpol",53.6996530632771,8,7.89407694767874e-09,1.61740492615564e-08,1.47909531584327
"aff2",53.6626773954684,8,8.02541744171492e-09,1.64256951461002e-08,1.2401430437476
"osbpl3b",53.2449735426215,8,9.66903757060322e-09,1.97687215653478e-08,0.874103282463066
"ipo11",52.8214268915085,8,1.16776450731493e-08,2.38501056154998e-08,0.290836850207952
"fstl1a",52.6233124476517,8,1.27547331585376e-08,2.60223550578418e-08,0.757512474544831
"pdgfbb",52.2682886084148,8,1.49379766334334e-08,3.0444417493932e-08,0.752174126188567
"cenpl",52.1968071822755,8,1.54206017954905e-08,3.13948471612521e-08,1.26656244107172
"rrp12",52.1942630235043,8,1.54380622729988e-08,3.13972405720904e-08,0.424537130463048
"BX005003.1",52.033486434267,8,1.65823061948345e-08,3.36888159574719e-08,0.799130630208995
"hist1h2a11.3",51.9313441667174,8,1.73526814029046e-08,3.52168102576842e-08,2.40991274615827
"igfbp7",51.9268053527051,8,1.73877281461898e-08,3.52508305634637e-08,3.51816323885213
"pde10a",51.7899900261212,8,1.84778590206491e-08,3.74215464199701e-08,1.05573682656693
"gas2l1",51.5929749153946,8,2.01681399358833e-08,4.08018612763725e-08,1.63509611523647
"nupr1b",51.5392690917041,8,2.06550093695412e-08,4.17430378034334e-08,2.08422843677198
"efnb3a",51.3161138078742,8,2.28064059859534e-08,4.60426709328986e-08,0.910583711550171
"si:dkey-225f5.4",51.0017343086501,8,2.62204904455388e-08,5.28798175512539e-08,1.00224718623964
"snrkb",50.9785879781302,8,2.64910725578105e-08,5.33696843170936e-08,0.707203198839127
"bcl2a",50.9036340243338,8,2.73864919630995e-08,5.51160297545468e-08,0.274330038914736
"mtfr2",50.7420529731034,8,2.94204741679849e-08,5.91477311740092e-08,1.16024175509828
"pdgfd",50.7297325908942,8,2.95815908435415e-08,5.94096949441125e-08,0.484086926565099
"taok3a",50.5054674277666,8,3.26725889676638e-08,6.55491691255523e-08,1.13516325355328
"shcbp1",50.0464438693804,8,4.00362564212386e-08,8.02389837631477e-08,1.20808076147531
"tmsb",49.9966018748929,8,4.09290846770105e-08,8.19431726451467e-08,1.42592946014783
"gulp1b",49.9368168331829,8,4.20261763167673e-08,8.40523526335346e-08,1.42334112245787
"mylka",49.88950897361,8,4.29149874525692e-08,8.5741031925962e-08,1.5835680157927
"si:ch73-86n18.1",49.8747216065772,8,4.3196625498787e-08,8.62143829830863e-08,0.717098209960727
"sat1a.1",49.8622822619225,8,4.34349661793121e-08,8.66004289490317e-08,0.660044477522322
"sntb1",49.579606267461,8,4.92178923172659e-08,9.80290251938933e-08,1.21648906387969
"si:dkey-261m9.6",49.452409938307,8,5.20638723244815e-08,1.03590449784933e-07,1.67465676818191
"dhrs11a",49.324352107514,8,5.50943808352855e-08,1.09507181701475e-07,0.85509838472499
"agbl4.1",49.2945649470149,8,5.5824071476529e-08,1.10843264476568e-07,0.442599961070849
"pla2g4aa",48.9774510187219,8,6.42137132356169e-08,1.27370410615503e-07,1.79487284265342
"rbbp8",48.8285470279657,8,6.85745212836153e-08,1.35880449162189e-07,1.1203570169195
"si:ch1073-159d7.7",48.7781308765012,8,7.01167380823264e-08,1.38793707415529e-07,1.26531142455988
"nfkb2",48.7577197276967,8,7.07508707176174e-08,1.39905311531863e-07,0.470990868096113
"BX640512.3",48.6382814839936,8,7.45775174948449e-08,1.47321161608669e-07,1.40991242855214
"shank3a",48.1119219987957,8,9.40450940456472e-08,1.85587452732864e-07,3.22943438476463
"CABZ01086127.1",48.0027922094237,8,9.86739132624592e-08,1.94522806513314e-07,0.324271198733329
"tenm3",47.7121375649328,8,1.12136513741312e-07,2.20836770677477e-07,0.759616976040715
"gnao1a",47.6001270885276,8,1.17798765852939e-07,2.31751041392312e-07,0.547985983884452
"slc4a11",47.5648061284672,8,1.19642528662034e-07,2.35138425341898e-07,0.445002783759258
"si:dkey-163f12.11",47.4316612105469,8,1.26854203585935e-07,2.49057947569943e-07,45.7498883838559
"mmp17a",47.2532995665815,8,1.37196172644849e-07,2.69088729256632e-07,1.50318954020499
"nptna",47.2418053954192,8,1.378906676619e-07,2.70176023630226e-07,2.3399663408927
"ENSDARG00000115101",47.1084072349509,8,1.4621087185418e-07,2.86187371507471e-07,0.593535618721794
"macrod2",47.096616112649,8,1.46969862058199e-07,2.87310550216272e-07,0.424340831018005
"esm1",47.0948677696854,8,1.47082734991422e-07,2.87310550216272e-07,0.540272589355069
"snai2",46.9608194893165,8,1.55998326145657e-07,3.04417786243751e-07,1.52745612702154
"zfhx4",46.7847022268998,8,1.68532840905122e-07,3.28545315738196e-07,0.843732410721676
"pik3c2b",46.5647771864516,8,1.85598503787965e-07,3.61448399296158e-07,0.519671090060124
"pdlim4",46.1859367982985,8,2.19114676069943e-07,4.26289702787941e-07,0.76598343573007
"fhl3b",45.975639548622,8,2.4024743805473e-07,4.66932520735403e-07,1.34471876781829
"skib",45.8924423721835,8,2.49156142384521e-07,4.83759358023522e-07,0.651298256345722
"syt2a",45.7349355418295,8,2.66930008541166e-07,5.17747541717675e-07,1.84397861599191
"elavl4",45.5179294511836,8,2.93497818160127e-07,5.68707330063039e-07,0.847914234314193
"agap3",45.0789623188508,8,3.5553169419611e-07,6.88217978323393e-07,0.543564265104602
"CHST8",44.9502507590618,8,3.76074744790067e-07,7.26825160827656e-07,0.909128421452754
"col5a1",44.9493046148925,8,3.76230036569503e-07,7.26825160827656e-07,0.354743342092436
"adamts2",44.7974283988626,8,4.02001225197068e-07,7.75834196376324e-07,2.44643353057549
"fosl2",44.7771798976866,8,4.0556695368732e-07,7.81933086709152e-07,0.188778700815525
"b4galt5",44.7625865150429,8,4.08156279663174e-07,7.86139168022578e-07,0.411195595762177
"mvp",44.720653481373,8,4.1568821773641e-07,7.99847189416964e-07,0.711830273920489
"msi2b",44.7177022213787,8,4.16223486121581e-07,8.00078645306488e-07,0.446866359386712
"pttg1",44.6698155257131,8,4.25004922699479e-07,8.16144911319318e-07,0.747193358583043
"CU459186.4",44.5128029813437,8,4.55108414398886e-07,8.7308360493637e-07,1.73369828960401
"zfhx3",44.4690103253846,8,4.63875850953421e-07,8.89018529461428e-07,0.418049349313059
"tnfaip3",44.4656770364883,8,4.64550013123954e-07,8.89426440221434e-07,0.549925929557173
"gpr37b",44.1516843623788,8,5.32617168036431e-07,1.01873601187921e-06,4.37095425858961
"MDFI",43.9945196927151,8,5.70316594061815e-07,1.089762530576e-06,1.70051087152484
"fam83d",43.8736154366499,8,6.01110297981933e-07,1.14746599456353e-06,1.71047466899154
"nat8l",43.7465962125764,8,6.35239916224606e-07,1.21141697179134e-06,1.7435433541191
"tlx1",43.7351176649431,8,6.38417314235973e-07,1.21627330222031e-06,16.4463800652016
"si:ch211-176g6.2",43.570877042414,8,6.8564684607697e-07,1.30496260536663e-06,4.37799009948674
"sox7",43.2590537518034,8,7.85059023455936e-07,1.49269605248821e-06,0.15186707870465
"mnd1",43.030475303082,8,8.66897104101483e-07,1.64667745488439e-06,0.642201265840411
"notum1b",42.808100808116,8,9.54623512128272e-07,1.81152965687333e-06,1.87209073956269
"traf4a",42.6885557653671,8,1.00536737845935e-06,1.90594720321498e-06,0.688587500801597
"nfkbiaa",42.6520310929142,8,1.0213983525631e-06,1.93443617263423e-06,0.872777884312935
"si:dkey-23a13.21",42.5805280435653,8,1.05351937218501e-06,1.99331241371216e-06,1.61532607691782
"hoxd9a",42.5267874921621,8,1.07831880524767e-06,2.03823397697795e-06,1.4913103761273
"fxyd1",42.3945016091151,8,1.1418589275225e-06,2.15622332249107e-06,1.34445696186032
"gata5",42.1390743632557,8,1.27523951543029e-06,2.40573560249472e-06,1.36229823161588
"hoxa2b",41.9289905555624,8,1.39643758512165e-06,2.63180025817647e-06,3.301134747445
"si:ch211-185a18.2",41.9053437823623,8,1.41077533721834e-06,2.65622543960641e-06,0.544232239844318
"mpz",41.8458661488222,8,1.44748710395604e-06,2.72268793797779e-06,2.72992036035916
"tmtc2b",41.2943283483142,8,1.83636455863834e-06,3.4507903207161e-06,0.393634633585539
"glsb",41.2592409834897,8,1.86434542914782e-06,3.49995909191528e-06,0.678198498186953
"nphp4",41.1905328180311,8,1.92036767698855e-06,3.60162342532484e-06,0.770824019502814
"tbx20",41.1879214173047,8,1.92252953024052e-06,3.60217389145163e-06,1.50678049405392
"si:ch73-380l10.2",40.9279362129661,8,2.15028734684708e-06,4.02500388807881e-06,1.62007976260917
"dspb",40.7388582893252,8,2.33253968329183e-06,4.36191707990946e-06,0.97017830138388
"dph1",40.1376981601493,8,3.01993952489532e-06,5.64190252325405e-06,0.526573324606688
"hist1h4l.17",40.0841151452172,8,3.0901787859694e-06,5.76753601098645e-06,2.63896663296922
"ADGRL3",39.934627785009,8,3.29480726946052e-06,6.14350910591865e-06,1.23768270815169
"rfx2",39.8861269854949,8,3.36404047429628e-06,6.26654109608042e-06,0.841831289859376
"plxnc1",39.8275389612525,8,3.44959751497065e-06,6.4197142942697e-06,2.26844957463075
"cadpsa",39.8032855636893,8,3.48564292595999e-06,6.48053959619176e-06,2.61907564073765
"AL954137.2",39.5248089030726,8,3.92723394748717e-06,7.29451546315537e-06,0.821843373894642
"tuba1a",39.4667478997031,8,4.02606123572902e-06,7.47088167707945e-06,0.963074261202041
"si:dkey-79d12.5",39.2236082440019,8,4.46737985138057e-06,8.28183495525167e-06,0.368376255162134
"col5a2a",38.9766546796991,8,4.96464564370136e-06,9.19484803175429e-06,6.06167300822989
"ror1",38.9567759749401,8,5.00697920347015e-06,9.26435307513479e-06,0.914538839494454
"foxf2a",38.677795699967,8,5.6402071400008e-06,1.04260013096084e-05,1.09819091569171
"aanat2",38.548803487156,8,5.95920268919858e-06,1.10051176099376e-05,1.036038269183
"etv4",37.8674547334101,8,7.96482772136287e-06,1.46949165997968e-05,2.0657993169348
"rttn",37.4146573999718,8,9.65376639106008e-06,1.77939403460457e-05,0.632472864731087
"neo1a",37.3675930663318,8,9.84846084572943e-06,1.81354656261379e-05,1.05672636438622
"foxl2b",37.1479908036274,8,1.08095017073984e-05,1.98861825304046e-05,2.04615600772971
"CR354540.2",36.9201531019693,8,1.19046553429536e-05,2.18800529086888e-05,0.698463987750313
"bcr",36.8701088451301,8,1.21595273444575e-05,2.23272083048705e-05,1.58260835202234
"INSYN2A",36.6934727002033,8,1.31030235706042e-05,2.40367549420789e-05,1.34567100318136
"si:ch73-335l21.4",36.6552784686672,8,1.33163672664249e-05,2.44049012259195e-05,0.283186235866697
"CABZ01030107.1",36.5004933950595,8,1.4216696616276e-05,2.60301909555367e-05,1.48635736517685
"smyd3",36.3487368276287,8,1.51577803042535e-05,2.77269453762816e-05,0.614842925508661
"relb",36.343785545985,8,1.51895004641966e-05,2.77586321279347e-05,0.786729660226586
"CT573344.1",36.2390536059442,8,1.58760506215883e-05,2.89651399286932e-05,0.726197841321092
"dacha",36.2385018848418,8,1.58797473571726e-05,2.89651399286932e-05,1.54858825442179
"si:ch211-113a14.19.4",36.0346745924267,8,1.73053585347249e-05,3.15356628118617e-05,2.25772805951429
"esrrga",35.957945105165,8,1.78741903614776e-05,3.25414910452586e-05,3.29225692728714
"hmcn2.1",35.916649491036,8,1.81879443531541e-05,3.30814685970576e-05,0.706075041229259
"CT476811.1",35.8237397113814,8,1.89138903597952e-05,3.4369444499232e-05,0.937864959635146
"zgc:174862",35.7541531092577,8,1.94762901365442e-05,3.53580860482647e-05,1.12672512207494
"zgc:163030",35.3201308328017,8,2.33763960556521e-05,4.23985809927538e-05,0.617275182193519
"dla",35.3111695522539,8,2.34645627799068e-05,4.25184934583274e-05,1.63100233043674
"nanos1",35.1062871888239,8,2.55723898799909e-05,4.62944297545751e-05,0.524442535636826
"nr4a3",35.0314610737836,8,2.63879487759633e-05,4.77260461914233e-05,0.470291500966544
"hist1h4l.7",35.0142638453893,8,2.65789891211732e-05,4.80265145507234e-05,1.69652934553179
"BX465862.4",34.5495444588649,8,3.2291725549749e-05,5.82944258987979e-05,1.3431332842921
"cxcr4a",34.5102033899112,8,3.28276428257501e-05,5.92064502975175e-05,2.97519928964834
"ndnf",34.4128223701942,8,3.41922652082882e-05,6.16099881510091e-05,1.12233231931804
"bcl11ab",34.4033753049269,8,3.43275921466102e-05,6.17960762452516e-05,1.09564556959188
"si:ch73-208g10.1",34.3785051825108,8,3.4686384294047e-05,6.23837210064577e-05,0.804916607720706
"prdm1a",34.3698005171076,8,3.4812835984277e-05,6.25527938282256e-05,0.921330268718856
"cbx7a",33.8738880716828,8,4.2820592599413e-05,7.68697416495979e-05,0.892712310927575
"nr3c2",33.7941745245782,8,4.42672801640454e-05,7.93928522383995e-05,0.504856364698266
"mmel1",33.6348924619805,8,4.73040055325447e-05,8.47603370508793e-05,0.786490537725555
"gask1a",33.6295756731951,8,4.74088386681615e-05,8.48693045053067e-05,1.84063897765863
"atp11a",33.5744892321515,8,4.85085801384955e-05,8.67574605816505e-05,0.28510617946147
"sema5a",33.5040156335632,8,4.99522707401168e-05,8.92566987830817e-05,1.58467744990115
"gfra2b",33.4564649236349,8,5.0950238357772e-05,9.09556106979486e-05,2.18649153605776
"ch25h",33.3125930187511,8,5.40910663989758e-05,9.64732433091816e-05,0.55357583542744
"ret",33.0376585781271,8,6.06334244629414e-05,0.000108041813645611,4.91343233738022
"si:dkey-23a13.22",33.0232941518431,8,6.09959055638543e-05,0.000108587355426695,0.871979884830751
"igf2a",33.0030562937508,8,6.15102292315095e-05,0.000109401957526153,1.79741999114557
"palm3",32.8407584357439,8,6.57924941678267e-05,0.000116910533415272,0.533484910549293
"cxcl12b",32.4374423196874,8,7.77483335702156e-05,0.000138028349100714,1.68060806034815
"dpp6a",32.259447284128,8,8.36832523305464e-05,0.000148428068531089,4.13329442914206
"spon2a",32.1133879947017,8,8.88849709114181e-05,0.000157509396982734,2.82250592760275
"pcdh11.1",31.8627484515968,8,9.85634221960519e-05,0.00017449979613773,1.51201684682303
"lsp1a",31.7665523389358,8,0.000102547531683705,0.000181386826684573,0.38436530797007
"suclg2",31.7379597644608,8,0.000103762020123521,0.000183366796331942,0.51971778555412
"gfra1a",31.6941963014587,8,0.000105648384710055,0.000186529382528376,2.52385563263116
"pdzd2",31.4438805645723,8,0.000117104936066093,0.000206567535897005,0.826131790710793
"CHST13",31.4037733904019,8,0.00011905090275699,0.00020980817231762,0.555524600076814
"epha7",31.3235082257458,8,0.000123041389933354,0.000216642739535622,0.543032324999779
"rassf2a",31.3176137790738,8,0.00012333957583166,0.00021696961879876,0.256452462336224
"slc1a5",31.2037017187165,8,0.000129243827182601,0.00022714867712676,0.889555147687497
"mapk10",31.0347597607291,8,0.000138515973532427,0.000243222948060582,2.27449715908591
"cntfr",30.9454028719206,8,0.000143681770536142,0.000252064107000619,2.05298635899824
"GRM7",30.9246878814023,8,0.000144906125264188,0.000253980917735777,0.430093757805592
"emilin1a",30.6624640959229,8,0.000161321048716689,0.000282494988125138,2.6202695933329
"dkk1a",30.6378958610258,8,0.000162949600318818,0.000285087866982469,133.52555744278
"si:dkey-28k24.2.1",30.2129147340347,8,0.000193819168806564,0.000338788175393522,1.73158241755374
"pard3ba",30.0539094176383,8,0.00020679006250679,0.000361133370029973,0.585490558963734
"igfbp5b",30.0489461761364,8,0.000207208378958157,0.000361536429530612,1.15182820939617
"chst15",29.9873117042229,8,0.000212472916144013,0.000370386783296254,1.83107660207729
"stard13b",29.9691745280437,8,0.000214046990057004,0.000372793673739751,0.779500227809885
"fras1",29.8668661146006,8,0.00022314303790294,0.000388284997361794,1.13342606593129
"sec14l8",29.6853879239896,8,0.000240221429981813,0.000417625714161348,0.59585036985318
"clybl",29.6133991207422,8,0.000247346214929722,0.000429624776922977,0.552523358149135
"fam117bb",29.5601497905536,8,0.000252749492947624,0.000438614781640881,0.623501242571951
"gng13b",29.3942913463604,8,0.00027033302228785,0.00046870689475807,1.19026297581831
"pcdh11",29.3195694921788,8,0.000278641998799567,0.000482679041945701,0.783523989966415
"ehd3",29.2232290418461,8,0.000289725838877986,0.00050142856136154,1.17743965537319
"nrxn2a",29.1922662054203,8,0.000293379132458194,0.000507295934869415,1.21870575598241
"arrdc1b",29.0099566631601,8,0.000315824847938462,0.000545618554503006,0.929130745558088
"cadps2",28.983905685157,8,0.000319166853736896,0.000550898562224473,0.55541930026051
"gig2j",28.8575330762776,8,0.000335877718114386,0.000579223828733932,4.53638971828751
"efnb1",28.5793515847073,8,0.000375745592909871,0.000647397232466694,0.532485902661498
"emilin1b",28.4859754318493,8,0.000390141086079154,0.00067160001246483,0.475667263416419
"arrb1",28.3017376242604,8,0.000420148342946014,0.000722610174130165,2.18906371978799
"MYO1D",28.2768451720236,8,0.00042437233195658,0.000729224470599185,0.606100128907497
"immp2l",28.2638627155809,8,0.000426591808097898,0.000732385579708591,0.393689117362278
"f8",28.1515358966445,8,0.000446276365903442,0.000765498962154658,6.33668578714487
"NPAS3",28.1135314668761,8,0.000453135849236008,0.000776574148735132,0.386332912793927
"fibina",28.1071205557395,8,0.000454303106399268,0.000777883116463399,3.38661796860088
"dcbld1",27.9913998255658,8,0.0004758865737573,0.00081411651659634,0.46989516252658
"jag1b",27.8136971184126,8,0.000511000454266108,0.000873412123958384,0.499644029398747
"lyz",27.7084644236141,8,0.000532977862463202,0.000910169458661695,0.613012763714027
"spon1b",27.5817517503065,8,0.000560672018650732,0.000956615621202311,2.37717050513386
"celf4",27.5415480626092,8,0.000569749772863948,0.000971244528807861,0.498573266302683
"pip5k1cb",27.4911135873959,8,0.000581341265770585,0.00099012894028771,0.959998613330822
"slc23a2",27.3359651390714,8,0.000618465867347262,0.00105242911936939,0.382660704711713
"zgc:174944",27.1875505902547,8,0.000656145816544162,0.00111556361049131,1.67500636926987
"CABZ01056843.1",27.047489433467,8,0.000693760213281824,0.00117847549886111,0.469823819989258
"dachd",26.9785249695861,8,0.000713048143069273,0.00121017325689926,0.597353276637107
"klf4",26.7466780457282,8,0.000781814676464432,0.00132571565191154,1.0991320518379
"krt91",26.4945279463446,8,0.00086396679744638,0.00146373285191267,0.582518292611879
"arhgef4",26.4894841637134,8,0.000865693286027924,0.00146537019794718,0.982422546599064
"maptb",26.3483553019909,8,0.000915392156306871,0.0015481369099646,1.02419369422526
"dok4",26.3107039153472,8,0.000929115440123751,0.00156996894702769,0.751169027213055
"ccne1",26.0846381727242,8,0.00101583817399931,0.00171500525347694,1.25910211947738
"pvrl2l",25.837330612468,8,0.00111976606794761,0.00188880925547069,1.0698541478037
"ndst2b",25.7949316110142,8,0.001138596525456,0.00191889344499928,0.484798230537409
"si:ch211-161c3.6",25.6970333271129,8,0.00118326364151822,0.00199242995707172,0.629248566926862
"fhdc2",25.5187896513571,8,0.00126901868728668,0.00213496337616817,4.03677959592924
"rbfox3b",25.3571254258318,8,0.00135201789627426,0.00227261595816632,0.664906747871554
"rad51c",25.2850827024056,8,0.00139068771614925,0.002335580066843,1.41812220117238
"skila",25.2493292334757,8,0.00141027696597906,0.00236641774622074,0.733348310119818
"hsp70l",25.2205800933003,8,0.00142622336162224,0.00239109447061537,0.542119583911764
"tmsb1",25.0193527646162,8,0.00154286245268676,0.00258439514229371,1.17544605916574
"sema3ga",24.916816116663,8,0.00160581878834531,0.0026875161666057,1.13664892320791
"nexmifb",24.8958109331704,8,0.00161902102296185,0.00270726151974887,0.841928289857515
"ppp1r9alb",24.697266127082,8,0.00174914566125284,0.00292231614808966,0.491653006934015
"si:dkey-68o6.5",24.5413861725765,8,0.00185838761793866,0.00310213967739025,0.879117099546487
"id2a",24.4592372854134,8,0.00191860016300482,0.0031998798566378,0.294595620457303
"kif1ab",24.4464911394693,8,0.00192811114302083,0.00321296308015917,1.98577748337569
"wnt5b",24.2597782384618,8,0.00207280099628004,0.00345108835995503,0.742899470572808
"tbx16",24.2546939833121,8,0.00207688501966219,0.00345490450207826,0.642379857337932
"plce1",24.1015409101978,8,0.00220364093551262,0.0036626032100589,0.758447090551686
"ntrk2a",23.9810185527431,8,0.00230864526546914,0.00383382262861715,1.60573817581833
"apoa1a",23.834030856212,8,0.00244329743239835,0.00405393928542515,2.29822130223552
"phldb1a",23.8270194243836,8,0.00244990746583251,0.00406141151687454,1.79641383515741
"htr4",23.5813758662676,8,0.00269276704547639,0.00446018459078906,1.20211963391214
"zbtb46",23.4479825744892,8,0.00283427313478213,0.00469053957412871,0.599706567333437
"gpr22b",23.3796370985924,8,0.00290954311801395,0.00481097695671603,3.68583152285987
"hs2st1b",23.0511010200146,8,0.00329925430356348,0.00545069605593007,0.29227467173638
"zic2a",23.0138403891785,8,0.00334652221133858,0.00552405378720957,0.903407594940302
"epb41a",22.8467295640717,8,0.00356670307676543,0.0058824666655293,1.15857556922661
"zgc:174356",22.7517003560248,8,0.00369809847913605,0.00609396057074726,2.49041853905802
"ntn5",22.6896833336487,8,0.0037863613001814,0.00623407735845408,2.03083830180667
"ebf2",22.6094454792303,8,0.00390358414953218,0.00642159576817239,2.9903822383154
"lcp1",22.5618697245806,8,0.0039747390343996,0.00653307490053063,1.19152648445688
"klhl29",22.5384920882294,8,0.00401016087816741,0.00658568157845551,0.947100041827321
"BX663520.2",22.5223317226586,8,0.00403482531298582,0.00662054740718014,4.23577984199673
"apoa2",22.5035846404102,8,0.00406362144849437,0.00666212768086492,5.8045763618809
"cux2b",22.3595624867131,8,0.00429156698420319,0.00702985653826996,0.478599593880888
"si:dkey-23i12.7",22.1472694192574,8,0.00465023328688841,0.00761090812998374,1.17542242675649
"bora",22.1435083293099,8,0.00465684147440426,0.00761525900140069,1.44381207660401
"col4a6",21.9344569485376,8,0.00503874351756672,0.00823279449310902,0.37439995357713
"CABZ01067348.1",21.8856030715413,8,0.00513225384471294,0.0083784804509793,0.445531556072862
"zgc:158689",21.7846573071896,8,0.0053308034521542,0.00869525300825152,0.990675178381033
"pcdh19",21.7286866682049,8,0.00544406231687922,0.00886672530294274,1.71807787943533
"unc5b",21.7281663959333,8,0.0054451259121806,0.00886672530294274,1.10736931166731
"iffo2b",21.5828501340759,8,0.00575016938640638,0.00935554985400126,0.638289087856049
"arhgef28a",21.5489988782056,8,0.0058235581136713,0.00946696462323631,0.625966047389794
"cabp5a",21.4679092253143,8,0.0060030459555146,0.009750524517466,7.55385815862611
"zgc:163040.1",21.4612722923913,8,0.00601797003214211,0.00976653722388045,1.50427870420669
"si:ch211-226l4.6",21.2998790056467,8,0.00639207828385202,0.0103649511617045,0.883305722988593
"rasl10a",21.2861028390767,8,0.0064250281267928,0.0104096254020643,1.28258106715583
"BX323807.2",21.2772920484038,8,0.00644618739937675,0.0104351379563378,2.34541694246571
"pcbp4",21.272056350123,8,0.00645879276330041,0.0104467721876201,0.381219271147874
"hist1h4l.22",21.2343348494604,8,0.0065503137734696,0.010585922007753,3.29123569199726
"zgc:112332",21.0274555299791,8,0.0070748530466862,0.0114240508157546,1.03425347363205
"igsf3",20.9996955440291,8,0.00714823843724133,0.0115328901313818,0.689794965954722
"BX511034.7",20.9813189635287,8,0.00719721995870037,0.0116022074250621,1.32764873750942
"nkx2.3",20.8871204538732,8,0.00745340537946926,0.012005150853481,1.37704525200152
"kita",20.7721320305782,8,0.00777801404811218,0.0125175384680804,0.683013110091336
"akap12a",20.6725731702149,8,0.00806998896793654,0.0129765961052391,2.25510862238978
"pappaa",20.6697291945883,8,0.00807848204760098,0.0129794278231456,1.59791379650698
"fam102ab",20.6643871717356,8,0.00809445833605715,0.0129942678367345,0.499269681457514
"inpp4ab",20.5795101816275,8,0.00835240151577699,0.0133971964412796,1.85215116170625
"tox3",20.5697504065258,8,0.00838256216595878,0.0134343972202565,1.29250861678984
"en2a",20.5508546363077,8,0.0084412529168798,0.0135172222788574,15.6501662820082
"ccl38.1",20.4167097458495,8,0.00886938220087363,0.0141910115213978,1.24263279935673
"sytl3",20.3886196449192,8,0.00896163128704741,0.0143267206645335,1.69328678645641
"si:ch211-194e15.5",20.2214337848992,8,0.00952998349930323,0.0152227076939989,326.461479154575
"cdh4",20.1861419754282,8,0.0096542937429801,0.0154085085566769,1.41994045460468
"nitr3b",20.1410436158192,8,0.0098154061522483,0.0156526907043298,1.17384800472222
"aldh1a2",19.9576872557848,8,0.0104973245257244,0.0167263154426418,0.916672425019315
"slco1d1",19.9502394816512,8,0.0105259593682983,0.0167580922065062,0.977571324312582
"col19a1.1",19.8463654322531,8,0.0109331940606266,0.0173920776806008,1.84571530827301
"hist1h2a11",19.7669752296827,8,0.0112545447708343,0.0178885097429254,1.84637174994611
"f3b",19.7430188507878,8,0.0113532724490176,0.0180305677773525,0.226873007449502
"rcan3",19.4841037263103,8,0.0124744166323857,0.0197947944586334,2.39088778386019
"BX276117.1",19.3421955956843,8,0.013132912047816,0.0208225776547608,0.751146284593737
"mcf2a",19.3267655900742,8,0.0132064757777486,0.0209220092847159,1.59720147697779
"myh11a",19.3108801754145,8,0.0132826206607551,0.0210253634104564,0.479434849744783
"lamc3",19.2567878460782,8,0.013545054061216,0.0214231864069109,1.2908694537049
"gpd1b",19.2191698511748,8,0.0137304633697369,0.0216986339154531,0.784491636876462
"arl5c",19.0589495715598,8,0.0145475440815974,0.0229710605973135,0.295995676714971
"pleca",18.7070151023816,8,0.0165075470422652,0.0260446405053088,0.150178238432065
"pcbp3",18.6732062098966,8,0.0167084986908465,0.0263401353033131,1.51748653467576
"trpv4",18.6683620695508,8,0.0167374803964649,0.02636426650685,1.40292977562406
"plod2",18.6364311446575,8,0.0169297141703614,0.0266452970779239,1.25850687616419
"slc8a2b",18.6272601275465,8,0.0169853123011753,0.0267109968325171,1.32930302933432
"scpp8",18.6221067308289,8,0.017016630045418,0.026738437430779,2.13173924141348
"enah",18.5818777900906,8,0.0172629942191517,0.0271034632365834,0.971257481354703
"nbeaa",18.5709393690782,8,0.0173305640801109,0.0271874105341366,0.849058963846967
"mylk2",18.4694395109778,8,0.0179696247734573,0.0281670215961185,3.39025599831553
"gfra2a",18.3971404504935,8,0.0184383753861533,0.0288783003610915,0.776155929388287
"camk2n1a",18.3234259938037,8,0.018928204940925,0.0296214116283306,1.36854857974418
"cacna2d2a",18.3014806454932,8,0.019076392938864,0.0298291042872099,0.802551637808936
"plch2a",18.2567932906856,8,0.0193815476427771,0.0302817049070294,1.52940002484084
"magixa",18.1792015749737,8,0.019922388408298,0.0311015100009704,0.896573256707258
"p3h4",18.1294313122748,8,0.0202767799039593,0.0316291518242989,0.375142993445551
"spp1",18.0587074905756,8,0.0207906286185588,0.0324044720910117,3.20000941827647
"serpine1",17.9508243104214,8,0.0215982004510349,0.0336359696846488,1.07380037970255
"dnajb1b",17.8980565662592,8,0.0220038924413402,0.0342401167287359,0.363275568548978
"palld",17.8775213369085,8,0.0221637065308193,0.0344609888640481,0.445287390848553
"met",17.6634138634807,8,0.0238964419328914,0.0371251732849433,1.86215843628968
"si:dkeyp-14d3.1",17.4906761329612,8,0.0253864892430447,0.0394083343483012,0.417275239523796
"b2m",17.4690744480206,8,0.0255788540053643,0.0396750044427533,0.394924690534498
"cntn3a.1",17.4040677055139,8,0.0261660385191047,0.0405531529460079,1.73750697859327
"hbegfb",17.387665412483,8,0.0263161823812309,0.040753092073103,0.611115819466618
"crip1",17.3766663058809,8,0.0264173190632887,0.0408768789358111,1.39377890713418
"slc16a6a",17.3561371179261,8,0.0266070615508133,0.0411374616439198,1.79353440292202
"sh3bp4a",17.1849540788046,8,0.0282397655879231,0.0436268173505735,0.222286947253284
"bmp5",17.1277319722104,8,0.0288061611983851,0.0444661959891805,3.29347606766845
"ndst3",17.0345007375516,8,0.0297518246365743,0.0458892143194522,1.20024224796126
"adarb1a",16.9047007484934,8,0.0311168634090959,0.0479562850941143,3.20444052496176
"hpdb",16.8009601911163,8,0.0322497029378881,0.0496624818404539,1.46863737828243
"rnf24",16.7275520679178,8,0.0330744538317196,0.0508918970371551,0.520945282894664
"CR936518.2",16.6674484998538,8,0.033764333406754,0.0519119894802406,3.36999390688701
"fam13a",16.6638833908372,8,0.0338056730039892,0.0519341335073236,0.793550623909624
"si:ch211-263k4.2",16.5793880816166,8,0.0347993656915964,0.0534181345966543,2.72677703299376
"dgkb",16.569109984436,8,0.0349220787532607,0.053563856671668,0.523143780009443
"spock1",16.2956350680749,8,0.0383389140316636,0.0587578905032173,0.713482285588879
"KIRREL3.1",16.2804921984968,8,0.0385369014576182,0.0590144130343828,2.71428207489048
"afap1",16.0363680958611,8,0.0418625209420256,0.0640563018858931,0.553733215880427
"hsp90aa1.2",16.0056426272529,8,0.0422994198298643,0.0646734983600146,0.453147502951209
"has2",15.9207348989999,8,0.0435287929346715,0.0665004063217485,2.40188789513227
"CR376783.1",15.7927713157898,8,0.0454440754853593,0.0693714786506515,0.9093119752878
"mafaa",15.7691765552816,8,0.0458056115651558,0.0698504602957209,2.31550196821176
"CU138547.1",15.7675711321859,8,0.0458303071961031,0.0698504602957209,1.28373286112603
"cyt1",15.7396859365759,8,0.0462612190801723,0.0704515247919212,0.550298817985066
"zgc:171759",15.722386427002,8,0.0465304245603192,0.0708055710752134,1.44324915536799
"qkib",15.586262065887,8,0.0486996368431565,0.0740480282599414,0.546346803370583
"CU639469.1",15.5579638708171,8,0.0491621136551558,0.0746923208251697,0.518239117192337
"cep131",15.4933157975407,8,0.0502338530539042,0.0762605265259269,0.445200360752462
"pdzrn4",15.4124775925822,8,0.0516042009170466,0.0782792284563855,3.24288303913215
"phlda2",15.370076076748,8,0.0523366263482498,0.0793278424523786,0.619253667761319
"pde3a",15.3516539765206,8,0.0526578044743958,0.0797519615291714,0.997921943055279
"anxa5b",15.2897686976143,8,0.0537500197339762,0.0813422590636626,0.775530893446387
"pcdh15a",15.2056602446861,8,0.0552677467188356,0.0835735024893451,1.05153064188592
"cadm1a",15.1743989262704,8,0.055841784252762,0.0843753605323864,1.13885882907879
"eda",15.0023613894925,8,0.059099560356508,0.0892278405382517,1.27359993053314
"hey2",14.9177757418975,8,0.0607641165435885,0.0916691836432227,2.33767007136585
"kcnc4",14.881473732879,8,0.0614915190953825,0.0926940178388565,3.22302430920786
"anxa2a",14.8750005993509,8,0.0616220549061517,0.092818220202391,1.97560621070534
"tafa5a",14.8445967462304,8,0.0622385549978833,0.0936736409335824,4.39788042526787
"trhde.2.1",14.840895752784,8,0.0623139822860718,0.0937140076813934,5.52605046011813
"csrp2",14.7860789585355,8,0.063440947457829,0.0953344869046721,0.246400832892001
"robo1",14.7116723892322,8,0.0650003080818177,0.0976017087085237,0.182287275951745
"itga10",14.6922783792494,8,0.0654124346057054,0.0981441042177433,1.17990194003068
"ppap2d",14.6802670209675,8,0.0656688666225353,0.0984522354963049,0.787890889490808
"ubash3ba",14.6611489192397,8,0.0660789040298607,0.0989899976453547,0.543512545968728
"CABZ01064472.1",14.538124088438,8,0.0687735194299871,0.102946696786502,0.635755339561898
"znf385b",14.5354883911794,8,0.0688323230332794,0.102954785731701,1.18359298264277
"stim2b",14.4415495485292,8,0.0709580890231888,0.106052089640859,0.234816041800846
"meis2a",14.4340046294233,8,0.0711313740206561,0.10622872897895,2.09946783360426
"kaznb",14.2818152364975,8,0.0747093358470737,0.111485758137119,0.346103144571393
"pdgfc",14.1761087294411,8,0.0772891250485012,0.115228467357975,0.454537623927507
"si:dkey-35m8.1",14.1741793245702,8,0.0773369485276035,0.115228467357975,2.32118901005995
"epha3",13.9088534903434,8,0.0841722685391302,0.12531593339262,1.44895518801457
"BX323453.1",13.8904017224182,8,0.0846671610279077,0.125955467948924,0.523671053148614
"zgc:112234.1",13.8280307502679,8,0.0863593204832622,0.128373762445435,1.24827317882629
"hsd3b7",13.7928703294603,8,0.0873264988580553,0.129711471339238,0.388094823989753
"calca",13.7455245359914,8,0.0886441347062925,0.13156727614606,1.46967034822039
"si:ch211-26b3.4",13.6208847179533,8,0.0921979639735432,0.136736672723839,1.78908753426653
"si:ch211-254n4.3",13.4657395552389,8,0.0967981507060155,0.143448758309914,1.97857464037326
"stat3",13.281559730468,8,0.102522233118836,0.151814796814988,0.221684000257764
"sostdc1a",13.2682095457666,8,0.102948521918666,0.152329048548878,1.4731938217561
"kif26ba",13.1860408595309,8,0.105606826767815,0.156142608902107,0.813315192432643
"BX005396.2",13.1759610879397,8,0.105937049331413,0.156510828437521,0.55418982436397
"efcab11",13.127292857095,8,0.107544270659494,0.158763670621367,0.891317413521256
"vaspa",13.098413708566,8,0.108508067931665,0.160063928823451,2.65801777165086
"cldna",13.0466376466814,8,0.11025500036246,0.162516544876776,4.64876300971014
"fhod3b",12.9007786473328,8,0.115309409403084,0.16983692996879,1.24559751749218
"BX000522.1",12.8942555408046,8,0.115540106093135,0.170046812631728,2.15501740758748
"oxct1a",12.8789318962914,8,0.116083628184166,0.170716426498148,0.839862558638902
"hoxa9a",12.7390064514608,8,0.12115066708848,0.178032382733681,4.66273359620987
"hk2",12.6933777322372,8,0.122844046148405,0.180383336613956,0.6730919032971
"elmsan1b",12.6589449957,8,0.124135477141065,0.182140943628594,0.191301022967226
"hivep3a",12.4630248901945,8,0.131709555607265,0.193107241985404,1.45325336718703
"htr2cl1",12.453700755304,8,0.132079742638535,0.193502844838218,0.854681051375798
"ctss2.1",12.4283610423251,8,0.133090308408252,0.194835318611322,8.30333608831762
"olfml2a",12.3816265828712,8,0.134971561947317,0.197439432044329,1.48643787123712
"fosl1a",12.3382841310199,8,0.136736641676129,0.199869784042136,0.367677334217532
"adgrl2a",12.3278665566178,8,0.137163827014983,0.200342317034005,0.612495426536517
"dab1a",12.3185828377553,8,0.137545480891959,0.200747681422934,0.929775877168984
"im:7152348",12.2726440553437,8,0.139447443874963,0.203369645832775,1.41603755339752
"ptx3a",12.2261944183683,8,0.141393394230155,0.206051749112425,29.4263796735114
"sulf1",12.1318762109873,8,0.145416173108655,0.211754064768495,1.29329318368106
"CU469539.1",12.1114534842134,8,0.146299951868701,0.212880231851211,1.35485590382845
"BX088707.3",12.0187382546685,8,0.150369784201424,0.218637212624695,1.19108329214924
"rhbdf1b",11.9714351493579,8,0.152482934050685,0.221542650225863,0.632004338458408
"foxq1a",11.9511293777433,8,0.153397726026222,0.222703927544093,2.04007800299144
"hivep3b",11.9001988284634,8,0.155712623154781,0.225894610566153,0.830658524339094
"gpc1b",11.8203784103558,8,0.159399886582436,0.23106991077514,0.837887817071214
"si:ch1073-185p12.2",11.7429932645063,8,0.163044506925287,0.236175664426712,0.630929134401309
"slc7a5",11.6812182482413,8,0.166003866497116,0.240281872827657,1.33062245534433
"znf804a",11.6296661889381,8,0.168507759123287,0.243723150479892,0.364282542801332
"CU929150.1",11.4729498706976,8,0.1763135602329,0.254821997098224,2.22760710751416
"dlgap1b",11.4264427414162,8,0.178686908987597,0.258058697024785,1.34183126148069
"mef2ab",11.422761626946,8,0.178875886668,0.258138255610707,1.96460838724835
"hsp70.2",11.3778704417356,8,0.181193785850112,0.261287673237857,0.272685953528595
"mtnr1aa",11.1991986495982,8,0.190665780058053,0.27474112402984,1.1861503766099
"si:ch211-66k16.27",11.1920033465319,8,0.191055566074822,0.275097185505793,0.466651143591119
"adamtsl3",11.101965324226,8,0.195988374739795,0.281989243655467,0.808187992264648
"plcl1",10.9907148223774,8,0.202225865030027,0.290746806694923,0.917736796712786
"tspan9a",10.9669893066763,8,0.203576655733875,0.292470784094568,0.569045150416036
"si:ch211-136m16.8",10.9230062694784,8,0.206100054317641,0.295875580584075,1.6261601062168
"si:ch211-160j14.3",10.7687846514158,8,0.215147468900759,0.308634166696922,2.09655309734527
"ttn.2",10.7363675673691,8,0.217089018501029,0.311187827263929,1.41803735799938
"nme2b.2",10.6883643116288,8,0.21998967218105,0.315111506660523,0.567699006512014
"vegfc",10.5507774188867,8,0.228474114671247,0.327021598430709,1.48703479819043
"itga2.2",10.5075955753179,8,0.231189498652599,0.330662725075824,0.784100095733012
"mfsd6b",10.333018654112,8,0.242425862277169,0.346476695678563,6.7029320005233
"zgc:153704",10.2999095532793,8,0.244603959995595,0.349330692497413,1.97639339031888
"hpn",10.2948248675132,8,0.244939795505373,0.349551388404411,4.09469658522596
"CR762483.1",10.2793890480424,8,0.245961490804865,0.350749818248358,1.24683997675064
"cyt1l",10.1961228607337,8,0.251529668524511,0.358425130018667,0.494471255017498
"ces2b.1",10.17546302792,8,0.252926112023661,0.360148850798832,0.774769494876198
"dpyda.3",10.1725675821187,8,0.253122295314777,0.360162203222797,0.442854179581474
"xpr1a",10.0694422312415,8,0.260185782494311,0.369939667145303,0.655835278675122
"chsy3",10.0629520732175,8,0.260635286332489,0.37030569789907,0.24097289360198
"adarb2",9.96762317622849,8,0.267305707067355,0.37950324243436,1.00419426713475
"mb",9.94856149991026,8,0.26865481311493,0.381137954146862,1.66260874785552
"col1a1b",9.87494915880942,8,0.273912825646631,0.388311711651989,0.773119451863749
"nrxn1a",9.85273877761487,8,0.275514288704146,0.390295039398672,0.966130115145274
"creb5a",9.79065711858943,8,0.280027624669128,0.396397401146901,0.86093541173268
"gfra4a",9.748830340544,8,0.283099191591309,0.400451387665477,1.32673398465033
"pax2a",9.71854931809337,8,0.285338366430699,0.403322852256883,2.5567511469737
"igsf9bb",9.70084719625911,8,0.286653400889937,0.404810073432777,1.73529671238856
"mafa",9.69873701017026,8,0.286810456591895,0.404810073432777,0.36021351304483
"ncam1a",9.62362737909772,8,0.292441858694272,0.412456403483948,0.810973544576838
"lamb2",9.60183986380162,8,0.294090395454323,0.414478276634455,0.661933846419697
"egr4",9.57371410291856,8,0.296228493088715,0.417186657907262,2.20215572774952
"adra1aa",9.55740507931224,8,0.297473446240773,0.418634163760737,0.571197218520269
"SRCIN1",9.55223638090109,8,0.297868789765617,0.418884775104384,1.04951958569194
"ccn5",9.43943422345432,8,0.306591499039318,0.430837033635427,2.46631571579447
"csrp1b",9.39807883808518,8,0.309834779684822,0.435077534764995,0.256393723011141
"col11a1a",9.39411403177644,8,0.310146996811079,0.435198988247279,1.15751683464282
"si:dkey-201c13.2",9.38898340524288,8,0.310551350978859,0.435449457954356,2.17268878074762
"ptprn2",9.33199844959522,8,0.315067621668631,0.441461028035698,1.45209272847472
"CR762400.1",9.31956812663334,8,0.316058907773535,0.442528376316177,1.34051978493606
"gp1bb",9.22312758435079,8,0.32382439654108,0.453072160037157,5.71695407936125
"aldocb",9.19045523220277,8,0.326485149963617,0.456463646939705,0.569660493500563
"nedd9",9.13586437053704,8,0.330964647564378,0.462391188771103,0.318037315427803
"msi2a",9.09826595736625,8,0.334074342154493,0.466397778185274,0.292232881702856
"vim",8.97468727770085,8,0.344435812478112,0.480515373703183,0.662401055479294
"trabd2b",8.96875977107542,8,0.344938205321405,0.480812857875858,1.58179059341741
"dusp2",8.96628835084061,8,0.345147819139102,0.480812857875858,0.335706491054473
"CR376857.2",8.92173951347652,8,0.348940918505861,0.485745913992274,1.2574195145302
"CU179759.2",8.85818033225067,8,0.354400701194886,0.492990297188846,0.874466014143582
"zgc:113625",8.84185757799402,8,0.355811930394111,0.494596540591093,1.28017663463338
"sema7a",8.8113801751273,8,0.358456857421147,0.497914136244937,0.492896033342937
"si:dkey-65b12.6",8.74743392776825,8,0.364048177335066,0.505316692514045,0.409053444741557
"oit3",8.73696603686899,8,0.364968850596578,0.506230175503743,1.45121607835625
"alcama",8.72012134117258,8,0.366453548346875,0.507923484515828,0.787243853846762
"ppp2r5b",8.71710319229443,8,0.366719981900343,0.507923484515828,0.812613736620827
"nes",8.71415923866475,8,0.3669799864785,0.507923484515828,1.00826465303398
"bcl11ba",8.65830567679893,8,0.371935420251693,0.514412833748397,1.11595391331817
"tmtc1",8.62779974653503,8,0.374659997920472,0.517809660208366,0.905531127760304
"hsp70.1",8.52736827583799,8,0.383719232520955,0.529950344054729,0.450540439507717
"gfra4b",8.4705123789546,8,0.388908141031229,0.536732208953622,1.06752982662648
"chl1b",8.42088210839189,8,0.393472934598,0.54264364657006,1.59123178882159
"olfm1b",8.38063651398287,8,0.397198570287031,0.547390166914507,1.66960618679037
"rdh10a",8.35938735207048,8,0.39917428220704,0.549720011496552,3.36856748139299
"si:ch211-1e14.1",8.31189592771014,8,0.403611375127856,0.55543378390186,0.536472547405269
"sema5ba",8.24168461872186,8,0.410224965587905,0.564132477641569,1.28502619870435
"ctnna2",8.19074609325713,8,0.415062909733721,0.57037868137321,0.678801132749354
"shisa9a",8.17610512846137,8,0.41645958512923,0.571890370462362,4.4062476846664
"usp43a",8.17132621570916,8,0.41691605974342,0.572109724687056,1.75779275254295
"abhd15a",8.10809434861264,8,0.42298305923312,0.580022288905729,1.69481195486802
"samsn1a",8.10288230216834,8,0.423485390437732,0.580298388602663,14.2086335727646
"CR318653.1",8.08411305219079,8,0.4252971624608,0.582325027400882,0.517207377665595
"BX072554.1",8.0813065743227,8,0.42556844585469,0.582325027400882,2.79103466769583
"znf536",8.04424587802181,8,0.429160028043383,0.586823073806839,1.1826165755615
"FRMD5",8.01405568406602,8,0.43209832082179,0.590068121126949,1.89619816267904
"ahrra",8.01357365899707,8,0.432145325223678,0.590068121126949,2.12400447504944
"coro1a",8.00092328058467,8,0.433379936377977,0.590950177059717,0.5392515082028
"prss35",7.9982808249491,8,0.433638073285364,0.590950177059717,1.06278870900384
"bmf2",7.99753609018932,8,0.433710840528786,0.590950177059717,1.38251854592594
"palmda",7.98297689434553,8,0.435134762018557,0.592471625121312,4.18822463776412
"eva1a",7.93974944429352,8,0.439377649911759,0.597826470733854,0.4833344517107
"muc5.1",7.93477512010078,8,0.439867339001318,0.598070683776123,1.73534660746015
"RTKN",7.90136138258705,8,0.443164378891001,0.602128909444573,0.184934164722118
"egr3",7.84481994241469,8,0.44877368956887,0.609077230002224,2.32376909600457
"apof",7.84344927157775,8,0.448910136842925,0.609077230002224,1.29966567048081
"col12a1a",7.81625992544276,8,0.451621307322761,0.612324810491057,0.429766679855935
"alcamb",7.79368549627554,8,0.453878824639463,0.614953179132034,1.07570348543285
"atp8b2",7.78066760074392,8,0.455183329189806,0.616287541206423,2.12340647871192
"chrm3a",7.76880516727695,8,0.456373740174557,0.617465663899331,1.67467843144255
"cyp26c1",7.7092800881945,8,0.462371323743556,0.625141593392409,3.40972657481852
"pcdh18a",7.63288921097787,8,0.47012631999279,0.634779504333378,1.52306057039712
"CR847947.1",7.63257585236399,8,0.470158263583021,0.634779504333378,0.914333715799496
"negr1",7.60701972344155,8,0.472767032629371,0.637855030727381,0.642865476277404
"KCNMA1",7.59486392304481,8,0.474010375469837,0.639085317416676,2.41090024201352
"TCERG1L",7.54672632768914,8,0.478949598346175,0.645293379183386,1.3714506699933
"col27a1b",7.53741345881856,8,0.479907992549678,0.646133107287555,0.714384306328526
"rtn4r",7.47653948857058,8,0.486194847432962,0.654140729833043,0.481042178441901
"tcnbb",7.38094182133726,8,0.496143944195459,0.667061035152611,0.447966837997001
"st6galnac5a",7.34704698199058,8,0.499693145702634,0.671364728163539,1.12713222509179
"myo10l3",7.31918674627969,8,0.502618729955914,0.674825147183149,0.161892082583407
"vwf",7.26050536985612,8,0.508804747428894,0.682655221324223,0.613180640385376
"CU179643.1",7.24942727856475,8,0.509976143812413,0.683751046780482,0.929905670708752
"pcdh7a",7.23421633966503,8,0.511586368415602,0.685433299725699,2.37507170863289
"wu:fj16a03",7.21605956294042,8,0.513511174040898,0.687534405243647,1.31649750675228
"grm6a",7.2107119709973,8,0.514078637184509,0.687816524976914,2.39942134168766
"cyp26a1",7.18450662727137,8,0.516863102412618,0.691062455930324,1.5603529449977
"pvalb2",7.14388247869326,8,0.521191513722615,0.696366762617603,0.206323449503974
"tbx2a",7.00466530063628,8,0.536129399827643,0.715829281764332,1.69899959319674
"srrm4",6.97621456138896,8,0.539201110290396,0.719432346463587,0.911953477398481
"slc2a11b",6.96430550295375,8,0.54048870817046,0.720651610893947,0.35940987651294
"pex5la",6.93456054839396,8,0.543709325093816,0.724444767644006,7.84488239265804
"cadm4",6.88416429701338,8,0.549180608933184,0.731229429574019,0.552287469306695
"slc29a1b",6.8778287738374,8,0.549869698719319,0.731641669517492,0.799954492368198
"myo16",6.84866664713727,8,0.553045115660912,0.735359298616716,1.11477181015515
"klf7a",6.80242553199756,8,0.558091942746126,0.741558418755707,0.296787223753702
"scn1lab",6.75449798872681,8,0.563337366033813,0.748012700904402,1.19002092444353
"thbs1a",6.7193453113375,8,0.567193626012278,0.752614804509066,6.12160850745018
"thy1",6.69598743907293,8,0.569760027092895,0.755500228497319,0.247663488059166
"epha4b",6.67329610441587,8,0.572256179536297,0.758288600787615,0.976335004559917
"bscl2l",6.64055848970832,8,0.575862485584521,0.762543181460822,1.25319429099611
"CR847968.1",6.62324833268828,8,0.577771654989354,0.764546157048369,1.07358762370055
"asip2b",6.60605907179009,8,0.579669029890273,0.766530788496877,1.5740780908857
"tnn",6.55325177739483,8,0.585507172693557,0.773720239172842,0.650660747259463
"zbtb20",6.53652883013609,8,0.587358756975205,0.775635399622051,0.394416269968676
"BX294178.2",6.50270465261527,8,0.591107658175251,0.780051721397594,1.05965056740831
"parvb",6.49825997092899,8,0.591600655258185,0.780168305976594,6.79012215400223
"osr1",6.47179334211318,8,0.594538008368643,0.783506001459155,0.981268013211672
"CR762407.2",6.46666545600413,8,0.595107450300205,0.783720740559286,0.668975282029102
"reep2",6.46197743759386,8,0.595628137993621,0.783871023926076,1.29904167021113
"st6gal2b",6.43466791641927,8,0.598663054180584,0.787327672892337,17.1461317028077
"CR925763.1",6.37170405697781,8,0.605670651033269,0.796000692019183,1.47752106525833
"cpne9",6.33843665920963,8,0.60937849304409,0.80032815707698,1.57690794203053
"slc22a7a",6.24787142143573,8,0.619488307526324,0.813052046909974,0.354899565055408
"s100a11",6.20589274113635,8,0.624180942279616,0.818653644023878,0.571172367111743
"AL844518.1",6.19054512552739,8,0.625897442823735,0.820346886311463,14.2767290187209
"fstb",6.18565308851012,8,0.626444662370208,0.820506324082718,2.92612696743318
"BX005058.2",6.13607245362695,8,0.631992804722774,0.827211220302449,1.34909441065485
"rab11fip5a",6.07961924686708,8,0.638313648828859,0.834917717057015,2.52616571111778
"nmur3",6.0421834546775,8,0.642506576437889,0.839832324998136,1621.62945161707
"slc2a1b",6.03669754256807,8,0.643121073551288,0.840066009354257,0.456958290434408
"anxa1c",5.9901436247265,8,0.648336007357844,0.846304551243008,1.7372323055407
"lrrc4ca",5.98407719332574,8,0.649015569688077,0.846507365831802,1.68258288750572
"si:ch211-121a2.4",5.98091765938959,8,0.649369498996491,0.846507365831802,1.23550785249887
"tbc1d10c",5.94217637543179,8,0.653709041220526,0.851588534779172,1.0419336661926
"slc43a2b",5.90042678404532,8,0.65838462174015,0.857100304331539,2.10684982636875
"CABZ01070258.1",5.82238788185936,8,0.667119313628835,0.867885314896352,0.651354066957572
"lmo1",5.8152531095461,8,0.667917442217483,0.868337713145858,1.1890667490015
"CR382372.1",5.74154512923257,8,0.676156805700598,0.878457089885952,9.55636079727024
"carmil3",5.73677862265067,8,0.676689197286713,0.878556749069888,1.21076513225598
"stc1",5.70751438335121,8,0.679956528702181,0.882204702111578,2.55551878914171
"kcnd3",5.68147247934357,8,0.68286203703903,0.885378619644418,2.19376887964844
"agbl4",5.61713396110711,8,0.690030844261283,0.894072222940694,0.845375218688474
"rab44",5.60799800021846,8,0.691047593879272,0.894788288112314,0.699820166644477
"si:dkey-286j17.4",5.55531532798114,8,0.696904116284228,0.901765863218787,0.359237738403916
"cxcl8b.1",5.52662693542151,8,0.700088201053082,0.905278371314784,4.58541374522854
"wfdc1",5.52181217679373,8,0.700622208120054,0.905361673763716,1.16160060364623
"MFAP4.3",5.44909850755851,8,0.708672693342147,0.915151341435807,1.68833665206887
"irs2b",5.44067505645838,8,0.709603464931494,0.915739946712129,0.553357325954654
"zgc:195170",5.40947801363927,8,0.71304710424348,0.919110770500196,1.94284754401855
"si:dkey-5n7.2",5.4083733260022,8,0.713168938105961,0.919110770500196,3.93973224761766
"si:ch211-266k2.1",5.37510036071174,8,0.716835031737598,0.923218397588569,3.25216023944599
"tmem200a",5.33574296431916,8,0.721162344365979,0.928171562041127,2.33824846747261
"CR513789.1",5.32592053832703,8,0.722240687246553,0.928939322889496,2.09754240787697
"BX294178.3",5.26561248859022,8,0.728846445898623,0.936782439995983,0.862560590233305
"selp",5.26136753493267,8,0.729310395453304,0.936782439995983,0.629860001820341
"CR533571.1",5.22397819751064,8,0.733390771944709,0.941396410325832,2.32536907871315
"tenm1",5.20789121853612,8,0.735142930402833,0.943017677855397,0.178686319617602
"ccl25b",5.19739265626534,8,0.736285258491862,0.943855038811376,0.87734353364071
"gyg2",5.18803737925071,8,0.737302408434336,0.944530925887973,4.96699601720208
"CABZ01077176.1",5.15108564688675,8,0.741312608678647,0.948785268508716,2.94905903871663
"si:ch211-160j14.2",5.14452944089569,8,0.742022866419113,0.948785268508716,1.43913320730658
"isl1",5.14382017195144,8,0.74209968097051,0.948785268508716,1.27135020245911
"syt6a",5.10985879423573,8,0.745772351316849,0.952823649683208,1.17981535864006
"ptgs2a",5.10546487467918,8,0.746246738081765,0.952823649683208,1.09101630061234
"si:dkeyp-97a10.1",5.06435017741691,8,0.750676680695283,0.95784555948412,3.01642303282901
"prlra",5.03099745402459,8,0.754258001977221,0.961778722097938,5.93237056899721
"BX649276.1",5.00439872612862,8,0.757105887413761,0.964159476523359,0.990902935960899
"lama5",5.00421781215406,8,0.757125232083177,0.964159476523359,0.733084853841982
"hapln1a",4.96325910137796,8,0.761495744585047,0.969085013570937,1.0137896650154
"aspn",4.91753598172252,8,0.766352568987386,0.974622528369182,3.83705620524032
"BX323830.1",4.90538717701868,8,0.767638992414645,0.975615014749793,71.7532829785715
"CABZ01069040.1",4.82766392227141,8,0.775826878815503,0.985371687981745,1.34453641874724
"ppp1r1c",4.7899665693255,8,0.779770816040516,0.98972885669922,0.491938120905468
"f13a1b",4.75794425961179,8,0.783106332694093,0.992815986754842,0.1998234260721
"CR392045.1",4.7567261275811,8,0.783232943907735,0.992815986754842,9.96218250978075
"lpar3",4.73726450194842,8,0.785253014572103,0.994296996168031,1.6787227170592
"sorcs2",4.73553055803147,8,0.785432741267589,0.994296996168031,1.84118558604257
"cdo1",4.72307932315948,8,0.786722110493894,0.995275740834795,3.28704663866146
"nrxn3a",4.70635477835336,8,0.788450579462716,0.99680833915024,0.463903791129016
"lhx8a",4.65733486649789,8,0.793493679266926,1,1.40021434629264
"pvalb3",4.62961680716051,8,0.796329648747644,1,0.509095576191732
"si:ch211-244b2.4",4.62309901660835,8,0.796994839044194,1,1.37412176111449
"cryba4",4.6100466203204,8,0.798324992275171,1,10.3621264504741
"btbd11a",4.60659588552629,8,0.798676216383985,1,0.246521586894589
"fabp7a",4.60646500494337,8,0.798689534121424,1,0.270254514731135
"runx3",4.60058944273083,8,0.799287129229975,1,0.966645539868213
"CR848833.1",4.5620473023833,8,0.803193848221527,1,1.06754321829627
"il1b",4.55160622825544,8,0.804248135355297,1,1.20012575934995
"pag1",4.53193782292273,8,0.806229387764655,1,0.67882908788176
"bmp7b",4.50344116740598,8,0.80908873053183,1,0.589424694406123
"gdf11",4.49352652486695,8,0.810080408703449,1,0.627109098095169
"mthfsd",4.47155053834912,8,0.812272594260726,1,0.735559840718619
"rundc3aa",4.46420765123523,8,0.813003248853924,1,2.29291084694042
"ccl39.7",4.46195434073475,8,0.813227279988037,1,2.10511818329039
"BX248108.1",4.44854127611227,8,0.814559043819822,1,3162.71807884565
"si:dkey-246g23.2",4.43741748763852,8,0.815661149895257,1,0.330421379300959
"dub",4.4350823011992,8,0.815892238694677,1,1.23685122924573
"CABZ01087948.1",4.43064937226218,8,0.816330656990014,1,1.3200551620726
"laptm5",4.42702764964577,8,0.816688591353292,1,1.86158448338318
"si:ch211-175m2.5",4.42663511162767,8,0.816727372014654,1,1.15765779777249
"he1.1",4.42559452881912,8,0.816830162949988,1,1.1146958939671
"CR925802.1",4.40870544574361,8,0.818495832003943,1,1.1261854610787
"kidins220a",4.37985710010197,8,0.821329215402417,1,0.333687069360084
"celf5a",4.34918652816276,8,0.824325028352577,1,0.567127569861223
"cfap43",4.33667001251757,8,0.825542629205103,1,0.890372295028143
"ankef1b",4.30799101679572,8,0.828321463498077,1,2470.04144695165
"dapk2b",4.29756919321128,8,0.829327428495591,1,1.26562301624271
"cd7al",4.29686385359959,8,0.829395436501261,1,0.746450293456344
"csf1ra",4.28291342612245,8,0.830738561468169,1,1.43977485232012
"sned1",4.27356834596374,8,0.83163619506664,1,1.76549999355313
"fabp11b",4.27160650941702,8,0.831824422916829,1,2.65336605460907
"ca14",4.2088533180993,8,0.837805367135898,1,1.11959544593382
"BX001047.1",4.20430497892568,8,0.838235816134465,1,1.92625445539591
"cers6",4.18967556887769,8,0.839617485501764,1,3.20030954516967
"lrrc38b",4.16981689058966,8,0.841486047888993,1,2.18994045622725
"cdh24b",4.13247530845486,8,0.844977551325323,1,2.08564352075789
"zgc:152977",4.10564993027612,8,0.847467698961744,1,3.88908755994022
"C11H3orf14",4.07475337941611,8,0.850316714163001,1,0.582163932422316
"si:ch211-197h24.8",4.05641437699305,8,0.85199800238008,1,4.00523663681031
"hmox1a",3.97889552394273,8,0.859022539834325,1,0.387195153383359
"rflnb",3.95804416596713,8,0.860888872700929,1,0.996485376771198
"rca2.2",3.95263504512063,8,0.861371393053594,1,0.45195020831635
"CABZ01072077.1",3.93036608094348,8,0.8633507607078,1,1.36293891718677
"itga3a",3.92209173619569,8,0.864083280390018,1,5.9096378783791
"ank2b",3.89605119541205,8,0.866378128690118,1,0.219526676810005
"ccdc141",3.8861137117072,8,0.867249650893355,1,0.447770509350441
"mmp17b",3.88123585942621,8,0.86767658087956,1,0.732589837112654
"rgs13",3.87912548959294,8,0.867861113285522,1,0.951931840411495
"CR352265.3",3.81583665967758,8,0.873345226261806,1,3.94232240483364
"gpr143",3.81391977939324,8,0.873509805673503,1,0.958186467901368
"cacng4a",3.79137723802837,8,0.875438460116607,1,3.82448299073785
"dct",3.75172513689329,8,0.878800242054024,1,2.40030029726258
"si:ch1073-475a24.1",3.73627447381068,8,0.880099464699006,1,1.34359577310604
"pdgfrl",3.7050343372974,8,0.882707825577972,1,7.34740345864095
"adgra1a",3.70104781717547,8,0.883038875224182,1,1.46238269750392
"lpin1",3.68179043119339,8,0.884632271788585,1,1.31716147557357
"ccbe1",3.67684684895202,8,0.885039763507268,1,1.50815585458417
"si:ch211-255i3.4",3.67364316273441,8,0.885303498825645,1,1.84517591994271
"BNC1",3.66988470171532,8,0.88561256368819,1,11.701959196346
"ca2",3.65020023513613,8,0.887225219974705,1,0.760468385453652
"ncam3",3.61782668475007,8,0.889855248128469,1,0.831441960935329
"pde4cb",3.61103169986761,8,0.890403743538791,1,1.00260094946229
"foxd5",3.60639938392459,8,0.890776961227723,1,2.16919560762299
"plxna4",3.56604990761576,8,0.894003499486653,1,0.704169998560422
"FO834823.1",3.54980031192149,8,0.895290466878905,1,2.78465570928001
"BX510306.1",3.54893593064967,8,0.895358724594959,1,1.22406945375517
"rbfox1",3.51370115804694,8,0.898123705819593,1,0.419549005798782
"VSTM2B",3.51202661861164,8,0.898254262592716,1,5.53726346287177
"tnnt2a",3.48384977927225,8,0.900439447163508,1,1.46078774946231
"CT009597.1",3.48290682971076,8,0.900512193841815,1,8.95129342777704
"si:ch211-222n4.2",3.4714672058435,8,0.901392761676445,1,2.37774639463268
"nfatc2a",3.46414330704491,8,0.901954599207438,1,0.384549097565126
"mitfb",3.4564653793807,8,0.902541980366813,1,0.994817109393415
"BX511025.1",3.44815562122452,8,0.903175830891986,1,0.868185427833602
"irx4b",3.4433161000865,8,0.903544082813977,1,2.85059908411167
"foxl2a",3.44085593140739,8,0.903731030164558,1,1.2670206262494
"RNF14",3.41645405067679,8,0.905576042269966,1,1.47544664686868
"cacna1g",3.40018769481748,8,0.906796527254021,1,0.826481550867652
"si:ch211-63i20.3",3.37527990876037,8,0.908650713742347,1,0.736358903004207
"BX649313.1",3.36902033051759,8,0.909113884748747,1,2.529672942693
"sprb",3.36770804805723,8,0.909210842430269,1,23.615999705775
"unc5a",3.36319479079532,8,0.909543923769912,1,0.496979744194588
"CR854927.3",3.31728927855884,8,0.912898200313963,1,34.6208487737389
"mcama",3.30836410807882,8,0.913543215745226,1,1.19108740545151
"csf1rb",3.30099908793519,8,0.91407372012609,1,1.14368941275186
"AL772219.1",3.26956080101088,8,0.9163202561847,1,13.3260820771171
"nectin1a",3.26584344142073,8,0.916583961081413,1,2.69826904474079
"tyrp1b",3.24700371726874,8,0.917914115023782,1,1.29292598313184
"hsp70.3",3.23681275234808,8,0.918629227905647,1,0.284670697334436
"si:ch73-93k15.5",3.21979973154604,8,0.91981613313039,1,9.63750924062016
"mxra5a",3.20690976125536,8,0.920709614039439,1,11.889437122989
"adgrf3b",3.17513105132578,8,0.922890990655929,1,2.73317399895189
"asic2",3.13943037434099,8,0.925305048910012,1,0.410523702693052
"galnt18b",3.13861846294491,8,0.92535949804612,1,0.468753493178006
"pitx3",3.13340556958693,8,0.925708609708768,1,6.83097548558305
"CABZ01087025.3",3.11673530863764,8,0.926819445062005,1,3.1562271032004
"si:ch73-139e5.4",3.11498294536522,8,0.92693572000472,1,21.7141086452885
"BX927333.1",3.06516158889142,8,0.930201939771174,1,0.487567866838396
"rbp1.1",3.05488000499424,8,0.930866427064004,1,1.714303786474
"sgip1b",3.03891217939457,8,0.931891894778335,1,0.38107083832977
"adgrl1a",3.03198263262473,8,0.932334445068227,1,0.458133141010451
"vax2",3.01083987548747,8,0.933675442991172,1,7.84112606254469
"her15.2",2.98197839204821,8,0.935483397617366,1,0.826554098907436
"olfm2a",2.97669862554843,8,0.935811302478618,1,0.878013435222993
"cpne5b",2.96913082917065,8,0.936279776215304,1,0.687688253370071
"si:dkey-238i5.2",2.94464258671315,8,0.937783298252968,1,0.592815196585477
"CU972454.5",2.94126078739981,8,0.937989442937681,1,1.89226834412034
"arl11",2.93517042912502,8,0.938359779958919,1,4.07713908810421
"shtn1",2.9001337238587,8,0.940467392644962,1,2.3446523740934
"tnc",2.89972737506506,8,0.940491607318319,1,0.486823555701227
"zgc:123103",2.86623662673204,8,0.942469243640929,1,2.75359963471684
"hpse2",2.86619631650971,8,0.942471602380126,1,1.13241129183326
"CR855379.1",2.85845900596216,8,0.94292338572064,1,7.13160578836952
"tirap",2.81891027139928,8,0.945202670041951,1,1.48991110422043
"AL929378.2",2.81032782268479,8,0.945690661266686,1,0.422568585611107
"kcnt1",2.80563617991294,8,0.945956422172848,1,2.23065197097395
"sdk2a",2.80458425282674,8,0.946015911937315,1,2.26792162795015
"tmtopsb",2.7850784818015,8,0.947112562875292,1,104.898756972467
"RNF224",2.78400623918081,8,0.947172490577814,1,2.61324171809274
"creld1a",2.77778817141143,8,0.947519287178921,1,0.987386460070985
"foxg1d",2.76434364911899,8,0.948264851685962,1,29.3969477593892
"si:dkey-85k7.7",2.76364797304957,8,0.948303271380535,1,0.30815057152618
"six3a",2.74584973069372,8,0.949280881132993,1,0.810920902970575
"CR556696.1",2.73621843125367,8,0.94980562683918,1,5.08526312360674
"tspan33a",2.73355098666032,8,0.949950426841483,1,5.19795356438723
"cyp1c2",2.72308427659509,8,0.950516375477418,1,1.01445430202832
"mc5ra",2.71920026320008,8,0.95072548542073,1,2.08111001296107
"si:ch211-1a19.3",2.7141150348003,8,0.950998527281872,1,0.382840630357529
"si:ch73-315f9.2",2.70315264514196,8,0.95158427748828,1,2.64352643078467
"ptprc",2.69784933130658,8,0.951866247393674,1,0.799702548353401
"si:ch211-237l4.6",2.68692496865135,8,0.952444200873791,1,0.835525753407797
"scn1ba",2.67630119457482,8,0.953002530904815,1,1.27977029979408
"syt5b",2.6758655260028,8,0.953025349021345,1,2.02128892540965
"si:dkey-178k16.1",2.66490566986858,8,0.953597339259623,1,1.34025107210566
"rasgrp2",2.63266519083503,8,0.955257283982415,1,2.46405605243466
"mogat2",2.6238431936816,8,0.9557055951931,1,2.8001963757008
"rcn3",2.62122142375874,8,0.955838337764979,1,0.326406164310871
"stxbp4",2.57836265901203,8,0.957976526507555,1,2.08177665953651
"klhdc8b",2.57532754582311,8,0.958125673257026,1,1.58216528778282
"lnx1",2.56529944457796,8,0.958616320390776,1,0.859854003568328
"vwde",2.54989600202508,8,0.959363573888431,1,3.75342767876019
"arhgap45b",2.48445370977484,8,0.96245195045152,1,1.42030962396858
"crygn2",2.44318471146904,8,0.964327671719668,1,8.79866370928891
"si:dkey-189h5.6",2.44058539654184,8,0.964443954315745,1,25.9620172945985
"cryba2b",2.43383257141693,8,0.96474501871174,1,7.43890519297079
"cxcr4b",2.42505992051355,8,0.965133915173727,1,0.421830785333241
"FP102806.1",2.41743120667191,8,0.965470062644474,1,1.28671253989019
"znfx1",2.39307065118988,8,0.966530790446845,1,5.53882269004807
"cox6a2",2.38017677470213,8,0.967084415215501,1,3.28869568512152
"si:dkey-65b13.1",2.38006200170445,8,0.967089318965936,1,0.570209839132879
"zgc:171686",2.37877519991591,8,0.967144269105143,1,0.687275250454803
"zgc:162297",2.35738110907887,8,0.968049979805952,1,1.17302456463934
"cmya5",2.34019073271095,8,0.96876696864868,1,0.734659483123228
"kcnd2",2.32303356547226,8,0.969473026833824,1,1.43369544098556
"si:ch211-264f5.8",2.27427153444312,8,0.971427762099274,1,33.5957154426095
"si:ch73-18b11.2",2.26085735748894,8,0.971952058235635,1,3.24623111784218
"lzts3b",2.25964124092873,8,0.971999304350621,1,8.32320926222318
"mmp30",2.25322091153052,8,0.972247946404999,1,1.70104678266163
"micu3b",2.24694944082257,8,0.972489545512231,1,194.4280221897
"CU929568.2",2.24341903744111,8,0.972624993797854,1,2.41573766681611
"nmu",2.22086776591346,8,0.973480776118318,1,1.53828597459942
"lect2l",2.22071033599334,8,0.973486693093528,1,0.462615600630331
"ntn1a",2.20600881020639,8,0.97403575667572,1,0.452991265739558
"CT025912.2",2.19236594969978,8,0.974539111069038,1,2.15390012492039
"fkbp16",2.17506591912823,8,0.975168873726079,1,0.964704476898572
"si:dkeyp-41f9.4",2.16164216316978,8,0.975650978868276,1,2.32425990400292
"CR318607.1",2.12638834084759,8,0.976889932639538,1,1.53605216560527
"CABZ01059403.1",2.12433399733325,8,0.97696092044591,1,0.550367987170823
"erbb4b",2.11641076145134,8,0.977233463393286,1,0.75383388963225
"apoea",2.09853255442605,8,0.977841188708429,1,4.38366004013436
"BX842669.1",2.09343469157113,8,0.978012641118966,1,2.25272361613582
"pfkfb3",2.09012840405027,8,0.978123403890197,1,0.198621009390688
"s1pr5b",2.08223834269497,8,0.978386344604169,1,3.33818831378871
"tyr",2.0718285463599,8,0.978730282295638,1,2.06362286759078
"mmp9",2.06231310316792,8,0.979041715895343,1,0.880129132380968
"FAM135B",2.05853737432777,8,0.979164511987184,1,2.39216011419373
"EML6",2.05798695173758,8,0.979182376087113,1,0.847919043085382
"cpne4a",2.03226545370813,8,0.980006693469199,1,0.55528665602588
"card11",2.01619206223472,8,0.98051142502399,1,4.16214101762282
"cdh7a",2.00766188111005,8,0.9807760553335,1,315.943164522562
"foxf2b",1.9996019105999,8,0.981024044770274,1,0.519135391181704
"adrb3a",1.99560346253418,8,0.981146329922265,1,0.630028160297462
"ildr1a",1.99532166253851,8,0.9811549297809,1,8.22299908083358
"npr3",1.9732586851719,8,0.981820704964142,1,0.496961318757807
"adora2ab",1.97178508490514,8,0.981864643570228,1,12.995842403079
"camk2d1",1.96340848984735,8,0.982113155211824,1,0.677334551446466
"cebpa",1.95342656945853,8,0.982406510741143,1,0.771158644390133
"gdf7",1.94458182838902,8,0.982663924490991,1,4238.89196324764
"si:dkey-10f21.4",1.94268193841106,8,0.982718909586154,1,1.33920442071288
"aplp1",1.94112729751304,8,0.982763821681989,1,0.47761855111083
"trim35-31",1.93608994296933,8,0.982908845164083,1,0.787098832065623
"akt3a",1.91683085807308,8,0.983456265831171,1,0.186650540448157
"spi2",1.91620330132949,8,0.983473916186621,1,0.835693726938596
"CT955962.3",1.90655282574238,8,0.983743856250695,1,2.87279849220971
"prom1b",1.88632595529152,8,0.984300619128657,1,3.01426947550432
"tppp3",1.87566777985343,8,0.984589104164019,1,5.57223319052016
"CR385065.1",1.87237711348251,8,0.984677493170357,1,4.60766859661618
"slc45a1",1.86598100771789,8,0.9848483806787,1,2.82844229535815
"pdlim3b",1.8479580950849,8,0.985323425380537,1,0.479948415982539
"chodl",1.84079255382201,8,0.985509644824156,1,16.7303430243878
"ca10a",1.83131842922478,8,0.985753555902522,1,0.793045313045279
"sema4ba",1.82761194529752,8,0.985848266836577,1,0.319681982081056
"grm3",1.82635091299916,8,0.98588039851492,1,1.03629689217021
"zgc:92912",1.82214525484459,8,0.985987226275669,1,1.9108057978095
"asb5b",1.81918473506265,8,0.986062118123517,1,3.43874061649792
"zhx2b",1.8100786875101,8,0.986290879408871,1,2.14845977020519
"BX511021.4",1.79798233015996,8,0.986591055364132,1,4.69470782150356
"acsl5",1.78235756467248,8,0.986972557143848,1,1.34720207240977
"fam222a",1.74397109347961,8,0.98788023516702,1,0.880169343461083
"igsf21a",1.72827498335899,8,0.988239380528989,1,0.23479336710291
"twist1a",1.72265111511786,8,0.988366379924868,1,0.746626361089777
"tdrd7a",1.72091901560739,8,0.988405316483813,1,3.58998595929481
"dapp1",1.70472882363203,8,0.988765220351253,1,0.784364083354616
"dlg2",1.68704303571133,8,0.989150068454662,1,0.207311891913005
"lzts1",1.66876532055767,8,0.989538758538849,1,0.53763453506394
"fam161a",1.66277424088781,8,0.989664177120317,1,62.9870467799514
"fmnl1a",1.65977569898461,8,0.989726582535765,1,0.692555690018374
"lpar5a",1.64174631839689,8,0.990096672845275,1,4.82988570496459
"FP236476.1",1.63789505156236,8,0.990174591078298,1,0.526379257533492
"sfrp2",1.62755442538117,8,0.990381831341856,1,0.797624719189034
"kcnn2",1.58816203381398,8,0.991145248985525,1,0.786229057820946
"cabp7b",1.5836475272974,8,0.99123012711553,1,2.47902949384877
"si:ch211-250g4.3",1.56506981281401,8,0.991573818961586,1,0.817252584014522
"cdc42ep3",1.55096552880165,8,0.991828783966962,1,15.3967819192643
"slc25a15a",1.53989184175686,8,0.992025384262601,1,0.789320959905211
"FP015810.1",1.53947704717736,8,0.992032687556523,1,2594.21621937076
"rlbp1b",1.50168417560724,8,0.992679829662471,1,1.87056269276345
"si:ch73-56d11.5",1.493769091044,8,0.992810824995407,1,0.912760122933951
"cryba1b",1.49172718862232,8,0.992844366095105,1,36.6067382099638
"otpb",1.48686842607758,8,0.992923762819283,1,0.429832045817002
"CABZ01057381.1",1.47791978647714,8,0.993068466780348,1,5.22013628464115
"wbp2",1.47003578128558,8,0.993194324358683,1,0.649307606313342
"rims2b",1.46242248088418,8,0.99331441818933,1,0.724672700178333
"ptpro",1.43892987573451,8,0.993676137231791,1,516.091065789594
"syk",1.43090800134715,8,0.993796612884611,1,0.488248696487179
"glipr2",1.42332748468391,8,0.993909050971531,1,1.87723627432882
"zgc:162160",1.42019784047282,8,0.993955073810679,1,3.60617016684194
"CR788236.1",1.4155111163441,8,0.994023561165393,1,0.473483682751802
"ifi46",1.41258498169179,8,0.994066058248044,1,1.36117576665468
"plxna1a",1.38275916151646,8,0.994487808454101,1,0.0850157312213943
"ENSDARG00000094627",1.37908577262728,8,0.994538325780372,1,517.478464054354
"BX908750.1",1.37505751296357,8,0.994593367106026,1,0.931036664235621
"arl13a",1.37191374163746,8,0.99463606472736,1,0.798089584197944
"CR385041.2",1.36924451287587,8,0.994672139997297,1,1.61824127075909
"si:ch211-274p24.2",1.3561869457746,8,0.994846280914166,1,1.59148753355917
"BX537130.1",1.34961786150837,8,0.994932430859099,1,0.744060922096727
"si:dkey-185m8.2",1.34895236381208,8,0.994941104331089,1,0.247662851833069
"si:dkeyp-68b7.12",1.34228367766819,8,0.995027469427499,1,1.09467667109052
"CT583650.1",1.33237466195154,8,0.995153966162635,1,0.979966988133433
"TENM2",1.32953061985819,8,0.995189869936708,1,0.30661347705256
"KCNB2",1.30226759206492,8,0.995525025221332,1,0.496422178667494
"cbfb",1.29852993117911,8,0.995569712167648,1,0.0964017117587435
"hs3st4",1.29591439795492,8,0.995600803838514,1,0.597690378631246
"nrg1",1.28671741195143,8,0.995708964277517,1,0.364487645340986
"AL953865.1",1.27501837797964,8,0.995843940955792,1,5.32698722957944
"islr2",1.27255812061734,8,0.995871956663147,1,1.14992805939011
"gfi1ab",1.26829309225477,8,0.995920221353037,1,43.1915595211944
"eps8b",1.26620770967907,8,0.995943681029513,1,8.2166538494461
"si:ch211-171h4.5",1.25480650206133,8,0.996070330607836,1,0.685970417481184
"col6a3.1",1.2325126089031,8,0.996310201426114,1,1.27746443072757
"CU633785.1",1.22497442194722,8,0.996389008092473,1,6.11565093006197
"CABZ01058647.1",1.21625774192662,8,0.996478702676593,1,6.89281995282094
"pygl",1.21083917886478,8,0.996533690503127,1,1.04180867750139
"atp1a3a",1.20557227025198,8,0.996586577586842,1,0.516748186309745
"ablim1a",1.19354638261765,8,0.99670527332539,1,0.342883165753666
"RIMBP2",1.19304917047892,8,0.996710119462228,1,106.758168521793
"SYNDIG1",1.18857339036831,8,0.996753525051466,1,186.235368009441
"gfra1b",1.16713029954198,8,0.99695607761563,1,20.7782395806801
"si:dkey-31j3.11",1.15626807615428,8,0.997055314539414,1,2.83996146863902
"BX322792.1",1.12811111874805,8,0.997302223958273,1,2.35836313018984
"paqr5a",1.11420254507112,8,0.99741878745582,1,4.26294756961603
"itgae.2",1.10780776075828,8,0.99747120213933,1,3.29091271573468
"CABZ01056321.1",1.10623380023661,8,0.9974839901657,1,2.14721502089093
"CR352292.1",1.103107929655,8,0.997509255361181,1,1.12905921152524
"brsk2b",1.10090358323946,8,0.997526967169731,1,0.355740756504263
"crybb1l1",1.0550284319814,8,0.997876223502753,1,2.40847182093339
"si:ch73-359m17.5",1.03827005708047,8,0.997994828149476,1,4.81235695352911
"muc5.2",1.03710636583344,8,0.998002890025651,1,0.574622538140875
"hccsa.2",1.03192983765075,8,0.998038481035811,1,0.894138600450203
"si:dkey-196j8.2",1.00566598384572,8,0.998212325441033,1,1.48369551213006
"BX548018.1",0.997111081086346,8,0.998266563884314,1,4.64828705816644
"prkcda",0.992651037078132,8,0.998294383229835,1,0.703176626253342
"TENM2.1",0.986367250468941,8,0.99833305044019,1,0.294275455065398
"rgs6",0.986026557602506,8,0.998335129336278,1,0.340249086405354
"tprg1",0.978820004941446,8,0.998378683027835,1,0.606513400168456
"si:ch211-197l9.2",0.963932629627143,8,0.998466139482608,1,202.949419084487
"serp2",0.960248428893391,8,0.998487264907562,1,10.2572836047509
"hoxc13b",0.948804963779333,8,0.998551590895647,1,5.43226708948953
"slc14a2",0.941255411102094,8,0.998592969919986,1,4.11039437318694
"spon1a",0.934033363073238,8,0.998631776054039,1,0.486988457283737
"col1a1a",0.885298964466974,8,0.998874358621776,1,0.165036644689056
"BX901968.1",0.871236063491305,8,0.998938330231982,1,2.20254970270458
"zgc:112265",0.856048938042862,8,0.999004504462352,1,26.0373387117709
"dram2a",0.846340580196032,8,0.999045255184702,1,185.871291124134
"AMDHD1",0.839319676286248,8,0.999073984699834,1,1.01750540759888
"ntm",0.830190659800803,8,0.999110424271945,1,0.264441708721614
"thsd7aa",0.825293725505179,8,0.999129549152247,1,0.320765360955148
"BX547928.1",0.822326145773907,8,0.999140997031854,1,0.615690557707396
"BX539321.2",0.796699573695491,8,0.999235484625349,1,0.664428767425399
"psme1",0.792065733042107,8,0.99925174997641,1,0.415797984462541
"slco1c1",0.781920284176733,8,0.999286506049716,1,0.620705054329813
"zgc:158785",0.778661928973741,8,0.999297421968758,1,0.715575850549097
"aldh3b2",0.768398956113118,8,0.999331032577108,1,0.782348109269633
"CR954285.2",0.760180652362829,8,0.999357113910673,1,0.189592055120812
"CR589876.1",0.756346557961777,8,0.999369031794371,1,2.01069570102879
"CR354549.3",0.753900239048686,8,0.999376553622343,1,4.00790275731683
"antxr2b",0.738297765154213,8,0.999423040367271,1,0.790995523739389
"sp100.2",0.726464577721889,8,0.999456616144066,1,0.932569280585772
"si:dkey-102g19.3",0.713206323386118,8,0.999492560350032,1,1264.13329106618
"strc1",0.705724959054042,8,0.999512079154444,1,1.95241973827529
"cdkn2d",0.705039130052601,8,0.999513841317607,1,6.60655287234654
"grna",0.698798886687603,8,0.999529667540371,1,0.923897075695472
"CNNM4",0.691806671420663,8,0.999546961313478,1,0.938787902551412
"slc17a9a",0.686412563103309,8,0.999559989369067,1,3.95294573061835
"gngt2a",0.685593099123348,8,0.999561944936709,1,3.79526997848721
"crygmx",0.683219227135069,8,0.999567574980497,1,2.49886690270887
"dscamb",0.680981506061212,8,0.999572834718936,1,0.3066790763861
"GRIK3",0.671691112562154,8,0.999594184841436,1,0.403542882687128
"plxna3",0.669170631117447,8,0.999599843234588,1,0.153118450562861
"si:dkey-262k9.2",0.65621267115696,8,0.99962804827656,1,0.300509173331568
"sdhda",0.64805168670463,8,0.999645065208674,1,418.116777072015
"myl4",0.646206690919796,8,0.99964883376844,1,0.579788660530074
"si:ch211-125o16.4",0.635131033391948,8,0.999670858076281,1,107.502252265297
"si:dkey-33c12.3",0.632453022305754,8,0.999676031244732,1,4.85142328799198
"si:dkey-196h17.9",0.632028788712051,8,0.999676845371926,1,2.36646449791077
"ftr69",0.596128151995286,8,0.999740586534114,1,1.7236628330074
"CU499336.2",0.593600792794998,8,0.999744702559645,1,2.56875395209413
"crybb1",0.585989812197603,8,0.99975681450484,1,11.9422512360432
"cacna2d3",0.581259599124743,8,0.999764130663787,1,2.54917064758531
"ppp2r2ca.1",0.573575390101167,8,0.999775676544837,1,10.2695883504361
"sema3c",0.570330464232884,8,0.999780427915922,1,1.03777376975455
"BX890602.1",0.557327493306206,8,0.999798743545838,1,0.144742596146933
"calb1",0.542212833211534,8,0.999818620512647,1,0.638390661454523
"CU466287.2",0.53587754215141,8,0.999826515107011,1,1.56967797498858
"cavin4a",0.535004080754888,8,0.999827583762235,1,5.58135801384548
"ugt5c1",0.533691460707237,8,0.999829180774124,1,2.99829085644008
"CFAP77",0.524909526754488,8,0.999839592243248,1,11.9365669912714
"grhl1",0.518855093862265,8,0.999846497910164,1,4.46696849131676
"CABZ01001434.1",0.504286390736739,8,0.999862232197137,1,3.59274146305254
"abcb11a",0.491926959859494,8,0.999874636795894,1,0.395031687379704
"he1.2",0.473869242990169,8,0.999891279149039,1,0.651078751169019
"lrp2bp",0.469341825215709,8,0.999895186801356,1,1.44440328085903
"tnni1b",0.463169723094979,8,0.999900348624815,1,19.9344573855933
"si:dkey-5n18.1",0.457462389503247,8,0.999904955294055,1,2.25230914575683
"ncf2",0.456383117598527,8,0.999905808726112,1,4.38889134746606
"fbln7",0.452429545409035,8,0.999908887550395,1,0.739577067419056
"si:dkey-161j23.7",0.436406172460803,8,0.999920622035217,1,1.00095757440096
"CT025745.1",0.434768991446615,8,0.999921755652627,1,0.226620554246638
"CU062632.1",0.428885747855547,8,0.999925732344374,1,0.082685988856166
"si:ch211-225p5.8",0.426084018763095,8,0.999927573513703,1,5.25636703777891
"serpind1",0.409472197455219,8,0.999937815889759,1,9.74753152371882
"CABZ01050944.1",0.401310107763446,8,0.999942441390446,1,0.74465736647003
"btbd11b",0.400919557689768,8,0.999942656228277,1,0.282767864942024
"prph",0.400288525844038,8,0.999943002116822,1,0.732851083689918
"BX296552.2",0.398342915084943,8,0.999944058996928,1,0.711487002621797
"zgc:174855",0.391347168199382,8,0.999947741397116,1,0.441236516140433
"crygm2d13",0.377857265017537,8,0.999954338698637,1,6.27093419807263
"zgc:158423",0.370473241645475,8,0.999957680632569,1,0.0735245002705862
"gcgb",0.36341645384733,8,0.999960703994621,1,0.344999752776377
"ptpn22",0.358310049597487,8,0.999962791028074,1,0.677395396326531
"CR626882.3",0.357112339251001,8,0.999963268560833,1,0.597225259362684
"arhgap22",0.349692231738316,8,0.99996612777277,1,0.875402925915494
"barx1",0.346434424006607,8,0.999967330192058,1,0.458869322513418
"neto1l",0.329021373875315,8,0.999973235043018,1,0.296467866588309
"ppm1j",0.319879662740146,8,0.999976000842727,1,0.163635938811989
"myt1a",0.295738089843589,8,0.999982296850042,1,0.179378205257217
"tnk1",0.282185645011106,8,0.999985246196874,1,0.298505750639281
"EML5",0.274925833334993,8,0.999986668416129,1,0.322299274907168
"CU571079.1",0.267446098745669,8,0.999988025482058,1,0.636583045421662
"alpk2",0.264399846273464,8,0.999988547914559,1,0.679615380554391
"myb",0.25706643189761,8,0.999989736638858,1,0.301821704409159
"mmp25a",0.234661545579753,8,0.999992809619889,1,0.65293436616588
"fermt3a",0.232961502837728,8,0.999993011001542,1,0.716532690388922
"csf3r",0.228378205634539,8,0.999993533190882,1,0.637645222720479
"mlsl",0.223287559753614,8,0.999994078789493,1,1.58522212353472
"cyp2p7",0.203078814246104,8,0.999995915782161,1,0.256451954529108
"slc6a5",0.196444721039153,8,0.999996414411361,1,0.227274966157672
"ak5l",0.190616878627518,8,0.999996813943053,1,11.9757087655811
"slc16a1a",0.182162769169203,8,0.999997333690081,1,0.150726958412067
"si:dkey-111i23.1",0.17777501493145,8,0.999997577214466,1,0.129507402241163
"myo1g",0.170327463915699,8,0.999997952326132,1,0.16732348461438
"enpp2",0.164352645526603,8,0.999998220639764,1,0.121966716398492
"ptx4",0.164194208121227,8,0.999998227379098,1,1.24938706148511
"tnks1bp1",0.161639184861488,8,0.999998333467537,1,0.0914281515603283
"calcoco1b",0.101794804664137,8,0.999999731525709,1,0.495894896015869
"BX323575.1",0.0957064429614118,8,0.999999789708915,1,0.0927423172505776
"CR753876.1",0.0851524155446037,8,0.999999867665007,1,0.251547226760441
"hand2",0.0804572855527354,8,0.999999894327298,1,0.133960544059853
"grk1a",0.0798163275916699,8,0.999999897628405,1,0.690386098221963
"CT868708.1",0.0742353108541257,8,0.999999923224456,1,0.158265694217684
"dachc",0.0693447719542808,8,0.999999941428786,1,0.110822014184521
"twist2",0.0651218736680684,8,0.999999954367985,1,0.463698847264295
"apoa4a",0.0572840331713609,8,0.999999972593307,1,0.279498310229441
"si:ch211-266g18.10",0.0485366539890286,8,0.999999985825105,1,0.207427624919974
"si:ch73-233f7.1",0.0423006302851796,8,0.999999991801954,1,0.167355971285303
"rgs7bpa",0.0300066357215367,8,0.999999997913941,1,0.159576079653005
"CABZ01102039.1",0.0243551286818226,8,0.999999999092597,1,0.171388960299993
"CR774179.2",0.0242671101440994,8,0.999999999105611,1,0.179707710032049
"emx1",7.76410440296082e-06,8,1,1,201.126955965841
"dmrt2b",2.36733715037555e-06,8,1,1,95.8372029368362
"zgc:64065.1",1.06824490043545e-06,8,1,1,46.1164060957576
"crispld1a",1.0904753961017e-07,8,1,1,436.787772103455
"nppb",NA,NA,NA,NA,3.17913838341037
"si:dkey-183k8.2",NA,NA,NA,NA,14.7016253972141
"igfbp6b",NA,NA,NA,NA,0.752947284225702
"hoxc1a",NA,NA,NA,NA,0.186269806854754
"zgc:163121",NA,NA,NA,NA,0.561016712955619
"CABZ01118738.1",NA,NA,NA,NA,2.16808957088386
"hsd11b2",NA,NA,NA,NA,0.955743507590186
"C18H19orf12.1",NA,NA,NA,NA,0.635080034687633
"tcap",NA,NA,NA,NA,38.0110749991751
"angptl3",NA,NA,NA,NA,1.10434030788286
"rnf152",NA,NA,NA,NA,1.09604977398175
"jph1b",NA,NA,NA,NA,1.2566596252008
"zgc:92518",NA,NA,NA,NA,1.06308908707068
"ubn1",NA,NA,NA,NA,2.31180014675235
"wnt10a",NA,NA,NA,NA,0.736388389431957
"sgk2b",NA,NA,NA,NA,2.12129872169065
"FO082779.2",NA,NA,NA,NA,1.77137914769559
"AL954187.1",NA,NA,NA,NA,2.93720956358666
"grin3a",NA,NA,NA,NA,1.00410257218277
"pax2b",NA,NA,NA,NA,0.920419692416451
"abcb5",NA,NA,NA,NA,0.543869696682796
"ly6m5",NA,NA,NA,NA,3.5449063793173
"myhz1.1.1",NA,NA,NA,NA,0.881398166384905
"olig2",NA,NA,NA,NA,1.04269103126914
"ppp2r2cb",NA,NA,NA,NA,0.974439357218319
"gabra2a",NA,NA,NA,NA,0.202087868276251
"srd5a2b",NA,NA,NA,NA,31.0188715166333
"psma6l",NA,NA,NA,NA,0.531344308127969
"CR759887.4",NA,NA,NA,NA,0.464853709108057
"fbxo32",NA,NA,NA,NA,0.2141558523657
"BX255963.1",NA,NA,NA,NA,0.639543210278146
"bin2a",NA,NA,NA,NA,0.176067755533931
"AL935186.3",NA,NA,NA,NA,4.37199012760601
"hsf5",NA,NA,NA,NA,44.7861019458827
"itgb3a",NA,NA,NA,NA,67.252304361906
"syt5a",NA,NA,NA,NA,1.09629743281854
"znf750",NA,NA,NA,NA,0.813054578449613
"retreg1",NA,NA,NA,NA,0.732906317620643
"clrn2",NA,NA,NA,NA,364.840959159802
"si:ch73-250a16.5",NA,NA,NA,NA,1.76368667903238
"cd4-1",NA,NA,NA,NA,0.756819544549785
"calhm6",NA,NA,NA,NA,0.971418867249382
"aste1a",NA,NA,NA,NA,1.16238231700134
"hjv",NA,NA,NA,NA,1.06343790135638
"mpeg1.2",NA,NA,NA,NA,64.4112082002097
"trh",NA,NA,NA,NA,56.1373256926503
"slc25a47b",NA,NA,NA,NA,52.2422601795023
"abch1",NA,NA,NA,NA,143.92495419321
"wnt8a.1",NA,NA,NA,NA,0.229666100853324
"b3gat1a",NA,NA,NA,NA,0.920292264683032
"FP236457.1",NA,NA,NA,NA,3.06342850451519
"BX663503.1",NA,NA,NA,NA,51.9745578446021
"si:ch211-93e11.8",NA,NA,NA,NA,61.5743477097451
"CT573006.1",NA,NA,NA,NA,49.8563969280706
"si:dkeyp-92c9.4",NA,NA,NA,NA,0.715918309286909
"gorasp1b",NA,NA,NA,NA,0.333965644703819
"plcd4a",NA,NA,NA,NA,64.9115115520414
"chrm2b",NA,NA,NA,NA,0.379112913496664
"si:dkey-81e3.2",NA,NA,NA,NA,2.73464662447651
"CR396595.4",NA,NA,NA,NA,330.518758817096
"card9",NA,NA,NA,NA,0.881938550762349
"cntnap1",NA,NA,NA,NA,3.15981403786603
"LO017955.1",NA,NA,NA,NA,1.63996537912789
"si:dkey-269i1.4",NA,NA,NA,NA,1.38391392323989
"si:dkey-239j18.3",NA,NA,NA,NA,2.06824933722784
"BX927219.1",NA,NA,NA,NA,0.221938468773509
"lpar6b",NA,NA,NA,NA,0.902078336776667
"ptprjb.1",NA,NA,NA,NA,1.95258686189564
"hmx1",NA,NA,NA,NA,1.25764105764186
"lrrtm1",NA,NA,NA,NA,2.81634299120403
"samd10a",NA,NA,NA,NA,1.06457173707191
"wnt2",NA,NA,NA,NA,1.84599606800565
