"Gene","waldStat","df","pvalue","FDR","meanLogFC"
"rgcc",1774.19790898301,8,0,0,1.1038043667213
"ebf3a.1",1618.76747128557,8,0,0,1.53578762143932
"bmp6",1546.33045392005,8,0,0,2.03626715584441
"gpm6ab",1415.65933215831,8,0,0,2.39627618228871
"cdh6",1346.32228333073,8,0,0,1.25417743002705
"prox1a",1234.2281065824,8,0,0,1.8742179182695
"ralgapa2",1198.33811687463,8,0,0,0.910552347491085
"flt4",1072.6638257291,8,0,0,1.20783806116677
"ebf3a",1065.23860179516,8,0,0,0.671888372353913
"fn1a",1056.94105033874,8,0,0,1.73648577115111
"ptmaa",1020.9391001415,8,0,0,0.524692933626697
"cxcl12a",1007.24149705452,8,0,0,0.792183801411051
"rab8b",992.457767388109,8,0,0,0.417896449845794
"svild",971.705133978346,8,0,0,1.00878981792595
"igfbp1a",966.141884782169,8,0,0,1.18987061597591
"rbpjb",963.371337185511,8,0,0,2.15266387951294
"add3a",959.663343083356,8,0,0,1.15514388877754
"edn1",956.213953408502,8,0,0,1.71454334976316
"emid1",921.977574762504,8,0,0,2.50794268432264
"cirbpa",892.314507927191,8,0,0,0.475615465401704
"si:ch211-222l21.1",889.777037542497,8,0,0,0.564210702791935
"nrp2a",877.729408791753,8,0,0,1.39521450876259
"zeb2b",851.184166145521,8,0,0,2.99955017322639
"afap1l1b",841.088331350406,8,0,0,0.629110624879363
"h3f3b.1",833.047734759448,8,0,0,0.509633562751716
"smad1",828.393581979408,8,0,0,0.857476249016755
"sdk1a",813.875840970325,8,0,0,1.82916177201966
"tubb2b",797.48671372,8,0,0,0.6451359849432
"mrc1b",796.967217845225,8,0,0,1.54367639364709
"selenop",794.939008578119,8,0,0,0.910446440954359
"cebpb",787.462370629869,8,0,0,0.901937940559596
"hist1h4l.11",758.150033752142,8,0,0,0.937842427840827
"si:ch73-386h18.1",725.4306146303,8,0,0,1.28122151322121
"rnf220a",712.135062330841,8,0,0,1.65223564740611
"socs3a",709.338819043843,8,0,0,1.12376571107968
"celsr1b",706.215646114348,8,0,0,0.905180030590232
"adma",705.247814887877,8,0,0,1.80929823119609
"tuba8l4",700.191957066657,8,0,0,0.514246032796743
"mafa",696.143870300703,8,0,0,3.97605399763184
"sema6e",691.011777613759,8,0,0,1.45242405938136
"edn2",680.813100374661,8,0,0,2.15796960412865
"tanc2a",678.19421663611,8,0,0,0.70276053215561
"osr2",672.024424937752,8,0,0,6.69706620218132
"arpc5lb",655.722614073562,8,0,0,1.05174031198621
"hmga1a",652.639253714775,8,0,0,0.481238198786912
"slit2",649.200185513577,8,0,0,1.97602849335285
"nkd1",647.352370833768,8,0,0,0.788794359990177
"pcna",640.532980877669,8,0,0,0.76833344390102
"eya1",635.823859112061,8,0,0,1.32656049310001
"ptn",629.143447363972,8,0,0,2.82224410937287
"rbfox3a",628.393804709439,8,0,0,1.47770067241691
"exoc3l2a",622.140420156325,8,0,0,0.605069386797737
"sparc",617.746072041192,8,0,0,0.681602428411327
"stmn1a",617.346455350351,8,0,0,0.648194803851245
"bnc2",616.526000371857,8,0,0,1.78534663451139
"smad6b",615.979424711497,8,0,0,1.31379666846649
"lyve1a",610.664808519414,8,0,0,4.46792082678181
"setb",607.845015694464,8,0,0,0.526461650219167
"zgc:113363",606.297904920695,8,0,0,0.785341758786696
"cldn11a",590.962956750595,8,0,0,1.14303879739375
"arhgap36",588.925841662099,8,0,0,0.947859579666811
"nkain4",587.411753980708,8,0,0,1.79775493378821
"agap1",586.859482560105,8,0,0,0.449185687140296
"seta",586.057383495825,8,0,0,0.459823514013837
"tgm2b",584.703133698258,8,0,0,5.05268732904662
"sema3fb",581.275854943884,8,0,0,1.09980105903325
"hnrnpabb",573.446130124387,8,0,0,0.472190711691058
"LO018188.1",562.187575988946,8,0,0,3.02041105621229
"hapln1b",560.141147989104,8,0,0,0.777631541856309
"chd4a",555.206558396296,8,0,0,0.566038722486354
"hspg2",553.363271337388,8,0,0,1.17706460213182
"akap12b",549.437375263255,8,0,0,0.366327167825164
"BX537310.2",539.496707243055,8,0,0,1.88052963719804
"ncl",538.307840706033,8,0,0,0.639580569778566
"npm1a",538.235013773316,8,0,0,0.856639780176768
"igdcc3",537.028712803077,8,0,0,1.77175391756898
"ddx39ab",536.428474898411,8,0,0,0.563734293429185
"krt94",535.668510067887,8,0,0,2.31136270120897
"trps1",532.775310192535,8,0,0,1.64768630347908
"anp32b",532.310679696626,8,0,0,0.477784499921047
"eif4a1a",529.94687897483,8,0,0,0.544521284668818
"podxl",525.902565742401,8,0,0,1.65286135821234
"mcamb",524.339525031567,8,0,0,1.21897157194052
"abcf1",524.011040867024,8,0,0,0.547652182312472
"pxk",523.380967022056,8,0,0,1.80258379021014
"hs3st3b1b",522.707921981931,8,0,0,0.910642623676201
"tubb4b",520.984638338134,8,0,0,0.349169006813361
"macf1a",518.282420295662,8,0,0,0.640419079623623
"srgap1a",513.2320127709,8,0,0,1.19037337849043
"id2b",513.017292498277,8,0,0,1.34227133181292
"tshz2",512.078623036734,8,0,0,1.65453074206642
"tfpia",506.977540071128,8,0,0,1.44989406255438
"daam1b",502.278632288304,8,0,0,1.00262545225649
"got1",501.016479713094,8,0,0,1.05208359936115
"hist1h4l.16",498.195343125978,8,0,0,0.903754012999467
"nfatc1",494.82631021252,8,0,0,2.55202389671695
"myh10",493.579953942702,8,0,0,0.446279902635261
"C7H16orf87",493.173965946628,8,0,0,1.93854598848105
"ism2a",492.345261488775,8,0,0,2.0303427695918
"lgmn",492.324306519093,8,0,0,0.993055572856223
"tcp1",490.17445648621,8,0,0,0.464454962928416
"pclaf",488.129818378004,8,0,0,0.765853439351319
"nhsl2",480.924858136835,8,0,0,1.46488224604518
"magi2a",477.472950100451,8,0,0,1.70202038488645
"DAB2",476.518389080627,8,0,0,1.43756886352101
"cbx3a",476.237303923634,8,0,0,0.429330581272421
"gab2",473.060992220595,8,0,0,0.445198996186873
"bahcc1b",472.325629707143,8,0,0,0.55856794606975
"chaf1a",469.770015035225,8,0,0,0.653504933351832
"ranbp1",469.590030065265,8,0,0,0.482356990636078
"prdx1",468.959066165642,8,0,0,2.92757116475489
"rbbp4",467.924540555618,8,0,0,0.540625691188156
"grb10a",462.921436444699,8,0,0,1.69341788904426
"cd276",459.902014207862,8,0,0,0.547670883115565
"nr2f5",453.556770817944,8,0,0,1.01138585608659
"nap1l1",452.070210519218,8,0,0,0.399140884368719
"atrnl1a",447.452262036693,8,0,0,0.902182261824361
"UNC13B",446.767588347682,8,0,0,1.79859059478995
"mycn",444.792868135305,8,0,0,1.0182321888395
"cthrc1a",440.681008412895,8,0,0,0.837278685160766
"CU929160.1",437.601783114136,8,0,0,0.745819204600704
"adam12",437.032596908975,8,0,0,0.514476425412131
"crip2",434.485682709833,8,0,0,0.669796801644001
"lbr",429.721270132753,8,0,0,0.665283418962985
"nasp",424.833218407619,8,0,0,0.6321873562956
"postnb",422.649870524413,8,0,0,0.867880711689767
"si:ch73-281n10.2",421.478683487975,8,0,0,0.520388591260813
"meis2a.1",421.036660208926,8,0,0,1.73763429631137
"cyp26b1",420.708714270358,8,0,0,1.14017446231062
"hist1h4l.6",417.747065651942,8,0,0,0.742965652679424
"cycsb",415.964032851011,8,0,0,0.737313068516153
"itga9",415.323028520435,8,0,0,1.03152099645737
"sumo3b",415.165428027697,8,0,0,0.577174828812318
"tcf12",415.130069814247,8,0,0,0.382410767912297
"cgnl1",414.742433039412,8,0,0,0.37975926050485
"pa2g4b",414.519023177638,8,0,0,0.566470136595228
"si:ch211-250c4.4",414.175603642443,8,0,0,0.884494724731412
"zfpm2b",413.783555407885,8,0,0,1.3454748259776
"hmgb2b",412.313851661301,8,0,0,0.36263563445555
"hs6st3a",411.629100421902,8,0,0,1.64123977486001
"st6gal2a",409.742565075506,8,0,0,1.36560857189775
"strbp",408.851363639135,8,0,0,0.939126248257509
"kcnn1a",406.221791564028,8,0,0,2.6988484669176
"sox6",404.360479966829,8,0,0,1.19929934399074
"pmp22b",400.596906924203,8,0,0,1.40723277484556
"snu13b",397.133225662494,8,0,0,0.578459018719431
"baz1b",397.034052658218,8,0,0,0.519062095765826
"gdpd5b",394.141178395601,8,0,0,2.01424097902225
"cyp1a",391.884692536889,8,0,0,0.945054843941214
"glula",391.816903560658,8,0,0,1.87945591325093
"msna",389.736482510605,8,0,0,0.290289070253378
"ssrp1a",386.295317984954,8,0,0,0.618005007282458
"pa2g4a",385.247011626403,8,0,0,0.571053287047071
"nr5a2",383.658119867045,8,0,0,1.69911973466379
"CABZ01066694.1",381.59746121026,8,0,0,1.16999279296115
"bcl11aa",376.248523018005,8,0,0,1.18278762445731
"itga5",373.417297163511,8,0,0,0.420138572993978
"prmt1",371.052264164703,8,0,0,0.534857749010585
"tmem59l",369.931398432351,8,0,0,2.49053454278663
"tmem108",367.201221678664,8,0,0,0.905899687814364
"hoxb8a",365.897169947512,8,0,0,1.51647323700776
"cnbpa",365.217000604712,8,0,0,0.500280833706992
"bmpr1ab",365.008789366001,8,0,0,2.14139362309648
"eif3s10",364.485763127303,8,0,0,0.38464707734722
"prex1",363.002359301975,8,0,0,0.568526174971601
"fabp3",362.802959337805,8,0,0,1.01916714932336
"prex2",362.794148387522,8,0,0,1.13296942086917
"galnt1",361.445518902293,8,0,0,0.538385660725051
"nop56",361.281139731479,8,0,0,0.483613901081409
"myo6b",360.542286505835,8,0,0,0.633753529758708
"nop58",359.65903446212,8,0,0,0.597508612218827
"CR848683.2",358.901683752316,8,0,0,0.729082491385641
"hmgb1b",352.509494592336,8,0,0,0.436126865904338
"si:ch211-227m13.1",350.024497842014,8,0,0,3.26724941563743
"hs6st1b",349.450717649446,8,0,0,1.1441624393494
"g3bp1",348.560192074199,8,0,0,0.631361343473983
"pdzrn3b",347.597508477121,8,0,0,1.85094577588836
"jmjd1cb",347.215624027293,8,0,0,0.542125412401956
"NAV1",343.769241464252,8,0,0,1.56646846667155
"plecb",342.991203459471,8,0,0,1.12759002351679
"fhl3a",342.769075731833,8,0,0,0.775869811482989
"pdzd2",340.500801091448,8,0,0,2.52252867661055
"atrx",340.324907095803,8,0,0,0.319130776256711
"nutf2l",340.218851049768,8,0,0,0.454059473232415
"kdm6bb",339.898819274239,8,0,0,0.573317977110632
"efnb3b",339.379635881496,8,0,0,0.804901889272593
"dkc1",336.163279278583,8,0,0,0.631698506852113
"elk3",336.127617757449,8,0,0,0.356444231955443
"ipo7",336.010559785583,8,0,0,0.415482099810895
"iqgap1",335.346173943229,8,0,0,0.402262402335973
"tbx1",335.150750563253,8,0,0,3.88554417553315
"diaph3",334.20767188114,8,0,0,1.10271169084407
"eif4g1a",333.534764117828,8,0,0,0.478762545224508
"zgc:153409",329.945510310976,8,0,0,0.355666180930712
"pknox2",329.918393059736,8,0,0,1.03529183245749
"spock3",328.199413223993,8,0,0,0.565935113923311
"pappab",327.186885341486,8,0,0,1.60567250649283
"fbl",326.259191892916,8,0,0,0.610565421657783
"h2ax",326.033974726466,8,0,0,0.653070725581994
"lpar1",325.796371860494,8,0,0,0.688109832910022
"hmgb2a",325.167386681544,8,0,0,0.385885247323129
"etf1b",324.785898794517,8,0,0,0.49988353600273
"cldn5b",324.488241420752,8,0,0,0.719162361185971
"aqp1a.1",323.516632080561,8,0,0,2.32429290831175
"kif26aa",321.918047392022,8,0,0,5.30483591492333
"nhp2",320.673128114091,8,0,0,0.619091039174776
"mki67",320.641300387532,8,0,0,0.925859060732931
"si:dkey-108k21.10",320.602389375591,8,0,0,1.11096180477313
"tuba8l",320.451138358914,8,0,0,0.34223713381838
"gpc6a",320.179932939608,8,0,0,3.22327928587542
"lef1",319.390018808118,8,0,0,0.958589543670712
"meis1b",317.63561302659,8,0,0,1.53490714401292
"gata4",316.574096112901,8,0,0,1.45302439496393
"glceb",316.553730964811,8,0,0,1.17934388719321
"glulb",315.318816459722,8,0,0,0.529075620594197
"rrm1",315.153773759552,8,0,0,0.599897162359052
"smarca4a",314.050148204897,8,0,0,0.39794171935781
"banf1",313.205396891464,8,0,0,0.38606506191106
"tenm4",310.242148195476,8,0,0,1.75758508736284
"gars1",309.2420246269,8,0,0,0.501029451786666
"jarid2b",308.482690794969,8,0,0,0.489853756240345
"gpt2",307.417855628963,8,0,0,2.18969821145338
"nop10",306.453201651035,8,0,0,0.618654423106384
"smc2",306.291308282764,8,0,0,0.862448369295756
"tubb5",305.447892827606,8,0,0,0.714995953195346
"erfl3",302.766011864488,8,0,0,0.359009073525732
"cav1",302.364442701959,8,0,0,2.54441068309582
"ahcy",302.158035493475,8,0,0,0.443116640530192
"psd2",302.082324483386,8,0,0,0.677808200693422
"parp1",301.712369780947,8,0,0,0.631165113032522
"ppm1g",301.473977917785,8,0,0,0.530361145534187
"tlx2",301.240858761144,8,0,0,3.61132986872695
"mtss1lb",299.627382730112,8,0,0,0.617964256551927
"smap1",298.967772129313,8,0,0,0.340739188899013
"nectin1b",298.215567540536,8,0,0,0.802530642599215
"npl",296.451372724969,8,0,0,1.67013748904029
"ap1s3b",295.918805257298,8,0,0,2.02354439626013
"sema4c",295.73123580325,8,0,0,0.341789587941394
"si:ch211-156b7.4",294.098150777805,8,0,0,0.685201532920657
"CABZ01075125.1",293.438374901251,8,0,0,1.49081139279153
"hspe1",291.232501563932,8,0,0,0.650490950180938
"hspd1",290.668140903601,8,0,0,0.619077888491159
"CABZ01086877.1",288.538122818068,8,0,0,0.919245454441429
"ssb",286.509851647231,8,0,0,0.67278735249048
"mibp",286.152650476848,8,0,0,1.06559301782257
"dut",282.438469735181,8,0,0,0.496896153520619
"med6",281.554297288336,8,0,0,0.814185614987563
"cpeb3",281.229313981587,8,0,0,2.71645700624504
"tcima",281.044859128974,8,0,0,0.49310122455419
"CABZ01058261.1",280.872556482751,8,0,0,0.815495623147673
"eppk1",280.775518633509,8,0,0,1.08459660771747
"arid5b",279.696807702798,8,0,0,0.631881138729964
"meox2a",278.930198773795,8,0,0,4.44947855280357
"fabp11a",277.442762134455,8,0,0,0.871866283968448
"c1qbp",275.893887074455,8,0,0,0.578186591892468
"adarb1b",274.140776006457,8,0,0,0.585580996608378
"supt16h",273.397322316151,8,0,0,0.447788249356406
"smarca5",273.198656544653,8,0,0,0.528839169928244
"ccn2a",270.574490917641,8,0,0,1.68940535809994
"si:ch211-288g17.3",270.052872638682,8,0,0,0.369814429692088
"top2a",269.749483909667,8,0,0,1.01406205608948
"ube2c",269.389671439984,8,0,0,1.17740907609955
"zmiz1a",268.906430476089,8,0,0,0.37908444836385
"fam169aa",268.146147989243,8,0,0,0.771720668585588
"icn",267.120796983701,8,0,0,0.854008782531891
"fen1",267.052779214967,8,0,0,0.617131660504626
"fgf10b",265.063965679839,8,0,0,3.99095639782194
"bach2b",264.991287542154,8,0,0,0.936222522164711
"coro2ba",263.94883636689,8,0,0,0.635884739558043
"got2b",263.748023837107,8,0,0,1.19553932139213
"wnt11",262.830468481013,8,0,0,2.32564523963425
"her6",262.81115191219,8,0,0,0.833688971648547
"si:ch211-152c2.3",262.738850050683,8,0,0,1.7029365956221
"osbpl10b",260.496256062069,8,0,0,1.39701266984038
"CHST8",260.012817973681,8,0,0,2.98770394510957
"adka",259.912910789624,8,0,0,0.445384037568999
"hist1h2a6",259.185854236967,8,0,0,1.24713435076519
"nop2",258.172623165535,8,0,0,0.816100042951791
"exoc3l2b",257.765974069879,8,0,0,1.30215887787012
"BX284638.2",256.196992106734,8,0,0,0.454345134476232
"ncapd2",256.175800970649,8,0,0,0.942280121991257
"sox11a",255.955163430437,8,0,0,0.809120318477646
"smc4",255.005416295115,8,0,0,0.743000795043079
"rbms3",253.778383498082,8,0,0,0.718676940329458
"si:ch211-107n13.1",253.269963526208,8,0,0,1.18812785945568
"nav2a",253.251967193337,8,0,0,3.62477638649667
"abce1",253.097769996953,8,0,0,0.592447035184183
"angpt1",252.378213582141,8,0,0,1.14401666327786
"SIPA1",251.607509091867,8,0,0,1.50200000968254
"nfia",251.321688175423,8,0,0,0.342691245364001
"kpna2",248.865821481233,8,0,0,1.17284325570123
"si:dkey-261m9.12",247.715131575318,8,0,0,1.2197983552942
"asf1ba",247.626675307571,8,0,0,0.865108677214055
"mad2l1",247.009613813973,8,0,0,1.19615650625972
"chl1a",246.618069643604,8,0,0,1.2888152974363
"peak1",246.251002765013,8,0,0,0.564546640904985
"colec12",245.430226697582,8,0,0,0.929424715751321
"dek",243.429126406726,8,0,0,0.560266154770194
"mcm6",243.270169674462,8,0,0,0.623909751088856
"kif20a",242.966330868765,8,0,0,1.28574053446918
"kcnq5b",241.010063329402,8,0,0,1.42574503222426
"pcdh17",240.416493729311,8,0,0,0.630426510877274
"lig1",239.309530798837,8,0,0,0.574508567970433
"CABZ01005379.1",238.334135101748,8,0,0,0.686895698820603
"cdk1",238.189313265552,8,0,0,1.23013563293727
"si:ch73-22o12.1",237.997960760882,8,0,0,0.431541235222638
"bcl6b",237.83605414655,8,0,0,0.453156714371394
"si:ch211-113a14.12",237.447986008172,8,0,0,0.759791720775741
"gadd45ab",237.435902053679,8,0,0,1.07009178582471
"hirip3",237.007978801143,8,0,0,0.55111104557038
"tuba1b",235.085510178761,8,0,0,0.729565792100814
"si:ch211-113a14.19.2",235.002840266383,8,0,0,1.02930354396879
"pxdn",234.612664285665,8,0,0,0.536165318948634
"srrt",234.579070608508,8,0,0,0.506422391557041
"zgc:173552.3",234.544829303039,8,0,0,1.07240745636841
"itga4",234.182579055832,8,0,0,1.17784734097358
"traf4a",233.479999116752,8,0,0,1.76787265874851
"zgc:110540",233.042838076689,8,0,0,0.939467942854303
"itga8",232.882909343298,8,0,0,1.00276008572072
"lhfpl6",232.781025783148,8,0,0,1.04971422702715
"mybbp1a",232.324948507113,8,0,0,0.613298063016172
"mical2a",231.116014799153,8,0,0,1.77382867115772
"si:ch211-51a6.2",230.735517364607,8,0,0,1.10620314349218
"myo1b",230.626185559443,8,0,0,0.457484531216512
"nrp2b",230.363246094044,8,0,0,0.227696157356349
"mmrn2a",229.361758464389,8,0,0,3.01770955613304
"gli2a",229.29822593919,8,0,0,0.881995411180229
"cenpf",228.993221288369,8,0,0,1.21397753460883
"tiparp",228.911597095276,8,0,0,1.57982770114668
"hist2h2l",228.79046808187,8,0,0,0.934594757713444
"zfpm2a",228.086015378649,8,0,0,1.18790577863821
"eya2",227.765938536739,8,0,0,0.563843141115187
"arpp19b",227.373220731277,8,0,0,0.626653871436796
"CR936977.2",225.23028097122,8,0,0,1.24463312808955
"dlgap5",225.171483676915,8,0,0,1.12084473941908
"dgkg",225.057127613661,8,0,0,0.918446687010982
"nkd2a",224.941462295744,8,0,0,1.02031244710453
"slbp",224.504975166564,8,0,0,0.618367672367489
"rrm2.1",223.983523009218,8,0,0,0.716998974228078
"ctcf",223.966841865495,8,0,0,0.594425478268773
"wwtr1",223.835056499505,8,0,0,0.503368316721668
"prim2",223.756591201711,8,0,0,0.686961017874319
"cdca5",223.695048016032,8,0,0,1.10905991166965
"grin2bb",223.294949977849,8,0,0,2.45218634056342
"si:ch211-113a14.18",222.779948964939,8,0,0,1.19819875855972
"enpp1",221.270808104417,8,0,0,0.997277407833283
"ccna2",218.994717403789,8,0,0,1.08228757033653
"LO017938.1",218.884646676625,8,0,0,0.78357093525291
"cks1b",217.49710954953,8,0,0,0.769538017354671
"tpx2",217.14737388016,8,0,0,1.04805770138624
"DOCK9",217.114326232961,8,0,0,0.70875164177007
"rrm2",216.802813574032,8,0,0,0.744921278318738
"ccdc80l2",215.762688285576,8,0,0,1.73753991849479
"dhrs3b",212.676756955278,8,0,0,1.14087658114383
"dhfr",212.514054518269,8,0,0,0.839119525094309
"dnmt1",211.873324526819,8,0,0,0.621778194233381
"gnl3",211.409171758349,8,0,0,0.732010321428542
"epas1b",210.942263907278,8,0,0,1.78918051110334
"aspm",210.682423198593,8,0,0,1.20917719480407
"bub3",210.227932982952,8,0,0,0.702417840990934
"hist1h4l.20",209.623147143318,8,0,0,1.05882990273175
"dll4",209.614433211409,8,0,0,0.770695061046051
"kif26ab",208.15860116663,8,0,0,2.99082844966579
"mcm2",207.97808430179,8,0,0,0.547876900842504
"si:ch211-147k10.5",206.944408400732,8,0,0,1.60635978848598
"atp8a1",206.910315272871,8,0,0,1.59161170417066
"hapln3",206.743616760019,8,0,0,3.27980203264519
"tiam1a",206.332073827234,8,0,0,2.03005572209228
"MAGI3",205.818821443388,8,0,0,1.70925351810673
"nifk",205.599771525184,8,0,0,0.664467575183548
"sema3fa",204.869107662484,8,0,0,1.12712084718058
"col8a2",204.553782930528,8,0,0,3.52036534581994
"cyp1c1",204.464774851643,8,0,0,2.82937468235819
"pbx1b",204.198329001455,8,0,0,0.753532867650721
"diaph2",203.839243280163,8,0,0,0.211692834838733
"plk1",203.78096692044,8,0,0,0.981719051307485
"adam8a",203.088865726062,8,0,0,0.675725401074953
"plxna2",202.975237022252,8,0,0,0.978531401427287
"spsb4a",202.365220949372,8,0,0,0.575339094204353
"tgfbr3",201.779004287292,8,0,0,1.91677144322229
"ruvbl1",201.760466130961,8,0,0,0.631213169033953
"aurkb",201.675598002863,8,0,0,0.854924014490888
"bmp1a",201.555466414735,8,0,0,0.53647944850706
"adgra2",201.238681163975,8,0,0,0.299247036087736
"hells",200.961028821931,8,0,0,0.799028684871191
"nhsl1b",200.894501065882,8,0,0,0.376701440885074
"ptprga",200.204777646341,8,0,0,0.395916375470062
"si:ch73-364h19.1",200.086740380786,8,0,0,0.902258440564441
"si:ch211-161h7.4",200.069493823799,8,0,0,0.687257304801855
"si:ch211-208k15.1",198.782498514777,8,0,0,3.72403134736469
"cebpd",198.441940660628,8,0,0,1.26552558844561
"samd11",198.356022507438,8,0,0,0.611384985607258
"mcm3",197.730244645426,8,0,0,0.974424029796984
"col4a1",196.587239779091,8,0,0,1.20981879962752
"si:ch211-119e14.1",196.530256647908,8,0,0,1.06214318621301
"lyar",196.317231715582,8,0,0,0.588859278468851
"hdac4",196.243276731827,8,0,0,0.453506889633222
"klf6a",196.111586483987,8,0,0,0.56244035752945
"rgs3b",195.483396666519,8,0,0,1.57793875277094
"nuf2",195.256646317706,8,0,0,1.38699220650804
"thbs1b",193.949306070236,8,0,0,2.04184607831792
"mprip",193.8669113453,8,0,0,0.35034723246588
"arhgap27",193.464584897433,8,0,0,4.83186104126693
"sinhcafl.1",193.40435767214,8,0,0,0.637974343228846
"hspa5",193.398151458968,8,0,0,0.944142925959132
"kpnb3",193.147217864,8,0,0,0.436336753930467
"esco2",192.251639409933,8,0,0,1.0677120745282
"zgc:110425",192.077637447822,8,0,0,0.538018056943827
"pola1",191.952562277115,8,0,0,0.651681702842
"MAN1C1",191.485046045001,8,0,0,0.730357304668959
"atad2",191.09697544131,8,0,0,0.671008676429611
"si:ch211-69g19.2",189.680646989644,8,0,0,1.38814997638274
"atf3",189.632236398899,8,0,0,1.60676207764927
"zgc:153405",188.18498419092,8,0,0,1.2265888165604
"si:dkey-108k21.21",187.986230320939,8,0,0,1.03392258019985
"si:ch211-113a14.24",187.182171655589,8,0,0,1.15861096302671
"fam110b",186.735676619796,8,0,0,0.562419028562942
"aopep",186.567856460989,8,0,0,0.687620188724446
"hk1",186.328733993044,8,0,0,0.92064036876311
"mcm5",186.048585583106,8,0,0,0.671583580925271
"hspa9",185.704979545802,8,0,0,0.60491299267839
"zgc:194989",185.108206329885,8,0,0,0.631425370009206
"oaz2a",185.024209346614,8,0,0,1.89106453084051
"lrrc15",184.997901131033,8,0,0,0.825487507703879
"col4a2",184.906131056596,8,0,0,1.03388122877254
"UTP14C",184.004262156921,8,0,0,0.626147056158104
"zgc:194398",183.666668204868,8,0,0,0.736554784778329
"pold1",183.649185086405,8,0,0,0.837717114785644
"igfbp2a",183.648519676589,8,0,0,1.56507744818307
"sh3gl3a",182.966702165691,8,0,0,1.69174973389076
"kifc1",182.667860477177,8,0,0,1.30284714578237
"ace",182.599760893533,8,0,0,4.65091236781077
"cd82a",181.733128100455,8,0,0,1.3066950535907
"cenpe",181.616839405207,8,0,0,1.00976643848602
"kif11",181.471406975608,8,0,0,1.08978859192243
"cd81b",180.35989741741,8,0,0,1.84044562996712
"ttk",180.248231807417,8,0,0,1.00279185219627
"hmmr",179.713082017872,8,0,0,1.53135742463369
"creb5b",179.220621923219,8,0,0,0.559254556856645
"ncapg",178.656139179725,8,0,0,0.851764377530662
"dnajc9",178.353375030231,8,0,0,0.438805765086706
"jupb",178.24381448761,8,0,0,0.789866240278537
"nusap1",177.645200628787,8,0,0,1.04572915351435
"flt1",177.229831837452,8,0,0,1.91189118947535
"bms1",176.808253950319,8,0,0,0.80705264159782
"zeb1b",176.166046820626,8,0,0,0.378879890958036
"meox1",174.73142151904,8,0,0,3.07553793483366
"ctdp1",174.555310322102,8,0,0,0.389324460574694
"hist1h4l.10",173.419875608268,8,0,0,0.627933938569174
"si:ch211-210g13.5",173.210741896635,8,0,0,0.881269178305317
"pbx3b",173.062247260127,8,0,0,1.42043717417021
"syne1b",172.901343840194,8,0,0,0.6644016195743
"iqsec2a",172.802647029829,8,0,0,0.602925715063258
"cad",171.419731080736,8,0,0,0.810636549579532
"gmps",171.105495813971,8,0,0,0.638687757483746
"irx3b",170.812407795276,8,0,0,2.03714441997839
"msh6",169.743589662128,8,0,0,0.754332797073794
"mid2",169.562053098323,8,0,0,0.347032989250956
"adgrl3.1",169.08939968309,8,0,0,0.457645726337663
"shmt1",168.638468413569,8,0,0,0.622039465694884
"fbxo5",168.584288549995,8,0,0,1.20416295883739
"ccdc120",167.807291572085,8,0,0,3.71992605716332
"e2f8",167.671578946228,8,0,0,0.874217694361725
"foxl2b",167.084293746467,8,0,0,3.52659950948121
"hoxc3a",166.912842052126,8,0,0,1.72727751763538
"ccnb1",166.785245026064,8,0,0,1.18452675860376
"si:dkey-30c15.10",166.234647838367,8,0,0,0.759520705226339
"cdc20",166.222579499244,8,0,0,1.01440601428618
"postna",163.862200450765,8,0,0,1.93224984932083
"kif22",163.827971051988,8,0,0,0.835087959920331
"pbk",163.203123756837,8,0,0,1.01665298266739
"wdr43",162.915521542547,8,0,0,0.611626260172677
"si:dkey-220k22.1",162.52998762026,8,0,0,0.993144325695895
"cita",162.209007429089,8,0,0,1.18305270532965
"nolc1",161.916851072443,8,0,0,0.514333873962449
"cacna1aa",161.837731256607,8,0,0,0.961078884721689
"snx22",160.517850716484,8,0,0,0.836559671192052
"metrnla",160.422535732109,8,0,0,1.39683230016092
"ncam2",160.349622529864,8,0,0,1.10989348414686
"agrn",159.860167380974,8,0,0,0.368378534167351
"nav3",159.745094000487,8,0,0,1.47791456214385
"slco2b1",159.59042679168,8,0,0,1.26677256845797
"mmp15b",158.49496838607,8,0,0,0.937179055753485
"CABZ01079281.1",157.903798293198,8,0,0,2.05934373837483
"pear1",157.398068834869,8,0,0,1.12410272007763
"uacab",156.676985234193,8,0,0,2.41028763801419
"ccn1",156.553006481213,8,0,0,0.879403206858436
"abtb2b",156.469747292749,8,0,0,1.38783439191713
"rhag",156.331463369262,8,0,0,1.03206619314102
"kif20bb",155.689828086335,8,0,0,1.19873365751036
"lrpprc",155.623453241771,8,0,0,0.701101877947511
"ccnf",154.642757101759,8,0,0,1.3426395698994
"caskin1",154.396259982607,8,0,0,1.09167303188246
"pitpnm3",154.3793195663,8,0,0,0.697990791300352
"ncaph",154.374579029102,8,0,0,1.15876216544856
"dip2a",153.531425030096,8,0,0,0.431958792855981
"hist2h3c",153.147960180585,8,0,0,1.1517511507633
"gria4a",152.978641994575,8,0,0,0.673256211343338
"birc5a",152.757168883496,8,0,0,1.03233984461944
"tshz3b",152.315244214855,8,0,0,0.771447870456332
"noc2l",151.850058546432,8,0,0,0.607170175067404
"spdl1",151.583917352734,8,0,0,0.958670461914337
"atad5a",151.484961797833,8,0,0,0.689025067867979
"ppp1r1c",151.105450440273,8,0,0,3.02302156575196
"ptprub",150.819719180804,8,0,0,1.38306702743939
"ablim3",150.695705541883,8,0,0,0.609801750170426
"csgalnact1a",150.563321708765,8,0,0,1.12908361511286
"kif15",149.184784614844,8,0,0,0.675594424867318
"fnbp1b",148.507888659549,8,0,0,0.535040564359706
"notum1a",148.434933701108,8,0,0,1.62219284897069
"hmgn2",148.086399687902,8,0,0,0.383887379490425
"chtf18",147.650307236469,8,0,0,0.898791461624163
"mpp2b",147.367790530541,8,0,0,7.48457273689591
"cdca7a",147.230846902309,8,0,0,1.02943939764797
"dip2ca",146.996352158372,8,0,0,0.480957590844132
"cdca8",145.786203447178,8,0,0,1.0528148269049
"thrab",145.574442109587,8,0,0,1.48139242353001
"kif4",145.049691281883,8,0,0,0.911722409174021
"smurf2",144.977360885848,8,0,0,0.368354760547589
"mtss1la",144.7378063896,8,0,0,0.482059159904261
"FRMD1",144.165654410758,8,0,0,1.17976062706309
"CKS2",144.065444961221,8,0,0,0.621273581790423
"ccnd1",144.038746469831,8,0,0,0.351282483471157
"zgc:86764",143.129175576603,8,0,0,0.939703107183911
"abcc2",142.890997047956,8,0,0,1.88460331082903
"pdlim2",142.508262914832,8,0,0,1.35453885113089
"etv1",142.476585127677,8,0,0,1.21987548083072
"haus4",142.252832986334,8,0,0,0.876223988781928
"efemp2b",142.240080822802,8,0,0,3.1676141787491
"adgrb1a",142.174173012102,8,0,0,3.31024603417713
"si:dkey-6i22.5",142.16383796969,8,0,0,0.739606595455304
"racgap1",141.615652484299,8,0,0,1.22931635511319
"calcrla",141.452446963693,8,0,0,0.67230603477391
"cdc14b",140.68837638327,8,0,0,0.594011075507036
"phgdh",140.664892860769,8,0,0,0.912165823636601
"tyms",140.57597047398,8,0,0,0.600609699234197
"ZNF423",139.380652921276,8,0,0,0.219130354209311
"si:dkey-102m7.3",139.324246290203,8,0,0,0.518948180166826
"rgs5b",138.693209555537,8,0,0,1.24727197355052
"aff2",138.21932191341,8,0,0,1.57136365071602
"pole",137.31871112074,8,0,0,0.776693454889473
"ntn1b",137.304586275187,8,0,0,1.20063140100379
"numa1",137.175094536884,8,0,0,0.970538661831583
"rad51",136.593553808834,8,0,0,0.573687182562438
"mtf2",136.042812416865,8,0,0,0.907864341231827
"si:ch1073-268j14.1",136.015891039233,8,0,0,0.771622545678706
"tmeff2a",135.472392042004,8,0,0,3.24182574554592
"rrs1",135.396264015088,8,0,0,0.622828785705299
"kntc1",135.068593711363,8,0,0,0.938883814096683
"gpatch4",134.827472364213,8,0,0,0.572100165756146
"ccne2",134.658385017417,8,0,0,0.890765906106604
"nsd2",134.507618994938,8,0,0,0.610772656101369
"eva1ba",134.439635533251,8,0,0,0.457867239795742
"vipr2",134.101895151354,8,0,0,2.58198004899168
"zbtb16b",133.69769438289,8,0,0,1.73082303088954
"si:ch211-117c9.5",133.414675541732,8,0,0,1.12327906628377
"igfbp3",133.314110174474,8,0,0,0.586583568224954
"prkcbb",133.079470220856,8,0,0,0.720742208520834
"serpinf1",132.877743532107,8,0,0,1.27616939602388
"ercc6l",132.687466690608,8,0,0,0.995949512857982
"ube2t",132.686491570265,8,0,0,1.0513901298482
"slc4a7",132.584484767606,8,0,0,0.360818688487355
"vav3b.1",132.512039240194,8,0,0,2.62269418186664
"FP236630.1",132.249900311356,8,0,0,1.42510385702388
"aurka",131.70171672786,8,0,0,1.15346885124999
"aif1l",131.355703474511,8,0,0,0.773110089273833
"gar1",131.126356812531,8,0,0,0.578099397505716
"ablim2",130.810232530805,8,0,0,0.91604599782394
"chaf1b",130.409996620241,8,0,0,0.763777156666378
"ppp1r14ab",130.070875863624,8,0,0,2.07387780889124
"foxo3b",129.636033040388,8,0,0,0.972818516713979
"ckap2l",129.590886174205,8,0,0,1.21691870618441
"si:ch1073-153i20.4",129.555854105773,8,0,0,1.13515093763288
"ATP8A1",129.516902565514,8,0,0,1.07445148713887
"tpra",129.33041062272,8,0,0,0.458783811959324
"npr1b",129.075274910599,8,0,0,1.90818268713514
"pkdcca",129.063633224285,8,0,0,1.18965763235087
"kif2c",128.747709666334,8,0,0,1.05884319757826
"si:dkey-25o16.4",128.581489476369,8,0,0,1.31402941730448
"sema3d",128.550399668707,8,0,0,5.41666805705828
"hdac9b",127.0489775091,8,0,0,0.879686281449466
"dock9b",126.827759109385,8,0,0,0.615974496301845
"anln",126.761422730976,8,0,0,0.930926700968155
"ackr3b",126.74399109653,8,0,0,3.71011337241828
"ccnb3",126.710397173555,8,0,0,1.1501370467772
"plekha1b",125.837407734104,8,0,0,1.38380017532116
"CABZ01044099.1",125.600498953004,8,0,0,0.323057748764026
"si:dkey-23a13.17",125.570481594987,8,0,0,1.12268686003731
"rgs4",125.563965035339,8,0,0,7.15751839762754
"tacc3",125.547810240851,8,0,0,1.16188708756963
"ckap5",125.534674588465,8,0,0,0.637102753426595
"larp4ab",125.525487395058,8,0,0,0.546589918541757
"dnmt3bb.1",125.373407761935,8,0,0,0.763793263140907
"CU457819.1",125.109475968678,8,0,0,1.22659951277806
"si:ch211-266i6.3",124.966808984109,8,0,0,0.879218836941418
"robo3",124.922123424571,8,0,0,0.632543480494272
"CABZ01061591.1",124.591774835606,8,0,0,0.715056089344148
"odc1",124.507943608447,8,0,0,0.372708661477426
"loxl3b",124.305967461248,8,0,0,0.297156148271304
"fkbp1ab",124.257117863046,8,0,0,0.726054010995716
"knl1",123.990198228271,8,0,0,1.25109221601379
"prc1a",123.943096466293,8,0,0,1.13843771433388
"si:ch211-244o22.2",123.331689160108,8,0,0,0.793142962139488
"CU467961.1",122.503464859239,8,0,0,0.235387084949424
"bcl3",122.365571001668,8,0,0,1.06671228291929
"tspan18a",122.35950103944,8,0,0,0.894457512367435
"pcdh1b",122.235157438906,8,0,0,0.245691188071147
"ppan",121.404331277441,8,0,0,0.60377488482866
"zgc:173552",121.242496968191,8,0,0,1.10092873568184
"CABZ01076275.1",121.21570825396,8,0,0,0.57516941715491
"tomm40l",121.071255318868,8,0,0,0.620100228332656
"bub1ba",120.945825805293,8,0,0,1.07438370198185
"kremen1",120.6881935082,8,0,0,0.994132731090542
"baiap2a",120.530984381805,8,0,0,0.541512280253563
"prc1b",120.461977747039,8,0,0,1.0873974807452
"bop1",119.645314231431,8,0,0,0.672680433424606
"g2e3",119.352647397297,8,0,0,1.20811443083168
"si:dkey-163f12.11",119.204491891195,8,0,0,3.97351807004975
"hist1h2a11.2",118.924477490852,8,0,0,1.22060925968606
"kmt5ab",118.268973408953,8,0,0,1.44050560025033
"cryba1l1",118.220288565442,8,0,0,1.5753945503271
"zgc:173587",118.184299317513,8,0,0,1.20875073807046
"cntln",117.945612558503,8,0,0,0.717784463471304
"zgc:113983",117.871533507108,8,0,0,1.23473508966719
"cdc6",117.776699891637,8,0,0,0.689927327339775
"ndc80",117.335612872462,8,0,0,1.01365804502076
"iqsec1b",117.240945606472,8,0,0,0.181768596851019
"si:ch73-36p18.1",116.850636289212,8,0,0,1.13590168037702
"rad18",116.752814784032,8,0,0,0.683948896271909
"rbpms2b",116.617589627252,8,0,0,0.565748151289135
"bub1bb",116.52399846785,8,0,0,1.3512065221304
"agtr1b",116.293265870355,8,0,0,0.867780554017575
"mxd3",116.160421897036,8,0,0,0.343435623963659
"atp11c",115.920120803354,8,0,0,0.452323726312167
"sox5",115.785059345742,8,0,0,0.808440115303046
"kif14",115.600167115482,8,0,0,1.28697920571212
"wdhd1",115.40986910712,8,0,0,0.748453248410137
"ppp1r14aa",115.406871029824,8,0,0,1.33590555420897
"myh9a",115.39322798036,8,0,0,2.04063125199672
"tnika",115.175681432113,8,0,0,2.33723287902661
"vash2",114.815709180445,8,0,0,0.29078230851958
"pes",114.813001633934,8,0,0,0.515632340987225
"dnase1l4.1",114.804192088659,8,0,0,1.38178442642524
"ppp1r9ala",114.686334892477,8,0,0,0.589165255468292
"pik3r6a",114.144392053766,8,0,0,1.2248164245468
"arhgap11a",113.948383622031,8,0,0,1.01383740925082
"egr1",113.896525389247,8,0,0,0.438744976790838
"si:ch211-285f17.1",113.863249680517,8,0,0,0.863873952320709
"kirrel3a",113.798523895867,8,0,0,0.965085290520786
"frem2a",113.731895987038,8,0,0,1.50563776956756
"pum3",113.421022905635,8,0,0,0.680076159179964
"pcnx1",113.298116309121,8,0,0,0.423254425651803
"cep112",112.7675726914,8,0,0,0.719385424749136
"sat1a.1",112.497413461682,8,0,0,1.72428247654839
"si:ch211-113a14.11",112.313030002438,8,0,0,1.27629909507762
"rgs12a",111.853387746178,8,0,0,0.793253753771687
"her9",111.647400228076,8,0,0,0.977261030160123
"march8",111.559199582204,8,0,0,0.301650466957644
"pdcd11",111.166037602542,8,0,0,0.51085702301196
"fosb",110.962261227231,8,0,0,0.670765225260416
"ptprua",110.684452535359,8,0,0,1.32284960068633
"ect2",110.647560799533,8,0,0,0.786814647726077
"hist1h2a3.1",110.546988615174,8,0,0,1.36224405073899
"tmem204",110.406269693173,8,0,0,0.426816211318714
"ube2s",110.154891152921,8,0,0,0.746794041987431
"si:dkey-185e18.7",109.539605461725,8,0,0,0.732391015302408
"unga",109.524175033784,8,0,0,0.701186890170063
"hist1h4l.14",109.286541643028,8,0,0,1.40010789109665
"zcchc7",108.998458460114,8,0,0,0.451530902966708
"e2f7",108.903739713902,8,0,0,0.97765621439127
"ccdc3b",108.877282509653,8,0,0,1.38097029752347
"si:dkey-239h2.3",108.819611882662,8,0,0,0.559558271873409
"cks2",108.664778944606,8,0,0,1.02272996859375
"CABZ01026153.1",108.597882025008,8,0,0,1.16014541640046
"sptbn2",108.469716619391,8,0,0,1.05585902415883
"fat3a",108.456095138548,8,0,0,0.97098592205466
"pgfb",108.080855940631,8,0,0,1.68528410312395
"arid3c",108.043043849426,8,0,0,0.63415042031364
"armc1l",107.918631736528,8,0,0,1.01314979371885
"enox2",107.28749656097,8,0,0,0.695781173040076
"shc1",107.03675350575,8,0,0,0.272907633495159
"slc38a2",106.901297556727,8,0,0,0.446692890194347
"bcam",106.819939921683,8,0,0,1.0652634963065
"si:dkey-172h23.2",106.694578974437,8,0,0,2.22547956358394
"kif23",106.584782895875,8,0,0,0.743654017402501
"efnb2a",106.118126192126,8,0,0,1.73811869872293
"mybl2b",106.089371611831,8,0,0,1.04531264790642
"rbpms2a",106.016411001941,8,0,0,0.633804503362015
"pola2",105.966339068494,8,0,0,0.592271959031545
"ssbp2",105.899072330121,8,0,0,0.893771212807297
"si:dkey-79d12.6",105.849245150277,8,0,0,1.2622146125406
"kcnq5a",105.432758618072,8,0,0,1.49139567996005
"ngfb",105.3309206609,8,0,0,7.61903976176061
"cfd",105.29659614811,8,0,0,1.63003918679871
"si:ch211-126c2.4",105.19433267602,8,0,0,0.828817510092987
"hist1h2a11.4",105.099679755686,8,0,0,1.15515826737517
"epha4a",104.808276340728,8,0,0,0.616611765432328
"kif20ba",104.637312359872,8,0,0,0.94018351948884
"tmem198b",104.31898701358,8,0,0,0.63241364619015
"sox7",104.233705506583,8,0,0,1.0673381782816
"afap1l1a",103.473221851198,8,0,0,0.485553175693501
"twistnb",103.298602105085,8,0,0,0.692318190499531
"usp36",103.291982271592,8,0,0,0.393914223033541
"hist1h2a3.4",103.231696122927,8,0,0,1.13701322808482
"prr11",102.897860970348,8,0,0,0.952778066963195
"mcm10",102.561158144133,8,0,0,1.07173247419258
"pdgfra",102.335823993888,8,0,0,2.58567299729257
"kif18a",102.120449855013,8,0,0,1.30430395766687
"loxl2a",102.073411904501,8,0,0,3.08805704899839
"spc24",101.995120585528,8,0,0,0.755756405824737
"nol4lb",101.890110246771,8,0,0,0.47480005542764
"dnajc21",101.8508127674,8,0,0,0.574551948516985
"spc25",101.783334368848,8,0,0,0.557365274232722
"zgc:194627",101.142001412608,8,0,0,0.985513670694973
"myca",100.765352145863,8,0,0,0.901013226136417
"nr4a1",100.738103787961,8,0,0,0.551763003936402
"si:dkey-88l16.3",100.656494743079,8,0,0,3.36524358636095
"slc7a3a",100.546804190281,8,0,0,0.53315570168075
"dchs1b",100.489649844799,8,0,0,0.583123945048029
"rnd3a",100.404658264483,8,0,0,0.614631289458058
"iqgap3",100.333582655933,8,0,0,1.64675143542486
"fbln2",100.293726811646,8,0,0,2.01333913541247
"kalrnb",100.073412888121,8,0,0,0.776036883515572
"pcdh15b",100.023279269451,8,0,0,0.979199406287513
"CABZ01021592.1",99.8966426924893,8,0,0,0.399375462117484
"apln",99.718880248934,8,0,0,0.939109017485913
"abi3bpb",99.3867338932162,8,0,0,1.50963360115477
"cxcl14",98.8499157268826,8,0,0,10.6039303020871
"ankrd13b",98.8436210981313,8,0,0,1.68827994078487
"hist1h2a1",98.5772114112724,8,0,0,1.16753792025789
"sema6bb",98.5007433528439,8,0,0,2.40839017644095
"bard1",98.4010096091175,8,0,0,1.11822525970985
"emp3b",98.3512068984742,8,0,0,8.92845506081445
"gulp1a",98.2239360069906,8,0,0,1.5442452506574
"CR762436.2",98.077698582074,8,0,0,1.68381283684142
"si:dkeyp-26a9.2",97.9281500653665,8,0,0,1.33953696213103
"lrp8",97.835967342139,8,0,0,0.904967304124
"CABZ01068358.1",97.4086125979647,8,0,0,2.14256973068247
"plekhg4",96.9228157966635,8,0,0,0.585159288123149
"dcbld1",96.8692524461184,8,0,0,1.04992258541908
"cxadr",96.8551320594401,8,0,0,1.13092041200378
"utp3",96.8397592458854,8,0,0,0.467741893193109
"depdc1a",96.7380607537062,8,0,0,1.25011463636725
"zfhx4",96.520730452289,8,0,0,1.11298656764499
"fhl1b",96.3166156665907,8,0,0,0.721513339711397
"p4ha1b",96.1597391158467,8,0,0,0.578405640804355
"nfixa",95.826245350059,8,0,0,2.21619288101704
"baz1a.1",95.6489500310461,8,0,0,0.428013582636544
"hist1h2a11.1",95.5710102294037,8,0,0,1.20535689272244
"CU302436.1",95.5299900548605,8,0,0,1.24653572581133
"cenpt",95.15121710795,8,0,0,1.18760761111918
"si:ch211-156j22.4",95.1383018665219,8,0,0,1.2540607541353
"hist1h2a5",94.9110489681696,8,0,0,1.23058315367102
"chsy1",94.865599652248,8,0,0,0.923903396354302
"si:ch73-368j24.11",94.771182285621,8,0,0,1.37114146763286
"p3h2",94.4262337213983,8,1.11022302462516e-16,2.81120692473893e-16,1.48545316143557
"taok3a",94.3769388286762,8,1.11022302462516e-16,2.81120692473893e-16,1.90051480720934
"dck",93.9065905808644,8,1.11022302462516e-16,2.81120692473893e-16,0.773078260704833
"s100a10b",93.8291046306471,8,1.11022302462516e-16,2.81120692473893e-16,1.27267082061453
"poc1b",93.4310975220628,8,1.11022302462516e-16,2.81120692473893e-16,0.665026637458254
"dusp19b",93.3798418738675,8,1.11022302462516e-16,2.81120692473893e-16,0.439424787766678
"si:dkey-230p4.1",92.6949279790338,8,1.11022302462516e-16,2.81120692473893e-16,0.334428790254693
"jdp2b",92.5266716346761,8,1.11022302462516e-16,2.81120692473893e-16,0.590046871421323
"znfl2a",92.1555677084117,8,2.22044604925031e-16,5.56407492496966e-16,0.987818265710297
"dnmt3ba",91.9591837355319,8,2.22044604925031e-16,5.56407492496966e-16,0.424174708964838
"ptprfb",91.895059253786,8,2.22044604925031e-16,5.56407492496966e-16,0.629333156586306
"tspan2a",91.7314828010906,8,2.22044604925031e-16,5.56407492496966e-16,1.32014832768059
"im:7151449",91.5847049919024,8,2.22044604925031e-16,5.56407492496966e-16,2.44555790257143
"gpc1b",91.1957841307315,8,2.22044604925031e-16,5.56407492496966e-16,3.17130275358309
"cenpp",91.1225364218555,8,2.22044604925031e-16,5.56407492496966e-16,0.708921971090028
"lrmda",91.1082755417051,8,2.22044604925031e-16,5.56407492496966e-16,0.296478383565732
"hoxb9a",90.9105756070388,8,3.33066907387547e-16,8.29233589011264e-16,1.64129662880254
"cxcl18b",90.8159292675616,8,3.33066907387547e-16,8.29233589011264e-16,1.00677573580164
"ephb1",90.7448642372142,8,3.33066907387547e-16,8.29233589011264e-16,1.3127073198839
"heatr1",90.5654481438023,8,3.33066907387547e-16,8.29233589011264e-16,0.620577165018388
"klhl5",90.4519898349205,8,3.33066907387547e-16,8.29233589011264e-16,0.538050879749854
"mpped2a",90.3829007404392,8,4.44089209850063e-16,1.09997481209016e-15,0.597389098430603
"CU459186.5",90.3158902526102,8,4.44089209850063e-16,1.09997481209016e-15,1.17620527404766
"si:ch1073-153i20.5",90.1662492094225,8,4.44089209850063e-16,1.09997481209016e-15,1.28867331499019
"espl1",89.8560982322016,8,4.44089209850063e-16,1.09997481209016e-15,1.17359043702755
"zranb3",89.7758304522906,8,5.55111512312578e-16,1.36970043651073e-15,0.785546069715003
"mgat4b",89.7413800615895,8,5.55111512312578e-16,1.36970043651073e-15,2.69889033674106
"meis1a",89.4895287562239,8,5.55111512312578e-16,1.36970043651073e-15,4.5216618132299
"melk",89.2138893561505,8,6.66133814775094e-16,1.63945290464393e-15,1.35719681187003
"nedd4a",89.1068526491643,8,6.66133814775094e-16,1.63945290464393e-15,0.734668081808339
"scube3",88.2853111464157,8,9.99200722162641e-16,2.45605063004863e-15,1.46816283823648
"rapgef4",88.000175674959,8,1.22124532708767e-15,2.99802537729782e-15,1.32200523472004
"FP236812.1",87.834281953634,8,1.33226762955019e-15,3.26642266534386e-15,1.11810150068084
"apoeb",87.3627601183465,8,1.55431223447522e-15,3.80599649810662e-15,0.50860930454711
"hsp90b1",87.2009976912041,8,1.66533453693773e-15,4.0726915510933e-15,0.663387850834166
"sh2d3ca",86.6970686270842,8,2.22044604925031e-15,5.40971219060732e-15,0.891193649285859
"FQ312024.1",86.6396430357336,8,2.22044604925031e-15,5.40971219060732e-15,1.36252168988572
"BX942846.1",86.6317868137732,8,2.22044604925031e-15,5.40971219060732e-15,0.779834128718147
"angpt2a",86.3719931249691,8,2.55351295663786e-15,6.21333379373343e-15,2.37493522896274
"CU459186.2",86.214322532355,8,2.77555756156289e-15,6.73665478509988e-15,0.887190015084353
"zgc:171759.4",86.1392295364068,8,2.77555756156289e-15,6.73665478509988e-15,1.18359573271804
"prkceb",86.1086833300182,8,2.88657986402541e-15,6.99733036047313e-15,0.806130151890538
"bicd1a",85.6065154647046,8,3.66373598126302e-15,8.8700976388473e-15,1.73355313324372
"pho",85.0131366214333,8,4.77395900588817e-15,1.15291109992199e-14,0.37533359255312
"dchs1a",84.9885822015836,8,4.77395900588817e-15,1.15291109992199e-14,2.72194007331116
"nrg2a",84.4899235048769,8,6.10622663543836e-15,1.47097629172904e-14,1.14842376068942
"col18a1b",84.4701039278962,8,6.10622663543836e-15,1.47097629172904e-14,3.1883948447916
"fam149a",84.3540658519497,8,6.43929354282591e-15,1.549279592122e-14,1.80949481858895
"spry4",84.0772633329397,8,7.32747196252603e-15,1.76078057606969e-14,0.518305600061149
"pnp5b",83.8291593495846,8,8.21565038222616e-15,1.97175609173428e-14,1.04230745234616
"prkd3",83.3086306827581,8,1.0547118733939e-14,2.52816791488463e-14,0.240973110246254
"cep192",83.2717341203294,8,1.06581410364015e-14,2.55161443399352e-14,0.49959900746025
"atp13a3",83.2449746688377,8,1.08801856413265e-14,2.60154933899045e-14,0.543064570761258
"agap3",83.1482982430443,8,1.13242748511766e-14,2.70438801143055e-14,0.812636778957838
"igdcc4",82.5236799086359,8,1.52100554373646e-14,3.62787988950475e-14,1.84655409095806
"CABZ01072848.1",82.5036517253735,8,1.53210777398272e-14,3.6498547710661e-14,0.797454849817443
"hspb1",82.0935414725979,8,1.85407245112401e-14,4.4114137630192e-14,2.71321169799522
"f3a",81.7541458532101,8,2.16493489801906e-14,5.14471614141798e-14,0.571318306502028
"tp53inp2",81.5453950231112,8,2.38697950294409e-14,5.66541081042749e-14,0.312176700025049
"brip1",81.4530203229729,8,2.48689957516035e-14,5.89532512786478e-14,0.691462932238611
"hist1h4l.13",81.4507154250087,8,2.4980018054066e-14,5.91438662750681e-14,1.18439947894922
"wnt9a",81.2440921536372,8,2.74225087082414e-14,6.48473522941522e-14,0.862268481550247
"coro2bb",80.6392062690779,8,3.63042929052426e-14,8.57455915561476e-14,1.93733053141682
"CR936442.1",80.5260075993959,8,3.83026943495679e-14,9.03550738502627e-14,1.64447587208039
"pik3c2b",80.4796316294796,8,3.9190872769268e-14,9.23375197441778e-14,0.548780532222777
"loxl1",79.9014444272184,8,5.11812814352197e-14,1.20441212829287e-13,0.63724367007808
"vwa1",79.7712711430282,8,5.44009282066327e-14,1.27862035638947e-13,1.87269884114193
"suclg2",79.7662105209154,8,5.45119505090952e-14,1.27967300587572e-13,0.642481184167677
"zgc:162730",79.5865896195207,8,5.91748872125208e-14,1.38745002541978e-13,0.277377056159749
"ca16b",79.5674342609394,8,5.97299987248334e-14,1.39876797013792e-13,1.36708419532758
"sdk1b",79.5275813941489,8,6.08402217494586e-14,1.42304247481784e-13,2.45063012319755
"tuft1a",79.4378297848646,8,6.33937347060964e-14,1.48097576121135e-13,2.85678904507067
"klf17",79.3744317068613,8,6.52811138479592e-14,1.52322598978571e-13,1.29490669417803
"macrod2",78.6523873867361,8,9.12603326241879e-14,2.12683911495695e-13,0.304983372779478
"hey1",78.0874774104346,8,1.18571819029967e-13,2.76000908874573e-13,1.19369015599095
"cbfb",77.5941104035946,8,1.48880907602233e-13,3.46134673270175e-13,1.16488095136108
"hist1h4l.9",77.5710968296118,8,1.50546242139171e-13,3.49585744967402e-13,1.1923052949867
"trhde.2.1",77.460836974619,8,1.58317803311547e-13,3.6719087154611e-13,4.81289377878492
"hbegfa",77.4509326672757,8,1.59094959428785e-13,3.68550913209128e-13,1.01912065177933
"krcp",77.0664424776423,8,1.90070181815827e-13,4.39779151219374e-13,0.820745599562043
"thbs3b",76.3471295423348,8,2.64899213675562e-13,6.12183350264577e-13,1.1684117802277
"skp2",76.1771019634983,8,2.86548562655753e-13,6.61423922402526e-13,0.836871187823659
"ntrk3a",76.01828450813,8,3.08308933938406e-13,7.10802936001194e-13,0.866495428855355
"hist1h2a4",75.712458482733,8,3.55049323275125e-13,8.17586761105532e-13,1.59250945536815
"clybl",75.3046449516959,8,4.28657109807773e-13,9.85911352557878e-13,0.986149570661535
"inpp5l",75.2893925530848,8,4.31654711974261e-13,9.9162533119414e-13,0.391978270915246
"nuak1a",75.0398924998205,8,4.84279283341493e-13,1.11119664538689e-12,1.1572537162018
"ogfrl1",74.963032003111,8,5.01709784828108e-13,1.14982598373417e-12,1.98486248305026
"pold2",74.7083005642992,8,5.64215341114505e-13,1.29154506994458e-12,1.05220823777313
"zgc:173552.5",74.6610753212243,8,5.76649838990306e-13,1.31844673246068e-12,1.12192047620477
"si:dkey-251i10.2",74.5902168670806,8,5.95856697316322e-13,1.36075075557344e-12,1.23266250486919
"s1pr2",74.5768457531264,8,5.99520433297585e-13,1.36750115363747e-12,0.722954581093294
"FP016248.1",74.1939394309685,8,7.15205672463526e-13,1.62945443301832e-12,0.573828867016428
"hist1h2a2",74.1354325150551,8,7.34745597696929e-13,1.67200058274495e-12,1.19011307808942
"si:dkeyp-23e4.3",74.1307207703122,8,7.36299909931404e-13,1.67356638351467e-12,1.29676591845399
"rrp12",74.1102564350359,8,7.43294314986542e-13,1.68747898537485e-12,0.48974040198688
"bves",74.0788482499772,8,7.54174500627869e-13,1.71017034649418e-12,1.08897291100026
"neil3",74.0395738489583,8,7.67941266133221e-13,1.73934645506375e-12,1.27452476525702
"cd99",73.6304759409014,8,9.27036225562006e-13,2.09722949389437e-12,0.509173188182433
"osbpl3b",73.6246427698126,8,9.29589738518644e-13,2.10054663721406e-12,0.891829243506484
"dcn",73.1666680771768,8,1.14774856285749e-12,2.59047923299143e-12,0.68091791736805
"hist1h2a10.1",72.8620564789345,8,1.3203882431867e-12,2.9766512086776e-12,0.981304095033607
"apobb.1",72.5143687705343,8,1.54931623086441e-12,3.48867011425412e-12,1.02231186872559
"efna3b",72.4191587316119,8,1.61859414760102e-12,3.64042362417365e-12,0.690119318374808
"FQ377603.1",72.2462581331326,8,1.75248704437081e-12,3.93698252293535e-12,1.58604140945001
"hist1h4l.21",72.0601031503708,8,1.90913951314542e-12,4.28392280998484e-12,1.22327530968365
"hist1h4l.15",71.8494315906955,8,2.10309547554743e-12,4.7136664254729e-12,0.927545365408001
"eno1a",71.7312147172439,8,2.22055707155278e-12,4.97116600491305e-12,0.675802281605618
"si:ch211-214p13.9",71.662943547272,8,2.2912782782214e-12,5.1235528165784e-12,3.9759002397204
"si:ch73-86n18.1",71.4602180970314,8,2.5148771953809e-12,5.61704363176405e-12,0.907319546489327
"sntb1",71.4277099761207,8,2.55262477821816e-12,5.6947702904359e-12,1.28327374212323
"bcl2a",71.3995196272251,8,2.58593146895691e-12,5.76242168168946e-12,0.450950147292996
"plekhg5b",70.7379228301911,8,3.50341977650714e-12,7.79793434125784e-12,0.242687777740042
"tmem256",70.2986565182339,8,4.28557189735557e-12,9.52787676143953e-12,0.360079208479742
"pprc1",70.1791625704477,8,4.52693438290908e-12,1.00529163537705e-11,0.522307601326135
"aqp8a.1",70.0755072462575,8,4.74720263099471e-12,1.0529960370932e-11,1.51555886275258
"si:dkey-57a22.11",69.9927629287888,8,4.93072249696525e-12,1.09244906698817e-11,1.22153439329223
"inpp4b",69.8209140634411,8,5.3348436779288e-12,1.18063207167909e-11,0.421823035755829
"pcdh9",69.5022161911994,8,6.17361717303311e-12,1.36469432245995e-11,0.809678932160803
"CU928117.1",69.3020226158398,8,6.76647626818294e-12,1.49403796001479e-11,0.386895756300457
"rasl12",69.2608496583761,8,6.89526213903946e-12,1.52073589641829e-11,1.27628216518991
"cenpi",68.9358308038603,8,8.00171040538089e-12,1.7627485180383e-11,1.08885335703992
"tnfaip3",68.7972192148508,8,8.52584669530643e-12,1.87607469422916e-11,1.02605386007971
"tm4sf18",68.7843704684742,8,8.57613979832195e-12,1.88499454952878e-11,0.265495339873622
"ckbb",68.6694565587807,8,9.0392138218931e-12,1.98451830726108e-11,1.18342873464216
"hist1h4l.8",68.5383986368441,8,9.59787804788448e-12,2.10477870471201e-11,1.10779619912561
"rasgrp3",68.3140463469776,8,1.06353814643967e-11,2.32965498743927e-11,0.729234658416266
"inhbaa",68.2698787565468,8,1.08523190434084e-11,2.37448249058495e-11,1.37549973528923
"gnao1a",68.2230019207682,8,1.10875753023265e-11,2.42321215883426e-11,0.409733916137246
"rapgef5b",67.9924916333646,8,1.23201449042654e-11,2.68955027740573e-11,0.314894865909376
"ier5l",67.9562611469634,8,1.25258692307284e-11,2.73137464489473e-11,0.296738922432378
"ece2b",67.8868463370815,8,1.2929768367087e-11,2.81626972775785e-11,1.88560445105878
"nhsl1a",67.6861162357161,8,1.4172218953945e-11,3.0834152048448e-11,0.99863689096685
"si:dkey-108k21.19",67.3509059260502,8,1.65178981603731e-11,3.58971645060076e-11,1.12289685782209
"arhgef39",66.8296668440135,8,2.09569028797318e-11,4.54929622063392e-11,0.739633100628792
"slc18a2",66.5281369874689,8,2.40488740033129e-11,5.21463799937155e-11,1.14218017752734
"slc29a2",66.415836714557,8,2.5313195983756e-11,5.48263392832025e-11,1.23371434946328
"dbf4b",66.3676411485454,8,2.58758570126361e-11,5.59822572770581e-11,1.75424118554523
"slc6a9",66.2554777538426,8,2.72343259055674e-11,5.88553888697497e-11,0.832601522463425
"eepd1",66.0276818579859,8,3.02157188158958e-11,6.52254399467159e-11,1.40306779970557
"kirrel1b",65.6776380014758,8,3.54434259719483e-11,7.64248872520135e-11,0.764912331712553
"auts2a",65.6416703096273,8,3.60291796397405e-11,7.76013099932872e-11,0.752161236979946
"si:ch211-13k12.2",65.6171421264598,8,3.64341889991238e-11,7.83862507197184e-11,0.460718074974192
"npdc1a",65.5376590545573,8,3.77780029481301e-11,8.11869874257923e-11,1.53154581276766
"mtfr2",64.7455027943258,8,5.41887645866268e-11,1.16325214645959e-10,1.16884164514523
"ipo11",64.5026672981941,8,6.05201444514591e-11,1.29772385216669e-10,0.282656970013001
"mast2",64.2508123724095,8,6.78664902054038e-11,1.45363701859025e-10,0.232976972626939
"sgo1",64.0151973860725,8,7.55414619746375e-11,1.61623593062015e-10,1.40522645520586
"si:dkey-108k21.14",63.9642973042507,8,7.73099362305629e-11,1.65224332740539e-10,1.32271631799707
"SAMD5",63.9176382485157,8,7.89671661394209e-11,1.68579629813659e-10,0.678593037886452
"kcnab2a",63.834449545555,8,8.20103984722209e-11,1.74883101377849e-10,0.840518676056239
"pcdh7b",63.5283125282219,8,9.42507183410157e-11,2.00763382397842e-10,1.39099735859984
"b4galt5",63.4130161969971,8,9.93186644038246e-11,2.11325616330605e-10,0.373930452433846
"hist1h2a11.3",62.6276153076434,8,1.41863631952788e-10,3.01518742500315e-10,2.10751352427375
"pdgfbb",62.4628029186159,8,1.52875934134045e-10,3.24567367853818e-10,0.725108133383402
"mgat4c",62.0161107484305,8,1.87195592360467e-10,3.96994384676644e-10,1.06287653673792
"mis18bp1",61.6465670077388,8,2.21316187598575e-10,4.68840871096981e-10,1.071671895658
"krt4",61.4040442622533,8,2.47008857812148e-10,5.22695633398762e-10,0.424511500062332
"si:dkeyp-52c3.7.1",61.3421389734866,8,2.54029908219877e-10,5.36964751291907e-10,1.76767714360686
"dhrs11a",61.1469336155555,8,2.77498135581311e-10,5.85930489555293e-10,0.47442507969935
"cenpl",60.845323078855,8,3.18074677707614e-10,6.70873665208635e-10,1.08831429817478
"h1-10",60.8344211347201,8,3.1964708657739e-10,6.73454930498929e-10,0.32041604400409
"primpol",60.702055252254,8,3.39368755319924e-10,7.14227053679841e-10,1.24115595386754
"ltbp1",60.3494205023511,8,3.98027388825994e-10,8.36767045932341e-10,0.718360856764901
"zfhx3",60.3455555140386,8,3.98723387640132e-10,8.37319114044277e-10,0.226751761301231
"BX005003.1",60.3296093015954,8,4.01607413991201e-10,8.42459852150923e-10,1.05949909669737
"si:dkey-71h2.2",60.0368734357494,8,4.58403648373462e-10,9.60559488782569e-10,1.42571931250089
"CT033796.2",60.0066062260845,8,4.64714378090036e-10,9.72728254030282e-10,0.413475822819766
"col11a1b",59.8370008827003,8,5.01711894251855e-10,1.04903396070842e-09,0.79629370999675
"slc7a7",59.8279147330478,8,5.03774799653911e-10,1.05220855452039e-09,1.76184247945867
"si:ch211-191c10.1",59.6428431575613,8,5.47679901430342e-10,1.14267556108361e-09,1.36120761562491
"nfkb2",59.368687797093,8,6.19817863700689e-10,1.29178868680661e-09,0.576766649905076
"cldn5a",59.2166930695723,8,6.63812560475208e-10,1.38198908064451e-09,0.386251209487021
"igfbp7",58.8297330761727,8,7.90367660208346e-10,1.64369248603071e-09,1.17374288592099
"si:dkey-225f5.4",58.7545999151768,8,8.17593659441229e-10,1.69848489251662e-09,0.867961000388852
"gfra3",58.3858484407629,8,9.65376445449806e-10,2.00333758604621e-09,1.82159877220393
"six2a",58.2413993053148,8,1.03026775999382e-09,2.1357052707168e-09,18.9611485544064
"cnmd",58.1272266139738,8,1.0846169518075e-09,2.24595921853387e-09,6.48672282334197
"epha7",57.8840670786882,8,1.21006926701028e-09,2.50305548593562e-09,1.21902154806314
"hoxc8a",57.8353923865242,8,1.23686649811106e-09,2.55574981213964e-09,3.41534316562634
"fgfrl1a",57.7737741136799,8,1.27163879426462e-09,2.62479289585389e-09,1.05333299671879
"pttg1",57.434817993528,8,1.48106837905004e-09,3.0538144165685e-09,0.804391484569681
"efnb3a",57.1388073106857,8,1.69185498943847e-09,3.48471624690311e-09,0.627422231129807
"cited1",56.8284621890453,8,1.94497828953644e-09,4.00180836569158e-09,2.74987511128726
"relb",56.7310518011881,8,2.03195071879492e-09,4.17630722203381e-09,1.24751858316914
"CT573344.1",56.5774775396889,8,2.17699902549384e-09,4.46967281323497e-09,1.47339634211845
"wscd2",56.4814173923619,8,2.27292051846462e-09,4.66165864296565e-09,2.38909851541364
"sobpa",56.4585107339114,8,2.29640861881819e-09,4.70483717026166e-09,1.27389591086285
"CRACD",56.2142306434969,8,2.56242627116876e-09,5.24428766514623e-09,0.842720987207879
"CABZ01027646.1",56.1929770179461,8,2.58697319122092e-09,5.28892296871833e-09,4.68233088067872
"foxo1b",56.0793849082489,8,2.72219136121521e-09,5.55948595123444e-09,0.48431356287596
"ephb2b",55.8027332926216,8,3.08167735774134e-09,6.28701230745118e-09,0.588417580968161
"zgc:163030",55.6650238226468,8,3.27785998344154e-09,6.68019566245682e-09,0.813266829779792
"hoxd9a",55.6282031210491,8,3.33238969751903e-09,6.78416954226214e-09,3.63037426772541
"dachd",55.537458876853,8,3.4706637563886e-09,7.05823408141345e-09,1.23106948964829
"pdgfd",55.20097474505,8,4.03512090407787e-09,8.19753268841056e-09,0.58807201931106
"hmox1a",55.1835995162461,8,4.06663047680667e-09,8.25286773234294e-09,2.43228913837885
"abhd17b",54.9536726292215,8,4.50740655910664e-09,9.13778538530329e-09,0.712610166746342
"fstl1a",54.9458739661025,8,4.52316295529442e-09,9.16011617361512e-09,0.889346961561261
"cplx2",54.8954122734553,8,4.62644866860984e-09,9.35947521230807e-09,1.20638402346793
"si:ch211-185a18.2",54.8650480933964,8,4.68972638500986e-09,9.47756420066847e-09,0.471617234318109
"fhl3b",54.7696224963691,8,4.89425155958401e-09,9.88055800743605e-09,2.6380054343846
"tlx1",54.6961882245727,8,5.05766695191312e-09,1.01998043330857e-08,10.7018629925543
"CU459186.4",54.4977234737749,8,5.52699830347336e-09,1.11346827135668e-08,1.45081007976635
"slc4a11",54.1882132618945,8,6.34687646883236e-09,1.27730888935251e-08,0.973015103641756
"tgfb2",53.957130754872,8,7.03693781023418e-09,1.4147100779784e-08,1.8267235119983
"rbbp8",53.6687180282911,8,8.00381294574493e-09,1.60741856665064e-08,0.732787180417471
"FP325123.1",53.5577733988627,8,8.41000058482422e-09,1.68723999271863e-08,0.977548215115455
"inpp4ab",53.3335423687873,8,9.29463306320599e-09,1.8627833068583e-08,2.50615832036322
"esm1",53.2934766167472,8,9.46218059461046e-09,1.89439719262046e-08,0.462812504939414
"pik3r5",53.2120816173279,8,9.8118702052119e-09,1.96237404104238e-08,0.480333444383615
"mnd1",53.0642234460097,8,1.04803182798818e-08,2.09389606170959e-08,0.706715515625759
"agbl4.1",52.9832968541646,8,1.08651683206062e-08,2.16854392514579e-08,0.570048659899246
"msi2b",52.9030243132635,8,1.12607961844091e-08,2.24518660766547e-08,0.440132749381087
"matn4",52.7138039650842,8,1.22510148692356e-08,2.44009904405807e-08,0.967188036442679
"hopx",52.5753052978199,8,1.30302754142164e-08,2.59263564369373e-08,0.487292694938588
"CABZ01086127.1",52.5274651975171,8,1.33107497246598e-08,2.64571692058054e-08,1.01135543899931
"dkk1a",52.5058021629969,8,1.34397225570737e-08,2.66860678111679e-08,307.161307081878
"rassf7a",52.4475674471527,8,1.37926249310638e-08,2.73586769679828e-08,0.991725441354871
"dph1",52.4030044704379,8,1.4068890052954e-08,2.78780467510842e-08,0.410539099687667
"FP236822.2",51.957124782679,8,1.71549437988361e-08,3.39583518640895e-08,13.250716917816
"col1a2",51.2099527577981,8,2.39067288188011e-08,4.72751280224398e-08,0.283330690225431
"triob",50.9466633135126,8,2.68688364890579e-08,5.30783150274641e-08,0.493284575424753
"nfkbiaa",50.93213602852,8,2.70425067894209e-08,5.33668264730962e-08,0.870408486858763
"skila",50.5035083548932,8,3.27009589407012e-08,6.4467604768811e-08,0.711940507593889
"si:dkey-23a13.22",50.2745348850829,8,3.61912980695323e-08,7.12758286140024e-08,0.780292274456443
"nptna",50.2036242898349,8,3.73455614210982e-08,7.3474159537232e-08,1.78725270411116
"kctd12.2",50.0733589993172,8,3.9562201958887e-08,7.77560266374057e-08,0.719477550984638
"BX640512.3",50.0575033832627,8,3.9840786114631e-08,7.82239824933609e-08,1.34365438253258
"si:ch211-176g6.2",49.9947955594159,8,4.09618106100851e-08,8.0343368628106e-08,6.34418929416943
"mctp1a",49.8259198152566,8,4.41392030703369e-08,8.64877690992809e-08,1.15930124354008
"adamts2",49.7609949124767,8,4.54249623471625e-08,8.89169475731692e-08,0.977718268869537
"mmp17a",49.7424863440566,8,4.57982765045273e-08,8.95569536505533e-08,1.05757446713367
"aanat2",49.7303968324467,8,4.60437650229295e-08,8.99459595796762e-08,1.13461400485334
"notum1b",49.622107603779,8,4.83018491870268e-08,9.42617905346827e-08,0.990268203336407
"mylka",49.4620259686087,8,5.18431148011089e-08,1.01070532589044e-07,1.14569987788535
"slc43a2b",49.2025933877049,8,5.8138264869001e-08,1.13228959402127e-07,3.5536206375937
"hist1h4l.17",48.9082738789778,8,6.62042420884745e-08,1.28808253489358e-07,2.36991004203736
"gulp1b",48.8982830810731,8,6.64967456653898e-08,1.29247195800335e-07,0.88913283353903
"mylipa",48.6049628377813,8,7.56812331692558e-08,1.46950896967841e-07,1.2772152060014
"CR377229.1",48.4680343701685,8,8.03902018287062e-08,1.55937620414719e-07,1.8587343797843
"nphp4",48.4565956199626,8,8.07965162552549e-08,1.56568575130544e-07,0.601102065777775
"hmcn2.1",48.3446449353782,8,8.48824410759619e-08,1.64321519197153e-07,1.02213581517362
"glsb",48.3327335779376,8,8.53290856861477e-08,1.65020814359997e-07,0.771497122965407
"elavl4",48.289542823462,8,8.69683063342563e-08,1.68022767837783e-07,0.621661127019233
"si:dkey-23a13.21",48.1703722234625,8,9.16553095642314e-08,1.76901156921174e-07,1.05077087908132
"plxna1a",48.0665946379521,8,9.59408863465683e-08,1.84987816787994e-07,1.1318915018618
"col5a1",48.0470953177512,8,9.67680738872545e-08,1.86396728564482e-07,0.367701660626816
"zeb2a",47.7493767163368,8,1.10314607337791e-07,2.12278706550411e-07,0.659330489078811
"pla2g4aa",47.6642402276395,8,1.14523895367036e-07,2.20159369004093e-07,1.15748206029354
"si:ch73-380l10.2",47.4515988476436,8,1.25747417811795e-07,2.41495040966588e-07,1.83612006655851
"hoxa2b",47.392964357617,8,1.29030059081714e-07,2.47553201733735e-07,3.35558259764469
"pif1",47.123334814855,8,1.45255573125169e-07,2.78406515156574e-07,3.34136570847721
"tmsb",47.1056683850524,8,1.46386822663658e-07,2.8029667134409e-07,0.623357188609447
"syt2a",47.0395136505398,8,1.50701275347664e-07,2.88272142546225e-07,1.16018617352784
"gas2l1",46.9922450762769,8,1.53861181018122e-07,2.94025520996056e-07,0.934235600121741
"wnt2bb",46.2645243406241,8,2.11700558749861e-07,4.04155612158826e-07,1.50448478292477
"gata5",45.9532076662902,8,2.42617795742639e-07,4.62722192867501e-07,1.59254526193715
"tmtc2b",45.8385597569521,8,2.55100141011155e-07,4.86048789382201e-07,0.285581909993727
"ADGRL3",45.8312515199144,8,2.55917113167747e-07,4.87124987822747e-07,0.974920926292928
"shcbp1",45.7712961225954,8,2.62718252486138e-07,4.99578409255137e-07,0.887865859531853
"ebf1b",45.5301387065945,8,2.91935669749499e-07,5.54591655807308e-07,0.465675677097606
"lbx2",45.4981085474143,8,2.96051557491239e-07,5.61858162154297e-07,4.61593806263817
"tbx20",45.1441820744183,8,3.45551643743391e-07,6.55157777931533e-07,2.67783558802815
"slco3a1",45.0831625484811,8,3.54880431818749e-07,6.72185288503749e-07,0.469645419800421
"dkk2",44.9177242548389,8,3.81450050768173e-07,7.21803622021655e-07,0.654931757073054
"samd10b",44.8823807995113,8,3.87377392940813e-07,7.32302468847017e-07,0.642378938647313
"MYO1D",44.7970557980643,8,4.0206655760322e-07,7.59328044271184e-07,0.818133510201617
"si:dkey-261m9.6",44.7448553744691,8,4.11324438287508e-07,7.76053530050259e-07,1.0438061580792
"smyd3",44.7324668570209,8,4.13552466715927e-07,7.79495966531875e-07,0.460210670734657
"fam83d",44.4380353350861,8,4.70178191824822e-07,8.85364782266623e-07,1.52151676234625
"AL954137.2",44.1284733526192,8,5.3802505473044e-07,1.01213671444908e-06,1.46410459392567
"tp53i11b",44.0975049159798,8,5.45325289702525e-07,1.02487204251486e-06,0.399878285645563
"zbtb46",43.9805038297879,8,5.73804547210344e-07,1.07734731312962e-06,0.964557379104152
"tuba1a",43.8616470863034,8,6.04246911395379e-07,1.13340294448143e-06,0.833731919625693
"nat8l",43.7889542124567,8,6.23649954900607e-07,1.16866315506108e-06,0.99332219926097
"cavin1b",43.3898002710165,8,7.41744404675337e-07,1.38861452503174e-06,2.91179603702723
"sec14l8",43.065341281901,8,8.53887732632508e-07,1.59700977681123e-06,1.02860204972073
"prdm1a",43.0062730785747,8,8.76043009578886e-07,1.63686179352651e-06,1.95491931357829
"atp11a",42.9448441869476,8,8.99688840538815e-07,1.67941916900579e-06,0.529476639620859
"fosl2",42.743652349459,8,9.81656138598908e-07,1.83065604225202e-06,0.171245797488766
"nr4a3",42.71324074311,8,9.94674556942243e-07,1.85314488332923e-06,0.753651933520592
"slc1a5",42.536001410628,8,1.07402613702678e-06,1.99905442845448e-06,0.453892379493924
"rassf2a",42.4406585929032,8,1.11927755130914e-06,2.08127452274231e-06,0.410522828614769
"efnb1",42.4219678004534,8,1.12836777277359e-06,2.09616013172939e-06,0.764797891138719
"ccne1",41.336888862746,8,1.80298246177379e-06,3.34616917977615e-06,0.757841314552638
"nanos1",40.9239512021717,8,2.15397881109247e-06,3.99374958064362e-06,0.454862169683083
"tenm3",40.8736864361471,8,2.20108384318962e-06,4.07717544107608e-06,0.376435063170397
"rttn",40.8157295466274,8,2.25666614461772e-06,4.17612930210866e-06,0.587468593104529
"mmel1",40.7797809456915,8,2.29183868905025e-06,4.23716014090439e-06,0.841021764652608
"jag1b",40.3747193653448,8,2.72774501164363e-06,5.03824413240488e-06,0.784827409629151
"rnf24",40.2643441396849,8,2.86015210670953e-06,5.27775918831215e-06,1.47574488475518
"si:dkey-79d12.5",39.1544721948159,8,4.60139398017478e-06,8.48272249016954e-06,0.405053743905473
"spon2a",39.1152358649731,8,4.67921334101895e-06,8.61796012854968e-06,2.46922321313686
"ch25h",39.0767114471403,8,4.7568886336613e-06,8.7526750859368e-06,0.656986197676426
"si:ch73-208g10.1",38.9383807886578,8,5.04647184951246e-06,9.27667327617323e-06,2.36862447926249
"pard3ba",38.8147828484605,8,5.31994243058165e-06,9.77008438772219e-06,0.921124133407324
"pcbp3",38.6019295349104,8,5.82571504947893e-06,1.06887763300981e-05,2.00807672210391
"hist1h4l.7",38.5034907899567,8,6.07544799058335e-06,1.11363999220181e-05,1.36121420554247
"cdh11",38.4682398862697,8,6.16743092829442e-06,1.12942905720046e-05,0.810172889131858
"rnd3b",38.4618935162582,8,6.18413685782304e-06,1.13141594785172e-05,0.994296208427539
"hist1h4l.19",38.3891016839028,8,6.37898488264899e-06,1.16596015073584e-05,1.43477238949042
"palm3",38.3820688557036,8,6.39812918301619e-06,1.1683540247247e-05,0.374220861685257
"emilin1b",38.269964781137,8,6.71108454286529e-06,1.2243451687267e-05,1.43648340447682
"pleca",38.2005977880461,8,6.91227341698131e-06,1.25985964543471e-05,0.987801305941524
"cbx7a",38.1807894159961,8,6.97081273925981e-06,1.26933178249293e-05,0.909572552021142
"pdlim4",38.1101098623607,8,7.18371854246946e-06,1.30686857100292e-05,0.296716207206345
"ENSDARG00000115101",38.0795661556141,8,7.27770448361031e-06,1.32272107830058e-05,0.416630328567523
"mvp",38.0241896288598,8,7.4512175535224e-06,1.3529842399817e-05,0.384785747373151
"fam117bb",37.9870572402512,8,7.56985269134702e-06,1.37323524879647e-05,2.0844823059229
"zgc:174862",37.3714686688773,8,9.83228263595759e-06,1.78198593364635e-05,0.496379907680469
"ek1",37.3618741326595,8,9.87238192606821e-06,1.78757655868452e-05,1.73401952374506
"gfra2b",37.3065859342764,8,1.01066253348492e-05,1.82827716731541e-05,1.31113668256424
"GNAZ",37.251822080607,8,1.03440663823395e-05,1.86947953701403e-05,3.34374928998995
"cyp27c1",37.2453280538666,8,1.0372586194296e-05,1.87288191844672e-05,4.80844757753416
"arrb1",37.2422402193243,8,1.03861743104838e-05,1.87358438542061e-05,2.04541018024539
"tmtc2a",37.1991767803655,8,1.05775219265691e-05,1.9063220487063e-05,1.03825945378126
"NPAS3",37.1717401678434,8,1.07012480291546e-05,1.9268230374955e-05,0.613518427000848
"dla",36.7215699291054,8,1.29482406890924e-05,2.32923659323338e-05,0.630462586952993
"sh3bp4a",36.6389590234759,8,1.34085678713536e-05,2.40980029092606e-05,0.337466310914812
"phldb1a",36.5807158181139,8,1.37428035740239e-05,2.46757402462957e-05,1.97565696432297
"si:ch211-113a14.19.4",36.0001704656553,8,1.7558904942816e-05,3.14984255798704e-05,1.20258428101664
"CR354540.2",35.9420528886153,8,1.79942971560987e-05,3.22495195784626e-05,0.621253091407323
"pde10a",35.707716026519,8,1.98607576306076e-05,3.55616160725985e-05,0.524967770713908
"gng13b",35.5699219703951,8,2.10462985326121e-05,3.76494895972283e-05,1.03607904792136
"nr3c2",34.9846365070241,8,2.69113223114736e-05,4.80968313651869e-05,0.669209151424759
"rfx2",34.9780507787816,8,2.69857509215266e-05,4.81852779855724e-05,0.405366688590486
"ccl38.1",34.9530126672407,8,2.72705797372819e-05,4.86489012487798e-05,1.82756303674917
"bcl11ab",34.4877303582054,8,3.31377092666063e-05,5.90609357039515e-05,1.48780365070919
"kita",33.9974175477619,8,4.06703836138833e-05,7.24195217898825e-05,0.844954078111473
"arhgef4",33.7687868458263,8,4.47380779594608e-05,7.95892878615823e-05,0.963736314485479
"lsp1a",33.7556502688036,8,4.49836233725742e-05,7.99524934276112e-05,0.558241068660351
"nupr1b",33.7169587899319,8,4.5714586852319e-05,8.11770053296694e-05,0.886835045616794
"pcdh11",33.2603501965949,8,5.52782048592881e-05,9.80693221195084e-05,0.888061136425662
"map2",33.1659237736536,8,5.74894534830506e-05,0.00010189873773326,0.664570141735804
"pde4d",33.0699446109656,8,5.98264329136899e-05,0.000105943784041475,0.327177964645877
"immp2l",32.9981541494613,8,6.16354540091679e-05,0.000109047341708528,0.343076356302236
"GRM7",32.9263781362474,8,6.34980105764793e-05,0.000112239850351105,0.463557731490521
"pcdh11.1",32.7529335379109,8,6.82309839959983e-05,0.0001204956682635,0.625786522533103
"arhgef28a",32.3050965460943,8,8.21199079272805e-05,0.000144891015630599,0.989341388037081
"igf2a",32.223168306863,8,8.49465758876455e-05,0.000149741591801945,1.81503326905369
"INSYN2A",32.159314375253,8,8.72159303630937e-05,0.000153601802608475,2.30314604844636
"stard13b",32.1055582429538,8,8.91726398569714e-05,0.000156904863573469,1.01276902776425
"mpz",31.9579655982454,8,9.47701021027925e-05,0.000166602217709368,1.01047695915787
"unc5b",31.8255160999793,8,0.000100087040159402,0.000175789237807241,1.61657236355278
"ehd3",31.7026748433917,8,0.000105280310144118,0.000184742560579869,0.647373357924314
"si:ch73-335l21.4",31.5857558665273,8,0.000110469297148308,0.000193672125309012,0.28554926270824
"lcp1",31.4974503039958,8,0.000114554548071077,0.000200652209313982,0.70688446812285
"wnt5b",31.4554334524382,8,0.000116550232184487,0.000203962906322852,1.01684240585895
"si:dkey-68o6.5",31.4099336039877,8,0.000118749958299302,0.000207624361478961,1.08010323301078
"plce1",31.3833601993598,8,0.000120053522950858,0.000209713748952132,1.14167182378677
"etv4",31.3551753796122,8,0.000121451530540329,0.000211964188802091,1.71873039711807
"ror1",31.2948159455893,8,0.000124499574136405,0.000217087705082613,0.673618784975378
"sema4ba",31.0677858542444,8,0.000136653332671877,0.000238065138613224,1.90089438274924
"cadps2",31.0523214922498,8,0.000137522419387692,0.000239363346177497,0.429987859963175
"emilin1a",30.6665591084423,8,0.000161051164109471,0.000280063770530602,2.25097377536251
"rbfox3b",30.5278558856816,8,0.000170444430401262,0.000296131870085646,1.23846595320212
"shank3a",30.4437972897198,8,0.000176397101672054,0.000306198742525076,1.84325843173967
"ret",30.3656807112152,8,0.000182111994102563,0.000315835163919346,5.4033607776742
"MDFI",30.3479614739478,8,0.000183433422438983,0.000317841589374095,0.573250291772145
"arrdc1b",30.3071426873613,8,0.000186513498360075,0.000322888959526581,1.22474753472334
"hs2st1b",30.1956653123341,8,0.000195186682881765,0.000337601317213581,0.207429343792042
"cntfr",29.8004964322271,8,0.000229245848849091,0.000396156511606837,1.69184472669407
"elmsan1b",29.662593141167,8,0.000242455353905213,0.000418609243739832,0.236494538632854
"gpr22b",29.5625376444898,8,0.000252504730477776,0.000435570660074164,2.53629280669063
"dgkb",29.4877327538505,8,0.000260284173777658,0.000448589673272468,1.81695601733092
"ror2",29.476681930723,8,0.000261453198632133,0.000450202834008272,0.950510068578743
"ppp1r9alb",29.3881402426273,8,0.000271007726094452,0.000466239471784935,0.757617388403699
"afap1l2",29.0410192064806,8,0.000311884791627581,0.000536086670306483,0.681587031699108
"col5a2a",28.6909367779394,8,0.00035922501341068,0.000616909089697274,3.94295321811825
"cntn4",28.6868426385058,8,0.00035981837498622,0.000617379307702822,1.06679991572337
"arl5c",28.5926806421527,8,0.000373733652700325,0.000640686261771986,0.532668526750248
"nrxn2a",28.5390638159909,8,0.000381891581711313,0.000654090900590654,1.00641623105071
"si:ch211-194e15.5",28.4252983752024,8,0.000399783933315745,0.000684129813255996,1732.2785304932
"tanc1a",28.4151358692066,8,0.000401421655774503,0.000686324459253398,0.207572793996813
"id2a",28.3617953367271,8,0.00041012613324809,0.000700586816476843,0.340444405877846
"slit3",28.1383384713368,8,0.000448646777976403,0.000765711638737111,0.430539751132752
"cux2b",28.0234140513297,8,0.000469816945066093,0.000801135337923823,1.22604314221864
"rad51c",27.8274361871604,8,0.000508197440698632,0.000865817861931003,0.893738360382689
"CABZ01030107.1",27.7931566864879,8,0.000515219332842154,0.000877007710177129,0.978265580243214
"nexmifb",27.7435608946953,8,0.000525547146645766,0.000893800252922201,0.533600662966369
"gig2j",27.6293486553804,8,0.000550107888128371,0.000934747968218128,7.93796929202439
"apoa1a",27.6082812346575,8,0.000554759537707006,0.000941823749428766,2.45284400720476
"klf4",27.5934996799373,8,0.000558046248886335,0.000946571863782615,0.852083222521027
"CT476811.1",27.5174555494243,8,0.000575258511038457,0.00097491179239149,0.384447320750397
"krt91",27.4488209900821,8,0.000591239204464244,0.00100111668976768,0.388488337461722
"sema5a",27.3760839445689,8,0.000608649410022144,0.0010296940982161,0.974638056472143
"dpp6a",27.1867794437138,8,0.000656347346486341,0.00110941651217114,3.7180320982831
"BX323807.2",27.162434340853,8,0.00066274087881435,0.00111924421142423,1.71422039806531
"slc23a2",27.1132497813471,8,0.000675844231100675,0.00114037646680044,0.327459005983027
"serpine1",26.6021100748842,8,0.000827932485635396,0.00139578146792983,0.759424562844548
"cadpsa",26.4947138671267,8,0.0008639032210358,0.00145515346385455,1.17744757660903
"ebf2",26.4632815323123,8,0.000874716846857804,0.00147208444958996,2.86842097019111
"foxf2a",26.2629593267379,8,0.000946806777129106,0.0015920197505774,0.917658128269198
"ndst2b",26.1333742766322,8,0.000996498100550247,0.00167411680892442,0.46654734820675
"dok4",26.0219725056449,8,0.00104124519583426,0.00174777212715186,0.494793902859173
"si:ch211-161c3.6",26.0116523485773,8,0.0010454884453599,0.00175337124690566,0.375137856916694
"neo1a",26.0070363839108,8,0.00104739181064639,0.00175503987698944,0.266648808092425
"stat3",25.980659381369,8,0.00105833327334881,0.00177183698796352,0.177967418112702
"magixa",25.8743632082171,8,0.0011035678606407,0.00184596805779898,1.21778420050448
"slco1d1",25.8150254056959,8,0.00112963416535627,0.00188793530057813,1.09700659602276
"akap12a",25.7469198248984,8,0.00116029290251829,0.00193749860645232,1.74471620684054
"f3b",25.6998090963378,8,0.00118197393703412,0.00197199796748698,0.68882913215476
"tbx16",25.6092148029776,8,0.00122478297889372,0.00204165721762094,0.678467082044032
"celf4",25.5939767386434,8,0.00123213056000626,0.00205213469132077,0.361253806452622
"robo1",25.5054836204656,8,0.00127565807703334,0.0021228005209547,0.375277489932588
"ndnf",25.3743200063826,8,0.00134294457838147,0.0022328476122487,0.608471780216792
"lyz",25.2256093818085,8,0.00142342112332627,0.00236461703376299,0.438673265104258
"si:ch73-335l21.1",25.0898422639911,8,0.0015009839319633,0.00249132384583599,1.2334895359647
"lamc3",24.9805987092283,8,0.00156636920996267,0.00259761829497672,0.583845365125049
"BX465862.4",24.913751706476,8,0.00160773828805227,0.00266393685464579,1.08899211419238
"esrrga",24.8625647621442,8,0.00164013328576962,0.00271528492554148,1.6312775779145
"nbeaa",24.855222945409,8,0.00164483155206208,0.00272073164262323,0.740549864146958
"b2m",24.7890466464674,8,0.0016877754587733,0.00278937740491875,0.493075955872743
"si:ch211-226l4.6",24.2493402784991,8,0.00208119393787742,0.003436638194854,1.14421249312167
"lrrn1",23.9595401172713,8,0.00232786165539134,0.00384067354245608,0.639081677285929
"col19a1.1",23.7195052852213,8,0.00255346709507276,0.00420929899972745,2.69063693309316
"gfra1a",23.5343130555701,8,0.00274189149531712,0.00451605658052231,1.5120999635659
"cemip",23.5063739534581,8,0.0027714645629785,0.0045608769469118,1.09366106024728
"pappaa",23.3935919905913,8,0.00289401857003557,0.00475850542749679,1.64966320424904
"igfbp5b",23.2087966557136,8,0.00310626774447598,0.0051031541516391,1.06511501247529
"fras1",23.1712543979209,8,0.00315119461160107,0.00517256413730949,0.529585647485741
"hsp70l",23.1074851312819,8,0.00322895423468128,0.00529570422869629,0.497524676342703
"gria4b",23.0730734063307,8,0.00327168445625492,0.00536123356190374,1.22576053508107
"epb41a",22.9761199362811,8,0.00339504119053347,0.00555866066111072,1.00701319093306
"sytl3",22.8989392751767,8,0.00349644867243648,0.0057198466004634,3.41338801634289
"CABZ01056843.1",22.822737090278,8,0.00359944420524394,0.00588335550298756,0.322447690104949
"hist1h4l.22",22.8040529566621,8,0.00362514263149127,0.0059203512798319,3.18699788754079
"apoa2",22.6471885899164,8,0.00384801292847092,0.00627902109611978,8.31103233312174
"cxcr4a",22.5562354867484,8,0.00398324827013996,0.00649420730625351,1.53296586680936
"f8",22.4990937215994,8,0.00407054908983606,0.00663094506034003,1.17512099102504
"cep131",22.1968558284044,8,0.00456395269068821,0.0074284385833274,0.243019151239972
"bcr",22.1931688003642,8,0.0045703145743452,0.00743253178252099,0.782245543808273
"klhl29",22.1796240260466,8,0.00459375937256234,0.00746437603682965,0.611102735583506
"myh11a",22.0740224453617,8,0.0047805707532611,0.00776139722294156,0.80359355836461
"BX276117.1",22.0481891997234,8,0.00482737473896755,0.00783080436245617,1.19578607709656
"gpr37b",22.001179240028,8,0.00491368319565644,0.00796412410571161,2.72346132380445
"sema3ga",21.9764131057181,8,0.00495974981359337,0.00803205082972539,0.90029821296813
"zic2a",21.8443966681276,8,0.00521242559597868,0.00843417608997555,0.963343424387858
"fam102ab",21.7756584851794,8,0.00534885841041821,0.00864769409952132,0.488591342647988
"aldh1a2",21.612639564027,8,0.00568632430220561,0.00918560079587061,0.657016970504288
"col4a6",21.5860240152546,8,0.00574333435246921,0.0092699431653889,0.40030528104502
"mylk2",21.5601334189862,8,0.00579931967489467,0.00935249216351961,3.36474424590415
"zgc:174944",21.3223522428382,8,0.00633867547281575,0.0102137789937281,1.36700692548667
"zgc:158689",21.2384772013341,8,0.00654020282547463,0.0105297265490142,0.474492074295405
"rcan3",21.2078026801132,8,0.00661543286104294,0.0106419785907868,3.97474143258182
"scpp8",21.1443645657221,8,0.00677366572658655,0.0108874560597048,1.74147395767235
"tmsb1",21.1028720185658,8,0.00687912193396467,0.011047766896442,0.258856756018575
"gpd1b",21.0645608857192,8,0.00697789251859848,0.0111970833437976,0.861188929849206
"si:dkey-23i12.7",21.0359812673135,8,0.00705246039491425,0.0113073472887754,1.05935336158359
"enah",20.9908491767598,8,0.00717177770647404,0.0114891165247992,0.970585146044529
"gask1a",20.7774014986248,8,0.00776284631116386,0.0124256993149698,1.19094544684273
"si:dkeyp-14d3.1",20.6813244058505,8,0.00804390850564196,0.0128649265173015,0.394309404864668
"kaznb",20.5012161513689,8,0.00859731443109979,0.013738636460616,0.464544834575546
"sostdc1a",20.4873020849166,8,0.00864155371607445,0.0137979188259966,2.99836713571086
"chsy3",20.4391900199213,8,0.00879621223725213,0.0140332634536508,0.496830206889091
"slc16a6a",20.3700606971114,8,0.00902308324338952,0.01438333071471,1.48451159418199
"spp1",20.3260949060922,8,0.00917027685718563,0.0146059149942973,4.33548309897431
"crygn2",20.2175746590973,8,0.00954350172481178,0.0151878462375094,5.32907362627178
"plod2",20.1894896899407,8,0.00964243559955036,0.0153326630274332,2.01455446367083
"arhgef10lb",20.1761685656043,8,0.00968970395494051,0.0153951546389351,3.34695308045496
"si:ch211-66k16.27",20.1719641330253,8,0.00970466885030841,0.0154062614780574,0.556217676429582
"eya4",20.1048478132835,8,0.00994657244565178,0.0157773218103442,12.2667260888142
"gfra2a",20.0549097428936,8,0.0101302934115099,0.0160555593691856,0.807699959482043
"klf7a",20.0272794384987,8,0.0102333348578424,0.0162055761847143,0.792633143555664
"chl1b",19.9994131467545,8,0.0103382711619698,0.0163583455240997,2.35694359397017
"olfml2a",19.9807966871626,8,0.0104089477655948,0.0164566997406948,1.49959270578439
"pvrl2l",19.9257187818697,8,0.0106207639064623,0.0167778543477393,0.376773963974994
"col12a1a",19.8843723643629,8,0.0107824728329455,0.0170193933931787,0.795704611907811
"pcbp4",19.7702197740857,8,0.0112412367435439,0.0177290362355322,0.739392015251296
"afap1",19.7330407207371,8,0.0113946372388007,0.0179563125166093,0.270070365904911
"CR936518.2",19.5238403353064,8,0.0122957439114141,0.0193605356453562,3.11299741718436
"fhdc2",19.5184386664092,8,0.0123198879934608,0.0193827553773342,1.95047734986848
"thy1",19.5134431736,8,0.0123422568052046,0.019402148208019,0.428285734543826
"hbegfb",19.4590064943456,8,0.0125885370390738,0.0197732142760086,0.835148493262531
"tox3",19.4353321000028,8,0.0126970992811212,0.019927535183693,1.09871613726609
"hsp90aa1.2",19.3581944271701,8,0.0130570486788539,0.0204758263372937,0.378726553724436
"trpv4",19.1809751682004,8,0.0139211852045114,0.0218132439700859,1.73145392045021
"si:ch211-1e14.1",19.1091895535782,8,0.0142864823860084,0.0223674910614005,0.717659153727642
"BX005396.2",19.0681734594896,8,0.0144992765280199,0.0226822690300683,0.505181007561234
"pcdh15a",18.9634649472019,8,0.0150562631852114,0.0235345473089226,1.0537020915549
"pcdh19",18.7776872282114,8,0.0160948712803205,0.0251376647644133,1.08378310085604
"nitr3b",18.680891388233,8,0.0166626171520127,0.0260033734553219,0.933392234002615
"hsd3b7",18.5305264646059,8,0.017582386679907,0.027416602958499,0.274464573782618
"plch2a",18.48202109552,8,0.0178892137868398,0.0278725492227214,0.776406309436074
"p3h4",18.4274779060497,8,0.0182402900603906,0.0283966481842665,0.32021534001301
"vaspa",18.2598131684467,8,0.0193607813380026,0.0301167709702262,3.01482879629567
"hk2",18.2246880666236,8,0.0196036265440728,0.0304699971706747,0.7969866335011
"fxyd1",18.1946834706353,8,0.0198133478557846,0.0307712122647716,0.416855148850897
"spon1b",18.0241173948841,8,0.0210463996837731,0.0326599551719274,1.9274043538747
"cxcl12b",18.0105460033889,8,0.0211475602006785,0.0327905989628499,0.53674267786051
"cyt1",17.9901004580016,8,0.0213008271887192,0.0330017627334446,0.242479663278215
"ntrk2a",17.7951619608947,8,0.022815723862439,0.0353204955947373,0.770904559559242
"cabp5a",17.661482458642,8,0.0239126377514521,0.0369889640799083,0.834133231681645
"rasl10a",17.5870818715988,8,0.0245444457523381,0.0379358953548137,0.693412136220143
"hpdb",17.5822554548105,8,0.0245859692489152,0.0379696983124734,1.20557195102216
"pcolce2b",17.4616743756016,8,0.0256450666094655,0.0395736970363318,1.77474380402387
"zgc:112234.1",17.4459554576925,8,0.0257862472655896,0.0397598002530879,1.28794363128983
"hoxa9a",17.4088684864115,8,0.0261222453729262,0.0402457560291016,3.4398147149143
"phlda2",16.9103610482257,8,0.0310561359466913,0.0478065334009291,0.404514780761019
"slc2a1b",16.908210478795,8,0.031079195627105,0.0478065334009291,0.666267944505564
"vim",16.6709999967578,8,0.0337231985166562,0.0518323146652186,1.24657212023819
"itga10",16.6276828322785,8,0.0342281207773727,0.0525665575054722,1.21238464550281
"csrp2",16.6112378760142,8,0.0344216482957231,0.0528217827699262,0.205940036882003
"dacha",16.5054810785531,8,0.0356907758135374,0.054725856247424,0.729605172984774
"kcnc4",16.4960182044139,8,0.0358064324994505,0.0548596570887695,3.85251290405337
"cdh4",16.2914637209199,8,0.0383933583968087,0.0587765201447182,0.939596742850253
"abca2",16.2792178915299,8,0.038553605778417,0.0589751119270797,1.27028188393395
"CU138547.1",16.1981069208059,8,0.0396307872252427,0.0605749057904817,1.27594143325856
"ctss2.1",16.0998616424232,8,0.0409728843493217,0.0625767688244186,8.9022860242667
"mapk10",16.0091591322879,8,0.0422492041256185,0.0644750887604225,0.755272024627837
"dspb",15.9684213106844,8,0.0428343367019097,0.065316447125564,0.378257105620551
"igsf9bb",15.9630411607082,8,0.0429121717411766,0.0653835298138432,1.76712032030843
"efcab11",15.9412859295739,8,0.0432282420352269,0.0658132100961847,1.07816807434067
"fibina",15.9180385953532,8,0.0435683683670549,0.0662788092009056,2.28247079941179
"BX663520.2",15.7858267872606,8,0.0455502101940812,0.0692391865420652,4.66292745508486
"myo10l3",15.7766162912815,8,0.0456913290499746,0.0693990941230747,0.202756275562482
"tspan9a",15.6283395456129,8,0.0480193654310066,0.0728777800571129,0.988312005221578
"CR589876.1",15.568591190114,8,0.0489879598075343,0.0742894335542828,3.63070516146053
"ptgs2a",15.5165753397056,8,0.0498458051758013,0.075531055372273,2.60975560931361
"kif1ab",15.4386673221828,8,0.0511565245643636,0.0774564306099925,1.36574774247385
"ptx3a",15.211770442748,8,0.055156180907723,0.0834469393216295,10.5739451124301
"CABZ01067348.1",15.2023888763453,8,0.0553275633474105,0.0836407295674469,0.341907924554984
"CU929150.1",15.1594051401428,8,0.0561190397153674,0.084770902838225,2.68408208555816
"rhbdf1b",15.1411372347856,8,0.0564585395943272,0.0852171082001877,0.421306040847614
"qkib",14.9622827298599,8,0.0598830110442903,0.0903153609192575,0.483115089488144
"CABZ01064472.1",14.883721677692,8,0.0614462464766601,0.0926007396200525,1.13203946337568
"ntn5",14.8686612393295,8,0.0617501376150286,0.0929861776089129,1.05173063992834
"plcl1",14.8420631885524,8,0.0622901806378381,0.0936769214982178,0.907800305691706
"palld",14.8412960580653,8,0.0623058199405848,0.0936769214982178,0.434322315660611
"htr4",14.7948479001289,8,0.0632594322288088,0.0950367208911809,0.795524820657952
"pdgfc",14.7827571371198,8,0.0635098320635786,0.0953387688786588,0.202832134228083
"BX323453.1",14.7633207707235,8,0.0639142489048062,0.095778773062322,0.612744207738882
"si:ch211-160j14.3",14.7631709428035,8,0.0639173754806557,0.095778773062322,3.35303968841613
"adarb1a",14.7615281880458,8,0.0639516652434758,0.095778773062322,2.78676239881301
"slc8a2b",14.6697094000976,8,0.0658950158244263,0.0986128354552994,1.0794117092306
"spock1",14.6078752428137,8,0.0672337817606626,0.100538441456347,0.596815145794706
"mef2ab",14.603980376787,8,0.0673189292475855,0.10058791284326,1.969582278246
"msi2a",14.507876589815,8,0.0694510969845467,0.103693600752816,0.308740371670464
"znf536",14.3725414415837,8,0.07255731403827,0.108247668511149,1.26952580599018
"KIRREL3.1",14.3260976406042,8,0.0736518701495571,0.109795843463692,2.73941094867584
"nkx2.3",14.3109264123542,8,0.0740126299056,0.110248574385211,0.826748453892684
"calca",14.2514662365503,8,0.0754419542209114,0.112291105974423,1.68464065411658
"ndst3",14.1700144921308,8,0.0774402715067291,0.115176754850655,0.814104100470408
"BX088707.3",14.1276696587534,8,0.0784978487029442,0.116659879764683,1.17603125825804
"CR376783.1",14.101069228349,8,0.0791688237293875,0.117566616022426,0.531010861910282
"fhod3b",14.0335003907943,8,0.0808964090755977,0.120039832821855,1.17348577088812
"cadm1a",14.0304933021642,8,0.0809740738421976,0.120062863133634,0.519211543385559
"ppap2d",13.9689938593107,8,0.0825771680265217,0.12234592686138,0.467936512057746
"eda",13.8489699017966,8,0.085787890164879,0.127005520152143,1.11573410812441
"sema7a",13.7793996804264,8,0.0876995976989361,0.129736311450494,1.00828887875167
"has2",13.7304564525755,8,0.0890671829981596,0.131658605625436,1.57512675801272
"shisa3",13.6276182399702,8,0.0920027816706983,0.135894016963142,1.86003143293296
"crip1",13.5153946354264,8,0.0953041653072709,0.140662832218218,0.832355571882508
"mcf2a",13.4819339940116,8,0.0963086398580995,0.142036864279273,0.642744590047536
"tafa5a",13.4203823550371,8,0.0981809149725494,0.144687664170073,5.02954823997561
"CT990561.1",13.2948787277433,8,0.1020984919164,0.150346254864699,1.05404489546958
"si:dkey-35m8.1",13.1828404601989,8,0.105711576558913,0.155548184243579,1.86966202024679
"adamtsl3",13.1648687287254,8,0.106301494275395,0.156297174231403,0.599569616795035
"rab44",13.0949934898749,8,0.108622713058494,0.159588655231186,1.06909231142974
"hivep3b",13.0799759263663,8,0.10912735790006,0.160208248832003,0.852603265730111
"ttn.2",13.0492368423615,8,0.110166718851979,0.16161131421566,1.62839879847387
"cntn3a.1",13.0402147522282,8,0.110473419474707,0.161938274981133,0.378306359705693
"cldna",13.0199232068571,8,0.111165953183111,0.162829887452442,4.92120835104469
"csrp1b",12.9715448807767,8,0.112832419628268,0.16514563236501,0.634115915347242
"mtnr1aa",12.9481816413136,8,0.113644997648613,0.166209035168146,0.979700666622143
"igsf3",12.8792278042747,8,0.116073111391763,0.169631808781305,0.418907508196087
"sema3gb",12.6984670177868,8,0.12265415974446,0.179114011055402,1.40237103258882
"hsp70.1",12.6938429049452,8,0.122826679499652,0.179230471898283,0.37539969973731
"nedd9",12.5085148615317,8,0.129916301911615,0.189432675693011,0.748846764461017
"CR847947.1",12.4578034414369,8,0.131916747466349,0.192204491783549,0.700168119770309
"epha3",12.4360670132675,8,0.132782287182722,0.193319803192931,0.879842802824448
"hivep3a",12.3714056702436,8,0.135386026542624,0.196962201265324,1.52105495842171
"CR762483.1",12.1987931046529,8,0.142552183584527,0.207231616768477,0.683393851269692
"xirp1",12.1882454309013,8,0.143000395795887,0.207726890735079,48.0419990089198
"pdzrn4",12.1720969920291,8,0.143688935716843,0.208570265818889,2.1161080723939
"CU469539.1",12.1580311146933,8,0.144290980579407,0.209286917777339,1.13121708568087
"sema5ba",11.9421548327932,8,0.153803513327528,0.222917020066605,2.32879762855705
"btbd11a",11.8675679864239,8,0.157211205019293,0.227685193476218,0.416632366353478
"gfra4a",11.8576606659891,8,0.157668600962915,0.228176582067679,1.24311981965602
"fam13a",11.8204960051637,8,0.159394400754161,0.230501483725328,0.442751594289562
"znf385b",11.7851961313788,8,0.161048294354875,0.23271900126673,0.386472859957542
"ccn5",11.7502765687515,8,0.162698529066537,0.234927920894282,3.47480468115028
"adra1aa",11.7231607191798,8,0.163989737926698,0.236615514319926,0.467203640448416
"creb5a",11.6416494838921,8,0.167922932762388,0.242109780669354,0.373391522974234
"egr4",11.5861197728681,8,0.170647300428731,0.245854276232892,1.91327907481291
"mafaa",11.5255023175324,8,0.173663205217418,0.250012900506745,1.72041508825818
"tcnbb",11.421859620565,8,0.178922218240371,0.257392200774681,1.63416472363351
"ppp2r5b",11.3333982496378,8,0.183514427022254,0.26380198884449,0.838709553745612
"zgc:174356",11.3028387450716,8,0.185123219838381,0.26591677377528,0.457286945025625
"zgc:112332",11.1780010580508,8,0.191815968944159,0.27532574442802,0.300369518289127
"si:dkey-28k24.2.1",11.0416654049195,8,0.199349538598201,0.285926732421473,0.65784775498859
"trabd2b",11.0027758415554,8,0.201541965287915,0.288856882000187,2.36028075165465
"tnc",10.936722623423,8,0.205310427377664,0.294039841136877,2.111568585171
"foxq1a",10.9289014808205,8,0.205760377809942,0.294465962910228,1.44501671868747
"mgll",10.8717358691811,8,0.209073279703537,0.298985622788478,0.825660284447673
"nme2b.2",10.8121088002948,8,0.212574336434401,0.303767468928449,0.537658858365169
"mfsd6b",10.7699293034373,8,0.215079166587662,0.307119696856883,7.65607412658108
"rtn4r",10.7122008345367,8,0.218545493932702,0.311838917487431,0.534952653909742
"dusp2",10.6984434617767,8,0.219378086255116,0.312795913391059,0.343046401135551
"lamb2",10.6863093826793,8,0.220114527877974,0.313614504321716,0.539754469384965
"CU062632.1",10.5597086341783,8,0.227915641693645,0.324490066140105,0.437886413977495
"si:ch211-254n4.3",10.502632847952,8,0.231503184525954,0.329355046026615,1.60215781292743
"itga2.2",10.4455740073059,8,0.235133803725436,0.334274105075454,0.860628470603525
"coro1a",10.4192010558772,8,0.236826872843478,0.33643346936294,0.56135357933654
"trim2a",10.329386304106,8,0.242664081589231,0.344472450867299,0.732110959133683
"zgc:113625",10.2623935550543,8,0.247090224011232,0.350498027011527,0.753534177749529
"pax2a",10.2582151824141,8,0.247368336113672,0.35063508831373,1.56229306096421
"CR762400.1",10.1920564419731,8,0.251804058205936,0.356660880098144,1.70966827621688
"si:ch211-191i18.2",10.1675827165087,8,0.253460321974929,0.358743840333745,2.39749015366765
"CU179759.2",10.0663677536954,8,0.260398645224928,0.368294423553851,0.689129159580979
"eva1a",10.0358816343635,8,0.262516523925335,0.371018232789866,0.891589542043635
"ahrra",9.99717891761217,8,0.265223974320905,0.374570700576015,2.1197459509148
"znf804a",9.98133842971465,8,0.266338159003374,0.375869483706734,0.532208979898832
"nrxn1a",9.97288854592114,8,0.266933946776079,0.376435317643347,1.14257518242154
"cyt1l",9.94310699164848,8,0.269041801171413,0.379131115873939,0.435131809548528
"GALNTL6",9.87411392637432,8,0.273972923414573,0.385798606440929,1.20963271850757
"epha4b",9.85504825678736,8,0.275347440851149,0.387451752166365,1.1343406418981
"hsp70.2",9.84791049694104,8,0.275863350317892,0.387895191276687,0.375969303642002
"kif26ba",9.8189515893885,8,0.277963855982195,0.390564487096437,0.710760597563829
"apof",9.79997391917555,8,0.279346815922267,0.392222418867602,1.75497711951015
"si:dkey-65b12.6",9.76503972063942,8,0.281905907318173,0.395528113971467,0.422271030063589
"bmp5",9.75005031034784,8,0.283009251600861,0.396788007324284,2.67405431322273
"abhd15a",9.58063738318343,8,0.295701146958215,0.414281809951611,2.35686060839793
"bag3",9.55960031925807,8,0.297305651680822,0.416227912353151,0.542867517794734
"htr2cl1",9.50062481247887,8,0.301837308045556,0.422266241233899,0.567969094473749
"slc7a5",9.47116079935321,8,0.304119855735195,0.425151636237624,1.03793576144462
"zbtb20",9.34831053140085,8,0.313770109177182,0.438325271822354,0.56075280695537
"tmtc1",9.29338629095743,8,0.31815402789104,0.444128310610902,0.920358940456684
"CR513789.1",9.28201222901725,8,0.319067237582211,0.445081518417929,2.78959042861236
"muc5.1",9.22942737248503,8,0.323313099188077,0.450678865534896,1.96126407780769
"ncanb",9.19997277817713,8,0.325708502525099,0.45369057453388,1.32855216424939
"CR847968.1",9.18380682637565,8,0.327028432643985,0.455200959559206,1.14165846891679
"met",9.14524864599237,8,0.330191609656945,0.459272994857608,1.01029595570158
"lama5",9.05564886999416,8,0.337623267913672,0.469272052956269,0.484752719937334
"oit3",8.99447750211444,8,0.3427620422921,0.47607208174575,1.36051138308053
"mthfsd",8.96174043698799,8,0.345533774995354,0.479445320597669,1.05827713221493
"gfra4b",8.95993556642009,8,0.345687024633827,0.479445320597669,1.15069409116018
"cyp1c2",8.95012976786642,8,0.346520422920584,0.48025642545378,1.56678083909607
"atp8b2",8.87907045024793,8,0.352600002859896,0.488332046971555,4.52534955098374
"kidins220a",8.87054622597639,8,0.353334044036032,0.488998118250439,0.866143120626421
"CR762407.2",8.86433730853161,8,0.353869346404957,0.489388387440498,0.544142135120524
"hpn",8.82586376724482,8,0.357198315310837,0.493638873519697,1.93363268653193
"si:dkey-201c13.2",8.73318520242153,8,0.3653017544798,0.504476761726214,1.74304423846135
"hsp70.3",8.72906788032811,8,0.365664510320648,0.504617024242495,0.536922888617959
"CR954285.2",8.56203069440191,8,0.380577134856621,0.524821573549602,1.26708044065207
"col1a1b",8.5321377921152,8,0.383285921108013,0.528180028231584,0.596285607464226
"CU179643.1",8.47285972069052,8,0.388693055402873,0.535249453341661,0.821102853926308
"RTKN",8.40931474684115,8,0.394541559324076,0.542916162830567,0.177962638700285
"cyp26c1",8.3192655782613,8,0.402920900098258,0.554052084690273,7.42974016794668
"usp43a",8.30071484081524,8,0.404660301779509,0.55604815294311,1.10039198214874
"si:ch211-263k4.2",8.25343414396833,8,0.409113769737373,0.561768161430422,1.08462025316587
"dnajb1b",8.0894089977366,8,0.424785506254822,0.582873294093975,0.201010535825472
"sulf1",8.03026779227921,8,0.430519066522057,0.590321388588086,0.918344119591679
"pcdh7a",7.98412731647621,8,0.435022154296435,0.596072909291285,2.46719736352755
"si:ch211-244b2.4",7.94272969801564,8,0.439084406251193,0.600959831336248,1.79690797447769
"plxnc1",7.94144493182719,8,0.439210808409307,0.600959831336248,0.787778877863316
"wu:fj16a03",7.89883661883781,8,0.44341404661887,0.606281626374845,1.27656693855558
"CABZ01070258.1",7.82277049453513,8,0.450971325779543,0.616178643144326,0.565608374839316
"s100a11",7.81712321830643,8,0.451535092321808,0.616512931707231,0.826542343794751
"anxa2a",7.80689660094292,8,0.45255695529888,0.61747177799254,1.01932517696592
"CABZ01010830.1",7.79539972017747,8,0.453707190057822,0.618604298653291,16.5535365359293
"slc29a1b",7.76796939051944,8,0.456457672218038,0.621915530835859,0.416134384174744
"pde3a",7.7473273388194,8,0.458533157581003,0.624303072900985,0.529325802597749
"prss35",7.71597561155346,8,0.461694704202427,0.62816490740781,0.689398615077013
"olfm2a",7.64273878483833,8,0.469122806687104,0.63782214111153,1.12569523554549
"xpr1a",7.61671371092415,8,0.4717766367559,0.640979227997468,0.496557515678434
"si:ch211-1a19.3",7.61094376176546,8,0.472366006906697,0.64132897072645,1.88367923409732
"SRCIN1",7.60182092677819,8,0.473298591081121,0.641712240287744,0.69054599754215
"mb",7.60168395800066,8,0.473312599591116,0.641712240287744,1.38191909498528
"samsn1a",7.59302429663344,8,0.474198678183423,0.642462725280767,7.37416194888148
"isl1",7.54813359463032,8,0.478804854891732,0.648248759390908,1.22485391925948
"nfatc2a",7.54256748128229,8,0.479377475534893,0.648569525723678,0.246882443236712
"BX294178.2",7.53771869836065,8,0.479876565668746,0.648790430281328,0.902446719364615
"cadm4",7.48191816352399,8,0.485637814847507,0.656120460339429,0.519970674350071
"FRMD5",7.47404599985587,8,0.486453181445272,0.65676278585064,1.56190609510793
"meis2a",7.42068012531618,8,0.491997182890337,0.663783908759868,0.4827524392207
"si:dkey-286j17.4",7.35777426829769,8,0.498568664703623,0.672180502587159,0.378109517633999
"si:ch211-121a2.4",7.27944203201618,8,0.506804997602277,0.682808406811436,2.13581772732775
"rdh10a",7.19856682231597,8,0.515368372660508,0.693861809045366,2.18298453442104
"cdh24b",7.15734133962591,8,0.519755922223567,0.699281644662905,3.14727210328405
"nes",7.10982965013403,8,0.52483064466815,0.705617818718765,0.818479347973502
"carmil3",7.0961058189649,8,0.526300022999445,0.707101282639031,1.40265796624471
"CR376857.2",7.07984943730741,8,0.528042570497506,0.708949441418472,0.816370202084434
"kcnd1",7.01480091543452,8,0.535036604060732,0.717840777114816,1.57860464085716
"pvalb2",7.00662556028255,8,0.535917987530319,0.718455788927672,0.184462612547247
"myo16",7.00365157413479,8,0.536238741011233,0.718455788927672,0.795464170041189
"CR925802.1",6.97859567685048,8,0.538943794306651,0.721579633125745,1.98229822400205
"kcnd3",6.92714070692842,8,0.544513717313761,0.728532203497359,2.6920928296124
"KCNMA1",6.90286436403872,8,0.547148317492148,0.731550553214415,1.89232042995466
"st6gal2b",6.85427672152565,8,0.552433792596215,0.737950985190549,52.4340907192139
"CR533571.1",6.85183980317835,8,0.5526993144776,0.737950985190549,3.73110793763096
"rab11fip5a",6.82214821454812,8,0.555937654522826,0.741283635274545,4.12848104883327
"grm6a",6.82191854508297,8,0.555962726455909,0.741283635274545,1.47966971671264
"nmur3",6.80828705617852,8,0.557451430334656,0.742755974763142,2881.86918566565
"si:dkey-172j4.3",6.79519668441383,8,0.558882172956863,0.74414910968481,3.7193597807007
"islr2",6.73553596176373,8,0.565416585977431,0.752331159854268,7.68848261980762
"asic2",6.7013460640228,8,0.569170979737049,0.756658910465046,0.661873388938667
"egr3",6.69878567830965,8,0.569452409842742,0.756658910465046,1.47489348273645
"alcamb",6.66059000898602,8,0.57365516317974,0.761719433170624,0.931338935661447
"negr1",6.6238461721964,8,0.577705692006838,0.766571014393688,0.367130075794566
"olfm1b",6.58036451764424,8,0.582508010218342,0.772412817942235,0.783337721296322
"adarb2",6.54478053955829,8,0.586444956976161,0.777099901836724,0.535981503663374
"pvalb3",6.53359811441583,8,0.587683381164378,0.778207191507593,0.685886927729253
"col11a1a",6.49278123047479,8,0.592208464042745,0.783662159267522,0.683681063306399
"pex5la",6.47350970385653,8,0.594347433404387,0.785954306185678,3.63400942850899
"pcdh18a",6.45639782830588,8,0.596247966354667,0.78786869275484,0.975378336165931
"pag1",6.453132944332,8,0.59661071299189,0.78786869275484,0.688380956049236
"im:7152348",6.42009912342052,8,0.600283244793966,0.792177068949414,0.897786704074634
"lrrc4ca",6.4013183247031,8,0.602372987356239,0.794392226329184,1.06779161165944
"cyp26a1",6.29918723301422,8,0.613757278970329,0.808853385382453,0.881671255795053
"dab1a",6.27471708362746,8,0.616489342049055,0.811900074191393,0.225132894840666
"BX294178.3",6.24754301106415,8,0.619525004922821,0.815342172691342,0.997841889285341
"ces2b.1",6.22345845953297,8,0.622216903843943,0.818327473265144,0.497003160237951
"slc22a7a",6.19181780165689,8,0.625755088949812,0.822420974048324,0.272117939182448
"BX000522.1",6.17121778773307,8,0.628059614444187,0.824888630255724,1.30192143190618
"en2a",6.1572995443722,8,0.629617027166377,0.82637234815587,3.65328382749531
"dub",6.13938552105921,8,0.63162196074082,0.828084485937193,1.24497658426086
"srrm4",6.13798483192256,8,0.631778743411709,0.828084485937193,0.778473390387143
"si:dkeyp-97a10.1",6.12139789555094,8,0.633635542032487,0.829955164207976,6.25147145592183
"dlgap1b",6.07268711905642,8,0.639090005878265,0.836532446718704,0.507471466167116
"cpne9",6.02330632158955,8,0.644621113231014,0.842778691397699,1.57076871419297
"sdk2a",6.02229479115112,8,0.644734423336335,0.842778691397699,6.84002942226923
"f13a1b",5.97262319272012,8,0.650298631481081,0.849477319825185,0.35994691694231
"selp",5.96105660177135,8,0.651594271262335,0.850594683837048,0.49896131508116
"si:ch1073-185p12.2",5.92194268485113,8,0.655975195023015,0.855735365823407,0.772417431669076
"rundc3aa",5.896802962129,8,0.658790389720367,0.858827957449223,2.07116277117509
"si:ch211-160j14.2",5.87517348423347,8,0.661212010499592,0.861403644157257,1.57560591543605
"MFAP4.3",5.7184274434553,8,0.678738366037741,0.883640514275549,2.19310290161136
"ctnna2",5.70374298422211,8,0.680377429964019,0.885177908882481,0.198451772406985
"slc2a11b",5.64803452852025,8,0.686589591556829,0.892658876775097,0.448930158485548
"cdo1",5.60446814220887,8,0.6914403485741,0.897996136352779,7.97923279540073
"tnnt2a",5.60281425888024,8,0.691624353464252,0.897996136352779,2.67952979767856
"tnn",5.59485636233862,8,0.692509567692935,0.898541628463902,0.41969592454243
"foxd5",5.57858760198366,8,0.694318459907637,0.900284070162117,2.2498990565566
"ank2b",5.5672379448322,8,0.695579751183466,0.901314607167308,0.349966852897955
"dachc",5.54180599769391,8,0.698403969114428,0.904367606118683,0.987191541301687
"irs2b",5.47134700139842,8,0.706212397805903,0.913866277669796,0.509786058737404
"shisa9a",5.46261237512223,8,0.707178617276458,0.914332531636547,1.92729363432047
"si:dkey-238i5.2",5.45826989763147,8,0.707658825697391,0.914332531636547,0.853667564190233
"foxl2a",5.45196347544968,8,0.70835603044199,0.914332531636547,1.41923852573792
"CABZ01118738.1",5.45097098478713,8,0.708465734917138,0.914332531636547,8.49958293019707
"palmda",5.41991646278286,8,0.71189550725843,0.917992630053203,7.48658723747116
"rflnb",5.41668531035726,8,0.712252045781445,0.917992630053203,1.14679785072568
"mcama",5.39055503835239,8,0.715133055325852,0.920507741940668,1.46330978543658
"agbl4",5.39034335824859,8,0.715156377149556,0.920507741940668,0.834079928130215
"gdf11",5.37083448380732,8,0.717304552307601,0.922561329316456,0.612864662737825
"zgc:153704",5.36717831353911,8,0.717706872651467,0.922561329316456,0.862274589467502
"tbx2a",5.36178890369371,8,0.718299758218995,0.922709529839826,1.45983793533493
"FP236476.1",5.35046027040828,8,0.719545392024697,0.923695479994495,1.07881611147908
"rbfox1",5.32507815155673,8,0.722333136587741,0.926207517903985,0.514962024484109
"tmem200a",5.3239126366365,8,0.722461040104195,0.926207517903985,2.61146453320936
"si:ch1073-475a24.1",5.26098203599753,8,0.729352521485058,0.934422461212952,1.20008045237089
"chrm2a",5.2281358238798,8,0.732937589830708,0.938393256164962,1.26759898990799
"pip5kl1",5.21566653441051,8,0.734296324612835,0.939510264339071,1.88652441241438
"gyg2",5.19705088071563,8,0.736322430937588,0.941479110901006,5.59697300209244
"lrrc38b",5.18557693190199,8,0.737569796655562,0.942450295726551,3.59093235344981
"cacna1g",5.1341532814603,8,0.743146161336312,0.94894803945919,0.622767992202631
"stc1",5.11116657556032,8,0.74563112241659,0.95149229095697,1.92496777488132
"sorcs2",5.07713470338559,8,0.749300960852249,0.955544195621482,1.94146641489503
"cers6",5.0635699200287,8,0.750760590462204,0.956774050641806,4.86950528722029
"dapp1",5.0404411966588,8,0.753245106285471,0.959102358238574,3.64501091159921
"cracr2ab",5.03731580044494,8,0.753580424330308,0.959102358238574,1.3574824863253
"il1b",5.00902305413629,8,0.756611301843062,0.962325895431729,1.17249370280166
"ccl25b",4.94372196673679,8,0.763573938547093,0.970542663995384,0.988913296589725
"nectin1a",4.89091454022925,8,0.769169207679126,0.977005421191019,2.25868099009982
"si:ch211-266k2.1",4.88617387415789,8,0.769669902201206,0.977005421191019,6.57295268697666
"TCERG1L",4.82648846548163,8,0.775950132984489,0.984330700542372,0.870787369987671
"thbs1a",4.80018046791993,8,0.77870405064786,0.987176001215003,1.51658587771403
"wfdc1",4.78379614507874,8,0.78041460514762,0.988428016280633,1.03373153170925
"sned1",4.78091647053832,8,0.780714882424558,0.988428016280633,1.93345127292662
"adrb3a",4.74714440759766,8,0.784228152151819,0.992225795649845,1.32998442517516
"BX649276.1",4.73484333089084,8,0.785503962203594,0.992870965258954,0.910830704805894
"vax2",4.72809895067587,8,0.786202569954533,0.992870965258954,1.59754153082828
"osr1",4.72735297831576,8,0.786279801680227,0.992870965258954,0.451701113572793
"bmp7b",4.71004682885702,8,0.788069348216872,0.99448071897779,0.288592298150128
"lmo1",4.66886459207683,8,0.79231065861535,0.99918028227471,0.916098370430861
"ncam3",4.66127726105559,8,0.793089385465427,0.999509910449579,0.660968948044452
"ccdc141",4.64116734369684,8,0.795149253472651,1,0.276962231569848
"lpar3",4.63120421429122,8,0.796167544383379,1,1.64064874390496
"BX248082.2",4.62395021386896,8,0.79690800442754,1,0.70115677797721
"fkbp16",4.60800887728213,8,0.798532420803198,1,0.804374577277204
"cacna2d2a",4.59328169530396,8,0.800029644783688,1,0.179451158179613
"CR392045.1",4.57236026090372,8,0.802150793058257,1,2.9062536678064
"col27a1b",4.56903033265444,8,0.80248776718502,1,0.419216690123894
"ccl39.7",4.56211697721549,8,0.803186806960408,1,1.22804692459707
"fstb",4.55133947566638,8,0.804275047822155,1,2.24934312588352
"CABZ01069040.1",4.51686566989753,8,0.807743387141749,1,1.19265775432866
"si:ch211-136m16.8",4.50448731267659,8,0.80898399786706,1,0.514458396406179
"CR925763.1",4.48881263176322,8,0.810551322838379,1,1.14889339695007
"fabp11b",4.46811500574258,8,0.812614561724992,1,2.2603782757527
"zgc:152977",4.4641332951629,8,0.813010642952202,1,3.97375956805806
"runx3",4.46100783585758,8,0.813321358509078,1,1.69043912983495
"cryba4",4.43620300205538,8,0.815781346607727,1,11.3265231629023
"CR854927.3",4.41232757181297,8,0.818139028455337,1,17.5168586703981
"dpyda.3",4.40528876673108,8,0.818832183957707,1,0.306616081867903
"lpin1",4.3583344605036,8,0.823433288760773,1,0.998632909295505
"foxg1d",4.27534484091696,8,0.83146568539587,1,58.1637132722647
"CR385065.1",4.26239037169432,8,0.832707661529816,1,4.32062766092807
"CABZ01077176.1",4.26130441820838,8,0.832811626077682,1,3.24849937568726
"BX072554.1",4.25276358231944,8,0.833628485173831,1,1.64841584678158
"asip2b",4.23689452811863,8,0.835142419182,1,0.621267584767493
"si:ch211-264f5.8",4.23146399490558,8,0.835659357294583,1,10.5323186593068
"ccdc13",4.19706303452982,8,0.838920321619908,1,0.727514795305151
"zgc:171686",4.15473000353775,8,0.842900191526026,1,1.06223220599587
"her15.2",4.14798546379073,8,0.843530851956278,1,1.03597873911697
"vwf",4.08319607724983,8,0.849540243972037,1,0.385591002363466
"mmp30",4.07604956170213,8,0.850197605361825,1,1.91475936864434
"irx4b",4.07141490720893,8,0.850623325118793,1,2.79892653087505
"ca14",4.06680613027479,8,0.851046204725876,1,0.837400322890204
"lhx8a",4.06389781300628,8,0.851312819997437,1,1.3734032316456
"BNC1",4.04178989465379,8,0.853333470803279,1,3.44436267260459
"chodl",4.01788529771078,8,0.855506189078876,1,3.87797572611113
"prlra",4.00436204549566,8,0.856729686955826,1,3.51781064298701
"foxf2b",3.99447012080883,8,0.857622040484044,1,0.753028642852699
"gpm6aa",3.9888670899108,8,0.858126510459919,1,0.436023014320091
"ncam1a",3.98833314960347,8,0.8581745467497,1,0.226581418877637
"hapln1a",3.98622500178487,8,0.858364144450753,1,0.857746502541454
"si:dkey-65b13.1",3.9737485748583,8,0.859484150538753,1,0.758538503997067
"vwde",3.96889834843322,8,0.859918595314411,1,3.39605591152176
"si:dkeyp-41f9.4",3.94893392037084,8,0.861701162585391,1,10.6808150880219
"rgs13",3.89690623135967,8,0.866303032057889,1,0.74453454726953
"tbc1d10c",3.88240551363966,8,0.867574259588378,1,0.647667524111955
"rbp1.1",3.86765963875694,8,0.868861833777814,1,2.56873001026618
"rcn3",3.86419704486135,8,0.869163423144383,1,0.315209576999964
"antxr2b",3.86416391079671,8,0.869166307704265,1,2.7838052669829
"tirap",3.85817603007125,8,0.869687161916593,1,1.90162515842805
"BX510306.1",3.8448583165962,8,0.870842495034983,1,1.24176860178452
"BX927333.1",3.84301431173939,8,0.871002126759737,1,0.608097005882194
"pde4cb",3.78141448867916,8,0.876286820510002,1,0.973323624702927
"chrm3a",3.75081821342695,8,0.878876670787631,1,0.71308597304539
"AL772219.1",3.7507172267071,8,0.878885179908258,1,14.7829409415336
"dapk2b",3.74497217134899,8,0.879368832517271,1,1.0487333909731
"cpne5b",3.70402327212643,8,0.882791825451827,1,0.761672818999598
"klhdc8b",3.69752229980909,8,0.883331300864012,1,1.58149644870677
"rca2.2",3.69540509453189,8,0.883506759265261,1,0.502571128878289
"BX649313.1",3.65472259292045,8,0.886855622809667,1,3.245759296047
"C11H3orf14",3.62454819113571,8,0.889311475381165,1,0.531130799742235
"si:ch211-175m2.5",3.62279516765841,8,0.889453411429805,1,0.849180037755367
"CABZ01059403.1",3.59889373723267,8,0.891380460809349,1,1.35416434317646
"si:ch211-197h24.8",3.57252093678224,8,0.893488999477587,1,5.95835945542764
"RNF14",3.52652886646463,8,0.897121020186103,1,1.52102780928606
"slc25a15a",3.52080410337231,8,0.897569059525031,1,0.959945954264162
"VSTM2B",3.5026535157371,8,0.898983613243255,1,5.69003415360331
"CABZ01072077.1",3.4805493528263,8,0.900693960031784,1,1.1748088859904
"pdlim3b",3.4771377535481,8,0.900956726638446,1,1.50154467427393
"CU075735.2",3.47605409904249,8,0.90104012337245,1,6.9578419165369
"tmem255a",3.46712379779432,8,0.901726138413763,1,0.929654518606523
"he1.1",3.4515158758492,8,0.902919751947574,1,0.895925942565906
"BX001047.1",3.41860134238445,8,0.905414364904813,1,1.05574862885953
"si:dkey-185m8.2",3.38075802334719,8,0.908244440172033,1,0.652439098818306
"tppp3",3.36007518038249,8,0.909773808969315,1,7.16909834104545
"dct",3.33526910610462,8,0.911591736469145,1,0.632348041611964
"unc5a",3.31685311214221,8,0.912929775979329,1,0.422163932275683
"tspan33a",3.30119381880045,8,0.914059714123076,1,0.889576442907122
"cd7al",3.27831738886543,8,0.915697456369806,1,0.542912415094486
"adgrl1a",3.2782168055298,8,0.915704623101573,1,0.479109428788273
"gfi1ab",3.26643154946457,8,0.916542268716501,1,9.18232996743327
"havcr1",3.23456469021447,8,0.91878655966339,1,3.54743327264492
"hpse2",3.22753219978745,8,0.919277755839962,1,1.1162983263509
"CT025745.1",3.20986967905761,8,0.920504886260725,1,0.508544497057013
"CR556696.1",3.20038400372661,8,0.921160047310191,1,5.48742024476627
"ptprc",3.18312439591227,8,0.922345179633273,1,0.999671687967995
"ccbe1",3.15985526432079,8,0.923928678188999,1,0.947154811627469
"CR352292.1",3.15179186221976,8,0.924473565548255,1,3.26406599304644
"zgc:92912",3.14737541866447,8,0.924771168652555,1,5.01558397085889
"syt5b",3.11625962280429,8,0.926851017672536,1,2.2364670472575
"eps8b",3.10431095888005,8,0.927641803139731,1,2723.20041290688
"si:ch73-315f9.2",3.0641716403185,8,0.930266061793566,1,1.52648459962594
"scn1lab",3.05859710514694,8,0.930626573846699,1,0.648490792517896
"zgc:123103",3.05716238484936,8,0.930719202865359,1,2.97428979446299
"aldocb",3.04860283029771,8,0.931270499183626,1,0.279764013701495
"tnni1b",3.03627681989777,8,0.932060376484316,1,4.73321933449789
"pitx3",3.03498915830223,8,0.932142619489396,1,8.58376736244088
"bcl11ba",3.03357450091625,8,0.932232914105684,1,0.603552742029534
"adgrf3b",3.02372407434469,8,0.932859914441797,1,2.63882031562443
"FP102806.1",3.01708677447519,8,0.933280682882173,1,1.32954751360569
"syt6a",2.99707485241129,8,0.934540980041183,1,0.677218867152529
"alcama",2.9917271288826,8,0.934875638364404,1,0.24431847351711
"slc7a4",2.98697496730656,8,0.935172272655979,1,6.49419802585922
"spon1a",2.98405324687349,8,0.935354296651822,1,0.706990220092424
"si:ch73-139e5.4",2.98290488195854,8,0.935425766591762,1,1361.57555057572
"tnks1bp1",2.97789295158182,8,0.935737204553484,1,0.342142731586477
"CU929568.2",2.96141864997771,8,0.936755329711558,1,2.0965520434191
"cryba2b",2.95287211232162,8,0.937280138309677,1,6.13726709125455
"CABZ01087025.3",2.92931950196804,8,0.938714450612655,1,3.01054211379913
"pdgfrl",2.89785692131492,8,0.940603001433544,1,6.56449046478073
"lzts3b",2.89045906508006,8,0.941042485231277,1,90.8168756559188
"BX322792.1",2.86900128251018,8,0.942307346713483,1,1330.89774630989
"vegfc",2.86191766588912,8,0.942721670577478,1,0.532863860428932
"st6galnac5a",2.83184068913575,8,0.944462984438801,1,0.566085935486848
"mmp17b",2.80049566289365,8,0.94624679598388,1,0.598445100951474
"gp1bb",2.78821854958622,8,0.946936850914247,1,1.23628758630465
"CT025912.2",2.78691068812659,8,0.94701007490124,1,4.66979639006288
"mc5ra",2.78055342379754,8,0.947365216506567,1,2.2565356646987
"glis1b",2.7778639212694,8,0.947515069937482,1,2.09667439509041
"RNF224",2.77011813770731,8,0.947945343563775,1,2.26665540623843
"serp2",2.7578748520882,8,0.948621496383407,1,26.4748383451336
"ntn1a",2.74553599005316,8,0.949298022118193,1,0.37194974127875
"rgs7bpa",2.73313463047092,8,0.949973007585734,1,1.82879086261918
"thsd7aa",2.72799674634271,8,0.950251194138092,1,0.589815577327457
"CR855379.1",2.724321967173,8,0.950449637116182,1,4.40699558793637
"si:ch73-18b11.2",2.70477538807519,8,0.951497815963658,1,2.96823425695323
"erbb4b",2.66224246888477,8,0.953735740276226,1,0.588673018400267
"CR628324.1",2.65893007148479,8,0.95390755653768,1,7.27841891418529
"si:ch211-222n4.2",2.6570352143053,8,0.95400568343589,1,1.90928126845846
"si:dkey-189h5.6",2.62647777836059,8,0.955571978061194,1,5.76029420794481
"prom1b",2.59763588787129,8,0.957022415944633,1,3.25033210623241
"ak5l",2.59367610800722,8,0.957219432023805,1,5.38878148059158
"CABZ01050944.1",2.58008657205589,8,0.957891678800977,1,1.30477474158631
"zgc:162297",2.56509009925221,8,0.958626528095681,1,1.00832070073583
"CT009597.1",2.56004764530268,8,0.958871966536498,1,5.29573694263766
"si:ch211-261a10.5",2.55636053760827,8,0.959050908910865,1,1459.03860619232
"fam222a",2.54669257435372,8,0.959518005910379,1,0.88323194467804
"grm3",2.52737142607839,8,0.960442342265474,1,1.28105951737331
"si:dkey-246g23.2",2.49635434833279,8,0.961900731511026,1,0.11810645809886
"laptm5",2.48642757627333,8,0.962360843785696,1,0.653168595709725
"arhgap45b",2.47306425340208,8,0.962975164057539,1,1.28399547327832
"unc13ba",2.45243138646667,8,0.963912228465442,1,1.03294799966311
"hey2",2.43972684160989,8,0.964482314132598,1,0.39609334258961
"si:dkey-85k7.7",2.40554484990572,8,0.965990040661564,1,0.433324059595491
"si:ch73-56d11.5",2.40182036988835,8,0.966152024894302,1,1.11517441541955
"csf1rb",2.39165069722828,8,0.966592023861314,1,0.763229288399069
"itga3a",2.38877729490054,8,0.966715734541217,1,1.45668949357053
"gpr143",2.37823951981903,8,0.967167128328218,1,0.373803736885776
"samd10a",2.36133245393975,8,0.967883819699451,1,12.8569227983591
"btbd11b",2.33040546183211,8,0.969170823375907,1,0.748288381262855
"SYNDIG1",2.32695222918503,8,0.969312604112128,1,9.33208740239379
"mmp9",2.32572676346048,8,0.969362825766743,1,0.654775090198819
"si:ch211-63i20.3",2.31776664406182,8,0.969687862206491,1,0.627188857036388
"slc2a1a",2.31569385166072,8,0.969772164503094,1,1.61374892671139
"hoxc13b",2.30176473560684,8,0.970335072521985,1,3.81049331889483
"tmtopsb",2.29909200733394,8,0.970442367169329,1,72.8920580942894
"CABZ01058647.1",2.29036992685876,8,0.970790904901012,1,3.62373741650393
"adgra1a",2.26838770871522,8,0.971658445401372,1,0.991087086212869
"cd28l",2.26687781522814,8,0.971717463206434,1,136.589550984175
"card11",2.26007034816507,8,0.97198263896621,1,38.3253004210351
"CABZ01087948.1",2.25457836652636,8,0.972195486216772,1,0.703075063604042
"tyr",2.2184393571937,8,0.973571959250093,1,1.92436921062587
"tyrp1b",2.20544961377476,8,0.974056504938084,1,0.913201566112922
"rasgrp2",2.20411433546234,8,0.974106008356797,1,1.77328563112127
"ca2",2.1950675862329,8,0.97443990509502,1,0.486598637594788
"si:dkey-196j8.2",2.19199798676362,8,0.97455260493464,1,2.04302177420713
"camk2d1",2.19127000760914,8,0.974579288540814,1,0.848340493939178
"CR352265.3",2.16873025713401,8,0.975397127265382,1,5.16814802135575
"AL954187.1",2.1578147838648,8,0.975787389648518,1,4.06236160021766
"si:dkey-10f21.4",2.13730947666601,8,0.976510319634103,1,1.79418942672811
"lect2l",2.12628559631563,8,0.97689348613323,1,0.617151533998366
"micu3b",2.12075064256596,8,0.977084425144213,1,16.4191305427234
"apoea",2.10597280973099,8,0.97758949453498,1,4.55768114025308
"gfra1b",2.08195384396983,8,0.978395789343533,1,15.9857401462471
"mogat2",2.07377403262896,8,0.978666260643109,1,0.966852872042436
"BX511025.1",2.07131179728793,8,0.978747267535067,1,0.542365115252962
"sfrp2",2.06800127816662,8,0.978855884969317,1,0.761229169372855
"si:ch211-255i3.4",2.06337980925816,8,0.979006943641657,1,1.30564387004672
"cpne4a",2.0495334104609,8,0.97945555586626,1,0.521508817572764
"otpb",2.0281228375035,8,0.980137540898107,1,0.534255202522929
"fam161a",2.02184038694921,8,0.980334965873927,1,77.6002775512462
"bgnb",2.00159529886666,8,0.980962897637148,1,1.6330754108397
"CR788236.1",1.99407679981271,8,0.981192890904951,1,0.51551651084266
"cox6a2",1.97983051637889,8,0.981623946227183,1,2.69204047257205
"cfap43",1.96681757339638,8,0.982012274020039,1,0.987660197280149
"adora2ab",1.96092993947934,8,0.982186278597001,1,2.19890542549018
"cdh7a",1.94544772066773,8,0.98263882836073,1,423.387989819053
"pax2b",1.94468899964884,8,0.98266081957782,1,5.01250955033048
"csf1ra",1.93746510355235,8,0.982869330753669,1,0.734854556660105
"si:dkey-7n6.2",1.93063391936045,8,0.98306505934314,1,1.79830849410795
"cdkn1ca",1.92394240805723,8,0.983255424687342,1,0.310287061654688
"fosl1a",1.91752947503282,8,0.983436602989003,1,0.0834020460427494
"barx1",1.91124409227995,8,0.983612981624804,1,1.3433455319408
"rlbp1b",1.88246618767551,8,0.984405480415114,1,1.92487134203711
"lpar5a",1.86668343674823,8,0.98482967259983,1,3.88545021946405
"celf5a",1.8361312117316,8,0.985629978411127,1,0.360720629493601
"cabp7b",1.82824130511868,8,0.985832213147904,1,2.73866118897608
"tdrd7a",1.82419464645303,8,0.985935233992442,1,3.18238155691958
"shtn1",1.81726054748253,8,0.986110657629992,1,1.04707916147429
"CU972454.5",1.814168824757,8,0.986188424525477,1,1.19324080292384
"slc45a1",1.79913403149584,8,0.986562657205883,1,1.59272629748339
"atoh7",1.79182279536036,8,0.986742286591412,1,1.10931301727146
"sgip1b",1.78945929765895,8,0.986800026599459,1,0.270379506078585
"igsf21a",1.78428745680649,8,0.986925815073397,1,0.290729554252785
"abch1",1.77956012960754,8,0.987040121897706,1,10.7892426071709
"CR382372.1",1.77730082395411,8,0.987094526194842,1,1.53569830546725
"cmya5",1.76873489443682,8,0.987299471171218,1,0.738909217569704
"BX005058.2",1.76196050231863,8,0.987460072775134,1,0.487320958382181
"rims2b",1.74895834518867,8,0.987764669259333,1,0.529391136449244
"BX323575.1",1.74719887498433,8,0.987805520301503,1,0.25527715820946
"CABZ01053592.1",1.73962054401356,8,0.987980474605622,1,0.800249578053917
"spi2",1.73881955147746,8,0.987998871902039,1,0.661581699970418
"si:ch211-250g4.3",1.73406536956201,8,0.988107695297773,1,0.859319340213498
"ca10a",1.70502233950384,8,0.988758760397613,1,0.785059056241428
"arl13a",1.70358063598564,8,0.988790467725932,1,0.705156962546363
"ankef1b",1.67799050428699,8,0.989343721356023,1,28.2541870938186
"mylk4b",1.65461002066158,8,0.989833517746558,1,0.786675926836122
"BX842669.1",1.64607485303649,8,0.990008621942889,1,1.81144276415946
"kcnd2",1.6448780126382,8,0.990033018545704,1,1.1234130551239
"BX548018.1",1.64182218947273,8,0.990095133824981,1,3.31851848261732
"tcap",1.63446831455554,8,0.990243585173345,1,2458.85349155085
"kcnn2",1.63181593721673,8,0.990296771965463,1,0.80916613242903
"cxcl8b.1",1.62530618845126,8,0.990426510237229,1,0.468781803546632
"mavs",1.61757830732804,8,0.990579056889179,1,0.657043762540303
"dscamb",1.61397094946341,8,0.990649721099263,1,0.486400880703739
"CT583650.1",1.5681600798585,8,0.991517269874806,1,1.07666997571506
"grin3a",1.55938849851825,8,0.991677137560488,1,7.11157907795641
"cebpa",1.50795237038532,8,0.992574982440736,1,0.550948695940652
"cryba1b",1.50230739554117,8,0.992669449073123,1,51.7534108917485
"ENSDARG00000094627",1.48488842453904,8,0.992955950507961,1,1604.7029522883
"bscl2l",1.46908445800084,8,0.993209408064642,1,0.337176761265429
"plxna4",1.44935893323326,8,0.993517203607458,1,0.447324130135447
"pygl",1.43862249372617,8,0.993680781963738,1,0.98190143213403
"CR774179.2",1.43674517741855,8,0.99370910027682,1,1.31923104400451
"BX248108.1",1.43506808521353,8,0.993734327020941,1,37.2154869606844
"zgc:158785",1.4331846089346,8,0.993762578074928,1,0.976931372747496
"syk",1.427917627424,8,0.993841130757434,1,0.395707609881406
"si:dkey-262k9.2",1.42455946606461,8,0.993890870472728,1,0.399786379601866
"ifi46",1.42439972521852,8,0.993893229818711,1,1.39596340909475
"guca1c",1.41804904633257,8,0.993986538645365,1,14.2883105888784
"KCNB2",1.41754240722699,8,0.993993941479849,1,0.708303275364465
"myo1hb",1.41725863513272,8,0.993998085211339,1,0.554053247371511
"zhx2b",1.38655749728341,8,0.994435246007936,1,1.61780280023461
"lgals2b",1.3726278924243,8,0.994626385217675,1,0.777099159520632
"CR753876.1",1.34801760319121,8,0.994953270329248,1,1.03809282513517
"crybb1l1",1.33802198198705,8,0.995082141324032,1,4.00870327553923
"nrxn3a",1.32460393768496,8,0.99525164223378,1,0.220161705348081
"slco1c1",1.32265683094093,8,0.995275908118074,1,0.700149521235918
"hccsa.2",1.31156888094751,8,0.995412506247657,1,0.66732350393073
"trim35-31",1.30814100459077,8,0.995454192461127,1,0.721240011727125
"si:dkeyp-68b7.12",1.2988144937198,8,0.995566320587728,1,0.908213901660164
"si:ch211-125o16.4",1.29815043160403,8,0.995574232543753,1,1332.57774833412
"ptpro",1.28812093656939,8,0.995692575398325,1,31.9455554529662
"npr3",1.28558743948253,8,0.995722128327958,1,0.281197813629721
"sprb",1.2736572293311,8,0.995859456575945,1,1.57166178569873
"CABZ01056321.1",1.27139670759626,8,0.995885137631285,1,2.31452208123131
"fmnl1a",1.24865197522132,8,0.996137573476131,1,0.62353348622804
"rgs18",1.2440817829176,8,0.99618699958891,1,0.372041431429069
"CR848833.1",1.2381612400759,8,0.996250390674345,1,0.470367232341927
"six3a",1.23125572550332,8,0.996323421478627,1,0.499531931164683
"CU633785.1",1.22046086108707,8,0.996435643686122,1,4.67787279050869
"znfx1",1.22000954079258,8,0.996440284280153,1,2.46330454198559
"RIMBP2",1.20670516725354,8,0.996575248332662,1,18.4628819628956
"CR385041.2",1.19948242165826,8,0.996647041455133,1,1.38772863506377
"cxcr4b",1.19868260163537,8,0.996654928073196,1,0.236407815616827
"plcd4a",1.19756612630043,8,0.996665915961666,1,3.80551798284481
"myt1a",1.18349047432818,8,0.996802343976885,1,0.322042107923491
"muc5.2",1.17848980948871,8,0.996849882697693,1,0.772894741361091
"rgs6",1.15715721224515,8,0.997047275641266,1,0.339275435276622
"zgc:158423",1.1523780445152,8,0.997090309582947,1,0.181010866551519
"GRIK3",1.14750028485076,8,0.997133787485261,1,0.609211415993629
"galnt18b",1.14207299073633,8,0.997181639441402,1,0.183032762922408
"plxna3",1.13954403818693,8,0.997203749227764,1,0.208220394161772
"gdf7",1.12875275043415,8,0.997296761290226,1,6.85422791056532
"rnf34b",1.11769534774557,8,0.997389846618772,1,0.650324729888757
"zgc:162160",1.10618965791945,8,0.997484348169672,1,3.69455853841968
"si:dkey-31j3.11",1.10116814037488,8,0.997524846047265,1,3.14658840637391
"cadm1b",1.08934637180122,8,0.997618415459261,1,0.480578904691001
"si:ch73-359m17.5",1.08852022257273,8,0.997624862082248,1,5.11768311687803
"ntm",1.08610764754207,8,0.997643619260556,1,0.254011358092441
"BX901968.1",1.08244611374634,8,0.997671891831434,1,2.51801703962389
"ccdc136b.1",1.07393378535341,8,0.997736716521414,1,22.9980889721255
"scn1ba",1.04794394692688,8,0.9979269369361,1,0.661723740937853
"crygmx",1.04385155021212,8,0.997955847811169,1,3.65115270437202
"ptpn22",1.03481242600625,8,0.998018716476947,1,1.01642754753916
"itgae.2",1.01873068108852,8,0.998127243262798,1,2.38493040737456
"cdkn2d",1.01264428259499,8,0.998167220962561,1,2.61034009231949
"dlg2",0.996503717425362,8,0.998270370660779,1,0.183526014841674
"CR318607.1",0.982459709304471,8,0.99835678620617,1,0.6304807627257
"CR626882.3",0.976990116439337,8,0.998389614893839,1,0.788597925648446
"crybb1",0.953183291519654,8,0.998527209077767,1,12.3956392809622
"twist1a",0.943900308803724,8,0.998578568289902,1,0.623772357454384
"mxra5a",0.937722976798281,8,0.998612045230317,1,1.10806957356825
"tprg1",0.933265079169185,8,0.998635859834705,1,0.562074462479708
"psme1",0.933236607509672,8,0.998636011011062,1,0.49529484799886
"fbln7",0.9299818746826,8,0.998653215820008,1,0.865196775789091
"enpp2",0.92033871523766,8,0.998703301067808,1,0.182540506815838
"itgb3a",0.920252053079134,8,0.998703745187875,1,5.2358302929702
"si:dkey-102g19.3",0.897145249908335,8,0.998818414603087,1,3829.07199594871
"myb",0.894358422856506,8,0.998831746516416,1,0.514664157317339
"CABZ01057381.1",0.884828545460263,8,0.998876541091165,1,2.8566006695557
"CR354549.3",0.876051602908058,8,0.998916719495343,1,5.30966405775777
"slc25a47b",0.872022622251445,8,0.998934821230019,1,62.986298853351
"cacna2d3",0.857116608868422,8,0.998999949658631,1,2.38104006605054
"slc6a5",0.845298475323479,8,0.999049558528461,1,0.466655800255527
"si:dkey-33c12.3",0.838756843163258,8,0.999076261153925,1,5.13827789631629
"paqr5a",0.829981124528259,8,0.999111248607723,1,1.52986784671069
"BX539321.2",0.798627307786698,8,0.999228645116119,1,0.783031256580168
"sdhda",0.785443736494667,8,0.999274567713579,1,870.483904780121
"sp100.2",0.777668854101644,8,0.999300725284906,1,1.01759755981429
"BX537130.1",0.776878650559707,8,0.999303345922498,1,0.461848698389257
"si:dkey-183k8.2",0.7747863089899,8,0.999310251433835,1,1.94086524631703
"slc14a2",0.769576752371507,8,0.999327234411031,1,3.45841235654476
"slc16a1a",0.769152354727952,8,0.999328604765379,1,0.268782292564831
"col1a1a",0.763798064824107,8,0.999345724239044,1,0.164744235274683
"mmp25a",0.743234051704049,8,0.999408608585172,1,1.14522710072928
"si:dkey-196h17.9",0.731673367385265,8,0.999442012549601,1,1.33758722526842
"abcb11a",0.731298210353843,8,0.999443073559498,1,0.574551916929877
"CU466287.2",0.719636004487022,8,0.9994753472005,1,1.83118711850107
"strc1",0.716876484517192,8,0.999482784824841,1,2.0416669867575
"BX890602.1",0.705759645419101,8,0.999511989911063,1,0.119648617091893
"slc17a9a",0.699923244207476,8,0.99952684348368,1,4.54864424949666
"aste1a",0.698815509570531,8,0.999529625876159,1,13.7398326255623
"EML5",0.69569299927454,8,0.999537406255813,1,0.493963103429527
"TENM2",0.685982321160796,8,0.999561016871703,1,0.231938983041075
"klf1",0.666837568916488,8,0.999605030495919,1,2.44623177404154
"BX296552.2",0.659292847958975,8,0.999621476770799,1,0.856210311480482
"zgc:112265",0.658874803354171,8,0.999622373487271,1,37.6449549588505
"si:ch73-250a16.5",0.657516236280571,8,0.999625277172897,1,1.97309791183536
"BX908750.1",0.656191265056874,8,0.999628093658856,1,0.613834574862715
"AL929378.2",0.654773941229045,8,0.999631089684155,1,0.123498191238194
"rdh5",0.652336407643981,8,0.999636201903605,1,0.729005772185325
"si:dkey-5n18.1",0.646517775495345,8,0.999648200366477,1,2.77372443068771
"ugt5c1",0.639208387021154,8,0.999662868643026,1,2.83445622924072
"wnt2",0.638848968700001,8,0.999663578427889,1,2.14601531502004
"CT955962.3",0.634604170046934,8,0.999671880466182,1,0.84659088585041
"ptx4",0.633838996970331,8,0.999673361251651,1,1.26381284971092
"CABZ01001434.1",0.629999323976265,8,0.999680719778591,1,4.00448833933295
"fabp7a",0.609022581427174,8,0.999718841858763,1,0.0810659911252855
"serpind1",0.5967037944101,8,0.999739642431192,1,3.00784640695521
"wbp2",0.583766807700939,8,0.999760272800159,1,0.435917590670154
"FP236457.1",0.580838762981388,8,0.999764773806412,1,137.091633378372
"calcoco1b",0.574714578362987,8,0.999773991097042,1,0.925537513386939
"CU499336.2",0.562006959949635,8,0.999792284176438,1,1.87037279234656
"sema3c",0.560623785629449,8,0.999794208769394,1,0.98915488449616
"six4a",0.548755583796485,8,0.999810198869368,1,0.968520642580609
"grhl1",0.547606308714508,8,0.999811698170741,1,3.11388862840623
"CR396595.4",0.543426372835842,8,0.999817079245503,1,369.412652788365
"cavin4a",0.525693225736498,8,0.999838682254333,1,5.85923188692671
"cyp2p7",0.524784521460511,8,0.999839737049166,1,0.348394557413043
"zgc:174855",0.519324982964106,8,0.999845969789306,1,0.538382853865803
"arhgap22",0.512583881740881,8,0.999853421732485,1,1.058888908723
"sgk2b",0.511845097156407,8,0.99985422226021,1,0.533139343480738
"ncf2",0.504590937122363,8,0.999861915772797,1,3.47218529047999
"alpk2",0.483881707184322,8,0.999882263695217,1,0.928542415991224
"ppp2r2ca.1",0.482641453112382,8,0.999883408806959,1,12.3139673970883
"BX088535.1",0.453686471641887,8,0.999907916771448,1,0.468240280974517
"gabra2a",0.452197070159013,8,0.999909066283509,1,0.433626127956495
"si:ch211-225p5.8",0.446743867315806,8,0.999913186264007,1,4.85066804338259
"brsk2b",0.43431821720042,8,0.999922065700029,1,0.180328664041348
"si:dkey-178k16.1",0.420212093734232,8,0.999931324258594,1,0.302450960216432
"calb1",0.418221965899651,8,0.999932562760335,1,0.583283286921352
"hs3st4",0.418013105980968,8,0.999932691788931,1,0.255670847654049
"he1.2",0.39213574412384,8,0.999947335416161,1,0.51104068903756
"crygm2d13",0.367053101583132,8,0.999959166387048,1,5.68678892932575
"CFAP77",0.365414776363813,8,0.999959864426141,1,9.27214984624571
"psma6l",0.354752149474273,8,0.999964196441093,1,0.317773323136978
"anxa1c",0.344712045604984,8,0.999967953122569,1,0.263171124918747
"cdc42ep3",0.344181845418857,8,0.999968143116692,1,4.23275053281021
"neto1l",0.326924041174104,8,0.999973889218968,1,0.215422226447088
"myl4",0.319596713443363,8,0.999976082951719,1,0.0784034710902856
"csf3r",0.301529541326109,8,0.99998091289967,1,0.703700417725658
"prph",0.288346941462451,8,0.999983954230964,1,0.562157990116591
"grk1a",0.280002618659761,8,0.999985685040624,1,0.749662050960129
"lzts1",0.262148022048387,8,0.999988923167889,1,0.251648860715454
"stx11b.1",0.254956097925028,8,0.999990061181298,1,298.437122451795
"grna",0.251561132163666,8,0.999990567331635,1,0.476397243551111
"BX547928.1",0.24494801096107,8,0.999991498411408,1,0.268100849018229
"hand2",0.24474384898558,8,0.99999152603084,1,0.143323827199556
"twist2",0.244673369908616,8,0.999991535550006,1,0.821869006490554
"CT868708.1",0.236762235976941,8,0.999992554902419,1,0.251547539583071
"FAM135B",0.234141826494924,8,0.999992871632557,1,0.517128041463388
"prkcda",0.226049081226858,8,0.999993787227307,1,0.295494136029442
"CABZ01102039.1",0.173970275417841,8,0.999997774686105,1,0.479511772234548
"mlsl",0.147378405307528,8,0.999998841666778,1,1.10161622139517
"gcgb",0.139973530501165,8,0.99999905471008,1,0.139349434337846
"TENM2.1",0.137282723975669,8,0.999999124388885,1,0.122828992300914
"apoa4a",0.125459195969776,8,0.999999386369202,1,0.403650610290744
"ftr69",0.119442746219201,8,0.999999494665104,1,0.540365481069743
"si:dkey-161j23.7",0.117236751214608,8,0.999999530562553,1,0.472568139240435
"CNNM4",0.0842146174757573,8,0.999999873351686,1,0.228632722957788
"si:ch73-233f7.1",0.0759201166495049,8,0.99999991607025,1,0.155987837101608
"lnx1",0.041208443197448,8,0.999999992613182,1,0.118981022127692
"si:dkey-111i23.1",0.0282970498708967,8,0.999999998349107,1,0.0471981115019534
"myo1g",0.0189048122558359,8,0.999999999669878,1,0.0551777016288058
"cyp2x9",1.20503744256489e-05,8,1,1,60.0440569435097
"BX663503.1",1.87547862445342e-06,8,1,1,58.4860210461722
"emx1",1.03327178737241e-07,8,1,1,66.6211493874316
"crispld1a",2.7899238984553e-10,8,1,1,37.4556249897942
"si:ch211-93e11.8",0,8,1,1,65.3201048667568
"nppb",NA,NA,NA,NA,3.22437211054466
"si:dkeyp-123h10.2",NA,NA,NA,NA,114.297764996706
"nmu",NA,NA,NA,NA,1.52536415414515
"AL953865.1",NA,NA,NA,NA,5.92512890205776
"igfbp6b",NA,NA,NA,NA,2.52323883952543
"hoxc1a",NA,NA,NA,NA,0.38788515218418
"zgc:163121",NA,NA,NA,NA,0.492890437973297
"AL935186.3",NA,NA,NA,NA,2.79692077472528
"AMDHD1",NA,NA,NA,NA,0.583606823390905
"hsd11b2",NA,NA,NA,NA,0.987240027745621
"rnf152",NA,NA,NA,NA,0.772572538000872
"jph1b",NA,NA,NA,NA,1.28126136009501
"zgc:92518",NA,NA,NA,NA,1.30226877472333
"ubn1",NA,NA,NA,NA,2.25397223465988
"wnt10a",NA,NA,NA,NA,0.353622919643064
"FO082779.2",NA,NA,NA,NA,3.82842004652737
"acsl5",NA,NA,NA,NA,0.658941015139889
"abcb5",NA,NA,NA,NA,0.529226767915261
"ly6m5",NA,NA,NA,NA,3.60140674569849
"myhz1.1.1",NA,NA,NA,NA,0.781490820087247
"C18H19orf12.1",NA,NA,NA,NA,0.279947646854399
"fbxo32",NA,NA,NA,NA,0.27975602379481
"si:dkeyp-92c9.4",NA,NA,NA,NA,0.979958297506767
"bin2a",NA,NA,NA,NA,0.0313672033350698
"s1pr5b",NA,NA,NA,NA,2.44462459492439
"angptl3",NA,NA,NA,NA,0.547645582943984
"col6a3.1",NA,NA,NA,NA,2.0494871552572
"olig2",NA,NA,NA,NA,0.0857162866487574
"ppp2r2cb",NA,NA,NA,NA,1.14203549210566
"srd5a2b",NA,NA,NA,NA,2.06302294730759
"si:ch211-197l9.2",NA,NA,NA,NA,5.01952645186168
"hsf5",NA,NA,NA,NA,40.0961910662312
"syt5a",NA,NA,NA,NA,0.975177154047781
"znf750",NA,NA,NA,NA,1.06503054834019
"zgc:64065.1",NA,NA,NA,NA,52.0673143037695
"igfn1.3",NA,NA,NA,NA,1.61874975221942
"retreg1",NA,NA,NA,NA,0.525789645627455
"clrn2",NA,NA,NA,NA,385.437227857995
"FP015810.1",NA,NA,NA,NA,1.28679141529831
"crygs3",NA,NA,NA,NA,0.988841816769438
"cd4-1",NA,NA,NA,NA,1.05710165519991
"si:ch1073-90m23.1",NA,NA,NA,NA,17.5728750295037
"calhm6",NA,NA,NA,NA,0.858077629355327
"hjv",NA,NA,NA,NA,0.655237523413445
"mpeg1.2",NA,NA,NA,NA,73.5179303446166
"trh",NA,NA,NA,NA,44.2011559870015
"nkx2.1",NA,NA,NA,NA,5.73445527939626
"wnt8a.1",NA,NA,NA,NA,0.440665639918563
"b3gat1a",NA,NA,NA,NA,0.169413592270677
"FO704673.1",NA,NA,NA,NA,1.39047106292732
"CT573006.1",NA,NA,NA,NA,45.4331409068061
"gorasp1b",NA,NA,NA,NA,1.01297031424069
"chrm2b",NA,NA,NA,NA,0.115623691541532
"si:dkey-81e3.2",NA,NA,NA,NA,1.88531209624416
"pax4",NA,NA,NA,NA,1.2473482634832
"card9",NA,NA,NA,NA,0.674319656366868
"cntnap1",NA,NA,NA,NA,3.83044141299003
"LO017955.1",NA,NA,NA,NA,1.31132471033278
"si:dkey-239j18.3",NA,NA,NA,NA,1.20455747797183
"BX927219.1",NA,NA,NA,NA,0.127839189132462
"lpar6b",NA,NA,NA,NA,0.838471646114496
"si:ch73-93k15.5",NA,NA,NA,NA,11.1169895069121
"ptprjb.1",NA,NA,NA,NA,2.09456826998474
"gngt2a",NA,NA,NA,NA,3.82153511874809
"dmrt2b",NA,NA,NA,NA,85.3736965506934
"hmx1",NA,NA,NA,NA,1.02587995676572
"lrrtm1",NA,NA,NA,NA,2.43834990161985
"mpeg1.1",NA,NA,NA,NA,70.4826911835843
