"Gene","waldStat","df","pvalue","FDR"
"icn",204.187146561021,5,0,0
"zgc:153409",158.398439801764,5,0,0
"meox1",122.101018284477,5,0,0
"si:dkey-251i10.2",112.306741960002,5,0,0
"hapln3",107.552684126613,5,0,0
"ptn",92.5673229908187,5,0,0
"loxl1",79.6614376977473,5,9.99200722162641e-16,2.81774603649865e-13
"nfatc1",72.1593611411523,5,3.64153152077051e-14,8.98547902750124e-12
"cdh6",69.8559112865797,5,1.09801057135428e-13,2.40830318650372e-11
"lyve1a",66.8382178718576,5,4.65516514225328e-13,9.18929599080798e-11
"pclaf",65.0007658533716,5,1.12032605414925e-12,1.90630955465565e-10
"rgcc",64.9300785128992,5,1.15885079310374e-12,1.90630955465565e-10
"timp2a",58.5667736009455,5,2.40288899888697e-11,3.64869452600221e-09
"dut",57.5977091559238,5,3.80768749863591e-11,5.36883937307664e-09
"cebpb",56.1766759542817,5,7.47346629026424e-11,9.83508163798774e-09
"gpm6ab",55.6424441459419,5,9.62770974055616e-11,1.18781868924112e-08
"ch25h",41.5944043116782,2,9.28730869986794e-10,1.04350340368597e-07
"tubb2b",50.7975659186529,5,9.51522860503928e-10,1.04350340368597e-07
"kif26ab",48.037244428124,5,3.49028306256827e-09,3.62622040289987e-07
"mgat4b",46.3554187587032,5,7.68794317096422e-09,7.58799990974168e-07
"fam102aa",44.9692819666993,5,1.47189034294115e-08,1.38357692236468e-06
"mrc1b",44.1248248671658,5,2.18493684256416e-08,1.95183009939988e-06
"sema3d",44.0392003284715,5,2.27416880882458e-08,1.95183009939988e-06
"zgc:113363",42.6739247683264,5,4.30226048120375e-08,3.53860924579008e-06
"cycsb",42.2768188005521,5,5.17745550876469e-08,4.0881188697206e-06
"ace",42.0289127368131,5,5.81158363655021e-08,4.41233311482697e-06
"tshz2",40.1072862519157,5,1.42079036868914e-07,1.03221024935762e-05
"prox1a",40.0425849821116,5,1.46412801327322e-07,1.03221024935762e-05
"svild",38.469047209791,5,3.03701782611299e-07,2.06726661680932e-05
"tuba8l4",37.7349106124689,5,4.2653183962571e-07,2.80657950473717e-05
"aqp1a.1",36.7572791897754,5,6.69936373598468e-07,4.26598194026895e-05
"rapgef4",36.6367484825573,5,7.08239340840855e-07,4.36895143381202e-05
"eya1",36.0630420145847,5,9.22626957500228e-07,5.51898670941045e-05
"igfbp1a",35.5925271491681,5,1.14579054022457e-06,6.65232507765675e-05
"nhsl2",35.3206184333072,5,1.29845528273886e-06,7.32328779464719e-05
"celsr1b",34.7324457015434,5,1.70142700373077e-06,9.3294914037904e-05
"calcrla",34.6231265153815,5,1.78901034586509e-06,9.54461195334512e-05
"zgc:162730",34.5354688519848,5,1.86246726063821e-06,9.67502729605219e-05
"dnajb1b",26.2072350066893,2,2.0378453620129e-06,0.000102930551977493
"pcna",34.2887414380302,5,2.08572547066854e-06,0.000102930551977493
"si:ch211-147k10.5",33.687028815113,5,2.74815671541528e-06,0.00013231369161536
"hmgn2",33.5725620405367,5,2.89606284054056e-06,0.000136114953505406
"fabp7a",25.3731837252862,2,3.09231096140561e-06,0.000141958647391039
"kif26aa",33.3367354270551,5,3.22619572901139e-06,0.000144738872024284
"hist1h4l.16",33.0747747193171,5,3.63693107008345e-06,0.000159540042940994
"bmp6",32.6842553002805,5,4.34763605527966e-06,0.000186570295067871
"hspd1",32.2182602308302,5,5.3783059007495e-06,0.000225888847831479
"nkain4",31.1729401777856,5,8.65879705169714e-06,0.000356093028751045
"sh3gl3a",31.0258589056841,5,9.25776650306798e-06,0.000372955736266453
"socs3a",30.8214879594496,5,1.01589372593081e-05,0.000401074842997482
"marcksl1a",30.7375578976274,5,1.05537911799791e-05,0.00040849379978978
"nrp2b",30.6477130381049,5,1.09933750036539e-05,0.000417325428023324
"snu13b",30.306539346256,5,1.28346812520164e-05,0.000478031335688308
"tmsb1",29.559464391685,5,1.80052088439853e-05,0.000658190412185684
"adam8a",29.4812249389683,5,1.86540785729328e-05,0.000669511838235805
"ddx39ab",29.3956773780331,5,1.9390144823328e-05,0.000671047664431084
"krt91",29.3757264920665,5,1.95659098408685e-05,0.000671047664431084
"atp11a",29.3587518126673,5,1.97166993601838e-05,0.000671047664431084
"syne1b",29.1745870766986,5,2.1428689374825e-05,0.000716953098744145
"ptprub",28.889820364463,5,2.43705859434007e-05,0.000801792277537883
"si:ch211-156b7.4",28.7968875406739,5,2.54148322234027e-05,0.000822440636213064
"tp53inp2",28.7565262932566,5,2.58820704649443e-05,0.000824051727383871
"emilin1b",28.6214421285108,5,2.75087343628577e-05,0.000861940343369542
"hmgb2b",28.4485417318854,5,2.97395514350374e-05,0.000917279289574434
"CABZ01005379.1",28.0855088732807,5,3.50242490998465e-05,0.00106365950343226
"hoxb8a",28.0201250683117,5,3.60705273316775e-05,0.00107883668110199
"ranbp1",27.7459676301429,5,4.0805753491191e-05,0.00120224712524793
"ap1s3b",27.431679341716,5,4.69963322705658e-05,0.00136427588091319
"pbk",27.2459783254373,5,5.10827624685684e-05,0.00146141120453556
"mpp2b",27.0698505885174,5,5.52833002174236e-05,0.00154782646588472
"nifk",27.0542460119947,5,5.56715699482346e-05,0.00154782646588472
"si:ch73-335l21.4",19.3362583545655,2,6.32681080985353e-05,0.00173460063036818
"selenop",26.6357857939576,5,6.71540467955811e-05,0.00181591901882845
"SAMD5",26.5389644673444,5,7.01286627216025e-05,0.00187072946233031
"h3f3b.1",26.4685324356924,5,7.23742068000632e-05,0.00190488912297766
"nrp2a",25.9779257495927,5,9.01199346082793e-05,0.00234074672258873
"parp1",25.8192420803605,5,9.67347398205254e-05,0.00247992696630801
"nasp",25.5441163227372,5,0.000109362122999945,0.00276770295899862
"klf17",25.4976480726253,5,0.000111650391670715,0.00278984649567077
"iqsec1b",25.4358512991284,5,0.000114767082666889,0.00283187776480549
"col4a2",25.3161066139237,5,0.000121053529976711,0.00295011936017319
"rrm2.1",25.0602696041203,5,0.000135649365578305,0.00326551033721433
"tuba1b",24.9748459652116,5,0.00014090065373662,0.00335105892139864
"cnbpa",24.7994250449828,5,0.000152323282767153,0.00357959714502809
"hells",24.7517485622946,5,0.000155583049091579,0.00361318751655031
"si:ch211-152c2.3",24.4566585471596,5,0.000177351230598921,0.00407082940932872
"npl",24.2561927505436,5,0.000193831212242035,0.00439796336742272
"cldn5b",24.1777143145964,5,0.000200687592098014,0.00450178757728955
"col4a1",24.0812766672295,5,0.000209442190666542,0.00464538072332308
"si:ch211-288g17.3",23.94907082639,5,0.000222060438645588,0.00483269918546839
"nhp2",23.9417166747118,5,0.000222784005003862,0.00483269918546839
"cyp26b1",23.8025104305785,5,0.000236928463714592,0.00508366073231092
"pdgfd",23.5722927669614,5,0.000262293178636241,0.00556738424331119
"lbr",23.3528011540654,5,0.000288968245740984,0.00606833316056066
"ppp1r9ala",23.048594852092,5,0.000330421029293593,0.00686580117711108
"bicd1a",22.8708737824238,5,0.000357301781081065,0.0073470178734794
"mical2a",22.7871408102745,5,0.000370704208824124,0.00754402173421465
"hmgb2a",22.7412374754209,5,0.000378261002023206,0.00761925732646743
"hsp70.2",18.2538296826701,3,0.000389884954543729,0.00777406969969011
"CABZ01021592.1",22.6337343291008,5,0.000396558989949281,0.0078280744615988
"thrab",22.3309340025078,5,0.000452927547065385,0.00885226710799079
"arpp19b",22.2372588064025,5,0.000471916681184625,0.00913297577116128
"rapgef5b",22.1321299718292,5,0.000494164243853068,0.00947068172199957
"prkd3",22.0556221037193,5,0.000511002534797411,0.00968066274475729
"pard3ba",22.0171526590836,5,0.000519681731240285,0.00968066274475729
"notch1b",22.0164880169426,5,0.000519832953872479,0.00968066274475729
"rgs4",19.746833148685,4,0.000560267835817529,0.0103361561486337
"arid5b",21.753878262509,5,0.000583109998253284,0.0105831141392234
"fosl2",21.7451424781172,5,0.000585340584538852,0.0105831141392234
"cyp1a",21.7280168555622,5,0.000589737869966855,0.0105831141392234
"flt1",21.6720498514113,5,0.000604336746800271,0.0106519889811219
"hspe1",21.6719308329193,5,0.000604368169141667,0.0106519889811219
"stmn1a",21.6398317963157,5,0.000612901785699616,0.0107067975661154
"add3a",21.5409821687026,5,0.000639934520789476,0.0110809714389336
"itga4",21.4543093866147,5,0.000664602192167352,0.01140804110729
"baiap2a",21.3437995045848,5,0.000697417485320928,0.0118681216898579
"magi2a",21.3049211142923,5,0.000709337864143178,0.0119558979059893
"zgc:163030",21.287677545763,5,0.000714688932576868,0.0119558979059893
"prdx1",21.2544187429789,5,0.000725122503387965,0.0120285027032592
"tcp1",21.2207028321782,5,0.000735852674658921,0.0121047764981393
"chaf1a",21.0731811271897,5,0.000784671482031651,0.012801169467194
"s100a10b",20.8282383437109,5,0.000872869388980457,0.0141233129003887
"g3bp1",20.7054090286711,5,0.000920703366383613,0.0147187891387475
"bcl3",20.6768287162879,5,0.000932198526378269,0.0147187891387475
"hist1h4l.20",20.6724034568037,5,0.000933990980117039,0.0147187891387475
"dll4",20.6292643037303,5,0.000951643277977587,0.0147187891387475
"ackr3b",20.6290959078408,5,0.000951712824225681,0.0147187891387475
"agap1",20.6225748314864,5,0.000954409832705005,0.0147187891387475
"hist1h4l.21",20.5831643813453,5,0.000970870237700039,0.0148154444819722
"hyal2b",20.5717542148481,5,0.000975687833159267,0.0148154444819722
"pdlim2",20.5290719268173,5,0.000993918717340669,0.0149770652521411
"hmga1a",20.4883153968736,5,0.00101163987683595,0.0151286145217739
"tomm40l",20.462666192172,5,0.00102295137131048,0.0151827519320818
"ENSDARG00000115101",13.7315931809793,2,0.00104285139609761,0.0153626019096767
"itga9",20.2829393898005,5,0.00110578068398315,0.0161089551226085
"hspb1",20.2744821273529,5,0.00110983682708954,0.0161089551226085
"npm1a",20.2375043521115,5,0.0011277441744737,0.0162493941635845
"dnmt1",20.1745523895761,5,0.00115888634994077,0.0165531966620433
"banf1",20.1611994896362,5,0.00116559996759069,0.0165531966620433
"im:7151449",20.089335554366,5,0.00120239443786163,0.016953761573849
"abhd17b",19.9915766666021,5,0.00125428726430021,0.017560021700203
"h2ax",19.6443935711867,5,0.00145700891224454,0.0202544760054276
"tnfaip3",19.579340458287,5,0.00149842660751409,0.0206845742883414
"arhgap36",19.5339278733142,5,0.00152802332801893,0.0209466531215929
"CABZ01030107.1",19.5123917871924,5,0.00154225912982575,0.020995996705352
"vav3b.1",17.3710851084023,4,0.00163697011149078,0.0221327328772794
"supt16h",19.3249292462292,5,0.00167180834206848,0.0224499977363482
"agrn",19.0836939180783,5,0.00185434399280371,0.0244780016068117
"angpt2a",19.0822978085643,5,0.00185545536169796,0.0244780016068117
"LO018188.1",19.0765591001973,5,0.00186003051723493,0.0244780016068117
"hsp70.1",18.8049002609123,5,0.0020897571677011,0.0273190771459733
"pa2g4b",18.7798599433592,5,0.00211228346389525,0.0274318918271659
"spns2",18.7148049365475,5,0.00217192659378695,0.0280221117394474
"tm4sf18",18.6701615599564,5,0.00221380897658863,0.028377005972636
"grin2bb",18.6491178818861,5,0.00223382498318603,0.0284488420439304
"adam12",18.6284868405884,5,0.00225362081609237,0.0285169710959381
"hmgb1b",18.4634911810331,5,0.00241825134247597,0.0304052748410673
"podxl",18.3769412036453,5,0.00250926820896702,0.0312809167701345
"slc29a2",16.4064254058741,4,0.00251958752099868,0.0312809167701345
"bahcc1b",18.2636094376854,5,0.00263354236313007,0.0324913289051172
"hspa5",18.1379170743035,5,0.00277843127016075,0.0338954576633372
"scpp8",16.1842023711446,4,0.00278169409395168,0.0338954576633372
"si:ch211-66k16.27",18.0982131247617,5,0.00282580168982671,0.0342216719982695
"BX942846.1",11.6910168699869,2,0.00289286350567863,0.0348201985378635
"sat1a.1",17.8822480709024,5,0.00309765900403092,0.0370592659027699
"ssrp1a",17.6537394477485,5,0.00341318624144493,0.0405881303651343
"zgc:110540",17.6205388978117,5,0.00346157266581015,0.0409170325886781
"sh3bp4a",17.5703490503339,5,0.0035359962427699,0.0415479558525463
"ntn1b",17.5093274554583,5,0.00362859272869132,0.0423836807481459
"hnrnpabb",17.3945162487434,5,0.00380928560023797,0.0442325280874691
"tmem59l",17.3546706113426,5,0.00387402986648111,0.0447212570551679
"doc2b",17.3091244351903,5,0.00394935543241826,0.0453257419976374
"pttg1",17.0973821745154,5,0.00431876435017586,0.0492788487124113
"kntc1",17.0730031419026,5,0.00436340540266811,0.0495020819819934
"seta",17.0515994647886,5,0.0044029696879726,0.049665498080331
"mmp15b",16.9505798338737,5,0.0045944836170001,0.0515313105679443
"eif4a1a",16.9126902087877,5,0.00466839373537997,0.052064458947119
"CT033796.2",16.7936291842313,5,0.00490827994118381,0.0544322730556003
"eno1a",16.7664981673076,5,0.00496460516611963,0.0547493329492746
"lig1",16.7301549994536,5,0.00504104499614488,0.0552724359840449
"pole",16.717448713184,5,0.00506803997624727,0.0552724359840449
"hist1h4l.10",16.678187363123,5,0.00515234686304566,0.0554740322440037
"march8",16.6698821579231,5,0.00517035545639655,0.0554740322440037
"elmsan1b",16.6618092625443,5,0.0051879191943307,0.0554740322440037
"nutf2l",16.6567600215121,5,0.00519893412621109,0.0554740322440037
"etv4",16.5487322895196,5,0.00544013991709291,0.0577356784749538
"slbp",16.3912256884308,5,0.00581149487427579,0.0613109478261445
"dek",16.3672284667477,5,0.00587020156385865,0.0613109478261445
"gli2a",16.3598573770039,5,0.00588834996961918,0.0613109478261445
"hoxd9a",12.4749808477666,3,0.00592117961990501,0.0613109478261445
"sema6e",16.3420918810453,5,0.00593231562046281,0.0613109478261445
"ndnf",10.2354850624097,2,0.00598952881907577,0.0615798431711228
"wdhd1",16.2967999938588,5,0.00604585608229247,0.0618368907069706
"cdca7a",16.2782372567592,5,0.00609299987123368,0.0619978440505943
"exoc3l2b",16.2532039241173,5,0.00615714488699137,0.0623292513175434
"fen1",16.222638172566,5,0.00623635898592378,0.0625109871971866
"lpar1",16.2137355246729,5,0.00625961724265511,0.0625109871971866
"ralgapa2",16.2097339097355,5,0.0062700990197786,0.0625109871971866
"he1.1",16.154485795823,5,0.00641657530746376,0.0636498475222787
"kcnq5b",16.1148072281111,5,0.00652382463125378,0.0643901491104748
"plecb",16.0635456721042,5,0.0066649706506523,0.0653044692683188
"abca2",12.2147354170246,3,0.00668262552796373,0.0653044692683188
"foxf2a",16.0282513220379,5,0.0067638762929304,0.0657728660209094
"vwa1",15.9048771094118,5,0.00712096723848832,0.0687617106294765
"ccn2a",15.8981667238796,5,0.00714090713224047,0.0687617106294765
"col1a2",15.8829914572226,5,0.00718620105996648,0.0688619460794846
"pcnx1",15.8456918763178,5,0.00729872160086931,0.0696023016430725
"CABZ01075125.1",15.8175219946842,5,0.00738483561576275,0.0700849303149792
"atp8a1",15.796910391469,5,0.00744846995022441,0.0703506204868086
"sinhcafl.1",15.7589116684861,5,0.00756718515487453,0.0711315404558206
"lrrn1",15.7117293480604,5,0.00771715585390909,0.0721974675621637
"esm1",15.6665370856045,5,0.00786351003989472,0.073219664239397
"itga10",15.5921744657589,5,0.00811022719246324,0.0751623872202931
"b4galt5",15.5734048865322,5,0.00817368022411524,0.0753964708523528
"mcm2",15.5468600930218,5,0.00826424311082319,0.075877283259372
"nr5a2",9.52354681209066,2,0.00855043255533994,0.0778134525721896
"relb",15.4576260769062,5,0.0085758910646373,0.0778134525721896
"lamc3",15.4525683798449,5,0.00859389293322077,0.0778134525721896
"hbegfa",15.4416725205565,5,0.00863279944949824,0.0778134525721896
"myo6b",15.3887542402511,5,0.00882420551133689,0.0791771894517228
"krt92",13.5367677650979,4,0.00893015314872847,0.0795516716057243
"p3h2",15.3555132288318,5,0.00894654057571975,0.0795516716057243
"si:ch73-386h18.1",15.3042036203347,5,0.0091386132872725,0.0808951687402508
"ncl",15.2587332908525,5,0.00931217008740903,0.0820634988952921
"CABZ01056843.1",15.1292486943916,5,0.00982412106137154,0.086190288778433
"ccnd1",15.0321870027982,5,0.0102256895641059,0.0893164212369246
"atrnl1a",14.9218925898237,5,0.0107013446580044,0.0925214237595119
"oaz2a",14.9207466940469,5,0.0107063973333356,0.0925214237595119
"dhfr",14.9146689413126,5,0.0107332350764581,0.0925214237595119
"kpnb3",14.8063609813282,5,0.0112225771013957,0.0957816982148291
"dkc1",14.8006676345694,5,0.0112488895636015,0.0957816982148291
"pold2",14.7989114076545,5,0.011257018229909,0.0957816982148291
"atad2",14.7775523630345,5,0.0113563349832931,0.0960577664269897
"tmem198b",14.7613127462846,5,0.0114324148068864,0.0960577664269897
"myca",14.7606673874118,5,0.0114354483841654,0.0960577664269897
"mapk10",14.7451491533124,5,0.0115086288058713,0.0962628528084323
"neo1b",14.7029852805722,5,0.0117097627161192,0.0975319476861577
"hist1h4l.15",14.6459756536289,5,0.0119871375545831,0.0994227291291896
"cks1b",14.5952713687583,5,0.0122391728000496,0.101088397938485
"abtb2b",14.572130614723,5,0.0123558964800444,0.101627248548365
"gars1",14.476593975381,5,0.0128493019988575,0.105246979857862
"hs3st3b1b",14.4505834899882,5,0.0129869040195741,0.105934498077022
"klf6a",14.4202292204161,5,0.0131492890354519,0.106817681300337
"zbtb46",14.3979107572215,5,0.013269936605405,0.10735596253717
"nap1l1",14.3801360452365,5,0.0133667872430093,0.107698114357961
"GRM7",14.3468893039548,5,0.0135497803473035,0.108728725225923
"rassf2a",14.3349677916667,5,0.013615985743111,0.108817635048182
"cxcl18b",14.3246648719339,5,0.0136734542971234,0.108836285413394
"pola2",14.3002870579209,5,0.0138103666581378,0.109484593506683
"plekhg5b",14.2624749254795,5,0.0140253558641368,0.110388620782265
"jmjd1cb",14.2605750314097,5,0.0140362430680591,0.110388620782265
"scube3",14.2161897920908,5,0.0142929267076485,0.111961259209913
"id2b",8.40217331394661,2,0.0149792906227147,0.116873990866557
"nupr1b",14.0637932344994,5,0.015209230754776,0.11820087208633
"epas1b",14.0166048227741,5,0.0155042833968954,0.120021393825378
"si:ch211-250c4.4",13.9929178557611,5,0.0156544654507371,0.120710604686543
"kpna2",13.9465129788708,5,0.0159527661848583,0.122532141824554
"nrxn1a",8.25868213032961,2,0.0160934798840155,0.123133834461421
"cxcl12a",13.8622769317392,5,0.0165083283705489,0.125820232445805
"mcamb",13.8303146242146,5,0.0167239762089906,0.12697357321749
"pbx3b",8.13115257675146,2,0.0171531012918297,0.1297326511497
"mast2",13.7394248090622,5,0.017352155043216,0.130737229218734
"slco2b1",13.712054958703,5,0.0175457349588353,0.131693082922969
"robo1",13.6932008089947,5,0.0176802945469668,0.132200384226184
"ttk",13.6683776074054,5,0.0178589718182902,0.133032491959641
"gpt2",8.03950058438962,2,0.0179574484947406,0.133263170408338
"ube2t",13.6197414452104,5,0.0182141119927092,0.134557994257765
"mcm3",13.6124064931731,5,0.0182682585922397,0.134557994257765
"lamb1b",13.5342783609529,5,0.0188547051746281,0.138340183529149
"myh9b",13.5254751013119,5,0.0189219096012514,0.138340183529149
"si:dkeyp-23e4.3",13.4924448337158,5,0.0191761257966637,0.139681447684923
"hoxc3a",13.4549042503108,5,0.0194690473289023,0.141293747894313
"arhgef39",13.3746806866366,5,0.0201095163149495,0.145407271815789
"CHST8",13.3054495329563,5,0.0206784757019608,0.148975587721426
"zic2a",13.2466455516953,5,0.0211738694086208,0.151989884409518
"coro2ba",13.1399405805234,5,0.022102076882545,0.158077897703419
"kcnc4",13.1259808639158,5,0.0222263633054843,0.158392928393596
"myo10l3",13.0228969977526,5,0.0231651406808666,0.163937810242736
"col27a1b",13.0215568463563,5,0.0231775924173214,0.163937810242736
"asf1ba",13.0133923389852,5,0.0232535901053527,0.163937810242736
"klhl5",13.0014532342892,5,0.0233651535320801,0.164090054039667
"sema5ba",12.993321183124,5,0.0234414362913811,0.164090054039667
"spon1b",12.9632349018063,5,0.0237257435447824,0.165493348966079
"mtss1lb",12.9528758586051,5,0.023824397044943,0.165596337206752
"dusp2",12.9256862135963,5,0.0240852106509137,0.166821774824224
"lyz",7.43292466336647,2,0.0243198514101407,0.167857995397265
"wwtr1",12.8857918270667,5,0.0244728548432334,0.168210669027779
"ppp2r5b",7.4147896854146,2,0.0245413742046607,0.168210669027779
"nop10",12.8606522319669,5,0.0247201951595067,0.168850052750402
"tcima",12.8411223856765,5,0.0249139950545154,0.169586987026253
"nr4a1",12.8063132483138,5,0.0252630317395542,0.171371906027079
"pold1",12.7379931597465,5,0.0259617581612254,0.175508597980339
"lin28b",12.6572626830155,5,0.0268112739483202,0.180304943874855
"apoeb",12.643328180556,5,0.0269605722982047,0.180304943874855
"med6",12.6335560507383,5,0.0270657480812474,0.180304943874855
"fxyd1",12.6316846242941,5,0.0270859346774314,0.180304943874855
"limch1b",12.6277940447211,5,0.027127947482691,0.180304943874855
"nuf2",10.9418768948627,4,0.027225062799905,0.180317644989491
"bcr",12.6107669437562,5,0.0273125510901002,0.180317644989491
"pkdcca",12.5297904764073,5,0.0282070498156931,0.185602387787261
"sox7",12.4916691976995,5,0.0286377879479658,0.187434090483739
"igfbp7",12.488372931224,5,0.0286753269129125,0.187434090483739
"rbbp4",12.4722387260988,5,0.028859748130155,0.187774260530908
"zgc:158423",7.08230855277914,2,0.0289798570043397,0.187774260530908
"setb",12.4513471308332,5,0.0291002333117051,0.187774260530908
"pleca",12.4506869285354,5,0.0291078640944569,0.187774260530908
"pcdh7b",12.4396395109211,5,0.0292358369668945,0.187985479389738
"ppp1r14aa",12.4296615474657,5,0.029351883262994,0.188118888185552
"CABZ01026153.1",7.02543718902452,2,0.0298157472297572,0.1901373638813
"anxa1a",12.3824352986242,5,0.0299071334207929,0.1901373638813
"zgc:173587",12.3783372592275,5,0.0299557852923426,0.1901373638813
"si:dkey-30c15.10",12.2803195688782,5,0.031142225698335,0.196437049592091
"glula",12.2799069810685,5,0.0311473133345108,0.196437049592091
"coro1a",12.2319328479504,5,0.0317443227031637,0.199564627439634
"cxadr",12.2185558480621,5,0.0319127281775895,0.199986429912894
"jdp2b",6.85707178605111,2,0.0324343934481934,0.202387476850036
"bub1bb",12.1723557537122,5,0.0325009271334658,0.202387476850036
"zmiz1a",12.0752502937295,5,0.0337710999357866,0.208983117609206
"BX294178.2",6.77625584895598,2,0.0337718411941929,0.208983117609206
"sumo3b",12.0314449941009,5,0.0343594426019449,0.211954811550748
"mafa",11.9985010004388,5,0.0348083260368758,0.214054939553872
"kank4",11.8982148765033,5,0.0362094050892083,0.221979396416451
"meox2a",11.8544581112158,5,0.036837389017544,0.225130049289882
"sox11a",11.8464026528231,5,0.0369541216137135,0.225146407609477
"smad1",11.7790704631864,5,0.0379436874844353,0.229914264146692
"mcm5",11.7665214519075,5,0.0381308797715639,0.229914264146692
"dchs1b",11.762103088852,5,0.0381969966162906,0.229914264146692
"si:ch211-285f17.1",11.7602303730124,5,0.0382250529815666,0.229914264146692
"fosl1a",10.1284261111572,4,0.0383190440244486,0.229914264146692
"mylipa",11.7380271776104,5,0.038559188797875,0.230654056627289
"ptprfb",11.7128554872801,5,0.0389413523072411,0.232236342762821
"CR848683.2",11.6943690976645,5,0.0392243054170563,0.233219213533943
"eya2",11.6770759305688,5,0.0394907611008641,0.234098385624942
"rad51",11.6560117757221,5,0.0398176418816091,0.235329416390109
"slc8a2b",11.6296197370298,5,0.040230827375868,0.236508800652789
"si:ch211-113a14.19.2",11.6279682623846,5,0.0402568171323896,0.236508800652789
"samd10b",11.5848266934636,5,0.0409414188277364,0.239109805403912
"sema4c",11.5828621383952,5,0.0409728551871995,0.239109805403912
"si:dkey-6i22.5",11.5772409840593,5,0.0410629301073587,0.239109805403912
"rgs5b",11.5598946755839,5,0.041342077369156,0.240027237431511
"slc16a6a",11.5246296911753,5,0.0419151390253767,0.241723700056196
"six2a",6.33955261670181,2,0.0420129948084939,0.241723700056196
"tuba1a",11.5176659631885,5,0.0420291873421985,0.241723700056196
"sema3fa",9.89715194260062,4,0.0421962420462597,0.241723700056196
"poc1b",11.5044437697751,5,0.0422465433228914,0.241723700056196
"strbp",11.487540635094,5,0.0425259607004486,0.24261920931412
"cxcr4a",11.4301356265363,5,0.04348801997741,0.247392943617889
"cryba4",6.23670252855103,2,0.0442300319706226,0.250891043419566
"BX284638.2",11.3377925342202,5,0.045078968933528,0.25497388158964
"loxl3b",11.3253634533239,5,0.0452972634681038,0.255476565960105
"dhrs11a",11.3037961977364,5,0.0456784280934727,0.256892356286368
"thy1",11.2531709507483,5,0.0465850916148113,0.261247076271697
"nectin1b",11.2243871625986,5,0.0471081467054563,0.263211826754924
"wnt5b",11.2192477713833,5,0.0472021209074179,0.263211826754924
"si:ch211-113a14.11",11.2016866831583,5,0.0475245650258121,0.263930168906303
"pax2a",6.08991442337033,2,0.047598348597084,0.263930168906303
"gadd45ab",11.1618359799974,5,0.048264008544892,0.266871576659991
"ptprua",11.1425346580927,5,0.0486260433946353,0.26792160792112
"mcm10",11.1372635497836,5,0.0487253582794742,0.26792160792112
"kif20a",11.1260781258237,5,0.0489367414753228,0.268336465756353
"zbtb16b",11.1072804150723,5,0.0492939328227798,0.269546325186059
"prim2",11.092366002869,5,0.0495790829354301,0.270356656669997
"hsp90b1",11.0764206429626,5,0.0498856645855741,0.271279068572791
"sec14l8",5.98407564727134,2,0.050185064140521,0.272157463223595
"lcp1",11.018318877585,5,0.051017981420767,0.275269468597182
"metrnla",11.0173125927289,5,0.0510378042079881,0.275269468597182
"CU459186.5",11.001032930841,5,0.0513595073533746,0.276249775246761
"rhbdf1b",10.9482629550252,5,0.0524154810613089,0.280556715115503
"bag3",9.37201691654911,4,0.0524444923392201,0.280556715115503
"ruvbl1",10.905955310057,5,0.0532768274517319,0.283878020546538
"osbpl3b",10.9022467984134,5,0.0533529613083918,0.283878020546538
"inpp5l",10.8638959088853,5,0.0541463129121941,0.287324789485675
"gadd45ba",10.8221002739847,5,0.0550235569436297,0.291197054709719
"agap3",10.7851062415619,5,0.0558111532973494,0.294223931307008
"cldn11a",10.7812618863408,5,0.055893603971696,0.294223931307008
"nav3",5.75442024069154,2,0.0562915907306171,0.29553085133574
"kmt5ab",10.7524143851749,5,0.0565159642352588,0.29592178620796
"abce1",10.7385217398553,5,0.0568180035190009,0.296716240599227
"st6gal2a",10.7120287196411,5,0.0573981938778513,0.298955236714719
"anxa2a",10.7049570260599,5,0.0575540002432623,0.29897788547421
"mad2l1",10.697180966693,5,0.0577257838214048,0.2990831949172
"MAN1C1",10.6564081527154,5,0.0586344154236909,0.302485331225295
"fbl",10.6539823154447,5,0.0586888965852523,0.302485331225295
"anp32b",10.6336059510432,5,0.0591484019105499,0.303314808755054
"bcl2a",10.6332197518142,5,0.0591571435515177,0.303314808755054
"ddx18",10.6166120354734,5,0.0595342086934364,0.304457326323429
"nr2f5",10.5975522041156,5,0.0599697244803536,0.305892083008315
"sorcs2",5.61747946463074,2,0.0602809146298615,0.305920014134531
"cd82a",10.5809597158488,5,0.0603512919631854,0.305920014134531
"nr3c2",10.5771109469456,5,0.0604401243730837,0.305920014134531
"tmeff2a",10.5537360874477,5,0.0609822709927291,0.307874687825185
"sema3fb",10.5318196262433,5,0.0614947283081521,0.30966988183748
"NAV1",5.55771765296807,2,0.0621093444899784,0.311304403177457
"tuba8l",10.4938917802152,5,0.0623911108824474,0.311304403177457
"gar1",10.4915688567375,5,0.0624464062887111,0.311304403177457
"fbln2",10.4914127710162,5,0.0624501234337757,0.311304403177457
"glsb",10.4595629726508,5,0.0632129673429225,0.314313343916698
"dusp19b",10.4459751189139,5,0.0635410604653903,0.314585835248484
"postnb",10.4425802616051,5,0.0636232813018749,0.314585835248484
"si:dkey-172h23.2",10.4375265268456,5,0.0637458632722359,0.314585835248484
"si:dkey-88l16.3",5.49883825572041,2,0.0639650059073558,0.314880103893068
"camk2n1a",5.47175162678586,2,0.0648371969445074,0.318379668578253
"ube2c",10.3790382195345,5,0.0651807038346014,0.319272231686112
"lhfpl6",10.3062125351516,5,0.0670094682355148,0.325664240867718
"tcf12",10.3052340223281,5,0.0670343633239827,0.325664240867718
"jarid2b",10.3007603998168,5,0.0671482901877463,0.325664240867718
"vim",10.2986857885829,5,0.0672011843101608,0.325664240867718
"kcnd1",5.39533216763011,2,0.0673625479558839,0.325664240867718
"cxcr4b",5.39198085660635,2,0.067475519004507,0.325664240867718
"kcnq5a",5.38565420146331,2,0.0676893041320983,0.325899235016493
"gas2l1",5.38039949013625,2,0.0678673818429721,0.325961585785954
"si:ch211-160j14.3",10.2639765421807,5,0.0680919177279915,0.326246227172464
"gpm6aa",5.33568963146487,2,0.0694016375634635,0.33171630157452
"tnfrsfa",8.66803178032096,4,0.0699544134594802,0.333550754031434
"coro2bb",10.1740157558218,5,0.0704520902791391,0.335114280026556
"hsd3b7",10.1617286213359,5,0.0707803060522874,0.33534177377687
"sparc",10.1595117252091,5,0.0708396756154785,0.33534177377687
"BX005003.1",10.1501639567635,5,0.0710905240527501,0.335724149473992
"trabd2b",8.61441825298125,4,0.0714939092919759,0.336823333991313
"emid1",10.1272383940383,5,0.0717092414859991,0.337033434984196
"pa2g4a",10.1174238663588,5,0.0719756468339948,0.337482011520916
"cd81b",10.0670453372268,5,0.0733576829609468,0.342997268882075
"junbb",10.061928912648,5,0.0734994147604447,0.342997268882075
"palld",10.0442201890282,5,0.0739919390328483,0.344481338799157
"stard13b",10.0296143281636,5,0.0744004728508812,0.345568313900328
"fkbp1ab",10.0185979526006,5,0.0747099932484147,0.346191377165189
"auts2a",10.0015028637737,5,0.0751926743673944,0.347612035600086
"slc7a3a",9.97236605387828,5,0.0760220389716713,0.350625011518876
"primpol",9.9290476638708,5,0.0772707935813441,0.355553721514157
"abcf1",9.91467576466365,5,0.0776892866120845,0.356648027377337
"rnd3a",9.90306036942195,5,0.0780290493675226,0.357376666940811
"hspa9",9.85485376846839,5,0.0794539289021519,0.362546724209093
"orc4",9.85246385395282,5,0.0795251933042235,0.362546724209093
"nop2",9.84145158968407,5,0.0798543321002296,0.363208413746206
"snrkb",9.75414885120944,5,0.0825086852582886,0.374418723447958
"dpp6a",9.73809592044217,5,0.0830055610450445,0.37480880606568
"fhl3a",9.73716550935574,5,0.0830344441578915,0.37480880606568
"cemip",9.73298732080048,5,0.0831642639598622,0.37480880606568
"apobb.1",9.72373336725507,5,0.0834524607585327,0.375250928331079
"gab2",9.69898803777419,5,0.0842276507268167,0.377875869397128
"BX323453.1",9.68257076242561,5,0.0847456181525152,0.378794408359567
"gpatch4",9.68034161986929,5,0.0848161745161745,0.378794408359567
"DOCK9",9.65811343965583,5,0.0855227120364668,0.381087660406288
"kaznb",9.65065812576803,5,0.0857608993274835,0.381288322685704
"si:ch211-226l4.6",9.63207327482494,5,0.0863573306008897,0.383077237317205
"tanc2a",9.61804876339304,5,0.08680994327266,0.383946485310597
"clybl",9.61396068965516,5,0.0869422892268678,0.383946485310597
"slit2",9.57224886937105,5,0.0883033380533864,0.389086583297734
"foxq1a",9.54292448850256,5,0.089271923700053,0.392218629834553
"si:ch211-222l21.1",9.53872170142274,5,0.0894115417555973,0.392218629834553
"chsy3",9.49855530723636,5,0.0907560725651277,0.396477091246691
"arl5c",9.49772639276673,5,0.0907840148143386,0.396477091246691
"meis2a",4.78765873008637,2,0.0912794713429257,0.397442542811097
"BX539321.2",4.78484984734968,2,0.091407758073069,0.397442542811097
"gtpbp3",4.76054736223416,2,0.0925252516306696,0.400495038117664
"fabp3",9.44602421077404,5,0.0925426059896179,0.400495038117664
"cntfr",4.75637546173802,2,0.0927184561397024,0.400495038117664
"hmcn2.1",9.42103519228997,5,0.0934037692978109,0.402574324440783
"BX294178.3",4.73291521406067,2,0.0938124589624929,0.402741990243334
"unga",9.40439150014154,5,0.0939814215866811,0.402741990243334
"CABZ01076275.1",9.40228572309107,5,0.0940547403759761,0.402741990243334
"prdm1a",9.3930907001342,5,0.0943755085428095,0.403240809228368
"CKS2",9.37299298808316,5,0.0950801204584655,0.404367824542069
"slc2a11b",4.7019858565758,2,0.0952745144735786,0.404367824542069
"mdka",9.36618950564638,5,0.0953197389009495,0.404367824542069
"hsp70l",9.36225214980354,5,0.0954586657733556,0.404367824542069
"rnf220a",9.29125909110215,5,0.0979957230049279,0.414119537404714
"pappab",9.28615979081201,5,0.0981803158588683,0.414119537404714
"ablim3",9.2724827196115,5,0.0986769968678717,0.414665378680384
"dbf4b",9.26580769951471,5,0.098920235015459,0.414665378680384
"prc1a",9.2647300100031,5,0.0989595575895867,0.414665378680384
"nme2b.2",4.6204921514212,2,0.0992368287816827,0.414665378680384
"net1",9.25156255385403,5,0.0994411682945699,0.414665378680384
"hist1h2a2",9.24804725472005,5,0.0995701061269008,0.414665378680384
"si:ch73-281n10.2",9.24179317894585,5,0.0997998785222391,0.414747284637684
"igsf3",9.15059566648559,5,0.103206078841502,0.427853347106871
"klhl29",4.53855103633774,2,0.103387054999988,0.427853347106871
"sall1a",4.52821722413028,2,0.103922628643365,0.429170018707117
"col5a1",9.10765701165894,5,0.10484636505358,0.431514011093382
"col18a1b",9.1055511724427,5,0.104927419110853,0.431514011093382
"meis2a.1",9.06958973329342,5,0.106320444110011,0.436333797657299
"arid3c",9.05382529520775,5,0.106936411899828,0.437951197282698
"cd276",9.02634022170132,5,0.108018136157983,0.441465426036973
"sdk1b",9.01363256201093,5,0.108521634823329,0.442606832936469
"smc2",8.99700841228341,5,0.109183541830579,0.442808932616933
"si:dkey-102m7.3",8.99675175782507,5,0.109193789564354,0.442808932616933
"si:dkey-246g23.2",4.42834000446732,2,0.109244149029608,0.442808932616933
"mybl2b",8.97822481840124,5,0.109935855144479,0.444470027345115
"cadps2",8.97403573930685,5,0.110104277290659,0.444470027345115
"pcbp3",4.40145295245274,2,0.110722691734062,0.446029857360621
"bub3",8.95327139433161,5,0.110942583568422,0.446029857360621
"plekha1b",8.9225548124285,5,0.112193344428805,0.450141589232643
"hoxb9a",8.91532475331668,5,0.112489607436145,0.45041477703641
"csgalnact1a",4.35486728791813,2,0.11333200803026,0.45286919808043
"dlgap1b",4.34550046190129,2,0.113864033505986,0.454075963920842
"nsd2",8.84811900256653,5,0.115277698844597,0.458786648224261
"h1-10",8.83024787461648,5,0.116029590420715,0.460849922516078
"htr2cl1",4.29823670566063,2,0.116586900986487,0.462133619572943
"si:ch211-119e14.1",8.80399885368412,5,0.117142037603899,0.462633342906005
"rrm1",8.79763407141075,5,0.117413233967267,0.462633342906005
"ZNF423",8.79756778872036,5,0.117416061193469,0.462633342906005
"fhod3b",8.7837475692507,5,0.118006900051576,0.46349855758996
"ctnna2",4.27235811174106,2,0.118105255556104,0.46349855758996
"ipo11",8.76990625692864,5,0.118601341302749,0.464521920102434
"hmox1a",8.75787343337979,5,0.119120317520792,0.465008211550976
"si:ch211-191c10.1",8.75610799651581,5,0.119196633761294,0.465008211550976
"FP236476.1",4.23999752745797,2,0.120031776903172,0.467342658001699
"adarb1b",8.71437927644678,5,0.12101342543308,0.469343735102615
"nop56",8.70841541981164,5,0.121275118308183,0.469343735102615
"GALNTL6",8.70557460766268,5,0.12139995258219,0.469343735102615
"pprc1",8.70337290136818,5,0.121496782491102,0.469343735102615
"col12a1a",8.67695884446762,5,0.122663918797701,0.472262488784587
"bub1ba",8.67446961831277,5,0.122774429318444,0.472262488784587
"pik3r5",8.66758567495832,5,0.123080514496987,0.472262488784587
"col1a1a",8.66232886159727,5,0.123314715896932,0.472262488784587
"tbx1",5.76820532942305,3,0.123448553299314,0.472262488784587
"UNC13B",8.64341391516574,5,0.124160749694181,0.474068317014146
"tanc1a",8.60970965521685,5,0.125681289849945,0.478947618076818
"ccn1",8.5914166518257,5,0.126513582615191,0.481190389368762
"hirip3",8.55593006097684,5,0.128142338204696,0.486448030030904
"baz1b",8.52596044292525,5,0.129532571244474,0.490781757459869
"hdac4",8.49569300838449,5,0.130950390592506,0.495203201206142
"mfsd2ab",8.48161428784362,5,0.131614627191978,0.496257648604141
"erfl3",8.47913275150638,5,0.131732020196844,0.496257648604141
"fabp11a",8.47267675332444,5,0.132037872703005,0.496462401363297
"spsb4a",8.44850305453573,5,0.133188779115273,0.499837737592297
"tubb4b",8.43660250528078,5,0.133758667313661,0.501023926522137
"dnmt3bb.1",8.39701011672021,5,0.135670445854345,0.504976145419037
"zfpm1",8.39422286812458,5,0.135805951833438,0.504976145419037
"il1b",3.99270659047756,2,0.135829712028339,0.504976145419037
"fabp11b",3.98760027979656,2,0.136176949469942,0.504976145419037
"armc1l",8.38298264874499,5,0.13635364369144,0.504976145419037
"si:dkeyp-52c3.7.1",8.38125405917333,5,0.136438046619523,0.504976145419037
"zgc:194989",8.37784808897246,5,0.136604489186305,0.504976145419037
"wnt9a",8.36802369255652,5,0.137085607128376,0.505807455086755
"bnc2",8.36227762791986,5,0.137367705533963,0.505902706574708
"adamts6",3.95571630833582,2,0.138365277254152,0.508627667224761
"hivep3b",3.94168574312886,2,0.139339361519907,0.51014787112925
"zcchc7",8.31944119447876,5,0.139487171252101,0.51014787112925
"krcp",8.31641294956441,5,0.139638105421583,0.51014787112925
"ckap2l",8.31107403918235,5,0.139904564151348,0.51014787112925
"xpr1a",8.30439232713529,5,0.140238681558249,0.51014787112925
"mycn",8.29392138880259,5,0.140763714457366,0.51014787112925
"pcdh7a",3.92110309639264,2,0.140780752134058,0.51014787112925
"lsp1a",8.29227759843909,5,0.140846296740345,0.51014787112925
"ptprga",8.28058835269667,5,0.141434802709869,0.511013824043427
"cirbpa",8.27481610431979,5,0.141726222048686,0.511013824043427
"afap1l2",6.88917534329207,4,0.141861993706078,0.511013824043427
"epb41a",8.25889852901788,5,0.142532623858889,0.512494352454367
"si:ch211-208k15.1",8.22495286932674,5,0.144266053941623,0.517783982692297
"igf2a",8.20566122633559,5,0.145259542790961,0.519995354701756
"hist1h2a3.4",8.20276856319242,5,0.14540903535733,0.519995354701756
"nrxn2a",8.16949824015586,5,0.147138331347515,0.525227967594926
"kirrel3a",8.1511015824333,5,0.148102384065071,0.527085434591827
"tmem255a",3.81848346970395,2,0.148192713373082,0.527085434591827
"rnf44",8.13097520901044,5,0.149163518921749,0.529578498719845
"CABZ01079281.1",3.80185170868719,2,0.149430204552662,0.529578498719845
"rrs1",8.11287891185512,5,0.150123391444286,0.531081675109355
"meis1a",8.10704688059167,5,0.150433905265229,0.531228137734459
"aqp8a.1",8.08343880099229,5,0.151696707710137,0.53201062607163
"igdcc4",5.28939069116781,3,0.151792296361879,0.53201062607163
"rdh10a",3.76655215020067,2,0.152091027066862,0.53201062607163
"inpp4b",8.07445522205308,5,0.152179710229799,0.53201062607163
"kif22",8.06778240429385,5,0.152539358159952,0.53201062607163
"trpv4",8.06455342134853,5,0.152713662963976,0.53201062607163
"flt4",8.06436451554967,5,0.152723865824293,0.53201062607163
"edn2",8.06274126916249,5,0.152811562807809,0.53201062607163
"ccnb3",8.05211096486723,5,0.153386977980313,0.533073757980877
"diaph3",8.04259419453433,5,0.153903748413426,0.533929700119689
"CT990561.1",8.03297390665081,5,0.1544277093092,0.534807540660283
"jag1b",8.00995159294646,5,0.155688027911783,0.5382279633938
"smad6b",3.70968217562117,2,0.15647780693018,0.539751220187615
"hist1h4l.11",7.99202839060029,5,0.156675506163882,0.539751220187615
"slc4a11",7.97932859330945,5,0.157378555003975,0.541228689160012
"arhgap21a",7.97262519113502,5,0.157750774058426,0.541565266071882
"hsp70.3",6.60844007102844,4,0.15808473528052,0.541769561534281
"ATP8A1",7.95905681446589,5,0.158506569037353,0.542273773448413
"vash2",7.9197370964567,5,0.160714901099618,0.54887753420527
"bms1",7.89948015398792,5,0.161863176457967,0.551844404711619
"si:dkey-261m9.12",7.8914017570143,5,0.162323120981751,0.55192219269461
"arhgap42b",5.12979148394381,3,0.162536173278073,0.55192219269461
"chsy1",7.88285672176535,5,0.162810888467526,0.55192219269461
"sulf1",7.87947333300611,5,0.163004376059249,0.55192219269461
"mtf2",7.86678521368223,5,0.163731785692405,0.552673894938495
"FQ377603.1",7.86583569279715,5,0.163786336645906,0.552673894938495
"pdzd2",7.85312620893333,5,0.164518053617531,0.554195627715027
"si:ch211-113a14.24",7.82242820039005,5,0.16629730739914,0.559234897454688
"cacna1g",3.58333722720551,2,0.166681809958799,0.559574647718827
"lama5",7.80643598987136,5,0.167230908592401,0.560464878712053
"tpra",7.79729908081722,5,0.167766374799458,0.560722777819136
"si:ch211-107n13.1",7.79543219606298,5,0.167875968435213,0.560722777819136
"chaf1b",7.77729218241412,5,0.168944141620384,0.562710258005639
"foxl2a",3.55522648746413,2,0.169041126138472,0.562710258005639
"ngfb",6.41853999299218,4,0.169995933748613,0.564525806602985
"fhdc2",7.75679182487421,5,0.170158487805864,0.564525806602985
"eppk1",7.7271956993798,5,0.171925141402463,0.569061121716947
"slc16a1a",3.51604694636505,2,0.17238525139197,0.569061121716947
"barx1",3.51598779425995,2,0.172390349942621,0.569061121716947
"si:dkey-185e18.7",7.71402496711354,5,0.172716488776035,0.569185891225196
"ccne2",7.69981275462995,5,0.173573992006321,0.571058433700794
"si:ch73-22o12.1",7.68372329749981,5,0.174549259122651,0.573311543274732
"NPAS3",7.66240885772168,5,0.175848625321838,0.576405117218917
"CU179759.2",7.65626484089013,5,0.176224743344168,0.576405117218917
"BX276117.1",7.65394209518541,5,0.176367117933245,0.576405117218917
"gng13b",7.62567179068866,5,0.178108046037961,0.581132698973448
"MAGI3",7.61853817442158,5,0.178549709973553,0.58161242159702
"kdm6bb",7.60150533806488,5,0.179608134147328,0.584096304459351
"olfm2a",3.42758281569606,2,0.180181354942625,0.584996701738061
"CABZ01044099.1",7.57402234341698,5,0.181327476980956,0.587145548420196
"tp53i11b",7.57226207049712,5,0.181438087404417,0.587145548420196
"si:ch1073-153i20.4",7.54980936281044,5,0.182854115967375,0.590759451586905
"si:dkey-230p4.1",7.5448273592575,5,0.183169618259657,0.590811807915954
"CR788236.1",3.38955791400686,2,0.18363981683713,0.591362150793629
"hs6st1b",7.53106756333136,5,0.184043466848976,0.591696748468856
"kirrel1b",7.5123770887318,5,0.185236257534251,0.593634433120159
"nfia",7.51187775473787,5,0.185268216051395,0.593634433120159
"enpp1",7.50449679715876,5,0.185741173507525,0.593634433120159
"edn1",7.50281513437959,5,0.185849077846129,0.593634433120159
"vaspa",4.80626819770516,3,0.186545353347088,0.594895844114948
"bmf2",3.34604449868889,2,0.187678994926092,0.597545703200171
"si:ch211-250g4.3",3.33343358919848,2,0.188866135131378,0.600357086552884
"shc1",7.44131944231067,5,0.189832535085656,0.602381350921353
"f8",7.4353866096808,5,0.190220728612979,0.602381350921353
"dnajc21",7.43236927154773,5,0.190418420959942,0.602381350921353
"pik3c2b",7.41890687121363,5,0.191302630835827,0.603453250469027
"gfra2a",7.41790371806664,5,0.1913686599765,0.603453250469027
"FP236812.1",7.40856134513967,5,0.191984537778103,0.60442978879422
"pes",7.39733588560918,5,0.192726822145728,0.60539327738649
"alcama",4.72712719157667,3,0.192903936917985,0.60539327738649
"got2b",7.38169604908743,5,0.193765144664045,0.607130786614008
"mibp",7.31661047049724,5,0.198138207988576,0.618934818668588
"rnf165a",7.3162969741132,5,0.198159475885789,0.618934818668588
"cdc14b",7.30582760032498,5,0.198870858677374,0.620175473979679
"si:ch73-208g10.1",7.28645655637424,5,0.200192900020183,0.623313540441391
"pxk",7.27560400014047,5,0.200936868608533,0.623830038418643
"aanat2",7.2730036367198,5,0.20111548241098,0.623830038418643
"vwde",3.20584977292739,2,0.201306856369137,0.623830038418643
"hist1h2a11.3",7.26275040400139,5,0.201821087408784,0.624443301794575
"si:dkey-261m9.6",7.24417932524641,5,0.203104524795673,0.625784936073328
"alcamb",7.23570419918299,5,0.203692561294361,0.625784936073328
"p4ha1b",7.2340642942312,5,0.203806512708456,0.625784936073328
"adma",7.23120949566143,5,0.204005013451666,0.625784936073328
"cryba2b",3.17635743029707,2,0.204297356785747,0.625784936073328
"si:dkey-31f5.11",7.21939798628245,5,0.204828058761692,0.625784936073328
"acsl2",7.21660632057905,5,0.205023002140167,0.625784936073328
"her6",7.21620922296334,5,0.205050744579936,0.625784936073328
"dhrs3b",7.21539228308059,5,0.20510782859141,0.625784936073328
"BX323807.2",7.20887448381529,5,0.205563750639615,0.626208092226234
"sgo1",7.20338360007611,5,0.205948513463094,0.626413506280657
"foxo1b",7.18457347896299,5,0.207271275971351,0.628740425745323
"ebf3a",7.18344921795746,5,0.207350565937287,0.628740425745323
"kif20bb",7.16419520101923,5,0.208712514628965,0.630134032483468
"rtn4r",5.87250956853119,4,0.208873792010601,0.630134032483468
"si:ch73-380l10.2",7.15986413621481,5,0.209019927964567,0.630134032483468
"lef1",7.15314241286155,5,0.209497793666542,0.630134032483468
"cenpp",7.14556132818286,5,0.210037873785924,0.630134032483468
"CU467961.1",7.14471947851803,5,0.210097920878082,0.630134032483468
"htr4",7.14457506849795,5,0.210108222767547,0.630134032483468
"cdh4",7.13802574463662,5,0.210575890702261,0.630134032483468
"si:ch211-69g19.2",7.13652595655488,5,0.210683111164685,0.630134032483468
"mcm6",7.12420721186372,5,0.211565548290729,0.630868265144623
"msi2b",7.12417615676561,5,0.211567776862077,0.630868265144623
"rasl12",7.11817312704119,5,0.211998941732842,0.631200469050724
"tbc1d10c",5.80050316418254,4,0.214550417243707,0.637835125962467
"rrp12",7.07275330431692,5,0.215285543706312,0.639058140265051
"RTKN",3.04386879419763,2,0.21828922024704,0.647001382534019
"smyd3",7.01305287584972,5,0.219671357775721,0.649536371829315
"slc25a15a",3.03005098231797,2,0.219802581753791,0.649536371829315
"hist1h4l.6",7.0041650312129,5,0.220330733547388,0.64985717599214
"slc18a2",3.02308435417548,2,0.220569558214151,0.64985717599214
"slc7a7",6.98974038786763,5,0.221404447307427,0.651344827101134
"cep112",6.97236317047449,5,0.222703822220124,0.653661531952095
"slc2a1a",3.00156976898998,2,0.222955097456349,0.653661531952095
"ccdc136b",6.96594529661991,5,0.223185345762772,0.653661531952095
"efna3b",6.91819215863358,5,0.226795909877717,0.663252038664613
"btbd11b",2.9625353405472,2,0.227349301681342,0.66388686615232
"zgc:194659",2.9515895802385,2,0.228596968213102,0.666544187965531
"spaca4l",6.8748120075475,5,0.230118436144492,0.668973731216711
"BX005154.1",6.87198259165662,5,0.230336560177348,0.668973731216711
"BX005058.2",6.87055245190874,5,0.230446878028046,0.668973731216711
"gulp1a",6.86550032469119,5,0.230836943997444,0.669122066741489
"daam1b",6.82986088508332,5,0.233604402067057,0.675783099122708
"meis1b",6.82286330606147,5,0.2341510339397,0.675783099122708
"ebf2",6.82272402701535,5,0.234161924923978,0.675783099122708
"adgrb1a",6.79027836814858,5,0.236710627828055,0.680790523472703
"lyar",6.78653102979176,5,0.237006483546746,0.680790523472703
"kif15",6.78491935321559,5,0.237133822010299,0.680790523472703
"zgc:174855",2.87705800714676,2,0.23727653503,0.680790523472703
"numa1",6.7630461708705,5,0.238867688435885,0.684070617984506
"pcdh1b",2.86163949284692,2,0.239112829994584,0.684070617984506
"si:ch211-244b2.4",2.85365284567867,2,0.240069593960493,0.685813861762682
"prmt1",6.73795785169409,5,0.240869448870404,0.687104468309506
"bhlhe41",2.84217823725195,2,0.241450904965135,0.687769244446143
"frem2a",6.71637938007595,5,0.24260234377581,0.690053352468947
"si:ch211-266i6.3",6.70183460135079,5,0.243776238359509,0.691192425499593
"prex1",6.70168388768411,5,0.243788427024784,0.691192425499593
"sema7a",2.82073765852767,2,0.244053252570019,0.691192425499593
"sema3ga",2.81187427725755,2,0.245137221216655,0.693267728770311
"CR847968.1",2.80658975592572,2,0.245785794126036,0.694107521609148
"tgm2b",6.66519812759589,5,0.246754095721859,0.695846549935642
"hdac9b",6.6471679352506,5,0.248230670746722,0.699011903072796
"adka",6.63534882687253,5,0.249202563316068,0.700327143506746
"matn4",6.6275850323404,5,0.249842699761629,0.700327143506746
"aurka",6.62051057545289,5,0.250427184848488,0.700327143506746
"skib",6.61645215118533,5,0.250762998871423,0.700327143506746
"CR385065.1",2.76379833516795,2,0.251101216641361,0.700327143506746
"cdk1",6.61210049461301,5,0.251123490418831,0.700327143506746
"gfra1a",6.611404771316,5,0.251181163932511,0.700327143506746
"si:ch211-1e14.1",5.36666613810453,4,0.251700597872211,0.700421231148213
"si:ch73-364h19.1",6.60244893985822,5,0.251924556289377,0.700421231148213
"efnb3b",6.59741859686996,5,0.252342904952097,0.700597601090632
"traf4a",6.56997669121343,5,0.254635232395548,0.70596902914159
"adarb2",6.54665399993603,5,0.256596948764488,0.709801018617975
"kita",6.54500003375503,5,0.256736538649055,0.709801018617975
"tyms",6.53219940201964,5,0.257818990447358,0.711796765235084
"CR759887.4",2.69776433302862,2,0.259530210117503,0.715220241192992
"aspm",6.49397078720481,5,0.261074058192207,0.715220241192992
"tgfb2",5.25739816334832,4,0.261891527707037,0.715220241192992
"cfd",6.48156928183892,5,0.262137234100331,0.715220241192992
"syk",2.67174296968898,2,0.262928936997845,0.715220241192992
"tbx16",6.45955485012751,5,0.264033262846565,0.715220241192992
"hoxa9a",5.23352017158286,4,0.264164975282891,0.715220241192992
"ahcy",6.45686577862906,5,0.26426563115153,0.715220241192992
"slx4ip",6.45512562990873,5,0.264416090221802,0.715220241192992
"apln",6.45326385138374,5,0.264577143417622,0.715220241192992
"p3h4",6.4492812191661,5,0.264921930571137,0.715220241192992
"pvalb3",6.44906589529662,5,0.264940582203191,0.715220241192992
"ampd3a",6.44838168342369,5,0.264999856649047,0.715220241192992
"zgc:153405",6.44699289636232,5,0.265120202997618,0.715220241192992
"agtr1b",5.22328576745934,4,0.265144552002176,0.715220241192992
"st6galnac5a",6.44423301969479,5,0.265359494764456,0.715220241192992
"bscl2l",2.65159055114615,2,0.265591656521334,0.715220241192992
"grb10a",6.4318862727078,5,0.266432167052912,0.715220241192992
"gdpd5b",6.43026726266169,5,0.266573087275529,0.715220241192992
"ccdc13",2.64381531348316,2,0.266626185270485,0.715220241192992
"cux2b",6.42251256522561,5,0.267248907954014,0.715220241192992
"thbs3b",6.42141404430871,5,0.267344756881791,0.715220241192992
"met",5.19992244734887,4,0.267392369807714,0.715220241192992
"ankef1b",2.6337473545918,2,0.26797175996298,0.715800073297594
"prex2",6.40608137758346,5,0.268685503908465,0.716736736101771
"e2f8",6.39136162034599,5,0.269977807896751,0.719212136016447
"srgap1a",6.38524465774605,5,0.27051632627875,0.719675509534032
"dscc1",6.35435069126186,5,0.273249501775454,0.72596839368068
"abcc2",6.34076226056719,5,0.274458745124984,0.728201025371934
"fam102ab",2.56734168222126,2,0.277018540696988,0.734006173605173
"larp4ab",6.29715453656445,5,0.278368748878498,0.736271513691143
"bcl6b",6.29323755846688,5,0.278722151200933,0.736271513691143
"jupb",6.28980086093333,5,0.279032519518132,0.736271513691143
"etf1b",6.28374236048725,5,0.279580342680688,0.736271513691143
"bcl11aa",6.27976472710461,5,0.279940481106045,0.736271513691143
"rasgrp3",6.27418590304904,5,0.280446223375241,0.736271513691143
"ccl38.1",2.54247443970742,2,0.280484386168054,0.736271513691143
"igsf9bb",2.53691606967542,2,0.281264988387873,0.737340089080559
"nedd4a",6.25555411805695,5,0.282140609241454,0.73855869213963
"tmtc2b",6.25185353826563,5,0.282478121866981,0.73855869213963
"si:ch73-368j24.11",6.24236834642127,5,0.283344706334603,0.739844510984796
"zgc:171759.4",6.23055119855678,5,0.284427332972454,0.740868301022113
"slc2a1b",6.22543443249496,5,0.284897135213279,0.740868301022113
"igfbp5b",6.21960704511866,5,0.285432943019052,0.740868301022113
"aurkb",6.21548218213173,5,0.285812698503048,0.740868301022113
"zfpm2b",3.78249429828426,3,0.28592891424748,0.740868301022113
"ercc6l",6.21357223074803,5,0.285988675470542,0.740868301022113
"pum3",6.19682057715334,5,0.287535847677421,0.743900082981951
"cdca5",6.18849925104893,5,0.288306890001755,0.744334707617475
"tenm4",6.18359196193259,5,0.288762368005765,0.744334707617475
"ptgs2a",3.75778268796604,3,0.288835048649942,0.744334707617475
"SIPA1",6.16762120652977,5,0.290248707077824,0.747002539467567
"smap1",6.15035974351491,5,0.291862036538845,0.749330340071079
"ipo7",6.14476753527707,5,0.292386240414618,0.749330340071079
"kif1ab",2.45755005980846,2,0.292650846737375,0.749330340071079
"serpine1",6.14125898564955,5,0.292715508955602,0.749330340071079
"hand2",6.13426240027736,5,0.293373003416958,0.749330340071079
"shmt1",6.13364821763764,5,0.293430776532393,0.749330340071079
"ncapd2",6.12647570158245,5,0.29410613075335,0.750084628045364
"cenpf",6.11074851155301,5,0.295591312838418,0.752899679410372
"rcan3",3.67831033068578,3,0.298361500221299,0.758100896121232
"mb",2.41503127631311,2,0.298939030380091,0.758100896121232
"aff2",6.0745808631,5,0.29902938700382,0.758100896121232
"utp3",6.07177285269688,5,0.299297635824334,0.758100896121232
"dacha",6.06909586454457,5,0.299553545579818,0.758100896121232
"akap12a",6.05822542387267,5,0.300594498680557,0.75953464890892
"CU302436.1",6.05417040136125,5,0.300983539802319,0.75953464890892
"cadm1a",6.05114162512985,5,0.301274382014025,0.75953464890892
"dck",6.04585709214481,5,0.301782368251355,0.75984489149002
"pcdh15a",2.38936530457897,2,0.302800031833171,0.761436003616153
"mid2",6.01631610114543,5,0.30463452736179,0.764501639217623
"BX511034.7",6.01467378416227,5,0.304793713305101,0.764501639217623
"si:ch211-227m13.1",3.62206926667261,3,0.305271818788706,0.764729150112823
"mef2ab",5.99829529323409,5,0.306384829139164,0.764928479806353
"adamtsl3",5.99801515687314,5,0.306412100197152,0.764928479806353
"BX072554.1",2.36405770451131,2,0.306655947428473,0.764928479806353
"plxna2",5.99263481888472,5,0.306936242479507,0.764928479806353
"slco1c1",2.35993387666779,2,0.307288897916129,0.764928479806353
"ces2b.1",5.97618338032795,5,0.308543282815555,0.766759235131678
"rrp1",5.97070547432328,5,0.309079849449673,0.766759235131678
"macf1a",5.9695855130221,5,0.309189640914294,0.766759235131678
"usp43a",2.33856221489074,2,0.310590141967814,0.769265922515011
"si:ch211-161h7.4",5.94092735923562,5,0.312009455176471,0.769588334076895
"wdr43",5.94008122896823,5,0.312093014881063,0.769588334076895
"atad5a",5.93864028919046,5,0.31223535535198,0.769588334076895
"ccdc3b",5.93210187777519,5,0.312881877533378,0.769588334076895
"si:dkeyp-97a10.1",2.32127909195482,2,0.313285756153895,0.769588334076895
"kidins220a",5.92741011779183,5,0.313346445954376,0.769588334076895
"gig2j",3.55696033021868,3,0.313449351873264,0.769588334076895
"isl1",5.92032125528321,5,0.314049392167639,0.770103726880646
"myh10",5.91021040604104,5,0.315054133397741,0.77156028966515
"gfra2b",2.30766803184349,2,0.315425103221771,0.77156028966515
"ccnf",5.89364718556993,5,0.316705475578033,0.772961176468847
"cracr2ab",2.29908951816288,2,0.316780948208357,0.772961176468847
"gpc3",5.86692556027701,5,0.319383790549016,0.777904598545164
"klf4",5.8638169951914,5,0.319696501327594,0.777904598545164
"nkd1",5.8581315696538,5,0.32026904962192,0.777904598545164
"nfatc2a",5.85338374288779,5,0.320747786304044,0.777904598545164
"slc43a2b",5.85190520529727,5,0.320896984577424,0.777904598545164
"top2a",5.84831130050728,5,0.321259867365551,0.777904598545164
"nfkbiaa",5.84202343291867,5,0.32189552851606,0.777904598545164
"nectin1a",2.26602931796398,2,0.322060887730723,0.777904598545164
"pdk2b",4.67450966440744,4,0.322353577310002,0.777904598545164
"si:ch211-113a14.12",5.81928085003084,5,0.32420277720801,0.780857666829224
"esco2",5.8176527950623,5,0.324368433029363,0.780857666829224
"RNF14",2.23944632310251,2,0.326370133919359,0.784581948369774
"id2a",5.79273295898735,5,0.32691220110262,0.784581948369774
"atp11c",5.79082225752264,5,0.327107874117692,0.784581948369774
"ENSDARG00000087599",5.77573838913448,5,0.328655762351005,0.786953076896203
"gria4b",5.7704190865525,5,0.32920296301335,0.786953076896203
"haus4",4.61357149039314,4,0.329292422247347,0.786953076896203
"col5a2a",4.60671417052394,4,0.330080790323496,0.786971379882681
"cbx7a",5.75782101816868,5,0.33050172499865,0.786971379882681
"DAB2",5.75005962857336,5,0.33130381679114,0.786971379882681
"macrod2",5.74388847990774,5,0.331942630346336,0.786971379882681
"myh9a",5.74119884607172,5,0.332221345716246,0.786971379882681
"mvp",5.73623187886029,5,0.33273652207883,0.786971379882681
"nr4a3",5.73551529216841,5,0.332810897216546,0.786971379882681
"otpb",2.19985775710848,2,0.332894758812698,0.786971379882681
"rims2b",2.19791886075379,2,0.333217639512643,0.786971379882681
"si:dkeyp-26a9.2",5.72840356424019,5,0.333549718574119,0.786971379882681
"hivep3a",5.7270985156116,5,0.33368543311135,0.786971379882681
"si:dkey-111i23.1",2.18799260091481,2,0.33487555276521,0.788835729306115
"rad18",5.70538792407282,5,0.335949348349996,0.789156555545717
"dip2ca",5.70339795238688,5,0.336157440966764,0.789156555545717
"lrrc15",4.55384020707423,4,0.336211075589639,0.789156555545717
"hopx",5.6969575142586,5,0.336831594723905,0.789674071241078
"atf3",5.68928103839316,5,0.337636474455537,0.790622064739299
"stat3",5.68315380656373,5,0.33827996459718,0.791190343737954
"mpped2a",5.65998313237311,5,0.340721802842641,0.795958389125885
"mmrn2a",5.64451761417132,5,0.342359052226509,0.79883778852852
"birc5a",5.63060451119907,5,0.343837033375295,0.800827331094665
"nfkb2",5.62885626765414,5,0.344023088535094,0.800827331094665
"FP236630.1",5.59945725043632,5,0.3471632348101,0.804232643127931
"pdcd11",5.59020955185049,5,0.348155437929561,0.804232643127931
"mtfr2",5.5874613547086,5,0.348450707356795,0.804232643127931
"melk",5.5860745727824,5,0.348599776133031,0.804232643127931
"sntb1",5.58460854942803,5,0.348757414815168,0.804232643127931
"egr3",5.58091851986799,5,0.349154433374308,0.804232643127931
"si:ch211-63i20.3",2.10446574470343,2,0.349157254483059,0.804232643127931
"slc6a5",2.10322137537657,2,0.349374562367731,0.804232643127931
"brip1",5.57852630302871,5,0.349411998416345,0.804232643127931
"kcnd3",2.10215963008008,2,0.349560085006973,0.804232643127931
"prom1b",2.09485350080973,2,0.350839385853044,0.806236260388719
"pde10a",5.55854745167703,5,0.351568643067548,0.806465482544338
"csrp2",5.55240048140698,5,0.352234185512579,0.806465482544338
"CU179643.1",2.08597884414902,2,0.352399634506979,0.806465482544338
"itga8",4.41614474898822,4,0.352606658879278,0.806465482544338
"hoxa4a",5.54550534803297,5,0.352981852542203,0.806465482544338
"zgc:174862",5.53563815965238,5,0.3540538512037,0.807979540203588
"rbpjb",5.51992758882087,5,0.355765696267172,0.810391227720382
"map1aa",4.38884562381668,4,0.355931709439499,0.810391227720382
"magixa",2.06290050319458,2,0.356489585906734,0.810726316336282
"ccbe1",2.05866875804806,2,0.357244670994416,0.810928094323597
"wbp2",2.05716641056653,2,0.357513124625331,0.810928094323597
"syt2a",5.50123274795736,5,0.35781072449638,0.810928094323597
"zeb2a",5.49093385458837,5,0.358941040850283,0.81190987170295
"b2m",5.48774674574716,5,0.359291365614069,0.81190987170295
"ctcf",5.48605134828443,5,0.359477825667872,0.81190987170295
"cyp1c1",5.47856738381097,5,0.360301769269263,0.812840791471458
"cnmd",4.34644161746391,4,0.361145733336474,0.8132007228143
"usp36",5.46361698842583,5,0.361951906141488,0.8132007228143
"hs3st4",2.03229661606053,2,0.361986519054671,0.8132007228143
"CABZ01086127.1",5.46036765244954,5,0.362311285803194,0.8132007228143
"neto1l",5.45498435605606,5,0.362907262723993,0.8132007228143
"pear1",5.45475159166442,5,0.362933048024011,0.8132007228143
"cntn4",5.44989122451888,5,0.363471780939338,0.813484462102327
"ctdp1",5.43543286014211,5,0.36507785652986,0.81615366793878
"fgfrl1b",2.01224865736359,2,0.365633311596859,0.816470765941401
"fam222a",2.00998308172423,2,0.36604773123915,0.816472566628342
"cacna2d2a",3.16300491993654,3,0.367169380826404,0.818050065182079
"nop58",5.41076704001656,5,0.367829832140935,0.818504972650923
"he1.2",1.99824256773764,2,0.368202844839929,0.818504972650923
"CABZ01070258.1",5.39828375674803,5,0.369228376338329,0.819861434074085
"postna",3.14418704385221,3,0.369924176900353,0.820483511462131
"colec12",5.38276085844702,5,0.370972875791441,0.821886034581711
"tuft1a",4.24545723910641,4,0.373804837592162,0.827231781846332
"ccnb1",5.35096587206851,5,0.374564812097563,0.827485032878786
"BX005396.2",1.9629514077399,2,0.374757659267292,0.827485032878786
"ctss2.1",1.9595536296722,2,0.375394872068632,0.82778087480439
"rbfox3b",5.34069663095787,5,0.375730326152347,0.82778087480439
"efnb2a",5.32391781725638,5,0.377640298069753,0.831061257959523
"snx22",5.31594378871817,5,0.378550457073356,0.8321365281323
"ncaph",5.30761430332517,5,0.37950287774399,0.833302203188695
"inpp4ab",1.92896258690592,2,0.381180869481217,0.836056707062136
"CABZ01027646.1",1.92596371442291,2,0.381752854611937,0.836381947840137
"hist1h2a11",4.17819616869845,4,0.382426455221576,0.836928849897329
"abcc4",5.27818263393425,5,0.382882013573673,0.836997890137798
"tox3",5.27105505007862,5,0.383703591635245,0.83786602863714
"lgals2b",4.1639021608942,4,0.384278312668905,0.838193800230296
"si:ch73-18b11.2",1.90818378740651,2,0.385161753601575,0.838470020686734
"pdlim4",5.2561154165992,5,0.385429740316919,0.838470020686734
"hist1h4l.19",5.25396016366205,5,0.385679219241922,0.838470020686734
"FRMD5",5.23926102292831,5,0.387383777928574,0.839204527901026
"CR376783.1",5.23875103393555,5,0.387443014137556,0.839204527901026
"pln",5.23486152201258,5,0.387895000825459,0.839204527901026
"hist1h2a10.1",5.22972888136269,5,0.38849202175566,0.839204527901026
"kif4",5.22943681098064,5,0.38852601459288,0.839204527901026
"gcna",5.22907736996888,5,0.388567851317902,0.839204527901026
"fras1",5.22399465751644,5,0.389159790915885,0.839564401385746
"si:ch1073-153i20.5",4.11598827138002,4,0.390536069738566,0.841613757275033
"efemp2b",5.20100892711786,5,0.39184473945193,0.842341915317991
"si:ch211-105j21.9",1.87208270344904,2,0.392177258352245,0.842341915317991
"ifi46",1.87150747275549,2,0.392290070772917,0.842341915317991
"taok3a",4.10045946300866,4,0.392580831860462,0.842341915317991
"INSYN2A",1.86622414716077,2,0.39332773883978,0.84302818292044
"pdzrn4",5.1843840293864,5,0.393794841920363,0.843113902332752
"msh6",5.16990050385946,5,0.395499338152598,0.845845821791147
"cpeb3",5.16229510605376,5,0.396396458660283,0.845910242432854
"triob",5.16002887696507,5,0.396664055985805,0.845910242432854
"BX323575.1",4.06738002075964,4,0.396963752258455,0.845910242432854
"celf4",5.15512482081885,5,0.397243563695671,0.845910242432854
"syt6a",5.14738799769287,5,0.398159025229418,0.846946029959991
"suclg2",4.05409852135048,4,0.398733917889965,0.84725592455844
"CU929568.2",1.83323994351729,2,0.399868325723606,0.847274819977369
"map2k1",5.13267129257263,5,0.399904463629194,0.847274819977369
"pif1",1.83242915896277,2,0.400030462116975,0.847274819977369
"c1qbp",5.12375125337905,5,0.40096500469119,0.848343964909335
"rgs7bpa",1.82467630994554,2,0.401584159454162,0.848744251351729
"b3gnt7",5.09855132669901,5,0.403971729093292,0.852774132577737
"emp3b",5.09369145947181,5,0.404553382338891,0.852774132577737
"epha7",5.09174163109855,5,0.404786910955086,0.852774132577737
"epas1a",5.07526857251768,5,0.406763601857905,0.856024893462157
"fam117bb",5.06895355831571,5,0.407523143063047,0.856269326778744
"ek1",5.06537217633195,5,0.40795433071058,0.856269326778744
"plk1",5.06348994326853,5,0.408181072187841,0.856269326778744
"si:ch211-237l4.6",3.97346473446335,4,0.409608918751655,0.856594020341306
"foxo3b",5.04622749566925,5,0.410264632128689,0.856594020341306
"pknox2",5.03908303562307,5,0.411129099184323,0.856594020341306
"acta1a",5.03789111761216,5,0.41127344089538,0.856594020341306
"ror1",5.03723923296135,5,0.411352399089048,0.856594020341306
"baz1a.1",5.03603344697784,5,0.411498474880774,0.856594020341306
"si:ch211-244o22.2",5.03491939054812,5,0.411633469680438,0.856594020341306
"anln",5.03348472887128,5,0.411807358309979,0.856594020341306
"trps1",5.02042075357896,5,0.413393099798994,0.858987346319172
"nfixa",3.94215390063647,4,0.413891070837759,0.859117743253141
"celf5a",5.01238882122806,5,0.414370110300977,0.859170833799493
"nid1b",5.00896443236663,5,0.414787135061255,0.859170833799493
"esama",4.99597525892464,5,0.416371570182246,0.861548720691566
"hist1h4l.22",2.84003705807249,3,0.416951442287771,0.861687020165026
"camk1b",4.98493249501549,5,0.417721817526589,0.861687020165026
"thbs1b",4.97732768138151,5,0.418653419790617,0.861687020165026
"zgc:173552.3",4.97663997961348,5,0.418737733848077,0.861687020165026
"cebpd",4.97618984411876,5,0.418792927887208,0.861687020165026
"ncam3",1.73949419087393,2,0.419057517405484,0.861687020165026
"lrp8",4.95914588675366,5,0.420886426094233,0.863823326042716
"slc25a47b",1.72864353682541,2,0.421337219953545,0.863823326042716
"dla",4.95375958991262,5,0.421549490172359,0.863823326042716
"tnn",1.72409293968538,2,0.422296979383172,0.863823326042716
"CU457819.1",4.94761248956363,5,0.422307071675084,0.863823326042716
"slit3",4.94254986551385,5,0.422931688793493,0.863823326042716
"nphp4",4.94070342735565,5,0.42315965363896,0.863823326042716
"si:dkey-108k21.10",4.93596020387099,5,0.423745640208189,0.864125923317113
"ntrk2a",4.92591442265305,5,0.424988514695626,0.865766076376849
"akap12b",4.91516592346895,5,0.426321035625788,0.866933115459624
"zgc:86764",4.91420947764511,5,0.426439744230646,0.866933115459624
"ccdc120",3.84541435818928,4,0.427330792406963,0.867850806801795
"psme1",1.69750090973878,2,0.427949340009654,0.868011444224186
"crygn2",4.89449228994603,5,0.428891852527689,0.868011444224186
"ssb",4.88950187507075,5,0.429513968091526,0.868011444224186
"si:ch73-335l21.1",4.88664400902627,5,0.429870505940378,0.868011444224186
"osr1",4.88356850068506,5,0.430254415911982,0.868011444224186
"eif4g1a",4.88223154243436,5,0.43042137695019,0.868011444224186
"kif18a",4.88169858588359,5,0.430487945235805,0.868011444224186
"atoh7",1.67425854489222,2,0.432951627307205,0.871852509904894
"si:dkey-7n6.2",1.67275953964866,2,0.433276247323557,0.871852509904894
"rttn",4.85339165251395,5,0.434033402340144,0.872486696761144
"cdc20",4.83772999253122,5,0.436003294220581,0.875545826478097
"lpl",4.83176107274774,5,0.436755598120908,0.875545826478097
"lim2.2",1.65616672848001,2,0.436885835400672,0.875545826478097
"CT025854.1",1.65299048977689,2,0.437580213481986,0.876048013603894
"smad6a",4.82165688700114,5,0.438031038650286,0.876062077300571
"zgc:112332",1.6482396454697,2,0.438620886744882,0.876353876957893
"calca",1.64598283180572,2,0.439116108903625,0.87645621736679
"spi2",4.80249251991558,5,0.440456826929105,0.877775113616219
"CR626882.3",1.6389350773041,2,0.440666229784029,0.877775113616219
"si:ch211-121a2.4",1.63687214929012,2,0.441120995636133,0.877795207042064
"thsd7aa",1.63185129715585,2,0.442229788471234,0.879115410314417
"si:ch211-113a14.18",4.78246397298147,5,0.443001340844105,0.879534199075455
"bop1",4.77707525661862,5,0.443687572552862,0.879534199075455
"peak1",4.77457152307114,5,0.444006647297951,0.879534199075455
"rrm2",4.76830321931739,5,0.444806128401928,0.879534199075455
"pard3bb",4.7661799975359,5,0.445077142292967,0.879534199075455
"aoc2",3.72075924773423,4,0.445113811994113,0.879534199075455
"rfx2",4.76028290404961,5,0.445830422859586,0.880069254724822
"CT025745.1",3.70820976816186,4,0.446932985652429,0.880886427017155
"spon2a",4.75007045939497,5,0.447136879367371,0.880886427017155
"kif11",4.72655718614906,5,0.450154228247813,0.884718365649825
"CR925802.1",1.59225209879755,2,0.451073018336701,0.884718365649825
"glis1b",1.58717118383204,2,0.452220406990351,0.884718365649825
"mtss1la",4.70858760794959,5,0.452468937909662,0.884718365649825
"ppp1r9alb",1.58410669585259,2,0.452913850117355,0.884718365649825
"hey1",4.70486351296587,5,0.452949595048043,0.884718365649825
"atp13a3",4.70322920796063,5,0.453160632056335,0.884718365649825
"mki67",4.70285334356164,5,0.453209176077857,0.884718365649825
"SLC45A4",4.70268057139707,5,0.453231491232606,0.884718365649825
"pax2b",1.58123857134115,2,0.453563822714095,0.884718365649825
"foxf2b",1.5750466272483,2,0.45497021958983,0.885890085135891
"ephb1",4.68852581649556,5,0.455062080206582,0.885890085135891
"znf804a",3.64826459796064,4,0.455695191636863,0.886248579597208
"bcl11ba",1.56531493060934,2,0.457189430461389,0.88827946430195
"col11a1b",4.66579492691239,5,0.458011562713489,0.888301195390208
"kif23",4.66401105393776,5,0.45824354020425,0.888301195390208
"gfi1ab",1.55504295084959,2,0.459543591046985,0.888301195390208
"eya4",1.55368656329713,2,0.459855356357035,0.888301195390208
"mnd1",4.65124315784268,5,0.459906050096765,0.888301195390208
"qkib",1.54974257669109,2,0.460763082761165,0.888301195390208
"thbs1a",4.64105224136564,5,0.461235718489413,0.888301195390208
"cdh11",4.63900441758364,5,0.461503199520702,0.888301195390208
"cdc6",4.63318019763054,5,0.462264471795956,0.888301195390208
"cbfb",4.63209314636571,5,0.462406644729769,0.888301195390208
"twistnb",4.62540332238433,5,0.463282190595046,0.888301195390208
"enox2",4.6190903727167,5,0.464109356570478,0.888301195390208
"cryba1l1",4.61828328630175,5,0.464215172614161,0.888301195390208
"ncapg",4.61519935081227,5,0.464619641167185,0.888301195390208
"CABZ01068358.1",4.61492560578851,5,0.46465555430379,0.888301195390208
"si:dkey-35m8.1",4.61470889905171,5,0.464683985697612,0.888301195390208
"irs2b",4.61343891968779,5,0.464850625551208,0.888301195390208
"spc24",4.60575067243857,5,0.465860225788141,0.889369521959178
"iqsec2a",4.5979500607827,5,0.466885965225096,0.890264264865919
"BX927333.1",1.52147735144466,2,0.4673211007319,0.890264264865919
"rgs3b",4.59190446939524,5,0.467681885849016,0.890264264865919
"mtnr1aa",1.5158842147038,2,0.468629825256908,0.890750828602455
"CR774179.2",1.51498754632146,2,0.46883997513574,0.890750828602455
"CABZ01050944.1",1.50891454317056,2,0.470265772080682,0.891783965620619
"CU459186.2",4.57005082347029,5,0.470565936976225,0.891783965620619
"ephb2b",1.50476310303428,2,0.471242925979278,0.891783965620619
"atp2a3",2.52226411346343,3,0.471280893325577,0.891783965620619
"sdk1a",4.5590436139128,5,0.472022682437873,0.891783965620619
"pdzd7a",3.52777391261938,4,0.473667845968831,0.891783965620619
"pcdh19",4.54586663631354,5,0.473770193457272,0.891783965620619
"BX663520.2",3.5263196757561,4,0.473887681505641,0.891783965620619
"zgc:171686",4.54424170955016,5,0.473985960556598,0.891783965620619
"dnajc9",4.54226790941197,5,0.474248133203502,0.891783965620619
"bcam",4.54032758601562,5,0.474505944900738,0.891783965620619
"dip2a",4.53779434414601,5,0.474842665683397,0.891783965620619
"auts2b",2.50019024354125,3,0.475256703056176,0.891783965620619
"mgat4c",3.51280776401918,4,0.475933570079018,0.892205951886023
"CR936518.2",2.4928553315047,3,0.476583668817114,0.892214694103663
"gpc1b",3.50615255456615,4,0.476943451928071,0.892214694103663
"fn1a",4.51880161913139,5,0.47737179411213,0.892214694103663
"arrb1",4.51499370292337,5,0.477879842051376,0.892214694103663
"gmps",4.51260916997145,5,0.47819814911939,0.892214694103663
"robo3",4.49877897856484,5,0.48004682322094,0.894818157731951
"cers6",1.46171422888742,2,0.481496115899735,0.895179567720031
"stim2a",4.48729848467715,5,0.481584654007267,0.895179567720031
"CABZ01053592.1",3.47345882175898,4,0.48192544799391,0.895179567720031
"lrmda",4.48082663195792,5,0.482452860605976,0.895179567720031
"hist1h2a6",4.4738327439157,5,0.483392143187111,0.895179567720031
"dchs1a",4.47301827271256,5,0.483501597493285,0.895179567720031
"tnfaip8l3",1.45197832192728,2,0.483845730861038,0.895179567720031
"cdh24b",4.47028819735245,5,0.483868591062449,0.895179567720031
"bcl11ab",4.46350048717466,5,0.484781750894102,0.896029191259323
"hist1h4l.14",4.45476702904057,5,0.485958170202107,0.897363356388174
"pvrl2l",4.44826035637323,5,0.486835727306689,0.897410195005879
"st6gal2b",2.43641074075148,3,0.48689276537553,0.897410195005879
"sytl3",4.42488164814923,5,0.48999648227642,0.901909742450352
"cbx3a",4.42146519994301,5,0.490459379618988,0.901909742450352
"skila",4.41614759992543,5,0.491180371369569,0.901909742450352
"arpc5lb",4.41342133583341,5,0.491550252963084,0.901909742450352
"pdzrn3b",4.40943112391638,5,0.492091909831853,0.901909742450352
"zgc:158689",4.40688991976845,5,0.492437049253387,0.901909742450352
"CABZ01072848.1",4.40618900154054,5,0.492532270699838,0.901909742450352
"si:dkeyp-14d3.1",1.41411890950011,2,0.493092027131545,0.90209792544733
"fbrsl1",4.39335067221887,5,0.494278270635569,0.902610662565515
"si:dkey-108k21.14",4.39107300047926,5,0.494588403774278,0.902610662565515
"kifc1",4.3891240281661,5,0.49485386927927,0.902610662565515
"mybbp1a",4.37918664562805,5,0.496208691744125,0.902610662565515
"tenm1",1.39888995224547,2,0.496860996993191,0.902610662565515
"si:dkey-23a13.21",4.37356200692479,5,0.496976472978984,0.902610662565515
"cep131",4.3732894622892,5,0.497013693440326,0.902610662565515
"mst1rb",1.39764605740099,2,0.497170114526944,0.902610662565515
"cntn3a.1",1.39432096528236,2,0.497997370226464,0.902610662565515
"pcdh10b",1.38974026526349,2,0.499139265679019,0.902610662565515
"fat3a",4.35482182199471,5,0.499539456804169,0.902610662565515
"serpinf1",4.34980422610876,5,0.500226955511517,0.902610662565515
"her15.2",3.35421853034574,4,0.500387898071681,0.902610662565515
"BX547928.1",1.38452680891664,2,0.500442083373399,0.902610662565515
"tnc",4.34637348733041,5,0.500697335208653,0.902610662565515
"sgip1b",1.38158177569004,2,0.501179535477144,0.902610662565515
"cntln",4.34135538441361,5,0.501385804490093,0.902610662565515
"nhsl1b",4.33947034321922,5,0.501644564725685,0.902610662565515
"hist1h4l.13",4.33644483817981,5,0.502060034192976,0.902610662565515
"bmp7b",4.32189158750245,5,0.504061224373153,0.905383855243498
"glceb",4.3073277839529,5,0.506068329337461,0.907769179191241
"zgc:194627",4.30281972499596,5,0.506690506954677,0.907769179191241
"foxl2b",3.31212239739826,4,0.507013866497381,0.907769179191241
"kalrnb",4.29495901355103,5,0.507776414967222,0.907769179191241
"g2e3",4.29242689645271,5,0.508126485445765,0.907769179191241
"smc4",4.29226841185431,5,0.508148400712422,0.907769179191241
"CU138547.1",4.28491819682303,5,0.509165363096307,0.908763496159231
"chtf18",4.27469747190264,5,0.510581347074988,0.910467551152688
"adgrl3.1",4.27106776433155,5,0.511084728523557,0.910542648109658
"srrm4",1.33611314401866,2,0.51270401352521,0.912603897834775
"adgra2",4.25352103033755,5,0.513522003119709,0.913236427169645
"CT476811.1",4.2480221643905,5,0.514287106711534,0.913773851168829
"pag1",1.32727393762456,2,0.514974976503609,0.913785597924489
"si:dkey-85k7.7",1.32632435867596,2,0.515219539255297,0.913785597924489
"pcolce2b",4.23137042642194,5,0.516607768419786,0.914885619373954
"chl1a",4.23023150442166,5,0.516766699899675,0.914885619373954
"pde4d",4.22310797414703,5,0.517761353427266,0.915825189664357
"kcng1",1.31169474009194,2,0.51900208937898,0.91637251026911
"fibina",4.21275998951331,5,0.519208063161209,0.91637251026911
"fam169aa",4.21093490883906,5,0.519463444271091,0.91637251026911
"BX248082.2",3.22426464456166,4,0.52102072811152,0.917970271087192
"agbl4",1.30286214048782,2,0.521299226893993,0.917970271087192
"e2f7",4.18923094641418,5,0.522505573561517,0.918291515817981
"carmil3",3.21182207429336,4,0.523023597344524,0.918291515817981
"arpp21",4.18345525387462,5,0.523316706826199,0.918291515817981
"bard1",4.18327217419219,5,0.523342429227573,0.918291515817981
"eepd1",4.16532401729132,5,0.525867340709587,0.921902425009524
"hist1h2a11.2",4.15873183944285,5,0.526796311968347,0.92271155264021
"cks2",3.18180524716664,4,0.527874715188818,0.923780751580431
"etv1",4.14485708598334,5,0.528754330984412,0.924500486592762
"cenpt",4.13532037147209,5,0.530102340968104,0.925282914251716
"cenpe",4.1350590827466,5,0.53013929889498,0.925282914251716
"EML6",3.16071888994397,4,0.531298783079607,0.926039110049168
"plxna1a",4.12209928124475,5,0.531974054821674,0.926039110049168
"pmp22b",4.11813387315917,5,0.532536097103747,0.926039110049168
"cdo1",3.15303860691416,4,0.532549236599603,0.926039110049168
"cyp26c1",2.19241071718323,3,0.533444769873718,0.926039110049168
"klf2a",4.11096410329739,5,0.533553081658203,0.926039110049168
"zgc:162297",1.25497551223195,2,0.533931483601759,0.926039110049168
"iqgap1",4.10552313807736,5,0.53432550473455,0.926039110049168
"lrrc17",2.16986570438218,3,0.537908251055553,0.930426163799671
"gpc6a",3.11845564052,4,0.538201507344001,0.930426163799671
"smurf2",4.07320854299468,5,0.53892463390855,0.930426163799671
"lzts1",3.1094501442631,4,0.539679163248826,0.930426163799671
"dscamb",1.23230367417667,2,0.54001852357886,0.930426163799671
"scn1ba",1.23172296681609,2,0.540175342710008,0.930426163799671
"col8a2",4.06286744078544,5,0.54040057754853,0.930426163799671
"crybb1",1.23004932002853,2,0.540627563261511,0.930426163799671
"kcnd2",1.21665092944323,2,0.544261491495203,0.935817296622048
"trim2a",1.21272529450349,2,0.545330826570356,0.935817296622048
"si:dkey-239h2.3",4.02799651791176,5,0.545392221098486,0.935817296622048
"ebf3a.1",4.0261554405019,5,0.54565638724011,0.935817296622048
"CU469539.1",4.01941748370914,5,0.546623707889307,0.936080945595203
"lpin1",1.20388692624122,2,0.547746076692205,0.936080945595203
"fam13a",1.20358175085156,2,0.547829662380311,0.936080945595203
"rgs6",1.19965257255747,2,0.54890698048668,0.936080945595203
"aldocb",2.11372801006302,3,0.549140489978675,0.936080945595203
"depdc1a",4.00000973833454,5,0.54941454926805,0.936080945595203
"si:ch211-191i18.2",3.99698891312561,5,0.549849556862651,0.936080945595203
"srrt",3.99046826795493,5,0.550789107075551,0.936080945595203
"prph",1.19225246487785,2,0.550941727883614,0.936080945595203
"nptna",3.03873860425678,4,0.551363648239801,0.936080945595203
"zranb3",3.98332160390392,5,0.551819732986346,0.936080945595203
"tspan2a",3.98275143720194,5,0.551901996395398,0.936080945595203
"si:ch73-56d11.5",3.03506391427027,4,0.551974782509026,0.936080945595203
"BX510306.1",1.18548888840085,2,0.552808050113671,0.936689348432949
"BX530407.2",1.18163723980664,2,0.553873687073637,0.937690101443704
"kcnn1a",3.95885702820191,5,0.555354648391075,0.939391667458425
"nrp1b",3.95031345012916,5,0.556591599783419,0.940677926346293
"ndc80",3.93789615489811,5,0.558391658960406,0.94291286123853
"CR753876.1",1.1602564252891,2,0.559826585116888,0.944382721864173
"mphosph10",3.92041780787076,5,0.560929896028097,0.944382721864173
"CABZ01067348.1",3.92004580905094,5,0.560983975254959,0.944382721864173
"hs6st3a",3.91626252697572,5,0.561534102843718,0.944382721864173
"CR318607.1",1.15263286683674,2,0.561964592682002,0.944382721864173
"uacab",3.91098360046325,5,0.562302119124568,0.944382721864173
"fhl1b",3.90213634551311,5,0.563590339777531,0.944382721864173
"CABZ01058261.1",3.90109097272239,5,0.563742640426722,0.944382721864173
"CABZ01056321.1",1.14596561275623,2,0.563841099092277,0.944382721864173
"chl1b",1.14523817750383,2,0.564046215338328,0.944382721864173
"KCNB2",1.1358873277626,2,0.566689545572479,0.947318956111507
"FP236822.2",2.9440028672243,4,0.567239699540033,0.947318956111507
"twist1a",1.13189483104457,2,0.567821928530665,0.947318956111507
"plce1",3.87198858627262,5,0.567989905611303,0.947318956111507
"ttyh2l",3.87055551115465,5,0.568199414405281,0.947318956111507
"dlg2",3.86701637760433,5,0.568716963556655,0.947381676000706
"trim35-31",3.85308701295023,5,0.57075592923268,0.949976563495202
"si:dkey-246i14.3",3.84821120871089,5,0.571470389565222,0.950291009073183
"FP325123.1",2.91302297157893,4,0.572484717918969,0.950291009073183
"efnb3a",3.8398422021051,5,0.572697609522915,0.950291009073183
"bach2b",3.83866402354863,5,0.572870466462557,0.950291009073183
"tubb5",3.8345310671191,5,0.573477010594466,0.950324021084844
"spdl1",3.83196861210669,5,0.573853208274131,0.950324021084844
"fhl3b",3.82052826492065,5,0.575534055558797,0.952308655216316
"ptprc",1.0972480771693,2,0.577744217469581,0.954536842757795
"arhgef28a",3.80326943808315,5,0.578073673117008,0.954536842757795
"si:dkey-286j17.4",2.87698126819506,4,0.578618809236276,0.954536842757795
"foxn3",3.79823816976212,5,0.578814894012705,0.954536842757795
"prkcbb",3.79275707700794,5,0.579622830386457,0.955071341554979
"CABZ01086877.1",2.85009196167732,4,0.583217264625586,0.960192560776402
"scn1lab",3.76351354861381,5,0.58394121901279,0.960216349992044
"shcbp1",3.7590443207155,5,0.584602328283054,0.960216349992044
"CNNM4",1.07175833530791,2,0.585154614925036,0.960216349992044
"spc25",3.75218506733611,5,0.585617561340516,0.960216349992044
"dkk2",3.74990245812168,5,0.58595556372248,0.960216349992044
"sdk2a",1.93431906943327,3,0.586150304833036,0.960216349992044
"CABZ01061591.1",1.06622063412085,2,0.586777065753301,0.960446042949434
"tpx2",3.7390090046824,5,0.587569695560796,0.960946627205477
"sprb",1.060300061892,2,0.58851666734214,0.96118677994007
"ret",1.92179728393338,3,0.588795536188957,0.96118677994007
"ror2",3.72817120099959,5,0.589177306852829,0.96118677994007
"myo1b",3.71633101255022,5,0.590935550749997,0.96206454671136
"hoxc8a",1.90907409646339,3,0.59149146222247,0.96206454671136
"KCNMA1",3.70924002998249,5,0.591989509948908,0.96206454671136
"atp1a3a",3.70253726778926,5,0.592986423718289,0.96206454671136
"tiparp",1.04497410203102,2,0.593043782194736,0.96206454671136
"spock3",3.69875119552929,5,0.593549813546877,0.96206454671136
"hsp90aa1.2",3.69692086699016,5,0.593822249511951,0.96206454671136
"rfc1",3.69545147816641,5,0.594040995283665,0.96206454671136
"odc1",3.6890860913737,5,0.594988949841712,0.96206454671136
"cthrc1a",3.68361462462046,5,0.595804229534204,0.96206454671136
"znf385b",3.68143912427533,5,0.596128506645622,0.96206454671136
"tfpia",3.68092570238641,5,0.596205046140912,0.96206454671136
"shisa9a",1.88125869822031,3,0.597413725350197,0.96206454671136
"sh2d3ca",3.67075044208966,5,0.597722692585045,0.96206454671136
"ism2a",3.6685926180068,5,0.598044715353352,0.96206454671136
"si:ch211-161c3.6",3.6684817048883,5,0.598061269179452,0.96206454671136
"GRIK3",3.66806284807009,5,0.598123785231143,0.96206454671136
"smarca5",3.66453403698396,5,0.598650568929708,0.96206454671136
"ncam2",3.66235900510855,5,0.598975343418572,0.96206454671136
"ncanb",2.74821720201085,4,0.600803976509223,0.964217113519679
"CABZ01087948.1",3.62907027381067,5,0.603953872884892,0.967721881181615
"adra1aa",3.62897417415376,5,0.603968266269376,0.967721881181615
"enpp2",1.00562034405971,2,0.604828596882247,0.968314395981797
"pcdh17",3.60900701690726,5,0.606961437998958,0.970941554789257
"C11H3orf14",2.70822428003637,4,0.60777623807086,0.971001568776034
"BX296552.2",0.993436077392912,2,0.608524539996473,0.971001568776034
"tbx2a",0.991851083906286,2,0.609006984855386,0.971001568776034
"sptbn2",3.59393027463959,5,0.609224864269972,0.971001568776034
"pvalb2",3.59237555268229,5,0.609458431465808,0.971001568776034
"sobpa",2.69296148289443,4,0.610446823401147,0.971050041360596
"si:ch211-13k12.2",3.58562648643843,5,0.61047269570846,0.971050041360596
"hapln1b",3.57319586753335,5,0.612342255579956,0.972545957895528
"mylk4b",0.980616488098931,2,0.612437584845036,0.972545957895528
"f3b",3.56954851599997,5,0.612891171034466,0.972545957895528
"CABZ01077176.1",1.80611034191491,3,0.613606160440803,0.972794727522957
"ccl25b",3.56196119171283,5,0.6140335514152,0.972794727522957
"BX511021.4",0.971511881407828,2,0.615231942066603,0.973911670921791
"plch2a",3.54661163245552,5,0.616346731180055,0.974375125429542
"prkceb",3.54551618360286,5,0.616511920801164,0.974375125429542
"grhl1",0.962992191910722,2,0.617858324643584,0.975394670428154
"cxcl8b.1",3.53270014544263,5,0.61844556001526,0.975394670428154
"BX001047.1",0.96046553608079,2,0.61863937557044,0.975394670428154
"asip2b",0.955302302044955,2,0.620238528822829,0.976422730485109
"ndst3",3.52054839327954,5,0.620280701128838,0.976422730485109
"tprg1",0.951437267384058,2,0.621438309453828,0.977369125012052
"CABZ01058647.1",0.950041513014651,2,0.621872148437253,0.977369125012052
"adarb1a",3.50506073884584,5,0.622622012206336,0.977573614046811
"rgs18",0.945478715715335,2,0.623292506302161,0.977573614046811
"si:dkey-108k21.21",3.4936050887979,5,0.624355479593926,0.977573614046811
"si:ch1073-475a24.1",1.75659572115787,3,0.624425425690772,0.977573614046811
"stc1",3.49279323590341,5,0.624478382630713,0.977573614046811
"zgc:110425",3.48527118747024,5,0.625617447782888,0.978580698829969
"nav2a",3.47968149844982,5,0.626464282245047,0.979082073287509
"tmem108",3.47660862568717,5,0.626929959795041,0.979082073287509
"neil3",3.46250099469937,5,0.629069147258352,0.981578383039275
"abcb11a",0.921672469602233,2,0.630755964816406,0.981578383039275
"pho",3.44445680866376,5,0.631808179768415,0.981578383039275
"cpne4a",0.917198316862801,2,0.632168593570431,0.981578383039275
"CABZ01059403.1",0.916780890791068,2,0.632300549166721,0.981578383039275
"ak5l",0.916097405741828,2,0.632516670079462,0.981578383039275
"KIRREL3.1",3.43820279548064,5,0.63275826307693,0.981578383039275
"si:ch211-185a18.2",3.43794057712613,5,0.632798106487762,0.981578383039275
"hist1h2a11.1",3.43658766398736,5,0.633003688758357,0.981578383039275
"card11",1.71115892284833,3,0.634455767966051,0.983057838277069
"CABZ01010830.1",2.54088808745076,4,0.637329417985443,0.986150803996204
"unc5a",3.40452683330705,5,0.637880567903522,0.986150803996204
"ece2b",3.4040665865651,5,0.637950646759449,0.986150803996204
"prr11",3.40068680599713,5,0.638465323059383,0.986174137495479
"asic2",3.39664641419946,5,0.639080732316224,0.986352905076017
"runx3",3.3891148803539,5,0.640228278875873,0.987352048828886
"fkbp16",3.38569834672576,5,0.640749005137016,0.987383712834091
"gdf11",3.37746018595915,5,0.642005028353697,0.988547524157721
"zeb1b",3.37368361699756,5,0.642581013278818,0.988663226977698
"zfpm2a",3.36794513055005,5,0.643456451107946,0.98923912343231
"ahrra",3.3620781930006,5,0.644351768576648,0.989546993016067
"si:ch211-156j22.4",3.35763706024594,5,0.645029691030031,0.989546993016067
"arhgap20b",2.49454935843524,4,0.645612080053027,0.989546993016067
"pcdh18a",2.48903762602483,4,0.646599845922269,0.989546993016067
"wscd2",3.33757776537706,5,0.648093640413333,0.989546993016067
"cebpa",0.867321444260089,2,0.648132115069947,0.989546993016067
"rhag",3.33707505156564,5,0.648170467865946,0.989546993016067
"ppap2d",3.33692862865579,5,0.648192845376515,0.989546993016067
"bmp5",2.47963694894102,4,0.648285787300533,0.989546993016067
"cse1l",3.33380927199033,5,0.648669609403642,0.989546993016067
"hpn",3.32583805925347,5,0.649888270338504,0.990640498570044
"olfm1b",1.63819669655787,3,0.650760318873577,0.990902066298509
"lrpprc",3.31815178690885,5,0.651063819650034,0.990902066298509
"CT868708.1",3.31198733039315,5,0.652006933824594,0.991191101723998
"ank3b.1",0.854162403443708,2,0.652410573215035,0.991191101723998
"tyrp1b",0.853091205054661,2,0.652760097386625,0.991191101723998
"pmelb",0.84530205668399,2,0.655307276881304,0.992497895971184
"pdgfrl",0.844610933734349,2,0.655533764960887,0.992497895971184
"nanos1",2.43831462760529,4,0.655714513001493,0.992497895971184
"rca2.2",0.843699642993048,2,0.655832523945102,0.992497895971184
"nol4lb",3.28198154119892,5,0.656601409128436,0.992497895971184
"psd2",3.28123099435737,5,0.656716410911298,0.992497895971184
"arl13a",0.839715785441043,2,0.657140197585784,0.992497895971184
"cobll1b",3.2685815756572,5,0.658655154748206,0.993026098276807
"cep192",3.26821519434153,5,0.658711324294749,0.993026098276807
"lrrc4ca",3.26471002050318,5,0.659248741462007,0.993026098276807
"chrm2a",3.26083655819766,5,0.659842713823624,0.993026098276807
"CABZ01057381.1",0.827534442132875,2,0.661154836272331,0.993026098276807
"tirap",0.823629933343258,2,0.662446839456189,0.993026098276807
"CR762483.1",3.24245229015647,5,0.66266306542343,0.993026098276807
"spry4",3.2379245107522,5,0.663357980031683,0.993026098276807
"tnnt2a",1.58119799735278,3,0.663660522021642,0.993026098276807
"ltbp1",1.57760001123733,3,0.664479464321185,0.993026098276807
"mcama",0.812971043709789,2,0.665986737798893,0.993026098276807
"wnt2bb",3.21875904529791,5,0.666300713871408,0.993026098276807
"CR392045.1",1.56853709769727,3,0.666544673183549,0.993026098276807
"shank3a",3.21678252273091,5,0.666604307873116,0.993026098276807
"fam149a",2.37504741880778,4,0.667141219806939,0.993026098276807
"adgrg6",2.37394266475968,4,0.667341280526536,0.993026098276807
"cyp26a1",3.21188039680755,5,0.667357361651344,0.993026098276807
"dpyda.3",3.20996076447845,5,0.667652284661268,0.993026098276807
"six3a",0.807799303589663,2,0.667711121519811,0.993026098276807
"palm3",3.20746271696414,5,0.668036100279404,0.993026098276807
"sox6",3.20212326181296,5,0.668856591043375,0.993026098276807
"col11a1a",3.20125886657164,5,0.66898943198071,0.993026098276807
"creb5b",3.19971950944745,5,0.669226010517025,0.993026098276807
"hist1h2a1",3.19626691392369,5,0.66975666933661,0.993026098276807
"pdgfc",3.19425292423967,5,0.670066242606234,0.993026098276807
"MYO1D",3.18540256376432,5,0.671426866571657,0.993759570702797
"cyp46a1.2",0.795653014187722,2,0.671778566368159,0.993759570702797
"CU464118.1",3.18121063733289,5,0.672071442192621,0.993759570702797
"inhbaa",3.16886244244647,5,0.6739706152688,0.995821852201056
"fermt3a",0.783597810226255,2,0.675840008266349,0.997837080267594
"apoa1a",0.779357182668206,2,0.677274521419863,0.998085294492759
"zgc:163040.1",3.14717869685875,5,0.677307097512658,0.998085294492759
"SYNDIG1",0.778159352084789,2,0.677680272980705,0.998085294492759
"CR762436.2",2.31454308284091,4,0.678122524022491,0.998085294492759
"dnmt3ba",3.13888360160994,5,0.678583925769642,0.998085294492759
"lpar5a",1.51400481532811,3,0.679041818897556,0.998085294492759
"AL844186.1",0.772351022544386,2,0.679651228759843,0.998237742241019
"stim2b",2.30039339010908,4,0.680697432064466,0.998978284508467
"cd7al",2.29609725284992,4,0.681479702377757,0.998978284508467
"tgfbr3",3.11881701518524,5,0.681673631830246,0.998978284508467
"zgc:153704",3.10677664335139,5,0.683528099323291,0.999999999982023
"CT583650.1",0.75719624497021,2,0.684820771442288,0.999999999982023
"s1pr2",3.09474725292239,5,0.685381258654796,0.999999999982023
"samsn1a",0.754954006444732,2,0.685588967740046,0.999999999982023
"UTP14C",3.09100309477791,5,0.685958127697739,0.999999999982023
"hist1h2a4",2.27097562915698,4,0.686058272576966,0.999999999982023
"gyg2",2.2688096029199,4,0.686453373549505,0.999999999982023
"CR762407.2",0.752409381195991,2,0.686461806382899,0.999999999982023
"ccne1",3.08307868389942,5,0.687179158947853,0.999999999982023
"BX640512.3",3.05783492841745,5,0.691069648087015,0.999999999982023
"prc1b",3.04152914994264,5,0.693583162475989,0.999999999982023
"si:ch211-261a10.5",0.727998349543787,2,0.694891768186892,0.999999999982023
"mus81",3.0318824804403,5,0.695070322590889,0.999999999982023
"twist2",0.726944098049297,2,0.69525816008827,0.999999999982023
"ogfrl1",3.02934548690814,5,0.695461446731003,0.999999999982023
"pitpnm3",3.02603505679956,5,0.695971817486449,0.999999999982023
"hk2",3.02394317053133,5,0.696294328500922,0.999999999982023
"ppp1r1c",3.02059909235662,5,0.696809898331427,0.999999999982023
"hoxc13b",0.722006390141018,2,0.696976771573387,0.999999999982023
"sp100.2",0.718342857082025,2,0.698254640316678,0.999999999982023
"rflnb",0.716283552176824,2,0.69897397018595,0.999999999982023
"arhgap27",3.0008753150623,5,0.699850879516512,0.999999999982023
"rbbp8",2.9991866934798,5,0.700111231743839,0.999999999982023
"tnika",2.99686488065048,5,0.700469209481867,0.999999999982023
"si:ch211-27e6.1",2.18876714723169,4,0.701086292432749,0.999999999982023
"CABZ01064472.1",2.18681969240163,4,0.701443023057679,0.999999999982023
"rbpms2b",2.98988596122335,5,0.701545217274401,0.999999999982023
"hoxb5a",2.98447230245406,5,0.702379885331612,0.999999999982023
"CR848833.1",2.98436547115524,5,0.702396356282112,0.999999999982023
"epha4b",2.98071508725324,5,0.702959159270287,0.999999999982023
"tmtc2a",2.96284822610374,5,0.705713687651801,0.999999999982023
"CR352292.1",0.693757598126918,2,0.706890998917064,0.999999999982023
"si:ch1073-185p12.2",2.95341860886952,5,0.707167333881111,0.999999999982023
"CR513789.1",2.15455242028467,4,0.707357778862854,0.999999999982023
"si:dkeyp-68b7.12",2.94853900211946,5,0.707919520823638,0.999999999982023
"nexmifb",2.94634071989416,5,0.708258373749184,0.999999999982023
"si:dkey-220k22.1",0.687512592429999,2,0.709101717766472,0.999999999982023
"fosb",0.687121807523061,2,0.709240284427864,0.999999999982023
"pola1",2.93824145799952,5,0.709506769007841,0.999999999982023
"ftr69",0.685636847671241,2,0.709767076643821,0.999999999982023
"phgdh",2.93042027404618,5,0.710712201490888,0.999999999982023
"grem2b",0.682641507163837,2,0.710830870088624,0.999999999982023
"cad",2.92062917209334,5,0.712221086407273,0.999999999982023
"CR382372.1",1.36839710812091,3,0.712959053580539,0.999999999982023
"en2a",1.35764340683992,3,0.715492679976982,0.999999999982023
"fbxo5",2.89184093971676,5,0.716656318313959,0.999999999982023
"dgkb",2.88814947260342,5,0.717224881804644,0.999999999982023
"spon1a",2.88173285300532,5,0.718213078499946,0.999999999982023
"krt94",2.86994468377045,5,0.720028180625485,0.999999999982023
"RAMP3",2.07538798330801,4,0.721895260317139,0.999999999982023
"hist1h2a3.1",2.85633378215187,5,0.722123334920896,0.999999999982023
"elf1",2.8552013654696,5,0.722297618834267,0.999999999982023
"her9",2.85030105845324,5,0.723051739452384,0.999999999982023
"adrb3a",2.84727444084064,5,0.723517465014302,0.999999999982023
"dcn",2.83502854597653,5,0.725401427343861,0.999999999982023
"mboat2a",2.83428116588881,5,0.725516386384803,0.999999999982023
"dcbld1",2.8342084828425,5,0.7255275660689,0.999999999982023
"kctd12.2",0.64087653342206,2,0.72583085985183,0.999999999982023
"cplx2",2.83214811726597,5,0.725844469609464,0.999999999982023
"myoz1b",0.640317106437221,2,0.726033912933565,0.999999999982023
"afap1l1a",2.83028762749651,5,0.726130613760389,0.999999999982023
"si:ch211-176g6.2",1.30589071686179,3,0.727734744742317,0.999999999982023
"reep2",2.04104181116568,4,0.728210187500558,0.999999999982023
"slc7a5",2.81212652740421,5,0.728922932289806,0.999999999982023
"slc22a7a",2.80875240361481,5,0.729441531631791,0.999999999982023
"esrrga",2.80033131622285,5,0.730735581774991,0.999999999982023
"gfra3",2.79451383706712,5,0.731629315300526,0.999999999982023
"dapk2b",2.78844432137123,5,0.732561565120984,0.999999999982023
"egr1",2.7880931913931,5,0.732615490573867,0.999999999982023
"CR925763.1",2.01523321403678,4,0.732956916198264,0.999999999982023
"MDFI",2.77980028462915,5,0.733888877495038,0.999999999982023
"gpr37b",1.2799556057602,3,0.733898229900633,0.999999999982023
"si:ch211-255i3.4",2.00715176297294,4,0.734443391858459,0.999999999982023
"aif1l",2.7748962182168,5,0.73464170775823,0.999999999982023
"crip1",2.77309269372979,5,0.734918531913663,0.999999999982023
"ptpn22",1.275282098157,3,0.735010786591775,0.999999999982023
"nat8l",2.77035800419895,5,0.73533824217893,0.999999999982023
"heatr1",2.76671394593837,5,0.735897445039877,0.999999999982023
"hccsa.2",0.611079778756253,2,0.736725516720654,0.999999999982023
"dapp1",1.26728395845495,3,0.736916090371461,0.999999999982023
"CU928117.1",2.75712741220043,5,0.737368142829079,0.999999999982023
"pdgfra",2.7455643046158,5,0.739141244019076,0.999999999982023
"BX537310.2",2.73867866907174,5,0.740196647679783,0.999999999982023
"tmtopsb",1.25319770920847,3,0.74027557993326,0.999999999982023
"pgfb",2.73701541575349,5,0.740451533127265,0.999999999982023
"si:dkey-79d12.6",1.97410497959811,4,0.740521871215205,0.999999999982023
"gfra4a",2.73218099482009,5,0.741192268390939,0.999999999982023
"pjvk",0.591456938907838,2,0.743989416448451,0.999999999982023
"si:dkey-108k21.19",2.69902953467839,5,0.746266861835703,0.999999999982023
"sema5a",2.69069755899912,5,0.747540832814926,0.999999999982023
"mylk2",1.2208792644414,3,0.748001080492171,0.999999999982023
"smarca4a",2.68377325874517,5,0.748599104900636,0.999999999982023
"gulp1b",2.68311933954644,5,0.74869902418171,0.999999999982023
"si:ch211-1a19.3",2.67862982795771,5,0.749384919849895,0.999999999982023
"lhx8a",0.574890201830298,2,0.750177749712453,0.999999999982023
"ntn5",2.66659259502726,5,0.751223017005789,0.999999999982023
"mxd3",2.66615469660734,5,0.751289858787872,0.999999999982023
"vipr2",2.66398205199773,5,0.751621468907163,0.999999999982023
"CR936442.1",2.65480211938208,5,0.753022093962963,0.999999999982023
"glipr2",1.90275303591664,4,0.753639239426941,0.999999999982023
"CR847947.1",2.64652459707454,5,0.754284318268044,0.999999999982023
"adam11",0.5639181466178,2,0.754304555090891,0.999999999982023
"ebf1b",2.63878031225367,5,0.755464598919007,0.999999999982023
"hpdb",0.560652583187178,2,0.755537175802655,0.999999999982023
"lgalsla",1.89193567867875,4,0.755626265940328,0.999999999982023
"ndst2b",2.63698089346512,5,0.755738753341652,0.999999999982023
"MFAP4.3",1.88884080222662,4,0.756194649742909,0.999999999982023
"anxa5b",2.63195745373773,5,0.756503930293111,0.999999999982023
"grm6a",2.62965018085639,5,0.756855287330818,0.999999999982023
"pcdh11.1",0.555362042709666,2,0.75753842155903,0.999999999982023
"ttll10",0.555216972584996,2,0.757593371648539,0.999999999982023
"si:dkey-65b13.1",0.551027559934457,2,0.759181970519295,0.999999999982023
"skp2",2.61119289081263,5,0.759663919508121,0.999999999982023
"grm3",1.86782410658111,4,0.76005298479979,0.999999999982023
"ms4a17a.2",1.86426380020051,4,0.760706330276587,0.999999999982023
"zgc:174356",2.60261720222418,5,0.760967575808324,0.999999999982023
"agbl4.1",2.59762883801322,5,0.761725504195176,0.999999999982023
"nudt19",2.59442907001346,5,0.762211520719011,0.999999999982023
"hist2h3c",1.85510851533471,4,0.762386005725771,0.999999999982023
"im:7152348",0.542021080960683,2,0.762608458103241,0.999999999982023
"ppp1r14ab",2.58814896522593,5,0.763165058855762,0.999999999982023
"CU459186.4",2.58696087859022,5,0.763345398359032,0.999999999982023
"mmel1",2.5855011074667,5,0.763566953389058,0.999999999982023
"lzts3b",0.536700984875683,2,0.764639733686981,0.999999999982023
"rlbp1b",0.536517593734856,2,0.764709850978196,0.999999999982023
"mgll",0.53523986497717,2,0.765198552952656,0.999999999982023
"BX000522.1",1.83860464612935,4,0.765412345638475,0.999999999982023
"tppp3",1.83376355743755,4,0.766299658617705,0.999999999982023
"zgc:113983",1.83170360087531,4,0.766677165040929,0.999999999982023
"myo1hb",0.529560330558972,2,0.767374627021302,0.999999999982023
"BX649276.1",0.526104028885168,2,0.768701912669779,0.999999999982023
"hapln1a",0.525553205366236,2,0.768913651372378,0.999999999982023
"hist1h4l.7",1.812118747362,4,0.770264421915208,0.999999999982023
"si:ch211-266k2.1",2.53602676435311,5,0.771059863723398,0.999999999982023
"c7a",0.516327749312367,2,0.772468633702316,0.999999999982023
"col1a1b",1.79784735014416,4,0.772876170817847,0.999999999982023
"pygl",2.51929718101349,5,0.773586114498197,0.999999999982023
"BX088707.3",2.51785879008453,5,0.773803132910512,0.999999999982023
"dachc",1.11324441826504,3,0.773877828792761,0.999999999982023
"espl1",2.5104458775698,5,0.774921086047527,0.999999999982023
"cenpi",2.50108906244717,5,0.776331047223636,0.999999999982023
"syt11a",1.77394931447111,4,0.77724487709693,0.999999999982023
"cgnl1",2.49332718996661,5,0.777499672614238,0.999999999982023
"lpar3",1.76195637731355,4,0.779434802594109,0.999999999982023
"selp",2.48020334125377,5,0.779473491392035,0.999999999982023
"gnl3",2.47936125080112,5,0.779600049507866,0.999999999982023
"pex5la",1.75370601010371,4,0.780940306434921,0.999999999982023
"PIEZO2",2.46863680856589,5,0.781210844471026,0.999999999982023
"pot1",2.46616202324438,5,0.781582291190777,0.999999999982023
"crygm2d13",0.486665529822743,2,0.784010579148136,0.999999999982023
"gask1a",2.43583405458483,5,0.786126048956952,0.999999999982023
"dachd",2.43553703952285,5,0.786170470814642,0.999999999982023
"cxcl12b",2.43169503979802,5,0.786744945844772,0.999999999982023
"CT573204.1",0.477621764791047,2,0.78756381047099,0.999999999982023
"lmo1",0.476572354513249,2,0.787977157682775,0.999999999982023
"si:ch211-126c2.4",2.41930497935049,5,0.788595802790049,0.999999999982023
"FP102018.1",0.474789300955359,2,0.788679973663128,0.999999999982023
"gfra4b",2.4065511105754,5,0.79049813310921,0.999999999982023
"arhgap12b",2.40317800646076,5,0.791000758861958,0.999999999982023
"BX842669.1",1.03525445538366,3,0.792722278992573,0.999999999982023
"npr1b",2.38831521953708,5,0.793212934671301,0.999999999982023
"rdh5",0.462226371174482,2,0.793649631251761,0.999999999982023
"CR936977.2",2.38411710311008,5,0.793837025254351,0.999999999982023
"ppan",2.3837818643305,5,0.793886847188249,0.999999999982023
"si:dkey-172j4.3",2.37910536579946,5,0.794581625190862,0.999999999982023
"BX548018.1",0.456737737463789,2,0.795830648644621,0.999999999982023
"CRACD",2.36333960621368,5,0.796920767403702,0.999999999982023
"zbtb20",1.66572177026981,4,0.796934478454147,0.999999999982023
"f13a1b",1.65456267458024,4,0.798953859187089,0.999999999982023
"ablim1a",1.65386330621826,4,0.799080341450145,0.999999999982023
"calcoco1b",1.65357948659044,4,0.799131668197265,0.999999999982023
"rnd3b",2.34083484638718,5,0.800251131883339,0.999999999982023
"rab11fip5a",1.6425218153854,4,0.801130166550878,0.999999999982023
"itgb3a",0.44243252276856,2,0.801543318677502,0.999999999982023
"knl1",2.32925731288834,5,0.8019603544124,0.999999999982023
"ftsj3",2.32646411452326,5,0.8023722977746,0.999999999982023
"CT025912.2",0.439070827933053,2,0.802891723608927,0.999999999982023
"si:ch211-222n4.2",2.31922182529327,5,0.803439619297782,0.999999999982023
"zgc:195170",2.31701540351947,5,0.803764562714927,0.999999999982023
"CR854927.3",0.986762375122486,3,0.804455027497491,0.999999999982023
"tlx2",1.62323120223956,4,0.804610832241852,0.999999999982023
"hbegfb",2.31040930195935,5,0.804736820988294,0.999999999982023
"ccn5",2.30392854723305,5,0.805689700355527,0.999999999982023
"racgap1",2.30256191891286,5,0.805890519976215,0.999999999982023
"GNAZ",2.30185177568167,5,0.805994855789947,0.999999999982023
"lamb2",2.2943333539711,5,0.807098787078771,0.999999999982023
"creld1a",2.29094840759703,5,0.807595383923894,0.999999999982023
"ikzf1",0.959820215462639,3,0.810972953724194,0.999999999982023
"akt3a",2.26400457795771,5,0.811538847050327,0.999999999982023
"ablim2",2.26194671917813,5,0.811839333755161,0.999999999982023
"si:dkey-225f5.4",2.26100923667209,5,0.811976190693559,0.999999999982023
"pds5b",2.25460155190026,5,0.812911043633997,0.999999999982023
"BX248113.1",2.25328290568036,5,0.81310330584445,0.999999999982023
"plcd4a",0.412230580659524,2,0.813739254607655,0.999999999982023
"hist1h4l.8",2.2476654816648,5,0.813921869877597,0.999999999982023
"dub",1.56234063846329,4,0.815544175739307,0.999999999982023
"serpind1",0.40743863218533,2,0.8156912904774,0.999999999982023
"osr2",1.55905161025495,4,0.816132240323303,0.999999999982023
"si:dkey-185m8.2",0.403716691834581,2,0.817210680972992,0.999999999982023
"si:ch211-197h24.8",2.22402902363789,5,0.817357636081164,0.999999999982023
"dct",0.401227385267006,2,0.818228458189097,0.999999999982023
"si:ch73-315f9.2",1.54500806288472,4,0.818640061088068,0.999999999982023
"si:ch73-233f7.1",0.400077505477953,2,0.818699025633582,0.999999999982023
"hoxa2b",1.54452377721373,4,0.818726450923869,0.999999999982023
"CR376857.2",0.397397676404993,2,0.81979674762162,0.999999999982023
"XKR4",2.20124834676978,5,0.820655632814213,0.999999999982023
"CU062632.1",2.19971274083085,5,0.820877460936465,0.999999999982023
"lbx2",2.19701719893548,5,0.821266699324873,0.999999999982023
"slc1a5",2.19373411386401,5,0.821740520420827,0.999999999982023
"CABZ01066694.1",2.18592778245475,5,0.822865994828638,0.999999999982023
"mogat2",0.387332432489231,2,0.823932873784642,0.999999999982023
"fstb",2.17575044607055,5,0.824330849904771,0.999999999982023
"map2",2.17466146311095,5,0.824487424209788,0.999999999982023
"rbfox3a",2.17009090998353,5,0.82514422629224,0.999999999982023
"ptx4",0.383874973707138,2,0.825358462633442,0.999999999982023
"sema3c",0.381472637045025,2,0.826350452734803,0.999999999982023
"cdca8",2.15287535869158,5,0.827612969416387,0.999999999982023
"tpbga",2.14858913269109,5,0.828226332635024,0.999999999982023
"spp1",2.14303357040853,5,0.829020563874377,0.999999999982023
"ugt5c1",0.372558604334601,2,0.830041730149084,0.999999999982023
"mlsl",0.370134175283299,2,0.831048528896013,0.999999999982023
"ckap5",2.11731087761487,5,0.832686313832385,0.999999999982023
"aldh1a2",2.1167992212044,5,0.832759033652026,0.999999999982023
"RNF224",2.11633023968965,5,0.832825681430182,0.999999999982023
"pxdn",2.10746470008338,5,0.834084346285925,0.999999999982023
"hist1h4l.9",2.10607117075476,5,0.834281975489063,0.999999999982023
"myl4",1.45579046074271,4,0.834442708101244,0.999999999982023
"ntn1a",2.10492576004394,5,0.834444372957655,0.999999999982023
"znf536",0.356488376704427,2,0.836738076848029,0.999999999982023
"syt5b",0.356266079578113,2,0.836831084251733,0.999999999982023
"cita",2.08751558023919,5,0.836907900452305,0.999999999982023
"cryba1b",1.43917597121721,4,0.83735826390866,0.999999999982023
"eva1a",2.07970148232984,5,0.838010560598477,0.999999999982023
"camk2d1",1.43413024406811,4,0.838241852751445,0.999999999982023
"si:ch211-214p13.9",2.07224170400647,5,0.839061445224473,0.999999999982023
"CR589876.1",2.07192001399833,5,0.839106723490735,0.999999999982023
"ca6",0.348657482864943,2,0.840020702653452,0.999999999982023
"ca16b",2.06277826426963,5,0.840392067165015,0.999999999982023
"nedd9",2.04950924299783,5,0.842252958475136,0.999999999982023
"crybb1l1",0.343309799823609,2,0.842269790398551,0.999999999982023
"cabp5a",1.41013417871028,4,0.842431748433658,0.999999999982023
"slco1d1",2.04392375947252,5,0.843034581078376,0.999999999982023
"aopep",2.03505228338925,5,0.844273939162955,0.999999999982023
"gp1bb",0.819628068561029,3,0.844766726886855,0.999999999982023
"efcab11",2.03074161686382,5,0.844875207338428,0.999999999982023
"tacc3",2.02910433788038,5,0.845103419428651,0.999999999982023
"epha3",2.02767023071876,5,0.84530323899904,0.999999999982023
"csf1rb",2.02745268009972,5,0.845333545151116,0.999999999982023
"aspn",0.334133470336923,2,0.846143141947842,0.999999999982023
"zgc:173552.5",2.02035446773129,5,0.846321500160965,0.999999999982023
"fam83d",2.02021042276142,5,0.846341531329473,0.999999999982023
"FP102806.1",1.38631028649838,4,0.846570830617309,0.999999999982023
"pdgfbb",2.01272607981613,5,0.847381352708603,0.999999999982023
"CABZ01072077.1",2.01090376923805,5,0.847634243588132,0.999999999982023
"quo",2.00997034718926,5,0.847763735225598,0.999999999982023
"fbln7",0.32911138535814,2,0.848270513171331,0.999999999982023
"CR762400.1",2.00132420435654,5,0.848961776720081,0.999999999982023
"hist1h4l.17",1.36138257127953,4,0.85087836087985,0.999999999982023
"cadm1b",1.35392229314324,4,0.85216267914818,0.999999999982023
"nolc1",1.97601440068535,5,0.852453853170915,0.999999999982023
"specc1",0.318733562862375,2,0.852683553112987,0.999999999982023
"zgc:163061.1",1.97315472996758,5,0.852846989165897,0.999999999982023
"ncam1a",1.96913366568199,5,0.853399293948931,0.999999999982023
"nbeaa",1.96707965323817,5,0.853681194465979,0.999999999982023
"si:dkey-28k24.2.1",1.96560632620824,5,0.853883305913021,0.999999999982023
"sema4ba",1.96427571404572,5,0.854065772373314,0.999999999982023
"hs6st1a",1.95989566990597,5,0.854665953934559,0.999999999982023
"dgkg",1.95712995243169,5,0.855044571320065,0.999999999982023
"zgc:194398",1.95365649818485,5,0.855519680300078,0.999999999982023
"CABZ01069040.1",0.773725856522973,3,0.855740581057233,0.999999999982023
"cmya5",1.3295183588278,4,0.856347777323064,0.999999999982023
"mmp17b",0.310106661809964,2,0.856369505305038,0.999999999982023
"brsk2b",0.309575912151233,2,0.856596794373447,0.999999999982023
"klf7a",1.94299890905712,5,0.856974690860428,0.999999999982023
"lcp2a",1.3212833962714,4,0.85775428183115,0.999999999982023
"ADGRL3",1.93619495698513,5,0.85790139029048,0.999999999982023
"tnks1bp1",1.90371726956887,5,0.862300769837662,0.999999999982023
"si:dkey-23a13.22",1.8893339039553,5,0.864236125768211,0.999999999982023
"igsf21a",1.88689113251031,5,0.864564005818603,0.999999999982023
"pcdh11",1.88620989723697,5,0.864655402274184,0.999999999982023
"FO834823.1",0.29077705782749,2,0.864686272219976,0.999999999982023
"si:dkey-178k16.1",0.289181017393712,2,0.865376584751518,0.999999999982023
"AL929216.1",0.288978377573492,2,0.865464269071305,0.999999999982023
"mrap2a",0.288423828796264,2,0.865704273419371,0.999999999982023
"BX322792.1",0.284920441634611,2,0.867222050990528,0.999999999982023
"ank2b",1.26484443283285,4,0.867311326141847,0.999999999982023
"CT955962.3",0.280931789539898,2,0.868953300279623,0.999999999982023
"cyp1c2",1.85321916310539,5,0.86905926469172,0.999999999982023
"gria4a",1.84891037634084,5,0.869631167874708,0.999999999982023
"tiam1a",1.84643745609941,5,0.869959051389071,0.999999999982023
"si:ch1073-303k11.2",0.278109432305211,2,0.87018041423129,0.999999999982023
"msi2a",1.84446415809724,5,0.8702205085985,0.999999999982023
"CR385041.2",0.712069514172348,3,0.870361472673609,0.999999999982023
"trhde.2.1",1.83647227722697,5,0.871277757647712,0.999999999982023
"sorcs3b",0.70702263510989,3,0.871550924489752,0.999999999982023
"mafaa",1.83242525356724,5,0.871812121835062,0.999999999982023
"gnao1a",1.83089316955764,5,0.872014236880571,0.999999999982023
"si:dkey-23i12.7",0.272478437059516,2,0.872633857329904,0.999999999982023
"col4a6",1.82420142494136,5,0.872895862036239,0.999999999982023
"erbb4b",1.23000620853121,4,0.873134013773387,0.999999999982023
"arhgap11a",1.81317999167853,5,0.874343769223456,0.999999999982023
"igdcc3",1.80796053360873,5,0.875027644320409,0.999999999982023
"abhd15a",1.80520231065348,5,0.875388563756258,0.999999999982023
"si:dkey-14d8.20",0.688336932116031,3,0.875943731693828,0.999999999982023
"CR352265.3",1.79767388683157,5,0.876371995478439,0.999999999982023
"cadpsa",1.79182669745583,5,0.877134103841515,0.999999999982023
"kif2c",1.78397325536242,5,0.878155338963445,0.999999999982023
"myb",0.259676518194461,2,0.878237466354436,0.999999999982023
"micu3b",1.19634322201591,4,0.878700314723442,0.999999999982023
"TENM2.1",0.254086572334932,2,0.880695549837012,0.999999999982023
"CR556696.1",1.76221553231434,5,0.880970313191298,0.999999999982023
"si:ch211-254n4.3",1.75958540550265,5,0.881309151878007,0.999999999982023
"si:ch211-210g13.5",1.74932518735481,5,0.882627964365603,0.999999999982023
"ca2",1.74822766831966,5,0.882768750642515,0.999999999982023
"six4a",1.74764695081795,5,0.882843220879939,0.999999999982023
"CU633785.1",0.248700276866064,2,0.883070589792997,0.999999999982023
"wu:fj16a03",0.248115218720039,2,0.883328951401333,0.999999999982023
"lrp2bp",1.72713579196789,5,0.885463532717908,0.999999999982023
"ptx3a",0.64684451841235,3,0.885629529559648,0.999999999982023
"slc4a7",1.72376451138149,5,0.885892338389495,0.999999999982023
"si:dkey-189h5.6",1.71297371149319,5,0.887261255800293,0.999999999982023
"ccna2",1.70668118186683,5,0.888056971502408,0.999999999982023
"efnb1",1.70335387050655,5,0.888476958262015,0.999999999982023
"lrrc38b",1.13585243534112,4,0.888542897354322,0.999999999982023
"si:dkey-23a13.17",1.70208673256594,5,0.888636761895848,0.999999999982023
"slco3a1",1.69847920205042,5,0.88909129842143,0.999999999982023
"hey2",1.69064398048077,5,0.890076344035121,0.999999999982023
"nes",1.67881874452712,5,0.89155735712964,0.999999999982023
"prkcda",1.67751276196746,5,0.891720500486712,0.999999999982023
"emilin1a",0.228736701318085,2,0.891929352600656,0.999999999982023
"fgfrl1a",1.67151957892804,5,0.892468090617318,0.999999999982023
"neo1a",1.66629744860797,5,0.893118050041881,0.999999999982023
"havcr1",0.611552762482583,3,0.893782614354799,0.999999999982023
"pcnt",1.65697189717204,5,0.894275351945304,0.999999999982023
"plxna3",1.09836808788358,4,0.894531040717242,0.999999999982023
"CABZ01102039.1",0.221321856009061,2,0.895242249047741,0.999999999982023
"nptx1l",1.64697095828227,5,0.895511617163712,0.999999999982023
"ube2s",1.63237371900247,5,0.897306943208571,0.999999999982023
"cavin1b",1.62584906245463,5,0.898105885286048,0.999999999982023
"myo1g",1.62391708452551,5,0.898342033813188,0.999999999982023
"mmp25a",0.213660967083978,2,0.898678000790493,0.999999999982023
"ttn.2",1.61937958488306,5,0.898895898694211,0.999999999982023
"FP102192.1",0.584144016160925,3,0.900052450044236,0.999999999982023
"dph1",1.60832388349386,5,0.9002409109564,0.999999999982023
"cdkn1ca",0.580033783850981,3,0.900987579383846,0.999999999982023
"FP016248.1",1.59568259224196,5,0.901770953864238,0.999999999982023
"atrx",1.5953237654536,5,0.901814261159977,0.999999999982023
"pnp5b",1.5922236301137,5,0.902188135636484,0.999999999982023
"tafa5a",0.20453173856538,2,0.902789495762886,0.999999999982023
"si:ch73-139e5.4",0.203687770730274,2,0.903170538802397,0.999999999982023
"zgc:173552",1.5810335025616,5,0.90353338822273,0.999999999982023
"dspb",1.57403754039873,5,0.904371008425916,0.999999999982023
"uspl1",0.200270073630778,2,0.904715239922041,0.999999999982023
"dmrt1",1.03283990853233,4,0.904776171012578,0.999999999982023
"ect2",1.55954283510941,5,0.906097994243565,0.999999999982023
"tenm3",1.55709254596363,5,0.906388801820532,0.999999999982023
"zeb2b",1.55639637985125,5,0.90647136471619,0.999999999982023
"enah",1.55151215001686,5,0.907049867158033,0.999999999982023
"ntm",0.19252321635529,2,0.908226385537407,0.999999999982023
"apoa4a",1.00984657048765,4,0.908299270519027,0.999999999982023
"pdlim3b",1.53979815585745,5,0.908431927362858,0.999999999982023
"iqgap3",1.53584522473815,5,0.908896585105759,0.999999999982023
"si:ch73-81k8.2",0.539380098359987,3,0.910158404231249,0.999999999982023
"nkx2.3",1.52420322686271,5,0.910259981819902,0.999999999982023
"EML5",0.186929471781578,2,0.910770134357392,0.999999999982023
"si:dkey-10f21.4",0.987047934020546,4,0.911753545232395,0.999999999982023
"cadm4",0.982933126504565,4,0.912372748697221,0.999999999982023
"rbp1.1",1.49997586816306,5,0.913072599335354,0.999999999982023
"myt1a",0.971689477429906,4,0.914057974075152,0.999999999982023
"zhx2b",0.178330530590981,2,0.914694393843133,0.999999999982023
"si:ch73-36p18.1",1.47594611600908,5,0.91582882273766,0.999999999982023
"slc29a1b",1.46940412423305,5,0.916573334499307,0.999999999982023
"CT009597.1",0.949603451293872,4,0.917339021199268,0.999999999982023
"rgs12a",1.45397232872628,5,0.918319494342011,0.999999999982023
"raver1",1.44557489580411,5,0.919263709036382,0.999999999982023
"myo16",0.165792114214106,2,0.920446816152861,0.999999999982023
"AL844518.1",0.165044190406037,2,0.920791092565911,0.999999999982023
"dab1a",1.41856457065866,5,0.922271787645484,0.999999999982023
"ccdc141",1.41378039613421,5,0.922799931128238,0.999999999982023
"npr3",1.40898885015981,5,0.923327469536772,0.999999999982023
"pappaa",1.40786580167408,5,0.923450908670036,0.999999999982023
"si:dkey-238i5.2",1.4060758379191,5,0.923647489347186,0.999999999982023
"pcbp4",1.39508820330821,5,0.924849815684271,0.999999999982023
"dlgap5",1.3912266516647,5,0.925270571899704,0.999999999982023
"CT573344.1",0.155140732092668,2,0.925361908046776,0.999999999982023
"arhgef10lb",0.154219992238797,2,0.925788014916642,0.999999999982023
"loxl2a",1.38541489568133,5,0.925902053382973,0.999999999982023
"guca1c",0.152974683982427,2,0.926364640146363,0.999999999982023
"csrp1b",1.38067122485098,5,0.92641589910376,0.999999999982023
"fgf10b",1.37247319528808,5,0.927300561140238,0.999999999982023
"CABZ01050238.1",1.37056670385199,5,0.927505679748543,0.999999999982023
"si:dkey-163f12.11",0.460147653587039,3,0.927555389424167,0.999999999982023
"cacna1aa",0.878755126849473,4,0.927588760057178,0.999999999982023
"caskin1",1.36221607324116,5,0.928401378720409,0.999999999982023
"itgae.2",0.148200312014483,2,0.928578686450096,0.999999999982023
"nusap1",1.3582954385702,5,0.928820365323545,0.999999999982023
"BX908750.1",0.454004602821757,3,0.928873750057754,0.999999999982023
"ca10a",1.35760544296604,5,0.928894000582796,0.999999999982023
"si:dkey-33c12.3",0.147402218779508,2,0.928949306576431,0.999999999982023
"si:ch211-136m16.8",1.35566453123785,5,0.929100966837267,0.999999999982023
"hmmr",1.35309499729345,5,0.929374590701743,0.999999999982023
"tmsb",1.34902705284901,5,0.929806902376945,0.999999999982023
"laptm5",0.145146102093803,2,0.929997806865365,0.999999999982023
"tspan18a",1.34633990723824,5,0.930091883478409,0.999999999982023
"nrg1",1.33561772076925,5,0.931224321005447,0.999999999982023
"zgc:112234.1",1.3292013411942,5,0.931898392657762,0.999999999982023
"gpr22b",0.844475151352972,4,0.932388051438309,0.999999999982023
"hist1h2a5",1.32283541251561,5,0.932564483294227,0.999999999982023
"CABZ01087025.3",1.32131891826663,5,0.932722764502694,0.999999999982023
"dnase1l4.1",0.841346597264654,4,0.932820594546292,0.999999999982023
"vwf",1.31241890167468,5,0.933648609617168,0.999999999982023
"si:dkey-25o16.4",1.31143202782175,5,0.933750946737795,0.999999999982023
"arhgef4",1.3074118498596,5,0.934167160095415,0.999999999982023
"galnt18b",0.428969557220561,3,0.934195141298647,0.999999999982023
"phlda2",1.30086318695853,5,0.93484283269879,0.999999999982023
"chrnb1l",0.424636802069626,3,0.935107379224833,0.999999999982023
"rasl10a",1.27767387328546,5,0.937212166101794,0.999999999982023
"shisa3",1.27746845098521,5,0.937232991484734,0.999999999982023
"btbd11a",1.27614523285738,5,0.937367068075151,0.999999999982023
"zgc:113625",0.800526491435193,4,0.938377466964927,0.999999999982023
"arrdc1b",1.26443571539626,5,0.938548316231473,0.999999999982023
"dock9b",1.26335238005539,5,0.938657125680138,0.999999999982023
"cdaa",0.795114273922473,4,0.93910186181079,0.999999999982023
"BX511025.1",1.24870964979956,5,0.940119861611899,0.999999999982023
"hs2st1b",1.2478994197504,5,0.940200364616196,0.999999999982023
"foxd5",0.122151887816641,2,0.940751792695162,0.999999999982023
"pcdh15b",0.12137212739952,2,0.941118644709825,0.999999999982023
"gata5",1.23343538466684,5,0.941629758915153,0.999999999982023
"cdh7a",0.391983325914472,3,0.941893527962297,0.999999999982023
"plod2",1.22877810295334,5,0.942086882118742,0.999999999982023
"si:dkeyp-41f9.4",0.391017658484039,3,0.942091721965325,0.999999999982023
"vgll4l",0.119246104125757,2,0.942119596698387,0.999999999982023
"sema3gb",1.22778528704751,5,0.9421841314262,0.999999999982023
"kremen1",0.763804766279782,4,0.943233611515306,0.999999999982023
"kif14",1.20599963936986,5,0.944300487107826,0.999999999982023
"hist1h2a11.4",1.1933032229736,5,0.945518214812294,0.999999999982023
"arhgap45b",0.111921523133272,2,0.945576238092685,0.999999999982023
"olfml2a",1.18241092099273,5,0.946553628368874,0.999999999982023
"eif3s10",1.16065682435432,5,0.948595660856733,0.999999999982023
"mpp3a",1.15744067494918,5,0.948894607204349,0.999999999982023
"pitx3",0.356907384233547,3,0.948993227453602,0.999999999982023
"cyp27c1",0.716496974887137,4,0.949279033510344,0.999999999982023
"samd11",1.13713194490361,5,0.950764624393993,0.999999999982023
"rdh8a",1.13557526056165,5,0.950906694772298,0.999999999982023
"vegfc",1.12254446376758,5,0.952088814584647,0.999999999982023
"hist2h2l",0.679308367366058,4,0.953855892613328,0.999999999982023
"TCERG1L",0.677454967868153,4,0.954079803066718,0.999999999982023
"si:ch1073-159d7.7",1.09731343530628,5,0.954341200738512,0.999999999982023
"zfhx3",1.09559354041635,5,0.95449297011893,0.999999999982023
"adgrl1a",0.0926815455853747,2,0.954716565320474,0.999999999982023
"chrm3a",0.0910250815548545,2,0.955507619688429,0.999999999982023
"nrxn3a",0.659718876331174,4,0.956201908274285,0.999999999982023
"negr1",0.643396778020544,4,0.958121367036103,0.999999999982023
"cdkn2d",0.306970966697966,3,0.958712142412755,0.999999999982023
"cyp2p7",0.636820434974957,4,0.958885518219232,0.999999999982023
"CR954285.2",1.02964789161769,5,0.960139193800587,0.999999999982023
"pde3a",1.02550139701566,5,0.960482795125874,0.999999999982023
"egr4",0.0802257211363139,2,0.960681010029143,0.999999999982023
"itga2.2",0.295607378373793,3,0.960852485910914,0.999999999982023
"sema6bb",0.618720856580464,4,0.960960827589958,0.999999999982023
"tlx1",0.0769678089642491,2,0.962247192482063,0.999999999982023
"si:ch73-380l3.2.1",0.599000615329272,4,0.963174676474225,0.999999999982023
"CU639469.1",0.982861203175377,5,0.963936255904148,0.999999999982023
"BX248108.1",0.278502361558198,3,0.964019564879497,0.999999999982023
"igf1ra",0.981210816210066,5,0.964066969054201,0.999999999982023
"tbx20",0.97625874332622,5,0.964457849182721,0.999999999982023
"si:dkey-68o6.5",0.975615676285007,5,0.964508461451014,0.999999999982023
"immp2l",0.966521817761793,5,0.965220570203277,0.999999999982023
"tspan9a",0.957609274417478,5,0.965911902526488,0.999999999982023
"rundc3aa",0.259277957721393,3,0.96749594892791,0.999999999982023
"slc38a2",0.904819146107879,5,0.969871766971866,0.999999999982023
"CR855379.1",0.891457041815518,5,0.970837036397862,0.999999999982023
"si:ch211-150g13.3",0.0584467663004545,2,0.971199490631641,0.999999999982023
"bmp1a",0.881888902333609,5,0.971518938637408,0.999999999982023
"ccdc136b.1",0.0577234577144171,2,0.971550792617913,0.999999999982023
"mctp1a",0.876198862192545,5,0.971920764362118,0.999999999982023
"xirp1",0.0555319736379847,2,0.972615945123262,0.999999999982023
"tmtc1",0.220444822574759,3,0.974223215011505,0.999999999982023
"mavs",0.491657273360872,4,0.974308045825402,0.999999999982023
"rad51c",0.839444568727431,5,0.974449521416454,0.999999999982023
"rcn3",0.835818157510197,5,0.974692717067258,0.999999999982023
"fmnl1a",0.829040619879575,5,0.975144179606546,0.999999999982023
"rgs13",0.827842776140881,5,0.975223555396829,0.999999999982023
"limk1a",0.82642679835468,5,0.975317225204231,0.999999999982023
"znf367",0.824582134630736,5,0.975438992066035,0.999999999982023
"CU075735.2",0.206586204497784,3,0.976519120844453,0.999999999982023
"si:dkey-79d12.5",0.803530746019364,5,0.976807595195277,0.999999999982023
"fam161a",0.204062568279485,3,0.976930811040604,0.999999999982023
"BX537130.1",0.0455151823002633,2,0.977499409563282,0.999999999982023
"grk1a",0.451842921618765,4,0.978016550120006,0.999999999982023
"noc2l",0.780828232878086,5,0.978240028352771,0.999999999982023
"si:ch73-95l15.5",0.0415121718765997,2,0.979457838975631,0.999999999982023
"pbx1b",0.760262413940389,5,0.97949839440597,0.999999999982023
"paqr5a",0.0413560111010237,2,0.979534318409253,0.999999999982023
"phldb1a",0.0391758136377683,2,0.980602689736654,0.999999999982023
"kcnab2a",0.718979660571834,5,0.981910810023744,0.999999999982023
"si:dkey-71h2.2",0.401210556383478,4,0.98237767179345,0.999999999982023
"mpz",0.685914492504285,5,0.983732767711981,0.999999999982023
"cpne5b",0.383394016753734,4,0.98381376835053,0.999999999982023
"CR628324.1",0.0324915562498707,2,0.983885472809463,0.999999999982023
"slc6a9",0.675901931523266,5,0.98426500940927,0.999999999982023
"cd28l",0.155511250542789,3,0.984429934016957,0.999999999982023
"zfhx4",0.369035962656497,4,0.984932610088035,0.999999999982023
"pla2g4aa",0.366890880071305,4,0.985096777225992,0.999999999982023
"tshz3b",0.633912391077402,5,0.986397950962991,0.999999999982023
"si:dkey-161j23.7",0.0266898287327648,2,0.986743734229227,0.999999999982023
"gpc4",0.623543050934626,5,0.986899954632355,0.999999999982023
"si:dkey-262k9.2",0.136300914565427,3,0.987150748318374,0.999999999982023
"rasgrp2",0.131651042479002,3,0.987785735874598,0.999999999982023
"rbfox1",0.321593056082872,4,0.988377967232728,0.999999999982023
"myh11a",0.316137716795709,4,0.988748756248141,0.999999999982023
"cav1",0.580820034897434,5,0.988864554537214,0.999999999982023
"ankrd13b",0.577876978562457,5,0.988993733941686,0.999999999982023
"SRCIN1",0.119792304059464,3,0.989360820022994,0.999999999982023
"FQ312024.1",0.302117178380084,4,0.989677092859034,0.999999999982023
"mylka",0.557076422037104,5,0.989884080973783,0.999999999982023
"has2",0.545687631987858,5,0.990354748475313,0.999999999982023
"shtn1",0.534100206709989,5,0.99082141005372,0.999999999982023
"rnf24",0.512798085461362,5,0.991647179611615,0.999999999982023
"crygmx",0.266626177596634,4,0.991865457090163,0.999999999982023
"si:ch211-113a14.19.4",0.500623810552893,5,0.992100434011101,0.999999999982023
"si:ch211-263k4.2",0.499149404160948,5,0.992154405485302,0.999999999982023
"mcf2a",0.478216337803795,5,0.992899221053881,0.999999999982023
"lrrfip1b",0.470023686584669,5,0.993179824091843,0.999999999982023
"grna",0.01266125743544,2,0.993689367493813,0.999999999982023
"klhdc8b",0.0123145684526267,2,0.993861633002044,0.999999999982023
"rab44",0.0120427314546739,2,0.993996726364027,0.999999999982023
"gpr143",0.435355830121063,5,0.994299595693105,0.999999999982023
"BX649313.1",0.0101408536599295,2,0.99494240608554,0.999999999982023
"plxnc1",0.394594563050484,5,0.995477171244884,0.999999999982023
"sostdc1a",0.371355530031775,5,0.996081975374312,0.999999999982023
"FRMD1",0.354043050672986,5,0.996501462692857,0.999999999982023
"lnx1",0.281713532438017,5,0.997972925710893,0.999999999982023
"creb5a",0.280462752373513,5,0.997994463254019,0.999999999982023
"TENM2",0.127913612857543,4,0.99803991169195,0.999999999982023
"slc6a4a",0.261938819533379,5,0.998298270726184,0.999999999982023
"CR377229.1",0.235698135534346,5,0.998680775287922,0.999999999982023
"cenpl",0.183541048398228,5,0.999280887249553,0.999999999982023
"foxg1d",0.000629084465255369,2,0.999685507230594,0.999999999982023
"gdf7",0.0479762773472445,4,0.999716844646112,0.999999999982023
"si:ch211-51a6.2",0.0915385811024672,5,0.99986947857259,0.999999999982023
"cox6a2",0.0189193309501621,4,0.999955538533027,0.999999999982023
"apoea",0.0162660044289608,4,0.999967105912876,0.999999999982023
"si:ch73-250a16.5",1.16895758020591e-05,2,0.99999415522918,0.999999999982023
"tcap",6.79905367893637e-06,2,0.999996600478939,0.999999999982023
"cd4-1",2.95498551862178e-06,2,0.999998522508332,0.999999999982023
"mpeg1.1",1.04413293235589e-06,2,0.99999947793367,0.999999999982023
"mxra5a",2.60888582238943e-07,2,0.999999869555717,0.999999999982023
"BX663503.1",2.34084798130377e-07,2,0.999999882957608,0.999999999982023
"wnt2",1.91436657297268e-07,2,0.999999904281676,0.999999999982023
"si:dkey-5n18.1",1.77883899773046e-07,2,0.999999911058054,0.999999999982023
"slc14a2",6.59768434014791e-08,2,0.999999967011579,0.999999999982023
"crispld1a",3.10579753511953e-08,2,0.999999984471012,0.999999999982023
"FAM135B",8.08558785294905e-09,2,0.999999995957206,0.999999999982023
"CFAP77",5.84018336775327e-09,2,0.999999997079908,0.999999999982023
"jph1b",4.91940413517035e-09,2,0.999999997540298,0.999999999982023
"znf750",3.42315080826524e-09,2,0.999999998288425,0.999999999982023
"srd5a2b",2.45869032674561e-09,2,0.999999998770655,0.999999999982023
"tdrd7a",2.32428241955340e-09,2,0.999999998837859,0.999999999982023
"zgc:194252",1.76733760058538e-09,2,0.999999999116331,0.999999999982023
"hjv",1.58610206830188e-09,2,0.999999999206949,0.999999999982023
"si:dkey-196h17.9",1.37689967229108e-09,2,0.99999999931155,0.999999999982023
"AL935186.3",1.16800883567923e-09,2,0.999999999415996,0.999999999982023
"cacna2d3",1.10966731973496e-09,2,0.999999999445166,0.999999999982023
"kcnn2",1.07933352094288e-09,2,0.999999999460333,0.999999999982023
"gata1b",1.06528219481689e-09,2,0.999999999467359,0.999999999982023
"rundc3b",1.05260811585727e-09,2,0.999999999473696,0.999999999982023
"si:dkeyp-92c9.4",1.04953445472298e-09,2,0.999999999475233,0.999999999982023
"olig2",1.04750305375023e-09,2,0.999999999476249,0.999999999982023
"hoxc1a",9.51308128543436e-10,2,0.999999999524346,0.999999999982023
"angpt2b",9.4022080520562e-10,2,0.99999999952989,0.999999999982023
"BX957347.2",9.23023489378773e-10,2,0.999999999538488,0.999999999982023
"si:dkey-183k8.2",9.14743191003701e-10,2,0.999999999542628,0.999999999982023
"gabra2a",9.11299540821407e-10,2,0.99999999954435,0.999999999982023
"syt5a",8.95071709853712e-10,2,0.999999999552464,0.999999999982023
"AMDHD1",8.63236842318412e-10,2,0.999999999568382,0.999999999982023
"myhz1.1.1",8.41145553947675e-10,2,0.999999999579427,0.999999999982023
"crygs3",8.40798789048809e-10,2,0.999999999579601,0.999999999982023
"ppp2r2ca.1",8.18015581557048e-10,2,0.999999999590992,0.999999999982023
"si:dkey-239j18.3",8.15989377565849e-10,2,0.999999999592005,0.999999999982023
"ly6m5",8.09390443251479e-10,2,0.999999999595305,0.999999999982023
"AL772219.1",7.93363459927499e-10,2,0.999999999603318,0.999999999982023
"fbxo32",7.73044278017555e-10,2,0.999999999613478,0.999999999982023
"si:dkey-81e3.2",7.41121505064878e-10,2,0.999999999629439,0.999999999982023
"hmx1",7.38647130455499e-10,2,0.999999999630676,0.999999999982023
"psma6l",7.34437059790603e-10,2,0.999999999632782,0.999999999982023
"si:ch1073-90m23.1",6.48862556348052e-10,2,0.999999999675569,0.999999999982023
"trh",6.30296879499709e-10,2,0.999999999684852,0.999999999982023
"acsl5",6.18836960712231e-10,2,0.999999999690582,0.999999999982023
"FP015810.1",6.12264117171063e-10,2,0.999999999693868,0.999999999982023
"hsd11b2",6.08765267250171e-10,2,0.999999999695617,0.999999999982023
"si:dkey-269i1.4",6.07834274941409e-10,2,0.999999999696083,0.999999999982023
"gfra1b",5.9614361281911e-10,2,0.999999999701928,0.999999999982023
"col6a3.1",5.72248348326284e-10,2,0.999999999713876,0.999999999982023
"card9",5.54510912648177e-10,2,0.999999999722745,0.999999999982023
"retreg1",5.48096723043974e-10,2,0.999999999725952,0.999999999982023
"si:ch211-194e15.5",5.37989784693935e-10,2,0.999999999731005,0.999999999982023
"igfn1.3",5.31407699918814e-10,2,0.999999999734296,0.999999999982023
"lrrtm1",5.28117630625365e-10,2,0.999999999735941,0.999999999982023
"rnf152",5.26667718719804e-10,2,0.999999999736666,0.999999999982023
"FO082779.2",5.24026834189841e-10,2,0.999999999737987,0.999999999982023
"AL954187.1",5.22145585126296e-10,2,0.999999999738927,0.999999999982023
"chrm2b",5.16530418800544e-10,2,0.999999999741735,0.999999999982023
"cntnap1",5.0758188007498e-10,2,0.999999999746209,0.999999999982023
"si:ch211-197l9.2",4.96245451010752e-10,2,0.999999999751877,0.999999999982023
"gngt2a",4.85605213073643e-10,2,0.999999999757197,0.999999999982023
"si:ch211-225p5.8",4.79313128664012e-10,2,0.999999999760343,0.999999999982023
"wnt10a",4.78634145436201e-10,2,0.999999999760683,0.999999999982023
"si:ch73-93k15.5",4.64642846215393e-10,2,0.999999999767679,0.999999999982023
"nkx2.1",4.58792345031856e-10,2,0.999999999770604,0.999999999982023
"BX927219.1",4.47802637052321e-10,2,0.999999999776099,0.999999999982023
"ppp2r2cb",4.3948671875984e-10,2,0.999999999780257,0.999999999982023
"bin2a",4.36485246785241e-10,2,0.999999999781757,0.999999999982023
"si:dkey-31j3.11",4.33352205059459e-10,2,0.999999999783324,0.999999999982023
"nmu",4.32283448609019e-10,2,0.999999999783858,0.999999999982023
"fstl3",4.27721209510263e-10,2,0.999999999786139,0.999999999982023
"ptpro",4.05981395126757e-10,2,0.999999999797009,0.999999999982023
"zgc:163121",3.94555095449427e-10,2,0.999999999802722,0.999999999982023
"s1pr5b",3.94409756729197e-10,2,0.999999999802795,0.999999999982023
"igfbp6b",3.84664259211268e-10,2,0.999999999807668,0.999999999982023
"zgc:162160",3.82488563385304e-10,2,0.999999999808756,0.999999999982023
"calhm6",3.81013290404426e-10,2,0.999999999809493,0.999999999982023
"CR354549.3",3.55538799044207e-10,2,0.999999999822231,0.999999999982023
"FP236457.1",2.75423305349842e-10,2,0.999999999862288,0.999999999982023
"gorasp1b",2.28712829165505e-10,2,0.999999999885644,0.999999999982023
"emx1",1.90839529257914e-10,2,0.99999999990458,0.999999999982023
"ncf2",3.59538273278276e-11,2,0.999999999982023,0.999999999982023
"vax2",NA,NA,NA,NA
"strc1",NA,NA,NA,NA
"tmem200a",NA,NA,NA,NA
"BX901968.1",NA,NA,NA,NA
"irx4b",NA,NA,NA,NA
"CABZ01118738.1",NA,NA,NA,NA
"samd10a",NA,NA,NA,NA
"klf1",NA,NA,NA,NA
"zgc:92912",NA,NA,NA,NA
"slc17a9a",NA,NA,NA,NA
"slc7a4",NA,NA,NA,NA
"CU466287.2",NA,NA,NA,NA
"slc45a1",NA,NA,NA,NA
"csf3r",NA,NA,NA,NA
"aste1a",NA,NA,NA,NA
"arhgap22",NA,NA,NA,NA
"RIMBP2",NA,NA,NA,NA
"stx11b.1",NA,NA,NA,NA
"hsf5",NA,NA,NA,NA
"cabp7b",NA,NA,NA,NA
"CT573006.1",NA,NA,NA,NA
"si:ch73-359m17.5",NA,NA,NA,NA
"zgc:112265",NA,NA,NA,NA
"cyp2x9",NA,NA,NA,NA
"itpk1a",NA,NA,NA,NA
"BX255963.1",NA,NA,NA,NA
