"Gene","waldStat","df","pvalue","FDR","meanLogFC"
"rgcc",1780.56563620546,8,0,0,1.30764979661688
"ebf3a.1",1613.94212889833,8,0,0,1.60307402785969
"bmp6",1545.77504290405,8,0,0,2.30777349495634
"gpm6ab",1406.12403809614,8,0,0,2.81428933721852
"cdh6",1336.6067924709,8,0,0,1.43555158308191
"prox1a",1229.59302823399,8,0,0,1.98110872021096
"ralgapa2",1218.13877866904,8,0,0,1.52912802511237
"rbpjb",1111.27769052748,8,0,0,0.827411720077341
"ebf3a",1063.34682626134,8,0,0,1.19598830314416
"fn1a",1054.55973665605,8,0,0,3.27191225224928
"flt4",1047.94664983987,8,0,0,1.21197477465694
"cxcl12a",1035.48158737339,8,0,0,2.86948774579712
"ptmaa",1019.66608894424,8,0,0,1.17328965666617
"rab8b",994.507050837142,8,0,0,1.63074077285833
"edn1",960.084202810995,8,0,0,2.94805665950813
"igfbp1a",954.170680494885,8,0,0,3.56058031412157
"svild",938.597879686091,8,0,0,0.635715017552166
"add3a",925.00882497827,8,0,0,0.615092173821467
"emid1",924.549130053879,8,0,0,1.59941872791987
"cirbpa",882.977922958412,8,0,0,0.509201909251725
"si:ch211-222l21.1",873.315357280441,8,0,0,1.16827926544224
"nrp2a",866.098582673367,8,0,0,0.872148687605799
"afap1l1b",862.853717066927,8,0,0,0.798700485248937
"zeb2b",847.920520314495,8,0,0,1.80546793508827
"h3f3b.1",833.323472197363,8,0,0,0.479194125932617
"smad1",831.849011439823,8,0,0,1.46848627561526
"osr2",817.483021790888,8,0,0,3.12393805648217
"sdk1a",814.182309552538,8,0,0,3.20210412681671
"selenop",798.737105005017,8,0,0,1.24267417454704
"tubb2b",785.016787339152,8,0,0,0.678921338193023
"cebpb",781.584609678755,8,0,0,2.17295227814169
"mrc1b",768.747463975944,8,0,0,4.37570524804208
"hist1h4l.11",750.449248916611,8,0,0,0.841685472739933
"si:ch73-386h18.1",736.553704551625,8,0,0,0.772689747229539
"socs3a",715.079202173055,8,0,0,1.31355264483727
"celsr1b",707.535070164259,8,0,0,1.58429344488282
"adma",704.383560953332,8,0,0,2.81600876994983
"sema6e",701.175792026211,8,0,0,0.762818009621034
"rnf220a",698.367691376924,8,0,0,1.80932048268218
"tuba8l4",689.222602603865,8,0,0,0.480007622097508
"edn2",680.731508761008,8,0,0,4.31437280987012
"tanc2a",678.185192305499,8,0,0,0.92880275779815
"eya1",676.451339807508,8,0,0,1.54063508548607
"arpc5lb",676.049413833159,8,0,0,2.20902691794514
"pcna",653.89463705123,8,0,0,0.758730439852744
"nkd1",648.378853701561,8,0,0,2.11945096386934
"hmga1a",648.358424039383,8,0,0,0.466335178882875
"slit2",643.593662897412,8,0,0,2.07886524538475
"mafa",643.47054020471,8,0,0,1.20539377141581
"ptn",629.757855748632,8,0,0,1.86682355075989
"rbfox3a",629.172333655341,8,0,0,3.38855110241444
"exoc3l2a",621.520221415054,8,0,0,1.08492949895814
"stmn1a",620.770327504449,8,0,0,0.64819478954292
"bnc2",619.849558002058,8,0,0,0.702017476949613
"smad6b",615.8563769138,8,0,0,2.24985354636668
"setb",614.675150365704,8,0,0,0.496616784651046
"lyve1a",613.561655997057,8,0,0,2.59882376621204
"sparc",610.297985627874,8,0,0,0.683110909992565
"zgc:113363",607.249923621311,8,0,0,0.739536260183728
"arhgap36",589.295972333167,8,0,0,2.22609555992534
"nkain4",588.782851810542,8,0,0,1.92670281190803
"tgm2b",584.126958302226,8,0,0,2.68764439875148
"sema3fb",580.498683803238,8,0,0,2.59930936342705
"cldn11a",580.349065353968,8,0,0,1.1674183016573
"agap1",580.10915622275,8,0,0,0.440408134384781
"hnrnpabb",579.842451427836,8,0,0,0.454070351942959
"seta",577.843053452801,8,0,0,0.446987627354792
"LO018188.1",562.022129437113,8,0,0,2.41866262905902
"chd4a",559.654777483181,8,0,0,0.543340854042736
"hapln1b",559.632782114467,8,0,0,2.84705046926516
"trps1",558.0298570212,8,0,0,1.32142192184308
"akap12b",557.158626111577,8,0,0,0.771925629646503
"hspg2",555.968121549202,8,0,0,1.18738153627704
"anp32b",544.438801266051,8,0,0,0.466243472162319
"ddx39ab",543.321802723261,8,0,0,0.516052539945734
"BX537310.2",540.895585847461,8,0,0,2.56817286815363
"npm1a",540.261387039525,8,0,0,0.767945244277467
"igdcc3",539.103649954671,8,0,0,2.63333155724541
"krt94",534.559870288648,8,0,0,2.25135959145073
"ncl",532.040771524169,8,0,0,0.592303959849812
"hs3st3b1b",525.319026680621,8,0,0,1.18912883776177
"pxk",525.17669382932,8,0,0,1.67749465074486
"mcamb",524.318108338039,8,0,0,0.533861855206869
"eif4a1a",524.285954750596,8,0,0,0.475060170889166
"podxl",521.050427273971,8,0,0,0.836896903770917
"abcf1",520.144771407004,8,0,0,0.51923320411014
"macf1a",516.566401594884,8,0,0,0.760485714968652
"srgap1a",516.190055753056,8,0,0,0.871923130069669
"tubb4b",514.388256288397,8,0,0,0.357613363769804
"id2b",512.304878506516,8,0,0,2.63995546613463
"C7H16orf87",511.32442995742,8,0,0,1.10656660867862
"tshz2",511.062521766349,8,0,0,1.7246411778051
"myh10",500.691546827617,8,0,0,0.763702323617428
"got1",499.902232701648,8,0,0,2.66014064970819
"tfpia",499.01202244284,8,0,0,0.995379904132768
"tcp1",497.726854096036,8,0,0,0.616872610841894
"DAB2",497.299538021877,8,0,0,1.41458805265982
"daam1b",496.794487320076,8,0,0,0.814866762068236
"nfatc1",494.561240608769,8,0,0,0.916800524535009
"lgmn",493.332992916463,8,0,0,1.56436288580382
"ism2a",492.503953710463,8,0,0,3.17055674545999
"hist1h4l.16",488.65641860976,8,0,0,0.792628070345349
"pclaf",486.987361554076,8,0,0,0.765853404174733
"nhsl2",481.282261793723,8,0,0,1.33138614289513
"cbx3a",479.846782792958,8,0,0,0.423126570982495
"magi2a",476.622084790939,8,0,0,1.12683850553855
"prdx1",472.791737250252,8,0,0,1.39420036448239
"bahcc1b",472.127927247992,8,0,0,0.941018470350455
"rbbp4",471.811816376388,8,0,0,0.540625676484841
"chaf1a",470.982218556746,8,0,0,0.658978810533611
"gab2",464.899473122695,8,0,0,0.407422228241928
"grb10a",463.985452021079,8,0,0,0.482834758601768
"ranbp1",460.179282439225,8,0,0,0.463401171393481
"cd276",460.000220010881,8,0,0,0.595650633494071
"nr2f5",457.070821661053,8,0,0,2.42752296076886
"nap1l1",448.501467834037,8,0,0,0.421465741937169
"mycn",448.492743156727,8,0,0,0.974509311841586
"atrnl1a",446.488691923029,8,0,0,2.23234529107655
"CU929160.1",439.355834924425,8,0,0,2.19058423560375
"cthrc1a",437.81077618985,8,0,0,1.96040889387269
"adam12",436.362244167937,8,0,0,0.574203823219168
"crip2",434.378817229236,8,0,0,1.21261510058605
"postnb",433.767362059455,8,0,0,1.8076872058848
"nasp",423.709849879181,8,0,0,0.663083260605244
"meis2a.1",423.352850061828,8,0,0,1.65401759518614
"cycsb",422.85183340668,8,0,0,0.670055423793388
"cyp26b1",419.907314269372,8,0,0,0.93771435139963
"cgnl1",419.50080547052,8,0,0,0.464246925817427
"si:ch73-281n10.2",417.081227693475,8,0,0,0.584495518311206
"si:ch211-250c4.4",417.022341120323,8,0,0,1.8934898237629
"itga9",416.39820097784,8,0,0,0.802561969428785
"hmgb2b",416.247973615718,8,0,0,0.3626356201796
"sumo3b",416.014355877319,8,0,0,0.59466363178929
"lbr",415.681665924204,8,0,0,0.767435338035766
"UNC13B",415.102413809243,8,0,0,1.19784715988904
"hs6st3a",411.760072811744,8,0,0,4.09318927346392
"st6gal2a",409.931015426456,8,0,0,0.848466993580447
"hist1h4l.6",409.734722841576,8,0,0,0.727056099004528
"pa2g4b",408.867488621108,8,0,0,0.553483924934668
"zfpm2b",408.795020243126,8,0,0,1.33776681027864
"tcf12",408.518630508587,8,0,0,0.495737352422645
"kcnn1a",405.341253190909,8,0,0,1.78955945226748
"sox6",403.029070995038,8,0,0,1.93332108486353
"baz1b",399.979552260085,8,0,0,0.532591715703684
"nr5a2",399.600976205853,8,0,0,0.868336987647814
"pmp22b",398.95416513824,8,0,0,0.543145318211917
"tmem59l",398.540341456083,8,0,0,1.61301084101158
"strbp",398.097370859137,8,0,0,0.697383404205431
"cyp1a",393.388941717788,8,0,0,1.95061780366459
"snu13b",392.624281445158,8,0,0,0.597993688236113
"CABZ01066694.1",391.68896576674,8,0,0,1.05339754676181
"msna",390.934080332379,8,0,0,0.555630298625822
"glula",388.950816830559,8,0,0,1.52121983765963
"prmt1",381.099822229693,8,0,0,0.619143598272031
"ssrp1a",379.589903472861,8,0,0,0.572158373716253
"pa2g4a",373.960131936421,8,0,0,0.586062867931931
"bcl11aa",373.872064133819,8,0,0,1.22003309175295
"cnbpa",373.074104859352,8,0,0,0.472648082607864
"itga5",372.840847320009,8,0,0,0.553868825288435
"gdpd5b",372.788135981488,8,0,0,2.07381560698146
"galnt1",367.434840362164,8,0,0,0.783678947886716
"CR848683.2",366.809884394505,8,0,0,0.843024525137852
"bmpr1ab",364.58003658403,8,0,0,2.76833804135744
"tmem108",363.796747335288,8,0,0,0.652755115668164
"fabp3",363.110292971861,8,0,0,1.22573432090844
"prex2",362.722256376757,8,0,0,0.720135794072718
"prex1",362.698907417029,8,0,0,1.0704353756756
"eif3s10",362.384322523993,8,0,0,0.46948413907209
"hoxb8a",361.490836084715,8,0,0,2.1160016006487
"nop56",361.307325641223,8,0,0,0.468266385816234
"si:ch211-227m13.1",360.804847685037,8,0,0,2.01267185771117
"myo6b",359.91115878633,8,0,0,0.927617192657125
"nop58",359.736478638646,8,0,0,0.56778455165467
"g3bp1",354.804210183115,8,0,0,0.573882131133254
"plecb",353.390348699257,8,0,0,0.505447369484829
"hs6st1b",350.815458285881,8,0,0,1.68367391387957
"hmgb1b",349.972625888184,8,0,0,0.429364476048194
"jmjd1cb",347.188792940245,8,0,0,0.413368961545938
"pdzrn3b",346.492081406425,8,0,0,0.72129002386531
"spock3",343.471157269481,8,0,0,0.569104074563835
"diaph3",343.287314413364,8,0,0,1.8858233252822
"pknox2",342.948640428652,8,0,0,1.39124037954073
"kdm6bb",342.531487616344,8,0,0,0.503275454075634
"zgc:153409",340.554966332148,8,0,0,0.834191424702622
"efnb3b",339.661826478581,8,0,0,1.67129654864644
"nutf2l",339.501008557386,8,0,0,0.450455497835163
"etf1b",338.643230728229,8,0,0,0.477155561311752
"elk3",338.188056006595,8,0,0,0.75656786118544
"iqgap1",337.160919847032,8,0,0,0.353045144915208
"pdzd2",336.586951329165,8,0,0,1.10870615178385
"dkc1",335.264802569756,8,0,0,0.608501696583039
"nhp2",335.23188938506,8,0,0,0.575793770364914
"eif4g1a",334.502904955755,8,0,0,0.438482981249299
"fhl3a",332.982033857714,8,0,0,1.10863978622547
"pappab",332.971681096961,8,0,0,1.27353478315201
"atrx",331.73179796159,8,0,0,0.31119531398347
"hmgb2a",331.156402029239,8,0,0,0.440753049451747
"ipo7",329.469633387168,8,0,0,0.452323133661584
"fbl",328.792919749987,8,0,0,0.630228996455851
"aqp1a.1",326.274473542838,8,0,0,2.09268187248128
"cldn5b",325.007252398673,8,0,0,0.343639330615674
"si:dkey-108k21.10",323.437315880543,8,0,0,0.904572037261938
"kif26aa",321.874664235716,8,0,0,2.62617453547871
"tuba8l",319.565678336732,8,0,0,0.427749806666359
"rrm1",319.299846530034,8,0,0,0.613300105638582
"lpar1",319.008867753706,8,0,0,0.632614933192941
"lef1",318.251567201493,8,0,0,2.17142604285054
"glulb",316.612856385143,8,0,0,1.25930567564403
"gata4",316.567843923711,8,0,0,3.23920444665089
"mki67",316.0509870474,8,0,0,1.17568540826714
"meis1b",316.002248870156,8,0,0,1.44227445299886
"glceb",315.898204193952,8,0,0,1.48150304596353
"h2ax",315.535109427892,8,0,0,0.552004205190918
"tubb5",312.12507729719,8,0,0,0.646269335114569
"gars1",310.972904769904,8,0,0,0.499700173127008
"smarca4a",310.628283845872,8,0,0,0.386707807865155
"banf1",310.291172698132,8,0,0,0.39353521398498
"tenm4",309.962781752531,8,0,0,1.46263495865992
"smc2",307.33944151807,8,0,0,1.06376925438406
"tlx2",306.699761685623,8,0,0,3.00859719056378
"jarid2b",306.41905452268,8,0,0,0.713502234010334
"ppm1g",305.571737634105,8,0,0,0.530361160466126
"erfl3",301.949355855578,8,0,0,0.543095734562045
"mtss1lb",301.619779883591,8,0,0,1.56977818725981
"cav1",301.268747787007,8,0,0,0.942893652856901
"parp1",300.550806947948,8,0,0,0.703466253777802
"nop10",300.490399450016,8,0,0,0.626693567180336
"smap1",300.407495336817,8,0,0,0.535126152549442
"psd2",299.903014332247,8,0,0,0.663741164165548
"ahcy",299.703304412073,8,0,0,0.736180023724224
"npl",298.800670205697,8,0,0,1.59761928731893
"nectin1b",297.095615830385,8,0,0,0.937887587425384
"sema4c",294.550019763308,8,0,0,0.717817722513701
"ap1s3b",293.343185509576,8,0,0,2.19668597378008
"gpc6a",293.054501041194,8,0,0,2.07951725710072
"si:ch211-156b7.4",292.714928395101,8,0,0,0.609615085633324
"CABZ01086877.1",292.713309291786,8,0,0,2.54598307801516
"CABZ01075125.1",292.704050347258,8,0,0,1.65513402855997
"hspe1",292.6393259972,8,0,0,0.537558554994674
"hspd1",288.875815672272,8,0,0,0.521207993647688
"mibp",288.119463286203,8,0,0,0.991072904722183
"med6",287.406886495045,8,0,0,2.28374541044631
"dut",284.830476319308,8,0,0,0.489231531229838
"ssb",283.637096992746,8,0,0,0.685698105544661
"arid5b",282.151971713586,8,0,0,1.48268523324284
"eppk1",280.607688520063,8,0,0,0.921323106790343
"meox2a",279.545642077261,8,0,0,1.74920709087111
"fabp11a",278.177921152863,8,0,0,0.713769549198986
"bach2b",277.365077967175,8,0,0,0.703096370842389
"CABZ01058261.1",276.942806605738,8,0,0,0.937392740432208
"c1qbp",275.637196632291,8,0,0,0.598754578534095
"tcima",274.690991415648,8,0,0,1.41093966772848
"cpeb3",274.136318512886,8,0,0,0.966323323883589
"ube2c",274.123923908396,8,0,0,1.50833782515072
"adarb1b",273.698326703936,8,0,0,0.526812676365052
"ccn2a",270.574322817335,8,0,0,1.86912985460388
"si:ch211-288g17.3",269.876293872027,8,0,0,0.337248650217093
"smarca5",269.719112769122,8,0,0,0.576415840643524
"fen1",269.487589554539,8,0,0,0.605582982185892
"supt16h",269.213797246683,8,0,0,0.480074133374768
"zmiz1a",268.835273870764,8,0,0,0.566305288708014
"top2a",267.99762761319,8,0,0,1.18892830134326
"icn",267.786255963639,8,0,0,2.76386920356187
"fam169aa",265.719364861916,8,0,0,2.79412648531654
"fgf10b",264.907243377445,8,0,0,2.17245703814143
"coro2ba",263.557763540117,8,0,0,0.884551110050715
"wnt11",262.662708087181,8,0,0,2.74405201147355
"her6",262.397104608537,8,0,0,2.24553801927383
"osbpl10b",260.983217127847,8,0,0,1.78239599045153
"si:ch211-152c2.3",259.715146294902,8,0,0,2.4584584750264
"nop2",259.495078789796,8,0,0,0.681459904360497
"got2b",259.230859529948,8,0,0,0.843155982597474
"adka",259.034022240739,8,0,0,0.457412856115714
"exoc3l2b",258.582087832666,8,0,0,0.68585913111269
"ncapd2",257.704373386202,8,0,0,1.09617711604724
"BX284638.2",257.033306936688,8,0,0,0.397321660950339
"sox11a",255.977520752129,8,0,0,1.03669259607406
"kpna2",254.56551481038,8,0,0,1.50724273078409
"si:dkey-261m9.12",253.631738455839,8,0,0,1.03905446273591
"angpt1",253.5208298987,8,0,0,3.85558197552457
"rbms3",253.513158670282,8,0,0,0.743340726723992
"cdk1",252.635111385102,8,0,0,1.40228893109191
"smc4",252.386211296533,8,0,0,0.871620200822532
"SIPA1",252.345453107056,8,0,0,1.17482820423494
"hist1h2a6",252.267755062634,8,0,0,0.997941566710051
"CHST8",252.054800306835,8,0,0,1.17457848623047
"nfia",250.124271982902,8,0,0,0.659261601689597
"asf1ba",249.444240387267,8,0,0,0.857500472204775
"chl1a",247.773420355912,8,0,0,2.84933501961786
"abce1",246.659660608528,8,0,0,0.648106115448442
"peak1",246.25162412144,8,0,0,0.762649843761245
"dek",245.520326213324,8,0,0,0.587618893195395
"tuba1b",244.435892307976,8,0,0,0.748262299049265
"kcnq5b",242.584911589249,8,0,0,1.37818991301046
"mcm6",242.328077794048,8,0,0,0.560237498966152
"mad2l1",242.131565456429,8,0,0,1.47692316799578
"CABZ01005379.1",242.002460402901,8,0,0,0.626471355458622
"lig1",241.644178035357,8,0,0,0.54698374501581
"pcdh17",241.247097635901,8,0,0,0.463606392834238
"kif20a",240.878978806907,8,0,0,1.96118211608088
"si:ch73-22o12.1",238.919231691321,8,0,0,0.374369666498993
"srrt",238.775372114998,8,0,0,0.486308766638418
"si:ch211-107n13.1",238.396011210929,8,0,0,0.715417265586155
"itga8",238.368683764031,8,0,0,2.12843623689593
"si:ch211-113a14.19.2",238.147032182669,8,0,0,0.886344500594061
"tiparp",238.135631040797,8,0,0,0.924010769242717
"bcl6b",237.356741034839,8,0,0,0.441371141212129
"gadd45ab",235.880011457873,8,0,0,1.21487847580406
"colec12",235.831128835736,8,0,0,0.849908005459408
"zfpm2a",235.357199804117,8,0,0,0.641106447726001
"si:ch211-113a14.12",234.86624663815,8,0,0,0.671560550801388
"hirip3",234.70170054711,8,0,0,0.711978485428485
"pxdn",234.690003728246,8,0,0,1.19968147756664
"zgc:173552.3",232.936522586461,8,0,0,0.850109722889935
"gli2a",232.876699836321,8,0,0,0.595246586813999
"atp8a1",232.511638465533,8,0,0,1.275293912114
"nav2a",232.396354592259,8,0,0,1.28693292781819
"si:ch211-51a6.2",232.263027725095,8,0,0,2.68386255244961
"arpp19b",231.951302059048,8,0,0,0.543192216533317
"lhfpl6",231.490682396421,8,0,0,1.55213206997737
"mical2a",231.072271623363,8,0,0,0.576826581640301
"nrp2b",230.991651554206,8,0,0,0.283599809464511
"mybbp1a",230.808577126109,8,0,0,0.613298050988166
"dlgap5",230.677973651754,8,0,0,1.07787993120606
"myo1b",230.38758937036,8,0,0,0.458800950118245
"hist2h2l",230.029387790449,8,0,0,0.730440614939746
"zgc:110540",229.91693798278,8,0,0,0.939481007303763
"mmrn2a",229.860647756201,8,0,0,0.970430045856094
"eya2",228.339770827499,8,0,0,0.699886142374236
"traf4a",227.823665645707,8,0,0,0.996895217374407
"CR936977.2",227.304786090268,8,0,0,0.649892342126535
"nkd2a",225.195920920912,8,0,0,2.10618843654012
"rrm2.1",224.988878453864,8,0,0,0.69254480112135
"si:ch211-113a14.18",224.804023167472,8,0,0,1.03981529226127
"itga4",224.19685498956,8,0,0,0.997220628013843
"slbp",224.096492013209,8,0,0,0.621618757458458
"dgkg",223.789318820056,8,0,0,2.11013713508393
"prim2",223.363953955035,8,0,0,0.659511683269768
"cyp1c1",223.164252959607,8,0,0,3.59128607195686
"wwtr1",222.723126774518,8,0,0,0.413476257438349
"grin2bb",222.502648756646,8,0,0,2.43355639608993
"cenpf",222.344679057107,8,0,0,1.38941118906245
"ccna2",221.660018776457,8,0,0,1.39828712217567
"enpp1",221.030165583711,8,0,0,0.559134468772582
"rcn3",219.76390045945,8,0,0,0.315221237633267
"cdca5",219.755546418042,8,0,0,1.28910102585865
"DOCK9",219.293724291588,8,0,0,1.36866744662113
"tpx2",218.922864933613,8,0,0,1.34116872533569
"LO017938.1",218.922133345436,8,0,0,1.17858886402808
"ctcf",218.881198727715,8,0,0,0.533432258409167
"hist1h4l.20",218.747264310891,8,0,0,0.902697678229479
"rrm2",216.187716871816,8,0,0,0.750355450491866
"ccdc80l2",215.025234110593,8,0,0,3.67234175005272
"dnmt1",212.970778897453,8,0,0,0.584095475756478
"cks1b",212.567178193434,8,0,0,0.974065946437369
"dhfr",212.146022358362,8,0,0,0.827141649520655
"epas1b",211.825234374974,8,0,0,1.02338693026197
"si:ch211-208k15.1",211.382864398806,8,0,0,1.85714740621603
"dhrs3b",211.334989574959,8,0,0,1.98561491404025
"gnl3",208.980359838266,8,0,0,0.62492345311722
"dll4",207.901622099435,8,0,0,0.749346027591465
"MAGI3",207.805116861005,8,0,0,0.667358494277126
"mcm2",207.666076240749,8,0,0,0.485993720213042
"tiam1a",207.388579741722,8,0,0,2.10941643951844
"hapln3",207.184020462057,8,0,0,1.07979886671123
"bub3",206.495393782507,8,0,0,0.659554935166773
"kif26ab",206.481932667693,8,0,0,0.792693766315637
"plxna2",205.800205496955,8,0,0,0.454660305359443
"sema3fa",205.027482122368,8,0,0,1.21270612346341
"diaph2",204.949566757776,8,0,0,0.575839111735369
"aurkb",204.695778188103,8,0,0,0.865445713185862
"nifk",204.2200200912,8,0,0,0.636569297799493
"col8a2",204.184496914765,8,0,0,1.36855906467566
"pbx1b",204.022484572148,8,0,0,1.09017370069622
"aspm",203.992612066406,8,0,0,1.53195507445364
"plk1",203.226539360302,8,0,0,1.35024690482612
"spsb4a",202.411467508851,8,0,0,0.487481671504337
"ruvbl1",201.704678009013,8,0,0,0.583028293357864
"tgfbr3",201.464518200371,8,0,0,1.18837385225438
"bmp1a",201.01357545583,8,0,0,0.516104439636369
"adam8a",200.918690935128,8,0,0,1.26045104005183
"adgra2",200.862146878688,8,0,0,0.398935053965634
"hells",200.688475108155,8,0,0,0.561214077686774
"nhsl1b",200.175504310287,8,0,0,0.495368148549168
"si:ch73-364h19.1",199.836003122976,8,0,0,1.27967068733534
"si:ch211-161h7.4",199.31066214229,8,0,0,0.727083029736359
"samd11",199.134225232974,8,0,0,0.598694597143262
"mcm3",197.671311534123,8,0,0,0.585920397644406
"ptprga",197.586434390959,8,0,0,0.386168569461534
"col4a1",197.566146907225,8,0,0,0.823887252377839
"cebpd",196.883028210554,8,0,0,0.878141920619123
"si:ch211-69g19.2",196.877775606164,8,0,0,2.31885433732083
"si:ch211-119e14.1",196.51976580567,8,0,0,2.3109343701297
"si:ch211-147k10.5",196.415618983146,8,0,0,1.02226295804781
"hdac4",196.325807189925,8,0,0,0.486338720692223
"klf6a",196.062838924869,8,0,0,0.33480010761527
"rgs3b",195.533046350312,8,0,0,0.580026666110001
"hspa5",195.427925584475,8,0,0,0.384686851586545
"esco2",195.184514948055,8,0,0,1.11952456618461
"arhgap27",193.742322752041,8,0,0,2.58339293145332
"zgc:153405",193.545586963103,8,0,0,1.06693466561789
"thbs1b",193.517043840983,8,0,0,0.857941890533791
"lyar",193.495747379896,8,0,0,0.585353160446795
"mprip",193.292871448478,8,0,0,0.619896154916585
"nuf2",193.091397613831,8,0,0,1.93029985934818
"MAN1C1",192.510921643532,8,0,0,1.31542134195381
"pola1",191.323906937496,8,0,0,0.54491788158315
"atad2",191.287617053329,8,0,0,0.673139599322817
"sinhcafl.1",190.944107073674,8,0,0,0.601392389132581
"kpnb3",190.710807101679,8,0,0,0.436336769452279
"zgc:110425",190.534496522038,8,0,0,0.527354622729176
"si:dkey-108k21.21",190.137686971643,8,0,0,0.875315407734916
"atf3",189.603621392585,8,0,0,0.716319121554351
"si:ch211-113a14.24",189.006803590727,8,0,0,0.996822281866623
"ttk",187.896498829652,8,0,0,1.21803561373652
"aopep",187.854540988631,8,0,0,0.663188725421246
"kif11",187.517861664935,8,0,0,1.51628151710315
"fam110b",186.974747874417,8,0,0,1.87532906608338
"hspa9",186.426012004858,8,0,0,0.48765834060655
"mcm5",186.218157905617,8,0,0,0.531484201909105
"ncapg",185.789424835568,8,0,0,0.882675638114809
"lrrc15",184.737917895709,8,0,0,2.38678285145967
"zgc:194989",184.54595938292,8,0,0,0.578190292364501
"hk1",184.353143267137,8,0,0,0.816234397565214
"pold1",184.310233369986,8,0,0,0.653668975214522
"col4a2",183.999719052238,8,0,0,0.580202713350666
"igfbp2a",183.531198198985,8,0,0,3.92671038059074
"UTP14C",183.12005552008,8,0,0,0.608092264288654
"sh3gl3a",182.959963390136,8,0,0,0.729439032207965
"zgc:194398",182.890702027852,8,0,0,2.53880828966142
"kifc1",182.1297373607,8,0,0,2.06618106559111
"ace",182.050830954335,8,0,0,1.99770729142281
"oaz2a",181.771423747752,8,0,0,0.615047421875416
"cd82a",180.905573349617,8,0,0,1.42772681121544
"cd81b",179.486908258238,8,0,0,0.729090897473708
"bms1",179.201347124525,8,0,0,0.65631557061625
"jupb",179.189072341064,8,0,0,1.13543996951785
"dnajc9",178.497938585854,8,0,0,0.503867717269668
"cenpe",178.262154345455,8,0,0,1.66104004160088
"zeb1b",176.84577001869,8,0,0,0.740157701369312
"creb5b",176.692189781321,8,0,0,0.956715265416461
"slco2b1",176.620643175771,8,0,0,4.10522379771177
"hmmr",176.575573741122,8,0,0,2.58414564711629
"flt1",176.419256003558,8,0,0,0.878173692029644
"ctdp1",176.375384228894,8,0,0,0.389324433336308
"nusap1",176.345521104237,8,0,0,1.5131004289894
"si:ch211-210g13.5",174.682285654498,8,0,0,0.858380643197775
"meox1",173.721238017263,8,0,0,2.92435995081041
"pbx3b",172.917610458135,8,0,0,2.07415766363983
"syne1b",172.423052054715,8,0,0,1.1001487504998
"cad",172.310027673858,8,0,0,0.729699840231546
"hist1h4l.10",171.973810037436,8,0,0,0.601588896441689
"e2f8",171.005880731441,8,0,0,0.845258231041147
"irx3b",170.688232531023,8,0,0,3.2802132255643
"mid2",169.860622524448,8,0,0,0.985848775509477
"msh6",169.809521668965,8,0,0,0.577606783715632
"iqsec2a",169.686137373661,8,0,0,0.60300057829181
"adgrl3.1",169.011175722957,8,0,0,0.643942300940587
"cdc20",168.868666277768,8,0,0,1.56255950884783
"ccnb1",168.642286436352,8,0,0,1.57446222628583
"gmps",167.768975243627,8,0,0,0.549856837643847
"fbxo5",167.456014831204,8,0,0,1.49805575629897
"foxl2b",167.220680697609,8,0,0,3.03499196694703
"ccdc120",165.186297866072,8,0,0,2.00908457760263
"agrn",165.160969371115,8,0,0,1.05777469386671
"shmt1",164.929361463504,8,0,0,0.635455880466022
"nolc1",164.694147547836,8,0,0,0.516504251926069
"si:dkey-30c15.10",163.979340124861,8,0,0,1.26918872813941
"si:dkey-220k22.1",163.947805417513,8,0,0,1.06196037986136
"ppp1r1c",163.914358592658,8,0,0,1.12411367335246
"kif20bb",163.687546899735,8,0,0,1.28689781405306
"postna",163.311804712359,8,0,0,2.78242302740357
"CABZ01079281.1",163.268348057935,8,0,0,1.64494226075672
"wdr43",162.44155221975,8,0,0,0.5948751315858
"snx22",162.001357783154,8,0,0,1.08595525802202
"kif22",161.216545308425,8,0,0,1.00337226004413
"cacna1aa",161.062818749117,8,0,0,2.55424214352246
"metrnla",160.647816969211,8,0,0,0.541233335389111
"ncam2",160.490667998032,8,0,0,1.91047514215147
"ccnf",160.413894659188,8,0,0,2.15988799060012
"cita",160.344260508706,8,0,0,2.05050877524649
"nav3",159.607206287434,8,0,0,1.65916767189958
"hoxc3a",159.45923254076,8,0,0,4.01065864240452
"mmp15b",158.045235928889,8,0,0,1.43858928445139
"pear1",158.014052635155,8,0,0,0.495247779636512
"pbk",157.791146172226,8,0,0,1.11702897532802
"ccn1",157.522903112877,8,0,0,1.62028662791717
"rhag",156.508074452492,8,0,0,2.51992318941062
"abtb2b",156.31588118706,8,0,0,1.80557427591941
"lrpprc",155.972818914018,8,0,0,0.581685665069364
"gria4a",154.719744274293,8,0,0,0.558584968761041
"atad5a",154.604711637415,8,0,0,0.730111944856805
"caskin1",154.439437012312,8,0,0,0.690677417322956
"ncaph",153.082159885702,8,0,0,1.41684138782851
"dip2a",152.652434510131,8,0,0,0.405926181196933
"pitpnm3",152.522609666255,8,0,0,1.21892153120796
"birc5a",151.486420406188,8,0,0,1.76032974926432
"tshz3b",151.45487555678,8,0,0,1.30729554269551
"hist2h3c",151.033701179145,8,0,0,0.962840522278345
"ablim3",150.904204461897,8,0,0,1.15416010095226
"spdl1",150.627113574373,8,0,0,1.27028059591764
"cdca8",150.001591777678,8,0,0,1.38141391877174
"CKS2",149.803261570015,8,0,0,0.687881222664199
"adgrb1a",149.309858602892,8,0,0,0.983363385306065
"noc2l",148.996815669517,8,0,0,0.683704437461294
"notum1a",148.616694884817,8,0,0,4.24577012307141
"aff2",148.451072984819,8,0,0,0.600386970059519
"fnbp1b",148.129530515455,8,0,0,1.22543780969706
"kif15",147.514163526526,8,0,0,0.675594428262356
"hmgn2",147.497216908245,8,0,0,0.236331229721958
"smurf2",147.351590760812,8,0,0,0.366568699443379
"mpp2b",147.308686975997,8,0,0,2.44650122991104
"ptprub",147.230397552715,8,0,0,0.964409643518276
"cdca7a",147.149691132443,8,0,0,0.603539730757713
"chtf18",147.096986767071,8,0,0,0.874587297297157
"uacab",146.755049671754,8,0,0,1.33855998574882
"dip2ca",146.180645902199,8,0,0,0.48286196108881
"haus4",145.585204614524,8,0,0,0.951962921913649
"ccnd1",144.822693478108,8,0,0,0.355520788289422
"thrab",144.755108528409,8,0,0,0.478601646519651
"FRMD1",144.66018490966,8,0,0,3.38825677227082
"mtss1la",144.20955892759,8,0,0,0.898704512199508
"pdlim2",143.954731765968,8,0,0,1.70371266833104
"racgap1",143.941861022522,8,0,0,1.66715598424759
"numa1",143.894170494762,8,0,0,1.21609814422896
"FP236630.1",143.679723439145,8,0,0,1.28028844349176
"etv1",143.641884626881,8,0,0,1.14967676353108
"kif4",143.5585414787,8,0,0,1.38750834996354
"efemp2b",142.918010495468,8,0,0,1.24040083848671
"calcrla",142.846738611889,8,0,0,0.483601405819997
"abcc2",142.284237476286,8,0,0,1.5302351950214
"zgc:86764",141.7014201506,8,0,0,1.04881282953748
"vipr2",141.062321827153,8,0,0,1.73879041573464
"rrs1",139.909600867606,8,0,0,0.601047250894744
"ZNF423",139.248939727079,8,0,0,0.351076540878848
"tyms",138.975366342605,8,0,0,0.608516339142261
"si:dkey-102m7.3",138.802008565018,8,0,0,0.520633647696467
"rgs5b",138.675557008737,8,0,0,2.27781137971267
"phgdh",138.08276372092,8,0,0,0.765747396527392
"cdc14b",137.857174598347,8,0,0,0.921681488381512
"si:dkey-6i22.5",137.056473462281,8,0,0,0.714504833072744
"nsd2",136.782083971895,8,0,0,0.658022745086214
"ntn1b",136.48114020089,8,0,0,1.95746144212258
"si:ch1073-268j14.1",136.328532797178,8,0,0,2.48566935513454
"gpatch4",135.823532310059,8,0,0,0.56630862706582
"pole",135.325449076081,8,0,0,0.770335357387326
"rad51",135.026246661504,8,0,0,0.56821809421337
"zbtb16b",134.711386593015,8,0,0,1.78342469590969
"eva1ba",134.498450577791,8,0,0,0.995216931928265
"aurka",134.248665430546,8,0,0,1.5035939315313
"tmeff2a",134.108522682826,8,0,0,1.9942118630686
"ccne2",134.069142887658,8,0,0,0.940531294418967
"prkcbb",133.964167425489,8,0,0,2.60718927006122
"si:ch211-117c9.5",133.645614277049,8,0,0,2.29968295410303
"igfbp3",133.572418596944,8,0,0,1.8507536456026
"slc4a7",133.508565871282,8,0,0,0.405991808511754
"kntc1",133.243178238441,8,0,0,1.27205217544332
"ercc6l",133.087717534662,8,0,0,1.11254770514797
"aif1l",132.971238408359,8,0,0,0.751571031423213
"ATP8A1",132.697099640931,8,0,0,1.13409581620934
"mtf2",131.871636991283,8,0,0,0.772679239619456
"kif2c",131.797235492443,8,0,0,1.51140119627932
"ablim2",131.669532825276,8,0,0,1.90885587046385
"anln",130.991850505917,8,0,0,1.28999126912345
"chaf1b",130.879139873007,8,0,0,0.783066124414109
"ube2t",129.818869464406,8,0,0,1.07738227980108
"gar1",129.723632786389,8,0,0,0.514594415166934
"foxo3b",129.154459731795,8,0,0,0.871392387890386
"pkdcca",128.743199159434,8,0,0,0.738953264645761
"tpra",128.61087297303,8,0,0,0.455741175138461
"ckap2l",128.46043671642,8,0,0,1.89288698370261
"larp4ab",128.443360380466,8,0,0,0.561701998948173
"ppp1r14ab",128.316713357634,8,0,0,1.63036061214083
"dock9b",128.018776988655,8,0,0,1.78858881091905
"si:ch1073-153i20.4",127.964418017314,8,0,0,0.868822353745045
"sema3d",127.962486037014,8,0,0,2.00736785798473
"hdac9b",127.10347347559,8,0,0,1.75324278131703
"si:ch211-244o22.2",126.296418092292,8,0,0,0.880307885420456
"ccnb3",126.158005663764,8,0,0,2.32697518683884
"cryba1l1",125.896355073243,8,0,0,2.42018136647434
"odc1",125.883137075407,8,0,0,0.379491280492974
"rgs4",125.867476198502,8,0,0,2.3661507107001
"prc1a",125.776627092517,8,0,0,1.5989214679124
"CABZ01044099.1",125.748119790521,8,0,0,0.236683110515137
"plekha1b",125.729952940158,8,0,0,0.973996515363256
"vav3b.1",125.554062085424,8,0,0,2.32483174590816
"ackr3b",125.460976855085,8,0,0,1.25687840874705
"dnmt3bb.1",125.430748471726,8,0,0,0.5367789450663
"robo3",125.136614728473,8,0,0,1.14426674403741
"tacc3",124.825484825821,8,0,0,1.76213711827234
"loxl3b",124.559287184203,8,0,0,0.524407912936811
"CABZ01061591.1",124.402769777557,8,0,0,1.06519180520498
"prc1b",124.201993062707,8,0,0,2.07830234374457
"si:dkey-25o16.4",123.780215304188,8,0,0,1.87945161016845
"bub1bb",123.319566588869,8,0,0,1.95161537131029
"tspan18a",122.933135075833,8,0,0,1.8154892602809
"si:ch211-266i6.3",122.609420430453,8,0,0,1.71821216840795
"fkbp1ab",122.396935953353,8,0,0,0.612587307854571
"pcdh1b",122.378757779256,8,0,0,0.510679354490356
"tomm40l",122.104356232822,8,0,0,0.60890663150135
"CABZ01076275.1",121.941948231675,8,0,0,1.40732931092069
"hist1h2a11.2",121.789976989382,8,0,0,1.14449512818197
"CU467961.1",121.399195671778,8,0,0,0.228839005395244
"ppan",121.200365230175,8,0,0,0.642877054004731
"zgc:173552",121.151019945295,8,0,0,0.969173459346705
"si:ch73-36p18.1",121.150437673489,8,0,0,0.917585601032328
"kremen1",121.1182819169,8,0,0,2.9411405927461
"ckap5",120.787427541954,8,0,0,0.650877580670612
"bcl3",120.754447304814,8,0,0,1.60067795795513
"baiap2a",120.347398456944,8,0,0,0.367273517626702
"kmt5ab",120.180727905249,8,0,0,2.14611190849224
"knl1",119.884015416841,8,0,0,1.73633476332631
"CU457819.1",119.743133116887,8,0,0,1.03790709731599
"si:dkey-163f12.11",119.207845711983,8,0,0,4.92198127273354
"bop1",118.983004773097,8,0,0,0.631199794284669
"agtr1b",118.642044655235,8,0,0,2.06605323527686
"si:dkey-23a13.17",118.63277754842,8,0,0,0.880215856053296
"npr1b",117.905556225391,8,0,0,1.45572870802473
"g2e3",117.566736365167,8,0,0,1.51751931455802
"cntln",117.505692454689,8,0,0,0.938141340868746
"ndc80",117.477082157998,8,0,0,1.07230430859087
"ppp1r14aa",117.345762733969,8,0,0,2.14180860676253
"bub1ba",117.27945534743,8,0,0,1.79344825220966
"iqsec1b",117.054506352293,8,0,0,0.427248841502166
"zgc:173587",116.959222564841,8,0,0,1.05540180552842
"rad18",116.890483670495,8,0,0,0.58943250947191
"ppp1r9ala",116.798530082756,8,0,0,0.448346658508729
"atp11c",116.720494849881,8,0,0,1.0783364354976
"cdc6",116.688534792818,8,0,0,0.662247086005245
"sat1a.1",116.61911447031,8,0,0,1.88666199899756
"rbpms2b",116.368121848925,8,0,0,1.34115633499904
"myh9a",116.027110296132,8,0,0,0.926379920267024
"sox5",115.388410911292,8,0,0,2.0368932632172
"pes",115.018241251824,8,0,0,0.524181551592699
"pcnx1",114.96738492791,8,0,0,1.10573838124452
"wdhd1",114.928906971626,8,0,0,0.663230835290473
"dnase1l4.1",114.872331125198,8,0,0,2.76981550235786
"zgc:113983",114.796669298103,8,0,0,1.0884186199819
"si:ch211-285f17.1",114.208544980537,8,0,0,0.517555057858337
"pik3r6a",114.189242732177,8,0,0,2.81960994459429
"mxd3",114.162732909656,8,0,0,0.389243442964705
"frem2a",114.125984864926,8,0,0,1.20599366863286
"arhgap11a",114.112225985815,8,0,0,1.57596279895089
"cep112",114.075814625809,8,0,0,1.2127343359176
"tnika",113.967560088586,8,0,0,0.734246655465926
"si:ch211-113a14.11",113.465094520393,8,0,0,1.11927663886354
"vash2",113.4500863309,8,0,0,0.32120446330402
"egr1",113.43754443256,8,0,0,0.794004326176542
"ube2s",112.735117799547,8,0,0,1.14037174846467
"tuba1a",112.656846708637,8,0,0,0.833649893898203
"hist1h2a3.1",112.6247730739,8,0,0,1.36589510990026
"hist1h4l.14",112.438249999435,8,0,0,0.928191101580408
"march8",112.265611677848,8,0,0,0.399015311032
"pum3",111.940110876672,8,0,0,0.581976993359474
"kif14",111.85629927665,8,0,0,2.1248323520934
"her9",111.778179582846,8,0,0,1.81893584844216
"armc1l",111.654388085385,8,0,0,1.05795110918355
"si:dkey-185e18.7",111.132123827473,8,0,0,0.75003427792475
"fosb",111.005293512672,8,0,0,0.59942111016883
"kirrel3a",110.985795997605,8,0,0,1.18663152868451
"pdcd11",110.853949278365,8,0,0,0.684231813009142
"ptprua",110.507858598556,8,0,0,1.09066202637761
"cks2",110.10645488726,8,0,0,1.46294228643683
"tmem204",110.088286592669,8,0,0,1.07891951371413
"unga",109.861758146437,8,0,0,0.657835726578419
"si:dkey-239h2.3",108.99966184141,8,0,0,0.542102849556765
"slc38a2",108.932022280636,8,0,0,0.374140304717376
"sptbn2",108.863632784937,8,0,0,0.930320046710928
"CABZ01026153.1",108.591950553481,8,0,0,1.69603229099665
"kif23",108.383717594539,8,0,0,1.47559670723166
"ect2",108.105374390962,8,0,0,1.53133043387565
"arid3c",108.000812392963,8,0,0,0.332639196302317
"ccdc3b",107.632885890955,8,0,0,1.57310177106178
"e2f7",107.600846671584,8,0,0,0.960380730238382
"zcchc7",107.486826919145,8,0,0,0.480730742878611
"shc1",107.04350207065,8,0,0,0.442383254045418
"fat3a",106.940211566827,8,0,0,1.20727172906155
"enox2",106.923264311109,8,0,0,0.618104150906487
"rgs12a",106.63362260331,8,0,0,1.94436113395671
"mybl2b",106.553226069449,8,0,0,1.09599170447112
"rbpms2a",106.526028215413,8,0,0,0.715119136108323
"si:dkey-172h23.2",106.390734748183,8,0,0,0.772262291116806
"si:ch211-126c2.4",106.317624853679,8,0,0,1.52704969092774
"efnb2a",105.954645492261,8,0,0,0.678944023666847
"ssbp2",105.519748866044,8,0,0,1.95764309272406
"ngfb",105.500082112997,8,0,0,2.20011723285401
"pola2",105.328479667207,8,0,0,0.567731282331468
"cfd",105.262252656529,8,0,0,1.19017778456834
"pgfb",105.066122945982,8,0,0,1.40256794416872
"si:dkey-79d12.6",104.979052744369,8,0,0,1.3192619073133
"prr11",104.975525870945,8,0,0,2.03795866428427
"sox7",104.920256915478,8,0,0,0.501285488404845
"kcnq5a",104.819044944072,8,0,0,0.661536824605002
"spc24",104.537259106573,8,0,0,0.832893011600392
"epha4a",104.507099602904,8,0,0,1.78142625737097
"kif20ba",104.379240888268,8,0,0,1.74869576675618
"dnajc21",104.318886385747,8,0,0,0.513906774736668
"hist1h2a1",103.816856806043,8,0,0,0.980476204773666
"hist1h2a11.4",103.816467810768,8,0,0,0.964696875727779
"si:dkey-88l16.3",103.807872912665,8,0,0,1.86375547734506
"afap1l1a",103.755866471159,8,0,0,0.796633294723914
"usp36",103.686127900133,8,0,0,0.593730452849174
"CR762436.2",103.105582297039,8,0,0,1.48329168250583
"hist1h2a3.4",102.77926205264,8,0,0,1.09456213189097
"pdgfra",102.71230027361,8,0,0,1.76439154467471
"mcm10",102.697519899726,8,0,0,0.938515930947778
"tmem198b",102.569192558355,8,0,0,0.539608617615002
"loxl2a",102.315564269724,8,0,0,0.979527896486987
"twistnb",102.312154453699,8,0,0,0.533157464114409
"kif18a",101.853984731175,8,0,0,1.85429786464979
"nol4lb",101.839223823678,8,0,0,0.613468703038833
"sema6bb",101.212084490451,8,0,0,1.20551569789156
"myca",101.071460025323,8,0,0,2.01779247286492
"dchs1b",100.842461362093,8,0,0,0.380080537459949
"rnd3a",100.650649641884,8,0,0,0.792617893724353
"kalrnb",100.465925600355,8,0,0,0.864351149181828
"fbln2",100.431267555354,8,0,0,0.685479203195748
"bard1",100.173450125723,8,0,0,1.4820331303434
"slc7a3a",100.092683644766,8,0,0,0.780681218279519
"pcdh15b",99.8406301537576,8,0,0,3.35087202639465
"abi3bpb",99.5717988323428,8,0,0,3.38780760947645
"spc25",99.5239223144535,8,0,0,0.638662489419951
"gulp1a",99.1294302390841,8,0,0,1.72250866981982
"CABZ01021592.1",99.0360976445466,8,0,0,0.381719046524205
"apln",98.8512418640968,8,0,0,0.850292993634022
"cxcl14",98.8473333771716,8,0,0,4.14122152495372
"emp3b",98.3639141080488,8,0,0,2.34273440884619
"cenpt",98.2160816785054,8,0,0,1.45794080254462
"ankrd13b",97.9725913261323,8,0,0,1.20916922472079
"CU302436.1",97.4968105285477,8,0,0,1.01947529337026
"cxadr",97.2479113041212,8,0,0,0.996756411119092
"si:ch211-156j22.4",97.1680129707374,8,0,0,1.58971793396399
"utp3",97.0655459459158,8,0,0,0.488440757447721
"si:dkeyp-26a9.2",97.0459206444415,8,0,0,1.72577931129412
"p4ha1b",97.0189063587674,8,0,0,0.880341262018424
"si:ch1073-153i20.5",96.8751524364604,8,0,0,1.15797968869704
"nr4a1",96.8509641209572,8,0,0,1.3977516476722
"plekhg4",96.8157321625314,8,0,0,1.81614569012652
"CABZ01068358.1",96.7416246297761,8,0,0,1.83483496178271
"lrp8",96.6122137074653,8,0,0,1.42068308336028
"baz1a.1",96.0399434026116,8,0,0,0.509151086271089
"fhl1b",96.0343600435373,8,0,0,0.794913154607076
"zfhx4",95.8538588175418,8,0,0,1.10530953537074
"dcbld1",95.5627867698347,8,0,0,0.626408194303934
"hist1h2a11.1",95.3700058236304,8,0,0,1.2188325347835
"zgc:194627",95.0508385140898,8,0,0,1.92110562602176
"chsy1",94.4912065249037,8,1.11022302462516e-16,2.42098371600198e-16,0.903041763259151
"p3h2",94.4774521017036,8,1.11022302462516e-16,2.42098371600198e-16,1.17963983747111
"dck",94.3557724950982,8,1.11022302462516e-16,2.42098371600198e-16,0.761145519180804
"hist1h2a5",93.9347852052624,8,1.11022302462516e-16,2.42098371600198e-16,1.14758784981887
"gpc1b",93.7006948262972,8,1.11022302462516e-16,2.42098371600198e-16,1.3050964723664
"s100a10b",93.518002630221,8,1.11022302462516e-16,2.42098371600198e-16,1.45633319978967
"CU459186.5",93.3855428913243,8,1.11022302462516e-16,2.42098371600198e-16,1.03793563773155
"nfixa",93.3230516386508,8,1.11022302462516e-16,2.42098371600198e-16,1.80972119206584
"dusp19b",93.2635273477682,8,1.11022302462516e-16,2.42098371600198e-16,0.853438065135464
"si:dkey-230p4.1",93.2303065610902,8,1.11022302462516e-16,2.42098371600198e-16,0.389779358577628
"poc1b",93.2007399229789,8,1.11022302462516e-16,2.42098371600198e-16,0.774951784029162
"taok3a",93.0888010992096,8,1.11022302462516e-16,2.42098371600198e-16,0.837399624240273
"depdc1a",93.0418777335782,8,1.11022302462516e-16,2.42098371600198e-16,2.07623338281765
"cxcl18b",92.8922481385447,8,1.11022302462516e-16,2.42098371600198e-16,1.99290310168766
"espl1",92.3572328314313,8,1.11022302462516e-16,2.42098371600198e-16,1.20903267887088
"ephb1",92.2932180043569,8,1.11022302462516e-16,2.42098371600198e-16,1.77795473882952
"znfl2a",92.2683178578573,8,1.11022302462516e-16,2.42098371600198e-16,2.27463083917333
"ptprfb",92.2515469691047,8,1.11022302462516e-16,2.42098371600198e-16,0.614313019372762
"dnmt3ba",92.1134268159017,8,2.22044604925031e-16,4.79800663819847e-16,0.534205260582753
"si:ch73-368j24.11",91.9205802205486,8,2.22044604925031e-16,4.79800663819847e-16,2.30336255056178
"tspan2a",91.8361564044635,8,2.22044604925031e-16,4.79800663819847e-16,0.733509333085644
"im:7151449",91.5636693104259,8,2.22044604925031e-16,4.79800663819847e-16,0.686955825693411
"cenpp",91.4278848067661,8,2.22044604925031e-16,4.79800663819847e-16,0.943013569286113
"iqgap3",91.1564188236026,8,2.22044604925031e-16,4.79800663819847e-16,2.82397276156394
"melk",91.1294754906797,8,2.22044604925031e-16,4.79800663819847e-16,1.55246481158454
"lrmda",91.0693980091708,8,3.33066907387547e-16,7.17838897422578e-16,0.541937104322052
"hoxb9a",90.8283151043775,8,3.33066907387547e-16,7.17838897422578e-16,4.46111935249774
"zranb3",90.3325783130254,8,4.44089209850063e-16,9.53418329394593e-16,0.759626427392631
"heatr1",90.3210986389985,8,4.44089209850063e-16,9.53418329394593e-16,0.634947618147294
"klhl5",90.2095100597241,8,4.44089209850063e-16,9.53418329394593e-16,0.473304633448427
"mpped2a",89.5645451277537,8,5.55111512312578e-16,1.19023909847201e-15,0.597389049802022
"mgat4b",89.0536800545587,8,7.7715611723761e-16,1.66205659989455e-15,1.07023075427626
"meis1a",88.9768462257169,8,7.7715611723761e-16,1.66205659989455e-15,1.49293208970725
"apoeb",88.5120397893308,8,8.88178419700125e-16,1.89705800925693e-15,0.906182830716949
"FP236812.1",88.4458336046328,8,9.99200722162641e-16,2.12873197330302e-15,0.863379768986003
"scube3",88.2528242485882,8,9.99200722162641e-16,2.12873197330302e-15,0.768080318618909
"rapgef4",88.1328666744348,8,1.11022302462516e-15,2.36223698470691e-15,0.601204966291925
"jdp2b",87.1592616642463,8,1.77635683940025e-15,3.7699496744469e-15,0.590044014170871
"FQ312024.1",87.1520144837338,8,1.77635683940025e-15,3.7699496744469e-15,1.21608966530938
"angpt2a",87.0555500941843,8,1.88737914186277e-15,4.00047538211624e-15,2.10661648385024
"BX942846.1",86.7253140672507,8,2.1094237467878e-15,4.46543832547455e-15,1.70667312258914
"sh2d3ca",86.5788009198377,8,2.33146835171283e-15,4.91674211892857e-15,0.880729663840224
"prkceb",86.5754897342447,8,2.33146835171283e-15,4.91674211892857e-15,1.55861627461455
"pnp5b",86.5468581571858,8,2.33146835171283e-15,4.91674211892857e-15,1.2911636316809
"hsp90b1",86.3793729796904,8,2.55351295663786e-15,5.37819543079478e-15,0.228048550131413
"zgc:171759.4",85.9553991482098,8,3.10862446895044e-15,6.53910147130231e-15,1.10639948524525
"trhde.2.1",85.772204047018,8,3.33066907387547e-15,6.99734511611164e-15,2.50807905161295
"bicd1a",85.7226208170749,8,3.44169137633799e-15,7.22148341685023e-15,3.27662015690976
"CU459186.2",85.5574066880621,8,3.66373598126302e-15,7.67771590538891e-15,0.773669896187009
"pho",85.4254407366427,8,3.88578058618805e-15,8.13280208114232e-15,0.502690230659058
"vwa1",84.7980455533916,8,5.21804821573824e-15,1.09074884911166e-14,2.89012668916691
"nrg2a",84.6512018851293,8,5.6621374255883e-15,1.18209535727194e-14,2.09350475622931
"prkd3",84.4157860398342,8,6.32827124036339e-15,1.31951187565024e-14,0.31002148769759
"fam149a",84.2998423682544,8,6.66133814775094e-15,1.38722366926913e-14,2.13672880694332
"spry4",84.1828663880418,8,6.99440505513849e-15,1.45476639473917e-14,0.59641985918682
"cep192",83.9900256645577,8,7.66053886991358e-15,1.59132889741596e-14,0.697613292803469
"CABZ01072848.1",83.6551285438558,8,8.99280649946377e-15,1.86575537087256e-14,0.814846520929818
"dchs1a",83.0946610653401,8,1.16573417585641e-14,2.41556360320496e-14,1.66758248551392
"hspb1",82.3560203406905,8,1.64313007644523e-14,3.39213718383861e-14,0.817013158328508
"coro2bb",82.3480318138553,8,1.64313007644523e-14,3.39213718383861e-14,3.42051736773597
"atp13a3",82.34374055847,8,1.64313007644523e-14,3.39213718383861e-14,0.557865404580098
"igdcc4",82.1707172366337,8,1.7874590696465e-14,3.68552823023648e-14,2.49373108244197
"agap3",82.1412333010389,8,1.80966353013901e-14,3.72669893845684e-14,0.469232367865246
"hist1h4l.13",82.0420936797795,8,1.89848137210902e-14,3.90477773572052e-14,1.10002089473422
"f3a",81.8896004729463,8,2.03170813506404e-14,4.17364457831897e-14,2.00111341355612
"brip1",81.8314136896081,8,2.08721928629529e-14,4.28239819084724e-14,0.682225540024189
"FQ377603.1",81.7427634531558,8,2.17603712826531e-14,4.45913635386224e-14,2.49518550219454
"tp53inp2",81.410587576551,8,2.54241072639161e-14,5.20350893141084e-14,0.998298936836622
"CR936442.1",80.7039644882841,8,3.530509218308e-14,7.21696731006273e-14,2.01628685801424
"klf17",80.4547893954784,8,3.96349619791181e-14,8.09213807073661e-14,2.50729182276776
"loxl1",80.4404445399992,8,3.98570065840431e-14,8.12751199131161e-14,0.954823150785068
"wnt9a",80.1885878999652,8,4.47419878923938e-14,9.11248799862202e-14,1.02450512614518
"pik3c2b",80.0438352000949,8,4.78506123613442e-14,9.73371430940165e-14,0.320563863229913
"sdk1b",79.789150591287,8,5.39568389967826e-14,1.09624504595902e-13,1.68382010501925
"tuft1a",79.6782193598282,8,5.67323965583455e-14,1.15123231018518e-13,1.10732096701871
"ca16b",79.3063776980205,8,6.7390537594747e-14,1.36584714881811e-13,0.542675758934878
"macrod2",78.696597550006,8,8.93729534823251e-14,1.80917789187793e-13,0.259297619885839
"suclg2",78.3457035113972,8,1.05138120432002e-13,2.12572947378296e-13,0.411644550221811
"hist1h4l.9",78.3203930107344,8,1.0635936575909e-13,2.1478145861169e-13,0.866071330246435
"cbfb",78.2651353254187,8,1.09134923320653e-13,2.20119591104368e-13,0.452236406847245
"hey1",78.0341244948722,8,1.21458398893992e-13,2.44679192935176e-13,1.39986320946165
"krcp",77.526658843822,8,1.53654866608122e-13,3.09165468320206e-13,0.956051292374175
"thbs3b",77.3991767753918,8,1.62980740014973e-13,3.27534273660971e-13,0.962669086309072
"hbegfa",77.3961529372062,8,1.63202784619898e-13,3.27585348405723e-13,0.779537909602328
"bcam",77.1075654630797,8,1.86406445834564e-13,3.7371015494631e-13,1.06485174552845
"zgc:162730",77.0260779238344,8,1.93622895494627e-13,3.87711230641886e-13,0.958573641882137
"ntrk3a",75.9935916142611,8,3.11861647617206e-13,6.23723295234413e-13,2.2824810651892
"hist1h2a2",75.9151706451926,8,3.23407967073308e-13,6.46040375472579e-13,1.14347178370991
"skp2",75.8663485767875,8,3.30735439035834e-13,6.59886516687066e-13,0.787602494251792
"inpp5l",75.4604288786925,8,3.98903132747819e-13,7.94943324351514e-13,0.744252261992497
"osbpl3b",75.2481204163186,8,4.3998138465895e-13,8.75757451423907e-13,0.748642754981874
"clybl",74.977773897263,8,4.98379115754233e-13,9.90810986690396e-13,0.895448722938001
"ogfrl1",74.9709022475791,8,4.99933427988708e-13,9.92716437460295e-13,1.01730771117859
"nuak1a",74.9248128637033,8,5.10702591327572e-13,1.01289347279968e-12,0.957269046586907
"pold2",74.7824906157941,8,5.45341549695877e-13,1.07902496650039e-12,0.618397168285498
"s1pr2",74.7822601297684,8,5.45341549695877e-13,1.07902496650039e-12,0.964133543811823
"rrp12",74.6851479537799,8,5.70321567749943e-13,1.12711237469918e-12,0.595476219115161
"si:dkey-251i10.2",74.4561370897693,8,6.33826324758502e-13,1.25113111024605e-12,0.780994363673441
"FP016248.1",74.3023164927488,8,6.80344669490296e-13,1.34136594008383e-12,0.380695174945053
"bves",74.26022788601,8,6.93667345785798e-13,1.36601630978622e-12,1.85533744338235
"cd99",74.1009252600428,8,7.46513961757955e-13,1.46834977601978e-12,1.17116380496318
"si:dkeyp-23e4.3",74.0039325929866,8,7.80597808613948e-13,1.53358012871561e-12,0.603242552424595
"zgc:173552.5",73.741607498136,8,8.80850947737599e-13,1.72850138861112e-12,0.94091544881647
"hist1h2a10.1",73.5464674361974,8,9.63673585374636e-13,1.88880022733429e-12,0.849958350329274
"neil3",73.2028417182832,8,1.1287637491364e-12,2.20977721041273e-12,1.59416622676841
"efna3b",72.8025938269669,8,1.35702560299933e-12,2.65352658990244e-12,0.706380844424943
"hist1h2a4",72.6219928047905,8,1.47448719900467e-12,2.87983080133855e-12,1.23457999662842
"si:ch73-86n18.1",72.5001481304284,8,1.55941926038849e-12,3.04214577026608e-12,0.474341114858721
"apobb.1",72.4797396241577,8,1.57418522661601e-12,3.06735975151143e-12,1.33323840818211
"hist1h4l.21",72.2570878430473,8,1.74382730477873e-12,3.39394426373992e-12,0.968763847175555
"dcn",72.2519968086516,8,1.74793512996985e-12,3.39796957588071e-12,0.709804950407183
"si:ch211-214p13.9",72.2429791888207,8,1.75515157962991e-12,3.40802159867533e-12,1.80176501026917
"eno1a",71.9745977271372,8,1.98563387954209e-12,3.85106640665556e-12,0.499769652686518
"hist1h4l.15",71.4094930142754,8,2.57405208259343e-12,4.98647763907052e-12,0.797923086192241
"aqp8a.1",71.2635948552554,8,2.75246492265069e-12,5.32590773651109e-12,0.974465645570439
"bcl2a",70.9530720991349,8,3.17412762740332e-12,6.13468286224354e-12,0.864813806049861
"plekhg5b",70.8184593077816,8,3.37641026249003e-12,6.51807589491122e-12,0.274971463612042
"sntb1",70.7511697676215,8,3.4822145167368e-12,6.71454789917073e-12,1.1092074244055
"pprc1",70.1369794001228,8,4.61530813566924e-12,8.88913682546237e-12,0.53519611136955
"si:dkey-57a22.11",70.0787092415667,8,4.74020822593957e-12,9.11915346930176e-12,2.28049366092944
"inpp4b",69.9378746937463,8,5.05639974335281e-12,9.71621911467795e-12,0.518073326787029
"pcdh9",69.695955713363,8,5.64925883850265e-12,1.08429322868035e-11,2.70441254126365
"tmem256",69.5774937149266,8,5.96434013289127e-12,1.1434511693207e-11,0.984520317481439
"CU928117.1",69.5432779227821,8,6.05859806768194e-12,1.16018671043197e-11,0.87488993372979
"rasl12",69.1466712008409,8,7.26541049544949e-12,1.3896870132513e-11,1.53534933135538
"tm4sf18",68.9661577770827,8,7.89146525903561e-12,1.50770425705887e-11,0.315498201182497
"tnfaip3",68.783542385,8,8.57935944509336e-12,1.63645834742295e-11,0.546819519853448
"ece2b",68.7821113290191,8,8.58502158251895e-12,1.63645834742295e-11,0.781944955225003
"rasgrp3",68.5229615471708,8,9.665934719294e-12,1.84039397055358e-11,1.59696822121543
"ckbb",68.5110008400652,8,9.71900337987108e-12,1.84838580261019e-11,1.22978353329805
"ier5l",68.3816312701172,8,1.03115294081135e-11,1.95738629051088e-11,0.627302529106769
"gnao1a",68.3807802132684,8,1.03156372333046e-11,1.95738629051088e-11,0.424265788740939
"hist1h4l.8",68.1658480946807,8,1.13812292923399e-11,2.15712491479388e-11,1.09150770688884
"rapgef5b",68.0943732105143,8,1.17593712545272e-11,2.22626278523208e-11,0.368296467669325
"cenpi",68.0266371177621,8,1.21292975663323e-11,2.29369009597158e-11,1.72800579190137
"inhbaa",67.8763724200688,8,1.29918298341636e-11,2.45401230200868e-11,1.95652247257034
"nhsl1a",67.3830151073956,8,1.62774238532393e-11,3.0711424846542e-11,1.5890130632429
"slc18a2",66.8184629616905,8,2.10643724685156e-11,3.96982404214332e-11,1.63105705923584
"arhgef39",66.5270425382228,8,2.40608644119789e-11,4.52942374128325e-11,1.08604116681296
"auts2a",66.3420109137259,8,2.61802801659883e-11,4.92283823437206e-11,0.542300997082567
"slc29a2",66.2732633820172,8,2.70142797020867e-11,5.07393348181245e-11,1.50702792690483
"si:dkey-108k21.19",66.1222149452403,8,2.89408497167187e-11,5.42966842658259e-11,1.08581238868802
"slc6a9",65.9050362268556,8,3.19535509163416e-11,5.98814576227503e-11,0.848810316852963
"eepd1",65.6943770157913,8,3.51739748438717e-11,6.5842519202124e-11,1.52669316000963
"npdc1a",65.6752594182143,8,3.54818396886003e-11,6.6344270394173e-11,1.34724700994773
"kirrel1b",65.6128062460325,8,3.65062424734219e-11,6.81831838124674e-11,0.703339614054966
"pcdh7b",65.3939449618146,8,4.03344024846319e-11,7.52487284875664e-11,1.13227756804469
"si:ch211-13k12.2",65.1584113767328,8,4.49021930748472e-11,8.36767938061471e-11,0.554629219381803
"cnmd",65.132557728666,8,4.54339899036427e-11,8.45732147256633e-11,15.6955371914377
"mast2",64.8837759510705,8,5.08832975754103e-11,9.46111314292786e-11,0.880202293654235
"ipo11",64.4531278933324,8,6.18997075818584e-11,1.14966458005993e-10,0.607241845136862
"mtfr2",64.1003261556852,8,7.26734228351233e-11,1.3482619425759e-10,1.35150206539967
"si:dkey-108k21.14",64.093417289265,8,7.29021287781961e-11,1.35100051773609e-10,1.03351924401335
"SAMD5",63.9864425846248,8,7.65354446485844e-11,1.41675611982824e-10,1.35525895937068
"b4galt5",63.3579895851289,8,1.01832209331576e-10,1.88293519141405e-10,0.494692901247254
"kcnab2a",62.8989169038368,8,1.25431220965311e-10,2.31672299476949e-10,0.903052737925158
"pdgfbb",62.4990764613456,8,1.50381374020014e-10,2.77447806331499e-10,0.835518754746511
"mgat4c",62.2136810528057,8,1.71159308948177e-10,3.1543297423414e-10,2.28026192581388
"primpol",62.0023988465423,8,1.88362547781651e-10,3.46753596247768e-10,1.43089973861903
"sgo1",61.3500365212775,8,2.53123300097968e-10,4.65456311217677e-10,1.74491956758849
"krt4",61.3436465611966,8,2.53856602405733e-10,4.66290076745261e-10,0.492427992760491
"si:dkey-71h2.2",61.1901139699411,8,2.72127542721989e-10,4.99300094906205e-10,1.34128970344217
"h1-10",61.1825063023878,8,2.73066125267007e-10,5.00471028267145e-10,0.78447498986957
"dhrs11a",61.0331508391939,8,2.92161406179048e-10,5.34880112850872e-10,0.785793471877623
"BX005003.1",60.7632538413878,8,3.30104277246335e-10,6.03681367609653e-10,1.25088404490193
"si:dkeyp-52c3.7.1",60.5824041876136,8,3.58236995623429e-10,6.54411002969992e-10,3.72036337911234
"cenpl",60.5172836082858,8,3.6894154398226e-10,6.73227395700377e-10,1.35231838159164
"hist1h2a11.3",60.2066536825655,8,4.24555057776388e-10,7.73860750826545e-10,3.16683964161594
"slc7a7",60.1260853405505,8,4.40295466752616e-10,8.01674587551758e-10,2.36974814306324
"zfhx3",60.0202925526903,8,4.61850113708806e-10,8.40002499387414e-10,0.284968163696204
"CT033796.2",59.9759518565168,8,4.71193972728656e-10,8.56062332132979e-10,0.716853002252532
"col11a1b",59.9481609913493,8,4.77145989385974e-10,8.65931610367138e-10,0.756257694731854
"si:ch211-191c10.1",59.9108539665604,8,4.85254170179417e-10,8.79688190989019e-10,1.50022171865171
"dbf4b",59.8475179770793,8,4.99334684711528e-10,9.04229983401527e-10,2.47917147504899
"ltbp1",59.5699262033498,8,5.66007019031645e-10,1.02385200185312e-09,0.382027350707625
"nfkb2",59.3673871486452,8,6.20181683785859e-10,1.12063197959571e-09,0.625462009058984
"si:dkey-225f5.4",59.3127504642123,8,6.35660524217485e-10,1.14735691586818e-09,1.09321230547692
"cldn5a",59.0941582918696,8,7.01534053071384e-10,1.26488715629537e-09,0.800702727118405
"mis18bp1",58.6998532725747,8,8.38018543447561e-10,1.50933934419853e-09,1.54957753999881
"igfbp7",58.5261251081199,8,9.06258956767658e-10,1.63048317707875e-09,0.738196401482818
"gfra3",58.4390036774855,8,9.42536049208798e-10,1.69392131389629e-09,1.63387059903586
"efnb3a",58.1015976589666,8,1.09720421637149e-09,1.96976532809796e-09,1.08975423109143
"epha7",58.0572402946517,8,1.11933429192135e-09,2.00733146430674e-09,0.874345622360479
"fgfrl1a",57.8494762242425,8,1.22905263744144e-09,2.20172225158865e-09,0.396381411173254
"cited1",57.1548067704604,8,1.67973390752252e-09,3.00583962398766e-09,1.28070031937946
"zgc:163030",56.9156315873113,8,1.87029758347279e-09,3.3432572683108e-09,0.814264063048625
"relb",56.8239081733143,8,1.94896043748116e-09,3.48013728707783e-09,0.5390312708953
"hoxc8a",56.6728776391897,8,2.08572692450559e-09,3.72036515655923e-09,2.30712926894886
"wscd2",56.6376217406896,8,2.1190046384234e-09,3.77568099209989e-09,1.29527276116509
"CT573344.1",56.5799741856178,8,2.17456042062025e-09,3.87053168883904e-09,1.65441580895431
"sobpa",56.4844836454553,8,2.26979457451648e-09,4.03572866717658e-09,1.52732638620264
"CRACD",56.0011493081318,8,2.81939138702114e-09,5.00757574709725e-09,1.67067002938155
"pttg1",55.919871016605,8,2.92403234958272e-09,5.18789978104878e-09,0.911849432689326
"ephb2b",55.6918544215683,8,3.23868543095074e-09,5.74005311485524e-09,1.96878691593201
"foxo1b",55.5022388120243,8,3.52585705076791e-09,6.24237815789515e-09,0.5825580854483
"hist1h4l.17",55.449239198979,8,3.61056362585543e-09,6.38556157184199e-09,3.85669276873449
"fhl3b",55.316542641559,8,3.83163700767852e-09,6.76936082162505e-09,1.78093001129793
"dachd",55.2655443162068,8,3.92014054551026e-09,6.91838363222468e-09,1.25344816954934
"pdgfd",55.2217059962745,8,3.99784316762464e-09,7.04804943625677e-09,0.27743894395871
"fstl1a",54.912397282679,8,4.59142401876278e-09,8.08595392733487e-09,1.89013450401588
"hoxd9a",54.7406846881251,8,4.95801066868751e-09,8.72232922284413e-09,2.73459108975246
"CU459186.4",54.6991056997206,8,5.05107222714685e-09,8.8766733443319e-09,1.56304648809732
"abhd17b",54.6715033283518,8,5.11380959800078e-09,8.97745710249664e-09,0.603824251576176
"si:ch211-185a18.2",54.2477723452806,8,6.18021611664687e-09,1.08381474214039e-08,0.533062893450697
"FP325123.1",54.2414658220826,8,6.19765505582848e-09,1.08573010757205e-08,0.958220178627726
"slc4a11",54.199070025179,8,6.31616681179281e-09,1.10532919206374e-08,0.372599686923918
"hmox1a",53.9920686439145,8,6.92800405932559e-09,1.21112851656206e-08,0.691438264875069
"cplx2",53.8401053339184,8,7.41438344054046e-09,1.29479694045497e-08,1.94365109316279
"mnd1",53.8360483336518,8,7.42782380047657e-09,1.29578580644963e-08,0.892982080442392
"rbbp8",53.744746262264,8,7.73679420529305e-09,1.34827396924877e-08,0.758749551590013
"matn4",53.4155869352518,8,8.96069485278872e-09,1.55992869642069e-08,1.37163831274048
"pik3r5",53.3631810589722,8,9.17259235233558e-09,1.59515019404917e-08,0.735182552218725
"esm1",53.323019425156,8,9.33834998217975e-09,1.62228269763415e-08,0.494611612563303
"hopx",53.1031156875894,8,1.0300220787407e-08,1.78751748248126e-08,0.568432673936713
"CABZ01027646.1",52.9720745236517,8,1.09196351960605e-08,1.89303977488417e-08,2.62859692531993
"inpp4ab",52.9242058981298,8,1.1155030343879e-08,1.9318378953121e-08,2.50601844952527
"msi2b",52.7783553545034,8,1.19038354728929e-08,2.05937589801033e-08,0.565930689766093
"CABZ01086127.1",52.6245735484582,8,1.27475736633187e-08,2.20305578040342e-08,0.687111141274508
"agbl4.1",52.4827061070646,8,1.35785966914881e-08,2.34424270342167e-08,1.06618604255152
"dph1",52.4340834350395,8,1.38756437451093e-08,2.39304580531595e-08,0.404671948513938
"rassf7a",52.3981556568746,8,1.4099280187807e-08,2.42910039223232e-08,1.19875436816002
"FP236822.2",51.9709594844549,8,1.70497573837025e-08,2.93439006211244e-08,3.50179748038944
"si:dkey-23a13.22",51.6082590175057,8,2.00316807585921e-08,3.44404335849478e-08,0.619261716383042
"col1a2",50.9970336904643,8,2.627521755727e-08,4.51283633509401e-08,0.795062128208076
"tgfb2",50.97636729237,8,2.65171781199669e-08,4.54970326960503e-08,2.4910942093443
"nfkbiaa",50.6395428286349,8,3.07880544392347e-08,5.27704719092233e-08,1.49931874870779
"triob",50.5596222549252,8,3.18979720415058e-08,5.46166715530819e-08,0.357888095269954
"mctp1a",50.2491842144883,8,3.6599816732874e-08,6.26029719476059e-08,1.29994836148411
"skila",50.2214908849387,8,3.70513291159114e-08,6.33102710842137e-08,0.42472654562755
"nptna",50.1178697067761,8,3.87904551812923e-08,6.62140351762633e-08,1.36728805189965
"si:ch211-176g6.2",50.0301626501256,8,4.03257539582924e-08,6.87642846412642e-08,8.88216082291243
"adamts2",49.8534019649446,8,4.36059142128187e-08,7.42816493645766e-08,2.27061170093754
"notum1b",49.6743171627492,8,4.71997345652397e-08,8.03215094848717e-08,3.25348921574767
"mmp17a",49.6448340388867,8,4.78189966512943e-08,8.12922943072003e-08,1.4952491027434
"tlx1",49.6384687289719,8,4.79537499709082e-08,8.14382746702681e-08,20.3959330808283
"aanat2",49.5729140622053,8,4.93636970189115e-08,8.37473719282145e-08,2.29603437361201
"kctd12.2",49.41876553312,8,5.2843636355604e-08,8.95600184826411e-08,1.28816104848937
"si:ch73-380l10.2",49.3829675906315,8,5.36860649269499e-08,9.08953091141246e-08,1.90151031899342
"CR377229.1",48.9049945072082,8,6.63001119560747e-08,1.12138057379513e-07,3.2061485783274
"nphp4",48.8576928053114,8,6.76983907821338e-08,1.14386936149123e-07,0.66279343219436
"gulp1b",48.7761880602056,8,7.01768533284408e-08,1.18454546752971e-07,0.709157429244032
"si:dkey-23a13.21",48.4843597049105,8,7.9813826991959e-08,1.34584854016805e-07,0.888717860375972
"plxna1a",48.3663687131805,8,8.40738318963474e-08,1.41605059188241e-07,0.393654163785909
"hmcn2.1",48.3643927525464,8,8.41470639834085e-08,1.41605059188241e-07,0.791942317859302
"zeb2a",48.3523351969026,8,8.45953116446196e-08,1.42215730776929e-07,0.728943323714326
"elavl4",48.2926538737825,8,8.68491936145688e-08,1.45857617501887e-07,1.60750273261412
"hoxa2b",48.236682601676,8,8.9017163085181e-08,1.49348029909277e-07,6.11836285976566
"mylipa",48.2052569936708,8,9.02578812800314e-08,1.51277293976391e-07,0.427040344802578
"col5a1",48.0813400614067,8,9.53200355313655e-08,1.59601185120859e-07,0.902417969850874
"slc43a2b",47.982416827189,8,9.95629040323465e-08,1.66537949917559e-07,1.19301372612256
"glsb",47.8328325226041,8,1.06337713967619e-07,1.77691706589823e-07,1.03372044290385
"BX640512.3",47.7234770084782,8,1.11578593364747e-07,1.86262461468606e-07,1.34367918623657
"mylka",47.4579281229553,8,1.25398075367933e-07,2.09122315878855e-07,2.27926430937441
"pla2g4aa",47.3763760869084,8,1.29974106921615e-07,2.16536862131411e-07,1.26027653877578
"tmsb",47.2148238558989,8,1.39534687804144e-07,2.32232557324379e-07,0.851445753227624
"syt2a",47.0560683513763,8,1.49609908572934e-07,2.48752602477553e-07,1.38270585482575
"gas2l1",46.7004073267383,8,1.74881395254012e-07,2.90480961608359e-07,2.1332591518517
"wnt2bb",46.248846614851,8,2.1315945553102e-07,3.53708817644103e-07,0.841707062507518
"ADGRL3",46.2241046725792,8,2.15482169330095e-07,3.57207257814863e-07,0.729891890163749
"shcbp1",46.1425907363813,8,2.23313812997006e-07,3.69821881166016e-07,1.58837473945105
"gata5",46.1015248290584,8,2.27365765548271e-07,3.76158257600218e-07,3.01726635441317
"tmtc2b",45.9256398565155,8,2.45562699618951e-07,4.05860572981321e-07,0.488088687942229
"si:dkey-261m9.6",45.888166789362,8,2.49622730819077e-07,4.12162011441608e-07,1.10238582608843
"tbx20",45.652646449301,8,2.76711045743561e-07,4.56436239810665e-07,5.39908227377235
"lbx2",45.5897252754782,8,2.84429388486274e-07,4.6870362138292e-07,1.34208760123846
"ebf1b",45.3971118330389,8,3.09410759125051e-07,5.0936593350033e-07,1.29203630070132
"MYO1D",45.1791828516126,8,3.40310981283842e-07,5.5968222588241e-07,1.17573659138381
"pif1",44.9558414968437,8,3.75158428433942e-07,6.16384557959513e-07,4.60231936043117
"samd10b",44.9191099509388,8,3.81219503631236e-07,6.25725805960236e-07,1.35164167970393
"fam83d",44.8988354275778,8,3.84606546166566e-07,6.30663883773129e-07,2.68668593957049
"slco3a1",44.8857735350751,8,3.86804462126911e-07,6.3364428112432e-07,0.842897347576611
"dkk2",44.7694197994513,8,4.06941802588712e-07,6.65977449030249e-07,0.62168919819266
"smyd3",44.445940792922,8,4.68561670796674e-07,7.66068443127831e-07,0.394472260410204
"zbtb46",44.2202312444377,8,5.16959531404737e-07,8.44367234627737e-07,0.305635651074311
"AL954137.2",44.0971040951734,8,5.45420417497056e-07,8.89980818364441e-07,1.77447460840532
"tp53i11b",43.984532350604,8,5.72799856768391e-07,9.33742232266282e-07,1.24651001223619
"nat8l",43.7069816596265,8,6.46272569126971e-07,1.05248299136416e-06,1.84391968641209
"cavin1b",43.5088866258091,8,7.04360675340965e-07,1.14596180187309e-06,1.0178730316935
"atp11a",43.309190217889,8,7.68160489772463e-07,1.24854183020578e-06,0.244990063088089
"fosl2",42.973577380662,8,8.88550763966656e-07,1.44240792535069e-06,0.420400157753798
"prdm1a",42.9719772281499,8,8.89167430573323e-07,1.44240792535069e-06,0.875371326787805
"slc1a5",42.8769714925209,8,9.26551994684388e-07,1.50159107309746e-06,0.453892351522144
"sec14l8",42.8570635443141,8,9.34581185996208e-07,1.51313144399386e-06,1.81994686752843
"efnb1",42.6241933251013,8,1.0337866384047e-06,1.6721247957109e-06,0.51933520913707
"rassf2a",42.4374303230819,8,1.12084240599941e-06,1.81117696255579e-06,0.510416351831583
"nr4a3",42.2856386762478,8,1.19692362265944e-06,1.93224297999092e-06,1.52616949069686
"dpp6a",41.4241834460826,8,1.73638462730441e-06,2.80040347443286e-06,3.71800187594408
"ccne1",41.1811525084184,8,1.92814442445677e-06,3.10666209975336e-06,0.798679459246429
"nanos1",41.0053564746549,8,2.07980181576861e-06,3.34777760876377e-06,1.73620443344283
"tenm3",40.9591312469128,8,2.12160610257861e-06,3.41177197576831e-06,1.09637866508017
"mmel1",40.850875553307,8,2.22279629158439e-06,3.57104977992247e-06,1.12706270198675
"rttn",40.5121785498476,8,2.57131319214565e-06,4.12698244519716e-06,0.722715247828206
"jag1b",40.488839893379,8,2.59723193929418e-06,4.16457017407517e-06,0.983272367607184
"rnf24",40.0536248044563,8,3.13086720116207e-06,5.01540842032308e-06,1.06059926479282
"hist1h4l.7",40.0364021354106,8,3.15408448048338e-06,5.04774711285812e-06,1.5634026137565
"arrb1",39.7904016769841,8,3.50494248102518e-06,5.60387156755081e-06,2.54874228605991
"si:dkey-79d12.5",39.165002308503,8,4.5807281627841e-06,7.31686780364171e-06,0.367072194488223
"ch25h",39.1291611127866,8,4.65144661876415e-06,7.42271079201253e-06,1.17699525648342
"si:ch73-208g10.1",38.9753326949712,8,4.96744989741948e-06,7.91939859244102e-06,2.18284744648989
"pard3ba",38.9585038143979,8,5.00328546571005e-06,7.96890400179058e-06,0.352348819313151
"rnd3b",38.9300868830893,8,5.06437879521648e-06,8.05850532266539e-06,1.08722655040161
"phldb1a",38.6535074228243,8,5.69895117885633e-06,9.05959223661702e-06,3.3316993015978
"emilin1b",38.4949498611884,8,6.09760904546341e-06,9.68409596734228e-06,0.499162444964985
"cbx7a",38.4597939247886,8,6.18967359500289e-06,9.82094877073791e-06,0.997981817832671
"cdh11",38.4155974849761,8,6.3073677071257e-06,9.99816803051514e-06,0.800337099947662
"spon2a",38.3979011669725,8,6.35511136404254e-06,1.00642733198621e-05,4.22985761832884
"pleca",38.3536650948271,8,6.47602850800677e-06,1.02460242111484e-05,0.345874606947906
"palm3",38.3220759003051,8,6.56376729979424e-06,1.03749870222554e-05,0.385825371195178
"mvp",38.169064946832,8,7.00569277589658e-06,1.10630181655391e-05,0.390247445626444
"pdlim4",38.0747637762436,8,7.29259219034439e-06,1.15051691184789e-05,0.396975666653136
"ENSDARG00000115101",37.9399641747669,8,7.72300383777846e-06,1.21726815456376e-05,0.635288845612285
"fam117bb",37.8901484694566,8,7.88834773002289e-06,1.24215381079567e-05,0.924442531277261
"zgc:174862",37.7104024133576,8,8.51460058959308e-06,1.33950184912767e-05,0.453380072855
"hist1h4l.19",37.6620693810916,8,8.69123134683569e-06,1.36599919092719e-05,1.34963287156081
"tmtc2a",37.4338481090983,8,9.57547623969823e-06,1.50355734357561e-05,1.23216707566365
"ek1",37.3032178241231,8,1.01210716231259e-05,1.58773119812879e-05,1.0680288391684
"gfra2b",37.2427028090636,8,1.03841375483915e-05,1.62746690081094e-05,2.1415830180601
"si:ch211-113a14.19.4",37.2106953998349,8,1.05260011877828e-05,1.64815018598178e-05,0.956582337026806
"NPAS3",37.0504011574676,8,1.12658199736826e-05,1.76233390386434e-05,1.05047534977718
"cyp27c1",37.0229895380398,8,1.13973867691408e-05,1.78124262264433e-05,2.13403781222251
"sh3bp4a",36.8233741885504,8,1.24024140056855e-05,1.93649688223731e-05,0.317032843108768
"CR354540.2",36.7653694049875,8,1.27105560527863e-05,1.98275153407696e-05,1.57078607428995
"dla",36.5686706191575,8,1.38129477394999e-05,2.15270074218961e-05,0.610464034036747
"pde10a",35.710710102887,8,1.98357440759356e-05,3.08844389070175e-05,0.553739472263139
"gng13b",35.6021513512037,8,2.0762889869963e-05,3.22978286866091e-05,1.11849426247298
"rfx2",35.0029954849548,8,2.67049071391856e-05,4.15022157592194e-05,0.847585558346289
"bcl11ab",34.7646405144308,8,2.95108178073322e-05,4.58201514138075e-05,1.58599712018972
"arhgef4",34.3707459339596,8,3.47990800193543e-05,5.39806958214565e-05,0.538388241700451
"nr3c2",34.2704816367122,8,3.62882495152927e-05,5.62383476209095e-05,1.09095637629068
"kita",33.9772902853999,8,4.10133145223313e-05,6.35020278756542e-05,0.803050519186984
"lsp1a",33.6102033935287,8,4.77927520213806e-05,7.39301066551718e-05,0.394214875659511
"nupr1b",33.5661760567109,8,4.86767149893153e-05,7.52276504380327e-05,0.458582633308292
"map2",33.3878299375897,8,5.24254841498539e-05,8.09461136178467e-05,1.58835359585056
"pde4d",33.316730935094,8,5.39981205869289e-05,8.32971008313181e-05,0.258392100319635
"immp2l",33.0009868013985,8,6.15630635745212e-05,9.48788750371437e-05,0.721379622760334
"pcdh11",32.8198526985956,8,6.63650397294546e-05,0.000102184987235926,1.85397409924371
"GRM7",32.7892427796301,8,6.72122259073316e-05,0.000103393876603522,0.658367686703918
"mpz",32.6557285002591,8,7.1033874430082e-05,0.000109171987823355,1.15198874108261
"pcdh11.1",32.5772919067014,8,7.33780653922045e-05,0.000112670835892546,1.91080754832871
"arhgef28a",32.2949754061707,8,8.24640230994156e-05,0.000126505582397446,0.709555342997656
"INSYN2A",32.1551309543566,8,8.73666756697755e-05,0.000133903295000778,1.33189265430692
"stard13b",32.1114562027505,8,8.89558608275776e-05,0.000136213661892228,1.38236020725734
"igf2a",32.0600010193736,8,9.08647202677582e-05,0.000139008837434422,2.98752139309657
"etv4",31.8570990690425,8,9.87931266943631e-05,0.000150999402819091,1.46819902967428
"unc5b",31.6422681875664,8,0.000107930520016564,0.000164814157972131,0.600123288552292
"wnt5b",31.5429996171721,8,0.000112429079537346,0.000171526416217233,0.580728953039587
"ehd3",31.4392221804751,8,0.000117329339703653,0.000178838682476017,0.951760896649437
"si:ch73-335l21.4",31.4047055272742,8,0.000119005316981724,0.000181227475403613,0.174691667359319
"plce1",31.389760052438,8,0.000119738294710015,0.000182177168024552,0.57203148883892
"ror1",31.3328480000372,8,0.000122570365563068,0.000186315902397876,0.325816317198061
"lcp1",31.3236490007789,8,0.000123034277145551,0.000186850597743379,1.10064232649149
"si:dkey-68o6.5",31.2509423809951,8,0.000126762245297285,0.0001923368858518,1.68422184515408
"cadps2",31.1703395737715,8,0.000131025106931082,0.000198624047449666,0.555131037692294
"emilin1a",30.7048001862761,8,0.000158552202083051,0.000240134516973057,2.50451080161329
"shank3a",30.5221776624615,8,0.000170840239598902,0.000258510298975268,0.955727427669878
"rbfox3b",30.5003979477746,8,0.00017236682801014,0.000260583607499903,1.10984749661661
"MDFI",30.3783593736821,8,0.000181172220277026,0.000273647252023142,0.582618973094334
"hs2st1b",30.2155768341355,8,0.000193608961245761,0.000292167146227752,0.465395245428667
"sema4ba",30.1647628516459,8,0.00019766035010671,0.000298010989391655,0.68621458666001
"arrdc1b",30.1084742596379,8,0.000202245548693525,0.000304648358158601,0.587538757503789
"gpr22b",30.1007855747861,8,0.000202879920022991,0.000305327865183653,5.85790218540664
"klf4",29.8606635006599,8,0.000223706549896896,0.000336367429718618,0.8488643326933
"cntfr",29.8254818094939,8,0.000226929389545383,0.000340905647414434,0.776111970385574
"elmsan1b",29.5605609404845,8,0.000252707332197288,0.000379288662559173,0.157728945861889
"dgkb",29.5357284066637,8,0.000255266177877855,0.000382784385548611,0.855745864119357
"ppp1r9alb",29.3329359758535,8,0.000277137467282862,0.000415207752242129,1.34681685076223
"afap1l2",29.0223337580446,8,0.000314249083896545,0.000470385421178476,1.76169552242042
"cntn4",28.9751018053532,8,0.000320304105548286,0.000479018527687113,1.39519909693636
"col5a2a",28.6780068972272,8,0.00036110221279273,0.000539548239024832,2.09102977738614
"arl5c",28.4502192423252,8,0.000395795531923593,0.000590856053928948,0.434881567878018
"tanc1a",28.3980191523654,8,0.00040419495571975,0.000602854786239126,0.422085050736904
"id2a",28.3082825961108,8,0.000419044590294404,0.000624443906467332,0.209375976761496
"nrxn2a",28.0750436970621,8,0.0004601878539231,0.000685141165894445,1.34340920086676
"slit3",28.0376572213904,8,0.000467141003078098,0.00069487224207867,0.22304175395377
"cux2b",27.9765579168922,8,0.000478726478098324,0.000711470394747375,0.593442273489763
"CABZ01030107.1",27.764527037364,8,0.000521156654164412,0.000773838668304733,0.570541227516049
"rad51c",27.7274030009386,8,0.000528955448031554,0.000784719302244496,1.00046324378488
"nexmifb",27.7069852165089,8,0.000533293293451531,0.000790450735667483,0.693786236363612
"gig2j",27.6326681873188,8,0.000549378432951997,0.000813568417153802,2.22770331152108
"apoa1a",27.5894827402687,8,0.000558942714113608,0.000826996946459388,1.49120818414445
"sema5a",27.5397039897138,8,0.000570169587261748,0.000842859389865193,1.55094094994888
"krt91",27.4349483766451,8,0.000594521667384607,0.000878078987466981,0.635393990639841
"zgc:174944",27.408328320559,8,0.000600870395445208,0.000886669688938632,1.36717277339407
"CT476811.1",27.3767148415837,8,0.000608496263679537,0.000897128119725759,0.971566633080878
"slc23a2",27.2030618574165,8,0.000652104965557232,0.000960571947496329,0.529673580687626
"BX323807.2",26.9983467167823,8,0.000707451333764264,0.00104117837637037,2.62002661680512
"serpine1",26.5621608374588,8,0.000841138558638765,0.00123683745692161,0.617925042313495
"cadpsa",26.3871171452148,8,0.0009014710262365,0.00132438335953264,1.72058802070466
"ndst2b",26.2124642002957,8,0.000965875255757975,0.00141775169699805,0.783063605151814
"foxf2a",26.1429368892021,8,0.00099274576201358,0.00145591059816428,1.00522720501209
"stat3",26.1091486875391,8,0.0010060662339374,0.00147414806133659,0.177952401478054
"dok4",26.1028694243777,8,0.00100856089281676,0.00147650478684773,1.17623723423484
"si:ch211-161c3.6",26.027765655885,8,0.00103887064872998,0.00151954214291848,0.883009872255366
"si:ch73-335l21.1",25.9906643293743,8,0.00105417004305597,0.00154056779976425,0.986312379460887
"magixa",25.8711923457972,8,0.00110494580936438,0.00161335645784492,1.42192323730139
"f3b",25.8550298245623,8,0.00111199562293185,0.00162170480221873,0.379240683390582
"neo1a",25.8536255825877,8,0.00111261019744058,0.00162170480221873,0.320115020904583
"celf4",25.6131166059379,8,0.00122290846696782,0.00178091390381852,0.971119134247532
"tbx16",25.5892443637068,8,0.00123442118081507,0.00179610977051346,1.28118321845379
"robo1",25.483873484273,8,0.00128651325585771,0.00187027145223294,0.309036396349069
"lyz",25.3234781784718,8,0.00136994622982045,0.00198923709946488,0.503578774141251
"ndnf",25.3220080761717,8,0.00137073480803462,0.00198923709946488,0.515858901853881
"nbeaa",25.2576868043831,8,0.00140567392787272,0.00203816602596688,0.691069769116241
"akap12a",25.2235559490052,8,0.00142456461422491,0.00206376056286844,3.13784410925815
"lamc3",24.9881066850167,8,0.00156178807777085,0.00226058986756407,0.807190238188614
"esrrga",24.8157889760329,8,0.0016702916816892,0.0024155433521651,1.15867114899975
"b2m",24.6846139994834,8,0.00175777417698597,0.0025398541013518,0.758534209265066
"si:ch211-226l4.6",24.176151905084,8,0.00214097797108737,0.00309087460990602,0.978929078833601
"col19a1.1",23.8606037215837,8,0.00241840265125093,0.0034883626121074,2.59499244236808
"lrrn1",23.8207364105507,8,0.00245584552998523,0.00353930679321401,1.2477108666608
"cemip",23.5752204172049,8,0.00269914326964849,0.00388657967781709,0.668337146783704
"gfra1a",23.4455687765555,8,0.00283689902418294,0.00408141085862588,0.994730152640419
"fras1",23.3229651592989,8,0.00297342345285845,0.00427413586925123,1.2046815138375
"pappaa",23.2625102742919,8,0.00304306634423979,0.00437047287026162,2.19714071557001
"enah",23.2570253189021,8,0.00304946256818495,0.00437588685494929,0.970622811008422
"igfbp5b",23.1287362871357,8,0.00320283650283359,0.00459201860044817,1.34904174239239
"epb41a",23.0803166332501,8,0.0032626450238733,0.00467374601012289,1.02538827299924
"hsp70l",22.9942153023036,8,0.00337168111683317,0.00482579101429902,0.4935621341856
"sytl3",22.899476871135,8,0.00349573228774036,0.00499904720289737,1.49307035562801
"gria4b",22.8152398793547,8,0.00360973472724047,0.00515764841816691,1.62337638566447
"pax2a",22.773005613433,8,0.00366823874531597,0.0052367487143928,1.56232717306093
"hist1h4l.22",22.7097616215964,8,0.00375756505077873,0.00535675836080095,5.41651900010056
"CABZ01056843.1",22.708943807713,8,0.00375873380778891,0.00535675836080095,0.23110418498621
"f8",22.6897750392903,8,0.00378622929205519,0.00539133162441363,2.1685035459921
"apoa2",22.6485436852581,8,0.00384603204537171,0.00547180989546478,3.23260411048823
"cxcr4a",22.5399488917793,8,0.00400794463761867,0.0056973001418709,0.774009665683008
"ca2",22.4974452668082,8,0.00407309484135454,0.00578497528192384,0.486662792687836
"cep131",22.2429341840016,8,0.00448516330102011,0.00636480584284455,0.28399462305269
"bcr",22.2299890241282,8,0.00450716454960676,0.00639058394863392,0.911497066242388
"klhl29",22.2265189366531,8,0.00451307991049654,0.00639352987320344,0.92081133143429
"gpr37b",22.1006222945948,8,0.00473283567287197,0.00669915397706432,5.55921059217058
"BX276117.1",22.0871656292727,8,0.00475692669979766,0.0067275381000534,1.27196947152678
"myh11a",21.9950345364919,8,0.00492507408136211,0.0069594346221792,0.548369170015636
"zic2a",21.9124065320108,8,0.00508074451122753,0.00717332233534328,0.887602833878082
"sema3ga",21.8196845292937,8,0.00526108380233703,0.00742164742988441,3.06641173246158
"col4a6",21.5967804861729,8,0.00572022818311535,0.00806252128009321,0.757624468649375
"aldh1a2",21.4191295728492,8,0.00611357079492758,0.00860964407806369,1.54091586943338
"zgc:158689",21.3863268096508,8,0.00618899411088636,0.00870850015940597,0.363870919021844
"scpp8",21.1919915169215,8,0.00665453452460885,0.00935565782109564,1.87007427021128
"rcan3",21.1576025087848,8,0.00674034889876607,0.00946831472625992,1.41050465338884
"tmsb1",20.8971012617926,8,0.00742585183870914,0.0104224677028555,0.23505314660109
"si:dkeyp-14d3.1",20.6447015643335,8,0.00815359379262015,0.0114342485340953,1.4131273453952
"eya4",20.6331333545829,8,0.00818853774050543,0.0114735945127688,23.408565035096
"sostdc1a",20.5294446296184,8,0.00850822912216198,0.0119115207710268,1.43497172966668
"chsy3",20.4680410260019,8,0.00870315383591913,0.0121741849627551,0.349400667247314
"kaznb",20.3970682890713,8,0.00893378934511935,0.0124863196719537,0.256010874828587
"plod2",20.2761119046684,8,0.00934040913445444,0.0130436895373018,1.2688639239929
"pvrl2l",20.1634728459725,8,0.00973495948173753,0.0135832851730107,0.759053519811314
"slc16a6a",20.1457082733532,8,0.0097986232586178,0.0136606747689182,2.37798886785644
"si:ch211-66k16.27",20.091959050146,8,0.00999368234568976,0.0139209655417384,0.444522627362253
"gfra2a",20.0640166290527,8,0.0100965491691322,0.014052507030722,0.658780653331124
"klf7a",20.0302331661651,8,0.01022227188077,0.0142156134836083,0.294523736653056
"olfml2a",19.9813436339246,8,0.0104068647342702,0.0144602474122554,1.07575746194018
"col12a1a",19.8829992591092,8,0.0107878833125221,0.0149771779988849,0.357760689545074
"spp1",19.8777737421635,8,0.0108084972747715,0.0149933026309487,7.55594277365736
"CR936518.2",19.8584618370657,8,0.0108850072169181,0.0150868735635487,6.63026647312797
"tox3",19.8225057520474,8,0.0110288388103998,0.015273520746572,2.29231317177168
"pcbp4",19.746122567168,8,0.0113404351147833,0.01569199742627,0.490824931819963
"hsp90aa1.2",19.6903628411828,8,0.0115731897805913,0.0159943349549812,0.252145230272922
"BX510306.1",19.6891905004201,8,0.0115781320262349,0.0159943349549812,1.24176469680107
"afap1",19.6813836155453,8,0.0116110949822821,0.0160265818065302,0.322755633224523
"itga2.2",19.4515534840142,8,0.0126226180671255,0.0174083457780059,0.860731783282867
"slco1d1",19.415016023159,8,0.0127909724007881,0.0176259388086956,1.09701711778054
"thy1",19.4111853331363,8,0.0128087465686347,0.0176358444490458,0.406166348886482
"fhdc2",19.401999729509,8,0.0128514631487197,0.0176800475687588,4.37531467134665
"hbegfb",19.3513748601429,8,0.0130893345573655,0.0179924351258836,0.774855265899255
"rtn4r",19.2253988308441,8,0.0136995963471502,0.0188157687669846,0.536318632490311
"trpv4",19.1745817030652,8,0.0139533557455679,0.0191485096145932,0.93980207156934
"pcdh15a",19.0921101480426,8,0.0143747279959501,0.019710532379632,1.93022371799532
"si:ch211-1e14.1",18.9902437035511,8,0.0149119115552085,0.0204302998774486,0.681098714995326
"pcdh19",18.7668911907115,8,0.0161572726724473,0.0221183371177462,0.63824379100036
"nitr3b",18.6103680681857,8,0.0170881716688164,0.0233734761906799,1.95704855047182
"plch2a",18.518541157512,8,0.0176577341478685,0.024132719516283,0.964858179247495
"hsd3b7",18.4979059287588,8,0.0177881779348337,0.0242910692126499,0.408596736915121
"p3h4",18.4269511566743,8,0.0182437121634048,0.0248927309289373,0.351005388317078
"hk2",18.373662345224,8,0.0185930692247808,0.0253486524783018,0.752345598432816
"si:dkey-286j17.4",18.2907236884937,8,0.0191494304628061,0.0260858145143377,0.378127560334098
"fxyd1",18.2410995787608,8,0.0194898056244227,0.0265277909887976,0.772470916416832
"cxcl12b",18.0530076328504,8,0.0208325723969355,0.0283322984598323,1.16064581269231
"spon1b",18.0377388538654,8,0.0209453253961355,0.028462407920034,0.826556498777536
"pcolce2b",17.9394864608468,8,0.0216847690487844,0.0294432153506722,0.577037750452629
"ntrk2a",17.7498751197539,8,0.0231819067763245,0.0314503718968702,1.01407265226224
"cyt1",17.72345029089,8,0.0233981241383892,0.0317178802396715,0.326064770013299
"cabp5a",17.686986284584,8,0.0236996052470668,0.0321004409281409,2.52639157419229
"hpdb",17.6452606166164,8,0.0240490745340562,0.032547325892557,0.949448004162352
"rasl10a",17.5815001215192,8,0.0245924736440003,0.033255731404955,1.41874825014968
"hoxa9a",16.9526818287559,8,0.0306055887797472,0.0413535368264873,4.41199297809119
"phlda2",16.9125842368181,8,0.0310323144119556,0.0418961392304036,0.695354756026115
"slc2a1b",16.8817725945957,8,0.0313639889366745,0.042309640136437,0.315488306884407
"csrp2",16.6719485639363,8,0.033712219732683,0.0454405809665452,0.420736071367901
"vim",16.6512529127321,8,0.0339525110689652,0.0457274724663671,0.896656453154565
"dacha",16.5805932076064,8,0.0347850036942579,0.0468108369585085,0.466652271611295
"fam13a",16.5108561288087,8,0.0356252360658127,0.0479028597947086,0.442834114820637
"cdh4",16.4801500125331,8,0.0360011590769593,0.0483692992114631,0.77243200962416
"kcnc4",16.3378459979915,8,0.0377919968334303,0.0507344615024132,2.89556129711047
"abca2",16.2327538470373,8,0.0391672924347661,0.0525384132015462,1.24767965769336
"CU138547.1",16.1819853961458,8,0.0398481853018791,0.05340875037243,1.96528051732842
"efcab11",16.0697161367007,8,0.0413930604373942,0.0554347577883431,1.68508735337999
"mapk10",16.024114684305,8,0.0420362544218573,0.0562509235878027,0.548995876900139
"igsf9bb",15.8906240653822,8,0.0439726418954172,0.058794880736569,1.16949816820214
"BX663520.2",15.8032820116411,8,0.0452838723434646,0.0604995439648854,1.73937218554674
"myo10l3",15.7508552494409,8,0.0460881722171905,0.0615247555399354,0.151793456507729
"tspan9a",15.686922381201,8,0.0470868176395728,0.0628075565952989,0.409724858912195
"ptgs2a",15.499509261458,8,0.0501302547327912,0.0668136035078641,1.29099802436707
"CR589876.1",15.3173570021477,8,0.0532605722738195,0.0709289475684919,3.30371744469818
"rhbdf1b",15.3083287560045,8,0.053420291858524,0.0710848292622213,0.330423190588831
"CABZ01067348.1",15.1873282131408,8,0.0556037111302288,0.0739311913351645,0.695571499323414
"qkib",15.0168542068251,8,0.0588185676879787,0.0781433283637739,0.491420240534024
"klhdc8b",14.9262890252197,8,0.0605946703854736,0.0804388214041427,1.58155995638986
"palld",14.8511593997192,8,0.0621050105860641,0.0823781430225978,0.818586132191176
"plcl1",14.8332167692874,8,0.0624707476015772,0.0827973472587332,1.33421158948358
"si:ch211-160j14.3",14.8138991011352,8,0.0628667033320632,0.0832559044127324,1.46156143421017
"htr4",14.8108160604451,8,0.0629301075308361,0.0832736768438228,0.845452767761562
"ntn5",14.8047506658611,8,0.0630550150924147,0.0833727421777484,1.80254240554834
"pdgfc",14.7875189654039,8,0.0634111071539643,0.0837770852644762,0.284994287998612
"adarb1a",14.7490479684461,8,0.0642127155374735,0.0847689255827503,0.938232199042812
"CABZ01064472.1",14.7356809254901,8,0.0644933894283669,0.0850720402119234,1.02932098909302
"slc8a2b",14.6873205166784,8,0.0655181702615845,0.0863554364365504,1.18107378341461
"BX323453.1",14.6784851419299,8,0.0657069858215431,0.0865358406155659,0.494006691817064
"spock1",14.659062264116,8,0.0661237981291459,0.0870159934306138,1.07882107370176
"msi2a",14.5762017108108,8,0.0679290519094414,0.0893210737814755,0.298302947902804
"mef2ab",14.5730047649585,8,0.0679995893021055,0.0893433089726402,2.23753178805271
"znf536",14.4746175219472,8,0.0702031063309527,0.0921657802579726,0.737757871527303
"cadm1a",14.3692049266565,8,0.0726354544800403,0.0952839898927142,0.993230773100437
"KIRREL3.1",14.3094637605241,8,0.0740474946921957,0.0970598946948844,1.45998335600398
"nkx2.3",14.2730737696625,8,0.0749196928320471,0.0981259498885146,1.12053834658076
"ndst3",14.2544069787781,8,0.0753706832071157,0.0986390873708207,1.23335196597919
"calca",14.204101391857,8,0.0765982673312584,0.100166964971646,2.63135541683352
"BX088707.3",14.1433816802947,8,0.0781039299757968,0.102055801835041,1.37048725499555
"CR376783.1",14.0891791932407,8,0.0794704029851514,0.10375994621729,0.812826463172468
"ppap2d",13.9715974029053,8,0.0825087297180391,0.107642555763706,0.507180313470239
"si:dkey-28k24.2.1",13.9655255326551,8,0.0826684175263834,0.107714520849289,0.657782113156026
"AL772219.1",13.9645841390599,8,0.0826932005799761,0.107714520849289,19.631718268949
"shisa3",13.9369478473696,8,0.0834237225161785,0.108581188837464,2.847848649135
"has2",13.7740350529132,8,0.0878485782079388,0.114251156357866,2.64103885456915
"ctss2.1",13.6949454621643,8,0.0900713057999047,0.11705054248256,8.21134407817136
"crip1",13.5710413626659,8,0.0936542372465905,0.121611815473749,1.55329503870066
"sema7a",13.5216537126118,8,0.0951173051383232,0.123415444205955,1.00833130999049
"mcf2a",13.5022337985062,8,0.0956981346395972,0.124072445377096,0.903870188778941
"tafa5a",13.4326680840909,8,0.0978046551446556,0.126704942045876,2.15187174266989
"CT990561.1",13.4112596193821,8,0.0984611337275164,0.127456292766156,0.875523953737612
"si:dkey-35m8.1",13.1694884076169,8,0.106149578716055,0.13730217246968,0.900923586995612
"adamtsl3",13.1527199198378,8,0.106701913604156,0.137909533021353,0.527630219432011
"ttn.2",13.1080764353025,8,0.10818474862725,0.139717667606976,0.598440848868092
"hivep3b",13.0719366356763,8,0.109398351550303,0.141175564432847,0.471858232773621
"csrp1b",13.0255946099832,8,0.110972011057055,0.143095487941992,0.653537466684232
"cntn3a.1",13.006612842608,8,0.111622287112051,0.143822683935558,1.04315958640293
"mtnr1aa",12.9613681059455,8,0.11318574327431,0.145724457724112,1.37073004264684
"igsf3",12.8355158507652,8,0.117635699830358,0.151336738160136,0.20296468171061
"hsp70.1",12.7261509468509,8,0.121625699039908,0.156349085339882,0.511663297538468
"sema3gb",12.7001973020629,8,0.122589659117177,0.15746674794851,1.55694357515
"nedd9",12.532904916393,8,0.128963524791602,0.165526373114644,0.286474629863657
"CR847947.1",12.4166509354261,8,0.133559558630935,0.171293475503571,0.727128466561117
"hivep3a",12.2222724474353,8,0.141558757667428,0.181412992518412,1.10132858929598
"CR762483.1",12.2181063119825,8,0.141734596814419,0.181498722746212,0.941282028021223
"CU469539.1",12.1843102479532,8,0.143167924922107,0.18319336629818,2.33031051561125
"pdzrn4",12.1154113957152,8,0.146128319937156,0.186837897939603,2.9381562104005
"znf385b",11.9861839398266,8,0.151821386793758,0.193968121471166,1.22390940992146
"sema5ba",11.9550060162682,8,0.153222722599904,0.195608471916812,0.966760799553302
"btbd11a",11.8852306612672,8,0.15639853826099,0.199509927061875,0.183044338500924
"adra1aa",11.8077915968337,8,0.159987983614996,0.20393265547252,0.791909286956193
"ccn5",11.7136161245827,8,0.16444627312747,0.209455268371839,5.54537306307663
"creb5a",11.6452505315183,8,0.167747520623178,0.213496844429499,0.356070021420645
"egr4",11.5528039512583,8,0.17229942489292,0.21912278005466,2.18106698090782
"tcnbb",11.3635584758232,8,0.181937955869549,0.231204145292654,1.23628103067046
"ppp2r5b",11.3465521231184,8,0.182825497943064,0.232154938699043,1.20354051310541
"zgc:174356",11.2990256264256,8,0.185324771162697,0.235149328832485,0.444609743226372
"foxq1a",11.1030302853314,8,0.195929429622504,0.248415852169781,3.35638300098548
"zgc:112332",11.0945544004907,8,0.196398965620277,0.248821807394206,0.68760752567698
"trabd2b",10.9806803100971,8,0.202796284163175,0.256731466121466,1.17992128696038
"tnc",10.9735928318186,8,0.20319996005593,0.257047178020637,0.820265395638257
"nme2b.2",10.9470939095007,8,0.20471499088356,0.258767203954485,0.584197742560725
"dusp2",10.8267025975181,8,0.211713137886987,0.26741022571624,0.720542355955607
"lamb2",10.6451958498605,8,0.222624390702696,0.280978965841433,1.07102113518008
"CU062632.1",10.5732949007153,8,0.227068149028263,0.286370580076522,0.253508954360105
"slc7a5",10.5454417293696,8,0.228808271494612,0.288346883744344,1.03827063546781
"coro1a",10.3708932877724,8,0.239952736528693,0.302162705258354,0.524893250554875
"alcamb",10.3501132745895,8,0.241307185253895,0.303638799571745,0.930457661580511
"zgc:113625",10.3110907034012,8,0.243866715430091,0.306627885212476,1.26420256812126
"trim2a",10.3077244978871,8,0.244088489676692,0.306675281901485,1.45352666611273
"CR762400.1",10.2318004889224,8,0.249132082850588,0.312776224588605,0.908050042926838
"si:ch211-191i18.2",10.1624536722311,8,0.253808486122372,0.318407332740867,3.48816499747399
"nrxn1a",10.1472626150661,8,0.254841815967519,0.31946310413987,1.01127898687521
"eva1a",10.0305726099416,8,0.262886673997619,0.329300149533859,0.937795295875603
"epha4b",10.0124150976356,8,0.264155619085453,0.330641067916127,1.27106472593875
"GALNTL6",9.99619166825952,8,0.265293312280168,0.331773004558364,0.760031854423375
"CU179759.2",9.99384428204142,8,0.265458232338715,0.331773004558364,0.720875148199319
"kif26ba",9.91220872065277,8,0.271241888838139,0.338747366420045,1.74992676113413
"znf804a",9.90273520145496,8,0.27191913799749,0.339338789441063,0.55516918074669
"hsp70.2",9.87259403891749,8,0.274082309667388,0.341782281366668,0.607657866980392
"CR513789.1",9.84803285327732,8,0.275854500471645,0.343734927289275,2.76196643403646
"apof",9.78507550355413,8,0.280436080003771,0.349182742366429,0.803600372571135
"si:dkey-65b12.6",9.76230688955284,8,0.28210682888461,0.351000729590561,1.2380393790344
"abhd15a",9.68541382345888,8,0.287803526480783,0.357734352240521,2.93055694779481
"pde4cb",9.6834751533224,8,0.287948239108366,0.357734352240521,0.973314623274542
"bag3",9.6478851711857,8,0.290614349371095,0.360777575299734,0.407760340480397
"dspb",9.61362150140238,8,0.293198108206388,0.363714108914254,0.378263654963051
"cpne9",9.56142897640228,8,0.297165929456792,0.368361933389149,1.57075933602035
"htr2cl1",9.4693632697143,8,0.304259508501359,0.376874603095363,0.410810771333316
"cpne5b",9.45801940756307,8,0.305141891121683,0.377686768654326,0.761646714512884
"zbtb20",9.33381878544459,8,0.314922639038839,0.389503427348705,0.610772227921279
"met",9.20711896614025,8,0.325126206067651,0.401825118181534,0.642168624752079
"CR847968.1",9.11474531781425,8,0.332708904756311,0.410891797868061,0.511879141491634
"atp8b2",9.08291146741418,8,0.33535002848046,0.413846775887738,5.87827247348946
"ncanb",9.07673588744973,8,0.335864048573944,0.414174318966832,1.52920452201152
"lama5",9.06122198426104,8,0.337157711806474,0.415462091619516,0.76936507333165
"gfra4b",8.98266536521297,8,0.343760399023202,0.423285162433595,2.47977273812185
"mthfsd",8.96116928163622,8,0.345582266245898,0.425214221244953,0.783125369389866
"si:ch211-194e15.5",8.92775175466436,8,0.348427384976157,0.428229909544972,2048.45354979251
"CR762407.2",8.9263476207473,8,0.348547273315115,0.428229909544972,1.19924608214434
"kidins220a",8.91897440649181,8,0.349177268993852,0.42868778934691,0.389053309684513
"hpn",8.87638861220011,8,0.352830833028487,0.432854320931856,2.86175912856624
"hsp70.3",8.64324186353175,8,0.3732792270387,0.457603526303513,0.257505792255935
"mb",8.62433353691372,8,0.374970379144997,0.459338714452621,1.38378841916819
"CR954285.2",8.57761576678113,8,0.379169663286063,0.464141556968833,0.476758289854465
"col1a1b",8.54379697321933,8,0.38222797344888,0.467541706142316,0.499683743405437
"CU179643.1",8.50283544500311,8,0.385952881299342,0.471751650949893,0.62594751261205
"RTKN",8.45441349055689,8,0.390385256411097,0.476819528724991,0.354939030259821
"cdh24b",8.34450671075019,8,0.400561393355755,0.488890315993177,5.73419077934958
"usp43a",8.29668982965595,8,0.405038296813931,0.49399253476721,0.938301123717021
"si:ch211-263k4.2",8.2444335703735,8,0.409964827726498,0.499635261881745,0.667335467907125
"eda",8.21812076691292,8,0.41245883729199,0.502307326702088,1.11600941813934
"CABZ01118738.1",8.1545056188945,8,0.418525042266933,0.509322659179482,8.49957106838375
"si:ch211-244b2.4",8.08187537721292,8,0.425513455568865,0.517449209472795,0.793178690120807
"pcdh7a",8.00581561543445,8,0.432902237821594,0.526050421743819,1.56994599754662
"CABZ01010830.1",7.97875428519403,8,0.435548225053465,0.528681370828021,28.4196509319261
"nectin1a",7.97718443916546,8,0.435701994085758,0.528681370828021,2.25870030122513
"sulf1",7.95979673984842,8,0.437407146324412,0.530364123563661,0.773027993672694
"plxnc1",7.95556281057235,8,0.437822907109952,0.530482155087404,0.66342201558782
"CABZ01070258.1",7.91398891169564,8,0.441916812495896,0.5350533500132,0.238779603492633
"myo16",7.89115095405714,8,0.444174529476287,0.537396344304643,0.795273181454796
"s100a11",7.8360680262967,8,0.449645301276311,0.543620516637398,0.803626664092189
"slc29a1b",7.78662722822671,8,0.454585881670786,0.549195126079427,0.467177547763176
"prss35",7.73242600085043,8,0.460034442557956,0.555374913986634,0.788369841565813
"pde3a",7.66450260495665,8,0.466909193443961,0.563266268122837,0.498363303064609
"xpr1a",7.65564695271787,8,0.467809279821235,0.563943748322849,0.956289437194612
"si:ch211-1a19.3",7.6439796582094,8,0.468996456852719,0.564966086129161,0.779477446267003
"samsn1a",7.60022842990611,8,0.473461476512915,0.569932673316847,2.46317309713684
"isl1",7.55705882657473,8,0.47788734324161,0.574844991942615,0.991465094215844
"olfm2a",7.55002235895138,8,0.47861062019394,0.575299634374534,1.3334283803522
"cadm4",7.51153888154575,8,0.482575533443844,0.579647324237523,0.62666829899665
"nfatc2a",7.50744316766041,8,0.482998420716889,0.579737297488715,0.319822705039784
"SRCIN1",7.49905840735922,8,0.483864699234056,0.580358955308811,1.76806778862154
"FRMD5",7.46170843002637,8,0.487732329581737,0.584577022361995,1.0989305598273
"meis2a",7.41233141690168,8,0.492867088745925,0.590306664162984,0.496720587960221
"si:ch211-121a2.4",7.28577544655938,8,0.506136916502311,0.605764441733369,2.75227425331462
"nes",7.07340204606517,8,0.528734276715628,0.632355567127233,0.893934067165056
"CR376857.2",7.06772907966223,8,0.529343179000899,0.632629652952294,1.76937441030396
"rdh10a",7.03725184850169,8,0.532618863250232,0.635887122457256,5.12068489073248
"pvalb2",7.03526946099133,8,0.532832186644855,0.635887122457256,0.353202459224562
"kcnd1",7.01295511998146,8,0.535235553491586,0.637848585269024,1.21976445848228
"CR925802.1",7.01290004729607,8,0.535241489919625,0.637848585269024,0.786911154745488
"grm6a",6.91992627721718,8,0.545296223744869,0.649366339355934,2.51974987312362
"islr2",6.87817066621378,8,0.549832505310595,0.654300681319608,2.85357273779969
"kcnd3",6.86966830581196,8,0.550757690924725,0.654933842313056,4.98621158970322
"nmur3",6.80843354169334,8,0.557435426119324,0.66240186869814,1898.26618428955
"si:dkey-172j4.3",6.69970964093095,8,0.569350846234379,0.67607876680433,3.08576932627228
"egr3",6.65805922868565,8,0.573933916336521,0.681035544598749,3.79562630212068
"pex5la",6.6306578626291,8,0.576954251536016,0.684132229935234,6.5856830258062
"negr1",6.61961653373005,8,0.5781724115328,0.685089073693915,0.650138387540789
"si:ch211-254n4.3",6.6130482966369,8,0.578897366712712,0.685460563570276,1.60374741689285
"adarb2",6.60840974421694,8,0.579409470171067,0.68557967138139,0.535745480987828
"pvalb3",6.55774110504364,8,0.585010330079785,0.691715549973685,0.68982085413309
"gdf11",6.55270424853495,8,0.585567775232442,0.691883626622162,0.61364250444803
"olfm1b",6.51918739010681,8,0.589280163632722,0.695776578747069,1.75733267038869
"col11a1a",6.41968749190041,8,0.600329033534963,0.708320233618448,0.628669910583096
"pcdh18a",6.3966089548435,8,0.602897194778514,0.710846940198871,2.0269011330478
"lrrc4ca",6.33867934213484,8,0.609351432344966,0.717948717317336,2.40575283751178
"dab1a",6.2800468934392,8,0.615894146147945,0.725144627196096,0.577715788821794
"cyp26a1",6.2696138047937,8,0.617059305653916,0.726003392104113,1.0723003813133
"ces2b.1",6.24541067092613,8,0.619763283738775,0.728670169872124,1.28714560055397
"slc22a7a",6.18601848095129,8,0.626403788448202,0.735958188684559,0.471779943098204
"BX000522.1",6.17006942232429,8,0.628188102283182,0.737534445668627,1.84374274758873
"BX294178.3",6.15145035284133,8,0.630271619441035,0.739459519710397,1.54347644356594
"dlgap1b",6.12300986794885,8,0.633455078253297,0.742671471055589,0.673738180888566
"si:dkeyp-97a10.1",6.0884178329406,8,0.637328310703701,0.74668703630968,3.16036949419503
"fabp11b",5.98049140224923,8,0.649417247964253,0.760315625515422,2.26041886970444
"selp",5.89043518009873,8,0.659503374007196,0.771387948298722,1.28663305312298
"sdk2a",5.88778035162081,8,0.659800616041824,0.771387948298722,13.3042720407378
"rab11fip5a",5.79390786074578,8,0.670304665994924,0.783118915531236,11.2017246014365
"sned1",5.75808342110102,8,0.674309136937069,0.787245285309851,1.93337660311474
"rundc3aa",5.74326830572764,8,0.675964322604331,0.788625043038386,4.72126921702854
"MFAP4.3",5.72693797009868,8,0.677788156633589,0.790122709237117,1.508827621889
"en2a",5.72328030227349,8,0.678196563150706,0.790122709237117,6.23206877577235
"slc2a11b",5.70311949233216,8,0.680447009871615,0.791691617036481,0.498264091657338
"ctnna2",5.70270168973878,8,0.680493634811669,0.791691617036481,0.448079511002821
"tnnt2a",5.69657116850793,8,0.681177715359439,0.791934454842167,4.64155807670496
"mcama",5.61435501509171,8,0.690340149631974,0.802026979976895,1.37416150108334
"dachc",5.57435679965039,8,0.694788694466365,0.806632728209731,0.529846253407257
"tnn",5.56135564536818,8,0.696233235247552,0.807746914987759,0.743043101318692
"f13a1b",5.55251121841123,8,0.697215505860467,0.808323613614154,0.361727933720421
"cdo1",5.49129509654696,8,0.704004233055549,0.815626601022632,8.30058729138956
"shisa9a",5.4822631081222,8,0.705004291725308,0.81621761641026,0.963263353294878
"irs2b",5.46416137839111,8,0.707007297469714,0.817968164989266,0.340725002815748
"agbl4",5.39357788924633,8,0.714799982784562,0.826409973156891,0.871605557174732
"zgc:153704",5.38045423134621,8,0.716245597273126,0.827507049276718,0.337746771563264
"tmem200a",5.37407162755211,8,0.716948269174894,0.827744848541492,2.70966269824833
"FP236476.1",5.3539045086119,8,0.719166772505083,0.829731193208773,0.723672532171442
"gyg2",5.22057132875444,8,0.733762017058159,0.845984443196465,5.2554648965037
"lrrc38b",5.20199602152764,8,0.735784488464368,0.847729569696845,2.53245962565853
"cracr2ab",5.18212357193055,8,0.737945002122277,0.849631218753084,0.451230706191971
"he1.1",5.17399892446266,8,0.738827336097557,0.850059628410587,0.895955568625108
"cacna1g",5.14734641249707,8,0.741717740832661,0.852796243082963,0.774483667128213
"chrm2a",5.07064104091149,8,0.749999933594332,0.861724061633212,0.72455408833596
"dapp1",5.05535571374904,8,0.751643587148004,0.862602666012854,2.17837951666168
"il1b",5.05389849033588,8,0.751800162695476,0.862602666012854,1.58078070102287
"BX649276.1",5.04467748029276,8,0.75279044396273,0.863144445727397,0.910957796702417
"stc1",5.03126287954236,8,0.754229546094227,0.863685657839541,2.51677988569784
"cers6",5.03061223910513,8,0.754299299013525,0.863685657839541,2.99978988593917
"ccl25b",4.96092543011964,8,0.761744205622687,0.871611158356728,1.57013786568857
"ank2b",4.93678926443931,8,0.764310343339653,0.873947173647125,0.353445944721699
"TCERG1L",4.84264928387035,8,0.774254032643041,0.884710026325999,1.36046940738342
"si:ch211-266k2.1",4.83101470666347,8,0.775475431135098,0.885498333290661,10.8478244065708
"thbs1a",4.74871940708931,8,0.784064650437186,0.894692950430378,2.5723506934489
"adrb3a",4.73788048412074,8,0.785189156806415,0.89536285779568,0.704876658718999
"osr1",4.7224625884046,8,0.786785919379161,0.895954286348859,0.792199363387936
"vax2",4.72000619040407,8,0.787040011473852,0.895954286348859,2.86696204014223
"bmp7b",4.71728714290751,8,0.787321173598277,0.895954286348859,0.662020716612665
"ncam3",4.67263008440488,8,0.791923873519202,0.900576910090779,0.920484185405153
"ccdc141",4.65196326190789,8,0.794044169184482,0.902372159523429,0.496652465430497
"fkbp16",4.62809537288586,8,0.796484980293986,0.904100268684084,0.783006706443855
"lpar3",4.62647693791049,8,0.796650176727633,0.904100268684084,4.26343985098317
"cacna2d2a",4.61252544618608,8,0.798072578577297,0.905097968624763,0.242947717182642
"col27a1b",4.56439219745324,8,0.802956833271495,0.910017744374361,0.536227856192129
"scn1lab",4.55739353548567,8,0.803663977481233,0.910199990811512,0.647943045959376
"fstb",4.54981033178469,8,0.804429299938158,0.910447835391964,4.53438671015796
"ccl39.7",4.54336864842488,8,0.80507869041876,0.91056422147838,2.76195691775453
"si:ch211-136m16.8",4.51558367107915,8,0.807871991971264,0.913103621861686,0.893310695239742
"KCNMA1",4.48064133697599,8,0.811366742985693,0.916194731490623,1.8927047265749
"runx3",4.47723092833373,8,0.811706736902857,0.916194731490623,0.627974467871653
"CR925763.1",4.46827442726927,8,0.812598697610043,0.916580521474835,0.807445984717357
"dpyda.3",4.3779006438921,8,0.821520828954001,0.926017389064524,0.291490216391312
"lpin1",4.36248482305656,8,0.823028204177137,0.927089241486889,1.64354750317617
"hapln1a",4.2658216344013,8,0.832379015920579,0.936988811164652,0.857785062051631
"asip2b",4.25821009186816,8,0.833107737307833,0.937175888153173,1.14209245217433
"si:ch211-264f5.8",4.23110512839812,8,0.83569349753906,0.939450315047283,7.12451485946066
"zgc:171686",4.16348482039938,8,0.842080147120465,0.945991588066551,0.611328940840247
"rflnb",4.15708284619752,8,0.842679962119964,0.94602750464411,1.14673144277757
"ca14",4.12883831981267,8,0.845316058044696,0.948347846937686,0.971555933557931
"irx4b",4.0603588864337,8,0.851636996290279,0.954796255598657,2.17693777172946
"si:dkeyp-41f9.4",4.05067703741827,8,0.852522481501722,0.955146236840531,9.75248531514673
"CR854927.3",4.00623362477707,8,0.856560603131749,0.959025513990251,18.6347912292047
"chodl",3.99432928690317,8,0.857634729200071,0.959583249729562,4.43462182365123
"ncam1a",3.98171558439234,8,0.858769362959101,0.959694431202931,0.351225116225948
"foxf2b",3.9804145047997,8,0.858886192631195,0.959694431202931,0.466416696117241
"rgs13",3.90273107207043,8,0.865790983532826,0.966761245687459,2.11098218691281
"tbc1d10c",3.88326360251073,8,0.86749917325761,0.968019841022892,0.555193386552971
"rbp1.1",3.85313180225854,8,0.870125261586653,0.969748582355381,2.44274072089688
"antxr2b",3.85212577278152,8,0.870212563398136,0.969748582355381,2.54523514481053
"tirap",3.81092923026099,8,0.873766387553734,0.973058022503022,2.84552072181942
"chrm3a",3.73917824805574,8,0.879855752571504,0.979184825507098,1.30548142343749
"rca2.2",3.67650800664673,8,0.885067670473167,0.984327596133709,1.03326593217283
"BX649313.1",3.66707485653813,8,0.885843381471861,0.984533071068793,1.6544466918505
"si:ch211-197h24.8",3.62862099591136,8,0.888981400160661,0.987362008445108,8.8116085187764
"ntm",3.53811071949965,8,0.896211833480732,0.994729456748101,0.254000783747385
"slc25a15a",3.50726094541116,8,0.898625398205789,0.996105015731238,0.682625325646779
"CU075735.2",3.50698380170557,8,0.898646961971219,0.996105015731238,4.00562134327071
"CABZ01072077.1",3.47040317011091,8,0.901474480196061,0.997882564474091,0.847497742906488
"pdlim3b",3.46589809579286,8,0.901820121153064,0.997882564474091,1.15087138115663
"BNC1",3.46293034109694,8,0.902047504260493,0.997882564474091,3.4443579606522
"tppp3",3.38953762098123,8,0.907591519186783,1,7.02829952685377
"si:dkey-185m8.2",3.38794607496452,8,0.907710043507974,1,0.599922689902889
"BX001047.1",3.36436285017615,8,0.909457776664178,1,2.51816290479753
"dct",3.33357674500689,8,0.911715110315932,1,1.31495691633504
"ptprc",3.29270149203924,8,0.914669487405451,1,0.982838549264357
"rlbp1b",3.28677599816296,8,0.915093696318941,1,1.92488284097858
"tspan33a",3.28273999033839,8,0.915382042852011,1,2.38923971962689
"cd7al",3.26102275969826,8,0.916925323596851,1,1.37813226111883
"CT025745.1",3.25037786359261,8,0.917676664272683,1,0.175877276730407
"aldocb",3.1809827206652,8,0.922491609841704,1,0.285367980296929
"CR352292.1",3.18061154601896,8,0.922516973603299,1,3.05235127326636
"CR556696.1",3.16890379698466,8,0.923314865030654,1,7.91028085529194
"ccbe1",3.1525663335729,8,0.924421316331464,1,2.73640587590911
"si:ch73-315f9.2",3.12984146513618,8,0.925946822127534,1,3.13248439193399
"zgc:92912",3.12959623307622,8,0.925963198291442,1,5.32026457053424
"csf1ra",3.1279974097542,8,0.926069919743379,1,0.734904914106299
"tnni1b",3.08470250937891,8,0.928929999511628,1,7.00613707973756
"gfi1ab",3.08045338999914,8,0.929207584883145,1,5.34464350542732
"syt6a",2.98349449531638,8,0.935389076442889,1,0.617760414182702
"alcama",2.97832207048186,8,0.93571057035106,1,0.312192799300483
"CABZ01087025.3",2.95532579803251,8,0.937129703489322,1,5.37388811361701
"CR855379.1",2.955296400818,8,0.937131506950973,1,9.89330990438565
"xirp1",2.93705865226692,8,0.938245088285888,1,73.7076266420244
"CR352265.3",2.90900348490042,8,0.939937526169917,1,7.03597087314336
"serp2",2.90371309923419,8,0.940253867427503,1,13.95868052062
"pdgfrl",2.89280603658989,8,0.940903247845028,1,4.42450366359139
"slc7a4",2.85715689319901,8,0.942999227998691,1,3.33615473582776
"CT025912.2",2.79454577749196,8,0.946581825725206,1,5.4009768886627
"mmp17b",2.79386436731674,8,0.946620122155035,1,0.279865953911374
"lzts3b",2.78189237927573,8,0.947290525654695,1,110.073465937162
"gp1bb",2.76783479472597,8,0.948071811988204,1,1.16589705854745
"rgs7bpa",2.73891401481475,8,0.949659065133981,1,1.0701602850401
"si:ch211-222n4.2",2.67088833405162,8,0.95328559097227,1,4.15838699343616
"ak5l",2.67074456345685,8,0.953293096315193,1,3.71526317551933
"glis1b",2.6629709556433,8,0.953697905271286,1,5.31971672214271
"erbb4b",2.65648254105145,8,0.954034282101897,1,0.763735361230649
"CR628324.1",2.63109990194576,8,0.955337013061367,1,9.4755535649037
"CABZ01050944.1",2.6170673340286,8,0.95604820419561,1,0.85227877334102
"RNF224",2.5799232947252,8,0.957899719157658,1,2.27113132090012
"prom1b",2.57649137448759,8,0.958068517765211,1,1.61113095778277
"grm3",2.54570067911791,8,0.959565755628714,1,0.622505385823748
"rasgrp2",2.51911704360894,8,0.960833521420706,1,1.77339121139734
"si:dkey-246g23.2",2.4918294480511,8,0.962110862432277,1,0.308136247348647
"laptm5",2.47390150520125,8,0.962936846166348,1,1.17488240848019
"hey2",2.45171197987577,8,0.963944650634436,1,0.470849397831436
"csf1rb",2.43763220367245,8,0.964575800739875,1,0.799591538172957
"FO704673.1",2.42515163342174,8,0.965129862456877,1,1.94814162199339
"CT009597.1",2.42054757715013,8,0.965332973560693,1,8.48303545797942
"itga3a",2.38399785431581,8,0.966920912787202,1,0.776277597126353
"SYNDIG1",2.373245171122,8,0.96737980495865,1,9.55297830803583
"gpr143",2.36935872777172,8,0.96754474269203,1,0.656696261707274
"btbd11b",2.35158525438581,8,0.968292788113676,1,0.250582876710308
"si:dkey-85k7.7",2.32496000454994,8,0.969394224128018,1,0.450111243072364
"CR788236.1",2.32410504781219,8,0.969429211712888,1,0.515541308271929
"tmtopsb",2.31513100000485,8,0.969795032197215,1,47.9061912849073
"mmp9",2.29534056474214,8,0.970592577075096,1,0.666457434478544
"ccdc136b.1",2.24093361476243,8,0.97272011031095,1,25.3391406042526
"s1pr5b",2.18646201439084,8,0.974755098707615,1,5.21760409563396
"camk2d1",2.17379444310842,8,0.975214783148883,1,0.683979497575611
"thsd7aa",2.15442651765162,8,0.975907762860754,1,0.589620309672059
"micu3b",2.14513135519992,8,0.976236121793555,1,28.2383908273055
"si:dkey-10f21.4",2.13729956025323,8,0.976510666030045,1,2.3258644044779
"si:ch211-261a10.5",2.120229927054,8,0.977102338606325,1,2522.9596300228
"ca10a",2.07646729015668,8,0.978577436707345,1,0.785127263187077
"BX511025.1",2.07357948843924,8,0.978672667972137,1,0.235103091953889
"si:ch211-255i3.4",2.0631778112877,8,0.97901353104455,1,0.677925936457862
"atoh7",2.05826239776346,8,0.979173437595816,1,1.10924918281093
"cntnap1",2.05147183526251,8,0.979393110856235,1,2.32977670383303
"otpb",2.01879385378091,8,0.980430264592502,1,0.352077796467667
"adora2ab",1.98644956590244,8,0.981424442337439,1,2.4789454382068
"ntn1a",1.97387966476178,8,0.981802169304174,1,0.372009242723472
"fam161a",1.92508405266655,8,0.983223041494232,1,76.5947508768446
"fosl1a",1.9190231685405,8,0.983394513334502,1,0.0355845645618987
"cdkn1ca",1.91796336488769,8,0.983424383628951,1,0.264062606184253
"barx1",1.90507017563352,8,0.983785081716823,1,0.574187458662441
"si:dkey-7n6.2",1.88791410237466,8,0.984257344318789,1,1.79834462160644
"CR382372.1",1.77135164915017,8,0.987237085697354,1,1.32166111426508
"arl13a",1.70211695342347,8,0.988822599523981,1,0.731159135009644
"cxcl8b.1",1.62498400254451,8,0.990432901930985,1,0.678123243913605
"cryba1b",1.5645323867541,8,0.991583628141028,1,58.8458617469801
"abch1",1.53909683058262,8,0.992039378181357,1,8.61886607002608
"tprg1",1.53317656977844,8,0.992143081316883,1,0.562067030638511
"cebpa",1.49937363544793,8,0.992718230417427,1,0.494903857250358
"zgc:158423",1.47630438601303,8,0.993094378638469,1,0.181163389400078
"ENSDARG00000094627",1.47489730666392,8,0.993116896721979,1,1232.66567728177
"bscl2l",1.4718423952428,8,0.993165618675437,1,0.117645956394252
"CR774179.2",1.43059117433262,8,0.993801339590031,1,0.98679355858155
"myo1hb",1.42696891177241,8,0.993855209895064,1,0.488485953602164
"KCNB2",1.42672517179801,8,0.993858823593339,1,0.616607709058605
"cd28l",1.39203756070351,8,0.994358823960679,1,92.1587807666233
"crybb1l1",1.33820685861318,8,0.995079778003255,1,2.6594629901547
"nrxn3a",1.33710299061457,8,0.99509387771202,1,0.228061976063435
"si:ch211-197l9.2",1.3245116715585,8,0.995252793987784,1,9.53315914731362
"hccsa.2",1.31175448003965,8,0.995410241882865,1,1.31602250628968
"mxra5a",1.30641970644395,8,0.995475028676107,1,1.10818958240392
"npr3",1.28911439279561,8,0.995680949406823,1,0.40188539057018
"rgs6",1.27722457912921,8,0.995818709412794,1,0.339267201043947
"si:dkey-262k9.2",1.26484149766564,8,0.995959000844639,1,0.399846455912665
"ptpro",1.25357350219566,8,0.996083864974782,1,44.2842110806764
"lgals2b",1.22371474828973,8,0.996402064834154,1,0.776432935362065
"zgc:158785",1.21546830512273,8,0.99648675050688,1,0.976483529524993
"BX901968.1",1.20718591091679,8,0.996570433064575,1,2.51797510273544
"si:dkey-239j18.3",1.20425578141394,8,0.996599710782994,1,0.800197352767195
"ly6m5",1.19966669309518,8,0.996645222658159,1,6.59741245405687
"si:dkey-31j3.11",1.17461948556921,8,0.996886343594622,1,3.1465579997127
"galnt18b",1.13649601500705,8,0.99723023906046,1,0.276233548418893
"cadm1b",1.09570376861818,8,0.997568404478913,1,0.527053187633369
"gdf7",1.09259064646252,8,0.997592983330814,1,8.21828924920345
"sema3c",1.0851343472731,8,0.997651157514333,1,0.989141462648268
"myb",1.0688998176144,8,0.997774461621173,1,0.511099683381742
"col6a3.1",1.04900112956691,8,0.997919422833718,1,0.800926333674782
"crygmx",1.04179926801053,8,0.99797024090707,1,1.83067869625953
"slc16a1a",1.02334466196438,8,0.998096537808817,1,0.268827969056441
"GRIK3",1.01794321243546,8,0.998132449303038,1,0.609175645414783
"si:ch73-359m17.5",1.011492644103,8,0.998174718295835,1,5.11765192156343
"CR626882.3",0.982651511441544,8,0.99835562664306,1,0.636844115646988
"plxna3",0.968685374972357,8,0.998438585047333,1,0.208220195928764
"crybb1",0.965412743949,8,0.998457594954067,1,10.8883343042809
"enpp2",0.923981790408326,8,0.998684535033077,1,0.169923323781781
"si:dkey-102g19.3",0.897770893179437,8,0.998815407020683,1,2985.59711387378
"ptx4",0.818725018100069,8,0.999154745999475,1,1.26380195565364
"tdrd7a",0.798866714787715,8,0.999227792707862,1,3.18238028895988
"sdhda",0.781943734928122,8,0.999286427054984,1,662.929355150119
"alpk2",0.724786226512502,8,0.999461263242534,1,0.928498966281515
"slc17a9a",0.70063187730966,8,0.999525057417414,1,3.27152144048978
"slc25a47b",0.692907610531881,8,0.999544268914996,1,49.4769361017665
"igfbp6b",0.687609599021551,8,0.999557121595634,1,1.55218194405463
"wbp2",0.669510255031424,8,0.999599084092939,1,0.435942434762539
"AL929378.2",0.659750079871897,8,0.999620494256514,1,0.216106603317993
"zgc:112265",0.658956484802531,8,0.999622198397836,1,16.9196324158534
"sp100.2",0.638057378972669,8,0.999665137900812,1,1.01755424333169
"ugt5c1",0.59610432047533,8,0.999740625566793,1,2.83444743656772
"si:ch73-139e5.4",0.511339368345559,8,0.999854768429815,1,1869.08658883304
"arhgap22",0.401312814821727,8,0.999942439899275,1,1.05884523944137
"myl4",0.321191618709824,8,0.99997561742242,1,0.215984392673838
"si:dkey-178k16.1",0.249169440806228,8,0.999990912315516,1,0.302422680453685
"col1a1a",0.18247731962663,8,0.999997315562813,1,0.164721280395407
"prph",0.171436835065713,8,0.999997899384986,1,0.562527104072047
"CNNM4",0.135261136610701,8,0.999999174170813,1,0.228652897337461
"FAM135B",0.117366613306686,8,0.999999528503573,1,0.517078648094594
"mpeg1.1",4.73003964861242e-06,8,1,1,70.4833933867889
"si:dkeyp-123h10.2",9.20112150781699e-07,8,1,1,114.291531754425
"zgc:64065.1",8.00005600919084e-08,8,1,1,52.0672358085324
"CT573006.1",1.46877451726021e-09,8,1,1,45.4331245772147
"epha3",0,8,1,1,0.879477654339311
"fhod3b",0,8,1,1,1.1734837660327
"asic2",0,8,1,1,0.662132572659236
"six3a",0,8,1,1,0.499551716037312
"NAV1",0,8,1,1,1.56634210464735
"celf5a",0,8,1,1,0.36133147950075
"RNF14",0,8,1,1,1.52113358320661
"BX294178.2",0,8,1,1,0.901980550744976
"mmp25a",0,8,1,1,1.14522891859829
"BX465862.4",0,8,1,1,1.0896098839226
"crygm2d13",0,8,1,1,5.68675541591496
"si:dkey-5n18.1",0,8,1,1,2.77369718293038
"foxl2a",0,8,1,1,1.41921659767591
"CR318607.1",0,8,1,1,0.630477513208404
"itga10",0,8,1,1,1.21240399378288
"prlra",0,8,1,1,3.51789811297598
"six2a",NA,NA,NA,NA,33.4354336982204
"unc5a",NA,NA,NA,NA,0.422053486440842
"tbx1",NA,NA,NA,NA,7.57173129159496
"GNAZ",NA,NA,NA,NA,3.34375740958741
"spi2",NA,NA,NA,NA,0.661787417151122
"cxcr4b",NA,NA,NA,NA,0.236441962581777
"gfra4a",NA,NA,NA,NA,1.24369241141645
"brsk2b",NA,NA,NA,NA,0.180334651194578
"anxa2a",NA,NA,NA,NA,1.01933713831239
"cryba4",NA,NA,NA,NA,10.613220634095
"dkk1a",NA,NA,NA,NA,208.553744618794
"dub",NA,NA,NA,NA,1.24510200362561
"ptx3a",NA,NA,NA,NA,21.4703439576076
"BX927333.1",NA,NA,NA,NA,0.60799138837316
"adgrl1a",NA,NA,NA,NA,0.479175945719816
"sorcs2",NA,NA,NA,NA,1.94129730770618
"gask1a",NA,NA,NA,NA,1.19094601741909
"lmo1",NA,NA,NA,NA,0.916164290099453
"nppb",NA,NA,NA,NA,3.20837305137455
"si:ch73-56d11.5",NA,NA,NA,NA,1.11515422622472
"tyrp1b",NA,NA,NA,NA,0.913276183475137
"gpd1b",NA,NA,NA,NA,0.861199553521505
"cyp26c1",NA,NA,NA,NA,10.7521214673524
"si:dkey-183k8.2",NA,NA,NA,NA,3.24921083534801
"si:ch211-63i20.3",NA,NA,NA,NA,0.627161370991677
"ebf2",NA,NA,NA,NA,4.13275365465444
"tmtc1",NA,NA,NA,NA,0.920399118715682
"psme1",NA,NA,NA,NA,0.495297402293956
"ahrra",NA,NA,NA,NA,2.11976683541273
"col18a1b",NA,NA,NA,NA,12.7434966276457
"nmu",NA,NA,NA,NA,3.39036256965985
"ftr69",NA,NA,NA,NA,0.54039594501379
"eps8b",NA,NA,NA,NA,1701.81448929002
"st6galnac5a",NA,NA,NA,NA,0.566136237285381
"si:dkey-65b13.1",NA,NA,NA,NA,0.758521486987259
"cryba2b",NA,NA,NA,NA,6.13735251940356
"vwde",NA,NA,NA,NA,3.39610367052796
"CT583650.1",NA,NA,NA,NA,1.07667914255169
"pitx3",NA,NA,NA,NA,18.649834076937
"CABZ01102039.1",NA,NA,NA,NA,0.479502506973706
"prkcda",NA,NA,NA,NA,0.295493527192861
"ifi46",NA,NA,NA,NA,1.395917328504
"hs3st4",NA,NA,NA,NA,0.255483380948952
"lpar5a",NA,NA,NA,NA,3.88540327236087
"BX005396.2",NA,NA,NA,NA,0.505114169182272
"slco1c1",NA,NA,NA,NA,0.700182965506407
"muc5.1",NA,NA,NA,NA,1.9612607395656
"crygn2",NA,NA,NA,NA,5.25659270564991
"FP102806.1",NA,NA,NA,NA,1.32966080247175
"AL953865.1",NA,NA,NA,NA,2.69787456383257
"ncf2",NA,NA,NA,NA,3.47220407261395
"scn1ba",NA,NA,NA,NA,0.661686008369584
"BX908750.1",NA,NA,NA,NA,0.61383916192399
"arhgef10lb",NA,NA,NA,NA,3.34695116791146
"CU929150.1",NA,NA,NA,NA,2.68411194555114
"neto1l",NA,NA,NA,NA,0.215414981342798
"mgll",NA,NA,NA,NA,0.825455184694427
"hpse2",NA,NA,NA,NA,1.11633989910986
"fmnl1a",NA,NA,NA,NA,0.623523318810466
"srrm4",NA,NA,NA,NA,0.778743171053834
"pag1",NA,NA,NA,NA,0.688383359416164
"TENM2.1",NA,NA,NA,NA,0.122960303495833
"CT868708.1",NA,NA,NA,NA,0.251557313089557
"slc6a5",NA,NA,NA,NA,0.466617365195062
"BX323575.1",NA,NA,NA,NA,0.255220104853917
"CR848833.1",NA,NA,NA,NA,0.470397615735862
"CR392045.1",NA,NA,NA,NA,2.90645603397824
"gpm6aa",NA,NA,NA,NA,0.435989724204771
"igsf21a",NA,NA,NA,NA,0.290707420876495
"BX539321.2",NA,NA,NA,NA,0.783073410396715
"st6gal2b",NA,NA,NA,NA,51.4753263729266
"fibina",NA,NA,NA,NA,2.28249243962842
"im:7152348",NA,NA,NA,NA,0.897921830752753
"TENM2",NA,NA,NA,NA,0.231954406078062
"syk",NA,NA,NA,NA,0.395721003994605
"wu:fj16a03",NA,NA,NA,NA,1.27659189186929
"CR533571.1",NA,NA,NA,NA,3.73108295109583
"strc1",NA,NA,NA,NA,2.04173303806911
"ptpn22",NA,NA,NA,NA,1.01643001780034
"hoxc1a",NA,NA,NA,NA,0.696003729036399
"dnajb1b",NA,NA,NA,NA,0.201070453449314
"bcl11ba",NA,NA,NA,NA,0.603533500633902
"hand2",NA,NA,NA,NA,0.143260160786658
"cldna",NA,NA,NA,NA,4.92121574288538
"si:dkeyp-68b7.12",NA,NA,NA,NA,0.908277364876391
"cox6a2",NA,NA,NA,NA,2.69206398505769
"zgc:163121",NA,NA,NA,NA,0.78281602503065
"samd10a",NA,NA,NA,NA,12.8569282493687
"cacna2d3",NA,NA,NA,NA,2.38104426616497
"dlg2",NA,NA,NA,NA,0.183425197886789
"abcb11a",NA,NA,NA,NA,0.574540645593496
"kcnd2",NA,NA,NA,NA,1.12339573633324
"CR753876.1",NA,NA,NA,NA,1.03806704216305
"mogat2",NA,NA,NA,NA,0.967111033853301
"muc5.2",NA,NA,NA,NA,0.772911773667525
"BX548018.1",NA,NA,NA,NA,3.31850808541892
"slc45a1",NA,NA,NA,NA,1.5927256226611
"gpt2",NA,NA,NA,NA,2.1895409219704
"fabp7a",NA,NA,NA,NA,0.0810479714639317
"foxg1d",NA,NA,NA,NA,113.372166400603
"VSTM2B",NA,NA,NA,NA,5.68994782987179
"itgae.2",NA,NA,NA,NA,2.38491332961958
"hoxc13b",NA,NA,NA,NA,3.81091681645231
"cyp1c2",NA,NA,NA,NA,1.56601384633519
"pax2b",NA,NA,NA,NA,5.01246643592468
"mafaa",NA,NA,NA,NA,1.72045209215258
"sgip1b",NA,NA,NA,NA,0.270432652632375
"vwf",NA,NA,NA,NA,0.385630102491062
"cyp2p7",NA,NA,NA,NA,0.348402391081817
"ret",NA,NA,NA,NA,10.6438122215168
"arhgap45b",NA,NA,NA,NA,1.28400711900799
"AL935186.3",NA,NA,NA,NA,2.78519498927356
"AMDHD1",NA,NA,NA,NA,0.514542848188199
"hsd11b2",NA,NA,NA,NA,1.00737383338256
"CFAP77",NA,NA,NA,NA,9.27221030191041
"slc14a2",NA,NA,NA,NA,3.45842033951025
"itgb3a",NA,NA,NA,NA,5.23588111853364
"tcap",NA,NA,NA,NA,4510.79914062773
"klf1",NA,NA,NA,NA,2.44622683993982
"rnf152",NA,NA,NA,NA,0.803129140358255
"jph1b",NA,NA,NA,NA,1.32788934918797
"cavin4a",NA,NA,NA,NA,5.85925261727532
"zgc:92518",NA,NA,NA,NA,1.3375892733663
"ubn1",NA,NA,NA,NA,2.35319680362845
"wnt10a",NA,NA,NA,NA,0.266453653392493
"sgk2b",NA,NA,NA,NA,0.60900888342251
"si:ch211-225p5.8",NA,NA,NA,NA,4.85063760726002
"CU633785.1",NA,NA,NA,NA,4.67799888429885
"serpind1",NA,NA,NA,NA,3.00785819710006
"FO082779.2",NA,NA,NA,NA,2.92758638755314
"mlsl",NA,NA,NA,NA,1.10165171197128
"si:dkey-33c12.3",NA,NA,NA,NA,5.13795513766332
"cdc42ep3",NA,NA,NA,NA,4.23308933403363
"acsl5",NA,NA,NA,NA,0.553076076813964
"AL954187.1",NA,NA,NA,NA,4.55771094926081
"plcd4a",NA,NA,NA,NA,3.80555636552013
"plxna4",NA,NA,NA,NA,0.447340133973605
"foxd5",NA,NA,NA,NA,2.24994446097796
"si:ch73-233f7.1",NA,NA,NA,NA,0.155967403693793
"BX072554.1",NA,NA,NA,NA,1.64855749886052
"trim35-31",NA,NA,NA,NA,0.721259337553124
"chl1b",NA,NA,NA,NA,2.35697164825656
"mylk2",NA,NA,NA,NA,6.01680897187862
"rims2b",NA,NA,NA,NA,0.52935383162343
"card11",NA,NA,NA,NA,50.4348311010351
"vegfc",NA,NA,NA,NA,0.532887126996072
"tnks1bp1",NA,NA,NA,NA,0.342173533994857
"grna",NA,NA,NA,NA,0.476389566184394
"CR385041.2",NA,NA,NA,NA,1.387831416503
"BX296552.2",NA,NA,NA,NA,0.856170791906227
"CU929568.2",NA,NA,NA,NA,2.09656172543771
"calcoco1b",NA,NA,NA,NA,0.925385045907395
"CR354549.3",NA,NA,NA,NA,5.30964635049894
"CT955962.3",NA,NA,NA,NA,0.846706372370459
"kif1ab",NA,NA,NA,NA,1.36574702055311
"tmem255a",NA,NA,NA,NA,0.928910815380549
"rbfox1",NA,NA,NA,NA,0.5149918026074
"slc2a1a",NA,NA,NA,NA,1.61282533239373
"pygl",NA,NA,NA,NA,0.981937226554512
"CABZ01077176.1",NA,NA,NA,NA,3.2483256001115
"shtn1",NA,NA,NA,NA,1.04714550358967
"abcb5",NA,NA,NA,NA,0.473233490212184
"myhz1.1.1",NA,NA,NA,NA,0.816454874645024
"lnx1",NA,NA,NA,NA,0.119171129849539
"si:ch211-250g4.3",NA,NA,NA,NA,0.859361993486639
"dapk2b",NA,NA,NA,NA,1.04874551465495
"wfdc1",NA,NA,NA,NA,1.03373439671123
"serpinf1",NA,NA,NA,NA,1.27573378877471
"mc5ra",NA,NA,NA,NA,2.25652791847526
"BX537130.1",NA,NA,NA,NA,0.461870283977435
"si:dkey-23i12.7",NA,NA,NA,NA,1.05949317479721
"bgnb",NA,NA,NA,NA,1.63306681071776
"rdh5",NA,NA,NA,NA,0.729027225555732
"spon1a",NA,NA,NA,NA,0.706913888304459
"si:dkey-111i23.1",NA,NA,NA,NA,0.0471245510398919
"C11H3orf14",NA,NA,NA,NA,0.530945110595595
"lhx8a",NA,NA,NA,NA,1.37337949474312
"BX890602.1",NA,NA,NA,NA,0.119554515091784
"C18H19orf12.1",NA,NA,NA,NA,0.542671026623095
"CABZ01058647.1",NA,NA,NA,NA,3.62377511441496
"twist2",NA,NA,NA,NA,0.821813765387467
"fbxo32",NA,NA,NA,NA,0.220991391303861
"stx11b.1",NA,NA,NA,NA,298.437447996178
"paqr5a",NA,NA,NA,NA,1.53011416470246
"gfra1b",NA,NA,NA,NA,15.9858274298911
"si:dkeyp-92c9.4",NA,NA,NA,NA,0.870068576757745
"bin2a",NA,NA,NA,NA,0.0508988773750125
"CU466287.2",NA,NA,NA,NA,1.83116100370318
"CABZ01001434.1",NA,NA,NA,NA,4.00448887467394
"BX322792.1",NA,NA,NA,NA,2102.05368312019
"cabp7b",NA,NA,NA,NA,2.73852558431134
"angptl3",NA,NA,NA,NA,0.832049005200932
"znfx1",NA,NA,NA,NA,2.46340852153552
"grk1a",NA,NA,NA,NA,0.74964508269606
"olig2",NA,NA,NA,NA,0.375564948213499
"CU499336.2",NA,NA,NA,NA,1.87036222048527
"aste1a",NA,NA,NA,NA,13.7398468620613
"adgrf3b",NA,NA,NA,NA,2.63935056970444
"si:ch211-125o16.4",NA,NA,NA,NA,1803.51789604246
"grhl1",NA,NA,NA,NA,3.11382763392803
"CABZ01056321.1",NA,NA,NA,NA,2.31452165390982
"ppp2r2cb",NA,NA,NA,NA,1.29352590601885
"ppp2r2ca.1",NA,NA,NA,NA,12.3139531943665
"gabra2a",NA,NA,NA,NA,0.597541196578055
"six4a",NA,NA,NA,NA,0.968490529685571
"srd5a2b",NA,NA,NA,NA,0.73393200203812
"apoea",NA,NA,NA,NA,4.55765059101836
"guca1c",NA,NA,NA,NA,14.2882866437356
"tyr",NA,NA,NA,NA,1.92443373322532
"psma6l",NA,NA,NA,NA,0.937887535491314
"RIMBP2",NA,NA,NA,NA,20.6718859446373
"BX248108.1",NA,NA,NA,NA,34.8664824266457
"grin3a",NA,NA,NA,NA,7.11157445140027
"si:ch211-160j14.2",NA,NA,NA,NA,1.57597911199102
"her15.2",NA,NA,NA,NA,1.03595950294501
"hsf5",NA,NA,NA,NA,40.0953910397229
"syt5a",NA,NA,NA,NA,0.98217483304623
"znf750",NA,NA,NA,NA,1.11315647251147
"igfn1.3",NA,NA,NA,NA,1.59272043772839
"retreg1",NA,NA,NA,NA,0.410799627397422
"clrn2",NA,NA,NA,NA,385.437257541996
"si:ch73-250a16.5",NA,NA,NA,NA,1.65479891805887
"FP015810.1",NA,NA,NA,NA,1.84569260869169
"crygs3",NA,NA,NA,NA,1.00895336009761
"cd4-1",NA,NA,NA,NA,1.10628585571238
"si:ch1073-90m23.1",NA,NA,NA,NA,31.4784084372121
"calhm6",NA,NA,NA,NA,0.845675080602339
"hjv",NA,NA,NA,NA,0.69389942869713
"mpeg1.2",NA,NA,NA,NA,73.5186492154257
"trh",NA,NA,NA,NA,44.2011111518018
"nkx2.1",NA,NA,NA,NA,5.73467148742441
"wnt8a.1",NA,NA,NA,NA,0.443865804488959
"si:dkey-196h17.9",NA,NA,NA,NA,3.11545776721227
"emx1",NA,NA,NA,NA,66.6215957443587
"b3gat1a",NA,NA,NA,NA,0.173610194746816
"FP236457.1",NA,NA,NA,NA,81.0308251104791
"BX663503.1",NA,NA,NA,NA,58.486019052832
"si:ch211-93e11.8",NA,NA,NA,NA,65.3167488020937
"crispld1a",NA,NA,NA,NA,37.4556873360721
"gorasp1b",NA,NA,NA,NA,0.946000688672515
"cyp2x9",NA,NA,NA,NA,60.700663678209
"chrm2b",NA,NA,NA,NA,0.192183527134494
"si:dkey-81e3.2",NA,NA,NA,NA,1.86694885660477
"CR396595.4",NA,NA,NA,NA,241.257092064926
"lzts1",NA,NA,NA,NA,0.251667679356948
"fam222a",NA,NA,NA,NA,0.883238425152584
"si:ch1073-185p12.2",NA,NA,NA,NA,0.772502569299766
"bmp5",NA,NA,NA,NA,6.64191777505696
"pax4",NA,NA,NA,NA,2.01115191408986
"sfrp2",NA,NA,NA,NA,0.761244240643828
"CABZ01059403.1",NA,NA,NA,NA,1.35417662380606
"twist1a",NA,NA,NA,NA,0.623791280354182
"CU972454.5",NA,NA,NA,NA,1.19324671771715
"csf3r",NA,NA,NA,NA,0.703694454689284
"calb1",NA,NA,NA,NA,0.583419403602577
"fbln7",NA,NA,NA,NA,0.865222933813034
"syt5b",NA,NA,NA,NA,2.23643494515875
"rgs18",NA,NA,NA,NA,0.37203134330035
"gcgb",NA,NA,NA,NA,0.139318808008208
"cyt1l",NA,NA,NA,NA,0.435175649820371
"tbx2a",NA,NA,NA,NA,1.4602978293594
"csgalnact1a",NA,NA,NA,NA,1.12918934133589
"si:dkey-201c13.2",NA,NA,NA,NA,1.74304529985759
"carmil3",NA,NA,NA,NA,1.40266992707598
"oit3",NA,NA,NA,NA,1.36064662916254
"fam102ab",NA,NA,NA,NA,0.488650541638709
"BX005058.2",NA,NA,NA,NA,0.487309286481155
"rab44",NA,NA,NA,NA,1.06898638340171
"cpne4a",NA,NA,NA,NA,0.521552120808771
"BX547928.1",NA,NA,NA,NA,0.269139665245291
"zgc:174855",NA,NA,NA,NA,0.538361318489002
"adgra1a",NA,NA,NA,NA,0.991278959590634
"CABZ01053592.1",NA,NA,NA,NA,0.800224685171647
"mmp30",NA,NA,NA,NA,1.91477361733826
"mylk4b",NA,NA,NA,NA,0.786805252782943
"si:ch1073-475a24.1",NA,NA,NA,NA,1.20005084138884
"CABZ01069040.1",NA,NA,NA,NA,1.19269639369176
"BX248082.2",NA,NA,NA,NA,0.701295995893184
"ccl38.1",NA,NA,NA,NA,1.82766445381944
"nedd4a",NA,NA,NA,NA,0.734727139507848
"mfsd6b",NA,NA,NA,NA,7.65613945028444
"mavs",NA,NA,NA,NA,0.657068168403293
"zgc:162297",NA,NA,NA,NA,1.00803111470893
"cfap43",NA,NA,NA,NA,0.987681344556139
"card9",NA,NA,NA,NA,0.504731929830377
"si:dkey-189h5.6",NA,NA,NA,NA,14.1026711791093
"cdkn2d",NA,NA,NA,NA,2.61031681699653
"CABZ01057381.1",NA,NA,NA,NA,2.85658596049596
"LO017955.1",NA,NA,NA,NA,1.34813100677628
"CR385065.1",NA,NA,NA,NA,4.32024311245779
"cdh7a",NA,NA,NA,NA,638.051139775514
"zgc:162160",NA,NA,NA,NA,3.69465547543399
"si:ch73-18b11.2",NA,NA,NA,NA,2.96815345363018
"BX842669.1",NA,NA,NA,NA,1.81193776120387
"sprb",NA,NA,NA,NA,1.57159769735156
"ankef1b",NA,NA,NA,NA,32.3635217477968
"si:dkey-196j8.2",NA,NA,NA,NA,2.04307335598044
"zgc:152977",NA,NA,NA,NA,3.97372097072342
"zhx2b",NA,NA,NA,NA,1.61796064947173
"apoa4a",NA,NA,NA,NA,0.403558050631602
"BX927219.1",NA,NA,NA,NA,0.0493421747732713
"zgc:123103",NA,NA,NA,NA,2.97418249175157
"lpar6b",NA,NA,NA,NA,0.71971062762235
"havcr1",NA,NA,NA,NA,3.54745663160541
"kcnn2",NA,NA,NA,NA,1.88952230430797
"si:ch73-93k15.5",NA,NA,NA,NA,4.873689786157
"si:dkey-161j23.7",NA,NA,NA,NA,0.472776704510224
"ptprjb.1",NA,NA,NA,NA,2.11865585130588
"dscamb",NA,NA,NA,NA,0.486374330249432
"anxa1c",NA,NA,NA,NA,0.263191168014015
"ror2",NA,NA,NA,NA,0.950440922420645
"si:dkey-238i5.2",NA,NA,NA,NA,0.853675622168999
"CABZ01087948.1",NA,NA,NA,NA,0.703152654466987
"si:ch211-175m2.5",NA,NA,NA,NA,0.849166784268612
"myo1g",NA,NA,NA,NA,0.0552060431452419
"cmya5",NA,NA,NA,NA,0.738930979479074
"EML5",NA,NA,NA,NA,0.494032556888815
"pcbp3",NA,NA,NA,NA,2.00805662353998
"myt1a",NA,NA,NA,NA,0.32202529146048
"zgc:112234.1",NA,NA,NA,NA,1.28790206954169
"lect2l",NA,NA,NA,NA,0.617161308752008
"vaspa",NA,NA,NA,NA,4.48509539953615
"gngt2a",NA,NA,NA,NA,2.31792352603241
"dmrt2b",NA,NA,NA,NA,85.3736695707851
"hmx1",NA,NA,NA,NA,1.06221490056908
"lrrtm1",NA,NA,NA,NA,2.44952678308779
"wnt2",NA,NA,NA,NA,1.58209663164474
"ccdc13",NA,NA,NA,NA,0.727497401839104
"unc13ba",NA,NA,NA,NA,1.03332054673426
"palmda",NA,NA,NA,NA,16.6615922258427
"rnf34b",NA,NA,NA,NA,0.650340857355332
"he1.2",NA,NA,NA,NA,0.511090759211566
"pip5kl1",NA,NA,NA,NA,1.88652055708909
"BX088535.1",NA,NA,NA,NA,0.468236260758196
