"Gene","waldStat","df","pvalue","FDR"
"icn",55.2028411536206,5,1.18576148899763e-10,2.34425046374831e-07
"zgc:153409",50.0244933550861,5,1.3698960854569e-09,1.19938544018705e-06
"ablim1b",40.248849548141,2,1.82000825521555e-09,1.19938544018705e-06
"pfn1",33.5976391932196,5,2.86299716323324e-06,0.00141503634792803
"hapln3",30.9054965693418,5,9.77841169613747e-06,0.00386638398465275
"loxl1",26.8602984364723,5,6.07289173030212e-05,0.0200101782513455
"tcima",25.8143903358601,5,9.69443876789322e-05,0.0257651918524631
"timp2a",25.6512960572278,5,0.00010425975458761,0.0257651918524631
"lyve1a",25.2060161655194,5,0.000127133313582828,0.0279269512170279
"strbp",24.8537033080349,5,0.000148694341481237,0.0293968713108405
"klf12b",16.6310710666249,2,0.000244685821074286,0.0439767152967149
"kdrl",23.110366660478,5,0.000321553850199385,0.0529759968203487
"angpt2a",18.3495931694175,3,0.00037253786757363,0.0566544126302359
"tns1b",21.1930036546152,5,0.000744784965855949,0.101692685749872
"pdgfd",21.1118692743323,5,0.000771568177161397,0.101692685749872
"ifi30",13.9524586216204,2,0.000933817709327545,0.115384850708785
"bcl2a",20.4171177029133,5,0.00104334625522207,0.121335032151413
"bahcc1a",20.1775180458149,5,0.00115740043822066,0.127121148131235
"hist1h2a6",19.7337441332543,5,0.00140195067814564,0.145876657404943
"hsp70.2",12.8533773223148,2,0.00161779905556592,0.155771954805871
"cd82a",19.2408998509786,5,0.00173329340665651,0.155771954805871
"atp8a1",19.2407219568713,5,0.0017334259007229,0.155771954805871
"cdh6",19.1075202089854,5,0.00183547760099045,0.156115899573875
"ch25h",12.5291617264724,2,0.00190251066352753,0.156115899573875
"hist1h4l.10",18.909300907113,5,0.00199835193792641,0.156115899573875
"il13ra2",18.8462004117754,5,0.00205311754624216,0.156115899573875
"nuf2",18.7573585219801,5,0.00213272891836191,0.156163150800056
"hist1h4l.20",18.5783260185303,5,0.00230247160698971,0.162044352329288
"lpar1",18.5037965493986,5,0.00237697835991368,0.162044352329288
"med6",18.2563125568627,5,0.00264174731137623,0.174091147819694
"si:ch211-152c2.3",17.7105263584334,5,0.0033319551228288,0.212492750897824
"tomm40l",17.6073446527755,5,0.00348098777597328,0.215059776034349
"zgc:173552",11.1016264010933,2,0.00388429724615047,0.222435372573903
"dut",17.2732328002213,5,0.00400972124947663,0.222435372573903
"fam102aa",17.2289358260169,5,0.00408546869413917,0.222435372573903
"prcp",17.1561294498893,5,0.00421301645521155,0.222435372573903
"si:dkey-261h17.1",17.1473561155078,5,0.00422864658135735,0.222435372573903
"nr5a2",17.0494229625212,5,0.00440701249106557,0.222435372573903
"meox1",16.9880000062455,5,0.00452261160991352,0.222435372573903
"hsp70.1",10.7853740095773,2,0.00454973174550743,0.222435372573903
"zgc:173587",16.941045119099,5,0.00461297434270613,0.222435372573903
"smad6b",16.8682074645117,5,0.00475664758767924,0.223902197162901
"nfatc1",16.4772427184706,5,0.00560573036401235,0.257637354483321
"hist1h4l.16",16.4232830796228,5,0.00573396236584023,0.257637354483321
"si:ch211-130m23.3",10.2021749556038,2,0.00609012009268606,0.267559276072007
"igfbp1a",16.1282317772111,5,0.00648734465730161,0.278814791032289
"prkd3",16.0674133626036,5,0.00665421822235035,0.279901902672056
"hsp70.3",9.88714243396381,2,0.00712909331825651,0.29362953104569
"tmem198b",15.7209194650927,5,0.0076877197662103,0.302431078520032
"rassf2a",9.70596544328983,2,0.00780506246655144,0.302431078520032
"CABZ01075125.1",9.65820892396003,2,0.0079936767029013,0.302431078520032
"mpp7a",15.5932170853382,5,0.00810671655783612,0.302431078520032
"slc25a32a",15.5929363483118,5,0.00810766169021837,0.302431078520032
"kirrel3l",15.4930743579815,5,0.00845074457551565,0.309391148625823
"elk3",15.2950576774743,5,0.0091732683242518,0.325896787495311
"zgc:194989",15.2636287475206,5,0.00929333182020509,0.325896787495311
"tspan9a",15.2370353052405,5,0.00939611375176164,0.325896787495311
"cldn11a",14.9113263284702,5,0.0107480229610353,0.361257272357379
"ptprub",14.8968955362265,5,0.0108120925746281,0.361257272357379
"foxn3",14.8610667507628,5,0.0109727698757929,0.361257272357379
"ppp1r9ala",14.8228882465874,5,0.0111465319240264,0.361257272357379
"si:ch211-191c10.1",8.9023013143268,2,0.0116651366719691,0.370672002476187
"CU862020.1",8.85215505821876,2,0.0119613156885117,0.370672002476187
"eya1",14.598163549621,5,0.01222465970093,0.370672002476187
"tshz2",14.5204953145076,5,0.0126202471646867,0.370672002476187
"edn2",14.5095878806289,5,0.0126767848358338,0.370672002476187
"skia",14.5038678025939,5,0.0127065322433281,0.370672002476187
"ckap2l",14.4956347724735,5,0.0127494669541632,0.370672002476187
"hmgn2",14.4248510616513,5,0.0131244375858046,0.376043668219358
"hbegfa",14.3525866654794,5,0.0135182504452096,0.38179401614542
"fabp11a",14.273494981526,5,0.0139623670636179,0.388783094151726
"arhgap36",14.1552864050794,5,0.0146525304535077,0.399770932729623
"hist1h4l.21",14.1371334457439,5,0.0147613950881449,0.399770932729623
"sparc",13.9199091650759,5,0.016126247643692,0.405758572257558
"rbpms2a",13.9044728947035,5,0.0162277395052789,0.405758572257558
"ctdspla",13.9037547860305,5,0.0162324759666371,0.405758572257558
"smad3a",13.8973623471463,5,0.0162746976885511,0.405758572257558
"mibp",13.8772211050032,5,0.0164084235450159,0.405758572257558
"apoeb",13.8628509868498,5,0.0165044798817431,0.405758572257558
"ENSDARG00000115101",13.8597851818229,5,0.0165250431993974,0.405758572257558
"cyp1a",13.8283023422038,5,0.0167376434918144,0.405758572257558
"sh3gl3a",13.7997873937555,5,0.0169324767549656,0.405758572257558
"hist2h3c",10.1878668577188,3,0.0170348818904286,0.405758572257558
"pclaf",13.7389984893845,5,0.0173551544475082,0.406707704646166
"nupr1b",8.09264625991664,2,0.0174865523611278,0.406707704646166
"zfpm2b",13.6915828386232,5,0.0176918880119222,0.406707704646166
"FP236812.1",13.6301421588028,5,0.0181375989111446,0.412161299394632
"si:dkey-88l16.3",7.95871908861951,2,0.0186976104948612,0.420058817594779
"spns2",13.5220437138487,5,0.0189481673635826,0.420904796379807
"adarb2",7.84645802913232,2,0.019777130886124,0.434437641798523
"ptn",13.3407344002559,5,0.0203865882887388,0.44290423128392
"BX005003.1",13.2915542110076,5,0.0207945213897259,0.446856182472697
"RASSF5",11.5450974129456,4,0.0210749274046269,0.448012166440295
"smad1",13.2123349822088,5,0.0214681672625734,0.448302347868512
"calcrla",13.2037871203694,5,0.0215420956234237,0.448302347868512
"ppp1r14aa",11.2493775780954,4,0.0238997950948932,0.492186405235456
"palm3",12.8749096730815,5,0.0245796281961004,0.495729217761583
"BX005396.2",7.4023073921678,2,0.0246950194820327,0.495729217761583
"ehd4",12.8501659364826,5,0.0248240731200793,0.495729217761583
"mmp15b",12.8018161451083,5,0.0253084652384624,0.495846215918158
"robo1",12.7987937600361,5,0.0253390438808599,0.495846215918158
"col27a1b",7.29696225920559,2,0.0260306359303737,0.495846215918158
"cebpb",7.29645974175918,2,0.02603717717646,0.495846215918158
"slit2",12.7262249084804,5,0.0260839688697463,0.495846215918158
"h1-10",7.23685407661028,2,0.0268248377671889,0.505073373959357
"kntc1",12.5755623331285,5,0.0276980496531674,0.50984585424285
"slc22a16",10.8885616784267,4,0.0278453917428241,0.50984585424285
"hmox1a",7.14046667168723,2,0.0281492846768507,0.50984585424285
"efnb3b",7.13367555608626,2,0.0282450296618352,0.50984585424285
"diaph3",12.5155033752129,5,0.0283677511212511,0.50984585424285
"oaz2b",12.4537200343165,5,0.0290728224826764,0.517810540975236
"cxadr",12.3684164550754,5,0.030073878152282,0.526208598648998
"traf4a",12.3681825762216,5,0.0300766674999174,0.526208598648998
"mad2l1",12.2955485174806,5,0.0309549908761219,0.536824710193797
"eno1a",12.2732878252529,5,0.0312290429183245,0.53686798130024
"dnajb1b",6.87184069348282,2,0.0321957653245087,0.543937407229987
"ogna",12.1827125119648,5,0.0323681772951138,0.543937407229987
"rcan1a",12.1751030863947,5,0.032465662141193,0.543937407229987
"kcnq5b",12.0954409418185,5,0.0335031650938163,0.556603003281302
"h3f3b.1",12.0650157262802,5,0.0339076935997246,0.557313754017708
"efna1b",6.75634436509512,2,0.0341097441760965,0.557313754017708
"cxcl18b",11.9550826228554,5,0.0354084628803896,0.57379123864369
"ccnb1",11.8648739512571,5,0.036686971541305,0.582075134647224
"tm4sf18",11.8617849211332,5,0.0367315198896782,0.582075134647224
"slc29a2",11.8568407190823,5,0.0368029296059196,0.582075134647224
"thy1",6.55136372100848,2,0.0377910921889753,0.592521682702545
"ect2",11.7710752783652,5,0.0380628496222677,0.592521682702545
"plvapb",11.6782200706566,5,0.039473079074138,0.607384755130363
"kif26ab",11.6502976157382,5,0.0399067579788271,0.607384755130363
"tnn",6.44078839593513,2,0.0399393111618347,0.607384755130363
"agrn",11.5337808127393,5,0.0417657126467271,0.626641118859566
"osbpl3b",11.5089795823301,5,0.0421718606057413,0.626641118859566
"frem2a",11.5081440094858,5,0.0421856090092386,0.626641118859566
"rapgef4",11.4751752727617,5,0.0427314743574653,0.626641118859566
"bmp6",11.4647864802854,5,0.0429048641255482,0.626641118859566
"ppp2r5b",6.28812443573827,2,0.0431073303818417,0.626641118859566
"itga2.2",11.3739861662259,5,0.044448947103636,0.641427506743711
"bcar3",11.3298443401892,5,0.0452184497196659,0.64780344272304
"celsr1b",11.2376443206815,5,0.0468665538383244,0.661384433608277
"itga9",11.2278352147511,5,0.047045197884339,0.661384433608277
"igfbp5b",6.10297058943586,2,0.047288634644313,0.661384433608277
"fkbp1ab",11.2027708806351,5,0.0475045976592693,0.661384433608277
"si:ch211-113a14.12",11.0516834005084,5,0.0503648287989487,0.682873232945855
"pcbp3",5.96957799569993,2,0.0505501686181818,0.682873232945855
"spsb4a",11.038170563823,5,0.0506284040262124,0.682873232945855
"mpp2b",11.0361035699066,5,0.0506688363600708,0.682873232945855
"plecb",11.0306787250659,5,0.050775096228144,0.682873232945855
"si:ch211-227m13.1",10.8968913484872,5,0.0534630867025324,0.714165691965585
"flrt2",10.8014362514268,5,0.0554621927011539,0.733971439777576
"hoxa4a",9.22617284687851,4,0.0556882731242471,0.733971439777576
"pcnx1",10.7066337485628,5,0.0575170221522072,0.741821167845985
"cxcr4a",10.702688271566,5,0.0576040704201608,0.741821167845985
"sbf2",10.7009723914806,5,0.0576419661183997,0.741821167845985
"aqp1a.1",10.6945165679506,5,0.0577847546020646,0.741821167845985
"kif20bb",10.6461962603374,5,0.0588640823364536,0.749249255732949
"abtb2b",10.634801983916,5,0.0591213373264239,0.749249255732949
"pbx3b",10.4981079828298,5,0.0622908645180026,0.782259412226919
"elmo1",10.4820643540538,5,0.0626731319159981,0.782259412226919
"pip5k1cb",5.51357076990117,2,0.0634955544020637,0.782259412226919
"GRM7",10.4471115626782,5,0.0635135588872826,0.782259412226919
"slco2b1",10.4174580469022,5,0.0642348226157903,0.782259412226919
"nxn",10.4086301673049,5,0.0644510188553238,0.782259412226919
"si:ch1073-153i20.4",8.86758331217712,4,0.0644958443060131,0.782259412226919
"htr2cl1",5.46335993142152,2,0.0651098154799933,0.783345055103067
"BX276117.1",10.3564310610105,5,0.0657433516886061,0.783345055103067
"sntb1",10.3552031708168,5,0.0657740410455787,0.783345055103067
"zgc:174862",10.318617582241,5,0.0666946095789566,0.789552354117348
"si:ch211-113a14.24",7.08368587188828,3,0.0692777159880782,0.809371240164629
"clstn2",5.32379886083495,2,0.0698154860656257,0.809371240164629
"baiap2a",10.1954379684562,5,0.0698832467900325,0.809371240164629
"hsd3b7",10.1907896222986,5,0.0700063136409467,0.809371240164629
"notch1b",5.27551417287221,2,0.0715215063472721,0.816423098019074
"nhsl2",10.1148707430831,5,0.0720450996484635,0.816423098019074
"si:ch211-147k10.5",10.1018874702223,5,0.0723992510595262,0.816423098019074
"sgip1a",5.24241026873274,2,0.0727151784418176,0.816423098019074
"meox2a",10.0817327183506,5,0.0729522342784198,0.816423098019074
"dhrs11a",10.066337677504,5,0.0733772709180206,0.816423098019074
"cnmd",5.17245166943363,2,0.075303713093843,0.816423098019074
"racgap1",9.98561338536782,5,0.0756439122815713,0.816423098019074
"tnfaip2b",9.96936804674114,5,0.0761078562247882,0.816423098019074
"tiam1b",9.96231732180649,5,0.0763100363577915,0.816423098019074
"hapln1b",9.95954581927232,5,0.0763896459195255,0.816423098019074
"wnt5b",9.95726402539499,5,0.0764552468123948,0.816423098019074
"nbeaa",5.13208101823867,2,0.0768391879562851,0.816423098019074
"DOCK9",9.93440202375484,5,0.0771154165586297,0.816423098019074
"si:ch211-185a18.2",9.93338316457779,5,0.0771449602526025,0.816423098019074
"pard3ba",9.87729548701951,5,0.0787876261680122,0.816423098019074
"lhfpl6",9.87717799217598,5,0.0787911010983835,0.816423098019074
"CR762436.2",9.87398020489075,5,0.0788857308076428,0.816423098019074
"bcas3",5.06818935116873,2,0.0793335093261515,0.816423098019074
"exoc3l2a",9.85844019519958,5,0.0793470970137821,0.816423098019074
"gpm6ab",9.85789358641575,5,0.0793633706995583,0.816423098019074
"mafba",9.82865076272679,5,0.0802385148481249,0.816423098019074
"raraa",9.82508003248014,5,0.0803459859447746,0.816423098019074
"metrnla",9.79690369380587,5,0.0811987216269647,0.816423098019074
"pleca",6.71946675901661,3,0.0813977034072919,0.816423098019074
"stmn1a",9.78846394213436,5,0.0814557712316456,0.816423098019074
"edn1",9.77830446507937,5,0.081766197980666,0.816423098019074
"nrp2b",9.72440627901497,5,0.0834314730946618,0.827537547847174
"p3h4",4.94967983128333,2,0.0841764645140815,0.827537547847174
"tnfsf10",6.64328485106689,3,0.0841797881009471,0.827537547847174
"znf804a",9.68227467789385,5,0.084754986634159,0.827537547847174
"piezo1",9.67541694294517,5,0.0849722418882025,0.827537547847174
"fabp7a",9.57916420131008,5,0.0880763411578422,0.845345833094612
"cldn5b",9.55671124634494,5,0.088815332708911,0.845345833094612
"hist1h4l.6",9.51364792109905,5,0.0902486922345253,0.845345833094612
"mid2",9.5009820188194,5,0.0906743149952265,0.845345833094612
"npr1b",9.47876091800959,5,0.0914254990588281,0.845345833094612
"pla2g4aa",9.46662469405957,5,0.0918381793542424,0.845345833094612
"hapln1a",4.7703439720846,2,0.092073142922025,0.845345833094612
"CU459186.5",9.45967875349887,5,0.0920751400837365,0.845345833094612
"lyz",4.76763850204339,2,0.0921977777668668,0.845345833094612
"RALGDS",9.4510032576549,5,0.0923718949407087,0.845345833094612
"lrrn1",9.41606514149877,5,0.0935759218965301,0.845345833094612
"lamc3",7.93972147303404,4,0.0938113978940207,0.845345833094612
"nedd4a",4.72863214014262,2,0.0940135770846604,0.845345833094612
"dlgap1b",4.72115546059793,2,0.0943656895269201,0.845345833094612
"mef2aa",9.37965850112563,5,0.0948458981605584,0.845345833094612
"ZNF423",4.70330717964949,2,0.0952115910542546,0.845345833094612
"mcm3",9.36793029126554,5,0.0952583757234569,0.845345833094612
"nectin1b",9.36478039327526,5,0.0953694370976743,0.845345833094612
"arhgap42b",4.69709241772393,2,0.0955079098890523,0.845345833094612
"macf1a",9.35272552288953,5,0.0957955760229646,0.845345833094612
"hist1h4l.19",9.33209586203617,5,0.0965288923949749,0.845345833094612
"dusp2",9.32809934219285,5,0.0966715500698399,0.845345833094612
"b4galt5",9.31158414209318,5,0.097263122627655,0.845345833094612
"tnika",9.30837054175658,5,0.097378618838542,0.845345833094612
"spock3",4.65599931926957,2,0.0974905664873907,0.845345833094612
"myh9b",9.29284598959919,5,0.0979383428287163,0.845520103809485
"eya2",9.27979587759796,5,0.0984111346044144,0.845907883099684
"mvp",4.58304555869378,2,0.101112372728884,0.865364332835516
"esm1",9.19161636587589,5,0.101661013045941,0.866309580999246
"vwa1",9.17042321603932,5,0.102456601303737,0.869342063422692
"kirrel3a",7.70377856369446,4,0.103052046752508,0.870657677050033
"hist1h2a5",7.64883588285549,4,0.105322537878106,0.883431949392792
"neurl1aa",9.0918097907285,5,0.105457733968993,0.883431949392792
"epb41a",9.0620994690075,5,0.106612708101675,0.889338919481064
"hist1h4l.11",9.0398405131199,5,0.107485566838873,0.891048066869033
"hs3st3b1b",9.0262019899749,5,0.108023601649653,0.891048066869033
"tuba1a",4.44810761138351,2,0.108169719802007,0.891048066869033
"gpc6a",8.97480477448953,5,0.1100733405877,0.900140069305721
"znf503",8.97205325372445,5,0.110184065135045,0.900140069305721
"si:ch73-368j24.11",7.51019820863103,4,0.111260434796805,0.900732556722482
"mecom",4.38694611495719,2,0.111528729512918,0.900732556722482
"kif11",8.93651265169508,5,0.111623407383413,0.900732556722482
"zgc:110540",8.92260721245599,5,0.112191199848928,0.901634154883454
"ralgapa1",8.89397479443625,5,0.113368613233046,0.906401269183512
"coro2ba",8.88593294774028,5,0.113701322588524,0.906401269183512
"zgc:163061.1",8.86424872687788,5,0.114602875302261,0.907821067169154
"st6gal2a",8.85326175309219,5,0.115062149335725,0.907821067169154
"cryba1l1",8.84861248648707,5,0.115256999423094,0.907821067169154
"mtnr1ba",4.23829668950557,2,0.12013389762054,0.942479030142097
"adgrl3.1",8.72105011582067,5,0.120721315954635,0.943344038111912
"NPAS3",8.69455248133588,5,0.121885401156461,0.948690701127257
"glula",8.68139047330447,5,0.122467396862056,0.949482523906996
"syne1b",8.65028417849571,5,0.123852849706891,0.956472983869235
"si:ch211-145b13.6",8.63238928478757,5,0.124656278513445,0.95862245977514
"prdm1a",8.61848154656406,5,0.125283943148172,0.95862245977514
"bahcc1b",8.61181440768492,5,0.125585845767203,0.95862245977514
"zic2a",8.56463885364222,5,0.127740883065365,0.961746791849043
"pgfb",8.56074894383887,5,0.127920058571123,0.961746791849043
"ndnf",4.10427606901435,2,0.128459957948024,0.961746791849043
"rrp12",8.54893615897901,5,0.128465563770749,0.961746791849043
"ccnd2a",8.53886807543625,5,0.128932153743874,0.961746791849043
"jmjd1cb",8.53537303322823,5,0.129094482777033,0.961746791849043
"rgs19",4.08968717497469,2,0.129400428240691,0.961746791849043
"id2b",4.06266547468785,2,0.131160601981418,0.971177940514097
"pdgfc",4.04634473975729,2,0.132235299690852,0.975482042868713
"cdh5",8.436701684341,5,0.133753908833257,0.983016645960406
"prox1a",8.41415134202551,5,0.134839765321721,0.983706833386712
"npr1a",3.96056614299754,2,0.138030159376139,0.983706833386712
"BX537310.2",8.34144131048896,5,0.138395016538743,0.983706833386712
"DNAH10",3.95244895684047,2,0.138591505993811,0.983706833386712
"slc16a6a",6.94486190904918,4,0.138830869066225,0.983706833386712
"prc1a",8.32447872741115,5,0.139236413403835,0.983706833386712
"sele",8.32101883438949,5,0.139408596194811,0.983706833386712
"grb10a",3.93152744396418,2,0.140048887348335,0.983706833386712
"atxn1a",8.30153747380739,5,0.140381655373599,0.983706833386712
"BX294178.2",3.9231602683338,2,0.140636021474209,0.983706833386712
"kcnma1a",3.91176361783075,2,0.141439698899656,0.983706833386712
"jcada",8.25733079326393,5,0.142612268438899,0.983706833386712
"si:dkey-85k7.7",3.89233341234381,2,0.142820496541624,0.983706833386712
"pxk",8.23996600002662,5,0.14349710244804,0.983706833386712
"ccna2",8.23906035137466,5,0.143543384577546,0.983706833386712
"prkcbb",3.87278834312904,2,0.144223056909278,0.983706833386712
"ganc",3.87163878408474,2,0.14430597719717,0.983706833386712
"rrm1",8.22093125650364,5,0.144472658907164,0.983706833386712
"cited1",8.2186762239451,5,0.144588623685994,0.983706833386712
"CABZ01030107.1",8.21839906239579,5,0.14460288241584,0.983706833386712
"myo10l3",8.19434910106756,5,0.145844933586837,0.983706833386712
"xirp2a",8.1894541207373,5,0.146098895186712,0.983706833386712
"itga1",8.18702702365976,5,0.14622496409993,0.983706833386712
"coro2bb",8.1853941473221,5,0.14630983395033,0.983706833386712
"sgo1",8.18001134886558,5,0.14658991956784,0.983706833386712
"pcdh11",3.83757565340357,2,0.146784782928215,0.983706833386712
"inpp4b",8.15570761859318,5,0.147860484347325,0.987568167414399
"adam12",8.13867797156645,5,0.14875660485452,0.990208107061903
"cav1",8.11007724999654,5,0.150272488632344,0.993011427450549
"adck1",3.78882605732113,2,0.150406593500922,0.993011427450549
"zgc:86764",8.09348341545369,5,0.15115827174497,0.993011427450549
"zfp36l2",8.07951168284961,5,0.151907681603511,0.993011427450549
"grin2bb",8.06681866354182,5,0.152591363667278,0.993011427450549
"si:ch211-107n13.1",3.75883632352386,2,0.152678914348776,0.993011427450549
"ccn1",8.06345377430858,5,0.152773063731869,0.993011427450549
"cbfb",8.05563525165384,5,0.153195996647657,0.993011427450549
"adra1aa",3.7210348980017,2,0.155592098558303,0.998364528786954
"hs6st1b",8.00572071620916,5,0.155920629378487,0.998364528786954
"lamc1",7.97471424239235,5,0.15763469205432,0.998364528786954
"cacna1g",3.69207250309895,2,0.15786165172188,0.998364528786954
"hmmr",7.96215425517858,5,0.15833375164236,0.998364528786954
"aplnrb",7.95690982377713,5,0.158626455292261,0.998364528786954
"ccdc80",7.95117992249047,5,0.15894680117846,0.998364528786954
"nr3c2",7.93558352748269,5,0.159821660217469,0.998364528786954
"selenop",7.91774593154381,5,0.160827451598862,0.998364528786954
"adgrl2a",3.65366184605389,2,0.160922737091218,0.998364528786954
"vav2",7.903586086538,5,0.161629845924067,0.998364528786954
"elmsan1b",7.90330356845299,5,0.161645891247123,0.998364528786954
"sox7",7.89786262735621,5,0.161955178321444,0.998364528786954
"ADGRL3",7.88288470986341,5,0.162809288743096,0.998364528786954
"adamts6",3.62612877903533,2,0.16315340439278,0.998364528786954
"igfbp3",7.86296034944803,5,0.163951625827567,0.998364528786954
"jag1a",3.61188949047878,2,0.164319143494502,0.998364528786954
"rnd3a",7.85170195185206,5,0.164600230930847,0.998364528786954
"plxnc1",3.5893281017796,2,0.166183272092401,0.998364528786954
"melk",7.79766010441861,5,0.167745188524916,0.998364528786954
"tmeff2a",6.44086349833982,4,0.168554807312867,0.998364528786954
"si:dkey-49n23.1",7.77120976977331,5,0.169303638746584,0.998364528786954
"UNC13B",7.75536518953301,5,0.170243279641657,0.998364528786954
"gpcpd1",7.75367618765403,5,0.170343713145305,0.998364528786954
"oaz2a",3.53220332921613,2,0.170998299904463,0.998364528786954
"adra1d",7.74167338419505,5,0.171058937930261,0.998364528786954
"fbxo5",6.39839142164701,4,0.171306196436812,0.998364528786954
"si:dkey-108k21.19",7.71792570019142,5,0.172481785822972,0.998364528786954
"iqgap3",6.37355086959957,4,0.172934117084935,0.998364528786954
"ccnf",6.3553717029139,4,0.174134309772717,0.998364528786954
"etv4",7.68575472368188,5,0.174425859545374,0.998364528786954
"magixa",3.48405630942216,2,0.175164778839489,0.998364528786954
"hist1h2a3.4",7.66288778334811,5,0.175819336474047,0.998364528786954
"npl",7.65842123648855,5,0.176092655304581,0.998364528786954
"hbp1",7.65416675632412,5,0.176353342753153,0.998364528786954
"notch1a",7.64788695357938,5,0.17673874574218,0.998364528786954
"socs3a",7.62371412161235,5,0.178229156203309,0.998364528786954
"smad7",7.62200319801156,5,0.17833506048198,0.998364528786954
"col16a1",3.4453718918954,2,0.178585831258187,0.998364528786954
"mxd3",7.61772087541658,5,0.178600372460292,0.998364528786954
"hey1",7.61368853575917,5,0.178850511695189,0.998364528786954
"cks1b",7.61163816131208,5,0.178977820397525,0.998364528786954
"si:ch73-335l21.4",7.60376474360976,5,0.17946741992372,0.998364528786954
"zeb1b",7.60267675066787,5,0.179535167362701,0.998364528786954
"sox11a",7.59742080940479,5,0.179862760121213,0.998364528786954
"arid3c",7.58775889636223,5,0.180466329249639,0.998364528786954
"si:dkey-108k21.21",7.58595628617728,5,0.180579131649782,0.998364528786954
"bean1",3.41316620203919,2,0.181484849785107,0.998364528786954
"fign",7.5694819357789,5,0.181612902748811,0.998364528786954
"rcan3",7.5591865200622,5,0.182261558959141,0.998364528786954
"jun",3.39349015558567,2,0.18327911348486,0.998364528786954
"sema6e",7.53991080163217,5,0.183481440442673,0.998364528786954
"adgrg6",3.38148583029424,2,0.184382492551345,0.998364528786954
"otofa",7.52501634423353,5,0.18442891080262,0.998364528786954
"chl1a",7.51969537946539,5,0.184768419745649,0.998364528786954
"her15.2",3.37224748933084,2,0.185236156810787,0.998364528786954
"arhgap11a",6.18996212689629,4,0.185403829548113,0.998364528786954
"cxcl12a",7.50328039048509,5,0.185819219115649,0.998364528786954
"cyp26b1",3.36300047823185,2,0.186094580143095,0.998364528786954
"dact2",3.36146918056805,2,0.186237117800937,0.998364528786954
"mybl2b",7.48422144616784,5,0.187045781415429,0.998364528786954
"tnfrsfa",4.79529158097113,3,0.187415432274257,0.998364528786954
"s1pr2",3.34138292013002,2,0.188116945302195,0.998364528786954
"im:7151449",7.46728024148348,5,0.188141949074783,0.998364528786954
"abhd17b",7.46255510349452,5,0.188448677898617,0.998364528786954
"ntm",7.45719336572148,5,0.188797256372728,0.998364528786954
"gdpd5a",7.4493189774349,5,0.189310201331366,0.998364528786954
"klhl5",7.44698890266023,5,0.189462216023195,0.998364528786954
"daam1b",7.44160446498802,5,0.189813902947616,0.998364528786954
"CHST8",7.43535783757639,5,0.190222612886508,0.998364528786954
"macrod2",7.433233596718,5,0.190361773238646,0.998364528786954
"akap12a",7.43293874262868,5,0.190381096283602,0.998364528786954
"cenpl",7.40722188343322,5,0.192072979628262,0.999999999996998
"prdx1",7.40224504961439,5,0.192401898416632,0.999999999996998
"ap1s3b",7.39925054608188,5,0.192600039755097,0.999999999996998
"histh1l",7.39528627777654,5,0.192862620277901,0.999999999996998
"hand2",4.71485588236902,3,0.193907784209271,0.999999999996998
"magi2a",7.37267746250205,5,0.194366080074917,0.999999999996998
"si:ch211-269k10.2",7.31995180899744,5,0.19791165052499,0.999999999996998
"lrmda",7.31350006585911,5,0.198349307904819,0.999999999996998
"col1a1a",5.98859582215849,4,0.200001564650341,0.999999999996998
"hpdb",3.20627440605453,2,0.201264120126136,0.999999999996998
"si:ch211-106h4.9",7.22455482377216,5,0.204468372267333,0.999999999996998
"pdzrn3b",7.22293842763063,5,0.204581056649192,0.999999999996998
"pcnt",7.21729180647215,5,0.204975119596192,0.999999999996998
"lig1",7.2049392704903,5,0.205839440331789,0.999999999996998
"zgc:194398",3.14822641087342,2,0.207191207273342,0.999999999996998
"pbx1a",3.13850917478163,2,0.208200319672702,0.999999999996998
"MAN1C1",7.1617406885344,5,0.208886685228914,0.999999999996998
"smn1",7.14954837765613,5,0.209753686345106,0.999999999996998
"mycn",7.14311548302785,5,0.210212370570558,0.999999999996998
"mgat4b",4.52150376676469,3,0.210380201842325,0.999999999996998
"ablim2",7.11526741417856,5,0.212207912331825,0.999999999996998
"arhgef4",7.10388809782636,5,0.213027972328399,0.999999999996998
"prox3",7.09557978699824,5,0.213628422658684,0.999999999996998
"zbtb16a",7.09272105860065,5,0.213835359165153,0.999999999996998
"ccne2",7.05498370442084,5,0.216583114657587,0.999999999996998
"jam2a",7.05409788788192,5,0.216647972373546,0.999999999996998
"ptprua",7.01497125777554,5,0.219529255745325,0.999999999996998
"ptgs2a",4.41547236145389,3,0.21995502095362,0.999999999996998
"iqsec1b",6.99462243648324,5,0.221040551491356,0.999999999996998
"rfx7a",2.99316562086646,2,0.22389394245495,0.999999999996998
"kmt5ab",6.93570205742955,5,0.225466318855648,0.999999999996998
"kank4",2.96541892430756,2,0.22702174749344,0.999999999996998
"gng13b",6.91204161890957,5,0.227264510442115,0.999999999996998
"kalrnb",6.90245627806429,5,0.227996431199727,0.999999999996998
"sema3fa",6.88319955675076,5,0.229472848309185,0.999999999996998
"vwf",6.87284652242361,5,0.230269939979772,0.999999999996998
"plk1",6.85321854360208,5,0.231787515209504,0.999999999996998
"BRSK2",2.92302771783105,2,0.231884967756441,0.999999999996998
"ntn1b",6.85075072629691,5,0.231978912961996,0.999999999996998
"bnc2",6.83128769658117,5,0.23349307497103,0.999999999996998
"si:dkeyp-23e4.3",6.81796416736854,5,0.234534379661727,0.999999999996998
"kirrel1b",5.55373805493628,4,0.235046088996589,0.999999999996998
"dpp6a",6.8101571688183,5,0.235146345924827,0.999999999996998
"mgat4c",2.89439556146189,2,0.235228527309617,0.999999999996998
"zeb2a",6.7940556663756,5,0.236412719732938,0.999999999996998
"chtf18",6.7917282224662,5,0.236596243516673,0.999999999996998
"dcbld1",6.78941221805593,5,0.236778983666467,0.999999999996998
"gars1",6.78834201928179,5,0.236863465678304,0.999999999996998
"FP102018.1",2.87808084035112,2,0.237155218894865,0.999999999996998
"CR377229.1",6.7644797518639,5,0.238753726150368,0.999999999996998
"tnfaip3",6.75409045358948,5,0.239580651203391,0.999999999996998
"nfatc2a",2.84985044559447,2,0.240526448430896,0.999999999996998
"rel",6.73456448100709,5,0.241141272978906,0.999999999996998
"asf1ba",6.72253953708769,5,0.242106585414653,0.999999999996998
"mmrn2a",6.71965898817072,5,0.242338301602797,0.999999999996998
"nfia",6.7042374466494,5,0.243581981582992,0.999999999996998
"ror1",6.67927339790654,5,0.245606483421432,0.999999999996998
"fam189a1",2.80425609648208,2,0.246072751678565,0.999999999996998
"inpp4ab",6.66040041507634,5,0.247146288566046,0.999999999996998
"eya4",6.65605071182794,5,0.247502305699697,0.999999999996998
"gpm6aa",2.79152857434522,2,0.247643693122108,0.999999999996998
"lamb1b",6.65375459117062,5,0.247690411562517,0.999999999996998
"col12a1b",6.64115987276069,5,0.248724323911012,0.999999999996998
"tshz1",6.63889155950581,5,0.248910911702136,0.999999999996998
"mtss1lb",6.62261954352814,5,0.250252825510138,0.999999999996998
"mapk10",6.61851778703715,5,0.250592031427336,0.999999999996998
"CU469539.1",2.76310536689744,2,0.25118823430352,0.999999999996998
"ercc6l",6.60729100443525,5,0.251522407725299,0.999999999996998
"myo18ab",6.59157569772368,5,0.2528295506538,0.999999999996998
"ube2t",6.58907869111769,5,0.25303775874607,0.999999999996998
"rgcc",6.58217777001718,5,0.253613915586852,0.999999999996998
"zmp:0000000624",6.57617996575814,5,0.254115550929017,0.999999999996998
"gpc1b",2.73912693081057,2,0.25421791024655,0.999999999996998
"nusap1",6.5742134375434,5,0.254280202658772,0.999999999996998
"FQ377603.1",6.56901672958883,5,0.25471573181493,0.999999999996998
"enpp1",6.56072629893282,5,0.255411815668561,0.999999999996998
"si:ch211-266i6.3",6.55248131037474,5,0.256105639003067,0.999999999996998
"pdgfbb",6.5520169760406,5,0.256144759322256,0.999999999996998
"tp53inp2",6.55135735952251,5,0.256200340695243,0.999999999996998
"six2a",6.54534683459815,5,0.25670726449584,0.999999999996998
"foxf2a",6.53636723144456,5,0.257466137209442,0.999999999996998
"xpr1a",2.71328205407773,2,0.257524343099247,0.999999999996998
"si:ch211-244o22.2",6.51265053437372,5,0.259479333117846,0.999999999996998
"gab2",6.50595707584336,5,0.260049843916207,0.999999999996998
"sptbn1",2.69250793738638,2,0.260213203978593,0.999999999996998
"id2a",6.49303988620699,5,0.261153740947387,0.999999999996998
"epha7",6.4778936239745,5,0.26245302790353,0.999999999996998
"si:ch73-43g23.1",2.67259115651937,2,0.26281745420823,0.999999999996998
"ccdc187",6.47185914843256,5,0.262972155415973,0.999999999996998
"abcc2",6.47181786896388,5,0.262975709457857,0.999999999996998
"shc1",2.6676635797511,2,0.263465779138814,0.999999999996998
"lypd6",2.66598059864311,2,0.263687576410326,0.999999999996998
"thrab",6.45227144937711,5,0.264663023963218,0.999999999996998
"gpr156",2.65747654354217,2,0.264811170333241,0.999999999996998
"hist1h4l.13",6.44480836488863,5,0.265309595591565,0.999999999996998
"fam49al",6.44259845235982,5,0.26550130118974,0.999999999996998
"foxo1a",2.64856006919933,2,0.265994396928818,0.999999999996998
"chsy3",6.43512464737053,5,0.266150478329809,0.999999999996998
"GALNTL6",6.43296787825979,5,0.266338056952971,0.999999999996998
"si:ch211-63i20.3",2.64525923413565,2,0.266433761212408,0.999999999996998
"triob",6.42089710253516,5,0.267389871159815,0.999999999996998
"vwde",2.63543638202545,2,0.267745549668261,0.999999999996998
"ccn1l2",6.41163662161451,5,0.268199100065592,0.999999999996998
"gse1",6.40841174541338,5,0.268481374990774,0.999999999996998
"lbr",6.40741630550072,5,0.268568555223729,0.999999999996998
"crim1",6.38088422459568,5,0.270900738748003,0.999999999996998
"dusp19b",6.37967608700543,5,0.271007325836719,0.999999999996998
"SLC44A2",2.60998796423492,2,0.271174166934974,0.999999999996998
"sulf1",2.6079908345405,2,0.271445087168745,0.999999999996998
"march8",6.37424426450013,5,0.271486966117322,0.999999999996998
"prkd2",6.36718347725026,5,0.272111478676706,0.999999999996998
"znf710a",6.36696933059515,5,0.272130437750824,0.999999999996998
"ptbp3",2.59611424098682,2,0.273061804176763,0.999999999996998
"si:ch211-113a14.19.2",6.35306313663524,5,0.27336389632069,0.999999999996998
"bicd1a",6.34940977873557,5,0.273688695548558,0.999999999996998
"nrip1a",6.34398836120522,5,0.274171260028598,0.999999999996998
"BX000522.1",3.88272902652091,3,0.274408892979894,0.999999999996998
"cd81b",6.33268663657863,5,0.275179454117696,0.999999999996998
"taok3a",2.56857424809499,2,0.276847871492821,0.999999999996998
"slbp",6.31219012339721,5,0.277015552273902,0.999999999996998
"nav3",6.30005127215671,5,0.278107629097731,0.999999999996998
"si:dkey-34d22.1",6.2979792455185,5,0.278294387157915,0.999999999996998
"spon2a",2.55543686395895,2,0.278672385686002,0.999999999996998
"si:dkey-238k10.2",2.55435817336745,2,0.278822726865538,0.999999999996998
"cpt1ab",5.08267891130499,4,0.278918843560705,0.999999999996998
"znf827",6.28509532885922,5,0.279457929008359,0.999999999996998
"hist1h2a3.1",3.83486915663609,3,0.279856231721946,0.999999999996998
"nrp1a",2.54685413935228,2,0.279870839517507,0.999999999996998
"epas1a",2.54634557773289,2,0.279942014350004,0.999999999996998
"afap1l1a",6.27674970546936,5,0.280213713176595,0.999999999996998
"gnai2a",6.27260833770407,5,0.280589369456747,0.999999999996998
"rnf165a",6.26845670946063,5,0.280966364012518,0.999999999996998
"FP236630.1",5.04479343057789,4,0.282732213219325,0.999999999996998
"col9a2",2.52359293304996,2,0.283144908979702,0.999999999996998
"hist1h4l.8",6.23307177324611,5,0.28419613225576,0.999999999996998
"CR936442.1",6.2294518199405,5,0.284528221245029,0.999999999996998
"mat2ab",2.51140921831594,2,0.284875051920843,0.999999999996998
"fhod3b",2.49326290835883,2,0.287471528722385,0.999999999996998
"znf704",2.4894169265699,2,0.28802486571502,0.999999999996998
"si:ch211-113a14.18",6.18866095658205,5,0.288291890835404,0.999999999996998
"tbx1",3.75911954969086,3,0.288677155342973,0.999999999996998
"cdh4",6.17115894945023,5,0.289918936124392,0.999999999996998
"snai2",6.17060583277171,5,0.289970475171432,0.999999999996998
"CR848833.1",2.47129622624899,2,0.29064632961077,0.999999999996998
"hdac9b",6.16062860785148,5,0.290901404454964,0.999999999996998
"col4a1",6.15945910139268,5,0.29101068192083,0.999999999996998
"ca2",2.46878004289387,2,0.291012219452387,0.999999999996998
"rgs3b",6.14148444245152,5,0.292694341517098,0.999999999996998
"col5a1",2.45113540924249,2,0.293590980047946,0.999999999996998
"si:ch211-208k15.1",6.11658314003319,5,0.295039630713803,0.999999999996998
"znf1095",6.11178321773811,5,0.295493418381363,0.999999999996998
"sema3d",4.90754910416003,4,0.296915751313325,0.999999999996998
"arl5c",6.09559845297263,5,0.297027627236677,0.999999999996998
"tcf7l1a",4.90630360993852,4,0.297047142352381,0.999999999996998
"plxnb2a.1",6.09440796017684,5,0.297140727433605,0.999999999996998
"si:ch211-214p13.9",2.42200918529476,2,0.297897863056428,0.999999999996998
"mki67",6.08579905570942,5,0.297959615550182,0.999999999996998
"aurkb",6.08366435151375,5,0.298162947659331,0.999999999996998
"BX323807.2",3.67253613052391,3,0.299064487752574,0.999999999996998
"C11H3orf14",2.41380239886619,2,0.299122766537834,0.999999999996998
"nfkb1",6.06566563058531,5,0.2998817160073,0.999999999996998
"tanc2a",6.0626375641963,5,0.300171647568417,0.999999999996998
"dipk2ab",6.06247554009618,5,0.300187167317838,0.999999999996998
"zfp36l1b",6.05295319939508,5,0.301100396520326,0.999999999996998
"cadm1a",2.39914447829336,2,0.301323078565395,0.999999999996998
"si:ch211-126c2.4",6.02592140410688,5,0.303704819766059,0.999999999996998
"ube2c",6.02456782498116,5,0.303835698546892,0.999999999996998
"aurka",6.02451414692694,5,0.303840889642977,0.999999999996998
"celf5a",4.83874862839416,4,0.304246597953186,0.999999999996998
"npm1a",6.02002683374979,5,0.304275095987925,0.999999999996998
"si:ch211-113a14.11",4.82251281587106,4,0.305998298829633,0.999999999996998
"ntn1a",2.36659698533285,2,0.306266851703511,0.999999999996998
"klhl24b",5.99802255899767,5,0.306411379581497,0.999999999996998
"SAMD5",5.99724178193378,5,0.306487397560837,0.999999999996998
"CABZ01065684.1",2.36456305892668,2,0.306578472248476,0.999999999996998
"tnks1bp1",2.36404434800299,2,0.306657995361668,0.999999999996998
"nol4lb",5.99169389064947,5,0.307027978295981,0.999999999996998
"scarb2a",5.99123845865283,5,0.307072388387564,0.999999999996998
"slc6a16a",2.35272861928575,2,0.308397942254153,0.999999999996998
"h2ax",5.97659777533135,5,0.308502722151637,0.999999999996998
"tuft1a",5.96430300977531,5,0.309707904961207,0.999999999996998
"nphp4",5.96409362066506,5,0.309728462059267,0.999999999996998
"CR762400.1",2.34054814743401,2,0.310281889500016,0.999999999996998
"col12a1a",5.957192783156,5,0.310406561042114,0.999999999996998
"CR788236.1",2.32967230118678,2,0.311973774562994,0.999999999996998
"camta1b",5.93181116478631,5,0.312910647687874,0.999999999996998
"kifc1",5.91999323437196,5,0.314081949168678,0.999999999996998
"hirip3",5.91278186824995,5,0.314798363165097,0.999999999996998
"sema3aa",5.89723742418416,5,0.316346960283013,0.999999999996998
"dpyda.3",2.29714907915604,2,0.317088444407903,0.999999999996998
"aif1l",5.87379622316927,5,0.318693468100846,0.999999999996998
"cdk1",5.86652998319353,5,0.319423571035605,0.999999999996998
"tenm3",5.84944539957804,5,0.321145321111134,0.999999999996998
"si:ch211-272n13.3",5.82755780578891,5,0.323361600733136,0.999999999996998
"havcr1",2.25741790654224,2,0.323450576783354,0.999999999996998
"AL929378.2",2.25441843946135,2,0.323936030396575,0.999999999996998
"hdac4",5.81617569031799,5,0.324518786070829,0.999999999996998
"rab44",2.2495352338671,2,0.324727919860847,0.999999999996998
"aff2",5.81402921699512,5,0.324737369336477,0.999999999996998
"SLC45A4",2.24529212547226,2,0.32541757905825,0.999999999996998
"si:dkey-35m8.1",4.64731419648769,4,0.325435372333677,0.999999999996998
"zgc:163030",2.24464375341897,2,0.325523091992192,0.999999999996998
"si:dkey-286j17.4",2.24315308522523,2,0.325765805892209,0.999999999996998
"kif14",4.64070718097482,4,0.326187695551843,0.999999999996998
"si:ch211-250c4.4",5.7946721670317,5,0.326713700886895,0.999999999996998
"fibina",5.78441764629973,5,0.327764421231366,0.999999999996998
"tafa5b",5.78297917987625,5,0.327912020037994,0.999999999996998
"fam20cb",5.76634855815144,5,0.329622173557458,0.999999999996998
"nrxn2a",2.21864380022823,2,0.329782510755027,0.999999999996998
"tacc3",4.60454523336454,4,0.330330465988614,0.999999999996998
"slc2a1b",5.74253825167955,5,0.332082526406775,0.999999999996998
"kifc3",2.19644569106945,2,0.33346317299207,0.999999999996998
"auts2a",5.72476707821711,5,0.333927988781385,0.999999999996998
"junbb",5.72446425475283,5,0.333959503493137,0.999999999996998
"ephb2b",5.71757362756129,5,0.334677222047776,0.999999999996998
"runx1t1",5.70989805053631,5,0.335478084846315,0.999999999996998
"cacnb1",2.1801863296651,2,0.336185171612478,0.999999999996998
"sema4c",5.69836109447793,5,0.336684587130572,0.999999999996998
"efnb1",2.17491908462957,2,0.337071723359473,0.999999999996998
"cxcl20",5.68932020832303,5,0.337632363772455,0.999999999996998
"eda",2.17109133820765,2,0.337717453626808,0.999999999996998
"col4a2",5.68494942677483,5,0.338091289670295,0.999999999996998
"CABZ01079281.1",5.68159341358426,5,0.338443987964982,0.999999999996998
"id3",3.34865745963334,3,0.340927645549787,0.999999999996998
"pmepa1",2.15149620020016,2,0.341042525896571,0.999999999996998
"efna3b",5.64806811566559,5,0.341982654755858,0.999999999996998
"bub3",5.63914472439998,5,0.342929241184016,0.999999999996998
"itga10",5.62561418757227,5,0.344368324912818,0.999999999996998
"rras2",5.62425960309489,5,0.344512646687436,0.999999999996998
"pdzd2",5.62420951638154,5,0.344517983961029,0.999999999996998
"pcdh7b",5.62038426018267,5,0.344925790087568,0.999999999996998
"tuba8l",5.61507394088698,5,0.34549252016737,0.999999999996998
"sypb",2.12213907331436,2,0.346085461227092,0.999999999996998
"dachd",2.11916405156387,2,0.34660065019403,0.999999999996998
"aplnra",5.60434467886568,5,0.346639712702573,0.999999999996998
"ttyh2l",5.59242929759293,5,0.347917083123971,0.999999999996998
"dnmt3bb.1",5.59096920616588,5,0.348073852960314,0.999999999996998
"dck",5.59027433882328,5,0.348148479410985,0.999999999996998
"eif2ak3",2.10258862984076,2,0.349485112451657,0.999999999996998
"slco3a1",2.09764554816561,2,0.350349947476509,0.999999999996998
"CT990561.1",5.55294020561228,5,0.35217571101519,0.999999999996998
"FP565451.1",2.08338381647776,2,0.352857174676584,0.999999999996998
"smyd3",5.52735186475115,5,0.354955970781641,0.999999999996998
"hsp90aa1.2",5.5179179543356,5,0.355985112375698,0.999999999996998
"adamts9",2.06488216621331,2,0.356136539725781,0.999999999996998
"ntrk3a",4.38558319008685,4,0.35633073348447,0.999999999996998
"rhbdf1b",5.50958911398805,5,0.356895545411854,0.999999999996998
"tiparp",2.05532149563675,2,0.357843067431643,0.999999999996998
"abca2",2.0553137184705,2,0.357844458936862,0.999999999996998
"pcolce2b",3.22598180874278,3,0.358078168667435,0.999999999996998
"kcnn1a",2.05038742069387,2,0.358726969549409,0.999999999996998
"spdl1",5.49033589011923,5,0.359006749391061,0.999999999996998
"vipr2",5.48958755310389,5,0.359088994479579,0.999999999996998
"slc44a5b",5.48660587854664,5,0.359416830466865,0.999999999996998
"thbs3b",5.48320075100281,5,0.359791496254899,0.999999999996998
"nfkbiab",5.4813538336995,5,0.359994833235602,0.999999999996998
"mdka",5.48065577643688,5,0.360071708224159,0.999999999996998
"tnfsf11",2.03599263830476,2,0.36131818167906,0.999999999996998
"zgc:172120",2.03087613561282,2,0.362243707763069,0.999999999996998
"nptx1l",2.0299312058869,2,0.362414895623756,0.999999999996998
"ifih1",2.02863440675362,2,0.362649961485087,0.999999999996998
"myrfl",4.33360133171867,4,0.362736413792766,0.999999999996998
"gmps",5.45032092277602,5,0.363424128587595,0.999999999996998
"il1b",2.02244303932698,2,0.363774350542998,0.999999999996998
"mcamb",5.44468067737458,5,0.364049982535912,0.999999999996998
"sulf2b",2.0171097177905,2,0.364745707896739,0.999999999996998
"si:ch211-71m22.1",3.17872023005165,3,0.36488231864118,0.999999999996998
"atrnl1a",5.43198489745148,5,0.365461635371281,0.999999999996998
"hmgb2a",5.42436768067724,5,0.366310527557789,0.999999999996998
"si:ch73-36p18.1",5.41996370123675,5,0.366801983907664,0.999999999996998
"fam169aa",2.00165216542068,2,0.367575667813836,0.999999999996998
"cacnb3a",2.0012023674851,2,0.367658344498713,0.999999999996998
"ppap2d",5.40662602946155,5,0.36829333299763,0.999999999996998
"pou2f2a.1",5.39780260399517,5,0.369282359228732,0.999999999996998
"klf17",3.14744001837103,3,0.369446699853603,0.999999999996998
"meis2a.1",5.3932150375414,5,0.36979735057922,0.999999999996998
"ccdc102a",5.38177158709165,5,0.371084255928511,0.999999999996998
"hspg2",5.37751939749163,5,0.371563279342217,0.999999999996998
"tspan2a",4.26165294933613,4,0.371751575511689,0.999999999996998
"ext1b",5.36525039654585,5,0.372947948447165,0.999999999996998
"rbbp8",5.36045442580421,5,0.373490237075506,0.999999999996998
"chsy1",5.35249196549592,5,0.374391831288396,0.999999999996998
"akt3a",1.96102894085523,2,0.375118062050005,0.999999999996998
"uspl1",5.34479082581779,5,0.375265338121982,0.999999999996998
"bmpr2b",5.344774727591,5,0.375267165620814,0.999999999996998
"birc5a",5.3407403478363,5,0.375725358911702,0.999999999996998
"rbfox3b",5.34043965410877,5,0.375759525581746,0.999999999996998
"zeb2b",5.33225616769993,5,0.376690247945931,0.999999999996998
"gfra1a",5.32732103684116,5,0.377252334980205,0.999999999996998
"ccl38.1",5.30554827448396,5,0.379739381442512,0.999999999996998
"col18a1a",5.28426256015215,5,0.382182194284518,0.999999999996998
"nr2f5",5.28338331513109,5,0.382283341408815,0.999999999996998
"slc27a4",5.28197142088308,5,0.38244580397013,0.999999999996998
"mcm5",5.27441899392616,5,0.383315681240145,0.999999999996998
"slit3",5.26380289842221,5,0.38454082407046,0.999999999996998
"BX005058.2",3.04504659031429,3,0.38473188984696,0.999999999996998
"fbln2",5.26179982973897,5,0.384772300792465,0.999999999996998
"plpp3",1.91005383915599,2,0.384801785711868,0.999999999996998
"brsk2b",1.90431801659529,2,0.385906947088712,0.999999999996998
"abcg2a",5.24678038523301,5,0.386511138781285,0.999999999996998
"pold1",5.23069225604646,5,0.388379913651924,0.999999999996998
"hspb1",4.12735079834307,4,0.389045065241645,0.999999999996998
"hist1h2a11.3",4.12203166949454,4,0.389742504910774,0.999999999996998
"cacna2d2a",4.11625887492413,4,0.390500510126357,0.999999999996998
"lhx6",5.21120001475733,5,0.390652708796919,0.999999999996998
"si:ch73-383g2.1",5.20708051676987,5,0.391134248104764,0.999999999996998
"nek1",4.10942976068228,4,0.391398670451659,0.999999999996998
"pvalb3",5.20210413171775,5,0.391716512179289,0.999999999996998
"hyal2b",1.86904163293641,2,0.392774031292462,0.999999999996998
"CT033796.2",5.17578908988274,5,0.394805712695013,0.999999999996998
"ece2b",5.16864512006657,5,0.395647322635378,0.999999999996998
"pcdh15a",1.84829151019108,2,0.396870298741702,0.999999999996998
"tubb2b",5.15465916054181,5,0.397298621233408,0.999999999996998
"lama5",1.84587186412565,2,0.397350732131211,0.999999999996998
"mical2a",5.15112525068822,5,0.397716629177943,0.999999999996998
"ier5l",5.14920300563863,5,0.397944131186281,0.999999999996998
"inpp5l",5.14740714820632,5,0.398156757414423,0.999999999996998
"hs6st1a",5.12239430267912,5,0.401126510277706,0.999999999996998
"si:ch211-149k12.3",1.82609548791426,2,0.401299300836541,0.999999999996998
"dkc1",5.11718190445116,5,0.401747317144272,0.999999999996998
"glsb",5.11589637702329,5,0.401900528957122,0.999999999996998
"sema5ba",4.02994546449675,4,0.40196834142415,0.999999999996998
"BX465834.1",1.81889109822571,2,0.402747465829336,0.999999999996998
"tmem198a",5.10788703593475,5,0.402856016150078,0.999999999996998
"bnipl",1.81111318527466,2,0.404316782719256,0.999999999996998
"hsp90b1",5.09427618414892,5,0.404483368797838,0.999999999996998
"plekha1b",5.09367671128767,5,0.404555148360147,0.999999999996998
"spaca4l",5.0931110416778,5,0.404622888505418,0.999999999996998
"pln",1.80725603719982,2,0.405097289960382,0.999999999996998
"lgals2b",1.80616279653516,2,0.405318784906953,0.999999999996998
"tmem255a",1.80481829128085,2,0.405591353132029,0.999999999996998
"bcl10",1.79429793553444,2,0.407730456894157,0.999999999996998
"ckap5",5.05416575481959,5,0.409305584377619,0.999999999996998
"gdpd5b",5.04752625260027,5,0.410107619217992,0.999999999996998
"zgc:173552.3",5.04351671531843,5,0.410592484493174,0.999999999996998
"kcnd2",1.77999456873784,2,0.410656867943385,0.999999999996998
"baz1b",5.03323109773543,5,0.411838104996092,0.999999999996998
"cbx4",5.02719765658958,5,0.412569979212494,0.999999999996998
"ypel1",5.02337147203848,5,0.413034568328036,0.999999999996998
"nexmifb",2.86354346535706,3,0.41314606987431,0.999999999996998
"tenm1",1.76716689579426,2,0.413299218684913,0.999999999996998
"tpx2",5.01874313502592,5,0.413597036309185,0.999999999996998
"tnfrsf19",5.01617757912359,5,0.413909046330097,0.999999999996998
"rcan2",1.76247479526486,2,0.414269977705785,0.999999999996998
"scube3",5.00436148487993,5,0.415348136933173,0.999999999996998
"ncl",5.00256387169474,5,0.41556736842342,0.999999999996998
"sema6d",5.00141133478276,5,0.415707969861663,0.999999999996998
"ssbp3a",5.00042233200241,5,0.415828647132236,0.999999999996998
"zbtb46",4.99907897399978,5,0.415992600762106,0.999999999996998
"lbx2",2.8424280537742,3,0.416563044769357,0.999999999996998
"camk1b",4.98198267802234,5,0.418083007732382,0.999999999996998
"si:ch73-281n10.2",4.9788114333433,5,0.418471547101707,0.999999999996998
"cdca7a",4.97619365729018,5,0.418792460308753,0.999999999996998
"samd10a",1.73607369919969,2,0.419774821988891,0.999999999996998
"klf2b",4.96052710109447,5,0.420716509373219,0.999999999996998
"serpine1",4.95867646010148,5,0.420944185427133,0.999999999996998
"hist1h2a11.2",4.95218381283367,5,0.421743604780535,0.999999999996998
"rrm2",4.94464371928905,5,0.422673277602638,0.999999999996998
"si:dkey-166k12.1",1.7209623112581,2,0.422958524475268,0.999999999996998
"ctnnd2a",4.93756071109526,5,0.42354784962161,0.999999999996998
"gria4b",1.71616785463722,2,0.423973668904621,0.999999999996998
"ncapd2",4.93149012411134,5,0.424298381231024,0.999999999996998
"cxcl12b",1.7137962836928,2,0.424476708911631,0.999999999996998
"BX510306.1",1.71256226893546,2,0.424738694988463,0.999999999996998
"nfkb2",1.70470432053812,2,0.426410764971204,0.999999999996998
"slc29a1a",4.90625108478505,5,0.427428351932367,0.999999999996998
"ppp1r1b",1.69012905233889,2,0.429529641414096,0.999999999996998
"fam13a",4.88041216502671,5,0.430648652229695,0.999999999996998
"dab1a",2.75385385573287,3,0.431152836402269,0.999999999996998
"top2a",4.86477098689841,5,0.432605821349758,0.999999999996998
"nhsl1b",4.86398059201327,5,0.432704878955731,0.999999999996998
"ptprfb",4.84866468291471,5,0.434627331873744,0.999999999996998
"mafa",4.84030955898045,5,0.435678437519553,0.999999999996998
"hist1h4l.9",4.83905347919015,5,0.435836601550359,0.999999999996998
"ephb4a",4.83644376410787,5,0.436165334384756,0.999999999996998
"LO018188.1",4.83355714488262,5,0.436529137217846,0.999999999996998
"rrm2.1",4.83351457638154,5,0.436534503649598,0.999999999996998
"cenpp",4.83037628176155,5,0.436930254567857,0.999999999996998
"arrdc1b",4.81327260334586,5,0.439091227852863,0.999999999996998
"CR936518.2",4.81111622704373,5,0.439364171736059,0.999999999996998
"atp11c",4.80796113972183,5,0.439763727377681,0.999999999996998
"ednraa",4.80343833931628,5,0.44033690170787,0.999999999996998
"runx2a",1.63819169414567,2,0.440830052154696,0.999999999996998
"ek1",1.63784075205767,2,0.440907411851169,0.999999999996998
"scn1ba",1.63512608110948,2,0.441506277460891,0.999999999996998
"trim35-31",1.63373486060414,2,0.441813500595505,0.999999999996998
"anln",4.78967702280139,5,0.442083865615065,0.999999999996998
"klf4",4.78605717861594,5,0.442544143045869,0.999999999996998
"cdc14b",4.78564562848715,5,0.442596492955956,0.999999999996998
"bhlhe41",1.62789582749184,2,0.443105267174641,0.999999999996998
"ggps1",1.62411640351804,2,0.443943400175053,0.999999999996998
"efna5a",4.77495935338833,5,0.443957212645212,0.999999999996998
"MYO1D",1.62236660511649,2,0.444331975858548,0.999999999996998
"zgc:173552.5",4.76669857099176,5,0.445010940301803,0.999999999996998
"nr4a1",4.76286825144498,5,0.445500075576861,0.999999999996998
"cebpa",1.61503292804074,2,0.445964260304057,0.999999999996998
"ahrra",1.61318701661155,2,0.446376055571774,0.999999999996998
"klf2a",4.75538947193079,5,0.446456122048635,0.999999999996998
"unc5a",4.73980128537277,5,0.448453073801086,0.999999999996998
"hoxd3a",3.68605271071448,4,0.45015772732283,0.999999999996998
"zfpm2a",4.71994966434296,5,0.451004480541159,0.999999999996998
"arhgap27",3.67800879812462,4,0.451332494809385,0.999999999996998
"znf536",4.7063295523897,5,0.452760339253405,0.999999999996998
"ackr3b",4.70044362315389,5,0.45352047721081,0.999999999996998
"kif21b",4.69294369454188,5,0.454490228100108,0.999999999996998
"asic2",1.57313482758083,2,0.455405333476603,0.999999999996998
"fam83d",4.68526899034488,5,0.45548393667372,0.999999999996998
"kaznb",4.68497552340932,5,0.455521961567432,0.999999999996998
"si:ch211-210g13.5",4.68024389976355,5,0.456135321147429,0.999999999996998
"cux2b",4.67760632065158,5,0.456477456352106,0.999999999996998
"si:ch1073-153i20.5",3.63873931203352,4,0.457098524189574,0.999999999996998
"hist1h4l.14",4.6719745093143,5,0.457208531910403,0.999999999996998
"sat1a.1",3.63485277413521,4,0.457671982205773,0.999999999996998
"zgc:162730",4.66052780018693,5,0.458696720506383,0.999999999996998
"hoxb5a",4.65952868761642,5,0.458826759554266,0.999999999996998
"rgs12a",4.65427631297812,5,0.459510760459909,0.999999999996998
"apln",4.65289891049494,5,0.459690241179872,0.999999999996998
"jdp2b",4.65201628347684,5,0.45980527388495,0.999999999996998
"myca",4.64568642661131,5,0.460630771680599,0.999999999996998
"ldb2a",4.64381613098785,5,0.46087486047124,0.999999999996998
"epas1b",3.61219732674158,4,0.461024763394744,0.999999999996998
"slco1d1",1.54566615990026,2,0.461703171667845,0.999999999996998
"hsp70l",4.63612697642789,5,0.46187920638464,0.999999999996998
"bmp5",1.54334514152034,2,0.462239293468569,0.999999999996998
"rgs4",4.63198846395039,5,0.462420337339488,0.999999999996998
"CR848683.2",4.62975476957299,5,0.462712567929846,0.999999999996998
"si:ch211-156j22.4",4.62682967406967,5,0.463095427164216,0.999999999996998
"hopx",1.53808985290698,2,0.463455491083973,0.999999999996998
"kif4",4.62052841718631,5,0.463920853534776,0.999999999996998
"gli2a",1.53080307570423,2,0.465147119295645,0.999999999996998
"echdc2",3.58075020271714,4,0.465706780344702,0.999999999996998
"CABZ01005379.1",4.60473863313155,5,0.465993225004203,0.999999999996998
"phlda2",1.52693712011931,2,0.466047107896232,0.999999999996998
"neo1a",4.59860047817773,5,0.466800385552666,0.999999999996998
"meis1b",4.59708487069388,5,0.466999818937214,0.999999999996998
"nptna",4.59570482495654,5,0.467181459912001,0.999999999996998
"evla",2.53395195185548,3,0.469186441255357,0.999999999996998
"lrrc4ca",4.57783216458071,5,0.469537777811779,0.999999999996998
"snx22",4.57712984542811,5,0.469630519666757,0.999999999996998
"pde4d",4.57232198491088,5,0.470265703098963,0.999999999996998
"CU179759.2",4.5697848509986,5,0.470601104601115,0.999999999996998
"smad6a",4.56457281845304,5,0.471290578218062,0.999999999996998
"sept9a",4.56262209249989,5,0.47154878846194,0.999999999996998
"e2f8",4.5587738192595,5,0.47205842280792,0.999999999996998
"CABZ01068358.1",4.54943721784747,5,0.473296280577302,0.999999999996998
"tgfbr3",4.54411439102923,5,0.474002869157723,0.999999999996998
"BX649276.1",1.48983467034423,2,0.474773545391195,0.999999999996998
"sh2d3ca",4.53616877716337,5,0.475058813658689,0.999999999996998
"podxl",4.52708101523388,5,0.476268288319014,0.999999999996998
"BX942846.1",4.52694505652662,5,0.476286396926894,0.999999999996998
"zgc:171759.4",3.5091968671158,4,0.476481319263182,0.999999999996998
"hs3st4",1.48235079867815,2,0.476553445592587,0.999999999996998
"alcamb",4.5116853269872,5,0.478321505479333,0.999999999996998
"si:ch211-266k2.1",1.47304432579974,2,0.478776128775462,0.999999999996998
"AL929216.1",1.46798111117995,2,0.479989737465019,0.999999999996998
"ece2a",4.49748766866633,5,0.480219649800436,0.999999999996998
"deptor",1.4669207614801,2,0.480244283423014,0.999999999996998
"adgrb1a",4.49642218588466,5,0.480362280066676,0.999999999996998
"CABZ01086127.1",4.49309427048199,5,0.480807932452322,0.999999999996998
"wbp2",1.46453179058755,2,0.480818270971859,0.999999999996998
"nudt19",1.46404157102314,2,0.480936138678212,0.999999999996998
"CABZ01027646.1",1.4550816256729,2,0.483095552884639,0.999999999996998
"dip2a",4.47574188617462,5,0.483135636922107,0.999999999996998
"si:dkey-172h23.2",4.46851009357936,5,0.484107703370289,0.999999999996998
"chaf1b",4.45968676286772,5,0.48529526261834,0.999999999996998
"hey2",2.44430684714817,3,0.485440209914229,0.999999999996998
"si:dkey-65b13.1",3.44870082239032,4,0.485721243486789,0.999999999996998
"fam174b",4.45421891071149,5,0.486032059186041,0.999999999996998
"ptprc",4.45264996667854,5,0.486243596923243,0.999999999996998
"CR376783.1",4.42927646259742,5,0.48940139967796,0.999999999996998
"mpped2a",4.42479264180303,5,0.490008538590226,0.999999999996998
"adarb1b",4.42469330542861,5,0.490021994357277,0.999999999996998
"zgc:163040.1",4.42419557746136,5,0.49008941813326,0.999999999996998
"rbpjb",4.41701854476741,5,0.491062241360136,0.999999999996998
"syt11a",1.42215729562775,2,0.49111417242873,0.999999999996998
"socs7",1.42193962114971,2,0.491167626848163,0.999999999996998
"esco2",4.4085382821506,5,0.492213157203376,0.999999999996998
"vash2",4.40695600822686,5,0.492428071525082,0.999999999996998
"prkcz",3.40336977903987,4,0.492722433856319,0.999999999996998
"aldh1a2",1.40543027463748,2,0.495238835251815,0.999999999996998
"fabp3",4.37945383376179,5,0.496172236607791,0.999999999996998
"CU459186.2",2.38311548515747,3,0.496785408717197,0.999999999996998
"si:ch1073-159d7.7",4.3735594969077,5,0.496976815755914,0.999999999996998
"tmem88b",4.36618400436836,5,0.497984622427242,0.999999999996998
"cdkn1ca",1.3898591797686,2,0.499109589111894,0.999999999996998
"cacna2d1a",1.38499734017443,2,0.500324360400555,0.999999999996998
"prickle2b",1.38310928230814,2,0.500796904085092,0.999999999996998
"pim1",4.34236960491766,5,0.50124661327277,0.999999999996998
"btg2",1.38102329742924,2,0.501319503956236,0.999999999996998
"ptx3a",4.33548847781294,5,0.502191404158048,0.999999999996998
"ebf2",4.33415933310573,5,0.502374013593583,0.999999999996998
"CABZ01058261.1",4.33309892259295,5,0.502519728787508,0.999999999996998
"kif20a",4.32602480036066,5,0.50349241963812,0.999999999996998
"cyp26a1",1.37158526105958,2,0.503690830577927,0.999999999996998
"tox2",4.313050020581,5,0.505279190498858,0.999999999996998
"fndc3ba",4.31199142484915,5,0.505425126944487,0.999999999996998
"cenpi",4.30807376638203,5,0.505965413938224,0.999999999996998
"BX511025.1",2.33225367401423,3,0.506370134815121,0.999999999996998
"cds1",4.2942347716452,5,0.507876529287437,0.999999999996998
"kif23",4.29224910300643,5,0.508151070777635,0.999999999996998
"adgrl1a",4.28507520225646,5,0.509143628377792,0.999999999996998
"CABZ01118738.1",1.34737809659982,2,0.509824337790683,0.999999999996998
"nes",4.26858330720302,5,0.511429439150468,0.999999999996998
"cd7al",2.29917195207662,3,0.512679557538715,0.999999999996998
"pknox2",4.25099037748781,5,0.51387403730762,0.999999999996998
"cntln",4.24772735271789,5,0.514328143820528,0.999999999996998
"mtf2",4.2440904193694,5,0.514834542709262,0.999999999996998
"igsf9bb",4.23528830439425,5,0.516061247241573,0.999999999996998
"mgll",4.22890120950164,5,0.516952369944086,0.999999999996998
"pdzrn4",4.22072009025369,5,0.518095001872841,0.999999999996998
"skp2",4.21860172384039,5,0.518391088295509,0.999999999996998
"serpinf1",4.2144622272825,5,0.518969931753689,0.999999999996998
"kcnt1",1.3080022865703,2,0.519961169993039,0.999999999996998
"BX005454.1",2.25612874225479,3,0.520977533267957,0.999999999996998
"glis1b",1.30183709344444,2,0.521566473488849,0.999999999996998
"mylka",1.2965941420146,2,0.522935541037446,0.999999999996998
"ubald2",3.21058429603882,4,0.523223099103788,0.999999999996998
"bag3",1.29234210514858,2,0.524048494297332,0.999999999996998
"ndst2b",4.1638048553426,5,0.526081345543971,0.999999999996998
"ccnb3",3.1861570789835,4,0.527169713991317,0.999999999996998
"esrrga",2.22073152768673,3,0.527876459016202,0.999999999996998
"smox",4.14909277993576,5,0.528156186211035,0.999999999996998
"irs2b",4.14005208744218,5,0.529433293959847,0.999999999996998
"FRMD1",1.26970369120804,2,0.530014006406005,0.999999999996998
"pold2",4.13161782771984,5,0.530626170073853,0.999999999996998
"rapgef5b",4.12967774325042,5,0.53090075577812,0.999999999996998
"cpne7",1.26544750513583,2,0.531143126532286,0.999999999996998
"immp2l",4.12676399374095,5,0.531313283966504,0.999999999996998
"MAGI3",4.12617128219946,5,0.531397220068661,0.999999999996998
"CU459186.4",3.15638209936677,4,0.532004654722964,0.999999999996998
"pawr",4.12119500697771,5,0.532102196642323,0.999999999996998
"bmp7b",1.25755354728773,2,0.53324367995142,0.999999999996998
"cdca8",4.10205080688855,5,0.534818747962217,0.999999999996998
"zgc:112332",4.10109631780258,5,0.534954373087321,0.999999999996998
"lcp1",4.09934780853313,5,0.535202867086313,0.999999999996998
"wnt9a",4.08410957592107,5,0.537370949347932,0.999999999996998
"wnt2bb",4.08015468675313,5,0.537934366371898,0.999999999996998
"hist1h4l.7",4.08007747986893,5,0.537945368271212,0.999999999996998
"exoc3l2b",4.0766162664169,5,0.538438702953646,0.999999999996998
"thsd7aa",1.23734395665659,2,0.538659314046619,0.999999999996998
"ccdc136b",4.06669169906249,5,0.539854523241601,0.999999999996998
"arhgef9b",4.05356034275125,5,0.541730650413492,0.999999999996998
"gpc3",3.09539396756766,4,0.541990298956131,0.999999999996998
"BX005154.1",4.04771620134085,5,0.54256665709573,0.999999999996998
"atad2",4.04602824371751,5,0.54280823791348,0.999999999996998
"slc16a1a",4.03934022980666,5,0.543765945486498,0.999999999996998
"fn1a",4.03814098008931,5,0.543937762432684,0.999999999996998
"hs6st3a",2.13523292506862,3,0.544817853097736,0.999999999996998
"cep162",4.02584265204508,5,0.545701273709319,0.999999999996998
"postnb",4.01873229966298,5,0.546722121275962,0.999999999996998
"si:ch73-7i4.1",1.20524601692531,2,0.547373984838127,0.999999999996998
"crip2",4.01262829549503,5,0.547599219795992,0.999999999996998
"arvcfb",4.00967933377655,5,0.548023205217629,0.999999999996998
"hist1h4l.22",4.0035916311299,5,0.548898959155631,0.999999999996998
"samd10b",3.99665025291768,5,0.54989833513941,0.999999999996998
"rad51",3.97550483188259,5,0.552948036979818,0.999999999996998
"rapgef2",1.17688342750974,2,0.555191758691617,0.999999999996998
"si:dkey-30c15.10",3.95845552378285,5,0.555412750185265,0.999999999996998
"foxo1b",3.94921101073544,5,0.556751305326876,0.999999999996998
"dpy19l3",3.94852564169534,5,0.556850602391363,0.999999999996998
"arhgap20b",3.94604229239455,5,0.557210461372191,0.999999999996998
"kcnq5a",3.94185572155191,5,0.557817374485078,0.999999999996998
"agap1",3.92928247248162,5,0.559641897873384,0.999999999996998
"flt1",3.91567242380346,5,0.561619931801913,0.999999999996998
"trps1",2.05197665128113,3,0.561689136800445,0.999999999996998
"junba",3.91476660975443,5,0.561751691600311,0.999999999996998
"gdf11",3.91407690695978,5,0.561852025186774,0.999999999996998
"emp2",3.91354060438541,5,0.561930048667378,0.999999999996998
"pnpla2",1.15168949909555,2,0.562229724840581,0.999999999996998
"ada",1.14464657714362,2,0.564213084989231,0.999999999996998
"smap1",3.89637123916358,5,0.564430488429678,0.999999999996998
"fam214a",1.14242518909573,2,0.564840101238101,0.999999999996998
"fat3a",3.89353141377202,5,0.564844541066477,0.999999999996998
"cntn4",1.13828769614158,2,0.566009821718037,0.999999999996998
"n4bp1",3.88209669498742,5,0.566513110288402,0.999999999996998
"olfm2a",2.9425622046891,4,0.567483036758375,0.999999999996998
"atp13a3",1.13207092171154,2,0.567771936660414,0.999999999996998
"CU138547.1",2.93433120370658,4,0.568874381577253,0.999999999996998
"slc43a2b",1.12714783989593,2,0.569171252038271,0.999999999996998
"utrn",1.12698629380132,2,0.569217227591505,0.999999999996998
"vav3b.1",3.86056835516398,5,0.569660424884647,0.999999999996998
"epor",1.11908945721377,2,0.571469178201892,0.999999999996998
"cebpd",3.84745913671747,5,0.571580626245254,0.999999999996998
"dapk1",1.1148026429975,2,0.572695382959074,0.999999999996998
"mavs",1.1145694126503,2,0.572762171824802,0.999999999996998
"si:ch211-244b2.4",1.99483930908012,3,0.573478515884221,0.999999999996998
"si:ch211-281l24.3",1.10810424735758,2,0.574616668674204,0.999999999996998
"cdc6",3.82229898363599,5,0.575273761035867,0.999999999996998
"acta1a",2.88849742846054,4,0.576655114588067,0.999999999996998
"adma",3.80979214730244,5,0.577113315202053,0.999999999996998
"pttg1",3.80576028812075,5,0.577706859538161,0.999999999996998
"si:ch1073-385f13.3",3.79913337051966,5,0.57868298174954,0.999999999996998
"gpc4",3.78681881376599,5,0.580498678030684,0.999999999996998
"arhgap21a",3.7845875427896,5,0.580827913000894,0.999999999996998
"dlc",3.78441346505914,5,0.580853602227831,0.999999999996998
"sema5a",1.08299776268317,2,0.581875436179028,0.999999999996998
"gfra2a",3.77230794673615,5,0.582641186279875,0.999999999996998
"CABZ01076275.1",3.77189511497737,5,0.582702187079967,0.999999999996998
"ncapg",3.77098249889294,5,0.582837046098705,0.999999999996998
"haus4",3.77080625954574,5,0.582863090772869,0.999999999996998
"smc4",3.7662553318074,5,0.583535789728154,0.999999999996998
"trim23",1.07595123536062,2,0.583929152526333,0.999999999996998
"nid1b",3.76220276159997,5,0.584135085813284,0.999999999996998
"bach2b",3.76106695189839,5,0.584303094101278,0.999999999996998
"rdh8a",1.07349121017336,2,0.584647834641144,0.999999999996998
"BX248082.2",1.07073332474746,2,0.585454586616907,0.999999999996998
"LO017951.1",1.07070008227382,2,0.585464317677108,0.999999999996998
"kcnd1",2.83303832714297,4,0.586143275998331,0.999999999996998
"sdk1a",1.06713743830354,2,0.586508147560246,0.999999999996998
"zgc:153405",2.82987116841219,4,0.586687498956309,0.999999999996998
"mbnl3",3.73850432154351,5,0.587644519007901,0.999999999996998
"maml3",3.72667942953781,5,0.589398720509499,0.999999999996998
"mtss1la",1.05633551621925,2,0.589684424970299,0.999999999996998
"ttk",3.7235991149605,5,0.589856012844335,0.999999999996998
"bcl3",3.70891845269458,5,0.592037324163133,0.999999999996998
"si:dkey-111i23.1",1.04229244649703,2,0.593839485096009,0.999999999996998
"CR354540.2",3.69540106077765,5,0.594048501383801,0.999999999996998
"SEMA4F",3.69379874906042,5,0.594287070796418,0.999999999996998
"xirp1",1.89393166350712,3,0.594710660853778,0.999999999996998
"smurf2",3.68512799082642,5,0.595578687827814,0.999999999996998
"plekho1b",1.03479425065696,2,0.596070026120116,0.999999999996998
"bcl9l",3.67639565680625,5,0.596880529918272,0.999999999996998
"igf1ra",1.03185987500286,2,0.596945214682514,0.999999999996998
"igsf3",3.67332026505227,5,0.597339268014958,0.999999999996998
"si:ch73-380l10.2",3.67183417258798,5,0.597560986055908,0.999999999996998
"hk2",1.02979353954609,2,0.597562277923963,0.999999999996998
"grm6a",3.66989033184409,5,0.597851043494207,0.999999999996998
"rnf220a",3.66979032117871,5,0.597865968351222,0.999999999996998
"klhl29",2.7612148877197,4,0.598546082536335,0.999999999996998
"egr1",3.6586983948243,5,0.59952208776151,0.999999999996998
"arhgef12b",3.64825369030011,5,0.601083084216459,0.999999999996998
"ift140",3.64463191591678,5,0.60162470995408,0.999999999996998
"adamts10",3.64172377599398,5,0.602059739380238,0.999999999996998
"BX005294.1",1.01140588419597,2,0.603081495021152,0.999999999996998
"arpp21",1.0089886977255,2,0.603810815873676,0.999999999996998
"crfb4",3.62730870326099,5,0.604217732211805,0.999999999996998
"kpna2",3.62609339027015,5,0.604399793016898,0.999999999996998
"pcdh1gb2",3.62350665486371,5,0.604787364272298,0.999999999996998
"tmem108",3.6176827766076,5,0.605660272827376,0.999999999996998
"MYADM.1",1.00121672587319,2,0.606161781156753,0.999999999996998
"myo1ca",3.61251020326405,5,0.606435925026345,0.999999999996998
"gfra2b",0.998636627693444,2,0.606944264223115,0.999999999996998
"ccn2a",3.6089386577082,5,0.606971694109722,0.999999999996998
"postna",3.60481979058116,5,0.607589767559614,0.999999999996998
"sptbn2",3.59957413244641,5,0.608377235338308,0.999999999996998
"pkdccb",0.993682969669551,2,0.608449424628384,0.999999999996998
"zgc:158423",1.82370509822353,3,0.609790077336355,0.999999999996998
"gypc",3.58833264372503,5,0.610065941111948,0.999999999996998
"si:ch211-222l21.1",3.58100571705028,5,0.6111674376846,0.999999999996998
"pcdh19",3.57534644217059,5,0.612018675747191,0.999999999996998
"id1",3.55672763627214,5,0.61482193720224,0.999999999996998
"ssb",3.54694671166296,5,0.616296205263192,0.999999999996998
"sc:d189",3.54610246405631,5,0.616423510151808,0.999999999996998
"pcdh9",0.965030663309914,2,0.617228902201215,0.999999999996998
"inhbaa",2.64629160125491,4,0.618645056666718,0.999999999996998
"si:dkey-79d12.6",3.52875335205419,5,0.619041416623855,0.999999999996998
"slc4a4b",1.7782687602109,3,0.619675276266628,0.999999999996998
"RAMP3",1.77722755937713,3,0.61990296764267,0.999999999996998
"slc7a3a",3.52186435140044,5,0.620081886724616,0.999999999996998
"si:dkey-246i14.3",3.51880938862459,5,0.620543458890957,0.999999999996998
"hspe1",3.5161123328321,5,0.620951041566491,0.999999999996998
"cplx2",3.51431901655269,5,0.62122209460145,0.999999999996998
"lrp8",3.50322987279479,5,0.622898963278517,0.999999999996998
"pdgfba",3.50196624885615,5,0.62309013013633,0.999999999996998
"gas2l1",3.49588485052111,5,0.624010393656029,0.999999999996998
"col1a2",3.49377048182848,5,0.624330442294104,0.999999999996998
"XKR4",3.4928629132985,5,0.624467834183075,0.999999999996998
"colec12",3.49093457398063,5,0.624759784226591,0.999999999996998
"dcn",3.48788941506605,5,0.625220901021103,0.999999999996998
"ptch1",3.48250205360654,5,0.626036928881923,0.999999999996998
"znf1129",0.933942773521384,2,0.626898027739043,0.999999999996998
"caskin1",0.933814296803166,2,0.626938299933169,0.999999999996998
"sema7a",0.933587786078862,2,0.627009308078326,0.999999999996998
"heatr1",3.47329549417226,5,0.627432157168402,0.999999999996998
"si:ch211-161c3.6",3.47008387356638,5,0.627919075961122,0.999999999996998
"igdcc4",3.46842098234702,5,0.628171231146572,0.999999999996998
"dchs1b",3.46744614629226,5,0.628319065150919,0.999999999996998
"mef2ca",3.46638398750146,5,0.62848015271661,0.999999999996998
"prc1b",3.46499024885375,5,0.628691545317554,0.999999999996998
"slc29a1b",3.46140312230942,5,0.62923570656645,0.999999999996998
"erfl3",3.45801170388266,5,0.629750298886532,0.999999999996998
"ptprn2",3.45099310103844,5,0.630815623482406,0.999999999996998
"apof",0.914245040369586,2,0.633102767442691,0.999999999996998
"pabpc4",3.43444794711483,5,0.633328866046642,0.999999999996998
"si:ch73-22o12.1",3.4297292741601,5,0.634046128017096,0.999999999996998
"hist1h4l.15",2.5555600025207,4,0.634715306851028,0.999999999996998
"nphp3",0.908949104253199,2,0.634781424883216,0.999999999996998
"CU457819.1",2.55295921283349,4,0.635178390913877,0.999999999996998
"bop1",3.42200465468973,5,0.635220765766647,0.999999999996998
"krcp",3.41554791219236,5,0.636203034612822,0.999999999996998
"LO018168.1",2.54555610158936,4,0.636497265830948,0.999999999996998
"wdr43",3.41334812449105,5,0.636537778273631,0.999999999996998
"ebf3a.1",3.41308773187954,5,0.636577405405442,0.999999999996998
"dlg2",3.40865866647359,5,0.63725152588,0.999999999996998
"dlgap5",3.40858196616636,5,0.637263201537852,0.999999999996998
"ghrhrb",2.54011591690212,4,0.637467110325708,0.999999999996998
"eepd1",0.90023556864153,2,0.637553053445814,0.999999999996998
"flvcr2b",3.40605124945909,5,0.637648468406809,0.999999999996998
"mboat2a",3.40259450124475,5,0.638174804710154,0.999999999996998
"rims2b",2.53507449673937,4,0.638366366407905,0.999999999996998
"he1.1",1.6931891245746,3,0.638449069401534,0.999999999996998
"gask1a",3.39580804060274,5,0.63920844679606,0.999999999996998
"rbms3",3.38847243218653,5,0.640326188954717,0.999999999996998
"ret",3.38708233934129,5,0.640538053555684,0.999999999996998
"aspn",0.889949524308278,2,0.640840449260709,0.999999999996998
"plekhg5b",3.38259047550468,5,0.641222775088942,0.999999999996998
"hmga1a",3.38050514306598,5,0.641540713955086,0.999999999996998
"si:ch211-119e14.1",1.6750515475776,3,0.642494576864562,0.999999999996998
"pho",3.3554375273487,5,0.645365501060715,0.999999999996998
"cavin2b",3.3531165557029,5,0.645719893969119,0.999999999996998
"en2a",0.874196299271392,2,0.645908032661295,0.999999999996998
"bard1",1.65754947593075,3,0.646412382184866,0.999999999996998
"jag1b",3.33508311485393,5,0.648474905595743,0.999999999996998
"tdp1",3.32905946622267,5,0.6493957148906,0.999999999996998
"cobll1a",0.858495416384141,2,0.650998651507951,0.999999999996998
"si:ch211-223a21.4",0.855089397913408,2,0.652108252786117,0.999999999996998
"st3gal4",3.3110750641078,5,0.652146526890999,0.999999999996998
"rnd3b",2.4566756648008,4,0.652410123203949,0.999999999996998
"CABZ01053592.1",1.63048730235285,3,0.652496954766421,0.999999999996998
"si:dkey-23a13.21",2.44533234546403,4,0.654450897910375,0.999999999996998
"cep192",3.29570791234133,5,0.654498862775865,0.999999999996998
"nectin1a",0.846777294384742,2,0.65482408810757,0.999999999996998
"gadd45ab",3.2923737921317,5,0.655009451978307,0.999999999996998
"fgf10b",3.29057419010967,5,0.655285075591258,0.999999999996998
"p3h2",0.844476160699697,2,0.655577940586702,0.999999999996998
"SYNDIG1",0.843624807782299,2,0.655857064086789,0.999999999996998
"cep131",3.28586430905596,5,0.656006535344547,0.999999999996998
"ptprga",0.841721622886173,2,0.656481469758726,0.999999999996998
"tuba1b",3.28265013359856,5,0.656498967854714,0.999999999996998
"srrt",3.27929477710792,5,0.657013102904823,0.999999999996998
"CU467961.1",3.27457283381965,5,0.657736761776339,0.999999999996998
"foxf2b",0.837494926295608,2,0.657870310789229,0.999999999996998
"tbc1d10c",0.836534933393116,2,0.658186162001454,0.999999999996998
"notchl",3.27066676823336,5,0.658335492127621,0.999999999996998
"g2e3",3.26957433997353,5,0.65850295931391,0.999999999996998
"si:ch211-13k12.2",0.835150369597533,2,0.658641970122436,0.999999999996998
"celsr1a",3.26396160912893,5,0.659363498655368,0.999999999996998
"six3a",1.59912336282228,3,0.659588607654413,0.999999999996998
"zmp:0000001316",0.82941217766788,2,0.660534390611018,0.999999999996998
"csrp2",2.40563866230229,4,0.661608507044433,0.999999999996998
"bcl11aa",3.24359646556729,5,0.662487478187654,0.999999999996998
"trim2a",3.22962283868281,5,0.664632403054056,0.999999999996998
"trhde.2.1",3.22094964687014,5,0.665964261149866,0.999999999996998
"pcdh17",3.21346749451266,5,0.667113541744126,0.999999999996998
"nlk2",3.21336205794137,5,0.667129739174154,0.999999999996998
"ADAMTS7",3.2044690304379,5,0.668496109788142,0.999999999996998
"BX255963.1",1.55774632797642,3,0.669008041740796,0.999999999996998
"dock1",2.36351175341189,4,0.669231074217442,0.999999999996998
"dbf4b",3.19387023081864,5,0.670125069115014,0.999999999996998
"pkp1b",0.797683797486175,2,0.671096794213193,0.999999999996998
"syt2a",3.18743218089688,5,0.671114808679093,0.999999999996998
"kif26aa",3.18694060993986,5,0.671190387043432,0.999999999996998
"rgs18",1.54522365822963,3,0.671872744704102,0.999999999996998
"FAM124A",2.34884492641687,4,0.671890856155479,0.999999999996998
"iqca1",2.34585048662348,4,0.672434247745821,0.999999999996998
"spc24",3.17849115198455,5,0.672489647750697,0.999999999996998
"fhl1b",3.17610074873324,5,0.672857273075474,0.999999999996998
"klf7a",3.16727055307427,5,0.674215496906892,0.999999999996998
"numa1",3.16596650374524,5,0.674416107551218,0.999999999996998
"cita",3.1643729826314,5,0.674661258883527,0.999999999996998
"efnb3a",3.15827958865327,5,0.675598774849752,0.999999999996998
"tll1",3.15588711730188,5,0.675966914566996,0.999999999996998
"znf408",0.777968242019275,2,0.677745031835356,0.999999999996998
"avpr1ab",0.776705151761292,2,0.678173193596416,0.999999999996998
"osr2",3.1380893230383,5,0.678706198150561,0.999999999996998
"CU280645.1",3.1319094729589,5,0.679657605207361,0.999999999996998
"batf",3.13189834599025,5,0.679659318351979,0.999999999996998
"ctdspl2b",3.12750393841673,5,0.680335926816762,0.999999999996998
"ca6",0.770222004942928,2,0.680375108694207,0.999999999996998
"mfsd2ab",3.12711132804179,5,0.68039638015195,0.999999999996998
"fen1",3.12543382739746,5,0.680654683655016,0.999999999996998
"atf3",3.12425517642406,5,0.680836178912306,0.999999999996998
"pard3bb",0.768285888151406,2,0.681034070435707,0.999999999996998
"epha3",3.11729562905766,5,0.68190793429792,0.999999999996998
"cgnl1",3.11454865907907,5,0.682331000861605,0.999999999996998
"smc2",3.10421727472948,5,0.683922346144103,0.999999999996998
"cx28.1",0.758693088946391,2,0.684308428267403,0.999999999996998
"s100a10b",3.10062314717471,5,0.684476016412866,0.999999999996998
"dchs1a",3.09832240568542,5,0.684830459408012,0.999999999996998
"CR925763.1",0.757053021181623,2,0.684869814510995,0.999999999996998
"si:ch211-1a19.3",1.48816877072269,3,0.685003651724945,0.999999999996998
"CU179643.1",0.755719067512093,2,0.685326759180919,0.999999999996998
"CR548622.3",1.4826648721697,3,0.68627700931437,0.999999999996998
"ltbp1",0.752000639975851,2,0.68660211333788,0.999999999996998
"wwtr1",3.08644882892712,5,0.686659854198146,0.999999999996998
"efna5b",3.08414123922493,5,0.687015427491479,0.999999999996998
"hbegfb",3.08294240225017,5,0.687200159053197,0.999999999996998
"CU062632.1",3.08278567422226,5,0.687224309858535,0.999999999996998
"LO017938.1",3.07421971923131,5,0.688544344504497,0.999999999996998
"qdpra",0.746325506089372,2,0.688553159600919,0.999999999996998
"ctdp1",3.0641050712287,5,0.690103211084846,0.999999999996998
"anxa13l",3.05848183594785,5,0.690969935422382,0.999999999996998
"rab11fip5a",3.05581859462707,5,0.691380444480389,0.999999999996998
"CABZ01072096.1",0.737145985997227,2,0.691720716985999,0.999999999996998
"si:ch211-213a13.1",3.05185867234944,5,0.691990840821072,0.999999999996998
"si:ch211-191i18.2",0.73404219090767,2,0.692795030064663,0.999999999996998
"ncanb",0.734016480298979,2,0.69280393621287,0.999999999996998
"si:ch211-169p10.1",3.03958676107968,5,0.693882599940743,0.999999999996998
"hist1h2a11.1",1.44916131074833,3,0.694052574305047,0.999999999996998
"krt94",0.724751687494601,2,0.696020723639211,0.999999999996998
"dok7",0.721371576392837,2,0.697198031904683,0.999999999996998
"sass6",3.0104937154839,5,0.698367916304765,0.999999999996998
"foxp4",3.00503802550297,5,0.699209071992215,0.999999999996998
"nat8l",3.00326234949839,5,0.699482845905652,0.999999999996998
"arhgap33",1.42509738239062,3,0.699662454076303,0.999999999996998
"bcl11ab",3.00116805511302,5,0.699805744762898,0.999999999996998
"sytl3",2.99828634423274,5,0.700250047868435,0.999999999996998
"fosl2",2.99669878223306,5,0.700494818568522,0.999999999996998
"arhgap29a",2.9887339690779,5,0.701722830106214,0.999999999996998
"ldlra",0.70627963646712,2,0.702478967142193,0.999999999996998
"sh3bp4a",2.97531986923498,5,0.703790961931776,0.999999999996998
"SSBP4",2.97350517383145,5,0.704070736908801,0.999999999996998
"nanos1",0.701240031642807,2,0.704251307373908,0.999999999996998
"f8",1.40508563110304,3,0.704343065138823,0.999999999996998
"tgfb2",2.9665132793495,5,0.705148667791931,0.999999999996998
"pcsk5b",2.16486941169631,4,0.705465814184829,0.999999999996998
"ebf3a",2.96271875306219,5,0.70573364752486,0.999999999996998
"ppp1r9alb",2.95921924026566,5,0.706273134421841,0.999999999996998
"nfasca",0.695375536938383,2,0.70631937696926,0.999999999996998
"zgc:174356",0.694974647113537,2,0.706460969285175,0.999999999996998
"brip1",2.95266250288453,5,0.707283888903759,0.999999999996998
"si:ch211-226l4.6",0.689953038528677,2,0.708236983197948,0.999999999996998
"her9",2.94566397988924,5,0.70836268808835,0.999999999996998
"ccdc141",0.688311866020934,2,0.708818391245945,0.999999999996998
"cad",2.93931614453641,5,0.709341125943983,0.999999999996998
"cbx7a",2.9348142539396,5,0.710034996503029,0.999999999996998
"ATP8A1",2.92631296199708,5,0.711345193017612,0.999999999996998
"cobll1b",2.92426751359564,5,0.711660411783887,0.999999999996998
"tspan18a",2.921241468941,5,0.712126732324303,0.999999999996998
"nr4a3",1.36882848977176,3,0.712857493850349,0.999999999996998
"sema3ga",0.67362972370226,2,0.714041023899574,0.999999999996998
"bckdhbl",0.673585120201534,2,0.71405694844181,0.999999999996998
"meis2a",0.67352132241307,2,0.714079726432178,0.999999999996998
"mylk2",2.90671346128003,5,0.714365254051464,0.999999999996998
"gfra4b",2.11346448629733,4,0.714899139717609,0.999999999996998
"mcm2",2.89986890538384,5,0.715419709311818,0.999999999996998
"zgc:171686",2.10713617672369,4,0.71606146031838,0.999999999996998
"plpp2a",2.89196192396742,5,0.716637683525699,0.999999999996998
"pbx1b",0.663177136200674,2,0.717782580761765,0.999999999996998
"slc38a5a",2.09428708255779,4,0.718422017638342,0.999999999996998
"zgc:113625",2.8797497481618,5,0.71851846218878,0.999999999996998
"b3gnt3.3",0.661025782797429,2,0.718555098175724,0.999999999996998
"unc13a",2.87488322681919,5,0.719267816966893,0.999999999996998
"ace",0.658953780502795,2,0.719299907827055,0.999999999996998
"baz1a.1",2.87370400494882,5,0.719449383624458,0.999999999996998
"insra",2.86775905520618,5,0.720364664357149,0.999999999996998
"fhdc2",2.85364189178267,5,0.722537620501321,0.999999999996998
"si:ch211-39i2.2",2.8519491393183,5,0.722798122791569,0.999999999996998
"gnl3",2.85120040203021,5,0.722913344370688,0.999999999996998
"slc38a2",2.8490058154454,5,0.723251051591254,0.999999999996998
"lef1",2.83421652185919,5,0.725526329555206,0.999999999996998
"dscamb",2.83085219928932,5,0.726043784046826,0.999999999996998
"slc7a5",0.634760856654786,2,0.728053730172151,0.999999999996998
"CR847968.1",1.30187848271656,3,0.728687060319589,0.999999999996998
"zgc:113983",0.632285951876808,2,0.728955219659989,0.999999999996998
"cks2",0.631318448895844,2,0.729307938141161,0.999999999996998
"cemip",2.80958601042235,5,0.729313412623763,0.999999999996998
"prex1",2.80433390777289,5,0.730120559625618,0.999999999996998
"nav2a",2.80373489194284,5,0.730212607503776,0.999999999996998
"lyst",2.80040222262271,5,0.730724687340242,0.999999999996998
"osr1",0.62433378111309,2,0.731859377616861,0.999999999996998
"dhfr",2.78859196293437,5,0.7325388905731,0.999999999996998
"ppp1r15a",2.78538281858437,5,0.733031716912743,0.999999999996998
"pappab",2.00677859369582,4,0.734512032095639,0.999999999996998
"adam8b",2.00219437242431,4,0.735355250173235,0.999999999996998
"slc1a5",2.76885800178617,5,0.735568436965031,0.999999999996998
"auts2b",1.99186548916723,4,0.737255137858838,0.999999999996998
"btbd11a",0.609002365677765,2,0.737491155900873,0.999999999996998
"map2",2.75571059910324,5,0.737585448189,0.999999999996998
"cyp26c1",1.26161658838796,3,0.738267137353308,0.999999999996998
"isl1",2.75064577142029,5,0.738362159853428,0.999999999996998
"cox6a2",0.604972438557904,2,0.738978671847713,0.999999999996998
"col8a2",2.73732645283152,5,0.740403869758182,0.999999999996998
"CABZ01044099.1",2.73663416114511,5,0.740509955669718,0.999999999996998
"cyp27c1",0.597809257492912,2,0.741630136258065,0.999999999996998
"tmsb1",0.597045804479965,2,0.741913290179314,0.999999999996998
"si:ch211-1e14.1",2.72541766748586,5,0.742228257542184,0.999999999996998
"FO704661.1",1.24436164960917,3,0.742385383941116,0.999999999996998
"nrg3b",2.72392396773748,5,0.742457011396744,0.999999999996998
"stk17al",0.595500819927616,2,0.742486633888851,0.999999999996998
"crybb1l2",0.592684082318247,2,0.743533065609845,0.999999999996998
"vwc2",0.592225896527448,2,0.74370342326579,0.999999999996998
"si:dkey-71h2.2",2.70749703846817,5,0.744971562020738,0.999999999996998
"nfkbiaa",2.7035959395651,5,0.74556839974015,0.999999999996998
"si:ch211-214j8.12",1.22886640163858,3,0.746089605677089,0.999999999996998
"slc4a7",2.69877836996237,5,0.746305274022931,0.999999999996998
"mrc1b",2.69791934740595,5,0.746436645629835,0.999999999996998
"ror2",0.58166967463439,2,0.747639149909105,0.999999999996998
"si:rp71-79p20.2",2.68724508959581,5,0.748068542612816,0.999999999996998
"aopep",2.68383907840875,5,0.74858904739963,0.999999999996998
"limk1a",2.68358331938049,5,0.748628128156802,0.999999999996998
"si:dkey-239h2.3",2.68160992839493,5,0.748929648446519,0.999999999996998
"lmo7a",0.577458713654465,2,0.749214947876577,0.999999999996998
"si:ch211-171h4.5",0.575157229606447,2,0.750077597250363,0.999999999996998
"mybbp1a",2.67074256540576,5,0.750589465888696,0.999999999996998
"padi2",0.573326018362937,2,0.750764687018785,0.999999999996998
"dhrs3a",2.66715465085683,5,0.751137220881187,0.999999999996998
"mapk8ip1a",0.568824423849894,2,0.752456409264313,0.999999999996998
"CABZ01072848.1",2.65781048028367,5,0.752563185193426,0.999999999996998
"mcf2l2",2.65652966545967,5,0.752758577306189,0.999999999996998
"ephb1",2.65486238330892,5,0.753012901913195,0.999999999996998
"pcdh1g3",0.566788378577465,2,0.753222816965713,0.999999999996998
"rtn4r",2.6498384753762,5,0.753779073714483,0.999999999996998
"si:ch211-141e20.2",2.64767569215806,5,0.7541088312195,0.999999999996998
"gpr37b",0.564388191982261,2,0.754127297241759,0.999999999996998
"lnx1",0.564238350907993,2,0.754183798980479,0.999999999996998
"her6",2.64554675677255,5,0.754433381638563,0.999999999996998
"dnmt1",2.63626230642567,5,0.755848225780032,0.999999999996998
"matn4",2.63145691612016,5,0.756580158188154,0.999999999996998
"dip2ca",2.63112823384377,5,0.756630212429624,0.999999999996998
"si:ch73-208g10.1",2.62464390622729,5,0.757617457987681,0.999999999996998
"ENSDARG00000100606",2.61352245406366,5,0.75930964003241,0.999999999996998
"si:dkey-217l24.1",2.60744826089893,5,0.760233273085158,0.999999999996998
"emilin2a",2.60673881180165,5,0.760341123495202,0.999999999996998
"rbfox3a",0.547422821442069,2,0.760551530610963,0.999999999996998
"siah2l",2.60202343778083,5,0.761057807156945,0.999999999996998
"gfra3",2.5988859425655,5,0.761534528087669,0.999999999996998
"htr4",2.5986999114241,5,0.761562790632348,0.999999999996998
"sec14l8",0.544334146587641,2,0.761726986221438,0.999999999996998
"CABZ01077176.1",1.16293792352984,3,0.761906350586827,0.999999999996998
"pcdh1b",2.58992746108907,5,0.762895069374772,0.999999999996998
"fcho1",1.84463559975194,4,0.764306681744295,0.999999999996998
"pkdcca",2.57974332140827,5,0.764440580773959,0.999999999996998
"lzts2a",2.55667425881904,5,0.767936671348601,0.999999999996998
"tenm4",2.55431556759584,5,0.768293741659194,0.999999999996998
"myo1hb",0.525904538398944,2,0.768778590853017,0.999999999996998
"dachc",0.523921194347479,2,0.769541345214121,0.999999999996998
"ndst3",2.53936270691659,5,0.770555651942958,0.999999999996998
"pif1",2.53910557894884,5,0.770594521049996,0.999999999996998
"rbfox1",0.518447719723422,2,0.771650262186332,0.999999999996998
"csf1rb",0.516730372331905,2,0.772313142527023,0.999999999996998
"psd3l",2.52492447142982,5,0.772736807207097,0.999999999996998
"tubb4b",2.5234899895256,5,0.772953351504198,0.999999999996998
"crhr1",1.11662375211735,3,0.773062635086508,0.999999999996998
"rgs5b",2.51900374721821,5,0.773630388984459,0.999999999996998
"AL844518.1",0.511398863449552,2,0.774374686280582,0.999999999996998
"fam49bb",2.51289968235165,5,0.774551112589494,0.999999999996998
"f13a1b",0.510795234623331,2,0.774608438995244,0.999999999996998
"fosb",2.50795690326783,5,0.775296271783252,0.999999999996998
"si:dkeyp-2e4.6",0.508739693159478,2,0.775404968132098,0.999999999996998
"GARNL3",1.78371881063717,4,0.77545971291431,0.999999999996998
"RTKN",0.507599030409576,2,0.775847332048736,0.999999999996998
"myh9a",2.50296497090068,5,0.776048474546771,0.999999999996998
"FQ312024.1",0.504365869076985,2,0.777102566165964,0.999999999996998
"slc6a15",2.49093545447498,5,0.777859586730139,0.999999999996998
"kif1ab",2.48931170740429,5,0.778103882004965,0.999999999996998
"si:ch211-160f23.5",2.48884204903281,5,0.778174535258765,0.999999999996998
"si:ch211-176g6.2",0.501584736232834,2,0.778183930581255,0.999999999996998
"BX511021.4",1.09485468391054,3,0.778316326437164,0.999999999996998
"esama",2.48032151353293,5,0.779455730338171,0.999999999996998
"tle3b",2.47830008463508,5,0.779759516664803,0.999999999996998
"mctp1a",2.47708200708868,5,0.779942541782559,0.999999999996998
"cyp2p7",2.47647676520011,5,0.780033475085024,0.999999999996998
"klf15",0.496416665590143,2,0.78019738564352,0.999999999996998
"nme5",2.46911716055883,5,0.781138735755717,0.999999999996998
"hoxa2b",2.4679696653236,5,0.781310987432839,0.999999999996998
"hpca",2.46160747514861,5,0.78226563430745,0.999999999996998
"si:dkey-185m8.2",1.07849740860936,3,0.78226726547171,0.999999999996998
"pprc1",2.46065958354615,5,0.78240780886755,0.999999999996998
"pdlim2",2.45722874203927,5,0.782922278181944,0.999999999996998
"dph1",2.4561305009559,5,0.783086923003263,0.999999999996998
"agbl4.1",2.45465770840798,5,0.783307687960627,0.999999999996998
"si:ch211-199b20.3",0.488374914333271,2,0.783340777655942,0.999999999996998
"si:rp71-36a1.5.1",2.44974465674894,5,0.784043870416482,0.999999999996998
"CABZ01064472.1",2.44679661217855,5,0.784485417215591,0.999999999996998
"foxp1b",2.43905293445197,5,0.785644532383496,0.999999999996998
"phldb1a",0.482244400449331,2,0.785745602232256,0.999999999996998
"btr09",0.482241549900088,2,0.785746722136319,0.999999999996998
"pxdn",0.478375355738104,2,0.787267115892187,0.999999999996998
"PIEZO2",2.42541277356054,5,0.787683745277423,0.999999999996998
"prickle2a",1.71335594564598,4,0.788290093368099,0.999999999996998
"CU929568.2",0.475456331225369,2,0.788416980813722,0.999999999996998
"INSYN2A",1.71155171745252,4,0.788618185413289,0.999999999996998
"fstl1a",0.473265214441188,2,0.789281210974381,0.999999999996998
"tox3",2.4120922339291,5,0.789671997920059,0.999999999996998
"NAV1",2.40957128068795,5,0.790047920545035,0.999999999996998
"si:dkey-222b8.1.1",2.40850173692121,5,0.79020737505546,0.999999999996998
"si:ch211-285f17.1",2.40823765922272,5,0.790246742247018,0.999999999996998
"zmiz2",0.470052424565922,2,0.790550127233516,0.999999999996998
"hells",2.40611410132798,5,0.7905632636126,0.999999999996998
"atoh7",0.469527386601785,2,0.790757688891437,0.999999999996998
"arhgef39",2.40370969823327,5,0.790921545486511,0.999999999996998
"plch2a",2.39578852794521,5,0.792101126419157,0.999999999996998
"rttn",2.38972784454566,5,0.793002858712412,0.999999999996998
"syk",2.3870296222179,5,0.7934040869141,0.999999999996998
"ntn5",0.462089670236885,2,0.793703879430041,0.999999999996998
"cxcr4b",2.3840670586556,5,0.793844462811072,0.999999999996998
"si:dkey-159n16.2",0.460376758370004,2,0.794383943007647,0.999999999996998
"BX005470.1",1.67641336420039,4,0.794997574693364,0.999999999996998
"cyp1c1",2.3727292457887,5,0.795528228906099,0.999999999996998
"mpz",0.456371710486262,2,0.795976309716658,0.999999999996998
"stat3",1.6693099468159,4,0.796284667190108,0.999999999996998
"pole",2.36630754758531,5,0.796480793119181,0.999999999996998
"fli1a",2.36362193579058,5,0.796878921787306,0.999999999996998
"ehd2b",2.35228030353146,5,0.798558666972256,0.999999999996998
"si:ch73-27e22.1",1.65028081875547,4,0.799728096343155,0.999999999996998
"pcna",2.34269527833392,5,0.799976209724921,0.999999999996998
"alpl",1.00456015798064,3,0.8001485340785,0.999999999996998
"sobpa",0.444179534551639,2,0.800843471571098,0.999999999996998
"mthfsd",1.64386466006526,4,0.800887595180926,0.999999999996998
"tubg1",2.33548107420734,5,0.801041873847925,0.999999999996998
"arhgap31",2.32853759106053,5,0.802066515503963,0.999999999996998
"fgfrl1b",0.438804514471321,2,0.802998641164321,0.999999999996998
"gadd45aa",2.31243755121012,5,0.80443841319423,0.999999999996998
"robo3",2.30773195168159,5,0.805130589950025,0.999999999996998
"net1",2.30444540986436,5,0.805613739005258,0.999999999996998
"lrrfip1b",1.61680112423044,4,0.805769324892789,0.999999999996998
"igdcc3",2.29868478166089,5,0.806460020578641,0.999999999996998
"nkain4",2.29592640764707,5,0.806864984666506,0.999999999996998
"CABZ01079276.1",2.29557999425225,5,0.806915830434495,0.999999999996998
"enox2",2.29434624160439,5,0.807096895871923,0.999999999996998
"ncam2",2.28912413133339,5,0.807862911088206,0.999999999996998
"CABZ01056843.1",2.28501593710605,5,0.808465093333544,0.999999999996998
"ppan",2.28190081357116,5,0.808921452734989,0.999999999996998
"klf6a",2.2742599917624,5,0.810039868555743,0.999999999996998
"pde6gb",0.420563319174343,2,0.810355969295766,0.999999999996998
"atad5a",2.26917388479632,5,0.810783586800438,0.999999999996998
"fgfr1a",2.25915810533498,5,0.812246363646943,0.999999999996998
"zgc:158328",0.415735639402734,2,0.812314401576207,0.999999999996998
"dub",0.415342730977213,2,0.812473999838845,0.999999999996998
"ngfb",0.953257220137619,3,0.812560232717196,0.999999999996998
"rnd2",0.414730518710778,2,0.812722741181958,0.999999999996998
"CR318653.1",2.25157286234293,5,0.813352572252702,0.999999999996998
"si:ch1073-475a24.1",0.944504128581994,3,0.814676788643214,0.999999999996998
"gabrp",2.24210062278056,5,0.814732015774469,0.999999999996998
"npr3",0.944170636115243,3,0.814757419156902,0.999999999996998
"gpa33a",0.40916612901173,2,0.814987042609862,0.999999999996998
"tp53i11b",2.23933399016061,5,0.815134505954381,0.999999999996998
"cldn7b",0.942101223371095,3,0.815257735767382,0.999999999996998
"mfsd2aa",2.22872980356941,5,0.816675446249721,0.999999999996998
"ube2s",2.22442360501234,5,0.817300394813125,0.999999999996998
"cracr2ab",0.401463532760914,2,0.818131852592578,0.999999999996998
"tpcn2",2.21493342481747,5,0.818676022398737,0.999999999996998
"emilin1b",2.20951290858541,5,0.819460705972313,0.999999999996998
"mcama",0.39769600810607,2,0.819674471062463,0.999999999996998
"stk38b",2.20214749150218,5,0.820525716891925,0.999999999996998
"si:ch211-69g19.2",2.1970671656807,5,0.821259485828517,0.999999999996998
"aanat2",0.393666994876116,2,0.821327375040555,0.999999999996998
"hoxb8a",0.915156856662155,3,0.821768655549556,0.999999999996998
"si:dkey-68o6.5",2.19056539378239,5,0.822197565139179,0.999999999996998
"suclg2",2.18459433247944,5,0.823058081446607,0.999999999996998
"trabd2b",1.51626907955247,4,0.823755749584605,0.999999999996998
"jupb",0.387115170474352,2,0.82402238330445,0.999999999996998
"loxl2a",2.17143093544547,5,0.824951719924478,0.999999999996998
"rhag",2.17103204676266,5,0.825009028919307,0.999999999996998
"dock9b",0.384084508168255,2,0.825271996642574,0.999999999996998
"ipo11",2.16843404448253,5,0.825382181298744,0.999999999996998
"fbrsl1",2.16602989061582,5,0.825727325590942,0.999999999996998
"ptprr",1.49563836755728,4,0.827413793936047,0.999999999996998
"gdf7",0.376394225863187,2,0.828451392654813,0.999999999996998
"zbtb20",2.14551441583581,5,0.828666007154512,0.999999999996998
"si:dkey-261m9.6",1.48800286309969,4,0.828764463687907,0.999999999996998
"si:ch211-51a6.2",0.375239663746085,2,0.82892978002042,0.999999999996998
"rfc1",2.13941258288372,5,0.82953775130452,0.999999999996998
"CR855379.1",0.372868460914683,2,0.829913143164308,0.999999999996998
"CABZ01061591.1",2.1313239944967,5,0.830691685535811,0.999999999996998
"nop58",2.1282312594649,5,0.831132400229117,0.999999999996998
"plxna3",2.12677054489416,5,0.831340455076978,0.999999999996998
"tiam1a",2.11181528832151,5,0.833466974592154,0.999999999996998
"raph1b",2.11027775041603,5,0.833685224167919,0.999999999996998
"CU928117.1",2.10870640992031,5,0.833908198855907,0.999999999996998
"abcb11a",0.362462250085403,2,0.834242522073424,0.999999999996998
"adgra2",2.10620862614492,5,0.834262484272762,0.999999999996998
"ston2",2.09628037513672,5,0.835668844170763,0.999999999996998
"BX294178.3",0.358010403393796,2,0.836101550238884,0.999999999996998
"si:ch211-66k16.27",2.0862687276761,5,0.837083972753823,0.999999999996998
"rasl12",2.08216840379629,5,0.837662654072426,0.999999999996998
"pde3a",0.353619517133293,2,0.837939180111378,0.999999999996998
"pvalb2",1.4255705216241,4,0.839738783212049,0.999999999996998
"sdk1b",2.06602299026204,5,0.839936157441592,0.999999999996998
"anks1ab",2.06505267673643,5,0.840072529306888,0.999999999996998
"iqsec2a",2.06491044430454,5,0.840092516723509,0.999999999996998
"foxo3b",2.06405033308006,5,0.840213371367808,0.999999999996998
"si:ch211-113a14.19.4",0.837508776908499,3,0.840475974274823,0.999999999996998
"ints8",2.05558074964418,5,0.8414021738541,0.999999999996998
"zfpm1",2.05558016688777,5,0.841402255571392,0.999999999996998
"dnase1l4.1",0.342679915616982,2,0.842535098394032,0.999999999996998
"slc16a10",2.0463715908615,5,0.842692161087083,0.999999999996998
"fnbp1b",2.04128784045258,5,0.843403092933639,0.999999999996998
"e2f7",2.03805583621282,5,0.843854628550164,0.999999999996998
"specc1",2.0357921269638,5,0.844170681055587,0.999999999996998
"lama4",2.03110604733557,5,0.844824399064555,0.999999999996998
"mrtfbb",2.02769815401167,5,0.845299348996468,0.999999999996998
"col18a1b",1.39286999476368,4,0.845433294414968,0.999999999996998
"cep70",2.01724101250617,5,0.846754307121812,0.999999999996998
"klhdc8b",0.807180668083163,3,0.847748752589072,0.999999999996998
"pdlim5b",2.0045195714215,5,0.8485193141221,0.999999999996998
"slc6a5",1.9972806331289,5,0.849521184560888,0.999999999996998
"egr3",1.99262071450598,5,0.850165156923116,0.999999999996998
"nt5dc1",0.324100260769257,2,0.850398572664131,0.999999999996998
"CU459056.1",1.9895199263222,5,0.850593247164814,0.999999999996998
"KHDRBS3",0.322340980637952,2,0.851146946421935,0.999999999996998
"hist1h2a4",1.98388723091235,5,0.851370025864093,0.999999999996998
"msi2a",1.97994972436695,5,0.851912364521913,0.999999999996998
"ddx54",1.97982901407142,5,0.851928982071979,0.999999999996998
"gpr22b",1.3544227825551,4,0.852076588877665,0.999999999996998
"cpeb3",1.97832409844141,5,0.852136112464649,0.999999999996998
"si:ch211-222n4.2",0.31814131186562,2,0.852936091844845,0.999999999996998
"dll4",1.97157158281074,5,0.853064508160118,0.999999999996998
"iqgap1",1.96479217279735,5,0.853994958128081,0.999999999996998
"kita",1.96036411328409,5,0.854601798065316,0.999999999996998
"f3b",1.95501024958195,5,0.855334562751301,0.999999999996998
"CABZ01029422.1",1.94998481488301,5,0.856021423322413,0.999999999996998
"zgc:172128",0.310889917155908,2,0.856034192971551,0.999999999996998
"arhgef28a",1.94508734110357,5,0.856689901096545,0.999999999996998
"olfml2a",0.762954868790991,3,0.858305642077174,0.999999999996998
"bcl6b",1.9313745344083,5,0.858556886159674,0.999999999996998
"arid5b",1.92689433038352,5,0.859165334910916,0.999999999996998
"BX248113.1",0.302966704225305,2,0.859432189884111,0.999999999996998
"tfr1b",1.92426455503085,5,0.859522127084122,0.999999999996998
"cadpsa",0.757684488870147,3,0.859559211417226,0.999999999996998
"chl1b",0.301302451891907,2,0.860147643530383,0.999999999996998
"BX284620.3",0.301229717452913,2,0.860178925277347,0.999999999996998
"lmo1",0.752472458747039,3,0.860797863684973,0.999999999996998
"zgc:112234.1",1.30247647811069,4,0.860955220450018,0.999999999996998
"msh6",1.90829119916312,5,0.861683634532612,0.999999999996998
"arhgap4b",1.29255671400476,4,0.862637124431614,0.999999999996998
"cbfa2t3",1.89769929886236,5,0.863111503685108,0.999999999996998
"si:ch1073-185p12.2",0.292415578844786,2,0.863978159008978,0.999999999996998
"cadm3",0.292086130192657,2,0.864120488951235,0.999999999996998
"si:ch1073-268j14.1",1.88388061613984,5,0.86496776627444,0.999999999996998
"myh11a",1.88282227338002,5,0.865109622249017,0.999999999996998
"lhx8a",1.88158505211245,5,0.8652753979098,0.999999999996998
"tjp2b",1.88031498497647,5,0.865445511204529,0.999999999996998
"mylk4b",0.288726079737785,2,0.865573453338883,0.999999999996998
"KCNMA1",1.27399090766685,4,0.865772651016074,0.999999999996998
"odc1",1.87544222042212,5,0.866097573677598,0.999999999996998
"CR628324.1",0.287324774072812,2,0.866180132341552,0.999999999996998
"nedd9",1.86718814593263,5,0.867199940825104,0.999999999996998
"alcama",0.284562332602837,2,0.867377344917659,0.999999999996998
"fosl1a",0.281247429310845,2,0.868816172990282,0.999999999996998
"atp8b2",1.25561955427429,4,0.868859053394549,0.999999999996998
"CR392045.1",1.85460460008227,5,0.868875214041713,0.999999999996998
"pola1",1.85198883282241,5,0.869222643816102,0.999999999996998
"si:ch211-274p24.2",0.716859561998898,3,0.869231427353499,0.999999999996998
"tgfb3",0.280145107494272,2,0.86929516248934,0.999999999996998
"pnp5b",1.85022991368912,5,0.869456107584806,0.999999999996998
"mcf2a",0.278759214369267,2,0.869897746339078,0.999999999996998
"CU862078.1",0.27794079418482,2,0.870253790119468,0.999999999996998
"CT573344.1",1.84317073670574,5,0.870391796168765,0.999999999996998
"robo2.1",1.84312428534633,5,0.870397946421798,0.999999999996998
"si:ch73-280o22.2",0.277548560210419,2,0.870424478407776,0.999999999996998
"si:dkey-40c11.2",1.84156216268355,5,0.870604722356705,0.999999999996998
"frmd4bb",1.83766966762963,5,0.871119524093099,0.999999999996998
"gulp1b",1.83672524258785,5,0.871244333607612,0.999999999996998
"ca16b",1.83618449252111,5,0.871315779073547,0.999999999996998
"kif15",1.83090321334319,5,0.872012912209521,0.999999999996998
"bcl11ba",1.23437300661363,4,0.872407550114408,0.999999999996998
"chrm3a",0.272903813774279,2,0.872448278004174,0.999999999996998
"cavin1b",1.82713007884469,5,0.872510250133559,0.999999999996998
"rrs1",1.82699707756304,5,0.872527770101707,0.999999999996998
"srrm4",0.272708412802266,2,0.872533520789013,0.999999999996998
"ENSDARG00000104834",0.272546384190469,2,0.872604211350008,0.999999999996998
"aspm",1.82049518593293,5,0.873383335884482,0.999999999996998
"dla",1.81981945492811,5,0.873472150390438,0.999999999996998
"prmt1",1.81874037462449,5,0.873613938640488,0.999999999996998
"fam117bb",1.81455403674152,5,0.874163541448013,0.999999999996998
"aoc2",0.2679546268434,2,0.874609906284384,0.999999999996998
"abcc8",0.267659083091997,2,0.874739158580435,0.999999999996998
"hpn",0.691131251118373,3,0.87528795964776,0.999999999996998
"cdc20",1.80540946383811,5,0.875361468739109,0.999999999996998
"syngr3a",1.79445521586041,5,0.876791694327535,0.999999999996998
"CABZ01067348.1",1.78979029841553,5,0.87739917120827,0.999999999996998
"gsap",0.68195114400772,3,0.877440786247288,0.999999999996998
"cep112",1.78655403390023,5,0.877820043271458,0.999999999996998
"BX322530.1",1.7783071688304,5,0.878890443812165,0.999999999996998
"tnfaip8l3",1.19265269103967,4,0.879306816663482,0.999999999996998
"cdca5",1.77009780791237,5,0.879952969224395,0.999999999996998
"maptb",1.76914370732741,5,0.880076261255775,0.999999999996998
"pcdh15b",0.255294454199867,2,0.880163822327589,0.999999999996998
"eva1ba",1.76668796827242,5,0.880393411698759,0.999999999996998
"THEM6",1.18409792910139,4,0.88070978656589,0.999999999996998
"kdm6bb",1.76084265790604,5,0.881147219433167,0.999999999996998
"mgat4a",1.75908029516656,5,0.881374189223709,0.999999999996998
"muc13b",1.75430129484811,5,0.881988952831344,0.999999999996998
"ak7a",0.249028155697406,2,0.882925831582623,0.999999999996998
"hist1h2a10.1",1.17015709439372,4,0.882987191183427,0.999999999996998
"adrb3a",0.657393299547015,3,0.883176698154875,0.999999999996998
"CR936977.2",1.74479409262449,5,0.883208841436745,0.999999999996998
"slc4a11",1.7430625489641,5,0.883430572204377,0.999999999996998
"si:dkeyp-71f10.5",1.16126886031727,4,0.884433346364042,0.999999999996998
"cacna1aa",1.16021918079675,4,0.88460382926006,0.999999999996998
"dkk2",1.73142991626916,5,0.884916575506009,0.999999999996998
"si:ch73-233f7.1",0.243954869439187,2,0.88516834234912,0.999999999996998
"col5a2a",0.243694733698185,2,0.885283481798254,0.999999999996998
"CRACD",1.72407217535847,5,0.885853227617866,0.999999999996998
"mcm9",1.71949674403729,5,0.886434404248814,0.999999999996998
"sema3fb",1.71270260410913,5,0.88729557732486,0.999999999996998
"cenpf",1.71044012128013,5,0.887581865616289,0.999999999996998
"atp8b5a",1.13640879690888,4,0.888453357215788,0.999999999996998
"fabp11b",1.1333593604675,4,0.888943896784842,0.999999999996998
"ptprb",1.69786395059653,5,0.889168755397119,0.999999999996998
"hist1h2a2",1.12247983208284,4,0.890689325949962,0.999999999996998
"rc3h2",0.230858932821127,2,0.890983414279152,0.999999999996998
"bub1bb",1.68242140252645,5,0.891106878631199,0.999999999996998
"cadm4",0.229287564136307,2,0.891683721071114,0.999999999996998
"sgip1b",1.67225945381724,5,0.89237589457864,0.999999999996998
"ptprea",1.6685787523858,5,0.892834279772021,0.999999999996998
"ankrd13b",1.66768995099841,5,0.892944868101118,0.999999999996998
"mgat3a",0.223329150923945,2,0.894344192182319,0.999999999996998
"si:dkey-261m9.12",1.65304944557374,5,0.894760826525028,0.999999999996998
"hs2st1b",1.64836132296528,5,0.895340049595965,0.999999999996998
"pde10a",1.64236008250541,5,0.896079886060785,0.999999999996998
"itga8",1.64023098353758,5,0.896341922695705,0.999999999996998
"tpra",1.6399999316642,5,0.896370345268732,0.999999999996998
"itga6b",1.62407656949958,5,0.898322547040583,0.999999999996998
"rapgef3",1.07430650351435,4,0.898327045472067,0.999999999996998
"abcc5",1.62311361574434,5,0.898440186125036,0.999999999996998
"atp1b1b",0.591102274964712,3,0.898466249170314,0.999999999996998
"nrxn3a",1.6188522900651,5,0.89896019302427,0.999999999996998
"igf2b",0.21165223874075,2,0.899581054197635,0.999999999996998
"myo16",1.60177362457833,5,0.90103477733122,0.999999999996998
"kctd12.2",1.59556832444374,5,0.901784745743282,0.999999999996998
"apoa1a",1.04938188700542,4,0.902217899850802,0.999999999996998
"gfra4a",1.59192032900502,5,0.902224686094101,0.999999999996998
"pcdh10b",1.57660242743637,5,0.904064223658827,0.999999999996998
"foxg1d",1.57508699163119,5,0.90424552713658,0.999999999996998
"myb",0.201275986771802,2,0.904260321859284,0.999999999996998
"zgc:174855",0.201128422868618,2,0.904327042411934,0.999999999996998
"qkib",1.573273785471,5,0.904462291952546,0.999999999996998
"slc6a9",1.56724082681227,5,0.905182234911708,0.999999999996998
"c1qbp",1.56238391808152,5,0.905760393923576,0.999999999996998
"poc1b",1.56190413790715,5,0.90581743627909,0.999999999996998
"vim",0.197805282285159,2,0.905830894391511,0.999999999996998
"sema4ba",1.55945833099876,5,0.906108028927773,0.999999999996998
"bambia",1.5495531583696,5,0.907281525985953,0.999999999996998
"egr4",0.194480711305761,2,0.907337896129929,0.999999999996998
"nos1apa.1",1.54798519580079,5,0.907466791069028,0.999999999996998
"hist1h2a1",1.54652920321996,5,0.907638704217365,0.999999999996998
"TCERG1L",0.549440187464337,3,0.907902840681345,0.999999999996998
"lpar3",1.00966822751742,4,0.908326444108784,0.999999999996998
"ralgps2",1.53890495386674,5,0.908536997492133,0.999999999996998
"syt14b",0.191591538634899,2,0.908649571242165,0.999999999996998
"mbnl1",1.52426753012785,5,0.910252472227139,0.999999999996998
"si:ch211-254n4.3",1.52382121223331,5,0.910304590197663,0.999999999996998
"prex2",1.51833170355198,5,0.910944694982517,0.999999999996998
"cfd",0.186125440417864,2,0.911136351841625,0.999999999996998
"rad50",1.51586095898059,5,0.911232238161535,0.999999999996998
"mthfd1l",1.51019581122505,5,0.911890229969088,0.999999999996998
"mmel1",1.5088256461502,5,0.912049095583408,0.999999999996998
"si:dkey-31f5.11",0.530677664724904,3,0.912101781947732,0.999999999996998
"tanc1a",1.49875102065394,5,0.91321390141877,0.999999999996998
"meis1a",1.49204898175561,5,0.913985532115649,0.999999999996998
"batf3",0.521267654877851,3,0.914194764684158,0.999999999996998
"rxraa",1.48996300942456,5,0.91422516618799,0.999999999996998
"KCNK12",0.17612814552485,2,0.915702203273938,0.999999999996998
"mhc1zaa",0.175498582724007,2,0.915990494667858,0.999999999996998
"mtnr1aa",0.949188012223566,4,0.917400360095258,0.999999999996998
"si:dkey-79d12.5",1.45741275246047,5,0.917931428407589,0.999999999996998
"zgc:110425",1.45693867068447,5,0.91798494497759,0.999999999996998
"foxd5",0.170899513569583,2,0.918099270154576,0.999999999996998
"rasgrp2",0.501054381106313,3,0.918659707732798,0.999999999996998
"luzp1",1.45073297353357,5,0.918684232375537,0.999999999996998
"diaph2",0.169005524600287,2,0.918969116904802,0.999999999996998
"sox13",1.4480188453388,5,0.918989346764085,0.999999999996998
"CABZ01072077.1",0.937865604201252,4,0.919066636069568,0.999999999996998
"si:rp71-46j2.7",0.497336193536324,3,0.919476247386938,0.999999999996998
"shmt1",1.44203442928146,5,0.919660529140734,0.999999999996998
"wdhd1",1.44041732508009,5,0.919841524171025,0.999999999996998
"ccdc136b.1",0.166456517316481,2,0.920141093076401,0.999999999996998
"zak",1.43767632905319,5,0.920147949386334,0.999999999996998
"col7a1",0.492739006826116,3,0.920483699870585,0.999999999996998
"sema6bb",1.43224068136233,5,0.920754268996445,0.999999999996998
"pag1",1.43030707835122,5,0.920969518936916,0.999999999996998
"spry4",1.4271669756266,5,0.921318590713403,0.999999999996998
"CR513789.1",0.487531436709459,3,0.921622036598987,0.999999999996998
"pias4b",0.913383030526992,4,0.92263300330432,0.999999999996998
"ppp1r9bb",0.471170695920565,3,0.925177866725946,0.999999999996998
"alox12",0.155453555640461,2,0.925217181867977,0.999999999996998
"dacha",0.155419047552749,2,0.925233145743529,0.999999999996998
"primpol",1.38595913123551,5,0.925843009443358,0.999999999996998
"dnajc9",1.38433790082196,5,0.926018841018018,0.999999999996998
"igsf9a",1.38133971946889,5,0.926343572463137,0.999999999996998
"rad18",1.38077501066503,5,0.926404672032319,0.999999999996998
"napba",1.37839825227158,5,0.926661607368902,0.999999999996998
"tprg1",0.875287534123344,4,0.928079142928556,0.999999999996998
"si:dkey-157l19.2",1.3621493231569,5,0.928408520385078,0.999999999996998
"zgc:194627",1.34745434728787,5,0.929973750227131,0.999999999996998
"si:busm1-57f23.1",0.44842181553468,3,0.930067658901563,0.999999999996998
"UTP14C",1.34549815356446,5,0.930181057760678,0.999999999996998
"CR396595.3",0.447143635706732,3,0.930340431566681,0.999999999996998
"rgs13",0.443462990561609,3,0.931124700602675,0.999999999996998
"cdh11",1.33353104836996,5,0.931443832910527,0.999999999996998
"ncam1a",0.139962752177011,2,0.93241118488763,0.999999999996998
"itpr1a",1.31512548136612,5,0.933367608750015,0.999999999996998
"GNAZ",0.837099677999683,4,0.933406268845387,0.999999999996998
"CT868708.1",0.829322237277935,4,0.934474342469781,0.999999999996998
"wnt3",1.30422273050136,5,0.934496563816462,0.999999999996998
"tyms",1.30361450636211,5,0.934559309789704,0.999999999996998
"rad51c",1.29267375670997,5,0.93568373571251,0.999999999996998
"MDFI",0.420967429879446,3,0.935877855953908,0.999999999996998
"msi1",1.28894147249881,5,0.936065469295071,0.999999999996998
"sox5",0.131481792341801,2,0.936373450809286,0.999999999996998
"FP102192.1",0.415400468963146,3,0.937043062981238,0.999999999996998
"chaf1a",1.27720774332047,5,0.937259417456373,0.999999999996998
"cdh24b",1.27585338549038,5,0.93739662372545,0.999999999996998
"limch1b",0.801724241903532,4,0.938216756316842,0.999999999996998
"pappaa",1.25987555947787,5,0.939005787770302,0.999999999996998
"zgc:64106",0.125816521235884,2,0.939029615734446,0.999999999996998
"galnt18b",0.40125049039075,3,0.939984051798715,0.999999999996998
"esr2a",0.400107760046998,3,0.940220233233745,0.999999999996998
"cthrc1a",1.2447913686405,5,0.940508750177984,0.999999999996998
"mafaa",0.7798297094004,4,0.941131536857371,0.999999999996998
"nrp1b",1.23776212661059,5,0.941203710477226,0.999999999996998
"CR376857.2",1.23711585448271,5,0.941267431606723,0.999999999996998
"hlx1",1.22834701660824,5,0.942129116877715,0.999999999996998
"zgc:153704",1.22483631047137,5,0.942472581651046,0.999999999996998
"fxyd1",1.22279127489435,5,0.942672252594322,0.999999999996998
"krt8",0.11676931077654,2,0.943287037202039,0.999999999996998
"ccn5",1.20967220474264,5,0.94394608858403,0.999999999996998
"CT027631.1",0.378412729776985,3,0.944664915261401,0.999999999996998
"plxna1a",1.19305225118934,5,0.945542168708724,0.999999999996998
"si:dkey-23a13.22",1.19064670921672,5,0.945771533625953,0.999999999996998
"ipo7",1.18244326355305,5,0.946550566659351,0.999999999996998
"BX548018.1",0.109728496116962,2,0.946613643871525,0.999999999996998
"prkceb",1.17915833817165,5,0.946861145273863,0.999999999996998
"SIPA1",0.735511179567716,4,0.946878542550224,0.999999999996998
"enah",1.1764524223012,5,0.947116389630658,0.999999999996998
"CABZ01076737.1",1.16523784239357,5,0.948168531034703,0.999999999996998
"atp1a3a",1.1643719562256,5,0.948249383863559,0.999999999996998
"galk2",0.10222471804234,2,0.950171904149362,0.999999999996998
"kif2c",1.13260273417688,5,0.951177477438328,0.999999999996998
"fstb",0.342165072684213,3,0.951912725775059,0.999999999996998
"pvrl2l",0.694880111501663,4,0.951958803779961,0.999999999996998
"BX276105.1",0.331603083876507,3,0.953979226800492,0.999999999996998
"kremen1",0.671429845912916,4,0.95480490089201,0.999999999996998
"msi2b",1.09187024567809,5,0.954820749442848,0.999999999996998
"krt18a.1",1.08646116590256,5,0.955295038981238,0.999999999996998
"wu:fj16a03",0.0905344936162259,2,0.955742028693555,0.999999999996998
"gys1",0.0901292643540752,2,0.955935695631316,0.999999999996998
"ebf1b",0.661311374844165,4,0.956012903525396,0.999999999996998
"arhgef10lb",0.0897586459991324,2,0.956112855702976,0.999999999996998
"prkcdb",0.655943621760256,4,0.956648750475343,0.999999999996998
"grm8a",0.088537100293066,2,0.956697001851821,0.999999999996998
"rai1",0.316916811181544,3,0.956816112452953,0.999999999996998
"hspa9",1.06700869756572,5,0.956982032115633,0.999999999996998
"si:dkey-246g23.2",1.06318270263336,5,0.957310379396649,0.999999999996998
"rbpms2b",0.0872354598421579,2,0.957319842266843,0.999999999996998
"olfm1b",0.0857036177296944,2,0.95805335456198,0.999999999996998
"tmem204",1.05327454203662,5,0.958155383454188,0.999999999996998
"fosab",1.05287595180675,5,0.958189215805461,0.999999999996998
"ablim3",1.04913859170087,5,0.958505836197726,0.999999999996998
"prkcda",0.30700995782033,3,0.958704750171847,0.999999999996998
"psme1",0.305037631034155,3,0.959078270316094,0.999999999996998
"aipl2",1.03985592364863,5,0.959287485802102,0.999999999996998
"fbl",1.03738633395277,5,0.959494292965514,0.999999999996998
"nop2",1.03591239313168,5,0.95961749308168,0.999999999996998
"smarca5",1.03176773182616,5,0.959963004354678,0.999999999996998
"CR762483.1",1.03110233776335,5,0.960018346663696,0.999999999996998
"creb5a",0.0815577273457442,2,0.96004140650643,0.999999999996998
"fhdc1",0.0813618113202517,2,0.960135454861085,0.999999999996998
"BX088707.3",0.624467653844558,4,0.960306350290688,0.999999999996998
"si:dkey-28k24.2.1",1.02408194899056,5,0.960600104032034,0.999999999996998
"FP102169.1",0.0790961345965482,2,0.96122374945147,0.999999999996998
"sept12",1.01459999965694,5,0.961379606996284,0.999999999996998
"egln1b",1.01382523812405,5,0.961442981839529,0.999999999996998
"nkx2.3",1.00765924033952,5,0.96194563980146,0.999999999996998
"si:dkeyp-117b11.1",0.602287356476306,4,0.962809170750299,0.999999999996998
"dspb",0.990807296979889,5,0.963303815053468,0.999999999996998
"im:7142702",0.276198271513236,3,0.964440967788113,0.999999999996998
"samd11",0.974102598357464,5,0.964627414318148,0.999999999996998
"CR749763.5",0.582813779006817,4,0.964954186985127,0.999999999996998
"bmp1a",0.969818653219878,5,0.96496318825711,0.999999999996998
"cpne5b",0.968017285726255,5,0.965103930269034,0.999999999996998
"guca1c",0.0700914592107191,2,0.965561260512568,0.999999999996998
"prim2",0.957878104641487,5,0.965891145293819,0.999999999996998
"bbs10",0.265326073269806,3,0.966412098636205,0.999999999996998
"rab34b",0.261976549526214,3,0.967013488183191,0.999999999996998
"si:dkey-23i12.7",0.0664631176338381,2,0.967314543442308,0.999999999996998
"nasp",0.934869126453023,5,0.967646128208901,0.999999999996998
"unga",0.934828156121451,5,0.967649214027827,0.999999999996998
"ccdc13",0.0651272377885228,2,0.967960867272356,0.999999999996998
"emp3b",0.54875722971791,4,0.9685841471219,0.999999999996998
"si:ch211-67e16.11",0.249705129070272,3,0.96919229964768,0.999999999996998
"eppk1",0.0621762235959871,2,0.969390154603414,0.999999999996998
"CT476811.1",0.895436590200927,5,0.970551135178586,0.999999999996998
"c7a",0.241347855089173,3,0.970653470450241,0.999999999996998
"cenpe",0.884220385568052,5,0.971353495198519,0.999999999996998
"sostdc1a",0.516246108058375,4,0.971900269343944,0.999999999996998
"fhl3b",0.872323839594346,5,0.972192834826726,0.999999999996998
"mmp17b",0.863136267520466,5,0.972832776813127,0.999999999996998
"si:ch211-156b7.4",0.858778564019208,5,0.973133775293327,0.999999999996998
"zranb3",0.854629816447172,5,0.973418825302011,0.999999999996998
"si:ch211-263k4.2",0.85379293695143,5,0.973476145821228,0.999999999996998
"slco1c1",0.0526714089742892,2,0.974008055843608,0.999999999996998
"fgfrl1a",0.845028528304912,5,0.974072824042941,0.999999999996998
"parm1",0.22070236093379,3,0.974180000282683,0.999999999996998
"nek6",0.220462024750198,3,0.97422032911329,0.999999999996998
"zdhhc8b",0.0506585507564316,2,0.974988819355029,0.999999999996998
"si:ch1073-459j12.1",0.826756965736335,5,0.975295399536823,0.999999999996998
"fam222a",0.826176087356901,5,0.975333792090239,0.999999999996998
"si:dkey-108k21.10",0.815314770049516,5,0.976046251989428,0.999999999996998
"met",0.811187037261897,5,0.97631431808332,0.999999999996998
"foxp2",0.807853925744957,5,0.976529693031487,0.999999999996998
"CT027805.1",0.805488232968508,5,0.976681966920581,0.999999999996998
"CABZ01050062.1",0.205570140090368,3,0.976685116928924,0.999999999996998
"si:dkey-172j4.3",0.0469392144853285,2,0.976803661974365,0.999999999996998
"fras1",0.801498502229387,5,0.976937666105282,0.999999999996998
"CABZ01010830.1",0.202523663681041,3,0.977180867574109,0.999999999996998
"BX537130.1",0.199475669641334,3,0.977673898212333,0.999999999996998
"glipr2",0.19512855512706,3,0.978371858041204,0.999999999996998
"tns2a",0.774533283297064,5,0.978629173439751,0.999999999996998
"si:dkey-31e10.5",0.443168077231554,4,0.978792480562948,0.999999999996998
"fgf11a",0.188464927814368,3,0.97942961499575,0.999999999996998
"ccl25b",0.187240399714018,3,0.979622365514312,0.999999999996998
"coro1a",0.753141448151935,5,0.979925365868976,0.999999999996998
"nfixa",0.0404903113906086,2,0.979958401472672,0.999999999996998
"myofl",0.182589983490177,3,0.980349693907061,0.999999999996998
"gal3st4",0.743683622541546,5,0.980485478418445,0.999999999996998
"hist1h2a11",0.739483653325008,5,0.980731652403237,0.999999999996998
"tshz3b",0.737680955662127,5,0.980836831374977,0.999999999996998
"nfic",0.737268817254614,5,0.980860836950099,0.999999999996998
"stxbp1b",0.175890097533755,3,0.981384276407699,0.999999999996998
"mxg",0.174915927593403,3,0.981533375448672,0.999999999996998
"cadm1b",0.723676359357912,5,0.981644034382545,0.999999999996998
"efemp2b",0.716645889632674,5,0.982042633485469,0.999999999996998
"slc16a9a",0.716339263210254,5,0.982059916979451,0.999999999996998
"BCR",0.713888821734622,5,0.982197736591284,0.999999999996998
"ppp2r5a",0.706409841671655,5,0.982615036570394,0.999999999996998
"thbs1b",0.699906683947586,5,0.982973796200929,0.999999999996998
"aatkb",0.697998751616924,5,0.98307832784893,0.999999999996998
"ttll10",0.163732140863236,3,0.983220177577523,0.999999999996998
"prkcea",0.695049413233656,5,0.983239269806757,0.999999999996998
"pear1",0.687383911651342,5,0.983653893888879,0.999999999996998
"hspb8",0.686950720339046,5,0.983677166537027,0.999999999996998
"CABZ01050944.1",0.0327086770073225,2,0.983778667627422,0.999999999996998
"snai1b",0.159506671491458,3,0.98384525319415,0.999999999996998
"FO834823.1",0.154621664931763,3,0.984559259557882,0.999999999996998
"ppp1r1c",0.667313281576998,5,0.984714322379982,0.999999999996998
"CABZ01032351.1",0.153430234470221,3,0.98473197415958,0.999999999996998
"arl13a",0.370432276101266,4,0.984825328392822,0.999999999996998
"lrfn4b",0.151712318421725,3,0.984980011591116,0.999999999996998
"col11a1b",0.659963877083371,5,0.985093489624269,0.999999999996998
"zbtb16b",0.365727450066122,4,0.985185489756674,0.999999999996998
"si:ch73-315f9.2",0.149812260616639,3,0.985252962602208,0.999999999996998
"pdcd11",0.643203390370564,5,0.985939819454221,0.999999999996998
"RIN2",0.138740629937873,3,0.98681379531253,0.999999999996998
"slco5a1a.1",0.623779707419643,5,0.986888607028947,0.999999999996998
"peak1",0.620063905726016,5,0.987066187971444,0.999999999996998
"plxna2",0.613457955026271,5,0.98737877526562,0.999999999996998
"si:ch211-27e6.1",0.0252683703390357,2,0.987445291089907,0.999999999996998
"slc43a2a",0.611714912396929,5,0.987460589037779,0.999999999996998
"pou3f3a",0.0247028765465179,2,0.987724527655964,0.999999999996998
"unc13ba",0.132093906280177,3,0.987725670869376,0.999999999996998
"fkbp16",0.597430019771055,5,0.98812060803122,0.999999999996998
"dnmt3ba",0.595214345562953,5,0.988221307326282,0.999999999996998
"lgalsla",0.0234923627604859,2,0.988322535690716,0.999999999996998
"dct",0.122961885851344,3,0.988946228986056,0.999999999996998
"tmsb",0.0222217346647504,2,0.988950630379028,0.999999999996998
"creb5b",0.572699684607766,5,0.989219052863794,0.999999999996998
"trpv4",0.306916880727976,4,0.989363302496112,0.999999999996998
"akap13",0.56831431514724,5,0.989407983513488,0.999999999996998
"hoxb3a",0.565711285489442,5,0.989519292941068,0.999999999996998
"nr0b1",0.0202286154364952,2,0.989936669879596,0.999999999996998
"camk4",0.0196092666386746,2,0.990243275394289,0.999999999996998
"kat6b",0.547805353518787,5,0.990268129671722,0.999999999996998
"zfhx3",0.54671973144916,5,0.990312585070401,0.999999999996998
"ncam3",0.0192844515234866,2,0.990404111446211,0.999999999996998
"zgc:171506",0.290284864923563,4,0.990432653058565,0.999999999996998
"ZNF521",0.542170179857043,5,0.990497709469738,0.999999999996998
"mylipa",0.520274920794752,5,0.991362081830894,0.999999999996998
"lrrc15",0.0164254983205899,2,0.991820883329377,0.999999999996998
"hoxd9a",0.0151375446224854,2,0.992459798717927,0.999999999996998
"shcbp1",0.250461896080977,4,0.992783518451759,0.999999999996998
"tmtc2b",0.475654914028939,5,0.992987609334617,0.999999999996998
"fam102ab",0.474980489335613,5,0.993010782445135,0.999999999996998
"emid1",0.467290205564815,5,0.993272085474973,0.999999999996998
"si:ch211-202h22.10",0.0847301371850832,3,0.993604668221607,0.999999999996998
"ppp1r14ab",0.456932278280427,5,0.993615513941471,0.999999999996998
"notum1a",0.45476837583739,5,0.993686027608705,0.999999999996998
"pard3ab",0.0113451932116762,2,0.994343462190914,0.999999999996998
"igsf21a",0.433259405714242,5,0.994363813511762,0.999999999996998
"efnb2a",0.424508133205387,5,0.994627592172336,0.999999999996998
"ankrd33ba",0.0724694937348545,3,0.99492274134747,0.999999999996998
"efcab11",0.39396237509553,5,0.995494260500581,0.999999999996998
"arg2",0.0665341849786971,3,0.995525608978129,0.999999999996998
"sesn1",0.380155948940413,5,0.995858588079362,0.999999999996998
"shisa3",0.061523573409275,3,0.996015448599136,0.999999999996998
"reep2",0.37032237618254,5,0.996107750761944,0.999999999996998
"BX908797.1",0.179000167751823,4,0.996226007988711,0.999999999996998
"tmtc2a",0.352831859043247,5,0.996529823762992,0.999999999996998
"pmp22b",0.348278554566441,5,0.99663529373208,0.999999999996998
"si:cabz01069013.3",0.0537428814882529,3,0.996739314457401,0.999999999996998
"pxnb",0.315188452002989,5,0.99734763208421,0.999999999996998
"loxl3b",0.308519522236693,5,0.99747977875005,0.999999999996998
"chrm2a",0.0436363175448282,3,0.997607165090074,0.999999999996998
"nsd2",0.290488252442576,5,0.997818157882967,0.999999999996998
"ctcf",0.289700431744569,5,0.997832316862187,0.999999999996998
"si:dkey-19b23.10",0.00393402542155861,2,0.998034920590905,0.999999999996998
"pde4cb",0.0379430442840522,3,0.998056525299033,0.999999999996998
"wscd2",0.267372991051073,5,0.998212076522153,0.999999999996998
"hist1h2a11.4",0.264523472840217,5,0.998257576035372,0.999999999996998
"sox11b",0.254348509629733,5,0.998414627394498,0.999999999996998
"ccbe1",0.00257067786263238,2,0.998715486762964,0.999999999996998
"hivep2a",0.226742927079092,5,0.998798727613806,0.999999999996998
"doc2b",0.217722897580415,5,0.998911179012251,0.999999999996998
"elf1",0.215038929603367,5,0.998943420068762,0.999999999996998
"cep128",0.193968211003799,5,0.999177411137351,0.999999999996998
"si:dkey-205h13.2",0.19167275510496,5,0.999200881418058,0.999999999996998
"frya",0.0176309178395084,3,0.999380651281203,0.999999999996998
"has2",0.0158162783716736,3,0.99947347922532,0.999999999996998
"CR589876.1",0.000950111082254276,2,0.99952505727989,0.999999999996998
"CABZ01069040.1",0.0584036491460401,4,0.999581837112396,0.999999999996998
"myo1g",0.135477265007624,5,0.999657589577322,0.999999999996998
"jam3a",0.000291753801931718,2,0.999854133738552,0.999999999996998
"CR450780.1",3.6755902880671e-06,2,0.999998162206545,0.999999999996998
"pclob",2.15473067576319e-06,2,0.999998922635242,0.999999999996998
"card9",1.68981555574433e-06,2,0.999999155092579,0.999999999996998
"mmp25a",9.59024731733844e-07,2,0.999999520487749,0.999999999996998
"rbp1.1",9.33969831461557e-07,2,0.999999533015193,0.999999999996998
"rdh5",5.09913447091821e-07,2,0.999999745043309,0.999999999996998
"m1ap",1.02412018316094e-07,2,0.999999948793992,0.999999999996998
"si:ch1073-303k11.2",8.29411034255914e-08,2,0.999999958529449,0.999999999996998
"tspan35",2.60756324955107e-05,3,0.999999964586595,0.999999999996998
"l3mbtl1a",3.4388331150174e-08,2,0.999999982805835,0.999999999996998
"si:ch73-196l6.5",1.71660390514632e-08,2,0.99999999141698,0.999999999996998
"CT583728.27",1.24151755222948e-08,2,0.999999993792412,0.999999999996998
"serpind1",1.22581413676133e-08,2,0.999999993870929,0.999999999996998
"si:ch211-209f23.3",7.15716558304852e-09,2,0.999999996421417,0.999999999996998
"opcml",3.00199047234295e-09,2,0.999999998499005,0.999999999996998
"CR318607.1",2.45130481251471e-09,2,0.999999998774348,0.999999999996998
"si:ch73-252i11.1",1.42990030089618e-09,2,0.99999999928505,0.999999999996998
"CU571079.1",1.3279255175348e-09,2,0.999999999336037,0.999999999996998
"BX530407.2",1.1372103614053e-09,2,0.999999999431395,0.999999999996998
"taar10",8.36150060158321e-10,2,0.999999999581925,0.999999999996998
"si:ch211-155o21.4",5.03543195728716e-10,2,0.999999999748228,0.999999999996998
"si:ch211-105j21.9",5.02245400859862e-10,2,0.999999999748877,0.999999999996998
"CNNM4",4.89507860758607e-10,2,0.999999999755246,0.999999999996998
"si:ch211-209f23.7",4.18532687452443e-10,2,0.999999999790734,0.999999999996998
"CR759797.1",3.90765211546117e-10,2,0.999999999804617,0.999999999996998
"myl10",3.51918722279653e-10,2,0.999999999824041,0.999999999996998
"BX890539.1",3.51604821374163e-10,2,0.999999999824198,0.999999999996998
"fam161a",3.35689514911772e-10,2,0.999999999832155,0.999999999996998
"gp1bb",3.33926515949897e-10,2,0.999999999833037,0.999999999996998
"si:ch73-196i15.3",3.31138666866211e-10,2,0.999999999834431,0.999999999996998
"st6gal2b",3.16656312206781e-10,2,0.999999999841672,0.999999999996998
"si:ch1073-90m23.1",3.15010764051227e-10,2,0.999999999842495,0.999999999996998
"calcoco1b",3.1147179933111e-10,2,0.999999999844264,0.999999999996998
"CR385065.1",2.96025960402113e-10,2,0.999999999851987,0.999999999996998
"stc1",2.80135932170735e-10,2,0.999999999859932,0.999999999996998
"zp3d.1",2.59254362208083e-10,2,0.999999999870373,0.999999999996998
"cyp1b1",2.5852288926858e-10,2,0.999999999870739,0.999999999996998
"si:dkeyp-68b7.12",2.54292408644793e-10,2,0.999999999872854,0.999999999996998
"cpne9",2.49351198357073e-10,2,0.999999999875324,0.999999999996998
"si:ch211-197l9.2",2.48205542676277e-10,2,0.999999999875897,0.999999999996998
"BX539321.2",2.42875659848248e-10,2,0.999999999878562,0.999999999996998
"ptpro",2.41968990013746e-10,2,0.999999999879016,0.999999999996998
"mkxa",2.39089210101869e-10,2,0.999999999880455,0.999999999996998
"PDZD4.1",2.34886822712771e-10,2,0.999999999882557,0.999999999996998
"tnni3k",2.33343251050591e-10,2,0.999999999883328,0.999999999996998
"wscd1b",2.31930702630168e-10,2,0.999999999884035,0.999999999996998
"ntng2a",2.27500800736021e-10,2,0.99999999988625,0.999999999996998
"znf980.1",2.22599508335711e-10,2,0.9999999998887,0.999999999996998
"prkacba",2.14964173325156e-10,2,0.999999999892518,0.999999999996998
"tcn2",2.14923375682267e-10,2,0.999999999892538,0.999999999996998
"irx4b",2.11759750240162e-10,2,0.99999999989412,0.999999999996998
"cdc14aa",2.09087157350935e-10,2,0.999999999895456,0.999999999996998
"si:dkey-7n6.2",2.05668841373054e-10,2,0.999999999897166,0.999999999996998
"mlpha",2.03709630388658e-10,2,0.999999999898145,0.999999999996998
"lpar5a",2.02605375945992e-10,2,0.999999999898697,0.999999999996998
"nkx2.1",2.00395517344001e-10,2,0.999999999899802,0.999999999996998
"rnf152",1.98674702683914e-10,2,0.999999999900663,0.999999999996998
"acsl5",1.95937970372502e-10,2,0.999999999902031,0.999999999996998
"plekhg7",1.93485774568948e-10,2,0.999999999903257,0.999999999996998
"csf3r",1.83351275290438e-10,2,0.999999999908324,0.999999999996998
"grm3",1.82189575753923e-10,2,0.999999999908905,0.999999999996998
"znf385a",1.8185905558755e-10,2,0.999999999909071,0.999999999996998
"ankef1b",1.81364931543666e-10,2,0.999999999909318,0.999999999996998
"FO082779.2",1.80836940023469e-10,2,0.999999999909582,0.999999999996998
"itpk1a",1.80119245392652e-10,2,0.99999999990994,0.999999999996998
"lrrc39",1.7583781085776e-10,2,0.999999999912081,0.999999999996998
"stmn2a",1.70203473961373e-10,2,0.999999999914898,0.999999999996998
"slc25a47b",1.68483517549803e-10,2,0.999999999915758,0.999999999996998
"neflb",1.68048170484362e-10,2,0.999999999915976,0.999999999996998
"lrrc17",1.51481937470236e-10,2,0.999999999924259,0.999999999996998
"scamp2l",1.47675216030375e-10,2,0.999999999926162,0.999999999996998
"AL935186.3",1.44558820796811e-10,2,0.999999999927721,0.999999999996998
"CR628341.3",1.36038479560663e-10,2,0.999999999931981,0.999999999996998
"oca2",1.32704225063794e-10,2,0.999999999933648,0.999999999996998
"ctss2.1",1.3111956810997e-10,2,0.99999999993444,0.999999999996998
"rgs7bpa",1.27205040092725e-10,2,0.999999999936397,0.999999999996998
"si:dkey-208k22.6",1.22944189633316e-10,2,0.999999999938528,0.999999999996998
"tnxba",1.1998744763223e-10,2,0.999999999940006,0.999999999996998
"tbx15",1.19815774930574e-10,2,0.999999999940092,0.999999999996998
"cox5b2",1.12211955058071e-10,2,0.999999999943894,0.999999999996998
"tpbga",1.06681215551997e-10,2,0.999999999946659,0.999999999996998
"gfi1ab",1.0321299530544e-10,2,0.999999999948394,0.999999999996998
"CU075735.2",1.01156588187467e-10,2,0.999999999949422,0.999999999996998
"si:ch211-194e15.5",8.76461717963401e-11,2,0.999999999956177,0.999999999996998
"sox17",8.31686707501556e-11,2,0.999999999958416,0.999999999996998
"march7",7.36919604031344e-11,2,0.999999999963154,0.999999999996998
"angpt2b",5.82739097810607e-11,2,0.999999999970863,0.999999999996998
"tcap",5.67662539708337e-11,2,0.999999999971617,0.999999999996998
"s1pr5b",3.72038118417657e-11,2,0.999999999981398,0.999999999996998
"cdh7a",3.00801299959721e-11,2,0.99999999998496,0.999999999996998
"CU633785.1",2.21090422298002e-11,2,0.999999999988946,0.999999999996998
"grna",1.17196251371537e-07,3,0.999999999989329,0.999999999996998
"nkx3.3",1.13164359932234e-11,2,0.999999999994342,0.999999999996998
"CT025854.1",7.71063765449009e-12,2,0.999999999996145,0.999999999996998
"si:ch73-55i23.1.1",5.03175213358444e-08,3,0.999999999996998,0.999999999996998
"tlx2",NA,NA,NA,NA
"tlx1",NA,NA,NA,NA
"afap1l2",NA,NA,NA,NA
"syt6a",NA,NA,NA,NA
"trim25",NA,NA,NA,NA
"CABZ01087948.1",NA,NA,NA,NA
"map1aa",NA,NA,NA,NA
"si:dkeyp-2e4.8",NA,NA,NA,NA
"slc6a4a",NA,NA,NA,NA
"si:ch73-256j6.6",NA,NA,NA,NA
"fam149a",NA,NA,NA,NA
"pjvk",NA,NA,NA,NA
"en1b",NA,NA,NA,NA
"stx11b.1",NA,NA,NA,NA
"BX323830.1",NA,NA,NA,NA
"sema3gb",NA,NA,NA,NA
"emx1",NA,NA,NA,NA
"kcnh6a",NA,NA,NA,NA
"tnnt2a",NA,NA,NA,NA
"slc45a2",NA,NA,NA,NA
"SPATA1",NA,NA,NA,NA
"pfkfb2b",NA,NA,NA,NA
"ncf4",NA,NA,NA,NA
